[2024-12-05T00:22:11+08:00][sql] CONNECT:[ UseTime:0.000830s ] mysql:host=127.0.0.1;port=3306;dbname=zhibo;charset=utf8mb4
[2024-12-05T00:22:11+08:00][sql] SHOW FULL COLUMNS FROM `cmf_hook` [ RunTime:0.001985s ]
[2024-12-05T00:22:11+08:00][sql] SELECT `hook`,`id` FROM `cmf_hook` WHERE  (  (  `app` = '' OR `app` = 'cmf' )  AND `type` = 3 ) OR `type` = 1 [ RunTime:0.000770s ]
[2024-12-05T00:22:11+08:00][sql] SHOW FULL COLUMNS FROM `cmf_hook_plugin` [ RunTime:0.001693s ]
[2024-12-05T00:22:11+08:00][sql] SELECT `hook`,`plugin` FROM `cmf_hook_plugin` WHERE  `status` = 1  AND `hook` IN ('app_begin','module_init','action_begin','view_filter','app_end','log_write','response_end','admin_init','home_init','send_mobile_verification_code','body_start','before_head_end','footer_start','before_footer','before_footer_end','before_body_end','left_sidebar_start','before_left_sidebar_end','right_sidebar_start','before_right_sidebar_end','comment','guestbook','switch_theme','after_content','before_content','log_write_done','switch_admin_theme','captcha_image') ORDER BY `list_order` ASC [ RunTime:0.000925s ]
[2024-12-05T00:22:11+08:00][sql] SHOW FULL COLUMNS FROM `cmf_plugin` [ RunTime:0.001706s ]
[2024-12-05T00:22:11+08:00][sql] SELECT `config` FROM `cmf_plugin` WHERE  `name` = 'Qiniu' LIMIT 1 [ RunTime:0.000461s ]
[2024-12-05T00:22:11+08:00][sql] SHOW FULL COLUMNS FROM `cmf_live` [ RunTime:0.001889s ]
[2024-12-05T00:22:11+08:00][sql] SELECT * FROM `cmf_live` WHERE  ( islive='1' and isrecommend='1' and type='0' and live_type=0 ) [ RunTime:0.000847s ]
[2024-12-05T00:22:11+08:00][sql] SHOW FULL COLUMNS FROM `cmf_slide_item` [ RunTime:0.001600s ]
[2024-12-05T00:22:11+08:00][sql] SELECT * FROM `cmf_slide_item` WHERE  ( status='1' and slide_id='1' ) ORDER BY `list_order` ASC [ RunTime:0.000574s ]
[2024-12-05T00:22:11+08:00][sql] SHOW FULL COLUMNS FROM `cmf_live_class` [ RunTime:0.001505s ]
[2024-12-05T00:22:11+08:00][sql] SELECT * FROM `cmf_live_class` ORDER BY `list_order` LIMIT 5 [ RunTime:0.000449s ]
[2024-12-05T00:22:11+08:00][sql] SELECT * FROM `cmf_live` WHERE  `islive` = 1  AND `live_type` = 0  AND `liveclassid` = 8 ORDER BY `recommend_time` DESC,`starttime` DESC LIMIT 5 [ RunTime:0.000720s ]
[2024-12-05T00:22:11+08:00][sql] SELECT `uid`,`thumb`,`stream`,`title`,`city`,`islive`,`type` FROM `cmf_live` WHERE  ( islive='1' and ishot='1' and live_type=0 ) ORDER BY `isrecommend` DESC,`recommend_time` DESC,`hotvotes` DESC,`starttime` DESC LIMIT 5 [ RunTime:0.000523s ]
[2024-12-05T00:22:11+08:00][sql] SELECT `uid`,`thumb`,`stream`,`title`,`city`,`islive`,`type` FROM `cmf_live` WHERE  ( islive='1' and live_type=0 ) ORDER BY `starttime` DESC LIMIT 5 [ RunTime:0.000477s ]
[2024-12-05T00:22:11+08:00][sql] SHOW FULL COLUMNS FROM `cmf_theme_file` [ RunTime:0.001680s ]
[2024-12-05T00:22:11+08:00][sql] SELECT `more` FROM `cmf_theme_file` WHERE  `theme` = 'default'  AND (  `is_public` = 1 OR `file` = '../home/index/index' ) [ RunTime:0.000488s ]
[2024-12-05T00:22:13+08:00][sql] CONNECT:[ UseTime:0.000538s ] mysql:host=127.0.0.1;port=3306;dbname=zhibo;charset=utf8mb4
[2024-12-05T00:22:13+08:00][sql] SHOW FULL COLUMNS FROM `cmf_hook` [ RunTime:0.001838s ]
[2024-12-05T00:22:13+08:00][sql] SELECT `hook`,`id` FROM `cmf_hook` WHERE  (  (  `app` = '' OR `app` = 'cmf' )  AND `type` = 3 ) OR `type` = 1 [ RunTime:0.000650s ]
[2024-12-05T00:22:13+08:00][sql] SHOW FULL COLUMNS FROM `cmf_hook_plugin` [ RunTime:0.001678s ]
[2024-12-05T00:22:13+08:00][sql] SELECT `hook`,`plugin` FROM `cmf_hook_plugin` WHERE  `status` = 1  AND `hook` IN ('app_begin','module_init','action_begin','view_filter','app_end','log_write','response_end','admin_init','home_init','send_mobile_verification_code','body_start','before_head_end','footer_start','before_footer','before_footer_end','before_body_end','left_sidebar_start','before_left_sidebar_end','right_sidebar_start','before_right_sidebar_end','comment','guestbook','switch_theme','after_content','before_content','log_write_done','switch_admin_theme','captcha_image') ORDER BY `list_order` ASC [ RunTime:0.000707s ]
[2024-12-05T00:22:13+08:00][sql] CONNECT:[ UseTime:0.000471s ] mysql:host=127.0.0.1;port=3306;dbname=zhibo;charset=utf8mb4
[2024-12-05T00:22:13+08:00][sql] SHOW FULL COLUMNS FROM `cmf_hook` [ RunTime:0.001704s ]
[2024-12-05T00:22:13+08:00][sql] SELECT `hook`,`id` FROM `cmf_hook` WHERE  (  (  `app` = '' OR `app` = 'cmf' )  AND `type` = 3 ) OR `type` = 1 [ RunTime:0.000665s ]
[2024-12-05T00:22:13+08:00][sql] SHOW FULL COLUMNS FROM `cmf_hook_plugin` [ RunTime:0.001609s ]
[2024-12-05T00:22:13+08:00][sql] SELECT `hook`,`plugin` FROM `cmf_hook_plugin` WHERE  `status` = 1  AND `hook` IN ('app_begin','module_init','action_begin','view_filter','app_end','log_write','response_end','admin_init','home_init','send_mobile_verification_code','body_start','before_head_end','footer_start','before_footer','before_footer_end','before_body_end','left_sidebar_start','before_left_sidebar_end','right_sidebar_start','before_right_sidebar_end','comment','guestbook','switch_theme','after_content','before_content','log_write_done','switch_admin_theme','captcha_image') ORDER BY `list_order` ASC [ RunTime:0.000708s ]
[2024-12-05T00:22:14+08:00][sql] CONNECT:[ UseTime:0.000441s ] mysql:host=127.0.0.1;port=3306;dbname=zhibo;charset=utf8mb4
[2024-12-05T00:22:14+08:00][sql] SHOW FULL COLUMNS FROM `cmf_hook` [ RunTime:0.001707s ]
[2024-12-05T00:22:14+08:00][sql] SELECT `hook`,`id` FROM `cmf_hook` WHERE  (  (  `app` = '' OR `app` = 'cmf' )  AND `type` = 3 ) OR `type` = 1 [ RunTime:0.000628s ]
[2024-12-05T00:22:14+08:00][sql] SHOW FULL COLUMNS FROM `cmf_hook_plugin` [ RunTime:0.001519s ]
[2024-12-05T00:22:14+08:00][sql] SELECT `hook`,`plugin` FROM `cmf_hook_plugin` WHERE  `status` = 1  AND `hook` IN ('app_begin','module_init','action_begin','view_filter','app_end','log_write','response_end','admin_init','home_init','send_mobile_verification_code','body_start','before_head_end','footer_start','before_footer','before_footer_end','before_body_end','left_sidebar_start','before_left_sidebar_end','right_sidebar_start','before_right_sidebar_end','comment','guestbook','switch_theme','after_content','before_content','log_write_done','switch_admin_theme','captcha_image') ORDER BY `list_order` ASC [ RunTime:0.000724s ]
[2024-12-05T00:22:14+08:00][sql] CONNECT:[ UseTime:0.000516s ] mysql:host=127.0.0.1;port=3306;dbname=zhibo;charset=utf8mb4
[2024-12-05T00:22:14+08:00][sql] SHOW FULL COLUMNS FROM `cmf_hook` [ RunTime:0.001483s ]
[2024-12-05T00:22:14+08:00][sql] SELECT `hook`,`id` FROM `cmf_hook` WHERE  (  (  `app` = '' OR `app` = 'cmf' )  AND `type` = 3 ) OR `type` = 1 [ RunTime:0.000635s ]
[2024-12-05T00:22:14+08:00][sql] SHOW FULL COLUMNS FROM `cmf_hook_plugin` [ RunTime:0.001367s ]
[2024-12-05T00:22:14+08:00][sql] SELECT `hook`,`plugin` FROM `cmf_hook_plugin` WHERE  `status` = 1  AND `hook` IN ('app_begin','module_init','action_begin','view_filter','app_end','log_write','response_end','admin_init','home_init','send_mobile_verification_code','body_start','before_head_end','footer_start','before_footer','before_footer_end','before_body_end','left_sidebar_start','before_left_sidebar_end','right_sidebar_start','before_right_sidebar_end','comment','guestbook','switch_theme','after_content','before_content','log_write_done','switch_admin_theme','captcha_image') ORDER BY `list_order` ASC [ RunTime:0.000664s ]
[2024-12-05T00:22:14+08:00][sql] CONNECT:[ UseTime:0.000472s ] mysql:host=127.0.0.1;port=3306;dbname=zhibo;charset=utf8mb4
[2024-12-05T00:22:14+08:00][sql] SHOW FULL COLUMNS FROM `cmf_hook` [ RunTime:0.001464s ]
[2024-12-05T00:22:14+08:00][sql] SELECT `hook`,`id` FROM `cmf_hook` WHERE  (  (  `app` = '' OR `app` = 'cmf' )  AND `type` = 3 ) OR `type` = 1 [ RunTime:0.000625s ]
[2024-12-05T00:22:14+08:00][sql] SHOW FULL COLUMNS FROM `cmf_hook_plugin` [ RunTime:0.001385s ]
[2024-12-05T00:22:14+08:00][sql] SELECT `hook`,`plugin` FROM `cmf_hook_plugin` WHERE  `status` = 1  AND `hook` IN ('app_begin','module_init','action_begin','view_filter','app_end','log_write','response_end','admin_init','home_init','send_mobile_verification_code','body_start','before_head_end','footer_start','before_footer','before_footer_end','before_body_end','left_sidebar_start','before_left_sidebar_end','right_sidebar_start','before_right_sidebar_end','comment','guestbook','switch_theme','after_content','before_content','log_write_done','switch_admin_theme','captcha_image') ORDER BY `list_order` ASC [ RunTime:0.000692s ]
[2024-12-05T00:22:15+08:00][sql] CONNECT:[ UseTime:0.000480s ] mysql:host=127.0.0.1;port=3306;dbname=zhibo;charset=utf8mb4
[2024-12-05T00:22:15+08:00][sql] SHOW FULL COLUMNS FROM `cmf_hook` [ RunTime:0.001436s ]
[2024-12-05T00:22:15+08:00][sql] SELECT `hook`,`id` FROM `cmf_hook` WHERE  (  (  `app` = '' OR `app` = 'cmf' )  AND `type` = 3 ) OR `type` = 1 [ RunTime:0.000612s ]
[2024-12-05T00:22:15+08:00][sql] SHOW FULL COLUMNS FROM `cmf_hook_plugin` [ RunTime:0.001426s ]
[2024-12-05T00:22:15+08:00][sql] SELECT `hook`,`plugin` FROM `cmf_hook_plugin` WHERE  `status` = 1  AND `hook` IN ('app_begin','module_init','action_begin','view_filter','app_end','log_write','response_end','admin_init','home_init','send_mobile_verification_code','body_start','before_head_end','footer_start','before_footer','before_footer_end','before_body_end','left_sidebar_start','before_left_sidebar_end','right_sidebar_start','before_right_sidebar_end','comment','guestbook','switch_theme','after_content','before_content','log_write_done','switch_admin_theme','captcha_image') ORDER BY `list_order` ASC [ RunTime:0.000690s ]
[2024-12-05T00:22:15+08:00][sql] CONNECT:[ UseTime:0.000479s ] mysql:host=127.0.0.1;port=3306;dbname=zhibo;charset=utf8mb4
[2024-12-05T00:22:15+08:00][sql] SHOW FULL COLUMNS FROM `cmf_hook` [ RunTime:0.001492s ]
[2024-12-05T00:22:15+08:00][sql] SELECT `hook`,`id` FROM `cmf_hook` WHERE  (  (  `app` = '' OR `app` = 'cmf' )  AND `type` = 3 ) OR `type` = 1 [ RunTime:0.000619s ]
[2024-12-05T00:22:15+08:00][sql] SHOW FULL COLUMNS FROM `cmf_hook_plugin` [ RunTime:0.001432s ]
[2024-12-05T00:22:15+08:00][sql] SELECT `hook`,`plugin` FROM `cmf_hook_plugin` WHERE  `status` = 1  AND `hook` IN ('app_begin','module_init','action_begin','view_filter','app_end','log_write','response_end','admin_init','home_init','send_mobile_verification_code','body_start','before_head_end','footer_start','before_footer','before_footer_end','before_body_end','left_sidebar_start','before_left_sidebar_end','right_sidebar_start','before_right_sidebar_end','comment','guestbook','switch_theme','after_content','before_content','log_write_done','switch_admin_theme','captcha_image') ORDER BY `list_order` ASC [ RunTime:0.000650s ]
[2024-12-05T00:22:15+08:00][sql] CONNECT:[ UseTime:0.000434s ] mysql:host=127.0.0.1;port=3306;dbname=zhibo;charset=utf8mb4
[2024-12-05T00:22:15+08:00][sql] SHOW FULL COLUMNS FROM `cmf_hook` [ RunTime:0.001490s ]
[2024-12-05T00:22:15+08:00][sql] SELECT `hook`,`id` FROM `cmf_hook` WHERE  (  (  `app` = '' OR `app` = 'cmf' )  AND `type` = 3 ) OR `type` = 1 [ RunTime:0.000615s ]
[2024-12-05T00:22:15+08:00][sql] SHOW FULL COLUMNS FROM `cmf_hook_plugin` [ RunTime:0.001421s ]
[2024-12-05T00:22:15+08:00][sql] SELECT `hook`,`plugin` FROM `cmf_hook_plugin` WHERE  `status` = 1  AND `hook` IN ('app_begin','module_init','action_begin','view_filter','app_end','log_write','response_end','admin_init','home_init','send_mobile_verification_code','body_start','before_head_end','footer_start','before_footer','before_footer_end','before_body_end','left_sidebar_start','before_left_sidebar_end','right_sidebar_start','before_right_sidebar_end','comment','guestbook','switch_theme','after_content','before_content','log_write_done','switch_admin_theme','captcha_image') ORDER BY `list_order` ASC [ RunTime:0.000652s ]
[2024-12-05T00:22:15+08:00][sql] CONNECT:[ UseTime:0.000458s ] mysql:host=127.0.0.1;port=3306;dbname=zhibo;charset=utf8mb4
[2024-12-05T00:22:15+08:00][sql] SHOW FULL COLUMNS FROM `cmf_hook` [ RunTime:0.001419s ]
[2024-12-05T00:22:15+08:00][sql] SELECT `hook`,`id` FROM `cmf_hook` WHERE  (  (  `app` = '' OR `app` = 'cmf' )  AND `type` = 3 ) OR `type` = 1 [ RunTime:0.000581s ]
[2024-12-05T00:22:15+08:00][sql] SHOW FULL COLUMNS FROM `cmf_hook_plugin` [ RunTime:0.001389s ]
[2024-12-05T00:22:15+08:00][sql] SELECT `hook`,`plugin` FROM `cmf_hook_plugin` WHERE  `status` = 1  AND `hook` IN ('app_begin','module_init','action_begin','view_filter','app_end','log_write','response_end','admin_init','home_init','send_mobile_verification_code','body_start','before_head_end','footer_start','before_footer','before_footer_end','before_body_end','left_sidebar_start','before_left_sidebar_end','right_sidebar_start','before_right_sidebar_end','comment','guestbook','switch_theme','after_content','before_content','log_write_done','switch_admin_theme','captcha_image') ORDER BY `list_order` ASC [ RunTime:0.000557s ]
[2024-12-05T00:22:16+08:00][sql] CONNECT:[ UseTime:0.000488s ] mysql:host=127.0.0.1;port=3306;dbname=zhibo;charset=utf8mb4
[2024-12-05T00:22:16+08:00][sql] SHOW FULL COLUMNS FROM `cmf_hook` [ RunTime:0.001461s ]
[2024-12-05T00:22:16+08:00][sql] SELECT `hook`,`id` FROM `cmf_hook` WHERE  (  (  `app` = '' OR `app` = 'cmf' )  AND `type` = 3 ) OR `type` = 1 [ RunTime:0.000584s ]
[2024-12-05T00:22:16+08:00][sql] SHOW FULL COLUMNS FROM `cmf_hook_plugin` [ RunTime:0.001324s ]
[2024-12-05T00:22:16+08:00][sql] SELECT `hook`,`plugin` FROM `cmf_hook_plugin` WHERE  `status` = 1  AND `hook` IN ('app_begin','module_init','action_begin','view_filter','app_end','log_write','response_end','admin_init','home_init','send_mobile_verification_code','body_start','before_head_end','footer_start','before_footer','before_footer_end','before_body_end','left_sidebar_start','before_left_sidebar_end','right_sidebar_start','before_right_sidebar_end','comment','guestbook','switch_theme','after_content','before_content','log_write_done','switch_admin_theme','captcha_image') ORDER BY `list_order` ASC [ RunTime:0.000678s ]
[2024-12-05T00:22:16+08:00][sql] CONNECT:[ UseTime:0.000493s ] mysql:host=127.0.0.1;port=3306;dbname=zhibo;charset=utf8mb4
[2024-12-05T00:22:16+08:00][sql] SHOW FULL COLUMNS FROM `cmf_hook` [ RunTime:0.001469s ]
[2024-12-05T00:22:16+08:00][sql] SELECT `hook`,`id` FROM `cmf_hook` WHERE  (  (  `app` = '' OR `app` = 'cmf' )  AND `type` = 3 ) OR `type` = 1 [ RunTime:0.000619s ]
[2024-12-05T00:22:16+08:00][sql] SHOW FULL COLUMNS FROM `cmf_hook_plugin` [ RunTime:0.001333s ]
[2024-12-05T00:22:16+08:00][sql] SELECT `hook`,`plugin` FROM `cmf_hook_plugin` WHERE  `status` = 1  AND `hook` IN ('app_begin','module_init','action_begin','view_filter','app_end','log_write','response_end','admin_init','home_init','send_mobile_verification_code','body_start','before_head_end','footer_start','before_footer','before_footer_end','before_body_end','left_sidebar_start','before_left_sidebar_end','right_sidebar_start','before_right_sidebar_end','comment','guestbook','switch_theme','after_content','before_content','log_write_done','switch_admin_theme','captcha_image') ORDER BY `list_order` ASC [ RunTime:0.000681s ]
[2024-12-05T00:22:16+08:00][sql] CONNECT:[ UseTime:0.000473s ] mysql:host=127.0.0.1;port=3306;dbname=zhibo;charset=utf8mb4
[2024-12-05T00:22:16+08:00][sql] SHOW FULL COLUMNS FROM `cmf_hook` [ RunTime:0.001512s ]
[2024-12-05T00:22:16+08:00][sql] SELECT `hook`,`id` FROM `cmf_hook` WHERE  (  (  `app` = '' OR `app` = 'cmf' )  AND `type` = 3 ) OR `type` = 1 [ RunTime:0.000628s ]
[2024-12-05T00:22:16+08:00][sql] SHOW FULL COLUMNS FROM `cmf_hook_plugin` [ RunTime:0.001450s ]
[2024-12-05T00:22:16+08:00][sql] SELECT `hook`,`plugin` FROM `cmf_hook_plugin` WHERE  `status` = 1  AND `hook` IN ('app_begin','module_init','action_begin','view_filter','app_end','log_write','response_end','admin_init','home_init','send_mobile_verification_code','body_start','before_head_end','footer_start','before_footer','before_footer_end','before_body_end','left_sidebar_start','before_left_sidebar_end','right_sidebar_start','before_right_sidebar_end','comment','guestbook','switch_theme','after_content','before_content','log_write_done','switch_admin_theme','captcha_image') ORDER BY `list_order` ASC [ RunTime:0.000712s ]
[2024-12-05T00:22:16+08:00][sql] CONNECT:[ UseTime:0.000442s ] mysql:host=127.0.0.1;port=3306;dbname=zhibo;charset=utf8mb4
[2024-12-05T00:22:16+08:00][sql] SHOW FULL COLUMNS FROM `cmf_hook` [ RunTime:0.001469s ]
[2024-12-05T00:22:16+08:00][sql] SELECT `hook`,`id` FROM `cmf_hook` WHERE  (  (  `app` = '' OR `app` = 'cmf' )  AND `type` = 3 ) OR `type` = 1 [ RunTime:0.000611s ]
[2024-12-05T00:22:16+08:00][sql] SHOW FULL COLUMNS FROM `cmf_hook_plugin` [ RunTime:0.001463s ]
[2024-12-05T00:22:16+08:00][sql] SELECT `hook`,`plugin` FROM `cmf_hook_plugin` WHERE  `status` = 1  AND `hook` IN ('app_begin','module_init','action_begin','view_filter','app_end','log_write','response_end','admin_init','home_init','send_mobile_verification_code','body_start','before_head_end','footer_start','before_footer','before_footer_end','before_body_end','left_sidebar_start','before_left_sidebar_end','right_sidebar_start','before_right_sidebar_end','comment','guestbook','switch_theme','after_content','before_content','log_write_done','switch_admin_theme','captcha_image') ORDER BY `list_order` ASC [ RunTime:0.000654s ]
[2024-12-05T00:22:17+08:00][sql] CONNECT:[ UseTime:0.000450s ] mysql:host=127.0.0.1;port=3306;dbname=zhibo;charset=utf8mb4
[2024-12-05T00:22:17+08:00][sql] SHOW FULL COLUMNS FROM `cmf_hook` [ RunTime:0.001477s ]
[2024-12-05T00:22:17+08:00][sql] SELECT `hook`,`id` FROM `cmf_hook` WHERE  (  (  `app` = '' OR `app` = 'cmf' )  AND `type` = 3 ) OR `type` = 1 [ RunTime:0.000641s ]
[2024-12-05T00:22:17+08:00][sql] SHOW FULL COLUMNS FROM `cmf_hook_plugin` [ RunTime:0.001344s ]
[2024-12-05T00:22:17+08:00][sql] SELECT `hook`,`plugin` FROM `cmf_hook_plugin` WHERE  `status` = 1  AND `hook` IN ('app_begin','module_init','action_begin','view_filter','app_end','log_write','response_end','admin_init','home_init','send_mobile_verification_code','body_start','before_head_end','footer_start','before_footer','before_footer_end','before_body_end','left_sidebar_start','before_left_sidebar_end','right_sidebar_start','before_right_sidebar_end','comment','guestbook','switch_theme','after_content','before_content','log_write_done','switch_admin_theme','captcha_image') ORDER BY `list_order` ASC [ RunTime:0.000677s ]
[2024-12-05T00:22:17+08:00][sql] CONNECT:[ UseTime:0.000483s ] mysql:host=127.0.0.1;port=3306;dbname=zhibo;charset=utf8mb4
[2024-12-05T00:22:17+08:00][sql] SHOW FULL COLUMNS FROM `cmf_hook` [ RunTime:0.001425s ]
[2024-12-05T00:22:17+08:00][sql] SELECT `hook`,`id` FROM `cmf_hook` WHERE  (  (  `app` = '' OR `app` = 'cmf' )  AND `type` = 3 ) OR `type` = 1 [ RunTime:0.000617s ]
[2024-12-05T00:22:17+08:00][sql] SHOW FULL COLUMNS FROM `cmf_hook_plugin` [ RunTime:0.001329s ]
[2024-12-05T00:22:17+08:00][sql] SELECT `hook`,`plugin` FROM `cmf_hook_plugin` WHERE  `status` = 1  AND `hook` IN ('app_begin','module_init','action_begin','view_filter','app_end','log_write','response_end','admin_init','home_init','send_mobile_verification_code','body_start','before_head_end','footer_start','before_footer','before_footer_end','before_body_end','left_sidebar_start','before_left_sidebar_end','right_sidebar_start','before_right_sidebar_end','comment','guestbook','switch_theme','after_content','before_content','log_write_done','switch_admin_theme','captcha_image') ORDER BY `list_order` ASC [ RunTime:0.000695s ]
[2024-12-05T00:22:17+08:00][sql] CONNECT:[ UseTime:0.000472s ] mysql:host=127.0.0.1;port=3306;dbname=zhibo;charset=utf8mb4
[2024-12-05T00:22:17+08:00][sql] SHOW FULL COLUMNS FROM `cmf_hook` [ RunTime:0.001446s ]
[2024-12-05T00:22:17+08:00][sql] SELECT `hook`,`id` FROM `cmf_hook` WHERE  (  (  `app` = '' OR `app` = 'cmf' )  AND `type` = 3 ) OR `type` = 1 [ RunTime:0.000617s ]
[2024-12-05T00:22:17+08:00][sql] SHOW FULL COLUMNS FROM `cmf_hook_plugin` [ RunTime:0.001375s ]
[2024-12-05T00:22:17+08:00][sql] SELECT `hook`,`plugin` FROM `cmf_hook_plugin` WHERE  `status` = 1  AND `hook` IN ('app_begin','module_init','action_begin','view_filter','app_end','log_write','response_end','admin_init','home_init','send_mobile_verification_code','body_start','before_head_end','footer_start','before_footer','before_footer_end','before_body_end','left_sidebar_start','before_left_sidebar_end','right_sidebar_start','before_right_sidebar_end','comment','guestbook','switch_theme','after_content','before_content','log_write_done','switch_admin_theme','captcha_image') ORDER BY `list_order` ASC [ RunTime:0.000688s ]
[2024-12-05T00:22:17+08:00][sql] CONNECT:[ UseTime:0.000511s ] mysql:host=127.0.0.1;port=3306;dbname=zhibo;charset=utf8mb4
[2024-12-05T00:22:17+08:00][sql] SHOW FULL COLUMNS FROM `cmf_hook` [ RunTime:0.001488s ]
[2024-12-05T00:22:17+08:00][sql] SELECT `hook`,`id` FROM `cmf_hook` WHERE  (  (  `app` = '' OR `app` = 'cmf' )  AND `type` = 3 ) OR `type` = 1 [ RunTime:0.000626s ]
[2024-12-05T00:22:17+08:00][sql] SHOW FULL COLUMNS FROM `cmf_hook_plugin` [ RunTime:0.001471s ]
[2024-12-05T00:22:17+08:00][sql] SELECT `hook`,`plugin` FROM `cmf_hook_plugin` WHERE  `status` = 1  AND `hook` IN ('app_begin','module_init','action_begin','view_filter','app_end','log_write','response_end','admin_init','home_init','send_mobile_verification_code','body_start','before_head_end','footer_start','before_footer','before_footer_end','before_body_end','left_sidebar_start','before_left_sidebar_end','right_sidebar_start','before_right_sidebar_end','comment','guestbook','switch_theme','after_content','before_content','log_write_done','switch_admin_theme','captcha_image') ORDER BY `list_order` ASC [ RunTime:0.000716s ]
[2024-12-05T00:22:18+08:00][sql] CONNECT:[ UseTime:0.000480s ] mysql:host=127.0.0.1;port=3306;dbname=zhibo;charset=utf8mb4
[2024-12-05T00:22:18+08:00][sql] SHOW FULL COLUMNS FROM `cmf_hook` [ RunTime:0.001476s ]
[2024-12-05T00:22:18+08:00][sql] SELECT `hook`,`id` FROM `cmf_hook` WHERE  (  (  `app` = '' OR `app` = 'cmf' )  AND `type` = 3 ) OR `type` = 1 [ RunTime:0.000630s ]
[2024-12-05T00:22:18+08:00][sql] SHOW FULL COLUMNS FROM `cmf_hook_plugin` [ RunTime:0.001367s ]
[2024-12-05T00:22:18+08:00][sql] SELECT `hook`,`plugin` FROM `cmf_hook_plugin` WHERE  `status` = 1  AND `hook` IN ('app_begin','module_init','action_begin','view_filter','app_end','log_write','response_end','admin_init','home_init','send_mobile_verification_code','body_start','before_head_end','footer_start','before_footer','before_footer_end','before_body_end','left_sidebar_start','before_left_sidebar_end','right_sidebar_start','before_right_sidebar_end','comment','guestbook','switch_theme','after_content','before_content','log_write_done','switch_admin_theme','captcha_image') ORDER BY `list_order` ASC [ RunTime:0.000694s ]
[2024-12-05T00:22:18+08:00][sql] CONNECT:[ UseTime:0.000437s ] mysql:host=127.0.0.1;port=3306;dbname=zhibo;charset=utf8mb4
[2024-12-05T00:22:18+08:00][sql] SHOW FULL COLUMNS FROM `cmf_hook` [ RunTime:0.001459s ]
[2024-12-05T00:22:18+08:00][sql] SELECT `hook`,`id` FROM `cmf_hook` WHERE  (  (  `app` = '' OR `app` = 'cmf' )  AND `type` = 3 ) OR `type` = 1 [ RunTime:0.000632s ]
[2024-12-05T00:22:18+08:00][sql] SHOW FULL COLUMNS FROM `cmf_hook_plugin` [ RunTime:0.001377s ]
[2024-12-05T00:22:18+08:00][sql] SELECT `hook`,`plugin` FROM `cmf_hook_plugin` WHERE  `status` = 1  AND `hook` IN ('app_begin','module_init','action_begin','view_filter','app_end','log_write','response_end','admin_init','home_init','send_mobile_verification_code','body_start','before_head_end','footer_start','before_footer','before_footer_end','before_body_end','left_sidebar_start','before_left_sidebar_end','right_sidebar_start','before_right_sidebar_end','comment','guestbook','switch_theme','after_content','before_content','log_write_done','switch_admin_theme','captcha_image') ORDER BY `list_order` ASC [ RunTime:0.000717s ]
[2024-12-05T00:22:18+08:00][sql] CONNECT:[ UseTime:0.000450s ] mysql:host=127.0.0.1;port=3306;dbname=zhibo;charset=utf8mb4
[2024-12-05T00:22:18+08:00][sql] SHOW FULL COLUMNS FROM `cmf_hook` [ RunTime:0.001478s ]
[2024-12-05T00:22:18+08:00][sql] SELECT `hook`,`id` FROM `cmf_hook` WHERE  (  (  `app` = '' OR `app` = 'cmf' )  AND `type` = 3 ) OR `type` = 1 [ RunTime:0.000612s ]
[2024-12-05T00:22:18+08:00][sql] SHOW FULL COLUMNS FROM `cmf_hook_plugin` [ RunTime:0.001377s ]
[2024-12-05T00:22:18+08:00][sql] SELECT `hook`,`plugin` FROM `cmf_hook_plugin` WHERE  `status` = 1  AND `hook` IN ('app_begin','module_init','action_begin','view_filter','app_end','log_write','response_end','admin_init','home_init','send_mobile_verification_code','body_start','before_head_end','footer_start','before_footer','before_footer_end','before_body_end','left_sidebar_start','before_left_sidebar_end','right_sidebar_start','before_right_sidebar_end','comment','guestbook','switch_theme','after_content','before_content','log_write_done','switch_admin_theme','captcha_image') ORDER BY `list_order` ASC [ RunTime:0.000682s ]
[2024-12-05T00:22:18+08:00][sql] CONNECT:[ UseTime:0.000439s ] mysql:host=127.0.0.1;port=3306;dbname=zhibo;charset=utf8mb4
[2024-12-05T00:22:18+08:00][sql] SHOW FULL COLUMNS FROM `cmf_hook` [ RunTime:0.001468s ]
[2024-12-05T00:22:18+08:00][sql] SELECT `hook`,`id` FROM `cmf_hook` WHERE  (  (  `app` = '' OR `app` = 'cmf' )  AND `type` = 3 ) OR `type` = 1 [ RunTime:0.000609s ]
[2024-12-05T00:22:18+08:00][sql] SHOW FULL COLUMNS FROM `cmf_hook_plugin` [ RunTime:0.001319s ]
[2024-12-05T00:22:18+08:00][sql] SELECT `hook`,`plugin` FROM `cmf_hook_plugin` WHERE  `status` = 1  AND `hook` IN ('app_begin','module_init','action_begin','view_filter','app_end','log_write','response_end','admin_init','home_init','send_mobile_verification_code','body_start','before_head_end','footer_start','before_footer','before_footer_end','before_body_end','left_sidebar_start','before_left_sidebar_end','right_sidebar_start','before_right_sidebar_end','comment','guestbook','switch_theme','after_content','before_content','log_write_done','switch_admin_theme','captcha_image') ORDER BY `list_order` ASC [ RunTime:0.000650s ]
[2024-12-05T00:22:19+08:00][sql] CONNECT:[ UseTime:0.000415s ] mysql:host=127.0.0.1;port=3306;dbname=zhibo;charset=utf8mb4
[2024-12-05T00:22:19+08:00][sql] SHOW FULL COLUMNS FROM `cmf_hook` [ RunTime:0.001055s ]
[2024-12-05T00:22:19+08:00][sql] SELECT `hook`,`id` FROM `cmf_hook` WHERE  (  (  `app` = '' OR `app` = 'cmf' )  AND `type` = 3 ) OR `type` = 1 [ RunTime:0.000507s ]
[2024-12-05T00:22:19+08:00][sql] SHOW FULL COLUMNS FROM `cmf_hook_plugin` [ RunTime:0.001026s ]
[2024-12-05T00:22:19+08:00][sql] SELECT `hook`,`plugin` FROM `cmf_hook_plugin` WHERE  `status` = 1  AND `hook` IN ('app_begin','module_init','action_begin','view_filter','app_end','log_write','response_end','admin_init','home_init','send_mobile_verification_code','body_start','before_head_end','footer_start','before_footer','before_footer_end','before_body_end','left_sidebar_start','before_left_sidebar_end','right_sidebar_start','before_right_sidebar_end','comment','guestbook','switch_theme','after_content','before_content','log_write_done','switch_admin_theme','captcha_image') ORDER BY `list_order` ASC [ RunTime:0.000588s ]
[2024-12-05T00:22:19+08:00][sql] CONNECT:[ UseTime:0.000494s ] mysql:host=127.0.0.1;port=3306;dbname=zhibo;charset=utf8mb4
[2024-12-05T00:22:19+08:00][sql] SHOW FULL COLUMNS FROM `cmf_hook` [ RunTime:0.001482s ]
[2024-12-05T00:22:19+08:00][sql] SELECT `hook`,`id` FROM `cmf_hook` WHERE  (  (  `app` = '' OR `app` = 'cmf' )  AND `type` = 3 ) OR `type` = 1 [ RunTime:0.000627s ]
[2024-12-05T00:22:19+08:00][sql] SHOW FULL COLUMNS FROM `cmf_hook_plugin` [ RunTime:0.001455s ]
[2024-12-05T00:22:19+08:00][sql] SELECT `hook`,`plugin` FROM `cmf_hook_plugin` WHERE  `status` = 1  AND `hook` IN ('app_begin','module_init','action_begin','view_filter','app_end','log_write','response_end','admin_init','home_init','send_mobile_verification_code','body_start','before_head_end','footer_start','before_footer','before_footer_end','before_body_end','left_sidebar_start','before_left_sidebar_end','right_sidebar_start','before_right_sidebar_end','comment','guestbook','switch_theme','after_content','before_content','log_write_done','switch_admin_theme','captcha_image') ORDER BY `list_order` ASC [ RunTime:0.000715s ]
[2024-12-05T00:22:19+08:00][sql] CONNECT:[ UseTime:0.000474s ] mysql:host=127.0.0.1;port=3306;dbname=zhibo;charset=utf8mb4
[2024-12-05T00:22:19+08:00][sql] SHOW FULL COLUMNS FROM `cmf_hook` [ RunTime:0.001506s ]
[2024-12-05T00:22:19+08:00][sql] SELECT `hook`,`id` FROM `cmf_hook` WHERE  (  (  `app` = '' OR `app` = 'cmf' )  AND `type` = 3 ) OR `type` = 1 [ RunTime:0.000628s ]
[2024-12-05T00:22:19+08:00][sql] SHOW FULL COLUMNS FROM `cmf_hook_plugin` [ RunTime:0.001441s ]
[2024-12-05T00:22:19+08:00][sql] SELECT `hook`,`plugin` FROM `cmf_hook_plugin` WHERE  `status` = 1  AND `hook` IN ('app_begin','module_init','action_begin','view_filter','app_end','log_write','response_end','admin_init','home_init','send_mobile_verification_code','body_start','before_head_end','footer_start','before_footer','before_footer_end','before_body_end','left_sidebar_start','before_left_sidebar_end','right_sidebar_start','before_right_sidebar_end','comment','guestbook','switch_theme','after_content','before_content','log_write_done','switch_admin_theme','captcha_image') ORDER BY `list_order` ASC [ RunTime:0.000712s ]
[2024-12-05T00:22:19+08:00][sql] CONNECT:[ UseTime:0.000469s ] mysql:host=127.0.0.1;port=3306;dbname=zhibo;charset=utf8mb4
[2024-12-05T00:22:19+08:00][sql] SHOW FULL COLUMNS FROM `cmf_hook` [ RunTime:0.001434s ]
[2024-12-05T00:22:19+08:00][sql] SELECT `hook`,`id` FROM `cmf_hook` WHERE  (  (  `app` = '' OR `app` = 'cmf' )  AND `type` = 3 ) OR `type` = 1 [ RunTime:0.000593s ]
[2024-12-05T00:22:19+08:00][sql] SHOW FULL COLUMNS FROM `cmf_hook_plugin` [ RunTime:0.001376s ]
[2024-12-05T00:22:19+08:00][sql] SELECT `hook`,`plugin` FROM `cmf_hook_plugin` WHERE  `status` = 1  AND `hook` IN ('app_begin','module_init','action_begin','view_filter','app_end','log_write','response_end','admin_init','home_init','send_mobile_verification_code','body_start','before_head_end','footer_start','before_footer','before_footer_end','before_body_end','left_sidebar_start','before_left_sidebar_end','right_sidebar_start','before_right_sidebar_end','comment','guestbook','switch_theme','after_content','before_content','log_write_done','switch_admin_theme','captcha_image') ORDER BY `list_order` ASC [ RunTime:0.000631s ]
[2024-12-05T00:22:20+08:00][sql] CONNECT:[ UseTime:0.000471s ] mysql:host=127.0.0.1;port=3306;dbname=zhibo;charset=utf8mb4
[2024-12-05T00:22:20+08:00][sql] SHOW FULL COLUMNS FROM `cmf_hook` [ RunTime:0.001465s ]
[2024-12-05T00:22:20+08:00][sql] SELECT `hook`,`id` FROM `cmf_hook` WHERE  (  (  `app` = '' OR `app` = 'cmf' )  AND `type` = 3 ) OR `type` = 1 [ RunTime:0.000622s ]
[2024-12-05T00:22:20+08:00][sql] SHOW FULL COLUMNS FROM `cmf_hook_plugin` [ RunTime:0.001311s ]
[2024-12-05T00:22:20+08:00][sql] SELECT `hook`,`plugin` FROM `cmf_hook_plugin` WHERE  `status` = 1  AND `hook` IN ('app_begin','module_init','action_begin','view_filter','app_end','log_write','response_end','admin_init','home_init','send_mobile_verification_code','body_start','before_head_end','footer_start','before_footer','before_footer_end','before_body_end','left_sidebar_start','before_left_sidebar_end','right_sidebar_start','before_right_sidebar_end','comment','guestbook','switch_theme','after_content','before_content','log_write_done','switch_admin_theme','captcha_image') ORDER BY `list_order` ASC [ RunTime:0.000648s ]
[2024-12-05T00:22:20+08:00][sql] CONNECT:[ UseTime:0.000465s ] mysql:host=127.0.0.1;port=3306;dbname=zhibo;charset=utf8mb4
[2024-12-05T00:22:20+08:00][sql] SHOW FULL COLUMNS FROM `cmf_hook` [ RunTime:0.001487s ]
[2024-12-05T00:22:20+08:00][sql] SELECT `hook`,`id` FROM `cmf_hook` WHERE  (  (  `app` = '' OR `app` = 'cmf' )  AND `type` = 3 ) OR `type` = 1 [ RunTime:0.000588s ]
[2024-12-05T00:22:20+08:00][sql] SHOW FULL COLUMNS FROM `cmf_hook_plugin` [ RunTime:0.001367s ]
[2024-12-05T00:22:20+08:00][sql] SELECT `hook`,`plugin` FROM `cmf_hook_plugin` WHERE  `status` = 1  AND `hook` IN ('app_begin','module_init','action_begin','view_filter','app_end','log_write','response_end','admin_init','home_init','send_mobile_verification_code','body_start','before_head_end','footer_start','before_footer','before_footer_end','before_body_end','left_sidebar_start','before_left_sidebar_end','right_sidebar_start','before_right_sidebar_end','comment','guestbook','switch_theme','after_content','before_content','log_write_done','switch_admin_theme','captcha_image') ORDER BY `list_order` ASC [ RunTime:0.000692s ]
[2024-12-05T00:22:20+08:00][sql] CONNECT:[ UseTime:0.000477s ] mysql:host=127.0.0.1;port=3306;dbname=zhibo;charset=utf8mb4
[2024-12-05T00:22:20+08:00][sql] SHOW FULL COLUMNS FROM `cmf_hook` [ RunTime:0.001454s ]
[2024-12-05T00:22:20+08:00][sql] SELECT `hook`,`id` FROM `cmf_hook` WHERE  (  (  `app` = '' OR `app` = 'cmf' )  AND `type` = 3 ) OR `type` = 1 [ RunTime:0.000910s ]
[2024-12-05T00:22:20+08:00][sql] SHOW FULL COLUMNS FROM `cmf_hook_plugin` [ RunTime:0.001412s ]
[2024-12-05T00:22:20+08:00][sql] SELECT `hook`,`plugin` FROM `cmf_hook_plugin` WHERE  `status` = 1  AND `hook` IN ('app_begin','module_init','action_begin','view_filter','app_end','log_write','response_end','admin_init','home_init','send_mobile_verification_code','body_start','before_head_end','footer_start','before_footer','before_footer_end','before_body_end','left_sidebar_start','before_left_sidebar_end','right_sidebar_start','before_right_sidebar_end','comment','guestbook','switch_theme','after_content','before_content','log_write_done','switch_admin_theme','captcha_image') ORDER BY `list_order` ASC [ RunTime:0.000718s ]
[2024-12-05T00:22:20+08:00][sql] CONNECT:[ UseTime:0.000436s ] mysql:host=127.0.0.1;port=3306;dbname=zhibo;charset=utf8mb4
[2024-12-05T00:22:20+08:00][sql] SHOW FULL COLUMNS FROM `cmf_hook` [ RunTime:0.001053s ]
[2024-12-05T00:22:20+08:00][sql] SELECT `hook`,`id` FROM `cmf_hook` WHERE  (  (  `app` = '' OR `app` = 'cmf' )  AND `type` = 3 ) OR `type` = 1 [ RunTime:0.000493s ]
[2024-12-05T00:22:20+08:00][sql] SHOW FULL COLUMNS FROM `cmf_hook_plugin` [ RunTime:0.001022s ]
[2024-12-05T00:22:20+08:00][sql] SELECT `hook`,`plugin` FROM `cmf_hook_plugin` WHERE  `status` = 1  AND `hook` IN ('app_begin','module_init','action_begin','view_filter','app_end','log_write','response_end','admin_init','home_init','send_mobile_verification_code','body_start','before_head_end','footer_start','before_footer','before_footer_end','before_body_end','left_sidebar_start','before_left_sidebar_end','right_sidebar_start','before_right_sidebar_end','comment','guestbook','switch_theme','after_content','before_content','log_write_done','switch_admin_theme','captcha_image') ORDER BY `list_order` ASC [ RunTime:0.000575s ]
[2024-12-05T00:45:15+08:00][sql] CONNECT:[ UseTime:0.000597s ] mysql:host=127.0.0.1;port=3306;dbname=zhibo;charset=utf8mb4
[2024-12-05T00:45:15+08:00][sql] SHOW FULL COLUMNS FROM `cmf_hook` [ RunTime:0.001631s ]
[2024-12-05T00:45:15+08:00][sql] SELECT `hook`,`id` FROM `cmf_hook` WHERE  (  (  `app` = '' OR `app` = 'cmf' )  AND `type` = 3 ) OR `type` = 1 [ RunTime:0.000702s ]
[2024-12-05T00:45:15+08:00][sql] SHOW FULL COLUMNS FROM `cmf_hook_plugin` [ RunTime:0.001387s ]
[2024-12-05T00:45:15+08:00][sql] SELECT `hook`,`plugin` FROM `cmf_hook_plugin` WHERE  `status` = 1  AND `hook` IN ('app_begin','module_init','action_begin','view_filter','app_end','log_write','response_end','admin_init','home_init','send_mobile_verification_code','body_start','before_head_end','footer_start','before_footer','before_footer_end','before_body_end','left_sidebar_start','before_left_sidebar_end','right_sidebar_start','before_right_sidebar_end','comment','guestbook','switch_theme','after_content','before_content','log_write_done','switch_admin_theme','captcha_image') ORDER BY `list_order` ASC [ RunTime:0.000714s ]
[2024-12-05T00:45:15+08:00][sql] SHOW FULL COLUMNS FROM `cmf_plugin` [ RunTime:0.001874s ]
[2024-12-05T00:45:15+08:00][sql] SELECT `config` FROM `cmf_plugin` WHERE  `name` = 'Qiniu' LIMIT 1 [ RunTime:0.000599s ]
[2024-12-05T00:45:15+08:00][sql] SHOW FULL COLUMNS FROM `cmf_slide_item` [ RunTime:0.001548s ]
[2024-12-05T00:45:15+08:00][sql] SELECT * FROM `cmf_slide_item` WHERE  `slide_id` = 7  AND `status` = 1 ORDER BY `list_order` [ RunTime:0.001355s ]
[2024-12-05T00:45:15+08:00][sql] SHOW FULL COLUMNS FROM `cmf_theme_file` [ RunTime:0.001534s ]
[2024-12-05T00:45:15+08:00][sql] SELECT `more` FROM `cmf_theme_file` WHERE  `theme` = 'default'  AND (  `is_public` = 1 OR `file` = '../home/app/programe' ) [ RunTime:0.000578s ]
[2024-12-05T00:45:20+08:00][sql] CONNECT:[ UseTime:0.000491s ] mysql:host=127.0.0.1;port=3306;dbname=zhibo;charset=utf8mb4
[2024-12-05T00:45:20+08:00][sql] SHOW FULL COLUMNS FROM `cmf_hook` [ RunTime:0.001484s ]
[2024-12-05T00:45:20+08:00][sql] SELECT `hook`,`id` FROM `cmf_hook` WHERE  (  (  `app` = '' OR `app` = 'cmf' )  AND `type` = 3 ) OR `type` = 1 [ RunTime:0.000560s ]
[2024-12-05T00:45:20+08:00][sql] SHOW FULL COLUMNS FROM `cmf_hook_plugin` [ RunTime:0.001336s ]
[2024-12-05T00:45:20+08:00][sql] SELECT `hook`,`plugin` FROM `cmf_hook_plugin` WHERE  `status` = 1  AND `hook` IN ('app_begin','module_init','action_begin','view_filter','app_end','log_write','response_end','admin_init','home_init','send_mobile_verification_code','body_start','before_head_end','footer_start','before_footer','before_footer_end','before_body_end','left_sidebar_start','before_left_sidebar_end','right_sidebar_start','before_right_sidebar_end','comment','guestbook','switch_theme','after_content','before_content','log_write_done','switch_admin_theme','captcha_image') ORDER BY `list_order` ASC [ RunTime:0.000694s ]
[2024-12-05T00:45:20+08:00][sql] SHOW FULL COLUMNS FROM `cmf_plugin` [ RunTime:0.001672s ]
[2024-12-05T00:45:20+08:00][sql] SELECT `config` FROM `cmf_plugin` WHERE  `name` = 'Qiniu' LIMIT 1 [ RunTime:0.000533s ]
[2024-12-05T00:45:20+08:00][sql] SHOW FULL COLUMNS FROM `cmf_slide_item` [ RunTime:0.001525s ]
[2024-12-05T00:45:20+08:00][sql] SELECT * FROM `cmf_slide_item` WHERE  `slide_id` = 7  AND `status` = 1 ORDER BY `list_order` [ RunTime:0.001302s ]
[2024-12-05T00:45:20+08:00][sql] SHOW FULL COLUMNS FROM `cmf_theme_file` [ RunTime:0.001524s ]
[2024-12-05T00:45:20+08:00][sql] SELECT `more` FROM `cmf_theme_file` WHERE  `theme` = 'default'  AND (  `is_public` = 1 OR `file` = '../home/app/programe' ) [ RunTime:0.000570s ]
[2024-12-05T02:13:17+08:00][sql] CONNECT:[ UseTime:0.000642s ] mysql:host=127.0.0.1;port=3306;dbname=zhibo;charset=utf8mb4
[2024-12-05T02:13:17+08:00][sql] SHOW FULL COLUMNS FROM `cmf_hook` [ RunTime:0.002035s ]
[2024-12-05T02:13:17+08:00][sql] SELECT `hook`,`id` FROM `cmf_hook` WHERE  (  (  `app` = '' OR `app` = 'cmf' )  AND `type` = 3 ) OR `type` = 1 [ RunTime:0.000717s ]
[2024-12-05T02:13:17+08:00][sql] SHOW FULL COLUMNS FROM `cmf_hook_plugin` [ RunTime:0.001655s ]
[2024-12-05T02:13:17+08:00][sql] SELECT `hook`,`plugin` FROM `cmf_hook_plugin` WHERE  `status` = 1  AND `hook` IN ('app_begin','module_init','action_begin','view_filter','app_end','log_write','response_end','admin_init','home_init','send_mobile_verification_code','body_start','before_head_end','footer_start','before_footer','before_footer_end','before_body_end','left_sidebar_start','before_left_sidebar_end','right_sidebar_start','before_right_sidebar_end','comment','guestbook','switch_theme','after_content','before_content','log_write_done','switch_admin_theme','captcha_image') ORDER BY `list_order` ASC [ RunTime:0.000707s ]
[2024-12-05T02:13:17+08:00][sql] SHOW FULL COLUMNS FROM `cmf_plugin` [ RunTime:0.002070s ]
[2024-12-05T02:13:17+08:00][sql] SELECT `config` FROM `cmf_plugin` WHERE  `name` = 'Qiniu' LIMIT 1 [ RunTime:0.000565s ]
[2024-12-05T02:13:17+08:00][sql] SHOW FULL COLUMNS FROM `cmf_live` [ RunTime:0.001978s ]
[2024-12-05T02:13:17+08:00][sql] SELECT * FROM `cmf_live` WHERE  ( islive='1' and isrecommend='1' and type='0' and live_type=0 ) [ RunTime:0.000886s ]
[2024-12-05T02:13:17+08:00][sql] SHOW FULL COLUMNS FROM `cmf_slide_item` [ RunTime:0.001626s ]
[2024-12-05T02:13:17+08:00][sql] SELECT * FROM `cmf_slide_item` WHERE  ( status='1' and slide_id='1' ) ORDER BY `list_order` ASC [ RunTime:0.000584s ]
[2024-12-05T02:13:17+08:00][sql] SHOW FULL COLUMNS FROM `cmf_live_class` [ RunTime:0.001527s ]
[2024-12-05T02:13:17+08:00][sql] SELECT * FROM `cmf_live_class` ORDER BY `list_order` LIMIT 5 [ RunTime:0.000503s ]
[2024-12-05T02:13:17+08:00][sql] SELECT * FROM `cmf_live` WHERE  `islive` = 1  AND `live_type` = 0  AND `liveclassid` = 8 ORDER BY `recommend_time` DESC,`starttime` DESC LIMIT 5 [ RunTime:0.000760s ]
[2024-12-05T02:13:17+08:00][sql] SELECT `uid`,`thumb`,`stream`,`title`,`city`,`islive`,`type` FROM `cmf_live` WHERE  ( islive='1' and ishot='1' and live_type=0 ) ORDER BY `isrecommend` DESC,`recommend_time` DESC,`hotvotes` DESC,`starttime` DESC LIMIT 5 [ RunTime:0.000547s ]
[2024-12-05T02:13:17+08:00][sql] SELECT `uid`,`thumb`,`stream`,`title`,`city`,`islive`,`type` FROM `cmf_live` WHERE  ( islive='1' and live_type=0 ) ORDER BY `starttime` DESC LIMIT 5 [ RunTime:0.000463s ]
[2024-12-05T02:13:17+08:00][sql] SHOW FULL COLUMNS FROM `cmf_theme_file` [ RunTime:0.001694s ]
[2024-12-05T02:13:17+08:00][sql] SELECT `more` FROM `cmf_theme_file` WHERE  `theme` = 'default'  AND (  `is_public` = 1 OR `file` = '../home/index/index' ) [ RunTime:0.000564s ]
[2024-12-05T02:42:29+08:00][sql] CONNECT:[ UseTime:0.000655s ] mysql:host=127.0.0.1;port=3306;dbname=zhibo;charset=utf8mb4
[2024-12-05T02:42:29+08:00][sql] SHOW FULL COLUMNS FROM `cmf_hook` [ RunTime:0.002003s ]
[2024-12-05T02:42:29+08:00][sql] SELECT `hook`,`id` FROM `cmf_hook` WHERE  (  (  `app` = '' OR `app` = 'cmf' )  AND `type` = 3 ) OR `type` = 1 [ RunTime:0.000719s ]
[2024-12-05T02:42:29+08:00][sql] SHOW FULL COLUMNS FROM `cmf_hook_plugin` [ RunTime:0.001642s ]
[2024-12-05T02:42:29+08:00][sql] SELECT `hook`,`plugin` FROM `cmf_hook_plugin` WHERE  `status` = 1  AND `hook` IN ('app_begin','module_init','action_begin','view_filter','app_end','log_write','response_end','admin_init','home_init','send_mobile_verification_code','body_start','before_head_end','footer_start','before_footer','before_footer_end','before_body_end','left_sidebar_start','before_left_sidebar_end','right_sidebar_start','before_right_sidebar_end','comment','guestbook','switch_theme','after_content','before_content','log_write_done','switch_admin_theme','captcha_image') ORDER BY `list_order` ASC [ RunTime:0.000752s ]
[2024-12-05T02:42:29+08:00][sql] SHOW FULL COLUMNS FROM `cmf_plugin` [ RunTime:0.002067s ]
[2024-12-05T02:42:29+08:00][sql] SELECT `config` FROM `cmf_plugin` WHERE  `name` = 'Qiniu' LIMIT 1 [ RunTime:0.000539s ]
[2024-12-05T02:42:29+08:00][sql] SHOW FULL COLUMNS FROM `cmf_live` [ RunTime:0.001905s ]
[2024-12-05T02:42:29+08:00][sql] SELECT * FROM `cmf_live` WHERE  ( islive='1' and isrecommend='1' and type='0' and live_type=0 ) [ RunTime:0.000866s ]
[2024-12-05T02:42:29+08:00][sql] SHOW FULL COLUMNS FROM `cmf_slide_item` [ RunTime:0.001600s ]
[2024-12-05T02:42:29+08:00][sql] SELECT * FROM `cmf_slide_item` WHERE  ( status='1' and slide_id='1' ) ORDER BY `list_order` ASC [ RunTime:0.000603s ]
[2024-12-05T02:42:29+08:00][sql] SHOW FULL COLUMNS FROM `cmf_live_class` [ RunTime:0.001480s ]
[2024-12-05T02:42:29+08:00][sql] SELECT * FROM `cmf_live_class` ORDER BY `list_order` LIMIT 5 [ RunTime:0.000551s ]
[2024-12-05T02:42:29+08:00][sql] SELECT * FROM `cmf_live` WHERE  `islive` = 1  AND `live_type` = 0  AND `liveclassid` = 8 ORDER BY `recommend_time` DESC,`starttime` DESC LIMIT 5 [ RunTime:0.000872s ]
[2024-12-05T02:42:29+08:00][sql] SELECT `uid`,`thumb`,`stream`,`title`,`city`,`islive`,`type` FROM `cmf_live` WHERE  ( islive='1' and ishot='1' and live_type=0 ) ORDER BY `isrecommend` DESC,`recommend_time` DESC,`hotvotes` DESC,`starttime` DESC LIMIT 5 [ RunTime:0.000554s ]
[2024-12-05T02:42:29+08:00][sql] SELECT `uid`,`thumb`,`stream`,`title`,`city`,`islive`,`type` FROM `cmf_live` WHERE  ( islive='1' and live_type=0 ) ORDER BY `starttime` DESC LIMIT 5 [ RunTime:0.000463s ]
[2024-12-05T02:42:29+08:00][sql] SHOW FULL COLUMNS FROM `cmf_theme_file` [ RunTime:0.001642s ]
[2024-12-05T02:42:29+08:00][sql] SELECT `more` FROM `cmf_theme_file` WHERE  `theme` = 'default'  AND (  `is_public` = 1 OR `file` = '../home/index/index' ) [ RunTime:0.000572s ]
[2024-12-05T02:44:38+08:00][sql] CONNECT:[ UseTime:0.000616s ] mysql:host=127.0.0.1;port=3306;dbname=zhibo;charset=utf8mb4
[2024-12-05T02:44:38+08:00][sql] SHOW FULL COLUMNS FROM `cmf_hook` [ RunTime:0.002078s ]
[2024-12-05T02:44:38+08:00][sql] SELECT `hook`,`id` FROM `cmf_hook` WHERE  (  (  `app` = '' OR `app` = 'cmf' )  AND `type` = 3 ) OR `type` = 1 [ RunTime:0.000676s ]
[2024-12-05T02:44:38+08:00][sql] SHOW FULL COLUMNS FROM `cmf_hook_plugin` [ RunTime:0.001691s ]
[2024-12-05T02:44:38+08:00][sql] SELECT `hook`,`plugin` FROM `cmf_hook_plugin` WHERE  `status` = 1  AND `hook` IN ('app_begin','module_init','action_begin','view_filter','app_end','log_write','response_end','admin_init','home_init','send_mobile_verification_code','body_start','before_head_end','footer_start','before_footer','before_footer_end','before_body_end','left_sidebar_start','before_left_sidebar_end','right_sidebar_start','before_right_sidebar_end','comment','guestbook','switch_theme','after_content','before_content','log_write_done','switch_admin_theme','captcha_image') ORDER BY `list_order` ASC [ RunTime:0.000758s ]
[2024-12-05T02:44:38+08:00][sql] SHOW FULL COLUMNS FROM `cmf_plugin` [ RunTime:0.001911s ]
[2024-12-05T02:44:38+08:00][sql] SELECT `config` FROM `cmf_plugin` WHERE  `name` = 'Qiniu' LIMIT 1 [ RunTime:0.000547s ]
[2024-12-05T02:44:38+08:00][sql] SHOW FULL COLUMNS FROM `cmf_live` [ RunTime:0.001996s ]
[2024-12-05T02:44:38+08:00][sql] SELECT * FROM `cmf_live` WHERE  ( islive='1' and isrecommend='1' and type='0' and live_type=0 ) [ RunTime:0.000844s ]
[2024-12-05T02:44:38+08:00][sql] SHOW FULL COLUMNS FROM `cmf_slide_item` [ RunTime:0.001613s ]
[2024-12-05T02:44:38+08:00][sql] SELECT * FROM `cmf_slide_item` WHERE  ( status='1' and slide_id='1' ) ORDER BY `list_order` ASC [ RunTime:0.000546s ]
[2024-12-05T02:44:38+08:00][sql] SHOW FULL COLUMNS FROM `cmf_live_class` [ RunTime:0.001429s ]
[2024-12-05T02:44:38+08:00][sql] SELECT * FROM `cmf_live_class` ORDER BY `list_order` LIMIT 5 [ RunTime:0.000484s ]
[2024-12-05T02:44:38+08:00][sql] SELECT * FROM `cmf_live` WHERE  `islive` = 1  AND `live_type` = 0  AND `liveclassid` = 8 ORDER BY `recommend_time` DESC,`starttime` DESC LIMIT 5 [ RunTime:0.000842s ]
[2024-12-05T02:44:38+08:00][sql] SELECT `uid`,`thumb`,`stream`,`title`,`city`,`islive`,`type` FROM `cmf_live` WHERE  ( islive='1' and ishot='1' and live_type=0 ) ORDER BY `isrecommend` DESC,`recommend_time` DESC,`hotvotes` DESC,`starttime` DESC LIMIT 5 [ RunTime:0.000560s ]
[2024-12-05T02:44:38+08:00][sql] SELECT `uid`,`thumb`,`stream`,`title`,`city`,`islive`,`type` FROM `cmf_live` WHERE  ( islive='1' and live_type=0 ) ORDER BY `starttime` DESC LIMIT 5 [ RunTime:0.000494s ]
[2024-12-05T02:44:38+08:00][sql] SHOW FULL COLUMNS FROM `cmf_theme_file` [ RunTime:0.001484s ]
[2024-12-05T02:44:38+08:00][sql] SELECT `more` FROM `cmf_theme_file` WHERE  `theme` = 'default'  AND (  `is_public` = 1 OR `file` = '../home/index/index' ) [ RunTime:0.000584s ]
[2024-12-05T02:45:48+08:00][sql] CONNECT:[ UseTime:0.000519s ] mysql:host=127.0.0.1;port=3306;dbname=zhibo;charset=utf8mb4
[2024-12-05T02:45:48+08:00][sql] SHOW FULL COLUMNS FROM `cmf_hook` [ RunTime:0.001606s ]
[2024-12-05T02:45:48+08:00][sql] SELECT `hook`,`id` FROM `cmf_hook` WHERE  (  (  `app` = '' OR `app` = 'cmf' )  AND `type` = 3 ) OR `type` = 1 [ RunTime:0.000661s ]
[2024-12-05T02:45:48+08:00][sql] SHOW FULL COLUMNS FROM `cmf_hook_plugin` [ RunTime:0.001404s ]
[2024-12-05T02:45:48+08:00][sql] SELECT `hook`,`plugin` FROM `cmf_hook_plugin` WHERE  `status` = 1  AND `hook` IN ('app_begin','module_init','action_begin','view_filter','app_end','log_write','response_end','admin_init','home_init','send_mobile_verification_code','body_start','before_head_end','footer_start','before_footer','before_footer_end','before_body_end','left_sidebar_start','before_left_sidebar_end','right_sidebar_start','before_right_sidebar_end','comment','guestbook','switch_theme','after_content','before_content','log_write_done','switch_admin_theme','captcha_image') ORDER BY `list_order` ASC [ RunTime:0.000702s ]
[2024-12-05T02:45:49+08:00][sql] CONNECT:[ UseTime:0.000490s ] mysql:host=127.0.0.1;port=3306;dbname=zhibo;charset=utf8mb4
[2024-12-05T02:45:49+08:00][sql] SHOW FULL COLUMNS FROM `cmf_hook` [ RunTime:0.001643s ]
[2024-12-05T02:45:49+08:00][sql] SELECT `hook`,`id` FROM `cmf_hook` WHERE  (  (  `app` = '' OR `app` = 'cmf' )  AND `type` = 3 ) OR `type` = 1 [ RunTime:0.000582s ]
[2024-12-05T02:45:49+08:00][sql] SHOW FULL COLUMNS FROM `cmf_hook_plugin` [ RunTime:0.001379s ]
[2024-12-05T02:45:49+08:00][sql] SELECT `hook`,`plugin` FROM `cmf_hook_plugin` WHERE  `status` = 1  AND `hook` IN ('app_begin','module_init','action_begin','view_filter','app_end','log_write','response_end','admin_init','home_init','send_mobile_verification_code','body_start','before_head_end','footer_start','before_footer','before_footer_end','before_body_end','left_sidebar_start','before_left_sidebar_end','right_sidebar_start','before_right_sidebar_end','comment','guestbook','switch_theme','after_content','before_content','log_write_done','switch_admin_theme','captcha_image') ORDER BY `list_order` ASC [ RunTime:0.000717s ]
[2024-12-05T02:45:49+08:00][sql] CONNECT:[ UseTime:0.000470s ] mysql:host=127.0.0.1;port=3306;dbname=zhibo;charset=utf8mb4
[2024-12-05T02:45:49+08:00][sql] SHOW FULL COLUMNS FROM `cmf_hook` [ RunTime:0.001304s ]
[2024-12-05T02:45:49+08:00][sql] SELECT `hook`,`id` FROM `cmf_hook` WHERE  (  (  `app` = '' OR `app` = 'cmf' )  AND `type` = 3 ) OR `type` = 1 [ RunTime:0.000566s ]
[2024-12-05T02:45:49+08:00][sql] SHOW FULL COLUMNS FROM `cmf_hook_plugin` [ RunTime:0.001006s ]
[2024-12-05T02:45:49+08:00][sql] SELECT `hook`,`plugin` FROM `cmf_hook_plugin` WHERE  `status` = 1  AND `hook` IN ('app_begin','module_init','action_begin','view_filter','app_end','log_write','response_end','admin_init','home_init','send_mobile_verification_code','body_start','before_head_end','footer_start','before_footer','before_footer_end','before_body_end','left_sidebar_start','before_left_sidebar_end','right_sidebar_start','before_right_sidebar_end','comment','guestbook','switch_theme','after_content','before_content','log_write_done','switch_admin_theme','captcha_image') ORDER BY `list_order` ASC [ RunTime:0.000664s ]
[2024-12-05T02:45:49+08:00][sql] SELECT `hook` FROM `cmf_hook` WHERE  `app` = 'dede' [ RunTime:0.000572s ]
[2024-12-05T02:45:49+08:00][sql] SELECT `hook`,`plugin` FROM `cmf_hook_plugin` WHERE  `status` = 1  AND 0 = 1 ORDER BY `list_order` ASC [ RunTime:0.000463s ]
[2024-12-05T02:45:49+08:00][sql] CONNECT:[ UseTime:0.000448s ] mysql:host=127.0.0.1;port=3306;dbname=zhibo;charset=utf8mb4
[2024-12-05T02:45:49+08:00][sql] SHOW FULL COLUMNS FROM `cmf_hook` [ RunTime:0.001504s ]
[2024-12-05T02:45:49+08:00][sql] SELECT `hook`,`id` FROM `cmf_hook` WHERE  (  (  `app` = '' OR `app` = 'cmf' )  AND `type` = 3 ) OR `type` = 1 [ RunTime:0.000625s ]
[2024-12-05T02:45:49+08:00][sql] SHOW FULL COLUMNS FROM `cmf_hook_plugin` [ RunTime:0.001421s ]
[2024-12-05T02:45:49+08:00][sql] SELECT `hook`,`plugin` FROM `cmf_hook_plugin` WHERE  `status` = 1  AND `hook` IN ('app_begin','module_init','action_begin','view_filter','app_end','log_write','response_end','admin_init','home_init','send_mobile_verification_code','body_start','before_head_end','footer_start','before_footer','before_footer_end','before_body_end','left_sidebar_start','before_left_sidebar_end','right_sidebar_start','before_right_sidebar_end','comment','guestbook','switch_theme','after_content','before_content','log_write_done','switch_admin_theme','captcha_image') ORDER BY `list_order` ASC [ RunTime:0.000711s ]
[2024-12-05T02:45:49+08:00][sql] CONNECT:[ UseTime:0.000489s ] mysql:host=127.0.0.1;port=3306;dbname=zhibo;charset=utf8mb4
[2024-12-05T02:45:49+08:00][sql] SHOW FULL COLUMNS FROM `cmf_hook` [ RunTime:0.001477s ]
[2024-12-05T02:45:49+08:00][sql] SELECT `hook`,`id` FROM `cmf_hook` WHERE  (  (  `app` = '' OR `app` = 'cmf' )  AND `type` = 3 ) OR `type` = 1 [ RunTime:0.000629s ]
[2024-12-05T02:45:49+08:00][sql] SHOW FULL COLUMNS FROM `cmf_hook_plugin` [ RunTime:0.001340s ]
[2024-12-05T02:45:49+08:00][sql] SELECT `hook`,`plugin` FROM `cmf_hook_plugin` WHERE  `status` = 1  AND `hook` IN ('app_begin','module_init','action_begin','view_filter','app_end','log_write','response_end','admin_init','home_init','send_mobile_verification_code','body_start','before_head_end','footer_start','before_footer','before_footer_end','before_body_end','left_sidebar_start','before_left_sidebar_end','right_sidebar_start','before_right_sidebar_end','comment','guestbook','switch_theme','after_content','before_content','log_write_done','switch_admin_theme','captcha_image') ORDER BY `list_order` ASC [ RunTime:0.000642s ]
[2024-12-05T02:45:49+08:00][sql] SHOW FULL COLUMNS FROM `cmf_plugin` [ RunTime:0.001851s ]
[2024-12-05T02:45:49+08:00][sql] SELECT `config` FROM `cmf_plugin` WHERE  `name` = 'Qiniu' LIMIT 1 [ RunTime:0.000617s ]
[2024-12-05T02:45:49+08:00][sql] SHOW FULL COLUMNS FROM `cmf_live` [ RunTime:0.001782s ]
[2024-12-05T02:45:49+08:00][sql] SELECT * FROM `cmf_live` WHERE  ( islive='1' and isrecommend='1' and type='0' and live_type=0 ) [ RunTime:0.000805s ]
[2024-12-05T02:45:49+08:00][sql] SHOW FULL COLUMNS FROM `cmf_slide_item` [ RunTime:0.001441s ]
[2024-12-05T02:45:49+08:00][sql] SELECT * FROM `cmf_slide_item` WHERE  ( status='1' and slide_id='1' ) ORDER BY `list_order` ASC [ RunTime:0.000547s ]
[2024-12-05T02:45:49+08:00][sql] SHOW FULL COLUMNS FROM `cmf_live_class` [ RunTime:0.001299s ]
[2024-12-05T02:45:49+08:00][sql] SELECT * FROM `cmf_live_class` ORDER BY `list_order` LIMIT 5 [ RunTime:0.000453s ]
[2024-12-05T02:45:49+08:00][sql] SELECT * FROM `cmf_live` WHERE  `islive` = 1  AND `live_type` = 0  AND `liveclassid` = 8 ORDER BY `recommend_time` DESC,`starttime` DESC LIMIT 5 [ RunTime:0.000795s ]
[2024-12-05T02:45:49+08:00][sql] SELECT `uid`,`thumb`,`stream`,`title`,`city`,`islive`,`type` FROM `cmf_live` WHERE  ( islive='1' and ishot='1' and live_type=0 ) ORDER BY `isrecommend` DESC,`recommend_time` DESC,`hotvotes` DESC,`starttime` DESC LIMIT 5 [ RunTime:0.000544s ]
[2024-12-05T02:45:49+08:00][sql] SELECT `uid`,`thumb`,`stream`,`title`,`city`,`islive`,`type` FROM `cmf_live` WHERE  ( islive='1' and live_type=0 ) ORDER BY `starttime` DESC LIMIT 5 [ RunTime:0.000457s ]
[2024-12-05T02:45:49+08:00][sql] SHOW FULL COLUMNS FROM `cmf_theme_file` [ RunTime:0.001537s ]
[2024-12-05T02:45:49+08:00][sql] SELECT `more` FROM `cmf_theme_file` WHERE  `theme` = 'default'  AND (  `is_public` = 1 OR `file` = '../home/index/index' ) [ RunTime:0.000562s ]
[2024-12-05T02:45:50+08:00][sql] CONNECT:[ UseTime:0.000477s ] mysql:host=127.0.0.1;port=3306;dbname=zhibo;charset=utf8mb4
[2024-12-05T02:45:50+08:00][sql] SHOW FULL COLUMNS FROM `cmf_hook` [ RunTime:0.001493s ]
[2024-12-05T02:45:50+08:00][sql] SELECT `hook`,`id` FROM `cmf_hook` WHERE  (  (  `app` = '' OR `app` = 'cmf' )  AND `type` = 3 ) OR `type` = 1 [ RunTime:0.000654s ]
[2024-12-05T02:45:50+08:00][sql] SHOW FULL COLUMNS FROM `cmf_hook_plugin` [ RunTime:0.001443s ]
[2024-12-05T02:45:50+08:00][sql] SELECT `hook`,`plugin` FROM `cmf_hook_plugin` WHERE  `status` = 1  AND `hook` IN ('app_begin','module_init','action_begin','view_filter','app_end','log_write','response_end','admin_init','home_init','send_mobile_verification_code','body_start','before_head_end','footer_start','before_footer','before_footer_end','before_body_end','left_sidebar_start','before_left_sidebar_end','right_sidebar_start','before_right_sidebar_end','comment','guestbook','switch_theme','after_content','before_content','log_write_done','switch_admin_theme','captcha_image') ORDER BY `list_order` ASC [ RunTime:0.000671s ]
[2024-12-05T02:45:50+08:00][sql] SELECT `hook` FROM `cmf_hook` WHERE  `app` = 'admin' [ RunTime:0.000500s ]
[2024-12-05T02:45:50+08:00][sql] SELECT `hook`,`plugin` FROM `cmf_hook_plugin` WHERE  `status` = 1  AND `hook` IN ('admin_dashboard','admin_login','admin_theme_design_view','admin_setting_site_view','admin_setting_clear_cache_view','admin_nav_index_view','admin_link_index_view','admin_slide_index_view','admin_user_index_view','admin_rbac_index_view','admin_index_index_view','admin_recycle_bin_index_view','admin_menu_index_view','admin_custom_login_open','admin_slide_item_index_view','admin_slide_item_add_view','admin_slide_item_edit_view','admin_user_add_view','admin_user_edit_view','admin_rbac_role_add_view','admin_rbac_role_edit_view','admin_rbac_authorize_view') ORDER BY `list_order` ASC [ RunTime:0.000617s ]
[2024-12-05T02:45:50+08:00][sql] SHOW FULL COLUMNS FROM `cmf_option` [ RunTime:0.001439s ]
[2024-12-05T02:45:50+08:00][sql] SELECT `option_value` FROM `cmf_option` WHERE  `option_name` = 'admin_settings' LIMIT 1 [ RunTime:0.000403s ]
[2024-12-05T02:45:50+08:00][sql] CONNECT:[ UseTime:0.000397s ] mysql:host=127.0.0.1;port=3306;dbname=zhibo;charset=utf8mb4
[2024-12-05T02:45:50+08:00][sql] SHOW FULL COLUMNS FROM `cmf_hook` [ RunTime:0.001276s ]
[2024-12-05T02:45:50+08:00][sql] SELECT `hook`,`id` FROM `cmf_hook` WHERE  (  (  `app` = '' OR `app` = 'cmf' )  AND `type` = 3 ) OR `type` = 1 [ RunTime:0.000606s ]
[2024-12-05T02:45:50+08:00][sql] SHOW FULL COLUMNS FROM `cmf_hook_plugin` [ RunTime:0.001379s ]
[2024-12-05T02:45:50+08:00][sql] SELECT `hook`,`plugin` FROM `cmf_hook_plugin` WHERE  `status` = 1  AND `hook` IN ('app_begin','module_init','action_begin','view_filter','app_end','log_write','response_end','admin_init','home_init','send_mobile_verification_code','body_start','before_head_end','footer_start','before_footer','before_footer_end','before_body_end','left_sidebar_start','before_left_sidebar_end','right_sidebar_start','before_right_sidebar_end','comment','guestbook','switch_theme','after_content','before_content','log_write_done','switch_admin_theme','captcha_image') ORDER BY `list_order` ASC [ RunTime:0.000630s ]
[2024-12-05T02:52:49+08:00][sql] CONNECT:[ UseTime:0.000526s ] mysql:host=127.0.0.1;port=3306;dbname=zhibo;charset=utf8mb4
[2024-12-05T02:52:49+08:00][sql] SHOW FULL COLUMNS FROM `cmf_hook` [ RunTime:0.001642s ]
[2024-12-05T02:52:49+08:00][sql] SELECT `hook`,`id` FROM `cmf_hook` WHERE  (  (  `app` = '' OR `app` = 'cmf' )  AND `type` = 3 ) OR `type` = 1 [ RunTime:0.000683s ]
[2024-12-05T02:52:49+08:00][sql] SHOW FULL COLUMNS FROM `cmf_hook_plugin` [ RunTime:0.001442s ]
[2024-12-05T02:52:49+08:00][sql] SELECT `hook`,`plugin` FROM `cmf_hook_plugin` WHERE  `status` = 1  AND `hook` IN ('app_begin','module_init','action_begin','view_filter','app_end','log_write','response_end','admin_init','home_init','send_mobile_verification_code','body_start','before_head_end','footer_start','before_footer','before_footer_end','before_body_end','left_sidebar_start','before_left_sidebar_end','right_sidebar_start','before_right_sidebar_end','comment','guestbook','switch_theme','after_content','before_content','log_write_done','switch_admin_theme','captcha_image') ORDER BY `list_order` ASC [ RunTime:0.000738s ]
[2024-12-05T02:52:49+08:00][sql] SHOW FULL COLUMNS FROM `cmf_plugin` [ RunTime:0.001839s ]
[2024-12-05T02:52:49+08:00][sql] SELECT `config` FROM `cmf_plugin` WHERE  `name` = 'Qiniu' LIMIT 1 [ RunTime:0.000614s ]
[2024-12-05T02:52:49+08:00][sql] SHOW FULL COLUMNS FROM `cmf_live_class` [ RunTime:0.001473s ]
[2024-12-05T02:52:49+08:00][sql] SELECT * FROM `cmf_live_class` ORDER BY `list_order` [ RunTime:0.000609s ]
[2024-12-05T02:52:49+08:00][sql] SHOW FULL COLUMNS FROM `cmf_live` [ RunTime:0.001749s ]
[2024-12-05T02:52:49+08:00][sql] SELECT COUNT(*) AS think_count FROM `cmf_live` WHERE  `islive` = 1  AND `live_type` = 0 LIMIT 1 [ RunTime:0.000694s ]
[2024-12-05T02:52:49+08:00][sql] SHOW FULL COLUMNS FROM `cmf_theme_file` [ RunTime:0.001457s ]
[2024-12-05T02:52:49+08:00][sql] SELECT `more` FROM `cmf_theme_file` WHERE  `theme` = 'default'  AND (  `is_public` = 1 OR `file` = '../home/category/classlive' ) [ RunTime:0.000561s ]
[2024-12-05T02:56:21+08:00][sql] CONNECT:[ UseTime:0.000715s ] mysql:host=127.0.0.1;port=3306;dbname=zhibo;charset=utf8mb4
[2024-12-05T02:56:21+08:00][sql] SHOW FULL COLUMNS FROM `cmf_hook` [ RunTime:0.001762s ]
[2024-12-05T02:56:21+08:00][sql] SELECT `hook`,`id` FROM `cmf_hook` WHERE  (  (  `app` = '' OR `app` = 'cmf' )  AND `type` = 3 ) OR `type` = 1 [ RunTime:0.000723s ]
[2024-12-05T02:56:21+08:00][sql] SHOW FULL COLUMNS FROM `cmf_hook_plugin` [ RunTime:0.001443s ]
[2024-12-05T02:56:21+08:00][sql] SELECT `hook`,`plugin` FROM `cmf_hook_plugin` WHERE  `status` = 1  AND `hook` IN ('app_begin','module_init','action_begin','view_filter','app_end','log_write','response_end','admin_init','home_init','send_mobile_verification_code','body_start','before_head_end','footer_start','before_footer','before_footer_end','before_body_end','left_sidebar_start','before_left_sidebar_end','right_sidebar_start','before_right_sidebar_end','comment','guestbook','switch_theme','after_content','before_content','log_write_done','switch_admin_theme','captcha_image') ORDER BY `list_order` ASC [ RunTime:0.000732s ]
[2024-12-05T02:59:14+08:00][sql] CONNECT:[ UseTime:0.000602s ] mysql:host=127.0.0.1;port=3306;dbname=zhibo;charset=utf8mb4
[2024-12-05T02:59:14+08:00][sql] SHOW FULL COLUMNS FROM `cmf_hook` [ RunTime:0.001605s ]
[2024-12-05T02:59:14+08:00][sql] SELECT `hook`,`id` FROM `cmf_hook` WHERE  (  (  `app` = '' OR `app` = 'cmf' )  AND `type` = 3 ) OR `type` = 1 [ RunTime:0.000655s ]
[2024-12-05T02:59:14+08:00][sql] SHOW FULL COLUMNS FROM `cmf_hook_plugin` [ RunTime:0.001444s ]
[2024-12-05T02:59:14+08:00][sql] SELECT `hook`,`plugin` FROM `cmf_hook_plugin` WHERE  `status` = 1  AND `hook` IN ('app_begin','module_init','action_begin','view_filter','app_end','log_write','response_end','admin_init','home_init','send_mobile_verification_code','body_start','before_head_end','footer_start','before_footer','before_footer_end','before_body_end','left_sidebar_start','before_left_sidebar_end','right_sidebar_start','before_right_sidebar_end','comment','guestbook','switch_theme','after_content','before_content','log_write_done','switch_admin_theme','captcha_image') ORDER BY `list_order` ASC [ RunTime:0.000667s ]
[2024-12-05T03:03:59+08:00][sql] CONNECT:[ UseTime:0.000572s ] mysql:host=127.0.0.1;port=3306;dbname=zhibo;charset=utf8mb4
[2024-12-05T03:03:59+08:00][sql] SHOW FULL COLUMNS FROM `cmf_hook` [ RunTime:0.001632s ]
[2024-12-05T03:03:59+08:00][sql] SELECT `hook`,`id` FROM `cmf_hook` WHERE  (  (  `app` = '' OR `app` = 'cmf' )  AND `type` = 3 ) OR `type` = 1 [ RunTime:0.000680s ]
[2024-12-05T03:03:59+08:00][sql] SHOW FULL COLUMNS FROM `cmf_hook_plugin` [ RunTime:0.001448s ]
[2024-12-05T03:03:59+08:00][sql] SELECT `hook`,`plugin` FROM `cmf_hook_plugin` WHERE  `status` = 1  AND `hook` IN ('app_begin','module_init','action_begin','view_filter','app_end','log_write','response_end','admin_init','home_init','send_mobile_verification_code','body_start','before_head_end','footer_start','before_footer','before_footer_end','before_body_end','left_sidebar_start','before_left_sidebar_end','right_sidebar_start','before_right_sidebar_end','comment','guestbook','switch_theme','after_content','before_content','log_write_done','switch_admin_theme','captcha_image') ORDER BY `list_order` ASC [ RunTime:0.000734s ]
[2024-12-05T03:03:59+08:00][sql] SHOW FULL COLUMNS FROM `cmf_plugin` [ RunTime:0.001797s ]
[2024-12-05T03:03:59+08:00][sql] SELECT `config` FROM `cmf_plugin` WHERE  `name` = 'Qiniu' LIMIT 1 [ RunTime:0.000558s ]
[2024-12-05T03:03:59+08:00][sql] SHOW FULL COLUMNS FROM `cmf_slide_item` [ RunTime:0.001410s ]
[2024-12-05T03:03:59+08:00][sql] SELECT * FROM `cmf_slide_item` WHERE  `slide_id` = 7  AND `status` = 1 ORDER BY `list_order` [ RunTime:0.000639s ]
[2024-12-05T03:03:59+08:00][sql] SHOW FULL COLUMNS FROM `cmf_theme_file` [ RunTime:0.001471s ]
[2024-12-05T03:03:59+08:00][sql] SELECT `more` FROM `cmf_theme_file` WHERE  `theme` = 'default'  AND (  `is_public` = 1 OR `file` = '../home/app/programe' ) [ RunTime:0.000567s ]
[2024-12-05T03:16:21+08:00][sql] CONNECT:[ UseTime:0.000594s ] mysql:host=127.0.0.1;port=3306;dbname=zhibo;charset=utf8mb4
[2024-12-05T03:16:21+08:00][sql] SHOW FULL COLUMNS FROM `cmf_hook` [ RunTime:0.001874s ]
[2024-12-05T03:16:21+08:00][sql] SELECT `hook`,`id` FROM `cmf_hook` WHERE  (  (  `app` = '' OR `app` = 'cmf' )  AND `type` = 3 ) OR `type` = 1 [ RunTime:0.000684s ]
[2024-12-05T03:16:21+08:00][sql] SHOW FULL COLUMNS FROM `cmf_hook_plugin` [ RunTime:0.001581s ]
[2024-12-05T03:16:21+08:00][sql] SELECT `hook`,`plugin` FROM `cmf_hook_plugin` WHERE  `status` = 1  AND `hook` IN ('app_begin','module_init','action_begin','view_filter','app_end','log_write','response_end','admin_init','home_init','send_mobile_verification_code','body_start','before_head_end','footer_start','before_footer','before_footer_end','before_body_end','left_sidebar_start','before_left_sidebar_end','right_sidebar_start','before_right_sidebar_end','comment','guestbook','switch_theme','after_content','before_content','log_write_done','switch_admin_theme','captcha_image') ORDER BY `list_order` ASC [ RunTime:0.000687s ]
[2024-12-05T03:16:21+08:00][sql] SHOW FULL COLUMNS FROM `cmf_plugin` [ RunTime:0.002077s ]
[2024-12-05T03:16:21+08:00][sql] SELECT `config` FROM `cmf_plugin` WHERE  `name` = 'Qiniu' LIMIT 1 [ RunTime:0.000585s ]
[2024-12-05T03:16:21+08:00][sql] SHOW FULL COLUMNS FROM `cmf_live` [ RunTime:0.001968s ]
[2024-12-05T03:16:21+08:00][sql] SELECT COUNT(*) AS think_count FROM `cmf_live` `l` LEFT JOIN `cmf_user` `u` ON `u`.`id`=`l`.`uid` WHERE  ( u.sex='2' and l.islive='1'  ) LIMIT 1 [ RunTime:0.000716s ]
[2024-12-05T03:16:21+08:00][sql] SELECT COUNT(*) AS think_count FROM `cmf_live` `l` LEFT JOIN `cmf_user` `u` ON `u`.`id`=`l`.`uid` WHERE  ( u.sex='2' and l.islive='1'  ) LIMIT 1 [ RunTime:0.000437s ]
[2024-12-05T03:16:21+08:00][sql] SHOW FULL COLUMNS FROM `cmf_theme_file` [ RunTime:0.001639s ]
[2024-12-05T03:16:21+08:00][sql] SELECT `more` FROM `cmf_theme_file` WHERE  `theme` = 'default'  AND (  `is_public` = 1 OR `file` = '../home/category/index' ) [ RunTime:0.000553s ]
[2024-12-05T03:23:40+08:00][sql] CONNECT:[ UseTime:0.000565s ] mysql:host=127.0.0.1;port=3306;dbname=zhibo;charset=utf8mb4
[2024-12-05T03:23:40+08:00][sql] SHOW FULL COLUMNS FROM `cmf_hook` [ RunTime:0.001844s ]
[2024-12-05T03:23:40+08:00][sql] SELECT `hook`,`id` FROM `cmf_hook` WHERE  (  (  `app` = '' OR `app` = 'cmf' )  AND `type` = 3 ) OR `type` = 1 [ RunTime:0.000619s ]
[2024-12-05T03:23:40+08:00][sql] SHOW FULL COLUMNS FROM `cmf_hook_plugin` [ RunTime:0.001576s ]
[2024-12-05T03:23:40+08:00][sql] SELECT `hook`,`plugin` FROM `cmf_hook_plugin` WHERE  `status` = 1  AND `hook` IN ('app_begin','module_init','action_begin','view_filter','app_end','log_write','response_end','admin_init','home_init','send_mobile_verification_code','body_start','before_head_end','footer_start','before_footer','before_footer_end','before_body_end','left_sidebar_start','before_left_sidebar_end','right_sidebar_start','before_right_sidebar_end','comment','guestbook','switch_theme','after_content','before_content','log_write_done','switch_admin_theme','captcha_image') ORDER BY `list_order` ASC [ RunTime:0.000689s ]
[2024-12-05T03:23:40+08:00][sql] SHOW FULL COLUMNS FROM `cmf_plugin` [ RunTime:0.002045s ]
[2024-12-05T03:23:40+08:00][sql] SELECT `config` FROM `cmf_plugin` WHERE  `name` = 'Qiniu' LIMIT 1 [ RunTime:0.000602s ]
[2024-12-05T03:23:40+08:00][sql] SHOW FULL COLUMNS FROM `cmf_live` [ RunTime:0.001980s ]
[2024-12-05T03:23:40+08:00][sql] SELECT COUNT(*) AS think_count FROM `cmf_live` `l` LEFT JOIN `cmf_user` `u` ON `u`.`id`=`l`.`uid` WHERE  ( u.sex='1' and l.islive='1'  ) LIMIT 1 [ RunTime:0.000626s ]
[2024-12-05T03:23:40+08:00][sql] SELECT COUNT(*) AS think_count FROM `cmf_live` `l` LEFT JOIN `cmf_user` `u` ON `u`.`id`=`l`.`uid` WHERE  ( u.sex='1' and l.islive='1'  ) LIMIT 1 [ RunTime:0.000513s ]
[2024-12-05T03:23:40+08:00][sql] SHOW FULL COLUMNS FROM `cmf_theme_file` [ RunTime:0.001618s ]
[2024-12-05T03:23:40+08:00][sql] SELECT `more` FROM `cmf_theme_file` WHERE  `theme` = 'default'  AND (  `is_public` = 1 OR `file` = '../home/category/index' ) [ RunTime:0.000552s ]
[2024-12-05T03:29:53+08:00][sql] CONNECT:[ UseTime:0.000567s ] mysql:host=127.0.0.1;port=3306;dbname=zhibo;charset=utf8mb4
[2024-12-05T03:29:53+08:00][sql] SHOW FULL COLUMNS FROM `cmf_hook` [ RunTime:0.001880s ]
[2024-12-05T03:29:53+08:00][sql] SELECT `hook`,`id` FROM `cmf_hook` WHERE  (  (  `app` = '' OR `app` = 'cmf' )  AND `type` = 3 ) OR `type` = 1 [ RunTime:0.000675s ]
[2024-12-05T03:29:53+08:00][sql] SHOW FULL COLUMNS FROM `cmf_hook_plugin` [ RunTime:0.001632s ]
[2024-12-05T03:29:53+08:00][sql] SELECT `hook`,`plugin` FROM `cmf_hook_plugin` WHERE  `status` = 1  AND `hook` IN ('app_begin','module_init','action_begin','view_filter','app_end','log_write','response_end','admin_init','home_init','send_mobile_verification_code','body_start','before_head_end','footer_start','before_footer','before_footer_end','before_body_end','left_sidebar_start','before_left_sidebar_end','right_sidebar_start','before_right_sidebar_end','comment','guestbook','switch_theme','after_content','before_content','log_write_done','switch_admin_theme','captcha_image') ORDER BY `list_order` ASC [ RunTime:0.000714s ]
[2024-12-05T03:29:53+08:00][sql] SHOW FULL COLUMNS FROM `cmf_plugin` [ RunTime:0.002086s ]
[2024-12-05T03:29:53+08:00][sql] SELECT `config` FROM `cmf_plugin` WHERE  `name` = 'Qiniu' LIMIT 1 [ RunTime:0.000581s ]
[2024-12-05T03:29:53+08:00][sql] SHOW FULL COLUMNS FROM `cmf_slide_item` [ RunTime:0.001749s ]
[2024-12-05T03:29:53+08:00][sql] SELECT * FROM `cmf_slide_item` WHERE  `slide_id` = 7  AND `status` = 1 ORDER BY `list_order` [ RunTime:0.000674s ]
[2024-12-05T03:29:53+08:00][sql] SHOW FULL COLUMNS FROM `cmf_theme_file` [ RunTime:0.001725s ]
[2024-12-05T03:29:53+08:00][sql] SELECT `more` FROM `cmf_theme_file` WHERE  `theme` = 'default'  AND (  `is_public` = 1 OR `file` = '../home/app/programe' ) [ RunTime:0.000548s ]
[2024-12-05T03:29:54+08:00][sql] CONNECT:[ UseTime:0.000449s ] mysql:host=127.0.0.1;port=3306;dbname=zhibo;charset=utf8mb4
[2024-12-05T03:29:54+08:00][sql] SHOW FULL COLUMNS FROM `cmf_hook` [ RunTime:0.001650s ]
[2024-12-05T03:29:54+08:00][sql] SELECT `hook`,`id` FROM `cmf_hook` WHERE  (  (  `app` = '' OR `app` = 'cmf' )  AND `type` = 3 ) OR `type` = 1 [ RunTime:0.000612s ]
[2024-12-05T03:29:54+08:00][sql] SHOW FULL COLUMNS FROM `cmf_hook_plugin` [ RunTime:0.001574s ]
[2024-12-05T03:29:54+08:00][sql] SELECT `hook`,`plugin` FROM `cmf_hook_plugin` WHERE  `status` = 1  AND `hook` IN ('app_begin','module_init','action_begin','view_filter','app_end','log_write','response_end','admin_init','home_init','send_mobile_verification_code','body_start','before_head_end','footer_start','before_footer','before_footer_end','before_body_end','left_sidebar_start','before_left_sidebar_end','right_sidebar_start','before_right_sidebar_end','comment','guestbook','switch_theme','after_content','before_content','log_write_done','switch_admin_theme','captcha_image') ORDER BY `list_order` ASC [ RunTime:0.000693s ]
[2024-12-05T03:29:54+08:00][sql] SHOW FULL COLUMNS FROM `cmf_plugin` [ RunTime:0.001727s ]
[2024-12-05T03:29:54+08:00][sql] SELECT `config` FROM `cmf_plugin` WHERE  `name` = 'Qiniu' LIMIT 1 [ RunTime:0.000511s ]
[2024-12-05T03:35:12+08:00][sql] CONNECT:[ UseTime:0.000573s ] mysql:host=127.0.0.1;port=3306;dbname=zhibo;charset=utf8mb4
[2024-12-05T03:35:12+08:00][sql] SHOW FULL COLUMNS FROM `cmf_hook` [ RunTime:0.001611s ]
[2024-12-05T03:35:12+08:00][sql] SELECT `hook`,`id` FROM `cmf_hook` WHERE  (  (  `app` = '' OR `app` = 'cmf' )  AND `type` = 3 ) OR `type` = 1 [ RunTime:0.000662s ]
[2024-12-05T03:35:12+08:00][sql] SHOW FULL COLUMNS FROM `cmf_hook_plugin` [ RunTime:0.001387s ]
[2024-12-05T03:35:12+08:00][sql] SELECT `hook`,`plugin` FROM `cmf_hook_plugin` WHERE  `status` = 1  AND `hook` IN ('app_begin','module_init','action_begin','view_filter','app_end','log_write','response_end','admin_init','home_init','send_mobile_verification_code','body_start','before_head_end','footer_start','before_footer','before_footer_end','before_body_end','left_sidebar_start','before_left_sidebar_end','right_sidebar_start','before_right_sidebar_end','comment','guestbook','switch_theme','after_content','before_content','log_write_done','switch_admin_theme','captcha_image') ORDER BY `list_order` ASC [ RunTime:0.000654s ]
[2024-12-05T03:35:12+08:00][sql] SHOW FULL COLUMNS FROM `cmf_plugin` [ RunTime:0.001864s ]
[2024-12-05T03:35:12+08:00][sql] SELECT `config` FROM `cmf_plugin` WHERE  `name` = 'Qiniu' LIMIT 1 [ RunTime:0.000540s ]
[2024-12-05T03:35:12+08:00][sql] SHOW FULL COLUMNS FROM `cmf_live` [ RunTime:0.001777s ]
[2024-12-05T03:35:12+08:00][sql] SELECT * FROM `cmf_live` WHERE  ( islive='1' and isrecommend='1' and type='0' and live_type=0 ) [ RunTime:0.000852s ]
[2024-12-05T03:35:12+08:00][sql] SHOW FULL COLUMNS FROM `cmf_slide_item` [ RunTime:0.001446s ]
[2024-12-05T03:35:12+08:00][sql] SELECT * FROM `cmf_slide_item` WHERE  ( status='1' and slide_id='1' ) ORDER BY `list_order` ASC [ RunTime:0.000610s ]
[2024-12-05T03:35:12+08:00][sql] SHOW FULL COLUMNS FROM `cmf_live_class` [ RunTime:0.001404s ]
[2024-12-05T03:35:12+08:00][sql] SELECT * FROM `cmf_live_class` ORDER BY `list_order` LIMIT 5 [ RunTime:0.000519s ]
[2024-12-05T03:35:12+08:00][sql] SELECT * FROM `cmf_live` WHERE  `islive` = 1  AND `live_type` = 0  AND `liveclassid` = 8 ORDER BY `recommend_time` DESC,`starttime` DESC LIMIT 5 [ RunTime:0.000810s ]
[2024-12-05T03:35:12+08:00][sql] SELECT `uid`,`thumb`,`stream`,`title`,`city`,`islive`,`type` FROM `cmf_live` WHERE  ( islive='1' and ishot='1' and live_type=0 ) ORDER BY `isrecommend` DESC,`recommend_time` DESC,`hotvotes` DESC,`starttime` DESC LIMIT 5 [ RunTime:0.000531s ]
[2024-12-05T03:35:12+08:00][sql] SELECT `uid`,`thumb`,`stream`,`title`,`city`,`islive`,`type` FROM `cmf_live` WHERE  ( islive='1' and live_type=0 ) ORDER BY `starttime` DESC LIMIT 5 [ RunTime:0.000490s ]
[2024-12-05T03:35:12+08:00][sql] SHOW FULL COLUMNS FROM `cmf_theme_file` [ RunTime:0.001491s ]
[2024-12-05T03:35:12+08:00][sql] SELECT `more` FROM `cmf_theme_file` WHERE  `theme` = 'default'  AND (  `is_public` = 1 OR `file` = '../home/index/index' ) [ RunTime:0.000548s ]
[2024-12-05T03:35:13+08:00][sql] CONNECT:[ UseTime:0.000486s ] mysql:host=127.0.0.1;port=3306;dbname=zhibo;charset=utf8mb4
[2024-12-05T03:35:13+08:00][sql] SHOW FULL COLUMNS FROM `cmf_hook` [ RunTime:0.001499s ]
[2024-12-05T03:35:13+08:00][sql] SELECT `hook`,`id` FROM `cmf_hook` WHERE  (  (  `app` = '' OR `app` = 'cmf' )  AND `type` = 3 ) OR `type` = 1 [ RunTime:0.000669s ]
[2024-12-05T03:35:13+08:00][sql] SHOW FULL COLUMNS FROM `cmf_hook_plugin` [ RunTime:0.001402s ]
[2024-12-05T03:35:13+08:00][sql] SELECT `hook`,`plugin` FROM `cmf_hook_plugin` WHERE  `status` = 1  AND `hook` IN ('app_begin','module_init','action_begin','view_filter','app_end','log_write','response_end','admin_init','home_init','send_mobile_verification_code','body_start','before_head_end','footer_start','before_footer','before_footer_end','before_body_end','left_sidebar_start','before_left_sidebar_end','right_sidebar_start','before_right_sidebar_end','comment','guestbook','switch_theme','after_content','before_content','log_write_done','switch_admin_theme','captcha_image') ORDER BY `list_order` ASC [ RunTime:0.000713s ]
[2024-12-05T03:35:13+08:00][sql] SHOW FULL COLUMNS FROM `cmf_plugin` [ RunTime:0.001656s ]
[2024-12-05T03:35:13+08:00][sql] SELECT `config` FROM `cmf_plugin` WHERE  `name` = 'Qiniu' LIMIT 1 [ RunTime:0.000519s ]
[2024-12-05T03:35:13+08:00][sql] CONNECT:[ UseTime:0.000477s ] mysql:host=127.0.0.1;port=3306;dbname=zhibo;charset=utf8mb4
[2024-12-05T03:35:13+08:00][sql] SHOW FULL COLUMNS FROM `cmf_hook` [ RunTime:0.001508s ]
[2024-12-05T03:35:13+08:00][sql] SELECT `hook`,`id` FROM `cmf_hook` WHERE  (  (  `app` = '' OR `app` = 'cmf' )  AND `type` = 3 ) OR `type` = 1 [ RunTime:0.000640s ]
[2024-12-05T03:35:13+08:00][sql] SHOW FULL COLUMNS FROM `cmf_hook_plugin` [ RunTime:0.001456s ]
[2024-12-05T03:35:13+08:00][sql] SELECT `hook`,`plugin` FROM `cmf_hook_plugin` WHERE  `status` = 1  AND `hook` IN ('app_begin','module_init','action_begin','view_filter','app_end','log_write','response_end','admin_init','home_init','send_mobile_verification_code','body_start','before_head_end','footer_start','before_footer','before_footer_end','before_body_end','left_sidebar_start','before_left_sidebar_end','right_sidebar_start','before_right_sidebar_end','comment','guestbook','switch_theme','after_content','before_content','log_write_done','switch_admin_theme','captcha_image') ORDER BY `list_order` ASC [ RunTime:0.000754s ]
[2024-12-05T03:35:13+08:00][sql] SHOW FULL COLUMNS FROM `cmf_plugin` [ RunTime:0.001553s ]
[2024-12-05T03:35:13+08:00][sql] SELECT `config` FROM `cmf_plugin` WHERE  `name` = 'Qiniu' LIMIT 1 [ RunTime:0.000492s ]
[2024-12-05T03:35:13+08:00][sql] SHOW FULL COLUMNS FROM `cmf_slide_item` [ RunTime:0.001485s ]
[2024-12-05T03:35:13+08:00][sql] SELECT * FROM `cmf_slide_item` WHERE  ( status='1' and slide_id='6' ) ORDER BY `list_order` ASC [ RunTime:0.000544s ]
[2024-12-05T03:35:13+08:00][sql] SHOW FULL COLUMNS FROM `cmf_live` [ RunTime:0.001533s ]
[2024-12-05T03:35:13+08:00][sql] SELECT `uid`,`title`,`city`,`stream`,`pull`,`thumb`,`type` FROM `cmf_live` WHERE  `islive` = 1  AND `live_type` = 0  AND `ishot` = 1 ORDER BY `recommend_time` DESC,`starttime` DESC LIMIT 0,20 [ RunTime:0.000647s ]
[2024-12-05T03:35:13+08:00][sql] SHOW FULL COLUMNS FROM `cmf_theme_file` [ RunTime:0.001401s ]
[2024-12-05T03:35:13+08:00][sql] SELECT `more` FROM `cmf_theme_file` WHERE  `theme` = 'default'  AND (  `is_public` = 1 OR `file` = '../wxshare/share/index' ) [ RunTime:0.000484s ]
[2024-12-05T03:36:54+08:00][sql] CONNECT:[ UseTime:0.000460s ] mysql:host=127.0.0.1;port=3306;dbname=zhibo;charset=utf8mb4
[2024-12-05T03:36:54+08:00][sql] SHOW FULL COLUMNS FROM `cmf_hook` [ RunTime:0.001444s ]
[2024-12-05T03:36:54+08:00][sql] SELECT `hook`,`id` FROM `cmf_hook` WHERE  (  (  `app` = '' OR `app` = 'cmf' )  AND `type` = 3 ) OR `type` = 1 [ RunTime:0.000606s ]
[2024-12-05T03:36:54+08:00][sql] SHOW FULL COLUMNS FROM `cmf_hook_plugin` [ RunTime:0.001413s ]
[2024-12-05T03:36:54+08:00][sql] SELECT `hook`,`plugin` FROM `cmf_hook_plugin` WHERE  `status` = 1  AND `hook` IN ('app_begin','module_init','action_begin','view_filter','app_end','log_write','response_end','admin_init','home_init','send_mobile_verification_code','body_start','before_head_end','footer_start','before_footer','before_footer_end','before_body_end','left_sidebar_start','before_left_sidebar_end','right_sidebar_start','before_right_sidebar_end','comment','guestbook','switch_theme','after_content','before_content','log_write_done','switch_admin_theme','captcha_image') ORDER BY `list_order` ASC [ RunTime:0.000640s ]
[2024-12-05T03:36:54+08:00][sql] SHOW FULL COLUMNS FROM `cmf_plugin` [ RunTime:0.001550s ]
[2024-12-05T03:36:54+08:00][sql] SELECT `config` FROM `cmf_plugin` WHERE  `name` = 'Qiniu' LIMIT 1 [ RunTime:0.000503s ]
[2024-12-05T03:36:54+08:00][sql] SHOW FULL COLUMNS FROM `cmf_live` [ RunTime:0.001652s ]
[2024-12-05T03:36:54+08:00][sql] SELECT * FROM `cmf_live` WHERE  ( islive='1' and isrecommend='1' and type='0' and live_type=0 ) [ RunTime:0.000770s ]
[2024-12-05T03:36:54+08:00][sql] SHOW FULL COLUMNS FROM `cmf_slide_item` [ RunTime:0.001347s ]
[2024-12-05T03:36:54+08:00][sql] SELECT * FROM `cmf_slide_item` WHERE  ( status='1' and slide_id='1' ) ORDER BY `list_order` ASC [ RunTime:0.000521s ]
[2024-12-05T03:36:54+08:00][sql] SHOW FULL COLUMNS FROM `cmf_live_class` [ RunTime:0.001259s ]
[2024-12-05T03:36:54+08:00][sql] SELECT * FROM `cmf_live_class` ORDER BY `list_order` LIMIT 5 [ RunTime:0.000444s ]
[2024-12-05T03:36:54+08:00][sql] SELECT * FROM `cmf_live` WHERE  `islive` = 1  AND `live_type` = 0  AND `liveclassid` = 8 ORDER BY `recommend_time` DESC,`starttime` DESC LIMIT 5 [ RunTime:0.000755s ]
[2024-12-05T03:36:54+08:00][sql] SELECT `uid`,`thumb`,`stream`,`title`,`city`,`islive`,`type` FROM `cmf_live` WHERE  ( islive='1' and ishot='1' and live_type=0 ) ORDER BY `isrecommend` DESC,`recommend_time` DESC,`hotvotes` DESC,`starttime` DESC LIMIT 5 [ RunTime:0.000525s ]
[2024-12-05T03:36:54+08:00][sql] SELECT `uid`,`thumb`,`stream`,`title`,`city`,`islive`,`type` FROM `cmf_live` WHERE  ( islive='1' and live_type=0 ) ORDER BY `starttime` DESC LIMIT 5 [ RunTime:0.000475s ]
[2024-12-05T03:36:54+08:00][sql] SHOW FULL COLUMNS FROM `cmf_theme_file` [ RunTime:0.001410s ]
[2024-12-05T03:36:54+08:00][sql] SELECT `more` FROM `cmf_theme_file` WHERE  `theme` = 'default'  AND (  `is_public` = 1 OR `file` = '../home/index/index' ) [ RunTime:0.000471s ]
[2024-12-05T03:36:55+08:00][sql] CONNECT:[ UseTime:0.000499s ] mysql:host=127.0.0.1;port=3306;dbname=zhibo;charset=utf8mb4
[2024-12-05T03:36:55+08:00][sql] SHOW FULL COLUMNS FROM `cmf_hook` [ RunTime:0.001525s ]
[2024-12-05T03:36:55+08:00][sql] SELECT `hook`,`id` FROM `cmf_hook` WHERE  (  (  `app` = '' OR `app` = 'cmf' )  AND `type` = 3 ) OR `type` = 1 [ RunTime:0.000645s ]
[2024-12-05T03:36:55+08:00][sql] SHOW FULL COLUMNS FROM `cmf_hook_plugin` [ RunTime:0.001359s ]
[2024-12-05T03:36:55+08:00][sql] SELECT `hook`,`plugin` FROM `cmf_hook_plugin` WHERE  `status` = 1  AND `hook` IN ('app_begin','module_init','action_begin','view_filter','app_end','log_write','response_end','admin_init','home_init','send_mobile_verification_code','body_start','before_head_end','footer_start','before_footer','before_footer_end','before_body_end','left_sidebar_start','before_left_sidebar_end','right_sidebar_start','before_right_sidebar_end','comment','guestbook','switch_theme','after_content','before_content','log_write_done','switch_admin_theme','captcha_image') ORDER BY `list_order` ASC [ RunTime:0.000701s ]
[2024-12-05T03:36:55+08:00][sql] SHOW FULL COLUMNS FROM `cmf_plugin` [ RunTime:0.001644s ]
[2024-12-05T03:36:55+08:00][sql] SELECT `config` FROM `cmf_plugin` WHERE  `name` = 'Qiniu' LIMIT 1 [ RunTime:0.000533s ]
[2024-12-05T03:36:55+08:00][sql] CONNECT:[ UseTime:0.000461s ] mysql:host=127.0.0.1;port=3306;dbname=zhibo;charset=utf8mb4
[2024-12-05T03:36:55+08:00][sql] SHOW FULL COLUMNS FROM `cmf_hook` [ RunTime:0.001475s ]
[2024-12-05T03:36:55+08:00][sql] SELECT `hook`,`id` FROM `cmf_hook` WHERE  (  (  `app` = '' OR `app` = 'cmf' )  AND `type` = 3 ) OR `type` = 1 [ RunTime:0.000601s ]
[2024-12-05T03:36:55+08:00][sql] SHOW FULL COLUMNS FROM `cmf_hook_plugin` [ RunTime:0.001410s ]
[2024-12-05T03:36:55+08:00][sql] SELECT `hook`,`plugin` FROM `cmf_hook_plugin` WHERE  `status` = 1  AND `hook` IN ('app_begin','module_init','action_begin','view_filter','app_end','log_write','response_end','admin_init','home_init','send_mobile_verification_code','body_start','before_head_end','footer_start','before_footer','before_footer_end','before_body_end','left_sidebar_start','before_left_sidebar_end','right_sidebar_start','before_right_sidebar_end','comment','guestbook','switch_theme','after_content','before_content','log_write_done','switch_admin_theme','captcha_image') ORDER BY `list_order` ASC [ RunTime:0.000637s ]
[2024-12-05T03:36:55+08:00][sql] SHOW FULL COLUMNS FROM `cmf_plugin` [ RunTime:0.001551s ]
[2024-12-05T03:36:55+08:00][sql] SELECT `config` FROM `cmf_plugin` WHERE  `name` = 'Qiniu' LIMIT 1 [ RunTime:0.000492s ]
[2024-12-05T03:36:55+08:00][sql] SHOW FULL COLUMNS FROM `cmf_slide_item` [ RunTime:0.001375s ]
[2024-12-05T03:36:55+08:00][sql] SELECT * FROM `cmf_slide_item` WHERE  ( status='1' and slide_id='6' ) ORDER BY `list_order` ASC [ RunTime:0.000520s ]
[2024-12-05T03:36:55+08:00][sql] SHOW FULL COLUMNS FROM `cmf_live` [ RunTime:0.001581s ]
[2024-12-05T03:36:55+08:00][sql] SELECT `uid`,`title`,`city`,`stream`,`pull`,`thumb`,`type` FROM `cmf_live` WHERE  `islive` = 1  AND `live_type` = 0  AND `ishot` = 1 ORDER BY `recommend_time` DESC,`starttime` DESC LIMIT 0,20 [ RunTime:0.000663s ]
[2024-12-05T03:36:55+08:00][sql] SHOW FULL COLUMNS FROM `cmf_theme_file` [ RunTime:0.001440s ]
[2024-12-05T03:36:55+08:00][sql] SELECT `more` FROM `cmf_theme_file` WHERE  `theme` = 'default'  AND (  `is_public` = 1 OR `file` = '../wxshare/share/index' ) [ RunTime:0.000490s ]
[2024-12-05T03:41:28+08:00][sql] CONNECT:[ UseTime:0.000645s ] mysql:host=127.0.0.1;port=3306;dbname=zhibo;charset=utf8mb4
[2024-12-05T03:41:28+08:00][sql] SHOW FULL COLUMNS FROM `cmf_hook` [ RunTime:0.001612s ]
[2024-12-05T03:41:28+08:00][sql] SELECT `hook`,`id` FROM `cmf_hook` WHERE  (  (  `app` = '' OR `app` = 'cmf' )  AND `type` = 3 ) OR `type` = 1 [ RunTime:0.000680s ]
[2024-12-05T03:41:28+08:00][sql] SHOW FULL COLUMNS FROM `cmf_hook_plugin` [ RunTime:0.001438s ]
[2024-12-05T03:41:28+08:00][sql] SELECT `hook`,`plugin` FROM `cmf_hook_plugin` WHERE  `status` = 1  AND `hook` IN ('app_begin','module_init','action_begin','view_filter','app_end','log_write','response_end','admin_init','home_init','send_mobile_verification_code','body_start','before_head_end','footer_start','before_footer','before_footer_end','before_body_end','left_sidebar_start','before_left_sidebar_end','right_sidebar_start','before_right_sidebar_end','comment','guestbook','switch_theme','after_content','before_content','log_write_done','switch_admin_theme','captcha_image') ORDER BY `list_order` ASC [ RunTime:0.000720s ]
[2024-12-05T03:41:28+08:00][sql] SHOW FULL COLUMNS FROM `cmf_plugin` [ RunTime:0.001795s ]
[2024-12-05T03:41:28+08:00][sql] SELECT `config` FROM `cmf_plugin` WHERE  `name` = 'Qiniu' LIMIT 1 [ RunTime:0.000663s ]
[2024-12-05T03:41:28+08:00][sql] SHOW FULL COLUMNS FROM `cmf_live` [ RunTime:0.002106s ]
[2024-12-05T03:41:28+08:00][sql] SELECT * FROM `cmf_live` WHERE  ( islive='1' and isrecommend='1' and type='0' and live_type=0 ) [ RunTime:0.000877s ]
[2024-12-05T03:41:28+08:00][sql] SHOW FULL COLUMNS FROM `cmf_slide_item` [ RunTime:0.001496s ]
[2024-12-05T03:41:28+08:00][sql] SELECT * FROM `cmf_slide_item` WHERE  ( status='1' and slide_id='1' ) ORDER BY `list_order` ASC [ RunTime:0.000553s ]
[2024-12-05T03:41:28+08:00][sql] SHOW FULL COLUMNS FROM `cmf_live_class` [ RunTime:0.001362s ]
[2024-12-05T03:41:28+08:00][sql] SELECT * FROM `cmf_live_class` ORDER BY `list_order` LIMIT 5 [ RunTime:0.000548s ]
[2024-12-05T03:41:28+08:00][sql] SELECT * FROM `cmf_live` WHERE  `islive` = 1  AND `live_type` = 0  AND `liveclassid` = 8 ORDER BY `recommend_time` DESC,`starttime` DESC LIMIT 5 [ RunTime:0.000896s ]
[2024-12-05T03:41:28+08:00][sql] SELECT `uid`,`thumb`,`stream`,`title`,`city`,`islive`,`type` FROM `cmf_live` WHERE  ( islive='1' and ishot='1' and live_type=0 ) ORDER BY `isrecommend` DESC,`recommend_time` DESC,`hotvotes` DESC,`starttime` DESC LIMIT 5 [ RunTime:0.000542s ]
[2024-12-05T03:41:28+08:00][sql] SELECT `uid`,`thumb`,`stream`,`title`,`city`,`islive`,`type` FROM `cmf_live` WHERE  ( islive='1' and live_type=0 ) ORDER BY `starttime` DESC LIMIT 5 [ RunTime:0.000459s ]
[2024-12-05T03:41:28+08:00][sql] SHOW FULL COLUMNS FROM `cmf_theme_file` [ RunTime:0.001472s ]
[2024-12-05T03:41:28+08:00][sql] SELECT `more` FROM `cmf_theme_file` WHERE  `theme` = 'default'  AND (  `is_public` = 1 OR `file` = '../home/index/index' ) [ RunTime:0.000558s ]
[2024-12-05T03:41:28+08:00][sql] CONNECT:[ UseTime:0.001534s ] mysql:host=127.0.0.1;port=3306;dbname=zhibo;charset=utf8mb4
[2024-12-05T03:41:28+08:00][sql] SHOW FULL COLUMNS FROM `cmf_hook` [ RunTime:0.001580s ]
[2024-12-05T03:41:28+08:00][sql] SELECT `hook`,`id` FROM `cmf_hook` WHERE  (  (  `app` = '' OR `app` = 'cmf' )  AND `type` = 3 ) OR `type` = 1 [ RunTime:0.000661s ]
[2024-12-05T03:41:28+08:00][sql] SHOW FULL COLUMNS FROM `cmf_hook_plugin` [ RunTime:0.001436s ]
[2024-12-05T03:41:28+08:00][sql] SELECT `hook`,`plugin` FROM `cmf_hook_plugin` WHERE  `status` = 1  AND `hook` IN ('app_begin','module_init','action_begin','view_filter','app_end','log_write','response_end','admin_init','home_init','send_mobile_verification_code','body_start','before_head_end','footer_start','before_footer','before_footer_end','before_body_end','left_sidebar_start','before_left_sidebar_end','right_sidebar_start','before_right_sidebar_end','comment','guestbook','switch_theme','after_content','before_content','log_write_done','switch_admin_theme','captcha_image') ORDER BY `list_order` ASC [ RunTime:0.000776s ]
[2024-12-05T03:41:28+08:00][sql] SHOW FULL COLUMNS FROM `cmf_plugin` [ RunTime:0.001490s ]
[2024-12-05T03:41:28+08:00][sql] SELECT `config` FROM `cmf_plugin` WHERE  `name` = 'Qiniu' LIMIT 1 [ RunTime:0.000440s ]
[2024-12-05T03:41:28+08:00][sql] SHOW FULL COLUMNS FROM `cmf_live` [ RunTime:0.001657s ]
[2024-12-05T03:41:28+08:00][sql] SELECT * FROM `cmf_live` WHERE  ( islive='1' and isrecommend='1' and type='0' and live_type=0 ) [ RunTime:0.000663s ]
[2024-12-05T03:41:28+08:00][sql] SHOW FULL COLUMNS FROM `cmf_slide_item` [ RunTime:0.001374s ]
[2024-12-05T03:41:28+08:00][sql] SELECT * FROM `cmf_slide_item` WHERE  ( status='1' and slide_id='1' ) ORDER BY `list_order` ASC [ RunTime:0.000482s ]
[2024-12-05T03:41:28+08:00][sql] SHOW FULL COLUMNS FROM `cmf_live_class` [ RunTime:0.001206s ]
[2024-12-05T03:41:28+08:00][sql] SELECT * FROM `cmf_live_class` ORDER BY `list_order` LIMIT 5 [ RunTime:0.000401s ]
[2024-12-05T03:41:28+08:00][sql] SELECT * FROM `cmf_live` WHERE  `islive` = 1  AND `live_type` = 0  AND `liveclassid` = 8 ORDER BY `recommend_time` DESC,`starttime` DESC LIMIT 5 [ RunTime:0.000657s ]
[2024-12-05T03:41:28+08:00][sql] SELECT `uid`,`thumb`,`stream`,`title`,`city`,`islive`,`type` FROM `cmf_live` WHERE  ( islive='1' and ishot='1' and live_type=0 ) ORDER BY `isrecommend` DESC,`recommend_time` DESC,`hotvotes` DESC,`starttime` DESC LIMIT 5 [ RunTime:0.000462s ]
[2024-12-05T03:41:28+08:00][sql] SELECT `uid`,`thumb`,`stream`,`title`,`city`,`islive`,`type` FROM `cmf_live` WHERE  ( islive='1' and live_type=0 ) ORDER BY `starttime` DESC LIMIT 5 [ RunTime:0.000395s ]
[2024-12-05T03:41:28+08:00][sql] SHOW FULL COLUMNS FROM `cmf_theme_file` [ RunTime:0.001349s ]
[2024-12-05T03:41:28+08:00][sql] SELECT `more` FROM `cmf_theme_file` WHERE  `theme` = 'default'  AND (  `is_public` = 1 OR `file` = '../home/index/index' ) [ RunTime:0.000436s ]
[2024-12-05T03:44:00+08:00][sql] CONNECT:[ UseTime:0.000567s ] mysql:host=127.0.0.1;port=3306;dbname=zhibo;charset=utf8mb4
[2024-12-05T03:44:00+08:00][sql] SHOW FULL COLUMNS FROM `cmf_hook` [ RunTime:0.001645s ]
[2024-12-05T03:44:00+08:00][sql] SELECT `hook`,`id` FROM `cmf_hook` WHERE  (  (  `app` = '' OR `app` = 'cmf' )  AND `type` = 3 ) OR `type` = 1 [ RunTime:0.000705s ]
[2024-12-05T03:44:00+08:00][sql] SHOW FULL COLUMNS FROM `cmf_hook_plugin` [ RunTime:0.001383s ]
[2024-12-05T03:44:00+08:00][sql] SELECT `hook`,`plugin` FROM `cmf_hook_plugin` WHERE  `status` = 1  AND `hook` IN ('app_begin','module_init','action_begin','view_filter','app_end','log_write','response_end','admin_init','home_init','send_mobile_verification_code','body_start','before_head_end','footer_start','before_footer','before_footer_end','before_body_end','left_sidebar_start','before_left_sidebar_end','right_sidebar_start','before_right_sidebar_end','comment','guestbook','switch_theme','after_content','before_content','log_write_done','switch_admin_theme','captcha_image') ORDER BY `list_order` ASC [ RunTime:0.000730s ]
[2024-12-05T03:44:00+08:00][sql] SHOW FULL COLUMNS FROM `cmf_plugin` [ RunTime:0.001791s ]
[2024-12-05T03:44:00+08:00][sql] SELECT `config` FROM `cmf_plugin` WHERE  `name` = 'Qiniu' LIMIT 1 [ RunTime:0.000531s ]
[2024-12-05T03:44:00+08:00][sql] SHOW FULL COLUMNS FROM `cmf_slide_item` [ RunTime:0.001549s ]
[2024-12-05T03:44:00+08:00][sql] SELECT * FROM `cmf_slide_item` WHERE  `slide_id` = 7  AND `status` = 1 ORDER BY `list_order` [ RunTime:0.000788s ]
[2024-12-05T03:44:00+08:00][sql] SHOW FULL COLUMNS FROM `cmf_theme_file` [ RunTime:0.001565s ]
[2024-12-05T03:44:00+08:00][sql] SELECT `more` FROM `cmf_theme_file` WHERE  `theme` = 'default'  AND (  `is_public` = 1 OR `file` = '../home/app/programe' ) [ RunTime:0.000585s ]
[2024-12-05T03:44:00+08:00][sql] CONNECT:[ UseTime:0.000425s ] mysql:host=127.0.0.1;port=3306;dbname=zhibo;charset=utf8mb4
[2024-12-05T03:44:00+08:00][sql] SHOW FULL COLUMNS FROM `cmf_hook` [ RunTime:0.001403s ]
[2024-12-05T03:44:00+08:00][sql] SELECT `hook`,`id` FROM `cmf_hook` WHERE  (  (  `app` = '' OR `app` = 'cmf' )  AND `type` = 3 ) OR `type` = 1 [ RunTime:0.000431s ]
[2024-12-05T03:44:00+08:00][sql] SHOW FULL COLUMNS FROM `cmf_hook_plugin` [ RunTime:0.001125s ]
[2024-12-05T03:44:00+08:00][sql] SELECT `hook`,`plugin` FROM `cmf_hook_plugin` WHERE  `status` = 1  AND `hook` IN ('app_begin','module_init','action_begin','view_filter','app_end','log_write','response_end','admin_init','home_init','send_mobile_verification_code','body_start','before_head_end','footer_start','before_footer','before_footer_end','before_body_end','left_sidebar_start','before_left_sidebar_end','right_sidebar_start','before_right_sidebar_end','comment','guestbook','switch_theme','after_content','before_content','log_write_done','switch_admin_theme','captcha_image') ORDER BY `list_order` ASC [ RunTime:0.000646s ]
[2024-12-05T03:44:00+08:00][sql] SHOW FULL COLUMNS FROM `cmf_plugin` [ RunTime:0.001661s ]
[2024-12-05T03:44:00+08:00][sql] SELECT `config` FROM `cmf_plugin` WHERE  `name` = 'Qiniu' LIMIT 1 [ RunTime:0.000488s ]
[2024-12-05T04:41:25+08:00][sql] CONNECT:[ UseTime:0.000798s ] mysql:host=127.0.0.1;port=3306;dbname=zhibo;charset=utf8mb4
[2024-12-05T04:41:25+08:00][sql] SHOW FULL COLUMNS FROM `cmf_hook` [ RunTime:0.001844s ]
[2024-12-05T04:41:25+08:00][sql] SELECT `hook`,`id` FROM `cmf_hook` WHERE  (  (  `app` = '' OR `app` = 'cmf' )  AND `type` = 3 ) OR `type` = 1 [ RunTime:0.000741s ]
[2024-12-05T04:41:25+08:00][sql] SHOW FULL COLUMNS FROM `cmf_hook_plugin` [ RunTime:0.001534s ]
[2024-12-05T04:41:25+08:00][sql] SELECT `hook`,`plugin` FROM `cmf_hook_plugin` WHERE  `status` = 1  AND `hook` IN ('app_begin','module_init','action_begin','view_filter','app_end','log_write','response_end','admin_init','home_init','send_mobile_verification_code','body_start','before_head_end','footer_start','before_footer','before_footer_end','before_body_end','left_sidebar_start','before_left_sidebar_end','right_sidebar_start','before_right_sidebar_end','comment','guestbook','switch_theme','after_content','before_content','log_write_done','switch_admin_theme','captcha_image') ORDER BY `list_order` ASC [ RunTime:0.000727s ]
[2024-12-05T04:41:25+08:00][sql] SHOW FULL COLUMNS FROM `cmf_plugin` [ RunTime:0.002070s ]
[2024-12-05T04:41:25+08:00][sql] SELECT `config` FROM `cmf_plugin` WHERE  `name` = 'Qiniu' LIMIT 1 [ RunTime:0.000560s ]
[2024-12-05T04:41:25+08:00][sql] SHOW FULL COLUMNS FROM `cmf_live` [ RunTime:0.001957s ]
[2024-12-05T04:41:25+08:00][sql] SELECT * FROM `cmf_live` WHERE  ( islive='1' and isrecommend='1' and type='0' and live_type=0 ) [ RunTime:0.000923s ]
[2024-12-05T04:41:25+08:00][sql] SHOW FULL COLUMNS FROM `cmf_slide_item` [ RunTime:0.001600s ]
[2024-12-05T04:41:25+08:00][sql] SELECT * FROM `cmf_slide_item` WHERE  ( status='1' and slide_id='1' ) ORDER BY `list_order` ASC [ RunTime:0.000622s ]
[2024-12-05T04:41:25+08:00][sql] SHOW FULL COLUMNS FROM `cmf_live_class` [ RunTime:0.001531s ]
[2024-12-05T04:41:25+08:00][sql] SELECT * FROM `cmf_live_class` ORDER BY `list_order` LIMIT 5 [ RunTime:0.002102s ]
[2024-12-05T04:41:25+08:00][sql] SELECT * FROM `cmf_live` WHERE  `islive` = 1  AND `live_type` = 0  AND `liveclassid` = 8 ORDER BY `recommend_time` DESC,`starttime` DESC LIMIT 5 [ RunTime:0.000795s ]
[2024-12-05T04:41:25+08:00][sql] SELECT `uid`,`thumb`,`stream`,`title`,`city`,`islive`,`type` FROM `cmf_live` WHERE  ( islive='1' and ishot='1' and live_type=0 ) ORDER BY `isrecommend` DESC,`recommend_time` DESC,`hotvotes` DESC,`starttime` DESC LIMIT 5 [ RunTime:0.000564s ]
[2024-12-05T04:41:25+08:00][sql] SELECT `uid`,`thumb`,`stream`,`title`,`city`,`islive`,`type` FROM `cmf_live` WHERE  ( islive='1' and live_type=0 ) ORDER BY `starttime` DESC LIMIT 5 [ RunTime:0.000508s ]
[2024-12-05T04:41:25+08:00][sql] SHOW FULL COLUMNS FROM `cmf_theme_file` [ RunTime:0.001551s ]
[2024-12-05T04:41:25+08:00][sql] SELECT `more` FROM `cmf_theme_file` WHERE  `theme` = 'default'  AND (  `is_public` = 1 OR `file` = '../home/index/index' ) [ RunTime:0.000546s ]
[2024-12-05T04:41:26+08:00][sql] CONNECT:[ UseTime:0.000523s ] mysql:host=127.0.0.1;port=3306;dbname=zhibo;charset=utf8mb4
[2024-12-05T04:41:26+08:00][sql] SHOW FULL COLUMNS FROM `cmf_hook` [ RunTime:0.001697s ]
[2024-12-05T04:41:26+08:00][sql] SELECT `hook`,`id` FROM `cmf_hook` WHERE  (  (  `app` = '' OR `app` = 'cmf' )  AND `type` = 3 ) OR `type` = 1 [ RunTime:0.000618s ]
[2024-12-05T04:41:26+08:00][sql] SHOW FULL COLUMNS FROM `cmf_hook_plugin` [ RunTime:0.001536s ]
[2024-12-05T04:41:26+08:00][sql] SELECT `hook`,`plugin` FROM `cmf_hook_plugin` WHERE  `status` = 1  AND `hook` IN ('app_begin','module_init','action_begin','view_filter','app_end','log_write','response_end','admin_init','home_init','send_mobile_verification_code','body_start','before_head_end','footer_start','before_footer','before_footer_end','before_body_end','left_sidebar_start','before_left_sidebar_end','right_sidebar_start','before_right_sidebar_end','comment','guestbook','switch_theme','after_content','before_content','log_write_done','switch_admin_theme','captcha_image') ORDER BY `list_order` ASC [ RunTime:0.000727s ]
[2024-12-05T04:41:26+08:00][sql] CONNECT:[ UseTime:0.000550s ] mysql:host=127.0.0.1;port=3306;dbname=zhibo;charset=utf8mb4
[2024-12-05T04:41:26+08:00][sql] SHOW FULL COLUMNS FROM `cmf_hook` [ RunTime:0.001799s ]
[2024-12-05T04:41:26+08:00][sql] SELECT `hook`,`id` FROM `cmf_hook` WHERE  (  (  `app` = '' OR `app` = 'cmf' )  AND `type` = 3 ) OR `type` = 1 [ RunTime:0.000630s ]
[2024-12-05T04:41:26+08:00][sql] SHOW FULL COLUMNS FROM `cmf_hook_plugin` [ RunTime:0.001582s ]
[2024-12-05T04:41:26+08:00][sql] SELECT `hook`,`plugin` FROM `cmf_hook_plugin` WHERE  `status` = 1  AND `hook` IN ('app_begin','module_init','action_begin','view_filter','app_end','log_write','response_end','admin_init','home_init','send_mobile_verification_code','body_start','before_head_end','footer_start','before_footer','before_footer_end','before_body_end','left_sidebar_start','before_left_sidebar_end','right_sidebar_start','before_right_sidebar_end','comment','guestbook','switch_theme','after_content','before_content','log_write_done','switch_admin_theme','captcha_image') ORDER BY `list_order` ASC [ RunTime:0.000652s ]
[2024-12-05T04:41:29+08:00][sql] CONNECT:[ UseTime:0.000541s ] mysql:host=127.0.0.1;port=3306;dbname=zhibo;charset=utf8mb4
[2024-12-05T04:41:29+08:00][sql] SHOW FULL COLUMNS FROM `cmf_hook` [ RunTime:0.001661s ]
[2024-12-05T04:41:29+08:00][sql] SELECT `hook`,`id` FROM `cmf_hook` WHERE  (  (  `app` = '' OR `app` = 'cmf' )  AND `type` = 3 ) OR `type` = 1 [ RunTime:0.000580s ]
[2024-12-05T04:41:29+08:00][sql] SHOW FULL COLUMNS FROM `cmf_hook_plugin` [ RunTime:0.001408s ]
[2024-12-05T04:41:29+08:00][sql] SELECT `hook`,`plugin` FROM `cmf_hook_plugin` WHERE  `status` = 1  AND `hook` IN ('app_begin','module_init','action_begin','view_filter','app_end','log_write','response_end','admin_init','home_init','send_mobile_verification_code','body_start','before_head_end','footer_start','before_footer','before_footer_end','before_body_end','left_sidebar_start','before_left_sidebar_end','right_sidebar_start','before_right_sidebar_end','comment','guestbook','switch_theme','after_content','before_content','log_write_done','switch_admin_theme','captcha_image') ORDER BY `list_order` ASC [ RunTime:0.000698s ]
[2024-12-05T04:41:29+08:00][sql] SHOW FULL COLUMNS FROM `cmf_plugin` [ RunTime:0.001640s ]
[2024-12-05T04:41:29+08:00][sql] SELECT `config` FROM `cmf_plugin` WHERE  `name` = 'Qiniu' LIMIT 1 [ RunTime:0.000526s ]
[2024-12-05T04:41:29+08:00][sql] SHOW FULL COLUMNS FROM `cmf_live` [ RunTime:0.001721s ]
[2024-12-05T04:41:29+08:00][sql] SELECT * FROM `cmf_live` WHERE  ( islive='1' and isrecommend='1' and type='0' and live_type=0 ) [ RunTime:0.000814s ]
[2024-12-05T04:41:29+08:00][sql] SHOW FULL COLUMNS FROM `cmf_slide_item` [ RunTime:0.001354s ]
[2024-12-05T04:41:29+08:00][sql] SELECT * FROM `cmf_slide_item` WHERE  ( status='1' and slide_id='1' ) ORDER BY `list_order` ASC [ RunTime:0.000554s ]
[2024-12-05T04:41:29+08:00][sql] SHOW FULL COLUMNS FROM `cmf_live_class` [ RunTime:0.001350s ]
[2024-12-05T04:41:29+08:00][sql] SELECT * FROM `cmf_live_class` ORDER BY `list_order` LIMIT 5 [ RunTime:0.000472s ]
[2024-12-05T04:41:29+08:00][sql] SELECT * FROM `cmf_live` WHERE  `islive` = 1  AND `live_type` = 0  AND `liveclassid` = 8 ORDER BY `recommend_time` DESC,`starttime` DESC LIMIT 5 [ RunTime:0.000818s ]
[2024-12-05T04:41:29+08:00][sql] SELECT `uid`,`thumb`,`stream`,`title`,`city`,`islive`,`type` FROM `cmf_live` WHERE  ( islive='1' and ishot='1' and live_type=0 ) ORDER BY `isrecommend` DESC,`recommend_time` DESC,`hotvotes` DESC,`starttime` DESC LIMIT 5 [ RunTime:0.000540s ]
[2024-12-05T04:41:29+08:00][sql] SELECT `uid`,`thumb`,`stream`,`title`,`city`,`islive`,`type` FROM `cmf_live` WHERE  ( islive='1' and live_type=0 ) ORDER BY `starttime` DESC LIMIT 5 [ RunTime:0.000449s ]
[2024-12-05T04:41:29+08:00][sql] SHOW FULL COLUMNS FROM `cmf_theme_file` [ RunTime:0.001442s ]
[2024-12-05T04:41:29+08:00][sql] SELECT `more` FROM `cmf_theme_file` WHERE  `theme` = 'default'  AND (  `is_public` = 1 OR `file` = '../home/index/index' ) [ RunTime:0.000571s ]
[2024-12-05T04:41:29+08:00][sql] CONNECT:[ UseTime:0.000473s ] mysql:host=127.0.0.1;port=3306;dbname=zhibo;charset=utf8mb4
[2024-12-05T04:41:29+08:00][sql] SHOW FULL COLUMNS FROM `cmf_hook` [ RunTime:0.001478s ]
[2024-12-05T04:41:29+08:00][sql] SELECT `hook`,`id` FROM `cmf_hook` WHERE  (  (  `app` = '' OR `app` = 'cmf' )  AND `type` = 3 ) OR `type` = 1 [ RunTime:0.000608s ]
[2024-12-05T04:41:29+08:00][sql] SHOW FULL COLUMNS FROM `cmf_hook_plugin` [ RunTime:0.001388s ]
[2024-12-05T04:41:29+08:00][sql] SELECT `hook`,`plugin` FROM `cmf_hook_plugin` WHERE  `status` = 1  AND `hook` IN ('app_begin','module_init','action_begin','view_filter','app_end','log_write','response_end','admin_init','home_init','send_mobile_verification_code','body_start','before_head_end','footer_start','before_footer','before_footer_end','before_body_end','left_sidebar_start','before_left_sidebar_end','right_sidebar_start','before_right_sidebar_end','comment','guestbook','switch_theme','after_content','before_content','log_write_done','switch_admin_theme','captcha_image') ORDER BY `list_order` ASC [ RunTime:0.000635s ]
[2024-12-05T04:41:29+08:00][sql] CONNECT:[ UseTime:0.000458s ] mysql:host=127.0.0.1;port=3306;dbname=zhibo;charset=utf8mb4
[2024-12-05T04:41:29+08:00][sql] SHOW FULL COLUMNS FROM `cmf_hook` [ RunTime:0.001465s ]
[2024-12-05T04:41:29+08:00][sql] SELECT `hook`,`id` FROM `cmf_hook` WHERE  (  (  `app` = '' OR `app` = 'cmf' )  AND `type` = 3 ) OR `type` = 1 [ RunTime:0.000611s ]
[2024-12-05T04:41:29+08:00][sql] SHOW FULL COLUMNS FROM `cmf_hook_plugin` [ RunTime:0.001393s ]
[2024-12-05T04:41:29+08:00][sql] SELECT `hook`,`plugin` FROM `cmf_hook_plugin` WHERE  `status` = 1  AND `hook` IN ('app_begin','module_init','action_begin','view_filter','app_end','log_write','response_end','admin_init','home_init','send_mobile_verification_code','body_start','before_head_end','footer_start','before_footer','before_footer_end','before_body_end','left_sidebar_start','before_left_sidebar_end','right_sidebar_start','before_right_sidebar_end','comment','guestbook','switch_theme','after_content','before_content','log_write_done','switch_admin_theme','captcha_image') ORDER BY `list_order` ASC [ RunTime:0.000689s ]
[2024-12-05T04:46:45+08:00][sql] CONNECT:[ UseTime:0.000568s ] mysql:host=127.0.0.1;port=3306;dbname=zhibo;charset=utf8mb4
[2024-12-05T04:46:45+08:00][sql] SHOW FULL COLUMNS FROM `cmf_hook` [ RunTime:0.001612s ]
[2024-12-05T04:46:45+08:00][sql] SELECT `hook`,`id` FROM `cmf_hook` WHERE  (  (  `app` = '' OR `app` = 'cmf' )  AND `type` = 3 ) OR `type` = 1 [ RunTime:0.000686s ]
[2024-12-05T04:46:45+08:00][sql] SHOW FULL COLUMNS FROM `cmf_hook_plugin` [ RunTime:0.001327s ]
[2024-12-05T04:46:45+08:00][sql] SELECT `hook`,`plugin` FROM `cmf_hook_plugin` WHERE  `status` = 1  AND `hook` IN ('app_begin','module_init','action_begin','view_filter','app_end','log_write','response_end','admin_init','home_init','send_mobile_verification_code','body_start','before_head_end','footer_start','before_footer','before_footer_end','before_body_end','left_sidebar_start','before_left_sidebar_end','right_sidebar_start','before_right_sidebar_end','comment','guestbook','switch_theme','after_content','before_content','log_write_done','switch_admin_theme','captcha_image') ORDER BY `list_order` ASC [ RunTime:0.000707s ]
[2024-12-05T04:46:45+08:00][sql] SHOW FULL COLUMNS FROM `cmf_plugin` [ RunTime:0.001861s ]
[2024-12-05T04:46:45+08:00][sql] SELECT `config` FROM `cmf_plugin` WHERE  `name` = 'Qiniu' LIMIT 1 [ RunTime:0.000566s ]
[2024-12-05T04:46:45+08:00][sql] SHOW FULL COLUMNS FROM `cmf_live` [ RunTime:0.001770s ]
[2024-12-05T04:46:45+08:00][sql] SELECT * FROM `cmf_live` WHERE  ( islive='1' and isrecommend='1' and type='0' and live_type=0 ) [ RunTime:0.000841s ]
[2024-12-05T04:46:45+08:00][sql] SHOW FULL COLUMNS FROM `cmf_slide_item` [ RunTime:0.001445s ]
[2024-12-05T04:46:45+08:00][sql] SELECT * FROM `cmf_slide_item` WHERE  ( status='1' and slide_id='1' ) ORDER BY `list_order` ASC [ RunTime:0.000591s ]
[2024-12-05T04:46:45+08:00][sql] SHOW FULL COLUMNS FROM `cmf_live_class` [ RunTime:0.001348s ]
[2024-12-05T04:46:45+08:00][sql] SELECT * FROM `cmf_live_class` ORDER BY `list_order` LIMIT 5 [ RunTime:0.000485s ]
[2024-12-05T04:46:45+08:00][sql] SELECT * FROM `cmf_live` WHERE  `islive` = 1  AND `live_type` = 0  AND `liveclassid` = 8 ORDER BY `recommend_time` DESC,`starttime` DESC LIMIT 5 [ RunTime:0.000762s ]
[2024-12-05T04:46:45+08:00][sql] SELECT `uid`,`thumb`,`stream`,`title`,`city`,`islive`,`type` FROM `cmf_live` WHERE  ( islive='1' and ishot='1' and live_type=0 ) ORDER BY `isrecommend` DESC,`recommend_time` DESC,`hotvotes` DESC,`starttime` DESC LIMIT 5 [ RunTime:0.000576s ]
[2024-12-05T04:46:45+08:00][sql] SELECT `uid`,`thumb`,`stream`,`title`,`city`,`islive`,`type` FROM `cmf_live` WHERE  ( islive='1' and live_type=0 ) ORDER BY `starttime` DESC LIMIT 5 [ RunTime:0.000439s ]
[2024-12-05T04:46:45+08:00][sql] SHOW FULL COLUMNS FROM `cmf_theme_file` [ RunTime:0.001426s ]
[2024-12-05T04:46:45+08:00][sql] SELECT `more` FROM `cmf_theme_file` WHERE  `theme` = 'default'  AND (  `is_public` = 1 OR `file` = '../home/index/index' ) [ RunTime:0.000549s ]
[2024-12-05T05:28:16+08:00][sql] CONNECT:[ UseTime:0.000553s ] mysql:host=127.0.0.1;port=3306;dbname=zhibo;charset=utf8mb4
[2024-12-05T05:28:16+08:00][sql] SHOW FULL COLUMNS FROM `cmf_hook` [ RunTime:0.001886s ]
[2024-12-05T05:28:16+08:00][sql] SELECT `hook`,`id` FROM `cmf_hook` WHERE  (  (  `app` = '' OR `app` = 'cmf' )  AND `type` = 3 ) OR `type` = 1 [ RunTime:0.000647s ]
[2024-12-05T05:28:16+08:00][sql] SHOW FULL COLUMNS FROM `cmf_hook_plugin` [ RunTime:0.001598s ]
[2024-12-05T05:28:16+08:00][sql] SELECT `hook`,`plugin` FROM `cmf_hook_plugin` WHERE  `status` = 1  AND `hook` IN ('app_begin','module_init','action_begin','view_filter','app_end','log_write','response_end','admin_init','home_init','send_mobile_verification_code','body_start','before_head_end','footer_start','before_footer','before_footer_end','before_body_end','left_sidebar_start','before_left_sidebar_end','right_sidebar_start','before_right_sidebar_end','comment','guestbook','switch_theme','after_content','before_content','log_write_done','switch_admin_theme','captcha_image') ORDER BY `list_order` ASC [ RunTime:0.000665s ]
[2024-12-05T05:29:49+08:00][sql] CONNECT:[ UseTime:0.000522s ] mysql:host=127.0.0.1;port=3306;dbname=zhibo;charset=utf8mb4
[2024-12-05T05:29:49+08:00][sql] SHOW FULL COLUMNS FROM `cmf_hook` [ RunTime:0.001716s ]
[2024-12-05T05:29:49+08:00][sql] SELECT `hook`,`id` FROM `cmf_hook` WHERE  (  (  `app` = '' OR `app` = 'cmf' )  AND `type` = 3 ) OR `type` = 1 [ RunTime:0.000649s ]
[2024-12-05T05:29:49+08:00][sql] SHOW FULL COLUMNS FROM `cmf_hook_plugin` [ RunTime:0.001586s ]
[2024-12-05T05:29:49+08:00][sql] SELECT `hook`,`plugin` FROM `cmf_hook_plugin` WHERE  `status` = 1  AND `hook` IN ('app_begin','module_init','action_begin','view_filter','app_end','log_write','response_end','admin_init','home_init','send_mobile_verification_code','body_start','before_head_end','footer_start','before_footer','before_footer_end','before_body_end','left_sidebar_start','before_left_sidebar_end','right_sidebar_start','before_right_sidebar_end','comment','guestbook','switch_theme','after_content','before_content','log_write_done','switch_admin_theme','captcha_image') ORDER BY `list_order` ASC [ RunTime:0.000736s ]
[2024-12-05T05:30:10+08:00][sql] CONNECT:[ UseTime:0.000486s ] mysql:host=127.0.0.1;port=3306;dbname=zhibo;charset=utf8mb4
[2024-12-05T05:30:10+08:00][sql] SHOW FULL COLUMNS FROM `cmf_hook` [ RunTime:0.001700s ]
[2024-12-05T05:30:10+08:00][sql] SELECT `hook`,`id` FROM `cmf_hook` WHERE  (  (  `app` = '' OR `app` = 'cmf' )  AND `type` = 3 ) OR `type` = 1 [ RunTime:0.000606s ]
[2024-12-05T05:30:10+08:00][sql] SHOW FULL COLUMNS FROM `cmf_hook_plugin` [ RunTime:0.001574s ]
[2024-12-05T05:30:10+08:00][sql] SELECT `hook`,`plugin` FROM `cmf_hook_plugin` WHERE  `status` = 1  AND `hook` IN ('app_begin','module_init','action_begin','view_filter','app_end','log_write','response_end','admin_init','home_init','send_mobile_verification_code','body_start','before_head_end','footer_start','before_footer','before_footer_end','before_body_end','left_sidebar_start','before_left_sidebar_end','right_sidebar_start','before_right_sidebar_end','comment','guestbook','switch_theme','after_content','before_content','log_write_done','switch_admin_theme','captcha_image') ORDER BY `list_order` ASC [ RunTime:0.000708s ]
[2024-12-05T05:30:10+08:00][sql] SHOW FULL COLUMNS FROM `cmf_plugin` [ RunTime:0.002053s ]
[2024-12-05T05:30:10+08:00][sql] SELECT `config` FROM `cmf_plugin` WHERE  `name` = 'Qiniu' LIMIT 1 [ RunTime:0.000562s ]
[2024-12-05T05:30:10+08:00][sql] SHOW FULL COLUMNS FROM `cmf_live` [ RunTime:0.001888s ]
[2024-12-05T05:30:10+08:00][sql] SELECT * FROM `cmf_live` WHERE  ( islive='1' and isrecommend='1' and type='0' and live_type=0 ) [ RunTime:0.000838s ]
[2024-12-05T05:30:10+08:00][sql] SHOW FULL COLUMNS FROM `cmf_slide_item` [ RunTime:0.001626s ]
[2024-12-05T05:30:10+08:00][sql] SELECT * FROM `cmf_slide_item` WHERE  ( status='1' and slide_id='1' ) ORDER BY `list_order` ASC [ RunTime:0.000672s ]
[2024-12-05T05:30:10+08:00][sql] SHOW FULL COLUMNS FROM `cmf_live_class` [ RunTime:0.001547s ]
[2024-12-05T05:30:10+08:00][sql] SELECT * FROM `cmf_live_class` ORDER BY `list_order` LIMIT 5 [ RunTime:0.000549s ]
[2024-12-05T05:30:10+08:00][sql] SELECT * FROM `cmf_live` WHERE  `islive` = 1  AND `live_type` = 0  AND `liveclassid` = 8 ORDER BY `recommend_time` DESC,`starttime` DESC LIMIT 5 [ RunTime:0.000776s ]
[2024-12-05T05:30:10+08:00][sql] SELECT `uid`,`thumb`,`stream`,`title`,`city`,`islive`,`type` FROM `cmf_live` WHERE  ( islive='1' and ishot='1' and live_type=0 ) ORDER BY `isrecommend` DESC,`recommend_time` DESC,`hotvotes` DESC,`starttime` DESC LIMIT 5 [ RunTime:0.000536s ]
[2024-12-05T05:30:10+08:00][sql] SELECT `uid`,`thumb`,`stream`,`title`,`city`,`islive`,`type` FROM `cmf_live` WHERE  ( islive='1' and live_type=0 ) ORDER BY `starttime` DESC LIMIT 5 [ RunTime:0.000448s ]
[2024-12-05T05:30:10+08:00][sql] SHOW FULL COLUMNS FROM `cmf_theme_file` [ RunTime:0.001741s ]
[2024-12-05T05:30:10+08:00][sql] SELECT `more` FROM `cmf_theme_file` WHERE  `theme` = 'default'  AND (  `is_public` = 1 OR `file` = '../home/index/index' ) [ RunTime:0.000555s ]
[2024-12-05T05:30:11+08:00][sql] CONNECT:[ UseTime:0.000493s ] mysql:host=127.0.0.1;port=3306;dbname=zhibo;charset=utf8mb4
[2024-12-05T05:30:11+08:00][sql] SHOW FULL COLUMNS FROM `cmf_hook` [ RunTime:0.001728s ]
[2024-12-05T05:30:11+08:00][sql] SELECT `hook`,`id` FROM `cmf_hook` WHERE  (  (  `app` = '' OR `app` = 'cmf' )  AND `type` = 3 ) OR `type` = 1 [ RunTime:0.000559s ]
[2024-12-05T05:30:11+08:00][sql] SHOW FULL COLUMNS FROM `cmf_hook_plugin` [ RunTime:0.001579s ]
[2024-12-05T05:30:11+08:00][sql] SELECT `hook`,`plugin` FROM `cmf_hook_plugin` WHERE  `status` = 1  AND `hook` IN ('app_begin','module_init','action_begin','view_filter','app_end','log_write','response_end','admin_init','home_init','send_mobile_verification_code','body_start','before_head_end','footer_start','before_footer','before_footer_end','before_body_end','left_sidebar_start','before_left_sidebar_end','right_sidebar_start','before_right_sidebar_end','comment','guestbook','switch_theme','after_content','before_content','log_write_done','switch_admin_theme','captcha_image') ORDER BY `list_order` ASC [ RunTime:0.000651s ]
[2024-12-05T05:30:11+08:00][sql] CONNECT:[ UseTime:0.000483s ] mysql:host=127.0.0.1;port=3306;dbname=zhibo;charset=utf8mb4
[2024-12-05T05:30:11+08:00][sql] SHOW FULL COLUMNS FROM `cmf_hook` [ RunTime:0.001695s ]
[2024-12-05T05:30:11+08:00][sql] SELECT `hook`,`id` FROM `cmf_hook` WHERE  (  (  `app` = '' OR `app` = 'cmf' )  AND `type` = 3 ) OR `type` = 1 [ RunTime:0.000609s ]
[2024-12-05T05:30:11+08:00][sql] SHOW FULL COLUMNS FROM `cmf_hook_plugin` [ RunTime:0.001497s ]
[2024-12-05T05:30:11+08:00][sql] SELECT `hook`,`plugin` FROM `cmf_hook_plugin` WHERE  `status` = 1  AND `hook` IN ('app_begin','module_init','action_begin','view_filter','app_end','log_write','response_end','admin_init','home_init','send_mobile_verification_code','body_start','before_head_end','footer_start','before_footer','before_footer_end','before_body_end','left_sidebar_start','before_left_sidebar_end','right_sidebar_start','before_right_sidebar_end','comment','guestbook','switch_theme','after_content','before_content','log_write_done','switch_admin_theme','captcha_image') ORDER BY `list_order` ASC [ RunTime:0.000647s ]
[2024-12-05T05:39:15+08:00][sql] CONNECT:[ UseTime:0.000575s ] mysql:host=127.0.0.1;port=3306;dbname=zhibo;charset=utf8mb4
[2024-12-05T05:39:15+08:00][sql] SHOW FULL COLUMNS FROM `cmf_hook` [ RunTime:0.001633s ]
[2024-12-05T05:39:15+08:00][sql] SELECT `hook`,`id` FROM `cmf_hook` WHERE  (  (  `app` = '' OR `app` = 'cmf' )  AND `type` = 3 ) OR `type` = 1 [ RunTime:0.000676s ]
[2024-12-05T05:39:15+08:00][sql] SHOW FULL COLUMNS FROM `cmf_hook_plugin` [ RunTime:0.001400s ]
[2024-12-05T05:39:15+08:00][sql] SELECT `hook`,`plugin` FROM `cmf_hook_plugin` WHERE  `status` = 1  AND `hook` IN ('app_begin','module_init','action_begin','view_filter','app_end','log_write','response_end','admin_init','home_init','send_mobile_verification_code','body_start','before_head_end','footer_start','before_footer','before_footer_end','before_body_end','left_sidebar_start','before_left_sidebar_end','right_sidebar_start','before_right_sidebar_end','comment','guestbook','switch_theme','after_content','before_content','log_write_done','switch_admin_theme','captcha_image') ORDER BY `list_order` ASC [ RunTime:0.000658s ]
[2024-12-05T05:39:15+08:00][sql] SHOW FULL COLUMNS FROM `cmf_plugin` [ RunTime:0.001882s ]
[2024-12-05T05:39:15+08:00][sql] SELECT `config` FROM `cmf_plugin` WHERE  `name` = 'Qiniu' LIMIT 1 [ RunTime:0.000599s ]
[2024-12-05T05:39:15+08:00][sql] SHOW FULL COLUMNS FROM `cmf_live` [ RunTime:0.001696s ]
[2024-12-05T05:39:15+08:00][sql] SELECT * FROM `cmf_live` WHERE  ( islive='1' and isrecommend='1' and type='0' and live_type=0 ) [ RunTime:0.000888s ]
[2024-12-05T05:39:15+08:00][sql] SHOW FULL COLUMNS FROM `cmf_slide_item` [ RunTime:0.001378s ]
[2024-12-05T05:39:15+08:00][sql] SELECT * FROM `cmf_slide_item` WHERE  ( status='1' and slide_id='1' ) ORDER BY `list_order` ASC [ RunTime:0.000541s ]
[2024-12-05T05:39:15+08:00][sql] SHOW FULL COLUMNS FROM `cmf_live_class` [ RunTime:0.001298s ]
[2024-12-05T05:39:15+08:00][sql] SELECT * FROM `cmf_live_class` ORDER BY `list_order` LIMIT 5 [ RunTime:0.000581s ]
[2024-12-05T05:39:15+08:00][sql] SELECT * FROM `cmf_live` WHERE  `islive` = 1  AND `live_type` = 0  AND `liveclassid` = 8 ORDER BY `recommend_time` DESC,`starttime` DESC LIMIT 5 [ RunTime:0.000965s ]
[2024-12-05T05:39:15+08:00][sql] SELECT `uid`,`thumb`,`stream`,`title`,`city`,`islive`,`type` FROM `cmf_live` WHERE  ( islive='1' and ishot='1' and live_type=0 ) ORDER BY `isrecommend` DESC,`recommend_time` DESC,`hotvotes` DESC,`starttime` DESC LIMIT 5 [ RunTime:0.000559s ]
[2024-12-05T05:39:15+08:00][sql] SELECT `uid`,`thumb`,`stream`,`title`,`city`,`islive`,`type` FROM `cmf_live` WHERE  ( islive='1' and live_type=0 ) ORDER BY `starttime` DESC LIMIT 5 [ RunTime:0.000471s ]
[2024-12-05T05:39:15+08:00][sql] SHOW FULL COLUMNS FROM `cmf_theme_file` [ RunTime:0.001451s ]
[2024-12-05T05:39:15+08:00][sql] SELECT `more` FROM `cmf_theme_file` WHERE  `theme` = 'default'  AND (  `is_public` = 1 OR `file` = '../home/index/index' ) [ RunTime:0.000566s ]
[2024-12-05T05:39:16+08:00][sql] CONNECT:[ UseTime:0.000483s ] mysql:host=127.0.0.1;port=3306;dbname=zhibo;charset=utf8mb4
[2024-12-05T05:39:16+08:00][sql] SHOW FULL COLUMNS FROM `cmf_hook` [ RunTime:0.001484s ]
[2024-12-05T05:39:16+08:00][sql] SELECT `hook`,`id` FROM `cmf_hook` WHERE  (  (  `app` = '' OR `app` = 'cmf' )  AND `type` = 3 ) OR `type` = 1 [ RunTime:0.000557s ]
[2024-12-05T05:39:16+08:00][sql] SHOW FULL COLUMNS FROM `cmf_hook_plugin` [ RunTime:0.001347s ]
[2024-12-05T05:39:16+08:00][sql] SELECT `hook`,`plugin` FROM `cmf_hook_plugin` WHERE  `status` = 1  AND `hook` IN ('app_begin','module_init','action_begin','view_filter','app_end','log_write','response_end','admin_init','home_init','send_mobile_verification_code','body_start','before_head_end','footer_start','before_footer','before_footer_end','before_body_end','left_sidebar_start','before_left_sidebar_end','right_sidebar_start','before_right_sidebar_end','comment','guestbook','switch_theme','after_content','before_content','log_write_done','switch_admin_theme','captcha_image') ORDER BY `list_order` ASC [ RunTime:0.000705s ]
[2024-12-05T05:39:16+08:00][sql] SHOW FULL COLUMNS FROM `cmf_plugin` [ RunTime:0.001659s ]
[2024-12-05T05:39:16+08:00][sql] SELECT `config` FROM `cmf_plugin` WHERE  `name` = 'Qiniu' LIMIT 1 [ RunTime:0.000536s ]
[2024-12-05T05:39:16+08:00][sql] SHOW FULL COLUMNS FROM `cmf_live` [ RunTime:0.001763s ]
[2024-12-05T05:39:16+08:00][sql] SELECT * FROM `cmf_live` WHERE  ( islive='1' and isrecommend='1' and type='0' and live_type=0 ) [ RunTime:0.000810s ]
[2024-12-05T05:39:16+08:00][sql] SHOW FULL COLUMNS FROM `cmf_slide_item` [ RunTime:0.001452s ]
[2024-12-05T05:39:16+08:00][sql] SELECT * FROM `cmf_slide_item` WHERE  ( status='1' and slide_id='1' ) ORDER BY `list_order` ASC [ RunTime:0.000565s ]
[2024-12-05T05:39:16+08:00][sql] SHOW FULL COLUMNS FROM `cmf_live_class` [ RunTime:0.001438s ]
[2024-12-05T05:39:16+08:00][sql] SELECT * FROM `cmf_live_class` ORDER BY `list_order` LIMIT 5 [ RunTime:0.000473s ]
[2024-12-05T05:39:16+08:00][sql] SELECT * FROM `cmf_live` WHERE  `islive` = 1  AND `live_type` = 0  AND `liveclassid` = 8 ORDER BY `recommend_time` DESC,`starttime` DESC LIMIT 5 [ RunTime:0.000800s ]
[2024-12-05T05:39:16+08:00][sql] SELECT `uid`,`thumb`,`stream`,`title`,`city`,`islive`,`type` FROM `cmf_live` WHERE  ( islive='1' and ishot='1' and live_type=0 ) ORDER BY `isrecommend` DESC,`recommend_time` DESC,`hotvotes` DESC,`starttime` DESC LIMIT 5 [ RunTime:0.000561s ]
[2024-12-05T05:39:16+08:00][sql] SELECT `uid`,`thumb`,`stream`,`title`,`city`,`islive`,`type` FROM `cmf_live` WHERE  ( islive='1' and live_type=0 ) ORDER BY `starttime` DESC LIMIT 5 [ RunTime:0.000475s ]
[2024-12-05T05:39:16+08:00][sql] SHOW FULL COLUMNS FROM `cmf_theme_file` [ RunTime:0.001476s ]
[2024-12-05T05:39:16+08:00][sql] SELECT `more` FROM `cmf_theme_file` WHERE  `theme` = 'default'  AND (  `is_public` = 1 OR `file` = '../home/index/index' ) [ RunTime:0.000570s ]
[2024-12-05T07:58:10+08:00][sql] CONNECT:[ UseTime:0.000573s ] mysql:host=127.0.0.1;port=3306;dbname=zhibo;charset=utf8mb4
[2024-12-05T07:58:10+08:00][sql] SHOW FULL COLUMNS FROM `cmf_hook` [ RunTime:0.001743s ]
[2024-12-05T07:58:10+08:00][sql] SELECT `hook`,`id` FROM `cmf_hook` WHERE  (  (  `app` = '' OR `app` = 'cmf' )  AND `type` = 3 ) OR `type` = 1 [ RunTime:0.000663s ]
[2024-12-05T07:58:10+08:00][sql] SHOW FULL COLUMNS FROM `cmf_hook_plugin` [ RunTime:0.001489s ]
[2024-12-05T07:58:10+08:00][sql] SELECT `hook`,`plugin` FROM `cmf_hook_plugin` WHERE  `status` = 1  AND `hook` IN ('app_begin','module_init','action_begin','view_filter','app_end','log_write','response_end','admin_init','home_init','send_mobile_verification_code','body_start','before_head_end','footer_start','before_footer','before_footer_end','before_body_end','left_sidebar_start','before_left_sidebar_end','right_sidebar_start','before_right_sidebar_end','comment','guestbook','switch_theme','after_content','before_content','log_write_done','switch_admin_theme','captcha_image') ORDER BY `list_order` ASC [ RunTime:0.000707s ]
[2024-12-05T07:59:34+08:00][sql] CONNECT:[ UseTime:0.000542s ] mysql:host=127.0.0.1;port=3306;dbname=zhibo;charset=utf8mb4
[2024-12-05T07:59:34+08:00][sql] SHOW FULL COLUMNS FROM `cmf_hook` [ RunTime:0.001766s ]
[2024-12-05T07:59:34+08:00][sql] SELECT `hook`,`id` FROM `cmf_hook` WHERE  (  (  `app` = '' OR `app` = 'cmf' )  AND `type` = 3 ) OR `type` = 1 [ RunTime:0.000685s ]
[2024-12-05T07:59:34+08:00][sql] SHOW FULL COLUMNS FROM `cmf_hook_plugin` [ RunTime:0.001603s ]
[2024-12-05T07:59:34+08:00][sql] SELECT `hook`,`plugin` FROM `cmf_hook_plugin` WHERE  `status` = 1  AND `hook` IN ('app_begin','module_init','action_begin','view_filter','app_end','log_write','response_end','admin_init','home_init','send_mobile_verification_code','body_start','before_head_end','footer_start','before_footer','before_footer_end','before_body_end','left_sidebar_start','before_left_sidebar_end','right_sidebar_start','before_right_sidebar_end','comment','guestbook','switch_theme','after_content','before_content','log_write_done','switch_admin_theme','captcha_image') ORDER BY `list_order` ASC [ RunTime:0.000703s ]
[2024-12-05T07:59:41+08:00][sql] CONNECT:[ UseTime:0.000492s ] mysql:host=127.0.0.1;port=3306;dbname=zhibo;charset=utf8mb4
[2024-12-05T07:59:41+08:00][sql] SHOW FULL COLUMNS FROM `cmf_hook` [ RunTime:0.001663s ]
[2024-12-05T07:59:41+08:00][sql] SELECT `hook`,`id` FROM `cmf_hook` WHERE  (  (  `app` = '' OR `app` = 'cmf' )  AND `type` = 3 ) OR `type` = 1 [ RunTime:0.000609s ]
[2024-12-05T07:59:41+08:00][sql] SHOW FULL COLUMNS FROM `cmf_hook_plugin` [ RunTime:0.001615s ]
[2024-12-05T07:59:41+08:00][sql] SELECT `hook`,`plugin` FROM `cmf_hook_plugin` WHERE  `status` = 1  AND `hook` IN ('app_begin','module_init','action_begin','view_filter','app_end','log_write','response_end','admin_init','home_init','send_mobile_verification_code','body_start','before_head_end','footer_start','before_footer','before_footer_end','before_body_end','left_sidebar_start','before_left_sidebar_end','right_sidebar_start','before_right_sidebar_end','comment','guestbook','switch_theme','after_content','before_content','log_write_done','switch_admin_theme','captcha_image') ORDER BY `list_order` ASC [ RunTime:0.000689s ]
[2024-12-05T08:07:12+08:00][sql] CONNECT:[ UseTime:0.000592s ] mysql:host=127.0.0.1;port=3306;dbname=zhibo;charset=utf8mb4
[2024-12-05T08:07:12+08:00][sql] SHOW FULL COLUMNS FROM `cmf_hook` [ RunTime:0.001864s ]
[2024-12-05T08:07:12+08:00][sql] SELECT `hook`,`id` FROM `cmf_hook` WHERE  (  (  `app` = '' OR `app` = 'cmf' )  AND `type` = 3 ) OR `type` = 1 [ RunTime:0.000720s ]
[2024-12-05T08:07:12+08:00][sql] SHOW FULL COLUMNS FROM `cmf_hook_plugin` [ RunTime:0.001656s ]
[2024-12-05T08:07:12+08:00][sql] SELECT `hook`,`plugin` FROM `cmf_hook_plugin` WHERE  `status` = 1  AND `hook` IN ('app_begin','module_init','action_begin','view_filter','app_end','log_write','response_end','admin_init','home_init','send_mobile_verification_code','body_start','before_head_end','footer_start','before_footer','before_footer_end','before_body_end','left_sidebar_start','before_left_sidebar_end','right_sidebar_start','before_right_sidebar_end','comment','guestbook','switch_theme','after_content','before_content','log_write_done','switch_admin_theme','captcha_image') ORDER BY `list_order` ASC [ RunTime:0.000681s ]
[2024-12-05T08:07:12+08:00][sql] SHOW FULL COLUMNS FROM `cmf_plugin` [ RunTime:0.002111s ]
[2024-12-05T08:07:12+08:00][sql] SELECT `config` FROM `cmf_plugin` WHERE  `name` = 'Qiniu' LIMIT 1 [ RunTime:0.000621s ]
[2024-12-05T08:07:12+08:00][sql] SHOW FULL COLUMNS FROM `cmf_live` [ RunTime:0.001969s ]
[2024-12-05T08:07:12+08:00][sql] SELECT * FROM `cmf_live` WHERE  ( islive='1' and isrecommend='1' and type='0' and live_type=0 ) [ RunTime:0.000854s ]
[2024-12-05T08:07:12+08:00][sql] SHOW FULL COLUMNS FROM `cmf_slide_item` [ RunTime:0.001596s ]
[2024-12-05T08:07:12+08:00][sql] SELECT * FROM `cmf_slide_item` WHERE  ( status='1' and slide_id='1' ) ORDER BY `list_order` ASC [ RunTime:0.000565s ]
[2024-12-05T08:07:12+08:00][sql] SHOW FULL COLUMNS FROM `cmf_live_class` [ RunTime:0.001505s ]
[2024-12-05T08:07:12+08:00][sql] SELECT * FROM `cmf_live_class` ORDER BY `list_order` LIMIT 5 [ RunTime:0.000478s ]
[2024-12-05T08:07:12+08:00][sql] SELECT * FROM `cmf_live` WHERE  `islive` = 1  AND `live_type` = 0  AND `liveclassid` = 8 ORDER BY `recommend_time` DESC,`starttime` DESC LIMIT 5 [ RunTime:0.000782s ]
[2024-12-05T08:07:12+08:00][sql] SELECT `uid`,`thumb`,`stream`,`title`,`city`,`islive`,`type` FROM `cmf_live` WHERE  ( islive='1' and ishot='1' and live_type=0 ) ORDER BY `isrecommend` DESC,`recommend_time` DESC,`hotvotes` DESC,`starttime` DESC LIMIT 5 [ RunTime:0.000545s ]
[2024-12-05T08:07:12+08:00][sql] SELECT `uid`,`thumb`,`stream`,`title`,`city`,`islive`,`type` FROM `cmf_live` WHERE  ( islive='1' and live_type=0 ) ORDER BY `starttime` DESC LIMIT 5 [ RunTime:0.000502s ]
[2024-12-05T08:07:12+08:00][sql] SHOW FULL COLUMNS FROM `cmf_theme_file` [ RunTime:0.001546s ]
[2024-12-05T08:07:12+08:00][sql] SELECT `more` FROM `cmf_theme_file` WHERE  `theme` = 'default'  AND (  `is_public` = 1 OR `file` = '../home/index/index' ) [ RunTime:0.000573s ]
[2024-12-05T08:20:25+08:00][sql] CONNECT:[ UseTime:0.000583s ] mysql:host=127.0.0.1;port=3306;dbname=zhibo;charset=utf8mb4
[2024-12-05T08:20:25+08:00][sql] SHOW FULL COLUMNS FROM `cmf_hook` [ RunTime:0.001874s ]
[2024-12-05T08:20:25+08:00][sql] SELECT `hook`,`id` FROM `cmf_hook` WHERE  (  (  `app` = '' OR `app` = 'cmf' )  AND `type` = 3 ) OR `type` = 1 [ RunTime:0.000668s ]
[2024-12-05T08:20:25+08:00][sql] SHOW FULL COLUMNS FROM `cmf_hook_plugin` [ RunTime:0.001611s ]
[2024-12-05T08:20:25+08:00][sql] SELECT `hook`,`plugin` FROM `cmf_hook_plugin` WHERE  `status` = 1  AND `hook` IN ('app_begin','module_init','action_begin','view_filter','app_end','log_write','response_end','admin_init','home_init','send_mobile_verification_code','body_start','before_head_end','footer_start','before_footer','before_footer_end','before_body_end','left_sidebar_start','before_left_sidebar_end','right_sidebar_start','before_right_sidebar_end','comment','guestbook','switch_theme','after_content','before_content','log_write_done','switch_admin_theme','captcha_image') ORDER BY `list_order` ASC [ RunTime:0.000713s ]
[2024-12-05T08:20:25+08:00][sql] SHOW FULL COLUMNS FROM `cmf_plugin` [ RunTime:0.002008s ]
[2024-12-05T08:20:25+08:00][sql] SELECT `config` FROM `cmf_plugin` WHERE  `name` = 'Qiniu' LIMIT 1 [ RunTime:0.000538s ]
[2024-12-05T08:20:25+08:00][sql] SHOW FULL COLUMNS FROM `cmf_live` [ RunTime:0.001780s ]
[2024-12-05T08:20:25+08:00][sql] SELECT * FROM `cmf_live` WHERE  ( islive='1' and isrecommend='1' and type='0' and live_type=0 ) [ RunTime:0.000787s ]
[2024-12-05T08:20:25+08:00][sql] SHOW FULL COLUMNS FROM `cmf_slide_item` [ RunTime:0.001587s ]
[2024-12-05T08:20:25+08:00][sql] SELECT * FROM `cmf_slide_item` WHERE  ( status='1' and slide_id='1' ) ORDER BY `list_order` ASC [ RunTime:0.000550s ]
[2024-12-05T08:20:25+08:00][sql] SHOW FULL COLUMNS FROM `cmf_live_class` [ RunTime:0.001442s ]
[2024-12-05T08:20:25+08:00][sql] SELECT * FROM `cmf_live_class` ORDER BY `list_order` LIMIT 5 [ RunTime:0.000527s ]
[2024-12-05T08:20:25+08:00][sql] SELECT * FROM `cmf_live` WHERE  `islive` = 1  AND `live_type` = 0  AND `liveclassid` = 8 ORDER BY `recommend_time` DESC,`starttime` DESC LIMIT 5 [ RunTime:0.000797s ]
[2024-12-05T08:20:25+08:00][sql] SELECT `uid`,`thumb`,`stream`,`title`,`city`,`islive`,`type` FROM `cmf_live` WHERE  ( islive='1' and ishot='1' and live_type=0 ) ORDER BY `isrecommend` DESC,`recommend_time` DESC,`hotvotes` DESC,`starttime` DESC LIMIT 5 [ RunTime:0.000534s ]
[2024-12-05T08:20:25+08:00][sql] SELECT `uid`,`thumb`,`stream`,`title`,`city`,`islive`,`type` FROM `cmf_live` WHERE  ( islive='1' and live_type=0 ) ORDER BY `starttime` DESC LIMIT 5 [ RunTime:0.000446s ]
[2024-12-05T08:20:25+08:00][sql] SHOW FULL COLUMNS FROM `cmf_theme_file` [ RunTime:0.001523s ]
[2024-12-05T08:20:25+08:00][sql] SELECT `more` FROM `cmf_theme_file` WHERE  `theme` = 'default'  AND (  `is_public` = 1 OR `file` = '../home/index/index' ) [ RunTime:0.000472s ]
[2024-12-05T08:29:14+08:00][sql] CONNECT:[ UseTime:0.000576s ] mysql:host=127.0.0.1;port=3306;dbname=zhibo;charset=utf8mb4
[2024-12-05T08:29:14+08:00][sql] SHOW FULL COLUMNS FROM `cmf_hook` [ RunTime:0.001831s ]
[2024-12-05T08:29:14+08:00][sql] SELECT `hook`,`id` FROM `cmf_hook` WHERE  (  (  `app` = '' OR `app` = 'cmf' )  AND `type` = 3 ) OR `type` = 1 [ RunTime:0.000669s ]
[2024-12-05T08:29:14+08:00][sql] SHOW FULL COLUMNS FROM `cmf_hook_plugin` [ RunTime:0.001552s ]
[2024-12-05T08:29:14+08:00][sql] SELECT `hook`,`plugin` FROM `cmf_hook_plugin` WHERE  `status` = 1  AND `hook` IN ('app_begin','module_init','action_begin','view_filter','app_end','log_write','response_end','admin_init','home_init','send_mobile_verification_code','body_start','before_head_end','footer_start','before_footer','before_footer_end','before_body_end','left_sidebar_start','before_left_sidebar_end','right_sidebar_start','before_right_sidebar_end','comment','guestbook','switch_theme','after_content','before_content','log_write_done','switch_admin_theme','captcha_image') ORDER BY `list_order` ASC [ RunTime:0.000700s ]
[2024-12-05T08:29:14+08:00][sql] SHOW FULL COLUMNS FROM `cmf_plugin` [ RunTime:0.002064s ]
[2024-12-05T08:29:14+08:00][sql] SELECT `config` FROM `cmf_plugin` WHERE  `name` = 'Qiniu' LIMIT 1 [ RunTime:0.000591s ]
[2024-12-05T08:29:14+08:00][sql] SHOW FULL COLUMNS FROM `cmf_live` [ RunTime:0.001944s ]
[2024-12-05T08:29:14+08:00][sql] SELECT COUNT(*) AS think_count FROM `cmf_live` WHERE  `islive` = 1  AND `live_type` = 0  AND `ishot` = 1 LIMIT 1 [ RunTime:0.000691s ]
[2024-12-05T08:29:14+08:00][sql] SHOW FULL COLUMNS FROM `cmf_theme_file` [ RunTime:0.001641s ]
[2024-12-05T08:29:14+08:00][sql] SELECT `more` FROM `cmf_theme_file` WHERE  `theme` = 'default'  AND (  `is_public` = 1 OR `file` = '../home/category/hotlive' ) [ RunTime:0.000603s ]
[2024-12-05T08:57:12+08:00][sql] CONNECT:[ UseTime:0.000548s ] mysql:host=127.0.0.1;port=3306;dbname=zhibo;charset=utf8mb4
[2024-12-05T08:57:12+08:00][sql] SHOW FULL COLUMNS FROM `cmf_hook` [ RunTime:0.001720s ]
[2024-12-05T08:57:12+08:00][sql] SELECT `hook`,`id` FROM `cmf_hook` WHERE  (  (  `app` = '' OR `app` = 'cmf' )  AND `type` = 3 ) OR `type` = 1 [ RunTime:0.000681s ]
[2024-12-05T08:57:12+08:00][sql] SHOW FULL COLUMNS FROM `cmf_hook_plugin` [ RunTime:0.001316s ]
[2024-12-05T08:57:12+08:00][sql] SELECT `hook`,`plugin` FROM `cmf_hook_plugin` WHERE  `status` = 1  AND `hook` IN ('app_begin','module_init','action_begin','view_filter','app_end','log_write','response_end','admin_init','home_init','send_mobile_verification_code','body_start','before_head_end','footer_start','before_footer','before_footer_end','before_body_end','left_sidebar_start','before_left_sidebar_end','right_sidebar_start','before_right_sidebar_end','comment','guestbook','switch_theme','after_content','before_content','log_write_done','switch_admin_theme','captcha_image') ORDER BY `list_order` ASC [ RunTime:0.000711s ]
[2024-12-05T08:57:12+08:00][sql] SHOW FULL COLUMNS FROM `cmf_plugin` [ RunTime:0.001812s ]
[2024-12-05T08:57:12+08:00][sql] SELECT `config` FROM `cmf_plugin` WHERE  `name` = 'Qiniu' LIMIT 1 [ RunTime:0.000594s ]
[2024-12-05T08:57:12+08:00][sql] SHOW FULL COLUMNS FROM `cmf_user` [ RunTime:0.001875s ]
[2024-12-05T08:57:12+08:00][sql] SELECT `id`,`user_login`,`user_nickname`,`avatar`,`avatar_thumb`,`sex`,`signature`,`consumption`,`votestotal`,`province`,`city`,`coin`,`votes`,`birthday`,`issuper` FROM `cmf_user` WHERE  `id` = 2 LIMIT 1 [ RunTime:0.001506s ]
[2024-12-05T08:57:12+08:00][sql] SHOW FULL COLUMNS FROM `cmf_vip_user` [ RunTime:0.002206s ]
[2024-12-05T08:57:12+08:00][sql] SELECT * FROM `cmf_vip_user` WHERE  `uid` = 2 LIMIT 1 [ RunTime:0.000435s ]
[2024-12-05T08:57:12+08:00][sql] SHOW FULL COLUMNS FROM `cmf_liang` [ RunTime:0.001415s ]
[2024-12-05T08:57:12+08:00][sql] SELECT * FROM `cmf_liang` WHERE  ( status=1 and state=1 )  AND `uid` = 2 LIMIT 1 [ RunTime:0.000557s ]
[2024-12-05T08:57:12+08:00][sql] SHOW FULL COLUMNS FROM `cmf_user_token` [ RunTime:0.001355s ]
[2024-12-05T08:57:12+08:00][sql] SELECT `token` FROM `cmf_user_token` WHERE  ( user_id=2 ) LIMIT 1 [ RunTime:0.000405s ]
[2024-12-05T08:57:12+08:00][sql] SELECT `id`,`user_login`,`user_nickname`,`avatar`,`avatar_thumb`,`sex`,`signature`,`consumption`,`votestotal`,`province`,`city`,`coin`,`votes`,`birthday`,`issuper` FROM `cmf_user` WHERE  `id` = 2 LIMIT 1 [ RunTime:0.000505s ]
[2024-12-05T08:57:12+08:00][sql] SELECT * FROM `cmf_vip_user` WHERE  `uid` = 2 LIMIT 1 [ RunTime:0.000475s ]
[2024-12-05T08:57:12+08:00][sql] SELECT * FROM `cmf_liang` WHERE  ( status=1 and state=1 )  AND `uid` = 2 LIMIT 1 [ RunTime:0.000482s ]
[2024-12-05T08:57:12+08:00][sql] SELECT `token` FROM `cmf_user_token` WHERE  ( user_id=2 ) LIMIT 1 [ RunTime:0.000332s ]
[2024-12-05T08:57:12+08:00][sql] SHOW FULL COLUMNS FROM `cmf_live` [ RunTime:0.001660s ]
[2024-12-05T08:57:12+08:00][sql] SELECT * FROM `cmf_live` WHERE  ( islive='1' and isrecommend='1' and type='0' and live_type=0 ) [ RunTime:0.000826s ]
[2024-12-05T08:57:12+08:00][sql] SHOW FULL COLUMNS FROM `cmf_slide_item` [ RunTime:0.001463s ]
[2024-12-05T08:57:12+08:00][sql] SELECT * FROM `cmf_slide_item` WHERE  ( status='1' and slide_id='1' ) ORDER BY `list_order` ASC [ RunTime:0.000601s ]
[2024-12-05T08:57:12+08:00][sql] SHOW FULL COLUMNS FROM `cmf_live_class` [ RunTime:0.001359s ]
[2024-12-05T08:57:12+08:00][sql] SELECT * FROM `cmf_live_class` ORDER BY `list_order` LIMIT 5 [ RunTime:0.000484s ]
[2024-12-05T08:57:12+08:00][sql] SELECT * FROM `cmf_live` WHERE  `islive` = 1  AND `live_type` = 0  AND `liveclassid` = 8 ORDER BY `recommend_time` DESC,`starttime` DESC LIMIT 5 [ RunTime:0.000767s ]
[2024-12-05T08:57:12+08:00][sql] SELECT `uid`,`thumb`,`stream`,`title`,`city`,`islive`,`type` FROM `cmf_live` WHERE  ( islive='1' and ishot='1' and live_type=0 ) ORDER BY `isrecommend` DESC,`recommend_time` DESC,`hotvotes` DESC,`starttime` DESC LIMIT 5 [ RunTime:0.000541s ]
[2024-12-05T08:57:12+08:00][sql] SELECT `uid`,`thumb`,`stream`,`title`,`city`,`islive`,`type` FROM `cmf_live` WHERE  ( islive='1' and live_type=0 ) ORDER BY `starttime` DESC LIMIT 5 [ RunTime:0.000506s ]
[2024-12-05T08:57:12+08:00][sql] SHOW FULL COLUMNS FROM `cmf_theme_file` [ RunTime:0.001392s ]
[2024-12-05T08:57:12+08:00][sql] SELECT `more` FROM `cmf_theme_file` WHERE  `theme` = 'default'  AND (  `is_public` = 1 OR `file` = '../home/index/index' ) [ RunTime:0.000483s ]
[2024-12-05T08:57:13+08:00][sql] CONNECT:[ UseTime:0.000487s ] mysql:host=127.0.0.1;port=3306;dbname=zhibo;charset=utf8mb4
[2024-12-05T08:57:13+08:00][sql] SHOW FULL COLUMNS FROM `cmf_hook` [ RunTime:0.001447s ]
[2024-12-05T08:57:13+08:00][sql] SELECT `hook`,`id` FROM `cmf_hook` WHERE  (  (  `app` = '' OR `app` = 'cmf' )  AND `type` = 3 ) OR `type` = 1 [ RunTime:0.000555s ]
[2024-12-05T08:57:13+08:00][sql] SHOW FULL COLUMNS FROM `cmf_hook_plugin` [ RunTime:0.001339s ]
[2024-12-05T08:57:13+08:00][sql] SELECT `hook`,`plugin` FROM `cmf_hook_plugin` WHERE  `status` = 1  AND `hook` IN ('app_begin','module_init','action_begin','view_filter','app_end','log_write','response_end','admin_init','home_init','send_mobile_verification_code','body_start','before_head_end','footer_start','before_footer','before_footer_end','before_body_end','left_sidebar_start','before_left_sidebar_end','right_sidebar_start','before_right_sidebar_end','comment','guestbook','switch_theme','after_content','before_content','log_write_done','switch_admin_theme','captcha_image') ORDER BY `list_order` ASC [ RunTime:0.000689s ]
[2024-12-05T08:57:13+08:00][sql] SHOW FULL COLUMNS FROM `cmf_plugin` [ RunTime:0.001630s ]
[2024-12-05T08:57:13+08:00][sql] SELECT `config` FROM `cmf_plugin` WHERE  `name` = 'Qiniu' LIMIT 1 [ RunTime:0.000539s ]
[2024-12-05T08:57:13+08:00][sql] SHOW FULL COLUMNS FROM `cmf_user` [ RunTime:0.001865s ]
[2024-12-05T08:57:13+08:00][sql] SELECT `id`,`user_login`,`user_nickname`,`avatar`,`avatar_thumb`,`sex`,`signature`,`consumption`,`votestotal`,`province`,`city`,`coin`,`votes`,`birthday`,`issuper` FROM `cmf_user` WHERE  `id` = 2 LIMIT 1 [ RunTime:0.000645s ]
[2024-12-05T08:57:13+08:00][sql] SHOW FULL COLUMNS FROM `cmf_vip_user` [ RunTime:0.001333s ]
[2024-12-05T08:57:13+08:00][sql] SELECT * FROM `cmf_vip_user` WHERE  `uid` = 2 LIMIT 1 [ RunTime:0.000494s ]
[2024-12-05T08:57:13+08:00][sql] SHOW FULL COLUMNS FROM `cmf_liang` [ RunTime:0.001396s ]
[2024-12-05T08:57:13+08:00][sql] SELECT * FROM `cmf_liang` WHERE  ( status=1 and state=1 )  AND `uid` = 2 LIMIT 1 [ RunTime:0.000522s ]
[2024-12-05T08:57:13+08:00][sql] SHOW FULL COLUMNS FROM `cmf_user_token` [ RunTime:0.001324s ]
[2024-12-05T08:57:13+08:00][sql] SELECT `token` FROM `cmf_user_token` WHERE  ( user_id=2 ) LIMIT 1 [ RunTime:0.000417s ]
[2024-12-05T08:57:13+08:00][sql] SELECT `id`,`user_login`,`user_nickname`,`avatar`,`avatar_thumb`,`sex`,`signature`,`consumption`,`votestotal`,`province`,`city`,`coin`,`votes`,`birthday`,`issuper` FROM `cmf_user` WHERE  `id` = 2 LIMIT 1 [ RunTime:0.000515s ]
[2024-12-05T08:57:13+08:00][sql] SELECT * FROM `cmf_vip_user` WHERE  `uid` = 2 LIMIT 1 [ RunTime:0.000473s ]
[2024-12-05T08:57:13+08:00][sql] SELECT * FROM `cmf_liang` WHERE  ( status=1 and state=1 )  AND `uid` = 2 LIMIT 1 [ RunTime:0.000430s ]
[2024-12-05T08:57:13+08:00][sql] SELECT `token` FROM `cmf_user_token` WHERE  ( user_id=2 ) LIMIT 1 [ RunTime:0.000366s ]
[2024-12-05T08:57:13+08:00][sql] SHOW FULL COLUMNS FROM `cmf_slide_item` [ RunTime:0.001320s ]
[2024-12-05T08:57:13+08:00][sql] SELECT * FROM `cmf_slide_item` WHERE  ( status='1' and slide_id='6' ) ORDER BY `list_order` ASC [ RunTime:0.000505s ]
[2024-12-05T08:57:13+08:00][sql] SHOW FULL COLUMNS FROM `cmf_live` [ RunTime:0.001467s ]
[2024-12-05T08:57:13+08:00][sql] SELECT `uid`,`title`,`city`,`stream`,`pull`,`thumb`,`type` FROM `cmf_live` WHERE  `islive` = 1  AND `live_type` = 0  AND `ishot` = 1 ORDER BY `recommend_time` DESC,`starttime` DESC LIMIT 0,20 [ RunTime:0.000608s ]
[2024-12-05T08:57:13+08:00][sql] SHOW FULL COLUMNS FROM `cmf_theme_file` [ RunTime:0.001350s ]
[2024-12-05T08:57:13+08:00][sql] SELECT `more` FROM `cmf_theme_file` WHERE  `theme` = 'default'  AND (  `is_public` = 1 OR `file` = '../wxshare/share/index' ) [ RunTime:0.000521s ]
[2024-12-05T08:57:13+08:00][sql] CONNECT:[ UseTime:0.000493s ] mysql:host=127.0.0.1;port=3306;dbname=zhibo;charset=utf8mb4
[2024-12-05T08:57:13+08:00][sql] SHOW FULL COLUMNS FROM `cmf_hook` [ RunTime:0.001501s ]
[2024-12-05T08:57:13+08:00][sql] SELECT `hook`,`id` FROM `cmf_hook` WHERE  (  (  `app` = '' OR `app` = 'cmf' )  AND `type` = 3 ) OR `type` = 1 [ RunTime:0.000616s ]
[2024-12-05T08:57:13+08:00][sql] SHOW FULL COLUMNS FROM `cmf_hook_plugin` [ RunTime:0.001359s ]
[2024-12-05T08:57:13+08:00][sql] SELECT `hook`,`plugin` FROM `cmf_hook_plugin` WHERE  `status` = 1  AND `hook` IN ('app_begin','module_init','action_begin','view_filter','app_end','log_write','response_end','admin_init','home_init','send_mobile_verification_code','body_start','before_head_end','footer_start','before_footer','before_footer_end','before_body_end','left_sidebar_start','before_left_sidebar_end','right_sidebar_start','before_right_sidebar_end','comment','guestbook','switch_theme','after_content','before_content','log_write_done','switch_admin_theme','captcha_image') ORDER BY `list_order` ASC [ RunTime:0.000698s ]
[2024-12-05T08:57:13+08:00][sql] CONNECT:[ UseTime:0.000483s ] mysql:host=127.0.0.1;port=3306;dbname=zhibo;charset=utf8mb4
[2024-12-05T08:57:13+08:00][sql] SHOW FULL COLUMNS FROM `cmf_hook` [ RunTime:0.001281s ]
[2024-12-05T08:57:13+08:00][sql] SELECT `hook`,`id` FROM `cmf_hook` WHERE  (  (  `app` = '' OR `app` = 'cmf' )  AND `type` = 3 ) OR `type` = 1 [ RunTime:0.000560s ]
[2024-12-05T08:57:13+08:00][sql] SHOW FULL COLUMNS FROM `cmf_hook_plugin` [ RunTime:0.001192s ]
[2024-12-05T08:57:13+08:00][sql] SELECT `hook`,`plugin` FROM `cmf_hook_plugin` WHERE  `status` = 1  AND `hook` IN ('app_begin','module_init','action_begin','view_filter','app_end','log_write','response_end','admin_init','home_init','send_mobile_verification_code','body_start','before_head_end','footer_start','before_footer','before_footer_end','before_body_end','left_sidebar_start','before_left_sidebar_end','right_sidebar_start','before_right_sidebar_end','comment','guestbook','switch_theme','after_content','before_content','log_write_done','switch_admin_theme','captcha_image') ORDER BY `list_order` ASC [ RunTime:0.000636s ]
[2024-12-05T08:57:15+08:00][sql] CONNECT:[ UseTime:0.000478s ] mysql:host=127.0.0.1;port=3306;dbname=zhibo;charset=utf8mb4
[2024-12-05T08:57:15+08:00][sql] SHOW FULL COLUMNS FROM `cmf_hook` [ RunTime:0.001513s ]
[2024-12-05T08:57:15+08:00][sql] SELECT `hook`,`id` FROM `cmf_hook` WHERE  (  (  `app` = '' OR `app` = 'cmf' )  AND `type` = 3 ) OR `type` = 1 [ RunTime:0.000634s ]
[2024-12-05T08:57:15+08:00][sql] SHOW FULL COLUMNS FROM `cmf_hook_plugin` [ RunTime:0.001444s ]
[2024-12-05T08:57:15+08:00][sql] SELECT `hook`,`plugin` FROM `cmf_hook_plugin` WHERE  `status` = 1  AND `hook` IN ('app_begin','module_init','action_begin','view_filter','app_end','log_write','response_end','admin_init','home_init','send_mobile_verification_code','body_start','before_head_end','footer_start','before_footer','before_footer_end','before_body_end','left_sidebar_start','before_left_sidebar_end','right_sidebar_start','before_right_sidebar_end','comment','guestbook','switch_theme','after_content','before_content','log_write_done','switch_admin_theme','captcha_image') ORDER BY `list_order` ASC [ RunTime:0.000712s ]
[2024-12-05T08:57:15+08:00][sql] SHOW FULL COLUMNS FROM `cmf_plugin` [ RunTime:0.001638s ]
[2024-12-05T08:57:15+08:00][sql] SELECT `config` FROM `cmf_plugin` WHERE  `name` = 'Qiniu' LIMIT 1 [ RunTime:0.000523s ]
[2024-12-05T08:57:15+08:00][sql] SHOW FULL COLUMNS FROM `cmf_user` [ RunTime:0.001870s ]
[2024-12-05T08:57:15+08:00][sql] SELECT `id`,`user_login`,`user_nickname`,`avatar`,`avatar_thumb`,`sex`,`signature`,`consumption`,`votestotal`,`province`,`city`,`coin`,`votes`,`birthday`,`issuper` FROM `cmf_user` WHERE  `id` = 2 LIMIT 1 [ RunTime:0.000654s ]
[2024-12-05T08:57:15+08:00][sql] SHOW FULL COLUMNS FROM `cmf_vip_user` [ RunTime:0.001340s ]
[2024-12-05T08:57:15+08:00][sql] SELECT * FROM `cmf_vip_user` WHERE  `uid` = 2 LIMIT 1 [ RunTime:0.000423s ]
[2024-12-05T08:57:15+08:00][sql] SHOW FULL COLUMNS FROM `cmf_liang` [ RunTime:0.001332s ]
[2024-12-05T08:57:15+08:00][sql] SELECT * FROM `cmf_liang` WHERE  ( status=1 and state=1 )  AND `uid` = 2 LIMIT 1 [ RunTime:0.000511s ]
[2024-12-05T08:57:15+08:00][sql] SHOW FULL COLUMNS FROM `cmf_user_token` [ RunTime:0.001278s ]
[2024-12-05T08:57:15+08:00][sql] SELECT `token` FROM `cmf_user_token` WHERE  ( user_id=2 ) LIMIT 1 [ RunTime:0.000356s ]
[2024-12-05T08:57:15+08:00][sql] SELECT `id`,`user_login`,`user_nickname`,`avatar`,`avatar_thumb`,`sex`,`signature`,`consumption`,`votestotal`,`province`,`city`,`coin`,`votes`,`birthday`,`issuper` FROM `cmf_user` WHERE  `id` = 2 LIMIT 1 [ RunTime:0.000569s ]
[2024-12-05T08:57:15+08:00][sql] SELECT * FROM `cmf_vip_user` WHERE  `uid` = 2 LIMIT 1 [ RunTime:0.000479s ]
[2024-12-05T08:57:15+08:00][sql] SELECT * FROM `cmf_liang` WHERE  ( status=1 and state=1 )  AND `uid` = 2 LIMIT 1 [ RunTime:0.000579s ]
[2024-12-05T08:57:15+08:00][sql] SELECT `token` FROM `cmf_user_token` WHERE  ( user_id=2 ) LIMIT 1 [ RunTime:0.000457s ]
[2024-12-05T08:57:15+08:00][sql] SELECT `id`,`user_login`,`user_nickname`,`avatar`,`avatar_thumb`,`sex`,`signature`,`consumption`,`votestotal`,`province`,`city`,`coin`,`votes`,`birthday`,`issuper` FROM `cmf_user` WHERE  `id` = 2 LIMIT 1 [ RunTime:0.000609s ]
[2024-12-05T08:57:15+08:00][sql] SELECT * FROM `cmf_vip_user` WHERE  `uid` = 2 LIMIT 1 [ RunTime:0.000493s ]
[2024-12-05T08:57:15+08:00][sql] SELECT * FROM `cmf_liang` WHERE  ( status=1 and state=1 )  AND `uid` = 2 LIMIT 1 [ RunTime:0.000561s ]
[2024-12-05T08:57:15+08:00][sql] SELECT `token` FROM `cmf_user_token` WHERE  ( user_id=2 ) LIMIT 1 [ RunTime:0.000347s ]
[2024-12-05T08:57:15+08:00][sql] SHOW FULL COLUMNS FROM `cmf_user_attention` [ RunTime:0.001422s ]
[2024-12-05T08:57:15+08:00][sql] SELECT COUNT(*) AS think_count FROM `cmf_user_attention` WHERE  `uid` = 2 LIMIT 1 [ RunTime:0.000487s ]
[2024-12-05T08:57:15+08:00][sql] SELECT COUNT(*) AS think_count FROM `cmf_user_attention` WHERE  `touid` = 2 LIMIT 1 [ RunTime:0.000413s ]
[2024-12-05T08:57:15+08:00][sql] SHOW FULL COLUMNS FROM `cmf_theme_file` [ RunTime:0.001565s ]
[2024-12-05T08:57:15+08:00][sql] SELECT `more` FROM `cmf_theme_file` WHERE  `theme` = 'default'  AND (  `is_public` = 1 OR `file` = '../wxshare/user/index' ) [ RunTime:0.000518s ]
[2024-12-05T08:59:01+08:00][sql] CONNECT:[ UseTime:0.000547s ] mysql:host=127.0.0.1;port=3306;dbname=zhibo;charset=utf8mb4
[2024-12-05T08:59:01+08:00][sql] SHOW FULL COLUMNS FROM `cmf_hook` [ RunTime:0.001651s ]
[2024-12-05T08:59:01+08:00][sql] SELECT `hook`,`id` FROM `cmf_hook` WHERE  (  (  `app` = '' OR `app` = 'cmf' )  AND `type` = 3 ) OR `type` = 1 [ RunTime:0.000690s ]
[2024-12-05T08:59:01+08:00][sql] SHOW FULL COLUMNS FROM `cmf_hook_plugin` [ RunTime:0.001366s ]
[2024-12-05T08:59:01+08:00][sql] SELECT `hook`,`plugin` FROM `cmf_hook_plugin` WHERE  `status` = 1  AND `hook` IN ('app_begin','module_init','action_begin','view_filter','app_end','log_write','response_end','admin_init','home_init','send_mobile_verification_code','body_start','before_head_end','footer_start','before_footer','before_footer_end','before_body_end','left_sidebar_start','before_left_sidebar_end','right_sidebar_start','before_right_sidebar_end','comment','guestbook','switch_theme','after_content','before_content','log_write_done','switch_admin_theme','captcha_image') ORDER BY `list_order` ASC [ RunTime:0.000719s ]
[2024-12-05T08:59:01+08:00][sql] SHOW FULL COLUMNS FROM `cmf_plugin` [ RunTime:0.001647s ]
[2024-12-05T08:59:01+08:00][sql] SELECT `config` FROM `cmf_plugin` WHERE  `name` = 'Qiniu' LIMIT 1 [ RunTime:0.000514s ]
[2024-12-05T08:59:01+08:00][sql] SHOW FULL COLUMNS FROM `cmf_live` [ RunTime:0.001755s ]
[2024-12-05T08:59:01+08:00][sql] SELECT * FROM `cmf_live` WHERE  ( islive='1' and isrecommend='1' and type='0' and live_type=0 ) [ RunTime:0.000736s ]
[2024-12-05T08:59:01+08:00][sql] SHOW FULL COLUMNS FROM `cmf_slide_item` [ RunTime:0.001433s ]
[2024-12-05T08:59:01+08:00][sql] SELECT * FROM `cmf_slide_item` WHERE  ( status='1' and slide_id='1' ) ORDER BY `list_order` ASC [ RunTime:0.000526s ]
[2024-12-05T08:59:01+08:00][sql] SHOW FULL COLUMNS FROM `cmf_live_class` [ RunTime:0.001341s ]
[2024-12-05T08:59:01+08:00][sql] SELECT * FROM `cmf_live_class` ORDER BY `list_order` LIMIT 5 [ RunTime:0.000454s ]
[2024-12-05T08:59:01+08:00][sql] SELECT * FROM `cmf_live` WHERE  `islive` = 1  AND `live_type` = 0  AND `liveclassid` = 8 ORDER BY `recommend_time` DESC,`starttime` DESC LIMIT 5 [ RunTime:0.000747s ]
[2024-12-05T08:59:01+08:00][sql] SELECT `uid`,`thumb`,`stream`,`title`,`city`,`islive`,`type` FROM `cmf_live` WHERE  ( islive='1' and ishot='1' and live_type=0 ) ORDER BY `isrecommend` DESC,`recommend_time` DESC,`hotvotes` DESC,`starttime` DESC LIMIT 5 [ RunTime:0.000529s ]
[2024-12-05T08:59:01+08:00][sql] SELECT `uid`,`thumb`,`stream`,`title`,`city`,`islive`,`type` FROM `cmf_live` WHERE  ( islive='1' and live_type=0 ) ORDER BY `starttime` DESC LIMIT 5 [ RunTime:0.000444s ]
[2024-12-05T08:59:01+08:00][sql] SHOW FULL COLUMNS FROM `cmf_theme_file` [ RunTime:0.001366s ]
[2024-12-05T08:59:01+08:00][sql] SELECT `more` FROM `cmf_theme_file` WHERE  `theme` = 'default'  AND (  `is_public` = 1 OR `file` = '../home/index/index' ) [ RunTime:0.000470s ]
[2024-12-05T08:59:01+08:00][sql] CONNECT:[ UseTime:0.000453s ] mysql:host=127.0.0.1;port=3306;dbname=zhibo;charset=utf8mb4
[2024-12-05T08:59:01+08:00][sql] SHOW FULL COLUMNS FROM `cmf_hook` [ RunTime:0.001485s ]
[2024-12-05T08:59:01+08:00][sql] SELECT `hook`,`id` FROM `cmf_hook` WHERE  (  (  `app` = '' OR `app` = 'cmf' )  AND `type` = 3 ) OR `type` = 1 [ RunTime:0.000611s ]
[2024-12-05T08:59:01+08:00][sql] SHOW FULL COLUMNS FROM `cmf_hook_plugin` [ RunTime:0.001448s ]
[2024-12-05T08:59:01+08:00][sql] SELECT `hook`,`plugin` FROM `cmf_hook_plugin` WHERE  `status` = 1  AND `hook` IN ('app_begin','module_init','action_begin','view_filter','app_end','log_write','response_end','admin_init','home_init','send_mobile_verification_code','body_start','before_head_end','footer_start','before_footer','before_footer_end','before_body_end','left_sidebar_start','before_left_sidebar_end','right_sidebar_start','before_right_sidebar_end','comment','guestbook','switch_theme','after_content','before_content','log_write_done','switch_admin_theme','captcha_image') ORDER BY `list_order` ASC [ RunTime:0.000662s ]
[2024-12-05T08:59:01+08:00][sql] SHOW FULL COLUMNS FROM `cmf_plugin` [ RunTime:0.001633s ]
[2024-12-05T08:59:01+08:00][sql] SELECT `config` FROM `cmf_plugin` WHERE  `name` = 'Qiniu' LIMIT 1 [ RunTime:0.000474s ]
[2024-12-05T08:59:01+08:00][sql] SHOW FULL COLUMNS FROM `cmf_slide_item` [ RunTime:0.001494s ]
[2024-12-05T08:59:01+08:00][sql] SELECT * FROM `cmf_slide_item` WHERE  ( status='1' and slide_id='6' ) ORDER BY `list_order` ASC [ RunTime:0.000617s ]
[2024-12-05T08:59:01+08:00][sql] SHOW FULL COLUMNS FROM `cmf_live` [ RunTime:0.001660s ]
[2024-12-05T08:59:01+08:00][sql] SELECT `uid`,`title`,`city`,`stream`,`pull`,`thumb`,`type` FROM `cmf_live` WHERE  `islive` = 1  AND `live_type` = 0  AND `ishot` = 1 ORDER BY `recommend_time` DESC,`starttime` DESC LIMIT 0,20 [ RunTime:0.000659s ]
[2024-12-05T08:59:01+08:00][sql] SHOW FULL COLUMNS FROM `cmf_theme_file` [ RunTime:0.001408s ]
[2024-12-05T08:59:01+08:00][sql] SELECT `more` FROM `cmf_theme_file` WHERE  `theme` = 'default'  AND (  `is_public` = 1 OR `file` = '../wxshare/share/index' ) [ RunTime:0.000547s ]
[2024-12-05T08:59:02+08:00][sql] CONNECT:[ UseTime:0.000485s ] mysql:host=127.0.0.1;port=3306;dbname=zhibo;charset=utf8mb4
[2024-12-05T08:59:02+08:00][sql] SHOW FULL COLUMNS FROM `cmf_hook` [ RunTime:0.001473s ]
[2024-12-05T08:59:02+08:00][sql] SELECT `hook`,`id` FROM `cmf_hook` WHERE  (  (  `app` = '' OR `app` = 'cmf' )  AND `type` = 3 ) OR `type` = 1 [ RunTime:0.000598s ]
[2024-12-05T08:59:02+08:00][sql] SHOW FULL COLUMNS FROM `cmf_hook_plugin` [ RunTime:0.001330s ]
[2024-12-05T08:59:02+08:00][sql] SELECT `hook`,`plugin` FROM `cmf_hook_plugin` WHERE  `status` = 1  AND `hook` IN ('app_begin','module_init','action_begin','view_filter','app_end','log_write','response_end','admin_init','home_init','send_mobile_verification_code','body_start','before_head_end','footer_start','before_footer','before_footer_end','before_body_end','left_sidebar_start','before_left_sidebar_end','right_sidebar_start','before_right_sidebar_end','comment','guestbook','switch_theme','after_content','before_content','log_write_done','switch_admin_theme','captcha_image') ORDER BY `list_order` ASC [ RunTime:0.000702s ]
[2024-12-05T08:59:02+08:00][sql] CONNECT:[ UseTime:0.000488s ] mysql:host=127.0.0.1;port=3306;dbname=zhibo;charset=utf8mb4
[2024-12-05T08:59:02+08:00][sql] SHOW FULL COLUMNS FROM `cmf_hook` [ RunTime:0.001535s ]
[2024-12-05T08:59:02+08:00][sql] SELECT `hook`,`id` FROM `cmf_hook` WHERE  (  (  `app` = '' OR `app` = 'cmf' )  AND `type` = 3 ) OR `type` = 1 [ RunTime:0.000619s ]
[2024-12-05T08:59:02+08:00][sql] SHOW FULL COLUMNS FROM `cmf_hook_plugin` [ RunTime:0.001419s ]
[2024-12-05T08:59:02+08:00][sql] SELECT `hook`,`plugin` FROM `cmf_hook_plugin` WHERE  `status` = 1  AND `hook` IN ('app_begin','module_init','action_begin','view_filter','app_end','log_write','response_end','admin_init','home_init','send_mobile_verification_code','body_start','before_head_end','footer_start','before_footer','before_footer_end','before_body_end','left_sidebar_start','before_left_sidebar_end','right_sidebar_start','before_right_sidebar_end','comment','guestbook','switch_theme','after_content','before_content','log_write_done','switch_admin_theme','captcha_image') ORDER BY `list_order` ASC [ RunTime:0.000699s ]
[2024-12-05T08:59:25+08:00][sql] CONNECT:[ UseTime:0.000490s ] mysql:host=127.0.0.1;port=3306;dbname=zhibo;charset=utf8mb4
[2024-12-05T08:59:25+08:00][sql] SHOW FULL COLUMNS FROM `cmf_hook` [ RunTime:0.001508s ]
[2024-12-05T08:59:25+08:00][sql] SELECT `hook`,`id` FROM `cmf_hook` WHERE  (  (  `app` = '' OR `app` = 'cmf' )  AND `type` = 3 ) OR `type` = 1 [ RunTime:0.000611s ]
[2024-12-05T08:59:25+08:00][sql] SHOW FULL COLUMNS FROM `cmf_hook_plugin` [ RunTime:0.001391s ]
[2024-12-05T08:59:25+08:00][sql] SELECT `hook`,`plugin` FROM `cmf_hook_plugin` WHERE  `status` = 1  AND `hook` IN ('app_begin','module_init','action_begin','view_filter','app_end','log_write','response_end','admin_init','home_init','send_mobile_verification_code','body_start','before_head_end','footer_start','before_footer','before_footer_end','before_body_end','left_sidebar_start','before_left_sidebar_end','right_sidebar_start','before_right_sidebar_end','comment','guestbook','switch_theme','after_content','before_content','log_write_done','switch_admin_theme','captcha_image') ORDER BY `list_order` ASC [ RunTime:0.000652s ]
[2024-12-05T08:59:25+08:00][sql] SHOW FULL COLUMNS FROM `cmf_plugin` [ RunTime:0.001663s ]
[2024-12-05T08:59:25+08:00][sql] SELECT `config` FROM `cmf_plugin` WHERE  `name` = 'Qiniu' LIMIT 1 [ RunTime:0.000511s ]
[2024-12-05T08:59:25+08:00][sql] SHOW FULL COLUMNS FROM `cmf_slide_item` [ RunTime:0.001526s ]
[2024-12-05T08:59:25+08:00][sql] SELECT * FROM `cmf_slide_item` WHERE  ( status='1' and slide_id='6' ) ORDER BY `list_order` ASC [ RunTime:0.000608s ]
[2024-12-05T08:59:25+08:00][sql] SHOW FULL COLUMNS FROM `cmf_live` [ RunTime:0.001636s ]
[2024-12-05T08:59:25+08:00][sql] SELECT `uid`,`title`,`city`,`stream`,`pull`,`thumb`,`type` FROM `cmf_live` WHERE  `islive` = 1  AND `live_type` = 0  AND `ishot` = 1 ORDER BY `recommend_time` DESC,`starttime` DESC LIMIT 0,20 [ RunTime:0.000656s ]
[2024-12-05T08:59:25+08:00][sql] SHOW FULL COLUMNS FROM `cmf_theme_file` [ RunTime:0.001442s ]
[2024-12-05T08:59:25+08:00][sql] SELECT `more` FROM `cmf_theme_file` WHERE  `theme` = 'default'  AND (  `is_public` = 1 OR `file` = '../wxshare/share/index' ) [ RunTime:0.000545s ]
[2024-12-05T08:59:47+08:00][sql] CONNECT:[ UseTime:0.000476s ] mysql:host=127.0.0.1;port=3306;dbname=zhibo;charset=utf8mb4
[2024-12-05T08:59:47+08:00][sql] SHOW FULL COLUMNS FROM `cmf_hook` [ RunTime:0.001512s ]
[2024-12-05T08:59:47+08:00][sql] SELECT `hook`,`id` FROM `cmf_hook` WHERE  (  (  `app` = '' OR `app` = 'cmf' )  AND `type` = 3 ) OR `type` = 1 [ RunTime:0.000629s ]
[2024-12-05T08:59:47+08:00][sql] SHOW FULL COLUMNS FROM `cmf_hook_plugin` [ RunTime:0.001425s ]
[2024-12-05T08:59:47+08:00][sql] SELECT `hook`,`plugin` FROM `cmf_hook_plugin` WHERE  `status` = 1  AND `hook` IN ('app_begin','module_init','action_begin','view_filter','app_end','log_write','response_end','admin_init','home_init','send_mobile_verification_code','body_start','before_head_end','footer_start','before_footer','before_footer_end','before_body_end','left_sidebar_start','before_left_sidebar_end','right_sidebar_start','before_right_sidebar_end','comment','guestbook','switch_theme','after_content','before_content','log_write_done','switch_admin_theme','captcha_image') ORDER BY `list_order` ASC [ RunTime:0.000699s ]
[2024-12-05T08:59:47+08:00][sql] SHOW FULL COLUMNS FROM `cmf_plugin` [ RunTime:0.001915s ]
[2024-12-05T08:59:47+08:00][sql] SELECT `config` FROM `cmf_plugin` WHERE  `name` = 'Qiniu' LIMIT 1 [ RunTime:0.000533s ]
[2024-12-05T08:59:47+08:00][sql] SHOW FULL COLUMNS FROM `cmf_live` [ RunTime:0.001757s ]
[2024-12-05T08:59:47+08:00][sql] SELECT * FROM `cmf_live` WHERE  ( islive='1' and isrecommend='1' and type='0' and live_type=0 ) [ RunTime:0.000842s ]
[2024-12-05T08:59:47+08:00][sql] SHOW FULL COLUMNS FROM `cmf_slide_item` [ RunTime:0.001361s ]
[2024-12-05T08:59:47+08:00][sql] SELECT * FROM `cmf_slide_item` WHERE  ( status='1' and slide_id='1' ) ORDER BY `list_order` ASC [ RunTime:0.000639s ]
[2024-12-05T08:59:47+08:00][sql] SHOW FULL COLUMNS FROM `cmf_live_class` [ RunTime:0.001290s ]
[2024-12-05T08:59:47+08:00][sql] SELECT * FROM `cmf_live_class` ORDER BY `list_order` LIMIT 5 [ RunTime:0.000544s ]
[2024-12-05T08:59:47+08:00][sql] SELECT * FROM `cmf_live` WHERE  `islive` = 1  AND `live_type` = 0  AND `liveclassid` = 8 ORDER BY `recommend_time` DESC,`starttime` DESC LIMIT 5 [ RunTime:0.000862s ]
[2024-12-05T08:59:47+08:00][sql] SELECT `uid`,`thumb`,`stream`,`title`,`city`,`islive`,`type` FROM `cmf_live` WHERE  ( islive='1' and ishot='1' and live_type=0 ) ORDER BY `isrecommend` DESC,`recommend_time` DESC,`hotvotes` DESC,`starttime` DESC LIMIT 5 [ RunTime:0.000562s ]
[2024-12-05T08:59:47+08:00][sql] SELECT `uid`,`thumb`,`stream`,`title`,`city`,`islive`,`type` FROM `cmf_live` WHERE  ( islive='1' and live_type=0 ) ORDER BY `starttime` DESC LIMIT 5 [ RunTime:0.000490s ]
[2024-12-05T08:59:47+08:00][sql] SHOW FULL COLUMNS FROM `cmf_theme_file` [ RunTime:0.001455s ]
[2024-12-05T08:59:47+08:00][sql] SELECT `more` FROM `cmf_theme_file` WHERE  `theme` = 'default'  AND (  `is_public` = 1 OR `file` = '../home/index/index' ) [ RunTime:0.000547s ]
[2024-12-05T08:59:48+08:00][sql] CONNECT:[ UseTime:0.000566s ] mysql:host=127.0.0.1;port=3306;dbname=zhibo;charset=utf8mb4
[2024-12-05T08:59:48+08:00][sql] SHOW FULL COLUMNS FROM `cmf_hook` [ RunTime:0.001525s ]
[2024-12-05T08:59:48+08:00][sql] SELECT `hook`,`id` FROM `cmf_hook` WHERE  (  (  `app` = '' OR `app` = 'cmf' )  AND `type` = 3 ) OR `type` = 1 [ RunTime:0.000553s ]
[2024-12-05T08:59:48+08:00][sql] SHOW FULL COLUMNS FROM `cmf_hook_plugin` [ RunTime:0.001344s ]
[2024-12-05T08:59:48+08:00][sql] SELECT `hook`,`plugin` FROM `cmf_hook_plugin` WHERE  `status` = 1  AND `hook` IN ('app_begin','module_init','action_begin','view_filter','app_end','log_write','response_end','admin_init','home_init','send_mobile_verification_code','body_start','before_head_end','footer_start','before_footer','before_footer_end','before_body_end','left_sidebar_start','before_left_sidebar_end','right_sidebar_start','before_right_sidebar_end','comment','guestbook','switch_theme','after_content','before_content','log_write_done','switch_admin_theme','captcha_image') ORDER BY `list_order` ASC [ RunTime:0.000659s ]
[2024-12-05T08:59:48+08:00][sql] SHOW FULL COLUMNS FROM `cmf_plugin` [ RunTime:0.001634s ]
[2024-12-05T08:59:48+08:00][sql] SELECT `config` FROM `cmf_plugin` WHERE  `name` = 'Qiniu' LIMIT 1 [ RunTime:0.000536s ]
[2024-12-05T08:59:48+08:00][sql] SHOW FULL COLUMNS FROM `cmf_live` [ RunTime:0.001740s ]
[2024-12-05T08:59:48+08:00][sql] SELECT * FROM `cmf_live` WHERE  ( islive='1' and isrecommend='1' and type='0' and live_type=0 ) [ RunTime:0.000763s ]
[2024-12-05T08:59:48+08:00][sql] SHOW FULL COLUMNS FROM `cmf_slide_item` [ RunTime:0.001347s ]
[2024-12-05T08:59:48+08:00][sql] SELECT * FROM `cmf_slide_item` WHERE  ( status='1' and slide_id='1' ) ORDER BY `list_order` ASC [ RunTime:0.000575s ]
[2024-12-05T08:59:48+08:00][sql] SHOW FULL COLUMNS FROM `cmf_live_class` [ RunTime:0.001311s ]
[2024-12-05T08:59:48+08:00][sql] SELECT * FROM `cmf_live_class` ORDER BY `list_order` LIMIT 5 [ RunTime:0.000458s ]
[2024-12-05T08:59:48+08:00][sql] SELECT * FROM `cmf_live` WHERE  `islive` = 1  AND `live_type` = 0  AND `liveclassid` = 8 ORDER BY `recommend_time` DESC,`starttime` DESC LIMIT 5 [ RunTime:0.000722s ]
[2024-12-05T08:59:48+08:00][sql] SELECT `uid`,`thumb`,`stream`,`title`,`city`,`islive`,`type` FROM `cmf_live` WHERE  ( islive='1' and ishot='1' and live_type=0 ) ORDER BY `isrecommend` DESC,`recommend_time` DESC,`hotvotes` DESC,`starttime` DESC LIMIT 5 [ RunTime:0.000512s ]
[2024-12-05T08:59:48+08:00][sql] SELECT `uid`,`thumb`,`stream`,`title`,`city`,`islive`,`type` FROM `cmf_live` WHERE  ( islive='1' and live_type=0 ) ORDER BY `starttime` DESC LIMIT 5 [ RunTime:0.000463s ]
[2024-12-05T08:59:48+08:00][sql] SHOW FULL COLUMNS FROM `cmf_theme_file` [ RunTime:0.001285s ]
[2024-12-05T08:59:48+08:00][sql] SELECT `more` FROM `cmf_theme_file` WHERE  `theme` = 'default'  AND (  `is_public` = 1 OR `file` = '../home/index/index' ) [ RunTime:0.000477s ]
[2024-12-05T08:59:48+08:00][sql] CONNECT:[ UseTime:0.000614s ] mysql:host=127.0.0.1;port=3306;dbname=zhibo;charset=utf8mb4
[2024-12-05T08:59:48+08:00][sql] SHOW FULL COLUMNS FROM `cmf_hook` [ RunTime:0.001466s ]
[2024-12-05T08:59:48+08:00][sql] SELECT `hook`,`id` FROM `cmf_hook` WHERE  (  (  `app` = '' OR `app` = 'cmf' )  AND `type` = 3 ) OR `type` = 1 [ RunTime:0.000561s ]
[2024-12-05T08:59:48+08:00][sql] SHOW FULL COLUMNS FROM `cmf_hook_plugin` [ RunTime:0.001355s ]
[2024-12-05T08:59:48+08:00][sql] SELECT `hook`,`plugin` FROM `cmf_hook_plugin` WHERE  `status` = 1  AND `hook` IN ('app_begin','module_init','action_begin','view_filter','app_end','log_write','response_end','admin_init','home_init','send_mobile_verification_code','body_start','before_head_end','footer_start','before_footer','before_footer_end','before_body_end','left_sidebar_start','before_left_sidebar_end','right_sidebar_start','before_right_sidebar_end','comment','guestbook','switch_theme','after_content','before_content','log_write_done','switch_admin_theme','captcha_image') ORDER BY `list_order` ASC [ RunTime:0.000691s ]
[2024-12-05T08:59:48+08:00][sql] SHOW FULL COLUMNS FROM `cmf_plugin` [ RunTime:0.001600s ]
[2024-12-05T08:59:48+08:00][sql] SELECT `config` FROM `cmf_plugin` WHERE  `name` = 'Qiniu' LIMIT 1 [ RunTime:0.000470s ]
[2024-12-05T08:59:48+08:00][sql] CONNECT:[ UseTime:0.000481s ] mysql:host=127.0.0.1;port=3306;dbname=zhibo;charset=utf8mb4
[2024-12-05T08:59:48+08:00][sql] SHOW FULL COLUMNS FROM `cmf_hook` [ RunTime:0.001507s ]
[2024-12-05T08:59:48+08:00][sql] SELECT `hook`,`id` FROM `cmf_hook` WHERE  (  (  `app` = '' OR `app` = 'cmf' )  AND `type` = 3 ) OR `type` = 1 [ RunTime:0.000628s ]
[2024-12-05T08:59:48+08:00][sql] SHOW FULL COLUMNS FROM `cmf_hook_plugin` [ RunTime:0.001409s ]
[2024-12-05T08:59:48+08:00][sql] SELECT `hook`,`plugin` FROM `cmf_hook_plugin` WHERE  `status` = 1  AND `hook` IN ('app_begin','module_init','action_begin','view_filter','app_end','log_write','response_end','admin_init','home_init','send_mobile_verification_code','body_start','before_head_end','footer_start','before_footer','before_footer_end','before_body_end','left_sidebar_start','before_left_sidebar_end','right_sidebar_start','before_right_sidebar_end','comment','guestbook','switch_theme','after_content','before_content','log_write_done','switch_admin_theme','captcha_image') ORDER BY `list_order` ASC [ RunTime:0.000685s ]
[2024-12-05T08:59:48+08:00][sql] CONNECT:[ UseTime:0.000472s ] mysql:host=127.0.0.1;port=3306;dbname=zhibo;charset=utf8mb4
[2024-12-05T08:59:48+08:00][sql] SHOW FULL COLUMNS FROM `cmf_hook` [ RunTime:0.001349s ]
[2024-12-05T08:59:48+08:00][sql] SELECT `hook`,`id` FROM `cmf_hook` WHERE  (  (  `app` = '' OR `app` = 'cmf' )  AND `type` = 3 ) OR `type` = 1 [ RunTime:0.000553s ]
[2024-12-05T08:59:48+08:00][sql] SHOW FULL COLUMNS FROM `cmf_hook_plugin` [ RunTime:0.001236s ]
[2024-12-05T08:59:48+08:00][sql] SELECT `hook`,`plugin` FROM `cmf_hook_plugin` WHERE  `status` = 1  AND `hook` IN ('app_begin','module_init','action_begin','view_filter','app_end','log_write','response_end','admin_init','home_init','send_mobile_verification_code','body_start','before_head_end','footer_start','before_footer','before_footer_end','before_body_end','left_sidebar_start','before_left_sidebar_end','right_sidebar_start','before_right_sidebar_end','comment','guestbook','switch_theme','after_content','before_content','log_write_done','switch_admin_theme','captcha_image') ORDER BY `list_order` ASC [ RunTime:0.000649s ]
[2024-12-05T08:59:48+08:00][sql] CONNECT:[ UseTime:0.000473s ] mysql:host=127.0.0.1;port=3306;dbname=zhibo;charset=utf8mb4
[2024-12-05T08:59:48+08:00][sql] SHOW FULL COLUMNS FROM `cmf_hook` [ RunTime:0.001504s ]
[2024-12-05T08:59:48+08:00][sql] SELECT `hook`,`id` FROM `cmf_hook` WHERE  (  (  `app` = '' OR `app` = 'cmf' )  AND `type` = 3 ) OR `type` = 1 [ RunTime:0.000622s ]
[2024-12-05T08:59:48+08:00][sql] SHOW FULL COLUMNS FROM `cmf_hook_plugin` [ RunTime:0.001396s ]
[2024-12-05T08:59:48+08:00][sql] SELECT `hook`,`plugin` FROM `cmf_hook_plugin` WHERE  `status` = 1  AND `hook` IN ('app_begin','module_init','action_begin','view_filter','app_end','log_write','response_end','admin_init','home_init','send_mobile_verification_code','body_start','before_head_end','footer_start','before_footer','before_footer_end','before_body_end','left_sidebar_start','before_left_sidebar_end','right_sidebar_start','before_right_sidebar_end','comment','guestbook','switch_theme','after_content','before_content','log_write_done','switch_admin_theme','captcha_image') ORDER BY `list_order` ASC [ RunTime:0.000690s ]
[2024-12-05T08:59:49+08:00][sql] CONNECT:[ UseTime:0.000470s ] mysql:host=127.0.0.1;port=3306;dbname=zhibo;charset=utf8mb4
[2024-12-05T08:59:49+08:00][sql] SHOW FULL COLUMNS FROM `cmf_hook` [ RunTime:0.001432s ]
[2024-12-05T08:59:49+08:00][sql] SELECT `hook`,`id` FROM `cmf_hook` WHERE  (  (  `app` = '' OR `app` = 'cmf' )  AND `type` = 3 ) OR `type` = 1 [ RunTime:0.000620s ]
[2024-12-05T08:59:49+08:00][sql] SHOW FULL COLUMNS FROM `cmf_hook_plugin` [ RunTime:0.001354s ]
[2024-12-05T08:59:49+08:00][sql] SELECT `hook`,`plugin` FROM `cmf_hook_plugin` WHERE  `status` = 1  AND `hook` IN ('app_begin','module_init','action_begin','view_filter','app_end','log_write','response_end','admin_init','home_init','send_mobile_verification_code','body_start','before_head_end','footer_start','before_footer','before_footer_end','before_body_end','left_sidebar_start','before_left_sidebar_end','right_sidebar_start','before_right_sidebar_end','comment','guestbook','switch_theme','after_content','before_content','log_write_done','switch_admin_theme','captcha_image') ORDER BY `list_order` ASC [ RunTime:0.000717s ]
[2024-12-05T09:00:02+08:00][sql] CONNECT:[ UseTime:0.000506s ] mysql:host=127.0.0.1;port=3306;dbname=zhibo;charset=utf8mb4
[2024-12-05T09:00:02+08:00][sql] SHOW FULL COLUMNS FROM `cmf_hook` [ RunTime:0.001525s ]
[2024-12-05T09:00:02+08:00][sql] SELECT `hook`,`id` FROM `cmf_hook` WHERE  (  (  `app` = '' OR `app` = 'cmf' )  AND `type` = 3 ) OR `type` = 1 [ RunTime:0.000646s ]
[2024-12-05T09:00:02+08:00][sql] SHOW FULL COLUMNS FROM `cmf_hook_plugin` [ RunTime:0.001419s ]
[2024-12-05T09:00:02+08:00][sql] SELECT `hook`,`plugin` FROM `cmf_hook_plugin` WHERE  `status` = 1  AND `hook` IN ('app_begin','module_init','action_begin','view_filter','app_end','log_write','response_end','admin_init','home_init','send_mobile_verification_code','body_start','before_head_end','footer_start','before_footer','before_footer_end','before_body_end','left_sidebar_start','before_left_sidebar_end','right_sidebar_start','before_right_sidebar_end','comment','guestbook','switch_theme','after_content','before_content','log_write_done','switch_admin_theme','captcha_image') ORDER BY `list_order` ASC [ RunTime:0.000713s ]
[2024-12-05T09:00:02+08:00][sql] SHOW FULL COLUMNS FROM `cmf_plugin` [ RunTime:0.001611s ]
[2024-12-05T09:00:02+08:00][sql] SELECT `config` FROM `cmf_plugin` WHERE  `name` = 'Qiniu' LIMIT 1 [ RunTime:0.000508s ]
[2024-12-05T09:00:02+08:00][sql] SHOW FULL COLUMNS FROM `cmf_slide_item` [ RunTime:0.001489s ]
[2024-12-05T09:00:02+08:00][sql] SELECT * FROM `cmf_slide_item` WHERE  ( status='1' and slide_id='6' ) ORDER BY `list_order` ASC [ RunTime:0.000605s ]
[2024-12-05T09:00:02+08:00][sql] SHOW FULL COLUMNS FROM `cmf_live` [ RunTime:0.001725s ]
[2024-12-05T09:00:02+08:00][sql] SELECT `uid`,`title`,`city`,`stream`,`pull`,`thumb`,`type` FROM `cmf_live` WHERE  `islive` = 1  AND `live_type` = 0  AND `ishot` = 1 ORDER BY `recommend_time` DESC,`starttime` DESC LIMIT 0,20 [ RunTime:0.000590s ]
[2024-12-05T09:00:02+08:00][sql] SHOW FULL COLUMNS FROM `cmf_theme_file` [ RunTime:0.001395s ]
[2024-12-05T09:00:02+08:00][sql] SELECT `more` FROM `cmf_theme_file` WHERE  `theme` = 'default'  AND (  `is_public` = 1 OR `file` = '../wxshare/share/index' ) [ RunTime:0.000528s ]
[2024-12-05T09:00:03+08:00][sql] CONNECT:[ UseTime:0.000503s ] mysql:host=127.0.0.1;port=3306;dbname=zhibo;charset=utf8mb4
[2024-12-05T09:00:03+08:00][sql] SHOW FULL COLUMNS FROM `cmf_hook` [ RunTime:0.001518s ]
[2024-12-05T09:00:03+08:00][sql] SELECT `hook`,`id` FROM `cmf_hook` WHERE  (  (  `app` = '' OR `app` = 'cmf' )  AND `type` = 3 ) OR `type` = 1 [ RunTime:0.000638s ]
[2024-12-05T09:00:03+08:00][sql] SHOW FULL COLUMNS FROM `cmf_hook_plugin` [ RunTime:0.001377s ]
[2024-12-05T09:00:03+08:00][sql] SELECT `hook`,`plugin` FROM `cmf_hook_plugin` WHERE  `status` = 1  AND `hook` IN ('app_begin','module_init','action_begin','view_filter','app_end','log_write','response_end','admin_init','home_init','send_mobile_verification_code','body_start','before_head_end','footer_start','before_footer','before_footer_end','before_body_end','left_sidebar_start','before_left_sidebar_end','right_sidebar_start','before_right_sidebar_end','comment','guestbook','switch_theme','after_content','before_content','log_write_done','switch_admin_theme','captcha_image') ORDER BY `list_order` ASC [ RunTime:0.000678s ]
[2024-12-05T09:00:03+08:00][sql] SHOW FULL COLUMNS FROM `cmf_plugin` [ RunTime:0.001615s ]
[2024-12-05T09:00:03+08:00][sql] SELECT `config` FROM `cmf_plugin` WHERE  `name` = 'Qiniu' LIMIT 1 [ RunTime:0.000528s ]
[2024-12-05T09:00:03+08:00][sql] SHOW FULL COLUMNS FROM `cmf_slide_item` [ RunTime:0.001513s ]
[2024-12-05T09:00:03+08:00][sql] SELECT * FROM `cmf_slide_item` WHERE  `slide_id` = 7  AND `status` = 1 ORDER BY `list_order` [ RunTime:0.000600s ]
[2024-12-05T09:00:03+08:00][sql] SHOW FULL COLUMNS FROM `cmf_theme_file` [ RunTime:0.001494s ]
[2024-12-05T09:00:03+08:00][sql] SELECT `more` FROM `cmf_theme_file` WHERE  `theme` = 'default'  AND (  `is_public` = 1 OR `file` = '../home/app/programe' ) [ RunTime:0.000534s ]
[2024-12-05T09:00:04+08:00][sql] CONNECT:[ UseTime:0.000453s ] mysql:host=127.0.0.1;port=3306;dbname=zhibo;charset=utf8mb4
[2024-12-05T09:00:04+08:00][sql] SHOW FULL COLUMNS FROM `cmf_hook` [ RunTime:0.001421s ]
[2024-12-05T09:00:04+08:00][sql] SELECT `hook`,`id` FROM `cmf_hook` WHERE  (  (  `app` = '' OR `app` = 'cmf' )  AND `type` = 3 ) OR `type` = 1 [ RunTime:0.000608s ]
[2024-12-05T09:00:04+08:00][sql] SHOW FULL COLUMNS FROM `cmf_hook_plugin` [ RunTime:0.001398s ]
[2024-12-05T09:00:04+08:00][sql] SELECT `hook`,`plugin` FROM `cmf_hook_plugin` WHERE  `status` = 1  AND `hook` IN ('app_begin','module_init','action_begin','view_filter','app_end','log_write','response_end','admin_init','home_init','send_mobile_verification_code','body_start','before_head_end','footer_start','before_footer','before_footer_end','before_body_end','left_sidebar_start','before_left_sidebar_end','right_sidebar_start','before_right_sidebar_end','comment','guestbook','switch_theme','after_content','before_content','log_write_done','switch_admin_theme','captcha_image') ORDER BY `list_order` ASC [ RunTime:0.001389s ]
[2024-12-05T09:00:04+08:00][sql] SHOW FULL COLUMNS FROM `cmf_plugin` [ RunTime:0.001574s ]
[2024-12-05T09:00:04+08:00][sql] SELECT `config` FROM `cmf_plugin` WHERE  `name` = 'Qiniu' LIMIT 1 [ RunTime:0.000497s ]
[2024-12-05T09:00:04+08:00][sql] CONNECT:[ UseTime:0.000472s ] mysql:host=127.0.0.1;port=3306;dbname=zhibo;charset=utf8mb4
[2024-12-05T09:00:04+08:00][sql] SHOW FULL COLUMNS FROM `cmf_hook` [ RunTime:0.001451s ]
[2024-12-05T09:00:04+08:00][sql] SELECT `hook`,`id` FROM `cmf_hook` WHERE  (  (  `app` = '' OR `app` = 'cmf' )  AND `type` = 3 ) OR `type` = 1 [ RunTime:0.000600s ]
[2024-12-05T09:00:04+08:00][sql] SHOW FULL COLUMNS FROM `cmf_hook_plugin` [ RunTime:0.001389s ]
[2024-12-05T09:00:04+08:00][sql] SELECT `hook`,`plugin` FROM `cmf_hook_plugin` WHERE  `status` = 1  AND `hook` IN ('app_begin','module_init','action_begin','view_filter','app_end','log_write','response_end','admin_init','home_init','send_mobile_verification_code','body_start','before_head_end','footer_start','before_footer','before_footer_end','before_body_end','left_sidebar_start','before_left_sidebar_end','right_sidebar_start','before_right_sidebar_end','comment','guestbook','switch_theme','after_content','before_content','log_write_done','switch_admin_theme','captcha_image') ORDER BY `list_order` ASC [ RunTime:0.000635s ]
[2024-12-05T09:00:04+08:00][sql] SHOW FULL COLUMNS FROM `cmf_plugin` [ RunTime:0.001548s ]
[2024-12-05T09:00:04+08:00][sql] SELECT `config` FROM `cmf_plugin` WHERE  `name` = 'Qiniu' LIMIT 1 [ RunTime:0.000417s ]
[2024-12-05T09:00:04+08:00][sql] SHOW FULL COLUMNS FROM `cmf_slide_item` [ RunTime:0.001389s ]
[2024-12-05T09:00:04+08:00][sql] SELECT * FROM `cmf_slide_item` WHERE  `slide_id` = 7  AND `status` = 1 ORDER BY `list_order` [ RunTime:0.000531s ]
[2024-12-05T09:00:04+08:00][sql] SHOW FULL COLUMNS FROM `cmf_theme_file` [ RunTime:0.001441s ]
[2024-12-05T09:00:04+08:00][sql] SELECT `more` FROM `cmf_theme_file` WHERE  `theme` = 'default'  AND (  `is_public` = 1 OR `file` = '../home/app/programe' ) [ RunTime:0.000527s ]
[2024-12-05T09:00:11+08:00][sql] CONNECT:[ UseTime:0.000480s ] mysql:host=127.0.0.1;port=3306;dbname=zhibo;charset=utf8mb4
[2024-12-05T09:00:11+08:00][sql] SHOW FULL COLUMNS FROM `cmf_hook` [ RunTime:0.001461s ]
[2024-12-05T09:00:11+08:00][sql] SELECT `hook`,`id` FROM `cmf_hook` WHERE  (  (  `app` = '' OR `app` = 'cmf' )  AND `type` = 3 ) OR `type` = 1 [ RunTime:0.000560s ]
[2024-12-05T09:00:11+08:00][sql] SHOW FULL COLUMNS FROM `cmf_hook_plugin` [ RunTime:0.001365s ]
[2024-12-05T09:00:11+08:00][sql] SELECT `hook`,`plugin` FROM `cmf_hook_plugin` WHERE  `status` = 1  AND `hook` IN ('app_begin','module_init','action_begin','view_filter','app_end','log_write','response_end','admin_init','home_init','send_mobile_verification_code','body_start','before_head_end','footer_start','before_footer','before_footer_end','before_body_end','left_sidebar_start','before_left_sidebar_end','right_sidebar_start','before_right_sidebar_end','comment','guestbook','switch_theme','after_content','before_content','log_write_done','switch_admin_theme','captcha_image') ORDER BY `list_order` ASC [ RunTime:0.000663s ]
[2024-12-05T09:00:11+08:00][sql] SHOW FULL COLUMNS FROM `cmf_plugin` [ RunTime:0.001629s ]
[2024-12-05T09:00:11+08:00][sql] SELECT `config` FROM `cmf_plugin` WHERE  `name` = 'Qiniu' LIMIT 1 [ RunTime:0.000512s ]
[2024-12-05T09:00:11+08:00][sql] SHOW FULL COLUMNS FROM `cmf_live` [ RunTime:0.001751s ]
[2024-12-05T09:00:11+08:00][sql] SELECT * FROM `cmf_live` WHERE  ( islive='1' and isrecommend='1' and type='0' and live_type=0 ) [ RunTime:0.000784s ]
[2024-12-05T09:00:11+08:00][sql] SHOW FULL COLUMNS FROM `cmf_slide_item` [ RunTime:0.001467s ]
[2024-12-05T09:00:11+08:00][sql] SELECT * FROM `cmf_slide_item` WHERE  ( status='1' and slide_id='1' ) ORDER BY `list_order` ASC [ RunTime:0.000560s ]
[2024-12-05T09:00:11+08:00][sql] SHOW FULL COLUMNS FROM `cmf_live_class` [ RunTime:0.001290s ]
[2024-12-05T09:00:11+08:00][sql] SELECT * FROM `cmf_live_class` ORDER BY `list_order` LIMIT 5 [ RunTime:0.000451s ]
[2024-12-05T09:00:11+08:00][sql] SELECT * FROM `cmf_live` WHERE  `islive` = 1  AND `live_type` = 0  AND `liveclassid` = 8 ORDER BY `recommend_time` DESC,`starttime` DESC LIMIT 5 [ RunTime:0.000712s ]
[2024-12-05T09:00:11+08:00][sql] SELECT `uid`,`thumb`,`stream`,`title`,`city`,`islive`,`type` FROM `cmf_live` WHERE  ( islive='1' and ishot='1' and live_type=0 ) ORDER BY `isrecommend` DESC,`recommend_time` DESC,`hotvotes` DESC,`starttime` DESC LIMIT 5 [ RunTime:0.000512s ]
[2024-12-05T09:00:11+08:00][sql] SELECT `uid`,`thumb`,`stream`,`title`,`city`,`islive`,`type` FROM `cmf_live` WHERE  ( islive='1' and live_type=0 ) ORDER BY `starttime` DESC LIMIT 5 [ RunTime:0.000465s ]
[2024-12-05T09:00:11+08:00][sql] SHOW FULL COLUMNS FROM `cmf_theme_file` [ RunTime:0.001369s ]
[2024-12-05T09:00:11+08:00][sql] SELECT `more` FROM `cmf_theme_file` WHERE  `theme` = 'default'  AND (  `is_public` = 1 OR `file` = '../home/index/index' ) [ RunTime:0.000481s ]
[2024-12-05T09:00:25+08:00][sql] CONNECT:[ UseTime:0.000486s ] mysql:host=127.0.0.1;port=3306;dbname=zhibo;charset=utf8mb4
[2024-12-05T09:00:25+08:00][sql] SHOW FULL COLUMNS FROM `cmf_hook` [ RunTime:0.001498s ]
[2024-12-05T09:00:25+08:00][sql] SELECT `hook`,`id` FROM `cmf_hook` WHERE  (  (  `app` = '' OR `app` = 'cmf' )  AND `type` = 3 ) OR `type` = 1 [ RunTime:0.000575s ]
[2024-12-05T09:00:25+08:00][sql] SHOW FULL COLUMNS FROM `cmf_hook_plugin` [ RunTime:0.001340s ]
[2024-12-05T09:00:25+08:00][sql] SELECT `hook`,`plugin` FROM `cmf_hook_plugin` WHERE  `status` = 1  AND `hook` IN ('app_begin','module_init','action_begin','view_filter','app_end','log_write','response_end','admin_init','home_init','send_mobile_verification_code','body_start','before_head_end','footer_start','before_footer','before_footer_end','before_body_end','left_sidebar_start','before_left_sidebar_end','right_sidebar_start','before_right_sidebar_end','comment','guestbook','switch_theme','after_content','before_content','log_write_done','switch_admin_theme','captcha_image') ORDER BY `list_order` ASC [ RunTime:0.000696s ]
[2024-12-05T09:00:25+08:00][sql] SHOW FULL COLUMNS FROM `cmf_plugin` [ RunTime:0.001597s ]
[2024-12-05T09:00:25+08:00][sql] SELECT `config` FROM `cmf_plugin` WHERE  `name` = 'Qiniu' LIMIT 1 [ RunTime:0.000512s ]
[2024-12-05T09:00:25+08:00][sql] SHOW FULL COLUMNS FROM `cmf_slide_item` [ RunTime:0.001512s ]
[2024-12-05T09:00:25+08:00][sql] SELECT * FROM `cmf_slide_item` WHERE  ( status='1' and slide_id='6' ) ORDER BY `list_order` ASC [ RunTime:0.000616s ]
[2024-12-05T09:00:25+08:00][sql] SHOW FULL COLUMNS FROM `cmf_live` [ RunTime:0.001692s ]
[2024-12-05T09:00:25+08:00][sql] SELECT `uid`,`title`,`city`,`stream`,`pull`,`thumb`,`type` FROM `cmf_live` WHERE  `islive` = 1  AND `live_type` = 0  AND `ishot` = 1 ORDER BY `recommend_time` DESC,`starttime` DESC LIMIT 0,20 [ RunTime:0.000625s ]
[2024-12-05T09:00:25+08:00][sql] SHOW FULL COLUMNS FROM `cmf_theme_file` [ RunTime:0.001471s ]
[2024-12-05T09:00:25+08:00][sql] SELECT `more` FROM `cmf_theme_file` WHERE  `theme` = 'default'  AND (  `is_public` = 1 OR `file` = '../wxshare/share/index' ) [ RunTime:0.000567s ]
[2024-12-05T09:19:44+08:00][sql] CONNECT:[ UseTime:0.000549s ] mysql:host=127.0.0.1;port=3306;dbname=zhibo;charset=utf8mb4
[2024-12-05T09:19:44+08:00][sql] SHOW FULL COLUMNS FROM `cmf_hook` [ RunTime:0.001834s ]
[2024-12-05T09:19:44+08:00][sql] SELECT `hook`,`id` FROM `cmf_hook` WHERE  (  (  `app` = '' OR `app` = 'cmf' )  AND `type` = 3 ) OR `type` = 1 [ RunTime:0.000624s ]
[2024-12-05T09:19:44+08:00][sql] SHOW FULL COLUMNS FROM `cmf_hook_plugin` [ RunTime:0.001539s ]
[2024-12-05T09:19:44+08:00][sql] SELECT `hook`,`plugin` FROM `cmf_hook_plugin` WHERE  `status` = 1  AND `hook` IN ('app_begin','module_init','action_begin','view_filter','app_end','log_write','response_end','admin_init','home_init','send_mobile_verification_code','body_start','before_head_end','footer_start','before_footer','before_footer_end','before_body_end','left_sidebar_start','before_left_sidebar_end','right_sidebar_start','before_right_sidebar_end','comment','guestbook','switch_theme','after_content','before_content','log_write_done','switch_admin_theme','captcha_image') ORDER BY `list_order` ASC [ RunTime:0.000659s ]
[2024-12-05T09:20:23+08:00][sql] CONNECT:[ UseTime:0.000515s ] mysql:host=127.0.0.1;port=3306;dbname=zhibo;charset=utf8mb4
[2024-12-05T09:20:23+08:00][sql] SHOW FULL COLUMNS FROM `cmf_hook` [ RunTime:0.001741s ]
[2024-12-05T09:20:23+08:00][sql] SELECT `hook`,`id` FROM `cmf_hook` WHERE  (  (  `app` = '' OR `app` = 'cmf' )  AND `type` = 3 ) OR `type` = 1 [ RunTime:0.000621s ]
[2024-12-05T09:20:23+08:00][sql] SHOW FULL COLUMNS FROM `cmf_hook_plugin` [ RunTime:0.001566s ]
[2024-12-05T09:20:23+08:00][sql] SELECT `hook`,`plugin` FROM `cmf_hook_plugin` WHERE  `status` = 1  AND `hook` IN ('app_begin','module_init','action_begin','view_filter','app_end','log_write','response_end','admin_init','home_init','send_mobile_verification_code','body_start','before_head_end','footer_start','before_footer','before_footer_end','before_body_end','left_sidebar_start','before_left_sidebar_end','right_sidebar_start','before_right_sidebar_end','comment','guestbook','switch_theme','after_content','before_content','log_write_done','switch_admin_theme','captcha_image') ORDER BY `list_order` ASC [ RunTime:0.000637s ]
[2024-12-05T10:06:17+08:00][sql] CONNECT:[ UseTime:0.000567s ] mysql:host=127.0.0.1;port=3306;dbname=zhibo;charset=utf8mb4
[2024-12-05T10:06:17+08:00][sql] SHOW FULL COLUMNS FROM `cmf_hook` [ RunTime:0.001852s ]
[2024-12-05T10:06:17+08:00][sql] SELECT `hook`,`id` FROM `cmf_hook` WHERE  (  (  `app` = '' OR `app` = 'cmf' )  AND `type` = 3 ) OR `type` = 1 [ RunTime:0.000615s ]
[2024-12-05T10:06:17+08:00][sql] SHOW FULL COLUMNS FROM `cmf_hook_plugin` [ RunTime:0.001597s ]
[2024-12-05T10:06:17+08:00][sql] SELECT `hook`,`plugin` FROM `cmf_hook_plugin` WHERE  `status` = 1  AND `hook` IN ('app_begin','module_init','action_begin','view_filter','app_end','log_write','response_end','admin_init','home_init','send_mobile_verification_code','body_start','before_head_end','footer_start','before_footer','before_footer_end','before_body_end','left_sidebar_start','before_left_sidebar_end','right_sidebar_start','before_right_sidebar_end','comment','guestbook','switch_theme','after_content','before_content','log_write_done','switch_admin_theme','captcha_image') ORDER BY `list_order` ASC [ RunTime:0.000658s ]
[2024-12-05T10:06:17+08:00][sql] SHOW FULL COLUMNS FROM `cmf_plugin` [ RunTime:0.002010s ]
[2024-12-05T10:06:17+08:00][sql] SELECT `config` FROM `cmf_plugin` WHERE  `name` = 'Qiniu' LIMIT 1 [ RunTime:0.000557s ]
[2024-12-05T10:06:17+08:00][sql] SHOW FULL COLUMNS FROM `cmf_live` [ RunTime:0.001953s ]
[2024-12-05T10:06:17+08:00][sql] SELECT * FROM `cmf_live` WHERE  ( islive='1' and isrecommend='1' and type='0' and live_type=0 ) [ RunTime:0.000864s ]
[2024-12-05T10:06:17+08:00][sql] SHOW FULL COLUMNS FROM `cmf_slide_item` [ RunTime:0.001598s ]
[2024-12-05T10:06:17+08:00][sql] SELECT * FROM `cmf_slide_item` WHERE  ( status='1' and slide_id='1' ) ORDER BY `list_order` ASC [ RunTime:0.000545s ]
[2024-12-05T10:06:17+08:00][sql] SHOW FULL COLUMNS FROM `cmf_live_class` [ RunTime:0.001507s ]
[2024-12-05T10:06:17+08:00][sql] SELECT * FROM `cmf_live_class` ORDER BY `list_order` LIMIT 5 [ RunTime:0.000485s ]
[2024-12-05T10:06:17+08:00][sql] SELECT * FROM `cmf_live` WHERE  `islive` = 1  AND `live_type` = 0  AND `liveclassid` = 8 ORDER BY `recommend_time` DESC,`starttime` DESC LIMIT 5 [ RunTime:0.000755s ]
[2024-12-05T10:06:17+08:00][sql] SELECT `uid`,`thumb`,`stream`,`title`,`city`,`islive`,`type` FROM `cmf_live` WHERE  ( islive='1' and ishot='1' and live_type=0 ) ORDER BY `isrecommend` DESC,`recommend_time` DESC,`hotvotes` DESC,`starttime` DESC LIMIT 5 [ RunTime:0.000538s ]
[2024-12-05T10:06:17+08:00][sql] SELECT `uid`,`thumb`,`stream`,`title`,`city`,`islive`,`type` FROM `cmf_live` WHERE  ( islive='1' and live_type=0 ) ORDER BY `starttime` DESC LIMIT 5 [ RunTime:0.000454s ]
[2024-12-05T10:06:17+08:00][sql] SHOW FULL COLUMNS FROM `cmf_theme_file` [ RunTime:0.001660s ]
[2024-12-05T10:06:17+08:00][sql] SELECT `more` FROM `cmf_theme_file` WHERE  `theme` = 'default'  AND (  `is_public` = 1 OR `file` = '../home/index/index' ) [ RunTime:0.000499s ]
[2024-12-05T11:05:18+08:00][sql] CONNECT:[ UseTime:0.000616s ] mysql:host=127.0.0.1;port=3306;dbname=zhibo;charset=utf8mb4
[2024-12-05T11:05:18+08:00][sql] SHOW FULL COLUMNS FROM `cmf_hook` [ RunTime:0.001837s ]
[2024-12-05T11:05:18+08:00][sql] SELECT `hook`,`id` FROM `cmf_hook` WHERE  (  (  `app` = '' OR `app` = 'cmf' )  AND `type` = 3 ) OR `type` = 1 [ RunTime:0.000712s ]
[2024-12-05T11:05:18+08:00][sql] SHOW FULL COLUMNS FROM `cmf_hook_plugin` [ RunTime:0.001704s ]
[2024-12-05T11:05:18+08:00][sql] SELECT `hook`,`plugin` FROM `cmf_hook_plugin` WHERE  `status` = 1  AND `hook` IN ('app_begin','module_init','action_begin','view_filter','app_end','log_write','response_end','admin_init','home_init','send_mobile_verification_code','body_start','before_head_end','footer_start','before_footer','before_footer_end','before_body_end','left_sidebar_start','before_left_sidebar_end','right_sidebar_start','before_right_sidebar_end','comment','guestbook','switch_theme','after_content','before_content','log_write_done','switch_admin_theme','captcha_image') ORDER BY `list_order` ASC [ RunTime:0.000896s ]
[2024-12-05T11:05:18+08:00][sql] SELECT `hook` FROM `cmf_hook` WHERE  `app` = 'appapi' [ RunTime:0.000568s ]
[2024-12-05T11:05:18+08:00][sql] SELECT `hook`,`plugin` FROM `cmf_hook_plugin` WHERE  `status` = 1  AND 0 = 1 ORDER BY `list_order` ASC [ RunTime:0.000484s ]
[2024-12-05T11:05:18+08:00][sql] SHOW FULL COLUMNS FROM `cmf_plugin` [ RunTime:0.001796s ]
[2024-12-05T11:05:18+08:00][sql] SELECT `config` FROM `cmf_plugin` WHERE  `name` = 'Qiniu' LIMIT 1 [ RunTime:0.000469s ]
[2024-12-05T11:05:18+08:00][sql] SHOW FULL COLUMNS FROM `cmf_family_user` [ RunTime:0.001624s ]
[2024-12-05T11:05:18+08:00][sql] SELECT * FROM `cmf_family_user` WHERE  `uid` = 6 LIMIT 1 [ RunTime:0.000443s ]
[2024-12-05T11:05:18+08:00][sql] SHOW FULL COLUMNS FROM `cmf_family` [ RunTime:0.001602s ]
[2024-12-05T11:05:18+08:00][sql] SELECT * FROM `cmf_family` WHERE  ( disable=0 and state=2 ) ORDER BY `addtime` ASC LIMIT 0,50 [ RunTime:0.000496s ]
[2024-12-05T11:05:18+08:00][sql] SHOW FULL COLUMNS FROM `cmf_theme_file` [ RunTime:0.001669s ]
[2024-12-05T11:05:18+08:00][sql] SELECT `more` FROM `cmf_theme_file` WHERE  `theme` = 'default'  AND (  `is_public` = 1 OR `file` = '../appapi/family/index' ) [ RunTime:0.000485s ]
[2024-12-05T11:05:28+08:00][sql] CONNECT:[ UseTime:0.000674s ] mysql:host=127.0.0.1;port=3306;dbname=zhibo;charset=utf8mb4
[2024-12-05T11:05:28+08:00][sql] SHOW FULL COLUMNS FROM `cmf_hook` [ RunTime:0.001808s ]
[2024-12-05T11:05:28+08:00][sql] SELECT `hook`,`id` FROM `cmf_hook` WHERE  (  (  `app` = '' OR `app` = 'cmf' )  AND `type` = 3 ) OR `type` = 1 [ RunTime:0.000759s ]
[2024-12-05T11:05:28+08:00][sql] SHOW FULL COLUMNS FROM `cmf_hook_plugin` [ RunTime:0.001606s ]
[2024-12-05T11:05:28+08:00][sql] SELECT `hook`,`plugin` FROM `cmf_hook_plugin` WHERE  `status` = 1  AND `hook` IN ('app_begin','module_init','action_begin','view_filter','app_end','log_write','response_end','admin_init','home_init','send_mobile_verification_code','body_start','before_head_end','footer_start','before_footer','before_footer_end','before_body_end','left_sidebar_start','before_left_sidebar_end','right_sidebar_start','before_right_sidebar_end','comment','guestbook','switch_theme','after_content','before_content','log_write_done','switch_admin_theme','captcha_image') ORDER BY `list_order` ASC [ RunTime:0.000833s ]
[2024-12-05T11:05:28+08:00][sql] SHOW FULL COLUMNS FROM `cmf_plugin` [ RunTime:0.001773s ]
[2024-12-05T11:05:28+08:00][sql] SELECT `config` FROM `cmf_plugin` WHERE  `name` = 'Qiniu' LIMIT 1 [ RunTime:0.000436s ]
[2024-12-05T11:05:28+08:00][sql] SHOW FULL COLUMNS FROM `cmf_family_user` [ RunTime:0.001641s ]
[2024-12-05T11:05:28+08:00][sql] SELECT * FROM `cmf_family_user` WHERE  `uid` = 6 LIMIT 1 [ RunTime:0.000466s ]
[2024-12-05T11:05:28+08:00][sql] SHOW FULL COLUMNS FROM `cmf_family` [ RunTime:0.001607s ]
[2024-12-05T11:05:28+08:00][sql] SELECT * FROM `cmf_family` WHERE  ( disable=0 and state=2 ) ORDER BY `addtime` ASC LIMIT 0,50 [ RunTime:0.000437s ]
[2024-12-05T11:05:28+08:00][sql] SHOW FULL COLUMNS FROM `cmf_theme_file` [ RunTime:0.001366s ]
[2024-12-05T11:05:28+08:00][sql] SELECT `more` FROM `cmf_theme_file` WHERE  `theme` = 'default'  AND (  `is_public` = 1 OR `file` = '../appapi/family/index' ) [ RunTime:0.000430s ]
[2024-12-05T11:07:05+08:00][sql] CONNECT:[ UseTime:0.000669s ] mysql:host=127.0.0.1;port=3306;dbname=zhibo;charset=utf8mb4
[2024-12-05T11:07:05+08:00][sql] SHOW FULL COLUMNS FROM `cmf_hook` [ RunTime:0.001647s ]
[2024-12-05T11:07:05+08:00][sql] SELECT `hook`,`id` FROM `cmf_hook` WHERE  (  (  `app` = '' OR `app` = 'cmf' )  AND `type` = 3 ) OR `type` = 1 [ RunTime:0.000726s ]
[2024-12-05T11:07:05+08:00][sql] SHOW FULL COLUMNS FROM `cmf_hook_plugin` [ RunTime:0.001374s ]
[2024-12-05T11:07:05+08:00][sql] SELECT `hook`,`plugin` FROM `cmf_hook_plugin` WHERE  `status` = 1  AND `hook` IN ('app_begin','module_init','action_begin','view_filter','app_end','log_write','response_end','admin_init','home_init','send_mobile_verification_code','body_start','before_head_end','footer_start','before_footer','before_footer_end','before_body_end','left_sidebar_start','before_left_sidebar_end','right_sidebar_start','before_right_sidebar_end','comment','guestbook','switch_theme','after_content','before_content','log_write_done','switch_admin_theme','captcha_image') ORDER BY `list_order` ASC [ RunTime:0.000871s ]
[2024-12-05T11:07:05+08:00][sql] CONNECT:[ UseTime:0.000622s ] mysql:host=127.0.0.1;port=3306;dbname=zhibo;charset=utf8mb4
[2024-12-05T11:07:05+08:00][sql] SHOW FULL COLUMNS FROM `cmf_hook` [ RunTime:0.001539s ]
[2024-12-05T11:07:05+08:00][sql] SELECT `hook`,`id` FROM `cmf_hook` WHERE  (  (  `app` = '' OR `app` = 'cmf' )  AND `type` = 3 ) OR `type` = 1 [ RunTime:0.000776s ]
[2024-12-05T11:07:05+08:00][sql] SHOW FULL COLUMNS FROM `cmf_hook_plugin` [ RunTime:0.001480s ]
[2024-12-05T11:07:05+08:00][sql] SELECT `hook`,`plugin` FROM `cmf_hook_plugin` WHERE  `status` = 1  AND `hook` IN ('app_begin','module_init','action_begin','view_filter','app_end','log_write','response_end','admin_init','home_init','send_mobile_verification_code','body_start','before_head_end','footer_start','before_footer','before_footer_end','before_body_end','left_sidebar_start','before_left_sidebar_end','right_sidebar_start','before_right_sidebar_end','comment','guestbook','switch_theme','after_content','before_content','log_write_done','switch_admin_theme','captcha_image') ORDER BY `list_order` ASC [ RunTime:0.000900s ]
[2024-12-05T11:07:06+08:00][sql] CONNECT:[ UseTime:0.000611s ] mysql:host=127.0.0.1;port=3306;dbname=zhibo;charset=utf8mb4
[2024-12-05T11:07:06+08:00][sql] SHOW FULL COLUMNS FROM `cmf_hook` [ RunTime:0.001444s ]
[2024-12-05T11:07:06+08:00][sql] SELECT `hook`,`id` FROM `cmf_hook` WHERE  (  (  `app` = '' OR `app` = 'cmf' )  AND `type` = 3 ) OR `type` = 1 [ RunTime:0.000604s ]
[2024-12-05T11:07:06+08:00][sql] SHOW FULL COLUMNS FROM `cmf_hook_plugin` [ RunTime:0.001314s ]
[2024-12-05T11:07:06+08:00][sql] SELECT `hook`,`plugin` FROM `cmf_hook_plugin` WHERE  `status` = 1  AND `hook` IN ('app_begin','module_init','action_begin','view_filter','app_end','log_write','response_end','admin_init','home_init','send_mobile_verification_code','body_start','before_head_end','footer_start','before_footer','before_footer_end','before_body_end','left_sidebar_start','before_left_sidebar_end','right_sidebar_start','before_right_sidebar_end','comment','guestbook','switch_theme','after_content','before_content','log_write_done','switch_admin_theme','captcha_image') ORDER BY `list_order` ASC [ RunTime:0.000710s ]
[2024-12-05T11:07:06+08:00][sql] CONNECT:[ UseTime:0.000602s ] mysql:host=127.0.0.1;port=3306;dbname=zhibo;charset=utf8mb4
[2024-12-05T11:07:06+08:00][sql] SHOW FULL COLUMNS FROM `cmf_hook` [ RunTime:0.001566s ]
[2024-12-05T11:07:06+08:00][sql] SELECT `hook`,`id` FROM `cmf_hook` WHERE  (  (  `app` = '' OR `app` = 'cmf' )  AND `type` = 3 ) OR `type` = 1 [ RunTime:0.000651s ]
[2024-12-05T11:07:06+08:00][sql] SHOW FULL COLUMNS FROM `cmf_hook_plugin` [ RunTime:0.001418s ]
[2024-12-05T11:07:06+08:00][sql] SELECT `hook`,`plugin` FROM `cmf_hook_plugin` WHERE  `status` = 1  AND `hook` IN ('app_begin','module_init','action_begin','view_filter','app_end','log_write','response_end','admin_init','home_init','send_mobile_verification_code','body_start','before_head_end','footer_start','before_footer','before_footer_end','before_body_end','left_sidebar_start','before_left_sidebar_end','right_sidebar_start','before_right_sidebar_end','comment','guestbook','switch_theme','after_content','before_content','log_write_done','switch_admin_theme','captcha_image') ORDER BY `list_order` ASC [ RunTime:0.000891s ]
[2024-12-05T11:07:06+08:00][sql] CONNECT:[ UseTime:0.000504s ] mysql:host=127.0.0.1;port=3306;dbname=zhibo;charset=utf8mb4
[2024-12-05T11:07:06+08:00][sql] SHOW FULL COLUMNS FROM `cmf_hook` [ RunTime:0.001585s ]
[2024-12-05T11:07:06+08:00][sql] SELECT `hook`,`id` FROM `cmf_hook` WHERE  (  (  `app` = '' OR `app` = 'cmf' )  AND `type` = 3 ) OR `type` = 1 [ RunTime:0.000664s ]
[2024-12-05T11:07:06+08:00][sql] SHOW FULL COLUMNS FROM `cmf_hook_plugin` [ RunTime:0.001389s ]
[2024-12-05T11:07:06+08:00][sql] SELECT `hook`,`plugin` FROM `cmf_hook_plugin` WHERE  `status` = 1  AND `hook` IN ('app_begin','module_init','action_begin','view_filter','app_end','log_write','response_end','admin_init','home_init','send_mobile_verification_code','body_start','before_head_end','footer_start','before_footer','before_footer_end','before_body_end','left_sidebar_start','before_left_sidebar_end','right_sidebar_start','before_right_sidebar_end','comment','guestbook','switch_theme','after_content','before_content','log_write_done','switch_admin_theme','captcha_image') ORDER BY `list_order` ASC [ RunTime:0.000702s ]
[2024-12-05T11:07:24+08:00][sql] CONNECT:[ UseTime:0.000660s ] mysql:host=127.0.0.1;port=3306;dbname=zhibo;charset=utf8mb4
[2024-12-05T11:07:24+08:00][sql] SHOW FULL COLUMNS FROM `cmf_hook` [ RunTime:0.001543s ]
[2024-12-05T11:07:24+08:00][sql] SELECT `hook`,`id` FROM `cmf_hook` WHERE  (  (  `app` = '' OR `app` = 'cmf' )  AND `type` = 3 ) OR `type` = 1 [ RunTime:0.000735s ]
[2024-12-05T11:07:24+08:00][sql] SHOW FULL COLUMNS FROM `cmf_hook_plugin` [ RunTime:0.001441s ]
[2024-12-05T11:07:24+08:00][sql] SELECT `hook`,`plugin` FROM `cmf_hook_plugin` WHERE  `status` = 1  AND `hook` IN ('app_begin','module_init','action_begin','view_filter','app_end','log_write','response_end','admin_init','home_init','send_mobile_verification_code','body_start','before_head_end','footer_start','before_footer','before_footer_end','before_body_end','left_sidebar_start','before_left_sidebar_end','right_sidebar_start','before_right_sidebar_end','comment','guestbook','switch_theme','after_content','before_content','log_write_done','switch_admin_theme','captcha_image') ORDER BY `list_order` ASC [ RunTime:0.000806s ]
[2024-12-05T11:07:24+08:00][sql] SHOW FULL COLUMNS FROM `cmf_user` [ RunTime:0.001910s ]
[2024-12-05T11:07:24+08:00][sql] SELECT * FROM `cmf_user` WHERE  `user_login` = 'admin' LIMIT 1 [ RunTime:0.000752s ]
[2024-12-05T11:07:24+08:00][sql] SHOW FULL COLUMNS FROM `cmf_role_user` [ RunTime:0.001366s ]
[2024-12-05T11:07:24+08:00][sql] SELECT `role_id` FROM `cmf_role_user` `a` INNER JOIN `cmf_role` `b` ON `a`.`role_id`=`b`.`id` WHERE  `user_id` = 1  AND `status` = '1' LIMIT 1 [ RunTime:0.000475s ]
[2024-12-05T11:07:24+08:00][sql] SHOW FULL COLUMNS FROM `cmf_user_token` [ RunTime:0.001326s ]
[2024-12-05T11:07:24+08:00][sql] SELECT * FROM `cmf_user_token` WHERE  `user_id` = 1  AND `device_type` = 'web' LIMIT 1 [ RunTime:0.000402s ]
[2024-12-05T11:07:24+08:00][sql] UPDATE `cmf_user`  SET `last_login_ip` = '39.162.141.220' , `last_login_time` = 1733368044  WHERE  `id` = 1 [ RunTime:0.006205s ]
[2024-12-05T11:07:26+08:00][sql] CONNECT:[ UseTime:0.000472s ] mysql:host=127.0.0.1;port=3306;dbname=zhibo;charset=utf8mb4
[2024-12-05T11:07:26+08:00][sql] SHOW FULL COLUMNS FROM `cmf_hook` [ RunTime:0.001133s ]
[2024-12-05T11:07:26+08:00][sql] SELECT `hook`,`id` FROM `cmf_hook` WHERE  (  (  `app` = '' OR `app` = 'cmf' )  AND `type` = 3 ) OR `type` = 1 [ RunTime:0.000544s ]
[2024-12-05T11:07:26+08:00][sql] SHOW FULL COLUMNS FROM `cmf_hook_plugin` [ RunTime:0.001061s ]
[2024-12-05T11:07:26+08:00][sql] SELECT `hook`,`plugin` FROM `cmf_hook_plugin` WHERE  `status` = 1  AND `hook` IN ('app_begin','module_init','action_begin','view_filter','app_end','log_write','response_end','admin_init','home_init','send_mobile_verification_code','body_start','before_head_end','footer_start','before_footer','before_footer_end','before_body_end','left_sidebar_start','before_left_sidebar_end','right_sidebar_start','before_right_sidebar_end','comment','guestbook','switch_theme','after_content','before_content','log_write_done','switch_admin_theme','captcha_image') ORDER BY `list_order` ASC [ RunTime:0.000575s ]
[2024-12-05T11:07:26+08:00][sql] SHOW FULL COLUMNS FROM `cmf_user` [ RunTime:0.002014s ]
[2024-12-05T11:07:26+08:00][sql] SELECT * FROM `cmf_user` WHERE  `id` = 1 LIMIT 1 [ RunTime:0.000906s ]
[2024-12-05T11:07:26+08:00][sql] SHOW FULL COLUMNS FROM `cmf_admin_menu` [ RunTime:0.001512s ]
[2024-12-05T11:07:26+08:00][sql] SELECT * FROM `cmf_admin_menu` WHERE  `parent_id` = 0  AND `status` = 1 ORDER BY `list_order` ASC [ RunTime:0.001078s ]
[2024-12-05T11:07:26+08:00][sql] SELECT * FROM `cmf_admin_menu` WHERE  `parent_id` = 6  AND `status` = 1 ORDER BY `list_order` ASC [ RunTime:0.000819s ]
[2024-12-05T11:07:26+08:00][sql] SELECT * FROM `cmf_admin_menu` WHERE  `parent_id` = 71  AND `status` = 1 ORDER BY `list_order` ASC [ RunTime:0.000660s ]
[2024-12-05T11:07:26+08:00][sql] SELECT * FROM `cmf_admin_menu` WHERE  `parent_id` = 169  AND `status` = 1 ORDER BY `list_order` ASC [ RunTime:0.000547s ]
[2024-12-05T11:07:26+08:00][sql] SELECT * FROM `cmf_admin_menu` WHERE  `parent_id` = 78  AND `status` = 1 ORDER BY `list_order` ASC [ RunTime:0.000639s ]
[2024-12-05T11:07:26+08:00][sql] SELECT * FROM `cmf_admin_menu` WHERE  `parent_id` = 75  AND `status` = 1 ORDER BY `list_order` ASC [ RunTime:0.000655s ]
[2024-12-05T11:07:26+08:00][sql] SELECT * FROM `cmf_admin_menu` WHERE  `parent_id` = 171  AND `status` = 1 ORDER BY `list_order` ASC [ RunTime:0.000622s ]
[2024-12-05T11:07:26+08:00][sql] SELECT * FROM `cmf_admin_menu` WHERE  `parent_id` = 110  AND `status` = 1 ORDER BY `list_order` ASC [ RunTime:0.000652s ]
[2024-12-05T11:07:26+08:00][sql] SELECT * FROM `cmf_admin_menu` WHERE  `parent_id` = 49  AND `status` = 1 ORDER BY `list_order` ASC [ RunTime:0.000631s ]
[2024-12-05T11:07:26+08:00][sql] SELECT * FROM `cmf_admin_menu` WHERE  `parent_id` = 50  AND `status` = 1 ORDER BY `list_order` ASC [ RunTime:0.000564s ]
[2024-12-05T11:07:26+08:00][sql] SELECT * FROM `cmf_admin_menu` WHERE  `parent_id` = 111  AND `status` = 1 ORDER BY `list_order` ASC [ RunTime:0.000567s ]
[2024-12-05T11:07:26+08:00][sql] SELECT * FROM `cmf_admin_menu` WHERE  `parent_id` = 180  AND `status` = 1 ORDER BY `list_order` ASC [ RunTime:0.000520s ]
[2024-12-05T11:07:26+08:00][sql] SELECT * FROM `cmf_admin_menu` WHERE  `parent_id` = 123  AND `status` = 1 ORDER BY `list_order` ASC [ RunTime:0.000540s ]
[2024-12-05T11:07:26+08:00][sql] SELECT * FROM `cmf_admin_menu` WHERE  `parent_id` = 124  AND `status` = 1 ORDER BY `list_order` ASC [ RunTime:0.000544s ]
[2024-12-05T11:07:26+08:00][sql] SELECT * FROM `cmf_admin_menu` WHERE  `parent_id` = 199  AND `status` = 1 ORDER BY `list_order` ASC [ RunTime:0.000566s ]
[2024-12-05T11:07:26+08:00][sql] SELECT * FROM `cmf_admin_menu` WHERE  `parent_id` = 206  AND `status` = 1 ORDER BY `list_order` ASC [ RunTime:0.000560s ]
[2024-12-05T11:07:26+08:00][sql] SELECT * FROM `cmf_admin_menu` WHERE  `parent_id` = 214  AND `status` = 1 ORDER BY `list_order` ASC [ RunTime:0.000523s ]
[2024-12-05T11:07:26+08:00][sql] SELECT * FROM `cmf_admin_menu` WHERE  `parent_id` = 218  AND `status` = 1 ORDER BY `list_order` ASC [ RunTime:0.000632s ]
[2024-12-05T11:07:26+08:00][sql] SELECT * FROM `cmf_admin_menu` WHERE  `parent_id` = 219  AND `status` = 1 ORDER BY `list_order` ASC [ RunTime:0.000543s ]
[2024-12-05T11:07:26+08:00][sql] SELECT * FROM `cmf_admin_menu` WHERE  `parent_id` = 226  AND `status` = 1 ORDER BY `list_order` ASC [ RunTime:0.000475s ]
[2024-12-05T11:07:26+08:00][sql] SELECT * FROM `cmf_admin_menu` WHERE  `parent_id` = 228  AND `status` = 1 ORDER BY `list_order` ASC [ RunTime:0.000463s ]
[2024-12-05T11:07:26+08:00][sql] SELECT * FROM `cmf_admin_menu` WHERE  `parent_id` = 229  AND `status` = 1 ORDER BY `list_order` ASC [ RunTime:0.000459s ]
[2024-12-05T11:07:26+08:00][sql] SELECT * FROM `cmf_admin_menu` WHERE  `parent_id` = 232  AND `status` = 1 ORDER BY `list_order` ASC [ RunTime:0.000521s ]
[2024-12-05T11:07:26+08:00][sql] SELECT * FROM `cmf_admin_menu` WHERE  `parent_id` = 238  AND `status` = 1 ORDER BY `list_order` ASC [ RunTime:0.000501s ]
[2024-12-05T11:07:26+08:00][sql] SELECT * FROM `cmf_admin_menu` WHERE  `parent_id` = 241  AND `status` = 1 ORDER BY `list_order` ASC [ RunTime:0.000502s ]
[2024-12-05T11:07:26+08:00][sql] SELECT * FROM `cmf_admin_menu` WHERE  `parent_id` = 261  AND `status` = 1 ORDER BY `list_order` ASC [ RunTime:0.000507s ]
[2024-12-05T11:07:26+08:00][sql] SELECT * FROM `cmf_admin_menu` WHERE  `parent_id` = 268  AND `status` = 1 ORDER BY `list_order` ASC [ RunTime:0.000549s ]
[2024-12-05T11:07:26+08:00][sql] SELECT * FROM `cmf_admin_menu` WHERE  `parent_id` = 269  AND `status` = 1 ORDER BY `list_order` ASC [ RunTime:0.000514s ]
[2024-12-05T11:07:26+08:00][sql] SELECT * FROM `cmf_admin_menu` WHERE  `parent_id` = 276  AND `status` = 1 ORDER BY `list_order` ASC [ RunTime:0.000496s ]
[2024-12-05T11:07:26+08:00][sql] SELECT * FROM `cmf_admin_menu` WHERE  `parent_id` = 279  AND `status` = 1 ORDER BY `list_order` ASC [ RunTime:0.000451s ]
[2024-12-05T11:07:26+08:00][sql] SELECT * FROM `cmf_admin_menu` WHERE  `parent_id` = 598  AND `status` = 1 ORDER BY `list_order` ASC [ RunTime:0.000445s ]
[2024-12-05T11:07:26+08:00][sql] SELECT * FROM `cmf_admin_menu` WHERE  `parent_id` = 281  AND `status` = 1 ORDER BY `list_order` ASC [ RunTime:0.000526s ]
[2024-12-05T11:07:26+08:00][sql] SELECT * FROM `cmf_admin_menu` WHERE  `parent_id` = 282  AND `status` = 1 ORDER BY `list_order` ASC [ RunTime:0.000497s ]
[2024-12-05T11:07:26+08:00][sql] SELECT * FROM `cmf_admin_menu` WHERE  `parent_id` = 290  AND `status` = 1 ORDER BY `list_order` ASC [ RunTime:0.000520s ]
[2024-12-05T11:07:26+08:00][sql] SELECT * FROM `cmf_admin_menu` WHERE  `parent_id` = 291  AND `status` = 1 ORDER BY `list_order` ASC [ RunTime:0.000457s ]
[2024-12-05T11:07:26+08:00][sql] SELECT * FROM `cmf_admin_menu` WHERE  `parent_id` = 292  AND `status` = 1 ORDER BY `list_order` ASC [ RunTime:0.000454s ]
[2024-12-05T11:07:26+08:00][sql] SELECT * FROM `cmf_admin_menu` WHERE  `parent_id` = 293  AND `status` = 1 ORDER BY `list_order` ASC [ RunTime:0.000430s ]
[2024-12-05T11:07:26+08:00][sql] SELECT * FROM `cmf_admin_menu` WHERE  `parent_id` = 294  AND `status` = 1 ORDER BY `list_order` ASC [ RunTime:0.000429s ]
[2024-12-05T11:07:26+08:00][sql] SELECT * FROM `cmf_admin_menu` WHERE  `parent_id` = 302  AND `status` = 1 ORDER BY `list_order` ASC [ RunTime:0.000525s ]
[2024-12-05T11:07:26+08:00][sql] SELECT * FROM `cmf_admin_menu` WHERE  `parent_id` = 309  AND `status` = 1 ORDER BY `list_order` ASC [ RunTime:0.000527s ]
[2024-12-05T11:07:26+08:00][sql] SELECT * FROM `cmf_admin_menu` WHERE  `parent_id` = 312  AND `status` = 1 ORDER BY `list_order` ASC [ RunTime:0.000530s ]
[2024-12-05T11:07:26+08:00][sql] SELECT * FROM `cmf_admin_menu` WHERE  `parent_id` = 313  AND `status` = 1 ORDER BY `list_order` ASC [ RunTime:0.000499s ]
[2024-12-05T11:07:26+08:00][sql] SELECT * FROM `cmf_admin_menu` WHERE  `parent_id` = 321  AND `status` = 1 ORDER BY `list_order` ASC [ RunTime:0.000479s ]
[2024-12-05T11:07:26+08:00][sql] SELECT * FROM `cmf_admin_menu` WHERE  `parent_id` = 336  AND `status` = 1 ORDER BY `list_order` ASC [ RunTime:0.000511s ]
[2024-12-05T11:07:26+08:00][sql] SELECT * FROM `cmf_admin_menu` WHERE  `parent_id` = 337  AND `status` = 1 ORDER BY `list_order` ASC [ RunTime:0.000426s ]
[2024-12-05T11:07:26+08:00][sql] SELECT * FROM `cmf_admin_menu` WHERE  `parent_id` = 338  AND `status` = 1 ORDER BY `list_order` ASC [ RunTime:0.000497s ]
[2024-12-05T11:07:26+08:00][sql] SELECT * FROM `cmf_admin_menu` WHERE  `parent_id` = 339  AND `status` = 1 ORDER BY `list_order` ASC [ RunTime:0.000424s ]
[2024-12-05T11:07:26+08:00][sql] SELECT * FROM `cmf_admin_menu` WHERE  `parent_id` = 340  AND `status` = 1 ORDER BY `list_order` ASC [ RunTime:0.000405s ]
[2024-12-05T11:07:26+08:00][sql] SELECT * FROM `cmf_admin_menu` WHERE  `parent_id` = 351  AND `status` = 1 ORDER BY `list_order` ASC [ RunTime:0.000483s ]
[2024-12-05T11:07:26+08:00][sql] SELECT * FROM `cmf_admin_menu` WHERE  `parent_id` = 358  AND `status` = 1 ORDER BY `list_order` ASC [ RunTime:0.000425s ]
[2024-12-05T11:07:26+08:00][sql] SELECT * FROM `cmf_admin_menu` WHERE  `parent_id` = 360  AND `status` = 1 ORDER BY `list_order` ASC [ RunTime:0.000498s ]
[2024-12-05T11:07:26+08:00][sql] SELECT * FROM `cmf_admin_menu` WHERE  `parent_id` = 365  AND `status` = 1 ORDER BY `list_order` ASC [ RunTime:0.000428s ]
[2024-12-05T11:07:26+08:00][sql] SELECT * FROM `cmf_admin_menu` WHERE  `parent_id` = 366  AND `status` = 1 ORDER BY `list_order` ASC [ RunTime:0.000418s ]
[2024-12-05T11:07:26+08:00][sql] SELECT * FROM `cmf_admin_menu` WHERE  `parent_id` = 371  AND `status` = 1 ORDER BY `list_order` ASC [ RunTime:0.000515s ]
[2024-12-05T11:07:26+08:00][sql] SELECT * FROM `cmf_admin_menu` WHERE  `parent_id` = 372  AND `status` = 1 ORDER BY `list_order` ASC [ RunTime:0.000510s ]
[2024-12-05T11:07:26+08:00][sql] SELECT * FROM `cmf_admin_menu` WHERE  `parent_id` = 373  AND `status` = 1 ORDER BY `list_order` ASC [ RunTime:0.000435s ]
[2024-12-05T11:07:26+08:00][sql] SELECT * FROM `cmf_admin_menu` WHERE  `parent_id` = 374  AND `status` = 1 ORDER BY `list_order` ASC [ RunTime:0.000406s ]
[2024-12-05T11:07:26+08:00][sql] SELECT * FROM `cmf_admin_menu` WHERE  `parent_id` = 381  AND `status` = 1 ORDER BY `list_order` ASC [ RunTime:0.000484s ]
[2024-12-05T11:07:26+08:00][sql] SELECT * FROM `cmf_admin_menu` WHERE  `parent_id` = 384  AND `status` = 1 ORDER BY `list_order` ASC [ RunTime:0.000481s ]
[2024-12-05T11:07:26+08:00][sql] SELECT * FROM `cmf_admin_menu` WHERE  `parent_id` = 388  AND `status` = 1 ORDER BY `list_order` ASC [ RunTime:0.000429s ]
[2024-12-05T11:07:26+08:00][sql] SELECT * FROM `cmf_admin_menu` WHERE  `parent_id` = 390  AND `status` = 1 ORDER BY `list_order` ASC [ RunTime:0.000495s ]
[2024-12-05T11:07:26+08:00][sql] SELECT * FROM `cmf_admin_menu` WHERE  `parent_id` = 394  AND `status` = 1 ORDER BY `list_order` ASC [ RunTime:0.000417s ]
[2024-12-05T11:07:26+08:00][sql] SELECT * FROM `cmf_admin_menu` WHERE  `parent_id` = 395  AND `status` = 1 ORDER BY `list_order` ASC [ RunTime:0.000493s ]
[2024-12-05T11:07:26+08:00][sql] SELECT * FROM `cmf_admin_menu` WHERE  `parent_id` = 396  AND `status` = 1 ORDER BY `list_order` ASC [ RunTime:0.000482s ]
[2024-12-05T11:07:26+08:00][sql] SELECT * FROM `cmf_admin_menu` WHERE  `parent_id` = 404  AND `status` = 1 ORDER BY `list_order` ASC [ RunTime:0.000477s ]
[2024-12-05T11:07:26+08:00][sql] SELECT * FROM `cmf_admin_menu` WHERE  `parent_id` = 410  AND `status` = 1 ORDER BY `list_order` ASC [ RunTime:0.000479s ]
[2024-12-05T11:07:26+08:00][sql] SELECT * FROM `cmf_admin_menu` WHERE  `parent_id` = 414  AND `status` = 1 ORDER BY `list_order` ASC [ RunTime:0.000490s ]
[2024-12-05T11:07:26+08:00][sql] SELECT * FROM `cmf_admin_menu` WHERE  `parent_id` = 415  AND `status` = 1 ORDER BY `list_order` ASC [ RunTime:0.000481s ]
[2024-12-05T11:07:26+08:00][sql] SELECT * FROM `cmf_admin_menu` WHERE  `parent_id` = 422  AND `status` = 1 ORDER BY `list_order` ASC [ RunTime:0.000467s ]
[2024-12-05T11:07:26+08:00][sql] SELECT * FROM `cmf_admin_menu` WHERE  `parent_id` = 430  AND `status` = 1 ORDER BY `list_order` ASC [ RunTime:0.000500s ]
[2024-12-05T11:07:26+08:00][sql] SELECT * FROM `cmf_admin_menu` WHERE  `parent_id` = 591  AND `status` = 1 ORDER BY `list_order` ASC [ RunTime:0.000477s ]
[2024-12-05T11:07:26+08:00][sql] SELECT * FROM `cmf_admin_menu` WHERE  `parent_id` = 592  AND `status` = 1 ORDER BY `list_order` ASC [ RunTime:0.000487s ]
[2024-12-05T11:07:26+08:00][sql] SELECT * FROM `cmf_admin_menu` WHERE  `parent_id` = 437  AND `status` = 1 ORDER BY `list_order` ASC [ RunTime:0.000406s ]
[2024-12-05T11:07:26+08:00][sql] SELECT * FROM `cmf_admin_menu` WHERE  `parent_id` = 439  AND `status` = 1 ORDER BY `list_order` ASC [ RunTime:0.000461s ]
[2024-12-05T11:07:26+08:00][sql] SELECT * FROM `cmf_admin_menu` WHERE  `parent_id` = 446  AND `status` = 1 ORDER BY `list_order` ASC [ RunTime:0.000488s ]
[2024-12-05T11:07:26+08:00][sql] SELECT * FROM `cmf_admin_menu` WHERE  `parent_id` = 447  AND `status` = 1 ORDER BY `list_order` ASC [ RunTime:0.000454s ]
[2024-12-05T11:07:26+08:00][sql] SELECT * FROM `cmf_admin_menu` WHERE  `parent_id` = 448  AND `status` = 1 ORDER BY `list_order` ASC [ RunTime:0.000454s ]
[2024-12-05T11:07:26+08:00][sql] SELECT * FROM `cmf_admin_menu` WHERE  `parent_id` = 459  AND `status` = 1 ORDER BY `list_order` ASC [ RunTime:0.000458s ]
[2024-12-05T11:07:26+08:00][sql] SELECT * FROM `cmf_admin_menu` WHERE  `parent_id` = 460  AND `status` = 1 ORDER BY `list_order` ASC [ RunTime:0.000380s ]
[2024-12-05T11:07:26+08:00][sql] SELECT * FROM `cmf_admin_menu` WHERE  `parent_id` = 461  AND `status` = 1 ORDER BY `list_order` ASC [ RunTime:0.000374s ]
[2024-12-05T11:07:26+08:00][sql] SELECT * FROM `cmf_admin_menu` WHERE  `parent_id` = 462  AND `status` = 1 ORDER BY `list_order` ASC [ RunTime:0.000542s ]
[2024-12-05T11:07:26+08:00][sql] SELECT * FROM `cmf_admin_menu` WHERE  `parent_id` = 463  AND `status` = 1 ORDER BY `list_order` ASC [ RunTime:0.000474s ]
[2024-12-05T11:07:26+08:00][sql] SELECT * FROM `cmf_admin_menu` WHERE  `parent_id` = 469  AND `status` = 1 ORDER BY `list_order` ASC [ RunTime:0.000390s ]
[2024-12-05T11:07:26+08:00][sql] SELECT * FROM `cmf_admin_menu` WHERE  `parent_id` = 471  AND `status` = 1 ORDER BY `list_order` ASC [ RunTime:0.000450s ]
[2024-12-05T11:07:26+08:00][sql] SELECT * FROM `cmf_admin_menu` WHERE  `parent_id` = 484  AND `status` = 1 ORDER BY `list_order` ASC [ RunTime:0.000375s ]
[2024-12-05T11:07:26+08:00][sql] SELECT * FROM `cmf_admin_menu` WHERE  `parent_id` = 485  AND `status` = 1 ORDER BY `list_order` ASC [ RunTime:0.000387s ]
[2024-12-05T11:07:26+08:00][sql] SELECT * FROM `cmf_admin_menu` WHERE  `parent_id` = 487  AND `status` = 1 ORDER BY `list_order` ASC [ RunTime:0.000447s ]
[2024-12-05T11:07:26+08:00][sql] SELECT * FROM `cmf_admin_menu` WHERE  `parent_id` = 494  AND `status` = 1 ORDER BY `list_order` ASC [ RunTime:0.000443s ]
[2024-12-05T11:07:26+08:00][sql] SELECT * FROM `cmf_admin_menu` WHERE  `parent_id` = 501  AND `status` = 1 ORDER BY `list_order` ASC [ RunTime:0.000437s ]
[2024-12-05T11:07:26+08:00][sql] SELECT * FROM `cmf_admin_menu` WHERE  `parent_id` = 508  AND `status` = 1 ORDER BY `list_order` ASC [ RunTime:0.000440s ]
[2024-12-05T11:07:26+08:00][sql] SELECT * FROM `cmf_admin_menu` WHERE  `parent_id` = 515  AND `status` = 1 ORDER BY `list_order` ASC [ RunTime:0.000433s ]
[2024-12-05T11:07:26+08:00][sql] SELECT * FROM `cmf_admin_menu` WHERE  `parent_id` = 519  AND `status` = 1 ORDER BY `list_order` ASC [ RunTime:0.000426s ]
[2024-12-05T11:07:26+08:00][sql] SELECT * FROM `cmf_admin_menu` WHERE  `parent_id` = 524  AND `status` = 1 ORDER BY `list_order` ASC [ RunTime:0.000437s ]
[2024-12-05T11:07:26+08:00][sql] SELECT * FROM `cmf_admin_menu` WHERE  `parent_id` = 525  AND `status` = 1 ORDER BY `list_order` ASC [ RunTime:0.000434s ]
[2024-12-05T11:07:26+08:00][sql] SELECT * FROM `cmf_admin_menu` WHERE  `parent_id` = 532  AND `status` = 1 ORDER BY `list_order` ASC [ RunTime:0.000441s ]
[2024-12-05T11:07:26+08:00][sql] SELECT * FROM `cmf_admin_menu` WHERE  `parent_id` = 536  AND `status` = 1 ORDER BY `list_order` ASC [ RunTime:0.000483s ]
[2024-12-05T11:07:26+08:00][sql] SELECT * FROM `cmf_admin_menu` WHERE  `parent_id` = 537  AND `status` = 1 ORDER BY `list_order` ASC [ RunTime:0.000443s ]
[2024-12-05T11:07:26+08:00][sql] SELECT * FROM `cmf_admin_menu` WHERE  `parent_id` = 541  AND `status` = 1 ORDER BY `list_order` ASC [ RunTime:0.000437s ]
[2024-12-05T11:07:26+08:00][sql] SELECT * FROM `cmf_admin_menu` WHERE  `parent_id` = 542  AND `status` = 1 ORDER BY `list_order` ASC [ RunTime:0.000359s ]
[2024-12-05T11:07:26+08:00][sql] SELECT * FROM `cmf_admin_menu` WHERE  `parent_id` = 543  AND `status` = 1 ORDER BY `list_order` ASC [ RunTime:0.000360s ]
[2024-12-05T11:07:26+08:00][sql] SELECT * FROM `cmf_admin_menu` WHERE  `parent_id` = 547  AND `status` = 1 ORDER BY `list_order` ASC [ RunTime:0.000426s ]
[2024-12-05T11:07:26+08:00][sql] SELECT * FROM `cmf_admin_menu` WHERE  `parent_id` = 551  AND `status` = 1 ORDER BY `list_order` ASC [ RunTime:0.000475s ]
[2024-12-05T11:07:26+08:00][sql] SELECT * FROM `cmf_admin_menu` WHERE  `parent_id` = 552  AND `status` = 1 ORDER BY `list_order` ASC [ RunTime:0.000426s ]
[2024-12-05T11:07:26+08:00][sql] SELECT * FROM `cmf_admin_menu` WHERE  `parent_id` = 553  AND `status` = 1 ORDER BY `list_order` ASC [ RunTime:0.000433s ]
[2024-12-05T11:07:26+08:00][sql] SELECT * FROM `cmf_admin_menu` WHERE  `parent_id` = 554  AND `status` = 1 ORDER BY `list_order` ASC [ RunTime:0.000363s ]
[2024-12-05T11:07:26+08:00][sql] SELECT * FROM `cmf_admin_menu` WHERE  `parent_id` = 572  AND `status` = 1 ORDER BY `list_order` ASC [ RunTime:0.000447s ]
[2024-12-05T11:07:26+08:00][sql] SELECT * FROM `cmf_admin_menu` WHERE  `parent_id` = 580  AND `status` = 1 ORDER BY `list_order` ASC [ RunTime:0.000433s ]
[2024-12-05T11:07:26+08:00][sql] SELECT * FROM `cmf_admin_menu` WHERE  `parent_id` = 584  AND `status` = 1 ORDER BY `list_order` ASC [ RunTime:0.000427s ]
[2024-12-05T11:07:26+08:00][sql] SELECT * FROM `cmf_admin_menu` WHERE  `parent_id` = 588  AND `status` = 1 ORDER BY `list_order` ASC [ RunTime:0.000434s ]
[2024-12-05T11:07:26+08:00][sql] SELECT * FROM `cmf_admin_menu` WHERE  `parent_id` = 561  AND `status` = 1 ORDER BY `list_order` ASC [ RunTime:0.000443s ]
[2024-12-05T11:07:26+08:00][sql] SELECT * FROM `cmf_admin_menu` WHERE  `parent_id` = 562  AND `status` = 1 ORDER BY `list_order` ASC [ RunTime:0.000439s ]
[2024-12-05T11:07:26+08:00][sql] SELECT * FROM `cmf_admin_menu` WHERE  `parent_id` = 565  AND `status` = 1 ORDER BY `list_order` ASC [ RunTime:0.000441s ]
[2024-12-05T11:07:26+08:00][sql] SELECT * FROM `cmf_admin_menu` WHERE  `parent_id` = 600  AND `status` = 1 ORDER BY `list_order` ASC [ RunTime:0.000483s ]
[2024-12-05T11:07:26+08:00][sql] SELECT * FROM `cmf_admin_menu` WHERE  `parent_id` = 601  AND `status` = 1 ORDER BY `list_order` ASC [ RunTime:0.000447s ]
[2024-12-05T11:07:26+08:00][sql] SELECT * FROM `cmf_admin_menu` WHERE  `parent_id` = 603  AND `status` = 1 ORDER BY `list_order` ASC [ RunTime:0.000436s ]
[2024-12-05T11:07:26+08:00][sql] SELECT * FROM `cmf_admin_menu` WHERE  `parent_id` = 604  AND `status` = 1 ORDER BY `list_order` ASC [ RunTime:0.000358s ]
[2024-12-05T11:07:26+08:00][sql] SELECT * FROM `cmf_admin_menu` WHERE  `parent_id` = 602  AND `status` = 1 ORDER BY `list_order` ASC [ RunTime:0.000472s ]
[2024-12-05T11:07:26+08:00][sql] SELECT * FROM `cmf_admin_menu` WHERE  `parent_id` = 605  AND `status` = 1 ORDER BY `list_order` ASC [ RunTime:0.000365s ]
[2024-12-05T11:07:26+08:00][sql] SELECT * FROM `cmf_admin_menu` WHERE  `parent_id` = 606  AND `status` = 1 ORDER BY `list_order` ASC [ RunTime:0.000370s ]
[2024-12-05T11:07:26+08:00][sql] SELECT * FROM `cmf_admin_menu` WHERE  `parent_id` = 1  AND `status` = 1 ORDER BY `list_order` ASC [ RunTime:0.000422s ]
[2024-12-05T11:07:26+08:00][sql] SELECT * FROM `cmf_admin_menu` WHERE  `parent_id` = 42  AND `status` = 1 ORDER BY `list_order` ASC [ RunTime:0.000407s ]
[2024-12-05T11:07:26+08:00][sql] SELECT * FROM `cmf_admin_menu` ORDER BY `app` ASC,`controller` ASC,`action` ASC [ RunTime:0.002330s ]
[2024-12-05T11:07:26+08:00][sql] CONNECT:[ UseTime:0.000475s ] mysql:host=127.0.0.1;port=3306;dbname=zhibo;charset=utf8mb4
[2024-12-05T11:07:26+08:00][sql] SHOW FULL COLUMNS FROM `cmf_hook` [ RunTime:0.001496s ]
[2024-12-05T11:07:26+08:00][sql] SELECT `hook`,`id` FROM `cmf_hook` WHERE  (  (  `app` = '' OR `app` = 'cmf' )  AND `type` = 3 ) OR `type` = 1 [ RunTime:0.000618s ]
[2024-12-05T11:07:26+08:00][sql] SHOW FULL COLUMNS FROM `cmf_hook_plugin` [ RunTime:0.001399s ]
[2024-12-05T11:07:26+08:00][sql] SELECT `hook`,`plugin` FROM `cmf_hook_plugin` WHERE  `status` = 1  AND `hook` IN ('app_begin','module_init','action_begin','view_filter','app_end','log_write','response_end','admin_init','home_init','send_mobile_verification_code','body_start','before_head_end','footer_start','before_footer','before_footer_end','before_body_end','left_sidebar_start','before_left_sidebar_end','right_sidebar_start','before_right_sidebar_end','comment','guestbook','switch_theme','after_content','before_content','log_write_done','switch_admin_theme','captcha_image') ORDER BY `list_order` ASC [ RunTime:0.000693s ]
[2024-12-05T11:07:26+08:00][sql] SHOW FULL COLUMNS FROM `cmf_user` [ RunTime:0.001957s ]
[2024-12-05T11:07:26+08:00][sql] SELECT * FROM `cmf_user` WHERE  `id` = 1 LIMIT 1 [ RunTime:0.000816s ]
[2024-12-05T11:07:26+08:00][sql] SELECT COUNT(*) AS think_count FROM `cmf_user` WHERE  ( user_type=2 ) LIMIT 1 [ RunTime:0.000524s ]
[2024-12-05T11:07:26+08:00][sql] SELECT count(id) as nums,source FROM `cmf_user` WHERE  ( user_type=2 ) GROUP BY `source` [ RunTime:0.000633s ]
[2024-12-05T11:07:26+08:00][sql] SELECT count(id) as nums,login_type FROM `cmf_user` WHERE  ( user_type=2 ) GROUP BY `login_type` ORDER BY `nums` DESC [ RunTime:0.000547s ]
[2024-12-05T11:07:26+08:00][sql] SELECT COUNT(*) AS think_count FROM `cmf_user` WHERE  ( user_type=2 ) LIMIT 1 [ RunTime:0.000426s ]
[2024-12-05T11:07:26+08:00][sql] SHOW FULL COLUMNS FROM `cmf_live` [ RunTime:0.001640s ]
[2024-12-05T11:07:26+08:00][sql] SELECT COUNT(*) AS think_count FROM `cmf_live` WHERE  ( islive=1 ) LIMIT 1 [ RunTime:0.000479s ]
[2024-12-05T11:07:26+08:00][sql] select sum(endtime - starttime) as times from cmf_live_record [ RunTime:0.000376s ]
[2024-12-05T11:07:26+08:00][sql] SHOW FULL COLUMNS FROM `cmf_live_record` [ RunTime:0.001477s ]
[2024-12-05T11:07:26+08:00][sql] SELECT COUNT(*) AS think_count FROM ( SELECT count(*) AS think_count FROM `cmf_live_record` WHERE  ( starttime >= 1733328000 and starttime<1733414400 ) GROUP BY `uid` ) `_group_count_` LIMIT 1 [ RunTime:0.000610s ]
[2024-12-05T11:07:26+08:00][sql] SELECT COUNT(*) AS think_count FROM `cmf_live_record` WHERE  ( starttime >= 1733328000 and starttime<1733414400 ) LIMIT 1 [ RunTime:0.000400s ]
[2024-12-05T11:07:26+08:00][sql] select sum(endtime - starttime) as times from cmf_live_record where starttime >= 1733328000 and starttime<1733414400 [ RunTime:0.000353s ]
[2024-12-05T11:07:26+08:00][sql] SELECT `id`,`user_nickname`,`avatar`,`avatar_thumb`,`votestotal` FROM `cmf_user` WHERE  ( user_type=2 ) ORDER BY `votestotal` DESC LIMIT 0,3 [ RunTime:0.000429s ]
[2024-12-05T11:07:26+08:00][sql] SELECT `id`,`user_nickname`,`avatar`,`avatar_thumb`,`consumption` FROM `cmf_user` WHERE  ( user_type=2 ) ORDER BY `consumption` DESC LIMIT 0,3 [ RunTime:0.000577s ]
[2024-12-05T11:07:26+08:00][sql] SHOW FULL COLUMNS FROM `cmf_charge_user` [ RunTime:0.001419s ]
[2024-12-05T11:07:26+08:00][sql] SELECT SUM(`money`) AS think_sum FROM `cmf_charge_user` WHERE  ( status=1 ) LIMIT 1 [ RunTime:0.000389s ]
[2024-12-05T11:07:26+08:00][sql] SELECT SUM(`money`) AS think_sum FROM `cmf_charge_user` WHERE  ( status=1 and addtime>=1733328000 and addtime<1733414400 ) LIMIT 1 [ RunTime:0.000393s ]
[2024-12-05T11:07:26+08:00][sql] SELECT SUM(`money`) AS think_sum FROM `cmf_charge_user` WHERE  ( status=1 and type=1 and addtime>=1733328000 and addtime<1733414400 ) LIMIT 1 [ RunTime:0.000348s ]
[2024-12-05T11:07:26+08:00][sql] SELECT SUM(`money`) AS think_sum FROM `cmf_charge_user` WHERE  ( status=1 and type=2 and addtime>=1733328000 and addtime<1733414400 ) LIMIT 1 [ RunTime:0.000342s ]
[2024-12-05T11:07:26+08:00][sql] SELECT SUM(`money`) AS think_sum FROM `cmf_charge_user` WHERE  ( status=1 and type=3 and addtime>=1733328000 and addtime<1733414400 ) LIMIT 1 [ RunTime:0.000321s ]
[2024-12-05T11:07:26+08:00][sql] SHOW FULL COLUMNS FROM `cmf_cash_record` [ RunTime:0.001328s ]
[2024-12-05T11:07:26+08:00][sql] SELECT SUM(`money`) AS think_sum FROM `cmf_cash_record` WHERE  ( status=0 and addtime>=1733328000 and addtime<1733414400 ) LIMIT 1 [ RunTime:0.000387s ]
[2024-12-05T11:07:26+08:00][sql] SELECT SUM(`money`) AS think_sum FROM `cmf_cash_record` WHERE  ( status=1 and addtime>=1733328000 and addtime<1733414400 ) LIMIT 1 [ RunTime:0.000339s ]
[2024-12-05T11:07:26+08:00][sql] SELECT COUNT(*) AS think_count FROM ( SELECT count(*) AS think_count FROM `cmf_cash_record` WHERE  ( addtime>=1733328000 and addtime<1733414400 ) GROUP BY `uid` ) `_group_count_` LIMIT 1 [ RunTime:0.000469s ]
[2024-12-05T11:07:26+08:00][sql] SELECT SUM(`money`) AS think_sum FROM `cmf_cash_record` WHERE  ( status=1 ) LIMIT 1 [ RunTime:0.000346s ]
[2024-12-05T11:07:26+08:00][sql] SHOW FULL COLUMNS FROM `cmf_shop_apply` [ RunTime:0.001541s ]
[2024-12-05T11:07:26+08:00][sql] SELECT COUNT(*) AS think_count FROM `cmf_shop_apply` WHERE  ( status=0 ) LIMIT 1 [ RunTime:0.000370s ]
[2024-12-05T11:07:26+08:00][sql] SHOW FULL COLUMNS FROM `cmf_shop_goods` [ RunTime:0.001468s ]
[2024-12-05T11:07:26+08:00][sql] SELECT COUNT(*) AS think_count FROM `cmf_shop_goods` WHERE  ( status=0 ) LIMIT 1 [ RunTime:0.000432s ]
[2024-12-05T11:07:26+08:00][sql] SHOW FULL COLUMNS FROM `cmf_shop_order_refund` [ RunTime:0.001431s ]
[2024-12-05T11:07:26+08:00][sql] SELECT COUNT(*) AS think_count FROM `cmf_shop_order_refund` WHERE  ( is_platform_interpose=1 and platform_result=0 ) LIMIT 1 [ RunTime:0.000424s ]
[2024-12-05T11:07:26+08:00][sql] SHOW FULL COLUMNS FROM `cmf_paidprogram` [ RunTime:0.001326s ]
[2024-12-05T11:07:26+08:00][sql] SELECT COUNT(*) AS think_count FROM `cmf_paidprogram` WHERE  ( status=0 ) LIMIT 1 [ RunTime:0.000348s ]
[2024-12-05T11:07:26+08:00][sql] SHOW FULL COLUMNS FROM `cmf_paidprogram_apply` [ RunTime:0.001175s ]
[2024-12-05T11:07:26+08:00][sql] SELECT COUNT(*) AS think_count FROM `cmf_paidprogram_apply` WHERE  ( status=0 ) LIMIT 1 [ RunTime:0.000337s ]
[2024-12-05T11:07:26+08:00][sql] SHOW FULL COLUMNS FROM `cmf_report` [ RunTime:0.001170s ]
[2024-12-05T11:07:26+08:00][sql] SELECT COUNT(*) AS think_count FROM `cmf_report` WHERE  ( status=0 ) LIMIT 1 [ RunTime:0.000339s ]
[2024-12-05T11:07:26+08:00][sql] SHOW FULL COLUMNS FROM `cmf_dynamic` [ RunTime:0.001343s ]
[2024-12-05T11:07:26+08:00][sql] SELECT COUNT(*) AS think_count FROM `cmf_dynamic` WHERE  ( isdel=0 and status=0 ) LIMIT 1 [ RunTime:0.000379s ]
[2024-12-05T11:07:26+08:00][sql] SHOW FULL COLUMNS FROM `cmf_dynamic_report` [ RunTime:0.001240s ]
[2024-12-05T11:07:26+08:00][sql] SELECT COUNT(*) AS think_count FROM `cmf_dynamic_report` WHERE  ( status=0 ) LIMIT 1 [ RunTime:0.000377s ]
[2024-12-05T11:07:26+08:00][sql] SHOW FULL COLUMNS FROM `cmf_video` [ RunTime:0.001416s ]
[2024-12-05T11:07:26+08:00][sql] SELECT COUNT(*) AS think_count FROM `cmf_video` WHERE  ( isdel=0 and status=0 ) LIMIT 1 [ RunTime:0.000389s ]
[2024-12-05T11:07:26+08:00][sql] SHOW FULL COLUMNS FROM `cmf_video_report` [ RunTime:0.001162s ]
[2024-12-05T11:07:26+08:00][sql] SELECT COUNT(*) AS think_count FROM `cmf_video_report` WHERE  ( status=0 ) LIMIT 1 [ RunTime:0.000344s ]
[2024-12-05T11:07:26+08:00][sql] SHOW FULL COLUMNS FROM `cmf_family` [ RunTime:0.001183s ]
[2024-12-05T11:07:26+08:00][sql] SELECT COUNT(*) AS think_count FROM `cmf_family` WHERE  ( state=0 ) LIMIT 1 [ RunTime:0.000346s ]
[2024-12-05T11:07:26+08:00][sql] SHOW FULL COLUMNS FROM `cmf_family_user_divide_apply` [ RunTime:0.001171s ]
[2024-12-05T11:07:26+08:00][sql] SELECT COUNT(*) AS think_count FROM `cmf_family_user_divide_apply` WHERE  ( status=0 ) LIMIT 1 [ RunTime:0.000363s ]
[2024-12-05T11:07:26+08:00][sql] SHOW FULL COLUMNS FROM `cmf_user_auth` [ RunTime:0.001215s ]
[2024-12-05T11:07:26+08:00][sql] SELECT COUNT(*) AS think_count FROM `cmf_user_auth` WHERE  ( status=0 ) LIMIT 1 [ RunTime:0.000418s ]
[2024-12-05T11:07:26+08:00][sql] CONNECT:[ UseTime:0.000473s ] mysql:host=127.0.0.1;port=3306;dbname=zhibo;charset=utf8mb4
[2024-12-05T11:07:26+08:00][sql] SHOW FULL COLUMNS FROM `cmf_hook` [ RunTime:0.001483s ]
[2024-12-05T11:07:26+08:00][sql] SELECT `hook`,`id` FROM `cmf_hook` WHERE  (  (  `app` = '' OR `app` = 'cmf' )  AND `type` = 3 ) OR `type` = 1 [ RunTime:0.000623s ]
[2024-12-05T11:07:26+08:00][sql] SHOW FULL COLUMNS FROM `cmf_hook_plugin` [ RunTime:0.001281s ]
[2024-12-05T11:07:26+08:00][sql] SELECT `hook`,`plugin` FROM `cmf_hook_plugin` WHERE  `status` = 1  AND `hook` IN ('app_begin','module_init','action_begin','view_filter','app_end','log_write','response_end','admin_init','home_init','send_mobile_verification_code','body_start','before_head_end','footer_start','before_footer','before_footer_end','before_body_end','left_sidebar_start','before_left_sidebar_end','right_sidebar_start','before_right_sidebar_end','comment','guestbook','switch_theme','after_content','before_content','log_write_done','switch_admin_theme','captcha_image') ORDER BY `list_order` ASC [ RunTime:0.000602s ]
[2024-12-05T11:08:53+08:00][sql] CONNECT:[ UseTime:0.000717s ] mysql:host=127.0.0.1;port=3306;dbname=zhibo;charset=utf8mb4
[2024-12-05T11:08:53+08:00][sql] SHOW FULL COLUMNS FROM `cmf_hook` [ RunTime:0.001705s ]
[2024-12-05T11:08:53+08:00][sql] SELECT `hook`,`id` FROM `cmf_hook` WHERE  (  (  `app` = '' OR `app` = 'cmf' )  AND `type` = 3 ) OR `type` = 1 [ RunTime:0.000778s ]
[2024-12-05T11:08:53+08:00][sql] SHOW FULL COLUMNS FROM `cmf_hook_plugin` [ RunTime:0.001454s ]
[2024-12-05T11:08:53+08:00][sql] SELECT `hook`,`plugin` FROM `cmf_hook_plugin` WHERE  `status` = 1  AND `hook` IN ('app_begin','module_init','action_begin','view_filter','app_end','log_write','response_end','admin_init','home_init','send_mobile_verification_code','body_start','before_head_end','footer_start','before_footer','before_footer_end','before_body_end','left_sidebar_start','before_left_sidebar_end','right_sidebar_start','before_right_sidebar_end','comment','guestbook','switch_theme','after_content','before_content','log_write_done','switch_admin_theme','captcha_image') ORDER BY `list_order` ASC [ RunTime:0.000838s ]
[2024-12-05T11:08:53+08:00][sql] SHOW FULL COLUMNS FROM `cmf_user` [ RunTime:0.001939s ]
[2024-12-05T11:08:53+08:00][sql] SELECT * FROM `cmf_user` WHERE  `id` = 1 LIMIT 1 [ RunTime:0.000806s ]
[2024-12-05T11:08:53+08:00][sql] SHOW FULL COLUMNS FROM `cmf_plugin` [ RunTime:0.001558s ]
[2024-12-05T11:08:53+08:00][sql] SELECT * FROM `cmf_plugin` [ RunTime:0.000459s ]
[2024-12-05T11:08:54+08:00][sql] CONNECT:[ UseTime:0.000483s ] mysql:host=127.0.0.1;port=3306;dbname=zhibo;charset=utf8mb4
[2024-12-05T11:08:54+08:00][sql] SHOW FULL COLUMNS FROM `cmf_hook` [ RunTime:0.001614s ]
[2024-12-05T11:08:54+08:00][sql] SELECT `hook`,`id` FROM `cmf_hook` WHERE  (  (  `app` = '' OR `app` = 'cmf' )  AND `type` = 3 ) OR `type` = 1 [ RunTime:0.000703s ]
[2024-12-05T11:08:54+08:00][sql] SHOW FULL COLUMNS FROM `cmf_hook_plugin` [ RunTime:0.001383s ]
[2024-12-05T11:08:54+08:00][sql] SELECT `hook`,`plugin` FROM `cmf_hook_plugin` WHERE  `status` = 1  AND `hook` IN ('app_begin','module_init','action_begin','view_filter','app_end','log_write','response_end','admin_init','home_init','send_mobile_verification_code','body_start','before_head_end','footer_start','before_footer','before_footer_end','before_body_end','left_sidebar_start','before_left_sidebar_end','right_sidebar_start','before_right_sidebar_end','comment','guestbook','switch_theme','after_content','before_content','log_write_done','switch_admin_theme','captcha_image') ORDER BY `list_order` ASC [ RunTime:0.000698s ]
[2024-12-05T11:08:58+08:00][sql] CONNECT:[ UseTime:0.000596s ] mysql:host=127.0.0.1;port=3306;dbname=zhibo;charset=utf8mb4
[2024-12-05T11:08:58+08:00][sql] SHOW FULL COLUMNS FROM `cmf_hook` [ RunTime:0.001548s ]
[2024-12-05T11:08:58+08:00][sql] SELECT `hook`,`id` FROM `cmf_hook` WHERE  (  (  `app` = '' OR `app` = 'cmf' )  AND `type` = 3 ) OR `type` = 1 [ RunTime:0.000754s ]
[2024-12-05T11:08:58+08:00][sql] SHOW FULL COLUMNS FROM `cmf_hook_plugin` [ RunTime:0.001447s ]
[2024-12-05T11:08:58+08:00][sql] SELECT `hook`,`plugin` FROM `cmf_hook_plugin` WHERE  `status` = 1  AND `hook` IN ('app_begin','module_init','action_begin','view_filter','app_end','log_write','response_end','admin_init','home_init','send_mobile_verification_code','body_start','before_head_end','footer_start','before_footer','before_footer_end','before_body_end','left_sidebar_start','before_left_sidebar_end','right_sidebar_start','before_right_sidebar_end','comment','guestbook','switch_theme','after_content','before_content','log_write_done','switch_admin_theme','captcha_image') ORDER BY `list_order` ASC [ RunTime:0.000757s ]
[2024-12-05T11:08:58+08:00][sql] SHOW FULL COLUMNS FROM `cmf_user` [ RunTime:0.001932s ]
[2024-12-05T11:08:58+08:00][sql] SELECT * FROM `cmf_user` WHERE  `id` = 1 LIMIT 1 [ RunTime:0.000810s ]
[2024-12-05T11:08:58+08:00][sql] SHOW FULL COLUMNS FROM `cmf_plugin` [ RunTime:0.001546s ]
[2024-12-05T11:08:58+08:00][sql] SELECT * FROM `cmf_plugin` WHERE  `id` = 1 LIMIT 1 [ RunTime:0.000508s ]
[2024-12-05T11:08:58+08:00][sql] SELECT `config` FROM `cmf_plugin` WHERE  `name` = 'Qiniu' LIMIT 1 [ RunTime:0.000442s ]
[2024-12-05T11:08:58+08:00][sql] CONNECT:[ UseTime:0.000502s ] mysql:host=127.0.0.1;port=3306;dbname=zhibo;charset=utf8mb4
[2024-12-05T11:08:58+08:00][sql] SHOW FULL COLUMNS FROM `cmf_hook` [ RunTime:0.001458s ]
[2024-12-05T11:08:58+08:00][sql] SELECT `hook`,`id` FROM `cmf_hook` WHERE  (  (  `app` = '' OR `app` = 'cmf' )  AND `type` = 3 ) OR `type` = 1 [ RunTime:0.000622s ]
[2024-12-05T11:08:58+08:00][sql] SHOW FULL COLUMNS FROM `cmf_hook_plugin` [ RunTime:0.001375s ]
[2024-12-05T11:08:58+08:00][sql] SELECT `hook`,`plugin` FROM `cmf_hook_plugin` WHERE  `status` = 1  AND `hook` IN ('app_begin','module_init','action_begin','view_filter','app_end','log_write','response_end','admin_init','home_init','send_mobile_verification_code','body_start','before_head_end','footer_start','before_footer','before_footer_end','before_body_end','left_sidebar_start','before_left_sidebar_end','right_sidebar_start','before_right_sidebar_end','comment','guestbook','switch_theme','after_content','before_content','log_write_done','switch_admin_theme','captcha_image') ORDER BY `list_order` ASC [ RunTime:0.000751s ]
[2024-12-05T11:13:45+08:00][sql] CONNECT:[ UseTime:0.000638s ] mysql:host=127.0.0.1;port=3306;dbname=zhibo;charset=utf8mb4
[2024-12-05T11:13:45+08:00][sql] SHOW FULL COLUMNS FROM `cmf_hook` [ RunTime:0.001638s ]
[2024-12-05T11:13:45+08:00][sql] SELECT `hook`,`id` FROM `cmf_hook` WHERE  (  (  `app` = '' OR `app` = 'cmf' )  AND `type` = 3 ) OR `type` = 1 [ RunTime:0.000741s ]
[2024-12-05T11:13:45+08:00][sql] SHOW FULL COLUMNS FROM `cmf_hook_plugin` [ RunTime:0.001450s ]
[2024-12-05T11:13:45+08:00][sql] SELECT `hook`,`plugin` FROM `cmf_hook_plugin` WHERE  `status` = 1  AND `hook` IN ('app_begin','module_init','action_begin','view_filter','app_end','log_write','response_end','admin_init','home_init','send_mobile_verification_code','body_start','before_head_end','footer_start','before_footer','before_footer_end','before_body_end','left_sidebar_start','before_left_sidebar_end','right_sidebar_start','before_right_sidebar_end','comment','guestbook','switch_theme','after_content','before_content','log_write_done','switch_admin_theme','captcha_image') ORDER BY `list_order` ASC [ RunTime:0.000774s ]
[2024-12-05T11:14:36+08:00][sql] CONNECT:[ UseTime:0.000689s ] mysql:host=127.0.0.1;port=3306;dbname=zhibo;charset=utf8mb4
[2024-12-05T11:14:36+08:00][sql] SHOW FULL COLUMNS FROM `cmf_hook` [ RunTime:0.001695s ]
[2024-12-05T11:14:36+08:00][sql] SELECT `hook`,`id` FROM `cmf_hook` WHERE  (  (  `app` = '' OR `app` = 'cmf' )  AND `type` = 3 ) OR `type` = 1 [ RunTime:0.000758s ]
[2024-12-05T11:14:36+08:00][sql] SHOW FULL COLUMNS FROM `cmf_hook_plugin` [ RunTime:0.001453s ]
[2024-12-05T11:14:36+08:00][sql] SELECT `hook`,`plugin` FROM `cmf_hook_plugin` WHERE  `status` = 1  AND `hook` IN ('app_begin','module_init','action_begin','view_filter','app_end','log_write','response_end','admin_init','home_init','send_mobile_verification_code','body_start','before_head_end','footer_start','before_footer','before_footer_end','before_body_end','left_sidebar_start','before_left_sidebar_end','right_sidebar_start','before_right_sidebar_end','comment','guestbook','switch_theme','after_content','before_content','log_write_done','switch_admin_theme','captcha_image') ORDER BY `list_order` ASC [ RunTime:0.000835s ]
[2024-12-05T11:25:53+08:00][sql] CONNECT:[ UseTime:0.000703s ] mysql:host=127.0.0.1;port=3306;dbname=zhibo;charset=utf8mb4
[2024-12-05T11:25:53+08:00][sql] SHOW FULL COLUMNS FROM `cmf_hook` [ RunTime:0.001905s ]
[2024-12-05T11:25:53+08:00][sql] SELECT `hook`,`id` FROM `cmf_hook` WHERE  (  (  `app` = '' OR `app` = 'cmf' )  AND `type` = 3 ) OR `type` = 1 [ RunTime:0.000766s ]
[2024-12-05T11:25:53+08:00][sql] SHOW FULL COLUMNS FROM `cmf_hook_plugin` [ RunTime:0.001638s ]
[2024-12-05T11:25:53+08:00][sql] SELECT `hook`,`plugin` FROM `cmf_hook_plugin` WHERE  `status` = 1  AND `hook` IN ('app_begin','module_init','action_begin','view_filter','app_end','log_write','response_end','admin_init','home_init','send_mobile_verification_code','body_start','before_head_end','footer_start','before_footer','before_footer_end','before_body_end','left_sidebar_start','before_left_sidebar_end','right_sidebar_start','before_right_sidebar_end','comment','guestbook','switch_theme','after_content','before_content','log_write_done','switch_admin_theme','captcha_image') ORDER BY `list_order` ASC [ RunTime:0.000837s ]
[2024-12-05T11:25:53+08:00][sql] SHOW FULL COLUMNS FROM `cmf_user` [ RunTime:0.002067s ]
[2024-12-05T11:25:53+08:00][sql] SELECT * FROM `cmf_user` WHERE  `id` = 1 LIMIT 1 [ RunTime:0.000832s ]
[2024-12-05T11:25:53+08:00][sql] SHOW FULL COLUMNS FROM `cmf_plugin` [ RunTime:0.001676s ]
[2024-12-05T11:25:53+08:00][sql] SELECT * FROM `cmf_plugin` WHERE  `id` = 1 LIMIT 1 [ RunTime:0.000533s ]
[2024-12-05T11:25:53+08:00][sql] SELECT `config` FROM `cmf_plugin` WHERE  `name` = 'Qiniu' LIMIT 1 [ RunTime:0.000451s ]
[2024-12-05T11:25:53+08:00][sql] SELECT * FROM `cmf_plugin` WHERE  `id` = 1 LIMIT 1 [ RunTime:0.000513s ]
[2024-12-05T11:25:53+08:00][sql] UPDATE `cmf_plugin`  SET `config` = '{"accessKey":"aQZ8J4O2NNktBpTWasQZ6B5xf6n99pn1szzKcPnW","secretKey":"GrkeMTdmmuqYPIbU4ccMjX7fUX1z6ReT6s5tzj2E","protocol":"http","domain":"cdn.xiangqu8.com","bucket":"","zone":"z0"}'  WHERE  `id` = 1 [ RunTime:0.000537s ]
[2024-12-05T11:28:28+08:00][sql] CONNECT:[ UseTime:0.000633s ] mysql:host=127.0.0.1;port=3306;dbname=zhibo;charset=utf8mb4
[2024-12-05T11:28:28+08:00][sql] SHOW FULL COLUMNS FROM `cmf_hook` [ RunTime:0.001791s ]
[2024-12-05T11:28:28+08:00][sql] SELECT `hook`,`id` FROM `cmf_hook` WHERE  (  (  `app` = '' OR `app` = 'cmf' )  AND `type` = 3 ) OR `type` = 1 [ RunTime:0.000724s ]
[2024-12-05T11:28:28+08:00][sql] SHOW FULL COLUMNS FROM `cmf_hook_plugin` [ RunTime:0.001715s ]
[2024-12-05T11:28:28+08:00][sql] SELECT `hook`,`plugin` FROM `cmf_hook_plugin` WHERE  `status` = 1  AND `hook` IN ('app_begin','module_init','action_begin','view_filter','app_end','log_write','response_end','admin_init','home_init','send_mobile_verification_code','body_start','before_head_end','footer_start','before_footer','before_footer_end','before_body_end','left_sidebar_start','before_left_sidebar_end','right_sidebar_start','before_right_sidebar_end','comment','guestbook','switch_theme','after_content','before_content','log_write_done','switch_admin_theme','captcha_image') ORDER BY `list_order` ASC [ RunTime:0.000818s ]
[2024-12-05T11:28:28+08:00][sql] SHOW FULL COLUMNS FROM `cmf_user` [ RunTime:0.002210s ]
[2024-12-05T11:28:28+08:00][sql] SELECT * FROM `cmf_user` WHERE  `id` = 1 LIMIT 1 [ RunTime:0.000736s ]
[2024-12-05T11:28:28+08:00][sql] SHOW FULL COLUMNS FROM `cmf_plugin` [ RunTime:0.001816s ]
[2024-12-05T11:28:28+08:00][sql] SELECT * FROM `cmf_plugin` WHERE  `id` = 1 LIMIT 1 [ RunTime:0.000516s ]
[2024-12-05T11:28:28+08:00][sql] SELECT `config` FROM `cmf_plugin` WHERE  `name` = 'Qiniu' LIMIT 1 [ RunTime:0.000519s ]
[2024-12-05T11:28:28+08:00][sql] SELECT * FROM `cmf_plugin` WHERE  `id` = 1 LIMIT 1 [ RunTime:0.000475s ]
[2024-12-05T12:16:39+08:00][sql] CONNECT:[ UseTime:0.000735s ] mysql:host=127.0.0.1;port=3306;dbname=zhibo;charset=utf8mb4
[2024-12-05T12:16:39+08:00][sql] SHOW FULL COLUMNS FROM `cmf_hook` [ RunTime:0.001903s ]
[2024-12-05T12:16:39+08:00][sql] SELECT `hook`,`id` FROM `cmf_hook` WHERE  (  (  `app` = '' OR `app` = 'cmf' )  AND `type` = 3 ) OR `type` = 1 [ RunTime:0.000737s ]
[2024-12-05T12:16:39+08:00][sql] SHOW FULL COLUMNS FROM `cmf_hook_plugin` [ RunTime:0.001600s ]
[2024-12-05T12:16:39+08:00][sql] SELECT `hook`,`plugin` FROM `cmf_hook_plugin` WHERE  `status` = 1  AND `hook` IN ('app_begin','module_init','action_begin','view_filter','app_end','log_write','response_end','admin_init','home_init','send_mobile_verification_code','body_start','before_head_end','footer_start','before_footer','before_footer_end','before_body_end','left_sidebar_start','before_left_sidebar_end','right_sidebar_start','before_right_sidebar_end','comment','guestbook','switch_theme','after_content','before_content','log_write_done','switch_admin_theme','captcha_image') ORDER BY `list_order` ASC [ RunTime:0.000835s ]
[2024-12-05T12:16:39+08:00][sql] SHOW FULL COLUMNS FROM `cmf_plugin` [ RunTime:0.001755s ]
[2024-12-05T12:16:39+08:00][sql] SELECT `config` FROM `cmf_plugin` WHERE  `name` = 'Qiniu' LIMIT 1 [ RunTime:0.000452s ]
[2024-12-05T12:16:39+08:00][sql] SHOW FULL COLUMNS FROM `cmf_live` [ RunTime:0.001877s ]
[2024-12-05T12:16:39+08:00][sql] SELECT * FROM `cmf_live` WHERE  ( islive='1' and isrecommend='1' and type='0' and live_type=0 ) [ RunTime:0.000776s ]
[2024-12-05T12:16:39+08:00][sql] SHOW FULL COLUMNS FROM `cmf_slide_item` [ RunTime:0.001460s ]
[2024-12-05T12:16:39+08:00][sql] SELECT * FROM `cmf_slide_item` WHERE  ( status='1' and slide_id='1' ) ORDER BY `list_order` ASC [ RunTime:0.000557s ]
[2024-12-05T12:16:39+08:00][sql] SHOW FULL COLUMNS FROM `cmf_live_class` [ RunTime:0.001376s ]
[2024-12-05T12:16:39+08:00][sql] SELECT * FROM `cmf_live_class` ORDER BY `list_order` LIMIT 5 [ RunTime:0.000420s ]
[2024-12-05T12:16:39+08:00][sql] SELECT * FROM `cmf_live` WHERE  `islive` = 1  AND `live_type` = 0  AND `liveclassid` = 8 ORDER BY `recommend_time` DESC,`starttime` DESC LIMIT 5 [ RunTime:0.000762s ]
[2024-12-05T12:16:39+08:00][sql] SELECT `uid`,`thumb`,`stream`,`title`,`city`,`islive`,`type` FROM `cmf_live` WHERE  ( islive='1' and ishot='1' and live_type=0 ) ORDER BY `isrecommend` DESC,`recommend_time` DESC,`hotvotes` DESC,`starttime` DESC LIMIT 5 [ RunTime:0.000497s ]
[2024-12-05T12:16:39+08:00][sql] SELECT `uid`,`thumb`,`stream`,`title`,`city`,`islive`,`type` FROM `cmf_live` WHERE  ( islive='1' and live_type=0 ) ORDER BY `starttime` DESC LIMIT 5 [ RunTime:0.000420s ]
[2024-12-05T12:16:39+08:00][sql] SHOW FULL COLUMNS FROM `cmf_theme_file` [ RunTime:0.001381s ]
[2024-12-05T12:16:39+08:00][sql] SELECT `more` FROM `cmf_theme_file` WHERE  `theme` = 'default'  AND (  `is_public` = 1 OR `file` = '../home/index/index' ) [ RunTime:0.000464s ]
[2024-12-05T12:16:40+08:00][sql] CONNECT:[ UseTime:0.000618s ] mysql:host=127.0.0.1;port=3306;dbname=zhibo;charset=utf8mb4
[2024-12-05T12:16:40+08:00][sql] SHOW FULL COLUMNS FROM `cmf_hook` [ RunTime:0.001513s ]
[2024-12-05T12:16:40+08:00][sql] SELECT `hook`,`id` FROM `cmf_hook` WHERE  (  (  `app` = '' OR `app` = 'cmf' )  AND `type` = 3 ) OR `type` = 1 [ RunTime:0.000701s ]
[2024-12-05T12:16:40+08:00][sql] SHOW FULL COLUMNS FROM `cmf_hook_plugin` [ RunTime:0.001440s ]
[2024-12-05T12:16:40+08:00][sql] SELECT `hook`,`plugin` FROM `cmf_hook_plugin` WHERE  `status` = 1  AND `hook` IN ('app_begin','module_init','action_begin','view_filter','app_end','log_write','response_end','admin_init','home_init','send_mobile_verification_code','body_start','before_head_end','footer_start','before_footer','before_footer_end','before_body_end','left_sidebar_start','before_left_sidebar_end','right_sidebar_start','before_right_sidebar_end','comment','guestbook','switch_theme','after_content','before_content','log_write_done','switch_admin_theme','captcha_image') ORDER BY `list_order` ASC [ RunTime:0.000864s ]
[2024-12-05T12:16:40+08:00][sql] SHOW FULL COLUMNS FROM `cmf_plugin` [ RunTime:0.001611s ]
[2024-12-05T12:16:40+08:00][sql] SELECT `config` FROM `cmf_plugin` WHERE  `name` = 'Qiniu' LIMIT 1 [ RunTime:0.000475s ]
[2024-12-05T12:51:30+08:00][sql] CONNECT:[ UseTime:0.000630s ] mysql:host=127.0.0.1;port=3306;dbname=zhibo;charset=utf8mb4
[2024-12-05T12:51:30+08:00][sql] SHOW FULL COLUMNS FROM `cmf_hook` [ RunTime:0.006679s ]
[2024-12-05T12:51:30+08:00][sql] SELECT `hook`,`id` FROM `cmf_hook` WHERE  (  (  `app` = '' OR `app` = 'cmf' )  AND `type` = 3 ) OR `type` = 1 [ RunTime:0.000746s ]
[2024-12-05T12:51:30+08:00][sql] SHOW FULL COLUMNS FROM `cmf_hook_plugin` [ RunTime:0.011677s ]
[2024-12-05T12:51:30+08:00][sql] SELECT `hook`,`plugin` FROM `cmf_hook_plugin` WHERE  `status` = 1  AND `hook` IN ('app_begin','module_init','action_begin','view_filter','app_end','log_write','response_end','admin_init','home_init','send_mobile_verification_code','body_start','before_head_end','footer_start','before_footer','before_footer_end','before_body_end','left_sidebar_start','before_left_sidebar_end','right_sidebar_start','before_right_sidebar_end','comment','guestbook','switch_theme','after_content','before_content','log_write_done','switch_admin_theme','captcha_image') ORDER BY `list_order` ASC [ RunTime:0.000846s ]
[2024-12-05T12:51:30+08:00][sql] CONNECT:[ UseTime:0.000589s ] mysql:host=127.0.0.1;port=3306;dbname=zhibo;charset=utf8mb4
[2024-12-05T12:51:30+08:00][sql] SHOW FULL COLUMNS FROM `cmf_hook` [ RunTime:0.012049s ]
[2024-12-05T12:51:30+08:00][sql] SELECT `hook`,`id` FROM `cmf_hook` WHERE  (  (  `app` = '' OR `app` = 'cmf' )  AND `type` = 3 ) OR `type` = 1 [ RunTime:0.000765s ]
[2024-12-05T12:51:30+08:00][sql] SHOW FULL COLUMNS FROM `cmf_hook_plugin` [ RunTime:0.012102s ]
[2024-12-05T12:51:30+08:00][sql] SELECT `hook`,`plugin` FROM `cmf_hook_plugin` WHERE  `status` = 1  AND `hook` IN ('app_begin','module_init','action_begin','view_filter','app_end','log_write','response_end','admin_init','home_init','send_mobile_verification_code','body_start','before_head_end','footer_start','before_footer','before_footer_end','before_body_end','left_sidebar_start','before_left_sidebar_end','right_sidebar_start','before_right_sidebar_end','comment','guestbook','switch_theme','after_content','before_content','log_write_done','switch_admin_theme','captcha_image') ORDER BY `list_order` ASC [ RunTime:0.000900s ]
[2024-12-05T13:23:22+08:00][sql] CONNECT:[ UseTime:0.000601s ] mysql:host=127.0.0.1;port=3306;dbname=zhibo;charset=utf8mb4
[2024-12-05T13:23:22+08:00][sql] SHOW FULL COLUMNS FROM `cmf_hook` [ RunTime:0.002517s ]
[2024-12-05T13:23:22+08:00][sql] SELECT `hook`,`id` FROM `cmf_hook` WHERE  (  (  `app` = '' OR `app` = 'cmf' )  AND `type` = 3 ) OR `type` = 1 [ RunTime:0.000750s ]
[2024-12-05T13:23:22+08:00][sql] SHOW FULL COLUMNS FROM `cmf_hook_plugin` [ RunTime:0.001482s ]
[2024-12-05T13:23:22+08:00][sql] SELECT `hook`,`plugin` FROM `cmf_hook_plugin` WHERE  `status` = 1  AND `hook` IN ('app_begin','module_init','action_begin','view_filter','app_end','log_write','response_end','admin_init','home_init','send_mobile_verification_code','body_start','before_head_end','footer_start','before_footer','before_footer_end','before_body_end','left_sidebar_start','before_left_sidebar_end','right_sidebar_start','before_right_sidebar_end','comment','guestbook','switch_theme','after_content','before_content','log_write_done','switch_admin_theme','captcha_image') ORDER BY `list_order` ASC [ RunTime:0.000809s ]
[2024-12-05T13:23:22+08:00][sql] SHOW FULL COLUMNS FROM `cmf_plugin` [ RunTime:0.001634s ]
[2024-12-05T13:23:22+08:00][sql] SELECT `config` FROM `cmf_plugin` WHERE  `name` = 'Qiniu' LIMIT 1 [ RunTime:0.000450s ]
[2024-12-05T13:23:22+08:00][sql] SHOW FULL COLUMNS FROM `cmf_user_voterecord` [ RunTime:0.001560s ]
[2024-12-05T13:23:22+08:00][sql] SELECT fromid as uid,sum(total) as total FROM `cmf_user_voterecord` WHERE  (  action in (1,2) and uid='8' and addtime >=1733328000 and addtime < 1733414400  ) GROUP BY `fromid` ORDER BY `total` DESC LIMIT 20 [ RunTime:0.000611s ]
[2024-12-05T13:23:22+08:00][sql] SELECT SUM(`total`) AS think_sum FROM `cmf_user_voterecord` WHERE  (  action in (1,2) and uid='8' and addtime >=1733328000 and addtime < 1733414400  ) LIMIT 1 [ RunTime:0.000520s ]
[2024-12-05T13:23:22+08:00][sql] SELECT fromid as uid,sum(total) as total FROM `cmf_user_voterecord` WHERE  (  action in (1,2) and uid='8' and addtime >=1733068800 and addtime < 1733673600  ) GROUP BY `fromid` ORDER BY `total` DESC LIMIT 20 [ RunTime:0.000470s ]
[2024-12-05T13:23:22+08:00][sql] SELECT SUM(`total`) AS think_sum FROM `cmf_user_voterecord` WHERE  (  action in (1,2) and uid='8' and addtime >=1733068800 and addtime < 1733673600  ) LIMIT 1 [ RunTime:0.000457s ]
[2024-12-05T13:23:22+08:00][sql] SELECT fromid as uid,sum(total) as total FROM `cmf_user_voterecord` WHERE  (  action in (1,2) and uid='8' and addtime >=1732982400 and addtime < 1735660800  ) GROUP BY `fromid` ORDER BY `total` DESC LIMIT 20 [ RunTime:0.000446s ]
[2024-12-05T13:23:22+08:00][sql] SELECT SUM(`total`) AS think_sum FROM `cmf_user_voterecord` WHERE  (  action in (1,2) and uid='8' and addtime >=1732982400 and addtime < 1735660800  ) LIMIT 1 [ RunTime:0.000392s ]
[2024-12-05T13:23:22+08:00][sql] SELECT fromid as uid,sum(total) as total FROM `cmf_user_voterecord` WHERE  (  action in (1,2) and uid='8'  ) GROUP BY `fromid` ORDER BY `total` DESC LIMIT 20 [ RunTime:0.000452s ]
[2024-12-05T13:23:22+08:00][sql] SELECT SUM(`total`) AS think_sum FROM `cmf_user_voterecord` WHERE  (  action in (1,2) and uid='8'  ) LIMIT 1 [ RunTime:0.000360s ]
[2024-12-05T13:23:22+08:00][sql] SHOW FULL COLUMNS FROM `cmf_theme_file` [ RunTime:0.001542s ]
[2024-12-05T13:23:22+08:00][sql] SELECT `more` FROM `cmf_theme_file` WHERE  `theme` = 'default'  AND (  `is_public` = 1 OR `file` = '../appapi/contribute/index' ) [ RunTime:0.000472s ]
[2024-12-05T13:23:22+08:00][sql] CONNECT:[ UseTime:0.000592s ] mysql:host=127.0.0.1;port=3306;dbname=zhibo;charset=utf8mb4
[2024-12-05T13:23:22+08:00][sql] SHOW FULL COLUMNS FROM `cmf_hook` [ RunTime:0.001611s ]
[2024-12-05T13:23:22+08:00][sql] SELECT `hook`,`id` FROM `cmf_hook` WHERE  (  (  `app` = '' OR `app` = 'cmf' )  AND `type` = 3 ) OR `type` = 1 [ RunTime:0.000735s ]
[2024-12-05T13:23:22+08:00][sql] SHOW FULL COLUMNS FROM `cmf_hook_plugin` [ RunTime:0.001510s ]
[2024-12-05T13:23:22+08:00][sql] SELECT `hook`,`plugin` FROM `cmf_hook_plugin` WHERE  `status` = 1  AND `hook` IN ('app_begin','module_init','action_begin','view_filter','app_end','log_write','response_end','admin_init','home_init','send_mobile_verification_code','body_start','before_head_end','footer_start','before_footer','before_footer_end','before_body_end','left_sidebar_start','before_left_sidebar_end','right_sidebar_start','before_right_sidebar_end','comment','guestbook','switch_theme','after_content','before_content','log_write_done','switch_admin_theme','captcha_image') ORDER BY `list_order` ASC [ RunTime:0.000847s ]
[2024-12-05T13:23:23+08:00][sql] CONNECT:[ UseTime:0.000602s ] mysql:host=127.0.0.1;port=3306;dbname=zhibo;charset=utf8mb4
[2024-12-05T13:23:23+08:00][sql] SHOW FULL COLUMNS FROM `cmf_hook` [ RunTime:0.001592s ]
[2024-12-05T13:23:23+08:00][sql] SELECT `hook`,`id` FROM `cmf_hook` WHERE  (  (  `app` = '' OR `app` = 'cmf' )  AND `type` = 3 ) OR `type` = 1 [ RunTime:0.000639s ]
[2024-12-05T13:23:23+08:00][sql] SHOW FULL COLUMNS FROM `cmf_hook_plugin` [ RunTime:0.001447s ]
[2024-12-05T13:23:23+08:00][sql] SELECT `hook`,`plugin` FROM `cmf_hook_plugin` WHERE  `status` = 1  AND `hook` IN ('app_begin','module_init','action_begin','view_filter','app_end','log_write','response_end','admin_init','home_init','send_mobile_verification_code','body_start','before_head_end','footer_start','before_footer','before_footer_end','before_body_end','left_sidebar_start','before_left_sidebar_end','right_sidebar_start','before_right_sidebar_end','comment','guestbook','switch_theme','after_content','before_content','log_write_done','switch_admin_theme','captcha_image') ORDER BY `list_order` ASC [ RunTime:0.000826s ]
[2024-12-05T13:50:39+08:00][sql] CONNECT:[ UseTime:0.000790s ] mysql:host=127.0.0.1;port=3306;dbname=zhibo;charset=utf8mb4
[2024-12-05T13:50:39+08:00][sql] SHOW FULL COLUMNS FROM `cmf_hook` [ RunTime:0.001826s ]
[2024-12-05T13:50:39+08:00][sql] SELECT `hook`,`id` FROM `cmf_hook` WHERE  (  (  `app` = '' OR `app` = 'cmf' )  AND `type` = 3 ) OR `type` = 1 [ RunTime:0.000773s ]
[2024-12-05T13:50:39+08:00][sql] SHOW FULL COLUMNS FROM `cmf_hook_plugin` [ RunTime:0.001467s ]
[2024-12-05T13:50:39+08:00][sql] SELECT `hook`,`plugin` FROM `cmf_hook_plugin` WHERE  `status` = 1  AND `hook` IN ('app_begin','module_init','action_begin','view_filter','app_end','log_write','response_end','admin_init','home_init','send_mobile_verification_code','body_start','before_head_end','footer_start','before_footer','before_footer_end','before_body_end','left_sidebar_start','before_left_sidebar_end','right_sidebar_start','before_right_sidebar_end','comment','guestbook','switch_theme','after_content','before_content','log_write_done','switch_admin_theme','captcha_image') ORDER BY `list_order` ASC [ RunTime:0.000838s ]
[2024-12-05T13:50:39+08:00][sql] SHOW FULL COLUMNS FROM `cmf_user` [ RunTime:0.001997s ]
[2024-12-05T13:50:39+08:00][sql] SELECT * FROM `cmf_user` WHERE  `id` = 1 LIMIT 1 [ RunTime:0.000815s ]
[2024-12-05T13:50:39+08:00][sql] SHOW FULL COLUMNS FROM `cmf_option` [ RunTime:0.001591s ]
[2024-12-05T13:50:39+08:00][sql] SELECT `option_value` FROM `cmf_option` WHERE  `option_name` = 'configpri' LIMIT 1 [ RunTime:0.000464s ]
[2024-12-05T13:50:40+08:00][sql] CONNECT:[ UseTime:0.000642s ] mysql:host=127.0.0.1;port=3306;dbname=zhibo;charset=utf8mb4
[2024-12-05T13:50:40+08:00][sql] SHOW FULL COLUMNS FROM `cmf_hook` [ RunTime:0.001660s ]
[2024-12-05T13:50:40+08:00][sql] SELECT `hook`,`id` FROM `cmf_hook` WHERE  (  (  `app` = '' OR `app` = 'cmf' )  AND `type` = 3 ) OR `type` = 1 [ RunTime:0.000710s ]
[2024-12-05T13:50:40+08:00][sql] SHOW FULL COLUMNS FROM `cmf_hook_plugin` [ RunTime:0.001523s ]
[2024-12-05T13:50:40+08:00][sql] SELECT `hook`,`plugin` FROM `cmf_hook_plugin` WHERE  `status` = 1  AND `hook` IN ('app_begin','module_init','action_begin','view_filter','app_end','log_write','response_end','admin_init','home_init','send_mobile_verification_code','body_start','before_head_end','footer_start','before_footer','before_footer_end','before_body_end','left_sidebar_start','before_left_sidebar_end','right_sidebar_start','before_right_sidebar_end','comment','guestbook','switch_theme','after_content','before_content','log_write_done','switch_admin_theme','captcha_image') ORDER BY `list_order` ASC [ RunTime:0.000899s ]
[2024-12-05T13:52:21+08:00][sql] CONNECT:[ UseTime:0.000708s ] mysql:host=127.0.0.1;port=3306;dbname=zhibo;charset=utf8mb4
[2024-12-05T13:52:21+08:00][sql] SHOW FULL COLUMNS FROM `cmf_hook` [ RunTime:0.001780s ]
[2024-12-05T13:52:21+08:00][sql] SELECT `hook`,`id` FROM `cmf_hook` WHERE  (  (  `app` = '' OR `app` = 'cmf' )  AND `type` = 3 ) OR `type` = 1 [ RunTime:0.000795s ]
[2024-12-05T13:52:21+08:00][sql] SHOW FULL COLUMNS FROM `cmf_hook_plugin` [ RunTime:0.001508s ]
[2024-12-05T13:52:21+08:00][sql] SELECT `hook`,`plugin` FROM `cmf_hook_plugin` WHERE  `status` = 1  AND `hook` IN ('app_begin','module_init','action_begin','view_filter','app_end','log_write','response_end','admin_init','home_init','send_mobile_verification_code','body_start','before_head_end','footer_start','before_footer','before_footer_end','before_body_end','left_sidebar_start','before_left_sidebar_end','right_sidebar_start','before_right_sidebar_end','comment','guestbook','switch_theme','after_content','before_content','log_write_done','switch_admin_theme','captcha_image') ORDER BY `list_order` ASC [ RunTime:0.000843s ]
[2024-12-05T13:52:21+08:00][sql] SHOW FULL COLUMNS FROM `cmf_user` [ RunTime:0.001957s ]
[2024-12-05T13:52:21+08:00][sql] SELECT * FROM `cmf_user` WHERE  `id` = 1 LIMIT 1 [ RunTime:0.000735s ]
[2024-12-05T13:52:21+08:00][sql] SHOW FULL COLUMNS FROM `cmf_option` [ RunTime:0.001498s ]
[2024-12-05T13:52:21+08:00][sql] SELECT * FROM `cmf_option` WHERE  `option_name` = 'configpri' LIMIT 1 [ RunTime:0.000488s ]
[2024-12-05T13:52:21+08:00][sql] UPDATE `cmf_option`  SET `option_value` = '{"family_switch":"1","family_member_divide_switch":"1","service_switch":"1","service_url":"","list_coin_switch":"1","sensitive_words":"毛泽东,习近平,胡锦涛,江泽民,朱镕基,且,weixin,qq,微信,QQ,流流","reg_reward":"0","bonus_switch":"1","login_wx_pc_appid":"","login_wx_pc_appsecret":"","login_wx_appid":"","login_wx_appsecret":"","login_qq_appid":"","sendcode_switch":"0","typecode_switch":"1","aly_keyid":"","aly_secret":"","aly_sendcode_type":"3","aly_signName":"","aly_templateCode":"","aly_hw_signName":"","aly_hw_templateCode":"","ccp_sid":"","ccp_token":"","ccp_appid":"","ccp_tempid":"","tencent_sendcode_type":"3","tencent_sms_appid":"","tencent_sms_appkey":"","tencent_sms_signName":"","tencent_sms_templateCode":"","tencent_sms_hw_signName":"","tencent_sms_hw_templateCode":"","iplimit_switch":"0","iplimit_times":"10","chatserver":"http:\/\/lk.xiangqu8.com:19967","auth_islimit":"0","level_islimit":"1","level_limit":"0","speak_limit":"0","barrage_limit":"0","barrage_fee":"10","userlist_time":"15","mic_limit":"0","cdn_switch":"2","tx_appid":"","tx_bizid":"","tx_push":"","tx_api_key":"","tx_push_key":"","tx_acc_key":"","tx_pull":"","tx_play_key_switch":"0","tx_play_key":"","tx_play_time":"","sw_app_id":"ea815278448146a0b66aa03f02a5be39","sw_media_region":"cn","sw_app_certificate":"65142d8a0395467782f127314199ba5f","sw_key_id":"3df0e17368e949c8b4c7f60af352ed2a","sw_key_secret":"efa7d23fadb44c8c80304a7b358b516e","sw_push_url":"","sw_push_key":"","sw_push_length":"5","sw_pull_url":"","sw_pull_key":"","sw_pull_length":"5","cash_rate":"100","cash_take":"10","cash_min":"1","cash_start":"1","cash_end":"30","cash_max_times":"0","letter_switch":"1","tencentIM_area":"china","tencentIM_appid":"1600064849","tencentIM_appkey":"be9fb99ea861cd6835259a39ada72cb152823f495815238d8857f75a7af27b77","tencentTpns_area":"shanghai","tencentTpns_accessid_android":"","tencentTpns_secretkey_android":"","tencentTpns_accessid_ios":"","tencentTpns_secretkey_ios":"","tencentTpns_ios_environment":"1","aliapp_partner":"","aliapp_seller_id":"","aliapp_key_android":"","aliapp_key_ios":"","aliapp_check":"","alipay_pc_type":"1","ali_application_appid":"","ali_key_pc":"","wx_appid":"","wx_appsecret":"","wx_mchid":"","wx_key":"","braintree_paypal_environment":"0","braintree_merchantid_sandbox":"","braintree_publickey_sandbox":"","braintree_privatekey_sandbox":"","braintree_merchantid_product":"","braintree_publickey_product":"","braintree_privatekey_product":"","wx_mini_appid":"","wx_mini_appsecret":"","wx_mini_mchid":"","wx_mini_key":"","wx_h5_appid":"","wx_h5_appsecret":"","wx_h5_mchid":"","wx_h5_key":"","aliapp_switch":"1","wx_switch":"1","aliapp_pc":"1","wx_switch_pc":"1","wx_mini_switch":"1","braintree_paypal_switch":"1","alih5_switch":"1","wxh5_switch":"1","wxgzh_switch":"0","firstcharge_repeatedly":"0","shop_aliapp_switch":"1","shop_wx_switch":"1","shop_wxmini_switch":"1","shop_balance_switch":"1","shop_braintree_paypal_switch":"1","shop_wxmini_balance_switch":"1","paidprogram_aliapp_switch":"1","paidprogram_wx_switch":"1","paidprogram_balance_switch":"1","paidprogram_braintree_paypal_switch":"1","agent_switch":"1","agent_must":"0","distribut1":"10","um_apikey":"","um_apisecurity":"","um_appkey_android":"","um_appkey_ios":"","video_audit_switch":"0","video_watermark":"","ad_video_switch":"1","ad_video_loop":"1","video_ad_num":"10","shop_system_name":"直播小店","shop_system_name_en":"Livestore","shop_bond":"100","show_switch":"1","show_category_switch":"1","shoporder_percent":"10","goods_switch":"1","shop_certificate_desc":"以下营业执照信息来源于买家自行申报或工商系统数据，具体以工商部门登记为准，经营者需要确保信息真实有效，平台也将定期核查。如与实际不符，为避免违规，请联系当地工商部门或平台客服更新。","shop_certificate_desc_en":"Thefollowingbusinesslicenseinformationcomesfrombuyers\'self-declarationorindustrialandcommercialsystemdata.Thespecificinformationissubjecttoregistrationwiththeindustrialandcommercialdepartment.Operatorsneedtoensurethattheinformationistrueandvalid,andtheplatformwillalsocheckitregularly.Ifitisinconsistentwiththeactualsituation,toavoidviolations,pleasecontactthelocalindustrialandcommercialdepartmentorplatformcustomerserviceforupdates.","shop_payment_time":"3","shop_shipment_time":"1","shop_receive_time":"1","shop_refund_time":"1","shop_refund_finish_time":"1","shop_receive_refund_time":"1","shop_settlement_time":"0","balance_cash_min":"1","balance_cash_start":"1","balance_cash_end":"30","balance_cash_max_times":"0","dynamic_auth":"0","dynamic_switch":"0","comment_weight":"100","like_weight":"200","game_banker_limit":"100","game_odds":"80","game_odds_p":"100","game_odds_u":"30","game_pump":"20","turntable_switch":"1","express_type":"0","express_id_dev":"","express_appkey_dev":"","express_id":"","express_appkey":"","dailytask_switch":"1","watch_live_term":"1","watch_live_coin":"100","watch_video_term":"1","watch_video_coin":"200","open_live_term":"0.1","open_live_coin":"300","award_live_term":"100","award_live_coin":"100","share_live_term":"1","share_live_coin":"200","cloudtype":"1","aws_bucket":"","aws_region":"","aws_hosturl":"","aws_identitypoolid":"","openinstall_switch":"1","openinstall_appkey":"","game_xqtb_switch":"1","xqtb_mwx_price":"10","xqtb_twx_price":"100","xqtb_hwx_price":"500","game_xydzp_switch":"1","xydzp_one_price":"100","xydzp_ten_price":"400","xydzp_hundred_price":"2000","game_switch":"1,3"}'  WHERE  `option_name` = 'configpri' [ RunTime:0.007313s ]
[2024-12-05T13:57:01+08:00][sql] CONNECT:[ UseTime:0.000742s ] mysql:host=127.0.0.1;port=3306;dbname=zhibo;charset=utf8mb4
[2024-12-05T13:57:01+08:00][sql] SHOW FULL COLUMNS FROM `cmf_hook` [ RunTime:0.001716s ]
[2024-12-05T13:57:01+08:00][sql] SELECT `hook`,`id` FROM `cmf_hook` WHERE  (  (  `app` = '' OR `app` = 'cmf' )  AND `type` = 3 ) OR `type` = 1 [ RunTime:0.000815s ]
[2024-12-05T13:57:01+08:00][sql] SHOW FULL COLUMNS FROM `cmf_hook_plugin` [ RunTime:0.001392s ]
[2024-12-05T13:57:01+08:00][sql] SELECT `hook`,`plugin` FROM `cmf_hook_plugin` WHERE  `status` = 1  AND `hook` IN ('app_begin','module_init','action_begin','view_filter','app_end','log_write','response_end','admin_init','home_init','send_mobile_verification_code','body_start','before_head_end','footer_start','before_footer','before_footer_end','before_body_end','left_sidebar_start','before_left_sidebar_end','right_sidebar_start','before_right_sidebar_end','comment','guestbook','switch_theme','after_content','before_content','log_write_done','switch_admin_theme','captcha_image') ORDER BY `list_order` ASC [ RunTime:0.000720s ]
[2024-12-05T13:57:01+08:00][sql] SHOW FULL COLUMNS FROM `cmf_plugin` [ RunTime:0.001636s ]
[2024-12-05T13:57:01+08:00][sql] SELECT `config` FROM `cmf_plugin` WHERE  `name` = 'Qiniu' LIMIT 1 [ RunTime:0.000499s ]
[2024-12-05T13:57:01+08:00][sql] SHOW FULL COLUMNS FROM `cmf_live` [ RunTime:0.001794s ]
[2024-12-05T13:57:01+08:00][sql] SELECT * FROM `cmf_live` WHERE  ( islive='1' and isrecommend='1' and type='0' and live_type=0 ) [ RunTime:0.000764s ]
[2024-12-05T13:57:01+08:00][sql] SHOW FULL COLUMNS FROM `cmf_slide_item` [ RunTime:0.001579s ]
[2024-12-05T13:57:01+08:00][sql] SELECT * FROM `cmf_slide_item` WHERE  ( status='1' and slide_id='1' ) ORDER BY `list_order` ASC [ RunTime:0.000621s ]
[2024-12-05T13:57:01+08:00][sql] SHOW FULL COLUMNS FROM `cmf_live_class` [ RunTime:0.001413s ]
[2024-12-05T13:57:01+08:00][sql] SELECT * FROM `cmf_live_class` ORDER BY `list_order` LIMIT 5 [ RunTime:0.000481s ]
[2024-12-05T13:57:01+08:00][sql] SELECT * FROM `cmf_live` WHERE  `islive` = 1  AND `live_type` = 0  AND `liveclassid` = 8 ORDER BY `recommend_time` DESC,`starttime` DESC LIMIT 5 [ RunTime:0.000729s ]
[2024-12-05T13:57:01+08:00][sql] SELECT `uid`,`thumb`,`stream`,`title`,`city`,`islive`,`type` FROM `cmf_live` WHERE  ( islive='1' and ishot='1' and live_type=0 ) ORDER BY `isrecommend` DESC,`recommend_time` DESC,`hotvotes` DESC,`starttime` DESC LIMIT 5 [ RunTime:0.000540s ]
[2024-12-05T13:57:01+08:00][sql] SELECT `uid`,`thumb`,`stream`,`title`,`city`,`islive`,`type` FROM `cmf_live` WHERE  ( islive='1' and live_type=0 ) ORDER BY `starttime` DESC LIMIT 5 [ RunTime:0.000431s ]
[2024-12-05T13:57:01+08:00][sql] SHOW FULL COLUMNS FROM `cmf_theme_file` [ RunTime:0.001420s ]
[2024-12-05T13:57:01+08:00][sql] SELECT `more` FROM `cmf_theme_file` WHERE  `theme` = 'default'  AND (  `is_public` = 1 OR `file` = '../home/index/index' ) [ RunTime:0.000554s ]
[2024-12-05T14:02:38+08:00][sql] CONNECT:[ UseTime:0.000772s ] mysql:host=127.0.0.1;port=3306;dbname=zhibo;charset=utf8mb4
[2024-12-05T14:02:38+08:00][sql] SHOW FULL COLUMNS FROM `cmf_hook` [ RunTime:0.001754s ]
[2024-12-05T14:02:38+08:00][sql] SELECT `hook`,`id` FROM `cmf_hook` WHERE  (  (  `app` = '' OR `app` = 'cmf' )  AND `type` = 3 ) OR `type` = 1 [ RunTime:0.000795s ]
[2024-12-05T14:02:38+08:00][sql] SHOW FULL COLUMNS FROM `cmf_hook_plugin` [ RunTime:0.001487s ]
[2024-12-05T14:02:38+08:00][sql] SELECT `hook`,`plugin` FROM `cmf_hook_plugin` WHERE  `status` = 1  AND `hook` IN ('app_begin','module_init','action_begin','view_filter','app_end','log_write','response_end','admin_init','home_init','send_mobile_verification_code','body_start','before_head_end','footer_start','before_footer','before_footer_end','before_body_end','left_sidebar_start','before_left_sidebar_end','right_sidebar_start','before_right_sidebar_end','comment','guestbook','switch_theme','after_content','before_content','log_write_done','switch_admin_theme','captcha_image') ORDER BY `list_order` ASC [ RunTime:0.000931s ]
[2024-12-05T14:05:43+08:00][sql] CONNECT:[ UseTime:0.000507s ] mysql:host=127.0.0.1;port=3306;dbname=zhibo;charset=utf8mb4
[2024-12-05T14:05:43+08:00][sql] SHOW FULL COLUMNS FROM `cmf_hook` [ RunTime:0.001665s ]
[2024-12-05T14:05:43+08:00][sql] SELECT `hook`,`id` FROM `cmf_hook` WHERE  (  (  `app` = '' OR `app` = 'cmf' )  AND `type` = 3 ) OR `type` = 1 [ RunTime:0.000571s ]
[2024-12-05T14:05:43+08:00][sql] SHOW FULL COLUMNS FROM `cmf_hook_plugin` [ RunTime:0.001340s ]
[2024-12-05T14:05:43+08:00][sql] SELECT `hook`,`plugin` FROM `cmf_hook_plugin` WHERE  `status` = 1  AND `hook` IN ('app_begin','module_init','action_begin','view_filter','app_end','log_write','response_end','admin_init','home_init','send_mobile_verification_code','body_start','before_head_end','footer_start','before_footer','before_footer_end','before_body_end','left_sidebar_start','before_left_sidebar_end','right_sidebar_start','before_right_sidebar_end','comment','guestbook','switch_theme','after_content','before_content','log_write_done','switch_admin_theme','captcha_image') ORDER BY `list_order` ASC [ RunTime:0.000700s ]
[2024-12-05T14:09:32+08:00][sql] CONNECT:[ UseTime:0.000623s ] mysql:host=127.0.0.1;port=3306;dbname=zhibo;charset=utf8mb4
[2024-12-05T14:09:32+08:00][sql] SHOW FULL COLUMNS FROM `cmf_hook` [ RunTime:0.001652s ]
[2024-12-05T14:09:32+08:00][sql] SELECT `hook`,`id` FROM `cmf_hook` WHERE  (  (  `app` = '' OR `app` = 'cmf' )  AND `type` = 3 ) OR `type` = 1 [ RunTime:0.000692s ]
[2024-12-05T14:09:32+08:00][sql] SHOW FULL COLUMNS FROM `cmf_hook_plugin` [ RunTime:0.001457s ]
[2024-12-05T14:09:32+08:00][sql] SELECT `hook`,`plugin` FROM `cmf_hook_plugin` WHERE  `status` = 1  AND `hook` IN ('app_begin','module_init','action_begin','view_filter','app_end','log_write','response_end','admin_init','home_init','send_mobile_verification_code','body_start','before_head_end','footer_start','before_footer','before_footer_end','before_body_end','left_sidebar_start','before_left_sidebar_end','right_sidebar_start','before_right_sidebar_end','comment','guestbook','switch_theme','after_content','before_content','log_write_done','switch_admin_theme','captcha_image') ORDER BY `list_order` ASC [ RunTime:0.000812s ]
[2024-12-05T14:09:32+08:00][sql] SHOW FULL COLUMNS FROM `cmf_plugin` [ RunTime:0.001660s ]
[2024-12-05T14:09:32+08:00][sql] SELECT `config` FROM `cmf_plugin` WHERE  `name` = 'Qiniu' LIMIT 1 [ RunTime:0.000463s ]
[2024-12-05T14:09:32+08:00][sql] SHOW FULL COLUMNS FROM `cmf_live` [ RunTime:0.001798s ]
[2024-12-05T14:09:32+08:00][sql] SELECT * FROM `cmf_live` WHERE  ( islive='1' and isrecommend='1' and type='0' and live_type=0 ) [ RunTime:0.000728s ]
[2024-12-05T14:09:32+08:00][sql] SHOW FULL COLUMNS FROM `cmf_slide_item` [ RunTime:0.001522s ]
[2024-12-05T14:09:32+08:00][sql] SELECT * FROM `cmf_slide_item` WHERE  ( status='1' and slide_id='1' ) ORDER BY `list_order` ASC [ RunTime:0.000535s ]
[2024-12-05T14:09:32+08:00][sql] SHOW FULL COLUMNS FROM `cmf_live_class` [ RunTime:0.001309s ]
[2024-12-05T14:09:32+08:00][sql] SELECT * FROM `cmf_live_class` ORDER BY `list_order` LIMIT 5 [ RunTime:0.000434s ]
[2024-12-05T14:09:32+08:00][sql] SELECT * FROM `cmf_live` WHERE  `islive` = 1  AND `live_type` = 0  AND `liveclassid` = 8 ORDER BY `recommend_time` DESC,`starttime` DESC LIMIT 5 [ RunTime:0.000726s ]
[2024-12-05T14:09:32+08:00][sql] SELECT `uid`,`thumb`,`stream`,`title`,`city`,`islive`,`type` FROM `cmf_live` WHERE  ( islive='1' and ishot='1' and live_type=0 ) ORDER BY `isrecommend` DESC,`recommend_time` DESC,`hotvotes` DESC,`starttime` DESC LIMIT 5 [ RunTime:0.000523s ]
[2024-12-05T14:09:32+08:00][sql] SELECT `uid`,`thumb`,`stream`,`title`,`city`,`islive`,`type` FROM `cmf_live` WHERE  ( islive='1' and live_type=0 ) ORDER BY `starttime` DESC LIMIT 5 [ RunTime:0.000425s ]
[2024-12-05T14:09:32+08:00][sql] SHOW FULL COLUMNS FROM `cmf_theme_file` [ RunTime:0.001543s ]
[2024-12-05T14:09:32+08:00][sql] SELECT `more` FROM `cmf_theme_file` WHERE  `theme` = 'default'  AND (  `is_public` = 1 OR `file` = '../home/index/index' ) [ RunTime:0.000523s ]
[2024-12-05T15:22:47+08:00][sql] CONNECT:[ UseTime:0.000635s ] mysql:host=127.0.0.1;port=3306;dbname=zhibo;charset=utf8mb4
[2024-12-05T15:22:47+08:00][sql] SHOW FULL COLUMNS FROM `cmf_hook` [ RunTime:0.001880s ]
[2024-12-05T15:22:47+08:00][sql] SELECT `hook`,`id` FROM `cmf_hook` WHERE  (  (  `app` = '' OR `app` = 'cmf' )  AND `type` = 3 ) OR `type` = 1 [ RunTime:0.000779s ]
[2024-12-05T15:22:47+08:00][sql] SHOW FULL COLUMNS FROM `cmf_hook_plugin` [ RunTime:0.001536s ]
[2024-12-05T15:22:47+08:00][sql] SELECT `hook`,`plugin` FROM `cmf_hook_plugin` WHERE  `status` = 1  AND `hook` IN ('app_begin','module_init','action_begin','view_filter','app_end','log_write','response_end','admin_init','home_init','send_mobile_verification_code','body_start','before_head_end','footer_start','before_footer','before_footer_end','before_body_end','left_sidebar_start','before_left_sidebar_end','right_sidebar_start','before_right_sidebar_end','comment','guestbook','switch_theme','after_content','before_content','log_write_done','switch_admin_theme','captcha_image') ORDER BY `list_order` ASC [ RunTime:0.000872s ]
[2024-12-05T15:22:47+08:00][sql] SHOW FULL COLUMNS FROM `cmf_plugin` [ RunTime:0.001689s ]
[2024-12-05T15:22:47+08:00][sql] SELECT `config` FROM `cmf_plugin` WHERE  `name` = 'Qiniu' LIMIT 1 [ RunTime:0.000468s ]
[2024-12-05T15:22:47+08:00][sql] SHOW FULL COLUMNS FROM `cmf_live` [ RunTime:0.001856s ]
[2024-12-05T15:22:47+08:00][sql] SELECT * FROM `cmf_live` WHERE  ( islive='1' and isrecommend='1' and type='0' and live_type=0 ) [ RunTime:0.000761s ]
[2024-12-05T15:22:47+08:00][sql] SHOW FULL COLUMNS FROM `cmf_slide_item` [ RunTime:0.001510s ]
[2024-12-05T15:22:47+08:00][sql] SELECT * FROM `cmf_slide_item` WHERE  ( status='1' and slide_id='1' ) ORDER BY `list_order` ASC [ RunTime:0.000605s ]
[2024-12-05T15:22:47+08:00][sql] SHOW FULL COLUMNS FROM `cmf_live_class` [ RunTime:0.001478s ]
[2024-12-05T15:22:47+08:00][sql] SELECT * FROM `cmf_live_class` ORDER BY `list_order` LIMIT 5 [ RunTime:0.000486s ]
[2024-12-05T15:22:47+08:00][sql] SELECT * FROM `cmf_live` WHERE  `islive` = 1  AND `live_type` = 0  AND `liveclassid` = 8 ORDER BY `recommend_time` DESC,`starttime` DESC LIMIT 5 [ RunTime:0.000748s ]
[2024-12-05T15:22:47+08:00][sql] SELECT `uid`,`thumb`,`stream`,`title`,`city`,`islive`,`type` FROM `cmf_live` WHERE  ( islive='1' and ishot='1' and live_type=0 ) ORDER BY `isrecommend` DESC,`recommend_time` DESC,`hotvotes` DESC,`starttime` DESC LIMIT 5 [ RunTime:0.000597s ]
[2024-12-05T15:22:47+08:00][sql] SELECT `uid`,`thumb`,`stream`,`title`,`city`,`islive`,`type` FROM `cmf_live` WHERE  ( islive='1' and live_type=0 ) ORDER BY `starttime` DESC LIMIT 5 [ RunTime:0.000495s ]
[2024-12-05T15:22:47+08:00][sql] SHOW FULL COLUMNS FROM `cmf_theme_file` [ RunTime:0.001526s ]
[2024-12-05T15:22:47+08:00][sql] SELECT `more` FROM `cmf_theme_file` WHERE  `theme` = 'default'  AND (  `is_public` = 1 OR `file` = '../home/index/index' ) [ RunTime:0.000548s ]
[2024-12-05T15:22:48+08:00][sql] CONNECT:[ UseTime:0.000608s ] mysql:host=127.0.0.1;port=3306;dbname=zhibo;charset=utf8mb4
[2024-12-05T15:22:48+08:00][sql] SHOW FULL COLUMNS FROM `cmf_hook` [ RunTime:0.001674s ]
[2024-12-05T15:22:48+08:00][sql] SELECT `hook`,`id` FROM `cmf_hook` WHERE  (  (  `app` = '' OR `app` = 'cmf' )  AND `type` = 3 ) OR `type` = 1 [ RunTime:0.000737s ]
[2024-12-05T15:22:48+08:00][sql] SHOW FULL COLUMNS FROM `cmf_hook_plugin` [ RunTime:0.001509s ]
[2024-12-05T15:22:48+08:00][sql] SELECT `hook`,`plugin` FROM `cmf_hook_plugin` WHERE  `status` = 1  AND `hook` IN ('app_begin','module_init','action_begin','view_filter','app_end','log_write','response_end','admin_init','home_init','send_mobile_verification_code','body_start','before_head_end','footer_start','before_footer','before_footer_end','before_body_end','left_sidebar_start','before_left_sidebar_end','right_sidebar_start','before_right_sidebar_end','comment','guestbook','switch_theme','after_content','before_content','log_write_done','switch_admin_theme','captcha_image') ORDER BY `list_order` ASC [ RunTime:0.000847s ]
[2024-12-05T15:22:48+08:00][sql] SHOW FULL COLUMNS FROM `cmf_plugin` [ RunTime:0.001694s ]
[2024-12-05T15:22:48+08:00][sql] SELECT `config` FROM `cmf_plugin` WHERE  `name` = 'Qiniu' LIMIT 1 [ RunTime:0.000494s ]
[2024-12-05T15:22:48+08:00][sql] SHOW FULL COLUMNS FROM `cmf_live` [ RunTime:0.001823s ]
[2024-12-05T15:22:48+08:00][sql] SELECT * FROM `cmf_live` WHERE  ( islive='1' and isrecommend='1' and type='0' and live_type=0 ) [ RunTime:0.000757s ]
[2024-12-05T15:22:48+08:00][sql] SHOW FULL COLUMNS FROM `cmf_slide_item` [ RunTime:0.001591s ]
[2024-12-05T15:22:48+08:00][sql] SELECT * FROM `cmf_slide_item` WHERE  ( status='1' and slide_id='1' ) ORDER BY `list_order` ASC [ RunTime:0.000631s ]
[2024-12-05T15:22:48+08:00][sql] SHOW FULL COLUMNS FROM `cmf_live_class` [ RunTime:0.001414s ]
[2024-12-05T15:22:48+08:00][sql] SELECT * FROM `cmf_live_class` ORDER BY `list_order` LIMIT 5 [ RunTime:0.000446s ]
[2024-12-05T15:22:48+08:00][sql] SELECT * FROM `cmf_live` WHERE  `islive` = 1  AND `live_type` = 0  AND `liveclassid` = 8 ORDER BY `recommend_time` DESC,`starttime` DESC LIMIT 5 [ RunTime:0.000751s ]
[2024-12-05T15:22:48+08:00][sql] SELECT `uid`,`thumb`,`stream`,`title`,`city`,`islive`,`type` FROM `cmf_live` WHERE  ( islive='1' and ishot='1' and live_type=0 ) ORDER BY `isrecommend` DESC,`recommend_time` DESC,`hotvotes` DESC,`starttime` DESC LIMIT 5 [ RunTime:0.000576s ]
[2024-12-05T15:22:48+08:00][sql] SELECT `uid`,`thumb`,`stream`,`title`,`city`,`islive`,`type` FROM `cmf_live` WHERE  ( islive='1' and live_type=0 ) ORDER BY `starttime` DESC LIMIT 5 [ RunTime:0.000473s ]
[2024-12-05T15:22:48+08:00][sql] SHOW FULL COLUMNS FROM `cmf_theme_file` [ RunTime:0.001511s ]
[2024-12-05T15:22:48+08:00][sql] SELECT `more` FROM `cmf_theme_file` WHERE  `theme` = 'default'  AND (  `is_public` = 1 OR `file` = '../home/index/index' ) [ RunTime:0.000538s ]
[2024-12-05T15:36:35+08:00][sql] CONNECT:[ UseTime:0.000622s ] mysql:host=127.0.0.1;port=3306;dbname=zhibo;charset=utf8mb4
[2024-12-05T15:36:35+08:00][sql] SHOW FULL COLUMNS FROM `cmf_hook` [ RunTime:0.001760s ]
[2024-12-05T15:36:35+08:00][sql] SELECT `hook`,`id` FROM `cmf_hook` WHERE  (  (  `app` = '' OR `app` = 'cmf' )  AND `type` = 3 ) OR `type` = 1 [ RunTime:0.000754s ]
[2024-12-05T15:36:35+08:00][sql] SHOW FULL COLUMNS FROM `cmf_hook_plugin` [ RunTime:0.001518s ]
[2024-12-05T15:36:35+08:00][sql] SELECT `hook`,`plugin` FROM `cmf_hook_plugin` WHERE  `status` = 1  AND `hook` IN ('app_begin','module_init','action_begin','view_filter','app_end','log_write','response_end','admin_init','home_init','send_mobile_verification_code','body_start','before_head_end','footer_start','before_footer','before_footer_end','before_body_end','left_sidebar_start','before_left_sidebar_end','right_sidebar_start','before_right_sidebar_end','comment','guestbook','switch_theme','after_content','before_content','log_write_done','switch_admin_theme','captcha_image') ORDER BY `list_order` ASC [ RunTime:0.000844s ]
[2024-12-05T15:36:47+08:00][sql] CONNECT:[ UseTime:0.000595s ] mysql:host=127.0.0.1;port=3306;dbname=zhibo;charset=utf8mb4
[2024-12-05T15:36:47+08:00][sql] SHOW FULL COLUMNS FROM `cmf_hook` [ RunTime:0.001626s ]
[2024-12-05T15:36:47+08:00][sql] SELECT `hook`,`id` FROM `cmf_hook` WHERE  (  (  `app` = '' OR `app` = 'cmf' )  AND `type` = 3 ) OR `type` = 1 [ RunTime:0.000742s ]
[2024-12-05T15:36:47+08:00][sql] SHOW FULL COLUMNS FROM `cmf_hook_plugin` [ RunTime:0.001443s ]
[2024-12-05T15:36:47+08:00][sql] SELECT `hook`,`plugin` FROM `cmf_hook_plugin` WHERE  `status` = 1  AND `hook` IN ('app_begin','module_init','action_begin','view_filter','app_end','log_write','response_end','admin_init','home_init','send_mobile_verification_code','body_start','before_head_end','footer_start','before_footer','before_footer_end','before_body_end','left_sidebar_start','before_left_sidebar_end','right_sidebar_start','before_right_sidebar_end','comment','guestbook','switch_theme','after_content','before_content','log_write_done','switch_admin_theme','captcha_image') ORDER BY `list_order` ASC [ RunTime:0.000834s ]
[2024-12-05T16:26:55+08:00][sql] CONNECT:[ UseTime:0.000760s ] mysql:host=127.0.0.1;port=3306;dbname=zhibo;charset=utf8mb4
[2024-12-05T16:26:55+08:00][sql] SHOW FULL COLUMNS FROM `cmf_hook` [ RunTime:0.007437s ]
[2024-12-05T16:26:55+08:00][sql] SELECT `hook`,`id` FROM `cmf_hook` WHERE  (  (  `app` = '' OR `app` = 'cmf' )  AND `type` = 3 ) OR `type` = 1 [ RunTime:0.000792s ]
[2024-12-05T16:26:55+08:00][sql] SHOW FULL COLUMNS FROM `cmf_hook_plugin` [ RunTime:0.012032s ]
[2024-12-05T16:26:55+08:00][sql] SELECT `hook`,`plugin` FROM `cmf_hook_plugin` WHERE  `status` = 1  AND `hook` IN ('app_begin','module_init','action_begin','view_filter','app_end','log_write','response_end','admin_init','home_init','send_mobile_verification_code','body_start','before_head_end','footer_start','before_footer','before_footer_end','before_body_end','left_sidebar_start','before_left_sidebar_end','right_sidebar_start','before_right_sidebar_end','comment','guestbook','switch_theme','after_content','before_content','log_write_done','switch_admin_theme','captcha_image') ORDER BY `list_order` ASC [ RunTime:0.000878s ]
[2024-12-05T16:26:55+08:00][sql] SHOW FULL COLUMNS FROM `cmf_plugin` [ RunTime:0.012721s ]
[2024-12-05T16:26:55+08:00][sql] SELECT `config` FROM `cmf_plugin` WHERE  `name` = 'Qiniu' LIMIT 1 [ RunTime:0.000497s ]
[2024-12-05T16:26:55+08:00][sql] SHOW FULL COLUMNS FROM `cmf_live` [ RunTime:0.012359s ]
[2024-12-05T16:26:55+08:00][sql] SELECT * FROM `cmf_live` WHERE  ( islive='1' and isrecommend='1' and type='0' and live_type=0 ) [ RunTime:0.000919s ]
[2024-12-05T16:26:55+08:00][sql] SHOW FULL COLUMNS FROM `cmf_slide_item` [ RunTime:0.012812s ]
[2024-12-05T16:26:55+08:00][sql] SELECT * FROM `cmf_slide_item` WHERE  ( status='1' and slide_id='1' ) ORDER BY `list_order` ASC [ RunTime:0.000665s ]
[2024-12-05T16:26:55+08:00][sql] SHOW FULL COLUMNS FROM `cmf_live_class` [ RunTime:0.011982s ]
[2024-12-05T16:26:55+08:00][sql] SELECT * FROM `cmf_live_class` ORDER BY `list_order` LIMIT 5 [ RunTime:0.000573s ]
[2024-12-05T16:26:55+08:00][sql] SELECT * FROM `cmf_live` WHERE  `islive` = 1  AND `live_type` = 0  AND `liveclassid` = 8 ORDER BY `recommend_time` DESC,`starttime` DESC LIMIT 5 [ RunTime:0.000984s ]
[2024-12-05T16:26:55+08:00][sql] SELECT `uid`,`thumb`,`stream`,`title`,`city`,`islive`,`type` FROM `cmf_live` WHERE  ( islive='1' and ishot='1' and live_type=0 ) ORDER BY `isrecommend` DESC,`recommend_time` DESC,`hotvotes` DESC,`starttime` DESC LIMIT 5 [ RunTime:0.000648s ]
[2024-12-05T16:26:55+08:00][sql] SELECT `uid`,`thumb`,`stream`,`title`,`city`,`islive`,`type` FROM `cmf_live` WHERE  ( islive='1' and live_type=0 ) ORDER BY `starttime` DESC LIMIT 5 [ RunTime:0.000569s ]
[2024-12-05T16:26:55+08:00][sql] SHOW FULL COLUMNS FROM `cmf_theme_file` [ RunTime:0.012729s ]
[2024-12-05T16:26:55+08:00][sql] SELECT `more` FROM `cmf_theme_file` WHERE  `theme` = 'default'  AND (  `is_public` = 1 OR `file` = '../home/index/index' ) [ RunTime:0.000616s ]
[2024-12-05T17:00:30+08:00][sql] CONNECT:[ UseTime:0.000772s ] mysql:host=127.0.0.1;port=3306;dbname=zhibo;charset=utf8mb4
[2024-12-05T17:00:30+08:00][sql] SHOW FULL COLUMNS FROM `cmf_hook` [ RunTime:0.008222s ]
[2024-12-05T17:00:30+08:00][sql] SELECT `hook`,`id` FROM `cmf_hook` WHERE  (  (  `app` = '' OR `app` = 'cmf' )  AND `type` = 3 ) OR `type` = 1 [ RunTime:0.000770s ]
[2024-12-05T17:00:30+08:00][sql] SHOW FULL COLUMNS FROM `cmf_hook_plugin` [ RunTime:0.013266s ]
[2024-12-05T17:00:30+08:00][sql] SELECT `hook`,`plugin` FROM `cmf_hook_plugin` WHERE  `status` = 1  AND `hook` IN ('app_begin','module_init','action_begin','view_filter','app_end','log_write','response_end','admin_init','home_init','send_mobile_verification_code','body_start','before_head_end','footer_start','before_footer','before_footer_end','before_body_end','left_sidebar_start','before_left_sidebar_end','right_sidebar_start','before_right_sidebar_end','comment','guestbook','switch_theme','after_content','before_content','log_write_done','switch_admin_theme','captcha_image') ORDER BY `list_order` ASC [ RunTime:0.000921s ]
[2024-12-05T17:00:30+08:00][sql] SHOW FULL COLUMNS FROM `cmf_plugin` [ RunTime:0.013742s ]
[2024-12-05T17:00:30+08:00][sql] SELECT `config` FROM `cmf_plugin` WHERE  `name` = 'Qiniu' LIMIT 1 [ RunTime:0.000458s ]
[2024-12-05T17:00:30+08:00][sql] SHOW FULL COLUMNS FROM `cmf_live` [ RunTime:0.013813s ]
[2024-12-05T17:00:30+08:00][sql] SELECT * FROM `cmf_live` WHERE  ( islive='1' and isrecommend='1' and type='0' and live_type=0 ) [ RunTime:0.000807s ]
[2024-12-05T17:00:30+08:00][sql] SHOW FULL COLUMNS FROM `cmf_slide_item` [ RunTime:0.013649s ]
[2024-12-05T17:00:30+08:00][sql] SELECT * FROM `cmf_slide_item` WHERE  ( status='1' and slide_id='1' ) ORDER BY `list_order` ASC [ RunTime:0.000623s ]
[2024-12-05T17:00:30+08:00][sql] SHOW FULL COLUMNS FROM `cmf_live_class` [ RunTime:0.013274s ]
[2024-12-05T17:00:30+08:00][sql] SELECT * FROM `cmf_live_class` ORDER BY `list_order` LIMIT 5 [ RunTime:0.000557s ]
[2024-12-05T17:00:30+08:00][sql] SELECT * FROM `cmf_live` WHERE  `islive` = 1  AND `live_type` = 0  AND `liveclassid` = 8 ORDER BY `recommend_time` DESC,`starttime` DESC LIMIT 5 [ RunTime:0.000893s ]
[2024-12-05T17:00:30+08:00][sql] SELECT `uid`,`thumb`,`stream`,`title`,`city`,`islive`,`type` FROM `cmf_live` WHERE  ( islive='1' and ishot='1' and live_type=0 ) ORDER BY `isrecommend` DESC,`recommend_time` DESC,`hotvotes` DESC,`starttime` DESC LIMIT 5 [ RunTime:0.000636s ]
[2024-12-05T17:00:30+08:00][sql] SELECT `uid`,`thumb`,`stream`,`title`,`city`,`islive`,`type` FROM `cmf_live` WHERE  ( islive='1' and live_type=0 ) ORDER BY `starttime` DESC LIMIT 5 [ RunTime:0.000540s ]
[2024-12-05T17:00:30+08:00][sql] SHOW FULL COLUMNS FROM `cmf_theme_file` [ RunTime:0.013496s ]
[2024-12-05T17:00:30+08:00][sql] SELECT `more` FROM `cmf_theme_file` WHERE  `theme` = 'default'  AND (  `is_public` = 1 OR `file` = '../home/index/index' ) [ RunTime:0.000577s ]
[2024-12-05T17:02:39+08:00][sql] CONNECT:[ UseTime:0.000655s ] mysql:host=127.0.0.1;port=3306;dbname=zhibo;charset=utf8mb4
[2024-12-05T17:02:39+08:00][sql] SHOW FULL COLUMNS FROM `cmf_hook` [ RunTime:0.007400s ]
[2024-12-05T17:02:39+08:00][sql] SELECT `hook`,`id` FROM `cmf_hook` WHERE  (  (  `app` = '' OR `app` = 'cmf' )  AND `type` = 3 ) OR `type` = 1 [ RunTime:0.000713s ]
[2024-12-05T17:02:39+08:00][sql] SHOW FULL COLUMNS FROM `cmf_hook_plugin` [ RunTime:0.012420s ]
[2024-12-05T17:02:39+08:00][sql] SELECT `hook`,`plugin` FROM `cmf_hook_plugin` WHERE  `status` = 1  AND `hook` IN ('app_begin','module_init','action_begin','view_filter','app_end','log_write','response_end','admin_init','home_init','send_mobile_verification_code','body_start','before_head_end','footer_start','before_footer','before_footer_end','before_body_end','left_sidebar_start','before_left_sidebar_end','right_sidebar_start','before_right_sidebar_end','comment','guestbook','switch_theme','after_content','before_content','log_write_done','switch_admin_theme','captcha_image') ORDER BY `list_order` ASC [ RunTime:0.000894s ]
[2024-12-05T17:02:39+08:00][sql] SHOW FULL COLUMNS FROM `cmf_plugin` [ RunTime:0.012387s ]
[2024-12-05T17:02:39+08:00][sql] SELECT `config` FROM `cmf_plugin` WHERE  `name` = 'Qiniu' LIMIT 1 [ RunTime:0.000561s ]
[2024-12-05T17:02:39+08:00][sql] SHOW FULL COLUMNS FROM `cmf_live` [ RunTime:0.012381s ]
[2024-12-05T17:02:39+08:00][sql] SELECT * FROM `cmf_live` WHERE  ( islive='1' and isrecommend='1' and type='0' and live_type=0 ) [ RunTime:0.000892s ]
[2024-12-05T17:02:39+08:00][sql] SHOW FULL COLUMNS FROM `cmf_slide_item` [ RunTime:0.012411s ]
[2024-12-05T17:02:39+08:00][sql] SELECT * FROM `cmf_slide_item` WHERE  ( status='1' and slide_id='1' ) ORDER BY `list_order` ASC [ RunTime:0.000671s ]
[2024-12-05T17:02:39+08:00][sql] SHOW FULL COLUMNS FROM `cmf_live_class` [ RunTime:0.011961s ]
[2024-12-05T17:02:39+08:00][sql] SELECT * FROM `cmf_live_class` ORDER BY `list_order` LIMIT 5 [ RunTime:0.000616s ]
[2024-12-05T17:02:39+08:00][sql] SELECT * FROM `cmf_live` WHERE  `islive` = 1  AND `live_type` = 0  AND `liveclassid` = 8 ORDER BY `recommend_time` DESC,`starttime` DESC LIMIT 5 [ RunTime:0.000936s ]
[2024-12-05T17:02:39+08:00][sql] SELECT `uid`,`thumb`,`stream`,`title`,`city`,`islive`,`type` FROM `cmf_live` WHERE  ( islive='1' and ishot='1' and live_type=0 ) ORDER BY `isrecommend` DESC,`recommend_time` DESC,`hotvotes` DESC,`starttime` DESC LIMIT 5 [ RunTime:0.000656s ]
[2024-12-05T17:02:39+08:00][sql] SELECT `uid`,`thumb`,`stream`,`title`,`city`,`islive`,`type` FROM `cmf_live` WHERE  ( islive='1' and live_type=0 ) ORDER BY `starttime` DESC LIMIT 5 [ RunTime:0.000545s ]
[2024-12-05T17:02:39+08:00][sql] SHOW FULL COLUMNS FROM `cmf_theme_file` [ RunTime:0.012502s ]
[2024-12-05T17:02:39+08:00][sql] SELECT `more` FROM `cmf_theme_file` WHERE  `theme` = 'default'  AND (  `is_public` = 1 OR `file` = '../home/index/index' ) [ RunTime:0.000706s ]
[2024-12-05T17:02:40+08:00][sql] CONNECT:[ UseTime:0.000597s ] mysql:host=127.0.0.1;port=3306;dbname=zhibo;charset=utf8mb4
[2024-12-05T17:02:40+08:00][sql] SHOW FULL COLUMNS FROM `cmf_hook` [ RunTime:0.012172s ]
[2024-12-05T17:02:40+08:00][sql] SELECT `hook`,`id` FROM `cmf_hook` WHERE  (  (  `app` = '' OR `app` = 'cmf' )  AND `type` = 3 ) OR `type` = 1 [ RunTime:0.000754s ]
[2024-12-05T17:02:40+08:00][sql] SHOW FULL COLUMNS FROM `cmf_hook_plugin` [ RunTime:0.011933s ]
[2024-12-05T17:02:40+08:00][sql] SELECT `hook`,`plugin` FROM `cmf_hook_plugin` WHERE  `status` = 1  AND `hook` IN ('app_begin','module_init','action_begin','view_filter','app_end','log_write','response_end','admin_init','home_init','send_mobile_verification_code','body_start','before_head_end','footer_start','before_footer','before_footer_end','before_body_end','left_sidebar_start','before_left_sidebar_end','right_sidebar_start','before_right_sidebar_end','comment','guestbook','switch_theme','after_content','before_content','log_write_done','switch_admin_theme','captcha_image') ORDER BY `list_order` ASC [ RunTime:0.000937s ]
[2024-12-05T17:02:40+08:00][sql] CONNECT:[ UseTime:0.000653s ] mysql:host=127.0.0.1;port=3306;dbname=zhibo;charset=utf8mb4
[2024-12-05T17:02:40+08:00][sql] SHOW FULL COLUMNS FROM `cmf_hook` [ RunTime:0.016222s ]
[2024-12-05T17:02:40+08:00][sql] SELECT `hook`,`id` FROM `cmf_hook` WHERE  (  (  `app` = '' OR `app` = 'cmf' )  AND `type` = 3 ) OR `type` = 1 [ RunTime:0.000786s ]
[2024-12-05T17:02:40+08:00][sql] SHOW FULL COLUMNS FROM `cmf_hook_plugin` [ RunTime:0.011753s ]
[2024-12-05T17:02:40+08:00][sql] SELECT `hook`,`plugin` FROM `cmf_hook_plugin` WHERE  `status` = 1  AND `hook` IN ('app_begin','module_init','action_begin','view_filter','app_end','log_write','response_end','admin_init','home_init','send_mobile_verification_code','body_start','before_head_end','footer_start','before_footer','before_footer_end','before_body_end','left_sidebar_start','before_left_sidebar_end','right_sidebar_start','before_right_sidebar_end','comment','guestbook','switch_theme','after_content','before_content','log_write_done','switch_admin_theme','captcha_image') ORDER BY `list_order` ASC [ RunTime:0.000849s ]
[2024-12-05T17:02:40+08:00][sql] CONNECT:[ UseTime:0.000623s ] mysql:host=127.0.0.1;port=3306;dbname=zhibo;charset=utf8mb4
[2024-12-05T17:02:40+08:00][sql] SHOW FULL COLUMNS FROM `cmf_hook` [ RunTime:0.012037s ]
[2024-12-05T17:02:40+08:00][sql] SELECT `hook`,`id` FROM `cmf_hook` WHERE  (  (  `app` = '' OR `app` = 'cmf' )  AND `type` = 3 ) OR `type` = 1 [ RunTime:0.000680s ]
[2024-12-05T17:02:40+08:00][sql] SHOW FULL COLUMNS FROM `cmf_hook_plugin` [ RunTime:0.012344s ]
[2024-12-05T17:02:40+08:00][sql] SELECT `hook`,`plugin` FROM `cmf_hook_plugin` WHERE  `status` = 1  AND `hook` IN ('app_begin','module_init','action_begin','view_filter','app_end','log_write','response_end','admin_init','home_init','send_mobile_verification_code','body_start','before_head_end','footer_start','before_footer','before_footer_end','before_body_end','left_sidebar_start','before_left_sidebar_end','right_sidebar_start','before_right_sidebar_end','comment','guestbook','switch_theme','after_content','before_content','log_write_done','switch_admin_theme','captcha_image') ORDER BY `list_order` ASC [ RunTime:0.000913s ]
[2024-12-05T17:02:40+08:00][sql] CONNECT:[ UseTime:0.000592s ] mysql:host=127.0.0.1;port=3306;dbname=zhibo;charset=utf8mb4
[2024-12-05T17:02:40+08:00][sql] SHOW FULL COLUMNS FROM `cmf_hook` [ RunTime:0.012167s ]
[2024-12-05T17:02:40+08:00][sql] SELECT `hook`,`id` FROM `cmf_hook` WHERE  (  (  `app` = '' OR `app` = 'cmf' )  AND `type` = 3 ) OR `type` = 1 [ RunTime:0.000760s ]
[2024-12-05T17:02:40+08:00][sql] SHOW FULL COLUMNS FROM `cmf_hook_plugin` [ RunTime:0.012247s ]
[2024-12-05T17:02:40+08:00][sql] SELECT `hook`,`plugin` FROM `cmf_hook_plugin` WHERE  `status` = 1  AND `hook` IN ('app_begin','module_init','action_begin','view_filter','app_end','log_write','response_end','admin_init','home_init','send_mobile_verification_code','body_start','before_head_end','footer_start','before_footer','before_footer_end','before_body_end','left_sidebar_start','before_left_sidebar_end','right_sidebar_start','before_right_sidebar_end','comment','guestbook','switch_theme','after_content','before_content','log_write_done','switch_admin_theme','captcha_image') ORDER BY `list_order` ASC [ RunTime:0.000906s ]
[2024-12-05T17:02:41+08:00][sql] CONNECT:[ UseTime:0.000601s ] mysql:host=127.0.0.1;port=3306;dbname=zhibo;charset=utf8mb4
[2024-12-05T17:02:41+08:00][sql] SHOW FULL COLUMNS FROM `cmf_hook` [ RunTime:0.012492s ]
[2024-12-05T17:02:41+08:00][sql] SELECT `hook`,`id` FROM `cmf_hook` WHERE  (  (  `app` = '' OR `app` = 'cmf' )  AND `type` = 3 ) OR `type` = 1 [ RunTime:0.000750s ]
[2024-12-05T17:02:41+08:00][sql] SHOW FULL COLUMNS FROM `cmf_hook_plugin` [ RunTime:0.012020s ]
[2024-12-05T17:02:41+08:00][sql] SELECT `hook`,`plugin` FROM `cmf_hook_plugin` WHERE  `status` = 1  AND `hook` IN ('app_begin','module_init','action_begin','view_filter','app_end','log_write','response_end','admin_init','home_init','send_mobile_verification_code','body_start','before_head_end','footer_start','before_footer','before_footer_end','before_body_end','left_sidebar_start','before_left_sidebar_end','right_sidebar_start','before_right_sidebar_end','comment','guestbook','switch_theme','after_content','before_content','log_write_done','switch_admin_theme','captcha_image') ORDER BY `list_order` ASC [ RunTime:0.000873s ]
[2024-12-05T17:02:41+08:00][sql] CONNECT:[ UseTime:0.000604s ] mysql:host=127.0.0.1;port=3306;dbname=zhibo;charset=utf8mb4
[2024-12-05T17:02:41+08:00][sql] SHOW FULL COLUMNS FROM `cmf_hook` [ RunTime:0.012261s ]
[2024-12-05T17:02:41+08:00][sql] SELECT `hook`,`id` FROM `cmf_hook` WHERE  (  (  `app` = '' OR `app` = 'cmf' )  AND `type` = 3 ) OR `type` = 1 [ RunTime:0.000737s ]
[2024-12-05T17:02:41+08:00][sql] SHOW FULL COLUMNS FROM `cmf_hook_plugin` [ RunTime:0.011623s ]
[2024-12-05T17:02:41+08:00][sql] SELECT `hook`,`plugin` FROM `cmf_hook_plugin` WHERE  `status` = 1  AND `hook` IN ('app_begin','module_init','action_begin','view_filter','app_end','log_write','response_end','admin_init','home_init','send_mobile_verification_code','body_start','before_head_end','footer_start','before_footer','before_footer_end','before_body_end','left_sidebar_start','before_left_sidebar_end','right_sidebar_start','before_right_sidebar_end','comment','guestbook','switch_theme','after_content','before_content','log_write_done','switch_admin_theme','captcha_image') ORDER BY `list_order` ASC [ RunTime:0.000889s ]
[2024-12-05T17:02:41+08:00][sql] CONNECT:[ UseTime:0.000620s ] mysql:host=127.0.0.1;port=3306;dbname=zhibo;charset=utf8mb4
[2024-12-05T17:02:41+08:00][sql] SHOW FULL COLUMNS FROM `cmf_hook` [ RunTime:0.013751s ]
[2024-12-05T17:02:41+08:00][sql] SELECT `hook`,`id` FROM `cmf_hook` WHERE  (  (  `app` = '' OR `app` = 'cmf' )  AND `type` = 3 ) OR `type` = 1 [ RunTime:0.000753s ]
[2024-12-05T17:02:41+08:00][sql] SHOW FULL COLUMNS FROM `cmf_hook_plugin` [ RunTime:0.013329s ]
[2024-12-05T17:02:41+08:00][sql] SELECT `hook`,`plugin` FROM `cmf_hook_plugin` WHERE  `status` = 1  AND `hook` IN ('app_begin','module_init','action_begin','view_filter','app_end','log_write','response_end','admin_init','home_init','send_mobile_verification_code','body_start','before_head_end','footer_start','before_footer','before_footer_end','before_body_end','left_sidebar_start','before_left_sidebar_end','right_sidebar_start','before_right_sidebar_end','comment','guestbook','switch_theme','after_content','before_content','log_write_done','switch_admin_theme','captcha_image') ORDER BY `list_order` ASC [ RunTime:0.000875s ]
[2024-12-05T17:02:42+08:00][sql] CONNECT:[ UseTime:0.000617s ] mysql:host=127.0.0.1;port=3306;dbname=zhibo;charset=utf8mb4
[2024-12-05T17:02:42+08:00][sql] SHOW FULL COLUMNS FROM `cmf_hook` [ RunTime:0.012581s ]
[2024-12-05T17:02:42+08:00][sql] SELECT `hook`,`id` FROM `cmf_hook` WHERE  (  (  `app` = '' OR `app` = 'cmf' )  AND `type` = 3 ) OR `type` = 1 [ RunTime:0.000733s ]
[2024-12-05T17:02:42+08:00][sql] SHOW FULL COLUMNS FROM `cmf_hook_plugin` [ RunTime:0.012760s ]
[2024-12-05T17:02:42+08:00][sql] SELECT `hook`,`plugin` FROM `cmf_hook_plugin` WHERE  `status` = 1  AND `hook` IN ('app_begin','module_init','action_begin','view_filter','app_end','log_write','response_end','admin_init','home_init','send_mobile_verification_code','body_start','before_head_end','footer_start','before_footer','before_footer_end','before_body_end','left_sidebar_start','before_left_sidebar_end','right_sidebar_start','before_right_sidebar_end','comment','guestbook','switch_theme','after_content','before_content','log_write_done','switch_admin_theme','captcha_image') ORDER BY `list_order` ASC [ RunTime:0.000908s ]
[2024-12-05T17:02:42+08:00][sql] CONNECT:[ UseTime:0.000587s ] mysql:host=127.0.0.1;port=3306;dbname=zhibo;charset=utf8mb4
[2024-12-05T17:02:42+08:00][sql] SHOW FULL COLUMNS FROM `cmf_hook` [ RunTime:0.012969s ]
[2024-12-05T17:02:42+08:00][sql] SELECT `hook`,`id` FROM `cmf_hook` WHERE  (  (  `app` = '' OR `app` = 'cmf' )  AND `type` = 3 ) OR `type` = 1 [ RunTime:0.000754s ]
[2024-12-05T17:02:42+08:00][sql] SHOW FULL COLUMNS FROM `cmf_hook_plugin` [ RunTime:0.012664s ]
[2024-12-05T17:02:42+08:00][sql] SELECT `hook`,`plugin` FROM `cmf_hook_plugin` WHERE  `status` = 1  AND `hook` IN ('app_begin','module_init','action_begin','view_filter','app_end','log_write','response_end','admin_init','home_init','send_mobile_verification_code','body_start','before_head_end','footer_start','before_footer','before_footer_end','before_body_end','left_sidebar_start','before_left_sidebar_end','right_sidebar_start','before_right_sidebar_end','comment','guestbook','switch_theme','after_content','before_content','log_write_done','switch_admin_theme','captcha_image') ORDER BY `list_order` ASC [ RunTime:0.000911s ]
[2024-12-05T17:02:43+08:00][sql] CONNECT:[ UseTime:0.000607s ] mysql:host=127.0.0.1;port=3306;dbname=zhibo;charset=utf8mb4
[2024-12-05T17:02:43+08:00][sql] SHOW FULL COLUMNS FROM `cmf_hook` [ RunTime:0.012711s ]
[2024-12-05T17:02:43+08:00][sql] SELECT `hook`,`id` FROM `cmf_hook` WHERE  (  (  `app` = '' OR `app` = 'cmf' )  AND `type` = 3 ) OR `type` = 1 [ RunTime:0.000718s ]
[2024-12-05T17:02:43+08:00][sql] SHOW FULL COLUMNS FROM `cmf_hook_plugin` [ RunTime:0.012109s ]
[2024-12-05T17:02:43+08:00][sql] SELECT `hook`,`plugin` FROM `cmf_hook_plugin` WHERE  `status` = 1  AND `hook` IN ('app_begin','module_init','action_begin','view_filter','app_end','log_write','response_end','admin_init','home_init','send_mobile_verification_code','body_start','before_head_end','footer_start','before_footer','before_footer_end','before_body_end','left_sidebar_start','before_left_sidebar_end','right_sidebar_start','before_right_sidebar_end','comment','guestbook','switch_theme','after_content','before_content','log_write_done','switch_admin_theme','captcha_image') ORDER BY `list_order` ASC [ RunTime:0.000830s ]
[2024-12-05T17:02:43+08:00][sql] CONNECT:[ UseTime:0.000603s ] mysql:host=127.0.0.1;port=3306;dbname=zhibo;charset=utf8mb4
[2024-12-05T17:02:43+08:00][sql] SHOW FULL COLUMNS FROM `cmf_hook` [ RunTime:0.012644s ]
[2024-12-05T17:02:43+08:00][sql] SELECT `hook`,`id` FROM `cmf_hook` WHERE  (  (  `app` = '' OR `app` = 'cmf' )  AND `type` = 3 ) OR `type` = 1 [ RunTime:0.000747s ]
[2024-12-05T17:02:43+08:00][sql] SHOW FULL COLUMNS FROM `cmf_hook_plugin` [ RunTime:0.012721s ]
[2024-12-05T17:02:43+08:00][sql] SELECT `hook`,`plugin` FROM `cmf_hook_plugin` WHERE  `status` = 1  AND `hook` IN ('app_begin','module_init','action_begin','view_filter','app_end','log_write','response_end','admin_init','home_init','send_mobile_verification_code','body_start','before_head_end','footer_start','before_footer','before_footer_end','before_body_end','left_sidebar_start','before_left_sidebar_end','right_sidebar_start','before_right_sidebar_end','comment','guestbook','switch_theme','after_content','before_content','log_write_done','switch_admin_theme','captcha_image') ORDER BY `list_order` ASC [ RunTime:0.000892s ]
[2024-12-05T17:02:43+08:00][sql] CONNECT:[ UseTime:0.000527s ] mysql:host=127.0.0.1;port=3306;dbname=zhibo;charset=utf8mb4
[2024-12-05T17:02:43+08:00][sql] SHOW FULL COLUMNS FROM `cmf_hook` [ RunTime:0.012366s ]
[2024-12-05T17:02:43+08:00][sql] SELECT `hook`,`id` FROM `cmf_hook` WHERE  (  (  `app` = '' OR `app` = 'cmf' )  AND `type` = 3 ) OR `type` = 1 [ RunTime:0.000725s ]
[2024-12-05T17:02:43+08:00][sql] SHOW FULL COLUMNS FROM `cmf_hook_plugin` [ RunTime:0.012745s ]
[2024-12-05T17:02:43+08:00][sql] SELECT `hook`,`plugin` FROM `cmf_hook_plugin` WHERE  `status` = 1  AND `hook` IN ('app_begin','module_init','action_begin','view_filter','app_end','log_write','response_end','admin_init','home_init','send_mobile_verification_code','body_start','before_head_end','footer_start','before_footer','before_footer_end','before_body_end','left_sidebar_start','before_left_sidebar_end','right_sidebar_start','before_right_sidebar_end','comment','guestbook','switch_theme','after_content','before_content','log_write_done','switch_admin_theme','captcha_image') ORDER BY `list_order` ASC [ RunTime:0.000799s ]
[2024-12-05T17:02:43+08:00][sql] CONNECT:[ UseTime:0.000477s ] mysql:host=127.0.0.1;port=3306;dbname=zhibo;charset=utf8mb4
[2024-12-05T17:02:43+08:00][sql] SHOW FULL COLUMNS FROM `cmf_hook` [ RunTime:0.012767s ]
[2024-12-05T17:02:43+08:00][sql] SELECT `hook`,`id` FROM `cmf_hook` WHERE  (  (  `app` = '' OR `app` = 'cmf' )  AND `type` = 3 ) OR `type` = 1 [ RunTime:0.000644s ]
[2024-12-05T17:02:43+08:00][sql] SHOW FULL COLUMNS FROM `cmf_hook_plugin` [ RunTime:0.012324s ]
[2024-12-05T17:02:43+08:00][sql] SELECT `hook`,`plugin` FROM `cmf_hook_plugin` WHERE  `status` = 1  AND `hook` IN ('app_begin','module_init','action_begin','view_filter','app_end','log_write','response_end','admin_init','home_init','send_mobile_verification_code','body_start','before_head_end','footer_start','before_footer','before_footer_end','before_body_end','left_sidebar_start','before_left_sidebar_end','right_sidebar_start','before_right_sidebar_end','comment','guestbook','switch_theme','after_content','before_content','log_write_done','switch_admin_theme','captcha_image') ORDER BY `list_order` ASC [ RunTime:0.000725s ]
[2024-12-05T17:02:44+08:00][sql] CONNECT:[ UseTime:0.000468s ] mysql:host=127.0.0.1;port=3306;dbname=zhibo;charset=utf8mb4
[2024-12-05T17:02:44+08:00][sql] SHOW FULL COLUMNS FROM `cmf_hook` [ RunTime:0.012774s ]
[2024-12-05T17:02:44+08:00][sql] SELECT `hook`,`id` FROM `cmf_hook` WHERE  (  (  `app` = '' OR `app` = 'cmf' )  AND `type` = 3 ) OR `type` = 1 [ RunTime:0.000633s ]
[2024-12-05T17:02:44+08:00][sql] SHOW FULL COLUMNS FROM `cmf_hook_plugin` [ RunTime:0.011984s ]
[2024-12-05T17:02:44+08:00][sql] SELECT `hook`,`plugin` FROM `cmf_hook_plugin` WHERE  `status` = 1  AND `hook` IN ('app_begin','module_init','action_begin','view_filter','app_end','log_write','response_end','admin_init','home_init','send_mobile_verification_code','body_start','before_head_end','footer_start','before_footer','before_footer_end','before_body_end','left_sidebar_start','before_left_sidebar_end','right_sidebar_start','before_right_sidebar_end','comment','guestbook','switch_theme','after_content','before_content','log_write_done','switch_admin_theme','captcha_image') ORDER BY `list_order` ASC [ RunTime:0.000720s ]
[2024-12-05T17:02:44+08:00][sql] CONNECT:[ UseTime:0.000486s ] mysql:host=127.0.0.1;port=3306;dbname=zhibo;charset=utf8mb4
[2024-12-05T17:02:44+08:00][sql] SHOW FULL COLUMNS FROM `cmf_hook` [ RunTime:0.012784s ]
[2024-12-05T17:02:44+08:00][sql] SELECT `hook`,`id` FROM `cmf_hook` WHERE  (  (  `app` = '' OR `app` = 'cmf' )  AND `type` = 3 ) OR `type` = 1 [ RunTime:0.000665s ]
[2024-12-05T17:02:44+08:00][sql] SHOW FULL COLUMNS FROM `cmf_hook_plugin` [ RunTime:0.012696s ]
[2024-12-05T17:02:44+08:00][sql] SELECT `hook`,`plugin` FROM `cmf_hook_plugin` WHERE  `status` = 1  AND `hook` IN ('app_begin','module_init','action_begin','view_filter','app_end','log_write','response_end','admin_init','home_init','send_mobile_verification_code','body_start','before_head_end','footer_start','before_footer','before_footer_end','before_body_end','left_sidebar_start','before_left_sidebar_end','right_sidebar_start','before_right_sidebar_end','comment','guestbook','switch_theme','after_content','before_content','log_write_done','switch_admin_theme','captcha_image') ORDER BY `list_order` ASC [ RunTime:0.000766s ]
[2024-12-05T17:02:44+08:00][sql] CONNECT:[ UseTime:0.000479s ] mysql:host=127.0.0.1;port=3306;dbname=zhibo;charset=utf8mb4
[2024-12-05T17:02:44+08:00][sql] SHOW FULL COLUMNS FROM `cmf_hook` [ RunTime:0.012543s ]
[2024-12-05T17:02:44+08:00][sql] SELECT `hook`,`id` FROM `cmf_hook` WHERE  (  (  `app` = '' OR `app` = 'cmf' )  AND `type` = 3 ) OR `type` = 1 [ RunTime:0.000636s ]
[2024-12-05T17:02:44+08:00][sql] SHOW FULL COLUMNS FROM `cmf_hook_plugin` [ RunTime:0.012377s ]
[2024-12-05T17:02:44+08:00][sql] SELECT `hook`,`plugin` FROM `cmf_hook_plugin` WHERE  `status` = 1  AND `hook` IN ('app_begin','module_init','action_begin','view_filter','app_end','log_write','response_end','admin_init','home_init','send_mobile_verification_code','body_start','before_head_end','footer_start','before_footer','before_footer_end','before_body_end','left_sidebar_start','before_left_sidebar_end','right_sidebar_start','before_right_sidebar_end','comment','guestbook','switch_theme','after_content','before_content','log_write_done','switch_admin_theme','captcha_image') ORDER BY `list_order` ASC [ RunTime:0.000775s ]
[2024-12-05T17:02:44+08:00][sql] CONNECT:[ UseTime:0.000486s ] mysql:host=127.0.0.1;port=3306;dbname=zhibo;charset=utf8mb4
[2024-12-05T17:02:44+08:00][sql] SHOW FULL COLUMNS FROM `cmf_hook` [ RunTime:0.012578s ]
[2024-12-05T17:02:44+08:00][sql] SELECT `hook`,`id` FROM `cmf_hook` WHERE  (  (  `app` = '' OR `app` = 'cmf' )  AND `type` = 3 ) OR `type` = 1 [ RunTime:0.000653s ]
[2024-12-05T17:02:44+08:00][sql] SHOW FULL COLUMNS FROM `cmf_hook_plugin` [ RunTime:0.011954s ]
[2024-12-05T17:02:44+08:00][sql] SELECT `hook`,`plugin` FROM `cmf_hook_plugin` WHERE  `status` = 1  AND `hook` IN ('app_begin','module_init','action_begin','view_filter','app_end','log_write','response_end','admin_init','home_init','send_mobile_verification_code','body_start','before_head_end','footer_start','before_footer','before_footer_end','before_body_end','left_sidebar_start','before_left_sidebar_end','right_sidebar_start','before_right_sidebar_end','comment','guestbook','switch_theme','after_content','before_content','log_write_done','switch_admin_theme','captcha_image') ORDER BY `list_order` ASC [ RunTime:0.000709s ]
[2024-12-05T17:02:45+08:00][sql] CONNECT:[ UseTime:0.000478s ] mysql:host=127.0.0.1;port=3306;dbname=zhibo;charset=utf8mb4
[2024-12-05T17:02:45+08:00][sql] SHOW FULL COLUMNS FROM `cmf_hook` [ RunTime:0.012062s ]
[2024-12-05T17:02:45+08:00][sql] SELECT `hook`,`id` FROM `cmf_hook` WHERE  (  (  `app` = '' OR `app` = 'cmf' )  AND `type` = 3 ) OR `type` = 1 [ RunTime:0.000654s ]
[2024-12-05T17:02:45+08:00][sql] SHOW FULL COLUMNS FROM `cmf_hook_plugin` [ RunTime:0.011690s ]
[2024-12-05T17:02:45+08:00][sql] SELECT `hook`,`plugin` FROM `cmf_hook_plugin` WHERE  `status` = 1  AND `hook` IN ('app_begin','module_init','action_begin','view_filter','app_end','log_write','response_end','admin_init','home_init','send_mobile_verification_code','body_start','before_head_end','footer_start','before_footer','before_footer_end','before_body_end','left_sidebar_start','before_left_sidebar_end','right_sidebar_start','before_right_sidebar_end','comment','guestbook','switch_theme','after_content','before_content','log_write_done','switch_admin_theme','captcha_image') ORDER BY `list_order` ASC [ RunTime:0.000751s ]
[2024-12-05T17:02:45+08:00][sql] CONNECT:[ UseTime:0.000508s ] mysql:host=127.0.0.1;port=3306;dbname=zhibo;charset=utf8mb4
[2024-12-05T17:02:45+08:00][sql] SHOW FULL COLUMNS FROM `cmf_hook` [ RunTime:0.011964s ]
[2024-12-05T17:02:45+08:00][sql] SELECT `hook`,`id` FROM `cmf_hook` WHERE  (  (  `app` = '' OR `app` = 'cmf' )  AND `type` = 3 ) OR `type` = 1 [ RunTime:0.000635s ]
[2024-12-05T17:02:45+08:00][sql] SHOW FULL COLUMNS FROM `cmf_hook_plugin` [ RunTime:0.012093s ]
[2024-12-05T17:02:45+08:00][sql] SELECT `hook`,`plugin` FROM `cmf_hook_plugin` WHERE  `status` = 1  AND `hook` IN ('app_begin','module_init','action_begin','view_filter','app_end','log_write','response_end','admin_init','home_init','send_mobile_verification_code','body_start','before_head_end','footer_start','before_footer','before_footer_end','before_body_end','left_sidebar_start','before_left_sidebar_end','right_sidebar_start','before_right_sidebar_end','comment','guestbook','switch_theme','after_content','before_content','log_write_done','switch_admin_theme','captcha_image') ORDER BY `list_order` ASC [ RunTime:0.000713s ]
[2024-12-05T17:02:45+08:00][sql] CONNECT:[ UseTime:0.000462s ] mysql:host=127.0.0.1;port=3306;dbname=zhibo;charset=utf8mb4
[2024-12-05T17:02:45+08:00][sql] SHOW FULL COLUMNS FROM `cmf_hook` [ RunTime:0.012302s ]
[2024-12-05T17:02:45+08:00][sql] SELECT `hook`,`id` FROM `cmf_hook` WHERE  (  (  `app` = '' OR `app` = 'cmf' )  AND `type` = 3 ) OR `type` = 1 [ RunTime:0.000655s ]
[2024-12-05T17:02:45+08:00][sql] SHOW FULL COLUMNS FROM `cmf_hook_plugin` [ RunTime:0.013225s ]
[2024-12-05T17:02:45+08:00][sql] SELECT `hook`,`plugin` FROM `cmf_hook_plugin` WHERE  `status` = 1  AND `hook` IN ('app_begin','module_init','action_begin','view_filter','app_end','log_write','response_end','admin_init','home_init','send_mobile_verification_code','body_start','before_head_end','footer_start','before_footer','before_footer_end','before_body_end','left_sidebar_start','before_left_sidebar_end','right_sidebar_start','before_right_sidebar_end','comment','guestbook','switch_theme','after_content','before_content','log_write_done','switch_admin_theme','captcha_image') ORDER BY `list_order` ASC [ RunTime:0.000686s ]
[2024-12-05T17:02:46+08:00][sql] CONNECT:[ UseTime:0.000479s ] mysql:host=127.0.0.1;port=3306;dbname=zhibo;charset=utf8mb4
[2024-12-05T17:02:46+08:00][sql] SHOW FULL COLUMNS FROM `cmf_hook` [ RunTime:0.012595s ]
[2024-12-05T17:02:46+08:00][sql] SELECT `hook`,`id` FROM `cmf_hook` WHERE  (  (  `app` = '' OR `app` = 'cmf' )  AND `type` = 3 ) OR `type` = 1 [ RunTime:0.000665s ]
[2024-12-05T17:02:46+08:00][sql] SHOW FULL COLUMNS FROM `cmf_hook_plugin` [ RunTime:0.012387s ]
[2024-12-05T17:02:46+08:00][sql] SELECT `hook`,`plugin` FROM `cmf_hook_plugin` WHERE  `status` = 1  AND `hook` IN ('app_begin','module_init','action_begin','view_filter','app_end','log_write','response_end','admin_init','home_init','send_mobile_verification_code','body_start','before_head_end','footer_start','before_footer','before_footer_end','before_body_end','left_sidebar_start','before_left_sidebar_end','right_sidebar_start','before_right_sidebar_end','comment','guestbook','switch_theme','after_content','before_content','log_write_done','switch_admin_theme','captcha_image') ORDER BY `list_order` ASC [ RunTime:0.000754s ]
[2024-12-05T17:02:46+08:00][sql] CONNECT:[ UseTime:0.000496s ] mysql:host=127.0.0.1;port=3306;dbname=zhibo;charset=utf8mb4
[2024-12-05T17:02:46+08:00][sql] SHOW FULL COLUMNS FROM `cmf_hook` [ RunTime:0.012770s ]
[2024-12-05T17:02:46+08:00][sql] SELECT `hook`,`id` FROM `cmf_hook` WHERE  (  (  `app` = '' OR `app` = 'cmf' )  AND `type` = 3 ) OR `type` = 1 [ RunTime:0.000703s ]
[2024-12-05T17:02:46+08:00][sql] SHOW FULL COLUMNS FROM `cmf_hook_plugin` [ RunTime:0.015921s ]
[2024-12-05T17:02:46+08:00][sql] SELECT `hook`,`plugin` FROM `cmf_hook_plugin` WHERE  `status` = 1  AND `hook` IN ('app_begin','module_init','action_begin','view_filter','app_end','log_write','response_end','admin_init','home_init','send_mobile_verification_code','body_start','before_head_end','footer_start','before_footer','before_footer_end','before_body_end','left_sidebar_start','before_left_sidebar_end','right_sidebar_start','before_right_sidebar_end','comment','guestbook','switch_theme','after_content','before_content','log_write_done','switch_admin_theme','captcha_image') ORDER BY `list_order` ASC [ RunTime:0.000742s ]
[2024-12-05T17:02:46+08:00][sql] CONNECT:[ UseTime:0.000543s ] mysql:host=127.0.0.1;port=3306;dbname=zhibo;charset=utf8mb4
[2024-12-05T17:02:46+08:00][sql] SHOW FULL COLUMNS FROM `cmf_hook` [ RunTime:0.012615s ]
[2024-12-05T17:02:46+08:00][sql] SELECT `hook`,`id` FROM `cmf_hook` WHERE  (  (  `app` = '' OR `app` = 'cmf' )  AND `type` = 3 ) OR `type` = 1 [ RunTime:0.000643s ]
[2024-12-05T17:02:46+08:00][sql] SHOW FULL COLUMNS FROM `cmf_hook_plugin` [ RunTime:0.012639s ]
[2024-12-05T17:02:46+08:00][sql] SELECT `hook`,`plugin` FROM `cmf_hook_plugin` WHERE  `status` = 1  AND `hook` IN ('app_begin','module_init','action_begin','view_filter','app_end','log_write','response_end','admin_init','home_init','send_mobile_verification_code','body_start','before_head_end','footer_start','before_footer','before_footer_end','before_body_end','left_sidebar_start','before_left_sidebar_end','right_sidebar_start','before_right_sidebar_end','comment','guestbook','switch_theme','after_content','before_content','log_write_done','switch_admin_theme','captcha_image') ORDER BY `list_order` ASC [ RunTime:0.000706s ]
[2024-12-05T17:02:46+08:00][sql] CONNECT:[ UseTime:0.000484s ] mysql:host=127.0.0.1;port=3306;dbname=zhibo;charset=utf8mb4
[2024-12-05T17:02:46+08:00][sql] SHOW FULL COLUMNS FROM `cmf_hook` [ RunTime:0.012514s ]
[2024-12-05T17:02:46+08:00][sql] SELECT `hook`,`id` FROM `cmf_hook` WHERE  (  (  `app` = '' OR `app` = 'cmf' )  AND `type` = 3 ) OR `type` = 1 [ RunTime:0.000605s ]
[2024-12-05T17:02:46+08:00][sql] SHOW FULL COLUMNS FROM `cmf_hook_plugin` [ RunTime:0.012808s ]
[2024-12-05T17:02:46+08:00][sql] SELECT `hook`,`plugin` FROM `cmf_hook_plugin` WHERE  `status` = 1  AND `hook` IN ('app_begin','module_init','action_begin','view_filter','app_end','log_write','response_end','admin_init','home_init','send_mobile_verification_code','body_start','before_head_end','footer_start','before_footer','before_footer_end','before_body_end','left_sidebar_start','before_left_sidebar_end','right_sidebar_start','before_right_sidebar_end','comment','guestbook','switch_theme','after_content','before_content','log_write_done','switch_admin_theme','captcha_image') ORDER BY `list_order` ASC [ RunTime:0.000690s ]
[2024-12-05T17:02:47+08:00][sql] CONNECT:[ UseTime:0.000465s ] mysql:host=127.0.0.1;port=3306;dbname=zhibo;charset=utf8mb4
[2024-12-05T17:02:47+08:00][sql] SHOW FULL COLUMNS FROM `cmf_hook` [ RunTime:0.066118s ]
[2024-12-05T17:02:47+08:00][sql] SELECT `hook`,`id` FROM `cmf_hook` WHERE  (  (  `app` = '' OR `app` = 'cmf' )  AND `type` = 3 ) OR `type` = 1 [ RunTime:0.000717s ]
[2024-12-05T17:02:47+08:00][sql] SHOW FULL COLUMNS FROM `cmf_hook_plugin` [ RunTime:0.011933s ]
[2024-12-05T17:02:47+08:00][sql] SELECT `hook`,`plugin` FROM `cmf_hook_plugin` WHERE  `status` = 1  AND `hook` IN ('app_begin','module_init','action_begin','view_filter','app_end','log_write','response_end','admin_init','home_init','send_mobile_verification_code','body_start','before_head_end','footer_start','before_footer','before_footer_end','before_body_end','left_sidebar_start','before_left_sidebar_end','right_sidebar_start','before_right_sidebar_end','comment','guestbook','switch_theme','after_content','before_content','log_write_done','switch_admin_theme','captcha_image') ORDER BY `list_order` ASC [ RunTime:0.000878s ]
[2024-12-05T17:02:47+08:00][sql] CONNECT:[ UseTime:0.000473s ] mysql:host=127.0.0.1;port=3306;dbname=zhibo;charset=utf8mb4
[2024-12-05T17:02:47+08:00][sql] SHOW FULL COLUMNS FROM `cmf_hook` [ RunTime:0.012364s ]
[2024-12-05T17:02:47+08:00][sql] SELECT `hook`,`id` FROM `cmf_hook` WHERE  (  (  `app` = '' OR `app` = 'cmf' )  AND `type` = 3 ) OR `type` = 1 [ RunTime:0.000577s ]
[2024-12-05T17:02:47+08:00][sql] SHOW FULL COLUMNS FROM `cmf_hook_plugin` [ RunTime:0.011829s ]
[2024-12-05T17:02:47+08:00][sql] SELECT `hook`,`plugin` FROM `cmf_hook_plugin` WHERE  `status` = 1  AND `hook` IN ('app_begin','module_init','action_begin','view_filter','app_end','log_write','response_end','admin_init','home_init','send_mobile_verification_code','body_start','before_head_end','footer_start','before_footer','before_footer_end','before_body_end','left_sidebar_start','before_left_sidebar_end','right_sidebar_start','before_right_sidebar_end','comment','guestbook','switch_theme','after_content','before_content','log_write_done','switch_admin_theme','captcha_image') ORDER BY `list_order` ASC [ RunTime:0.000717s ]
[2024-12-05T17:02:47+08:00][sql] CONNECT:[ UseTime:0.000473s ] mysql:host=127.0.0.1;port=3306;dbname=zhibo;charset=utf8mb4
[2024-12-05T17:02:47+08:00][sql] SHOW FULL COLUMNS FROM `cmf_hook` [ RunTime:0.012269s ]
[2024-12-05T17:02:47+08:00][sql] SELECT `hook`,`id` FROM `cmf_hook` WHERE  (  (  `app` = '' OR `app` = 'cmf' )  AND `type` = 3 ) OR `type` = 1 [ RunTime:0.000618s ]
[2024-12-05T17:02:47+08:00][sql] SHOW FULL COLUMNS FROM `cmf_hook_plugin` [ RunTime:0.012256s ]
[2024-12-05T17:02:47+08:00][sql] SELECT `hook`,`plugin` FROM `cmf_hook_plugin` WHERE  `status` = 1  AND `hook` IN ('app_begin','module_init','action_begin','view_filter','app_end','log_write','response_end','admin_init','home_init','send_mobile_verification_code','body_start','before_head_end','footer_start','before_footer','before_footer_end','before_body_end','left_sidebar_start','before_left_sidebar_end','right_sidebar_start','before_right_sidebar_end','comment','guestbook','switch_theme','after_content','before_content','log_write_done','switch_admin_theme','captcha_image') ORDER BY `list_order` ASC [ RunTime:0.000731s ]
[2024-12-05T17:02:48+08:00][sql] CONNECT:[ UseTime:0.000465s ] mysql:host=127.0.0.1;port=3306;dbname=zhibo;charset=utf8mb4
[2024-12-05T17:02:48+08:00][sql] SHOW FULL COLUMNS FROM `cmf_hook` [ RunTime:0.011823s ]
[2024-12-05T17:02:48+08:00][sql] SELECT `hook`,`id` FROM `cmf_hook` WHERE  (  (  `app` = '' OR `app` = 'cmf' )  AND `type` = 3 ) OR `type` = 1 [ RunTime:0.000634s ]
[2024-12-05T17:02:48+08:00][sql] SHOW FULL COLUMNS FROM `cmf_hook_plugin` [ RunTime:0.012151s ]
[2024-12-05T17:02:48+08:00][sql] SELECT `hook`,`plugin` FROM `cmf_hook_plugin` WHERE  `status` = 1  AND `hook` IN ('app_begin','module_init','action_begin','view_filter','app_end','log_write','response_end','admin_init','home_init','send_mobile_verification_code','body_start','before_head_end','footer_start','before_footer','before_footer_end','before_body_end','left_sidebar_start','before_left_sidebar_end','right_sidebar_start','before_right_sidebar_end','comment','guestbook','switch_theme','after_content','before_content','log_write_done','switch_admin_theme','captcha_image') ORDER BY `list_order` ASC [ RunTime:0.000674s ]
[2024-12-05T17:02:48+08:00][sql] CONNECT:[ UseTime:0.000489s ] mysql:host=127.0.0.1;port=3306;dbname=zhibo;charset=utf8mb4
[2024-12-05T17:02:48+08:00][sql] SHOW FULL COLUMNS FROM `cmf_hook` [ RunTime:0.012456s ]
[2024-12-05T17:02:48+08:00][sql] SELECT `hook`,`id` FROM `cmf_hook` WHERE  (  (  `app` = '' OR `app` = 'cmf' )  AND `type` = 3 ) OR `type` = 1 [ RunTime:0.000688s ]
[2024-12-05T17:02:48+08:00][sql] SHOW FULL COLUMNS FROM `cmf_hook_plugin` [ RunTime:0.011993s ]
[2024-12-05T17:02:48+08:00][sql] SELECT `hook`,`plugin` FROM `cmf_hook_plugin` WHERE  `status` = 1  AND `hook` IN ('app_begin','module_init','action_begin','view_filter','app_end','log_write','response_end','admin_init','home_init','send_mobile_verification_code','body_start','before_head_end','footer_start','before_footer','before_footer_end','before_body_end','left_sidebar_start','before_left_sidebar_end','right_sidebar_start','before_right_sidebar_end','comment','guestbook','switch_theme','after_content','before_content','log_write_done','switch_admin_theme','captcha_image') ORDER BY `list_order` ASC [ RunTime:0.000774s ]
[2024-12-05T17:27:59+08:00][sql] CONNECT:[ UseTime:0.000590s ] mysql:host=127.0.0.1;port=3306;dbname=zhibo;charset=utf8mb4
[2024-12-05T17:27:59+08:00][sql] SHOW FULL COLUMNS FROM `cmf_hook` [ RunTime:0.007843s ]
[2024-12-05T17:27:59+08:00][sql] SELECT `hook`,`id` FROM `cmf_hook` WHERE  (  (  `app` = '' OR `app` = 'cmf' )  AND `type` = 3 ) OR `type` = 1 [ RunTime:0.000743s ]
[2024-12-05T17:27:59+08:00][sql] SHOW FULL COLUMNS FROM `cmf_hook_plugin` [ RunTime:0.012454s ]
[2024-12-05T17:27:59+08:00][sql] SELECT `hook`,`plugin` FROM `cmf_hook_plugin` WHERE  `status` = 1  AND `hook` IN ('app_begin','module_init','action_begin','view_filter','app_end','log_write','response_end','admin_init','home_init','send_mobile_verification_code','body_start','before_head_end','footer_start','before_footer','before_footer_end','before_body_end','left_sidebar_start','before_left_sidebar_end','right_sidebar_start','before_right_sidebar_end','comment','guestbook','switch_theme','after_content','before_content','log_write_done','switch_admin_theme','captcha_image') ORDER BY `list_order` ASC [ RunTime:0.000783s ]
[2024-12-05T17:27:59+08:00][sql] SHOW FULL COLUMNS FROM `cmf_plugin` [ RunTime:0.012678s ]
[2024-12-05T17:27:59+08:00][sql] SELECT `config` FROM `cmf_plugin` WHERE  `name` = 'Qiniu' LIMIT 1 [ RunTime:0.000612s ]
[2024-12-05T17:27:59+08:00][sql] SHOW FULL COLUMNS FROM `cmf_live` [ RunTime:0.012307s ]
[2024-12-05T17:27:59+08:00][sql] SELECT * FROM `cmf_live` WHERE  ( islive='1' and isrecommend='1' and type='0' and live_type=0 ) [ RunTime:0.000973s ]
[2024-12-05T17:27:59+08:00][sql] SHOW FULL COLUMNS FROM `cmf_slide_item` [ RunTime:0.012531s ]
[2024-12-05T17:27:59+08:00][sql] SELECT * FROM `cmf_slide_item` WHERE  ( status='1' and slide_id='1' ) ORDER BY `list_order` ASC [ RunTime:0.000729s ]
[2024-12-05T17:27:59+08:00][sql] SHOW FULL COLUMNS FROM `cmf_live_class` [ RunTime:0.012220s ]
[2024-12-05T17:27:59+08:00][sql] SELECT * FROM `cmf_live_class` ORDER BY `list_order` LIMIT 5 [ RunTime:0.000718s ]
[2024-12-05T17:27:59+08:00][sql] SELECT * FROM `cmf_live` WHERE  `islive` = 1  AND `live_type` = 0  AND `liveclassid` = 8 ORDER BY `recommend_time` DESC,`starttime` DESC LIMIT 5 [ RunTime:0.000967s ]
[2024-12-05T17:27:59+08:00][sql] SELECT `uid`,`thumb`,`stream`,`title`,`city`,`islive`,`type` FROM `cmf_live` WHERE  ( islive='1' and ishot='1' and live_type=0 ) ORDER BY `isrecommend` DESC,`recommend_time` DESC,`hotvotes` DESC,`starttime` DESC LIMIT 5 [ RunTime:0.000731s ]
[2024-12-05T17:27:59+08:00][sql] SELECT `uid`,`thumb`,`stream`,`title`,`city`,`islive`,`type` FROM `cmf_live` WHERE  ( islive='1' and live_type=0 ) ORDER BY `starttime` DESC LIMIT 5 [ RunTime:0.000606s ]
[2024-12-05T17:27:59+08:00][sql] SHOW FULL COLUMNS FROM `cmf_theme_file` [ RunTime:0.012443s ]
[2024-12-05T17:27:59+08:00][sql] SELECT `more` FROM `cmf_theme_file` WHERE  `theme` = 'default'  AND (  `is_public` = 1 OR `file` = '../home/index/index' ) [ RunTime:0.000666s ]
[2024-12-05T18:16:51+08:00][sql] CONNECT:[ UseTime:0.000579s ] mysql:host=127.0.0.1;port=3306;dbname=zhibo;charset=utf8mb4
[2024-12-05T18:16:51+08:00][sql] SHOW FULL COLUMNS FROM `cmf_hook` [ RunTime:0.007372s ]
[2024-12-05T18:16:51+08:00][sql] SELECT `hook`,`id` FROM `cmf_hook` WHERE  (  (  `app` = '' OR `app` = 'cmf' )  AND `type` = 3 ) OR `type` = 1 [ RunTime:0.000703s ]
[2024-12-05T18:16:51+08:00][sql] SHOW FULL COLUMNS FROM `cmf_hook_plugin` [ RunTime:0.012477s ]
[2024-12-05T18:16:51+08:00][sql] SELECT `hook`,`plugin` FROM `cmf_hook_plugin` WHERE  `status` = 1  AND `hook` IN ('app_begin','module_init','action_begin','view_filter','app_end','log_write','response_end','admin_init','home_init','send_mobile_verification_code','body_start','before_head_end','footer_start','before_footer','before_footer_end','before_body_end','left_sidebar_start','before_left_sidebar_end','right_sidebar_start','before_right_sidebar_end','comment','guestbook','switch_theme','after_content','before_content','log_write_done','switch_admin_theme','captcha_image') ORDER BY `list_order` ASC [ RunTime:0.000778s ]
[2024-12-05T18:19:53+08:00][sql] CONNECT:[ UseTime:0.000563s ] mysql:host=127.0.0.1;port=3306;dbname=zhibo;charset=utf8mb4
[2024-12-05T18:19:53+08:00][sql] SHOW FULL COLUMNS FROM `cmf_hook` [ RunTime:0.006927s ]
[2024-12-05T18:19:53+08:00][sql] SELECT `hook`,`id` FROM `cmf_hook` WHERE  (  (  `app` = '' OR `app` = 'cmf' )  AND `type` = 3 ) OR `type` = 1 [ RunTime:0.000720s ]
[2024-12-05T18:19:53+08:00][sql] SHOW FULL COLUMNS FROM `cmf_hook_plugin` [ RunTime:0.012483s ]
[2024-12-05T18:19:53+08:00][sql] SELECT `hook`,`plugin` FROM `cmf_hook_plugin` WHERE  `status` = 1  AND `hook` IN ('app_begin','module_init','action_begin','view_filter','app_end','log_write','response_end','admin_init','home_init','send_mobile_verification_code','body_start','before_head_end','footer_start','before_footer','before_footer_end','before_body_end','left_sidebar_start','before_left_sidebar_end','right_sidebar_start','before_right_sidebar_end','comment','guestbook','switch_theme','after_content','before_content','log_write_done','switch_admin_theme','captcha_image') ORDER BY `list_order` ASC [ RunTime:0.000762s ]
[2024-12-05T18:20:53+08:00][sql] CONNECT:[ UseTime:0.000599s ] mysql:host=127.0.0.1;port=3306;dbname=zhibo;charset=utf8mb4
[2024-12-05T18:20:53+08:00][sql] SHOW FULL COLUMNS FROM `cmf_hook` [ RunTime:0.007525s ]
[2024-12-05T18:20:53+08:00][sql] SELECT `hook`,`id` FROM `cmf_hook` WHERE  (  (  `app` = '' OR `app` = 'cmf' )  AND `type` = 3 ) OR `type` = 1 [ RunTime:0.000704s ]
[2024-12-05T18:20:53+08:00][sql] SHOW FULL COLUMNS FROM `cmf_hook_plugin` [ RunTime:0.013959s ]
[2024-12-05T18:20:53+08:00][sql] SELECT `hook`,`plugin` FROM `cmf_hook_plugin` WHERE  `status` = 1  AND `hook` IN ('app_begin','module_init','action_begin','view_filter','app_end','log_write','response_end','admin_init','home_init','send_mobile_verification_code','body_start','before_head_end','footer_start','before_footer','before_footer_end','before_body_end','left_sidebar_start','before_left_sidebar_end','right_sidebar_start','before_right_sidebar_end','comment','guestbook','switch_theme','after_content','before_content','log_write_done','switch_admin_theme','captcha_image') ORDER BY `list_order` ASC [ RunTime:0.000709s ]
[2024-12-05T18:20:53+08:00][sql] SHOW FULL COLUMNS FROM `cmf_plugin` [ RunTime:0.012968s ]
[2024-12-05T18:20:53+08:00][sql] SELECT `config` FROM `cmf_plugin` WHERE  `name` = 'Qiniu' LIMIT 1 [ RunTime:0.000617s ]
[2024-12-05T18:20:53+08:00][sql] SHOW FULL COLUMNS FROM `cmf_live` [ RunTime:0.013262s ]
[2024-12-05T18:20:53+08:00][sql] SELECT * FROM `cmf_live` WHERE  ( islive='1' and isrecommend='1' and type='0' and live_type=0 ) [ RunTime:0.000969s ]
[2024-12-05T18:20:53+08:00][sql] SHOW FULL COLUMNS FROM `cmf_slide_item` [ RunTime:0.013483s ]
[2024-12-05T18:20:53+08:00][sql] SELECT * FROM `cmf_slide_item` WHERE  ( status='1' and slide_id='1' ) ORDER BY `list_order` ASC [ RunTime:0.000699s ]
[2024-12-05T18:20:53+08:00][sql] SHOW FULL COLUMNS FROM `cmf_live_class` [ RunTime:0.013145s ]
[2024-12-05T18:20:53+08:00][sql] SELECT * FROM `cmf_live_class` ORDER BY `list_order` LIMIT 5 [ RunTime:0.000565s ]
[2024-12-05T18:20:53+08:00][sql] SELECT * FROM `cmf_live` WHERE  `islive` = 1  AND `live_type` = 0  AND `liveclassid` = 8 ORDER BY `recommend_time` DESC,`starttime` DESC LIMIT 5 [ RunTime:0.000861s ]
[2024-12-05T18:20:53+08:00][sql] SELECT `uid`,`thumb`,`stream`,`title`,`city`,`islive`,`type` FROM `cmf_live` WHERE  ( islive='1' and ishot='1' and live_type=0 ) ORDER BY `isrecommend` DESC,`recommend_time` DESC,`hotvotes` DESC,`starttime` DESC LIMIT 5 [ RunTime:0.000743s ]
[2024-12-05T18:20:53+08:00][sql] SELECT `uid`,`thumb`,`stream`,`title`,`city`,`islive`,`type` FROM `cmf_live` WHERE  ( islive='1' and live_type=0 ) ORDER BY `starttime` DESC LIMIT 5 [ RunTime:0.000537s ]
[2024-12-05T18:20:53+08:00][sql] SHOW FULL COLUMNS FROM `cmf_theme_file` [ RunTime:0.011998s ]
[2024-12-05T18:20:53+08:00][sql] SELECT `more` FROM `cmf_theme_file` WHERE  `theme` = 'default'  AND (  `is_public` = 1 OR `file` = '../home/index/index' ) [ RunTime:0.000640s ]
[2024-12-05T19:40:28+08:00][sql] CONNECT:[ UseTime:0.000891s ] mysql:host=127.0.0.1;port=3306;dbname=zhibo;charset=utf8mb4
[2024-12-05T19:40:28+08:00][sql] SHOW FULL COLUMNS FROM `cmf_hook` [ RunTime:0.001657s ]
[2024-12-05T19:40:28+08:00][sql] SELECT `hook`,`id` FROM `cmf_hook` WHERE  (  (  `app` = '' OR `app` = 'cmf' )  AND `type` = 3 ) OR `type` = 1 [ RunTime:0.000746s ]
[2024-12-05T19:40:28+08:00][sql] SHOW FULL COLUMNS FROM `cmf_hook_plugin` [ RunTime:0.001326s ]
[2024-12-05T19:40:28+08:00][sql] SELECT `hook`,`plugin` FROM `cmf_hook_plugin` WHERE  `status` = 1  AND `hook` IN ('app_begin','module_init','action_begin','view_filter','app_end','log_write','response_end','admin_init','home_init','send_mobile_verification_code','body_start','before_head_end','footer_start','before_footer','before_footer_end','before_body_end','left_sidebar_start','before_left_sidebar_end','right_sidebar_start','before_right_sidebar_end','comment','guestbook','switch_theme','after_content','before_content','log_write_done','switch_admin_theme','captcha_image') ORDER BY `list_order` ASC [ RunTime:0.000772s ]
[2024-12-05T19:40:28+08:00][sql] SHOW FULL COLUMNS FROM `cmf_plugin` [ RunTime:0.001864s ]
[2024-12-05T19:40:28+08:00][sql] SELECT `config` FROM `cmf_plugin` WHERE  `name` = 'Qiniu' LIMIT 1 [ RunTime:0.000510s ]
[2024-12-05T19:40:28+08:00][sql] SHOW FULL COLUMNS FROM `cmf_live` [ RunTime:0.001799s ]
[2024-12-05T19:40:28+08:00][sql] SELECT * FROM `cmf_live` WHERE  ( islive='1' and isrecommend='1' and type='0' and live_type=0 ) [ RunTime:0.000870s ]
[2024-12-05T19:40:28+08:00][sql] SHOW FULL COLUMNS FROM `cmf_slide_item` [ RunTime:0.001322s ]
[2024-12-05T19:40:28+08:00][sql] SELECT * FROM `cmf_slide_item` WHERE  ( status='1' and slide_id='1' ) ORDER BY `list_order` ASC [ RunTime:0.000533s ]
[2024-12-05T19:40:28+08:00][sql] SHOW FULL COLUMNS FROM `cmf_live_class` [ RunTime:0.001085s ]
[2024-12-05T19:40:28+08:00][sql] SELECT * FROM `cmf_live_class` ORDER BY `list_order` LIMIT 5 [ RunTime:0.000391s ]
[2024-12-05T19:40:28+08:00][sql] SELECT * FROM `cmf_live` WHERE  `islive` = 1  AND `live_type` = 0  AND `liveclassid` = 8 ORDER BY `recommend_time` DESC,`starttime` DESC LIMIT 5 [ RunTime:0.000695s ]
[2024-12-05T19:40:28+08:00][sql] SELECT `uid`,`thumb`,`stream`,`title`,`city`,`islive`,`type` FROM `cmf_live` WHERE  ( islive='1' and ishot='1' and live_type=0 ) ORDER BY `isrecommend` DESC,`recommend_time` DESC,`hotvotes` DESC,`starttime` DESC LIMIT 5 [ RunTime:0.000435s ]
[2024-12-05T19:40:28+08:00][sql] SELECT `uid`,`thumb`,`stream`,`title`,`city`,`islive`,`type` FROM `cmf_live` WHERE  ( islive='1' and live_type=0 ) ORDER BY `starttime` DESC LIMIT 5 [ RunTime:0.000335s ]
[2024-12-05T19:40:28+08:00][sql] SHOW FULL COLUMNS FROM `cmf_theme_file` [ RunTime:0.001431s ]
[2024-12-05T19:40:28+08:00][sql] SELECT `more` FROM `cmf_theme_file` WHERE  `theme` = 'default'  AND (  `is_public` = 1 OR `file` = '../home/index/index' ) [ RunTime:0.000501s ]
[2024-12-05T19:40:31+08:00][sql] CONNECT:[ UseTime:0.000862s ] mysql:host=127.0.0.1;port=3306;dbname=zhibo;charset=utf8mb4
[2024-12-05T19:40:31+08:00][sql] SHOW FULL COLUMNS FROM `cmf_hook` [ RunTime:0.001646s ]
[2024-12-05T19:40:31+08:00][sql] SELECT `hook`,`id` FROM `cmf_hook` WHERE  (  (  `app` = '' OR `app` = 'cmf' )  AND `type` = 3 ) OR `type` = 1 [ RunTime:0.000711s ]
[2024-12-05T19:40:31+08:00][sql] SHOW FULL COLUMNS FROM `cmf_hook_plugin` [ RunTime:0.001322s ]
[2024-12-05T19:40:31+08:00][sql] SELECT `hook`,`plugin` FROM `cmf_hook_plugin` WHERE  `status` = 1  AND `hook` IN ('app_begin','module_init','action_begin','view_filter','app_end','log_write','response_end','admin_init','home_init','send_mobile_verification_code','body_start','before_head_end','footer_start','before_footer','before_footer_end','before_body_end','left_sidebar_start','before_left_sidebar_end','right_sidebar_start','before_right_sidebar_end','comment','guestbook','switch_theme','after_content','before_content','log_write_done','switch_admin_theme','captcha_image') ORDER BY `list_order` ASC [ RunTime:0.000747s ]
[2024-12-05T19:40:31+08:00][sql] SHOW FULL COLUMNS FROM `cmf_plugin` [ RunTime:0.002021s ]
[2024-12-05T19:40:31+08:00][sql] SELECT `config` FROM `cmf_plugin` WHERE  `name` = 'Qiniu' LIMIT 1 [ RunTime:0.000602s ]
[2024-12-05T19:40:31+08:00][sql] SHOW FULL COLUMNS FROM `cmf_live` [ RunTime:0.002089s ]
[2024-12-05T19:40:31+08:00][sql] SELECT * FROM `cmf_live` WHERE  ( islive='1' and isrecommend='1' and type='0' and live_type=0 ) [ RunTime:0.000957s ]
[2024-12-05T19:40:31+08:00][sql] SHOW FULL COLUMNS FROM `cmf_slide_item` [ RunTime:0.001554s ]
[2024-12-05T19:40:31+08:00][sql] SELECT * FROM `cmf_slide_item` WHERE  ( status='1' and slide_id='1' ) ORDER BY `list_order` ASC [ RunTime:0.000646s ]
[2024-12-05T19:40:31+08:00][sql] SHOW FULL COLUMNS FROM `cmf_live_class` [ RunTime:0.001354s ]
[2024-12-05T19:40:31+08:00][sql] SELECT * FROM `cmf_live_class` ORDER BY `list_order` LIMIT 5 [ RunTime:0.000513s ]
[2024-12-05T19:40:31+08:00][sql] SELECT * FROM `cmf_live` WHERE  `islive` = 1  AND `live_type` = 0  AND `liveclassid` = 8 ORDER BY `recommend_time` DESC,`starttime` DESC LIMIT 5 [ RunTime:0.000848s ]
[2024-12-05T19:40:31+08:00][sql] SELECT `uid`,`thumb`,`stream`,`title`,`city`,`islive`,`type` FROM `cmf_live` WHERE  ( islive='1' and ishot='1' and live_type=0 ) ORDER BY `isrecommend` DESC,`recommend_time` DESC,`hotvotes` DESC,`starttime` DESC LIMIT 5 [ RunTime:0.000584s ]
[2024-12-05T19:40:31+08:00][sql] SELECT `uid`,`thumb`,`stream`,`title`,`city`,`islive`,`type` FROM `cmf_live` WHERE  ( islive='1' and live_type=0 ) ORDER BY `starttime` DESC LIMIT 5 [ RunTime:0.000473s ]
[2024-12-05T19:40:31+08:00][sql] SHOW FULL COLUMNS FROM `cmf_theme_file` [ RunTime:0.001686s ]
[2024-12-05T19:40:31+08:00][sql] SELECT `more` FROM `cmf_theme_file` WHERE  `theme` = 'default'  AND (  `is_public` = 1 OR `file` = '../home/index/index' ) [ RunTime:0.000635s ]
[2024-12-05T20:25:13+08:00][sql] CONNECT:[ UseTime:0.000665s ] mysql:host=127.0.0.1;port=3306;dbname=zhibo;charset=utf8mb4
[2024-12-05T20:25:13+08:00][sql] SHOW FULL COLUMNS FROM `cmf_hook` [ RunTime:0.001584s ]
[2024-12-05T20:25:13+08:00][sql] SELECT `hook`,`id` FROM `cmf_hook` WHERE  (  (  `app` = '' OR `app` = 'cmf' )  AND `type` = 3 ) OR `type` = 1 [ RunTime:0.000669s ]
[2024-12-05T20:25:13+08:00][sql] SHOW FULL COLUMNS FROM `cmf_hook_plugin` [ RunTime:0.001377s ]
[2024-12-05T20:25:13+08:00][sql] SELECT `hook`,`plugin` FROM `cmf_hook_plugin` WHERE  `status` = 1  AND `hook` IN ('app_begin','module_init','action_begin','view_filter','app_end','log_write','response_end','admin_init','home_init','send_mobile_verification_code','body_start','before_head_end','footer_start','before_footer','before_footer_end','before_body_end','left_sidebar_start','before_left_sidebar_end','right_sidebar_start','before_right_sidebar_end','comment','guestbook','switch_theme','after_content','before_content','log_write_done','switch_admin_theme','captcha_image') ORDER BY `list_order` ASC [ RunTime:0.000745s ]
[2024-12-05T20:25:13+08:00][sql] CONNECT:[ UseTime:0.000658s ] mysql:host=127.0.0.1;port=3306;dbname=zhibo;charset=utf8mb4
[2024-12-05T20:25:13+08:00][sql] SHOW FULL COLUMNS FROM `cmf_hook` [ RunTime:0.001500s ]
[2024-12-05T20:25:13+08:00][sql] SELECT `hook`,`id` FROM `cmf_hook` WHERE  (  (  `app` = '' OR `app` = 'cmf' )  AND `type` = 3 ) OR `type` = 1 [ RunTime:0.000669s ]
[2024-12-05T20:25:13+08:00][sql] SHOW FULL COLUMNS FROM `cmf_hook_plugin` [ RunTime:0.001200s ]
[2024-12-05T20:25:13+08:00][sql] SELECT `hook`,`plugin` FROM `cmf_hook_plugin` WHERE  `status` = 1  AND `hook` IN ('app_begin','module_init','action_begin','view_filter','app_end','log_write','response_end','admin_init','home_init','send_mobile_verification_code','body_start','before_head_end','footer_start','before_footer','before_footer_end','before_body_end','left_sidebar_start','before_left_sidebar_end','right_sidebar_start','before_right_sidebar_end','comment','guestbook','switch_theme','after_content','before_content','log_write_done','switch_admin_theme','captcha_image') ORDER BY `list_order` ASC [ RunTime:0.000704s ]
[2024-12-05T21:11:12+08:00][sql] CONNECT:[ UseTime:0.000671s ] mysql:host=127.0.0.1;port=3306;dbname=zhibo;charset=utf8mb4
[2024-12-05T21:11:12+08:00][sql] SHOW FULL COLUMNS FROM `cmf_hook` [ RunTime:0.001679s ]
[2024-12-05T21:11:12+08:00][sql] SELECT `hook`,`id` FROM `cmf_hook` WHERE  (  (  `app` = '' OR `app` = 'cmf' )  AND `type` = 3 ) OR `type` = 1 [ RunTime:0.000656s ]
[2024-12-05T21:11:12+08:00][sql] SHOW FULL COLUMNS FROM `cmf_hook_plugin` [ RunTime:0.001405s ]
[2024-12-05T21:11:12+08:00][sql] SELECT `hook`,`plugin` FROM `cmf_hook_plugin` WHERE  `status` = 1  AND `hook` IN ('app_begin','module_init','action_begin','view_filter','app_end','log_write','response_end','admin_init','home_init','send_mobile_verification_code','body_start','before_head_end','footer_start','before_footer','before_footer_end','before_body_end','left_sidebar_start','before_left_sidebar_end','right_sidebar_start','before_right_sidebar_end','comment','guestbook','switch_theme','after_content','before_content','log_write_done','switch_admin_theme','captcha_image') ORDER BY `list_order` ASC [ RunTime:0.000711s ]
[2024-12-05T21:11:12+08:00][sql] SHOW FULL COLUMNS FROM `cmf_plugin` [ RunTime:0.002157s ]
[2024-12-05T21:11:12+08:00][sql] SELECT `config` FROM `cmf_plugin` WHERE  `name` = 'Qiniu' LIMIT 1 [ RunTime:0.000472s ]
[2024-12-05T21:11:12+08:00][sql] SHOW FULL COLUMNS FROM `cmf_live` [ RunTime:0.001986s ]
[2024-12-05T21:11:12+08:00][sql] SELECT * FROM `cmf_live` WHERE  ( islive='1' and isrecommend='1' and type='0' and live_type=0 ) [ RunTime:0.000949s ]
[2024-12-05T21:11:12+08:00][sql] SHOW FULL COLUMNS FROM `cmf_slide_item` [ RunTime:0.001413s ]
[2024-12-05T21:11:12+08:00][sql] SELECT * FROM `cmf_slide_item` WHERE  ( status='1' and slide_id='1' ) ORDER BY `list_order` ASC [ RunTime:0.000574s ]
[2024-12-05T21:11:12+08:00][sql] SHOW FULL COLUMNS FROM `cmf_live_class` [ RunTime:0.001220s ]
[2024-12-05T21:11:12+08:00][sql] SELECT * FROM `cmf_live_class` ORDER BY `list_order` LIMIT 5 [ RunTime:0.000467s ]
[2024-12-05T21:11:12+08:00][sql] SELECT * FROM `cmf_live` WHERE  `islive` = 1  AND `live_type` = 0  AND `liveclassid` = 8 ORDER BY `recommend_time` DESC,`starttime` DESC LIMIT 5 [ RunTime:0.000772s ]
[2024-12-05T21:11:12+08:00][sql] SELECT `uid`,`thumb`,`stream`,`title`,`city`,`islive`,`type` FROM `cmf_live` WHERE  ( islive='1' and ishot='1' and live_type=0 ) ORDER BY `isrecommend` DESC,`recommend_time` DESC,`hotvotes` DESC,`starttime` DESC LIMIT 5 [ RunTime:0.000480s ]
[2024-12-05T21:11:12+08:00][sql] SELECT `uid`,`thumb`,`stream`,`title`,`city`,`islive`,`type` FROM `cmf_live` WHERE  ( islive='1' and live_type=0 ) ORDER BY `starttime` DESC LIMIT 5 [ RunTime:0.000416s ]
[2024-12-05T21:11:12+08:00][sql] SHOW FULL COLUMNS FROM `cmf_theme_file` [ RunTime:0.001477s ]
[2024-12-05T21:11:12+08:00][sql] SELECT `more` FROM `cmf_theme_file` WHERE  `theme` = 'default'  AND (  `is_public` = 1 OR `file` = '../home/index/index' ) [ RunTime:0.000535s ]
[2024-12-05T21:11:13+08:00][sql] CONNECT:[ UseTime:0.000880s ] mysql:host=127.0.0.1;port=3306;dbname=zhibo;charset=utf8mb4
[2024-12-05T21:11:13+08:00][sql] SHOW FULL COLUMNS FROM `cmf_hook` [ RunTime:0.001663s ]
[2024-12-05T21:11:13+08:00][sql] SELECT `hook`,`id` FROM `cmf_hook` WHERE  (  (  `app` = '' OR `app` = 'cmf' )  AND `type` = 3 ) OR `type` = 1 [ RunTime:0.000694s ]
[2024-12-05T21:11:13+08:00][sql] SHOW FULL COLUMNS FROM `cmf_hook_plugin` [ RunTime:0.001374s ]
[2024-12-05T21:11:13+08:00][sql] SELECT `hook`,`plugin` FROM `cmf_hook_plugin` WHERE  `status` = 1  AND `hook` IN ('app_begin','module_init','action_begin','view_filter','app_end','log_write','response_end','admin_init','home_init','send_mobile_verification_code','body_start','before_head_end','footer_start','before_footer','before_footer_end','before_body_end','left_sidebar_start','before_left_sidebar_end','right_sidebar_start','before_right_sidebar_end','comment','guestbook','switch_theme','after_content','before_content','log_write_done','switch_admin_theme','captcha_image') ORDER BY `list_order` ASC [ RunTime:0.000738s ]
[2024-12-05T21:11:14+08:00][sql] CONNECT:[ UseTime:0.000858s ] mysql:host=127.0.0.1;port=3306;dbname=zhibo;charset=utf8mb4
[2024-12-05T21:11:14+08:00][sql] SHOW FULL COLUMNS FROM `cmf_hook` [ RunTime:0.001609s ]
[2024-12-05T21:11:14+08:00][sql] SELECT `hook`,`id` FROM `cmf_hook` WHERE  (  (  `app` = '' OR `app` = 'cmf' )  AND `type` = 3 ) OR `type` = 1 [ RunTime:0.000759s ]
[2024-12-05T21:11:14+08:00][sql] SHOW FULL COLUMNS FROM `cmf_hook_plugin` [ RunTime:0.001330s ]
[2024-12-05T21:11:14+08:00][sql] SELECT `hook`,`plugin` FROM `cmf_hook_plugin` WHERE  `status` = 1  AND `hook` IN ('app_begin','module_init','action_begin','view_filter','app_end','log_write','response_end','admin_init','home_init','send_mobile_verification_code','body_start','before_head_end','footer_start','before_footer','before_footer_end','before_body_end','left_sidebar_start','before_left_sidebar_end','right_sidebar_start','before_right_sidebar_end','comment','guestbook','switch_theme','after_content','before_content','log_write_done','switch_admin_theme','captcha_image') ORDER BY `list_order` ASC [ RunTime:0.000759s ]
[2024-12-05T21:11:14+08:00][sql] CONNECT:[ UseTime:0.000860s ] mysql:host=127.0.0.1;port=3306;dbname=zhibo;charset=utf8mb4
[2024-12-05T21:11:14+08:00][sql] SHOW FULL COLUMNS FROM `cmf_hook` [ RunTime:0.001704s ]
[2024-12-05T21:11:14+08:00][sql] SELECT `hook`,`id` FROM `cmf_hook` WHERE  (  (  `app` = '' OR `app` = 'cmf' )  AND `type` = 3 ) OR `type` = 1 [ RunTime:0.000807s ]
[2024-12-05T21:11:14+08:00][sql] SHOW FULL COLUMNS FROM `cmf_hook_plugin` [ RunTime:0.001385s ]
[2024-12-05T21:11:14+08:00][sql] SELECT `hook`,`plugin` FROM `cmf_hook_plugin` WHERE  `status` = 1  AND `hook` IN ('app_begin','module_init','action_begin','view_filter','app_end','log_write','response_end','admin_init','home_init','send_mobile_verification_code','body_start','before_head_end','footer_start','before_footer','before_footer_end','before_body_end','left_sidebar_start','before_left_sidebar_end','right_sidebar_start','before_right_sidebar_end','comment','guestbook','switch_theme','after_content','before_content','log_write_done','switch_admin_theme','captcha_image') ORDER BY `list_order` ASC [ RunTime:0.000833s ]
[2024-12-05T21:11:15+08:00][sql] CONNECT:[ UseTime:0.000647s ] mysql:host=127.0.0.1;port=3306;dbname=zhibo;charset=utf8mb4
[2024-12-05T21:11:15+08:00][sql] SHOW FULL COLUMNS FROM `cmf_hook` [ RunTime:0.001608s ]
[2024-12-05T21:11:15+08:00][sql] SELECT `hook`,`id` FROM `cmf_hook` WHERE  (  (  `app` = '' OR `app` = 'cmf' )  AND `type` = 3 ) OR `type` = 1 [ RunTime:0.000672s ]
[2024-12-05T21:11:15+08:00][sql] SHOW FULL COLUMNS FROM `cmf_hook_plugin` [ RunTime:0.001318s ]
[2024-12-05T21:11:15+08:00][sql] SELECT `hook`,`plugin` FROM `cmf_hook_plugin` WHERE  `status` = 1  AND `hook` IN ('app_begin','module_init','action_begin','view_filter','app_end','log_write','response_end','admin_init','home_init','send_mobile_verification_code','body_start','before_head_end','footer_start','before_footer','before_footer_end','before_body_end','left_sidebar_start','before_left_sidebar_end','right_sidebar_start','before_right_sidebar_end','comment','guestbook','switch_theme','after_content','before_content','log_write_done','switch_admin_theme','captcha_image') ORDER BY `list_order` ASC [ RunTime:0.000708s ]
[2024-12-05T21:11:15+08:00][sql] CONNECT:[ UseTime:0.000872s ] mysql:host=127.0.0.1;port=3306;dbname=zhibo;charset=utf8mb4
[2024-12-05T21:11:15+08:00][sql] SHOW FULL COLUMNS FROM `cmf_hook` [ RunTime:0.001637s ]
[2024-12-05T21:11:15+08:00][sql] SELECT `hook`,`id` FROM `cmf_hook` WHERE  (  (  `app` = '' OR `app` = 'cmf' )  AND `type` = 3 ) OR `type` = 1 [ RunTime:0.000711s ]
[2024-12-05T21:11:15+08:00][sql] SHOW FULL COLUMNS FROM `cmf_hook_plugin` [ RunTime:0.001296s ]
[2024-12-05T21:11:15+08:00][sql] SELECT `hook`,`plugin` FROM `cmf_hook_plugin` WHERE  `status` = 1  AND `hook` IN ('app_begin','module_init','action_begin','view_filter','app_end','log_write','response_end','admin_init','home_init','send_mobile_verification_code','body_start','before_head_end','footer_start','before_footer','before_footer_end','before_body_end','left_sidebar_start','before_left_sidebar_end','right_sidebar_start','before_right_sidebar_end','comment','guestbook','switch_theme','after_content','before_content','log_write_done','switch_admin_theme','captcha_image') ORDER BY `list_order` ASC [ RunTime:0.000748s ]
[2024-12-05T21:11:15+08:00][sql] CONNECT:[ UseTime:0.000723s ] mysql:host=127.0.0.1;port=3306;dbname=zhibo;charset=utf8mb4
[2024-12-05T21:11:15+08:00][sql] SHOW FULL COLUMNS FROM `cmf_hook` [ RunTime:0.001561s ]
[2024-12-05T21:11:15+08:00][sql] SELECT `hook`,`id` FROM `cmf_hook` WHERE  (  (  `app` = '' OR `app` = 'cmf' )  AND `type` = 3 ) OR `type` = 1 [ RunTime:0.000622s ]
[2024-12-05T21:11:15+08:00][sql] SHOW FULL COLUMNS FROM `cmf_hook_plugin` [ RunTime:0.001293s ]
[2024-12-05T21:11:15+08:00][sql] SELECT `hook`,`plugin` FROM `cmf_hook_plugin` WHERE  `status` = 1  AND `hook` IN ('app_begin','module_init','action_begin','view_filter','app_end','log_write','response_end','admin_init','home_init','send_mobile_verification_code','body_start','before_head_end','footer_start','before_footer','before_footer_end','before_body_end','left_sidebar_start','before_left_sidebar_end','right_sidebar_start','before_right_sidebar_end','comment','guestbook','switch_theme','after_content','before_content','log_write_done','switch_admin_theme','captcha_image') ORDER BY `list_order` ASC [ RunTime:0.000693s ]
[2024-12-05T21:11:16+08:00][sql] CONNECT:[ UseTime:0.000695s ] mysql:host=127.0.0.1;port=3306;dbname=zhibo;charset=utf8mb4
[2024-12-05T21:11:16+08:00][sql] SHOW FULL COLUMNS FROM `cmf_hook` [ RunTime:0.001572s ]
[2024-12-05T21:11:16+08:00][sql] SELECT `hook`,`id` FROM `cmf_hook` WHERE  (  (  `app` = '' OR `app` = 'cmf' )  AND `type` = 3 ) OR `type` = 1 [ RunTime:0.000636s ]
[2024-12-05T21:11:16+08:00][sql] SHOW FULL COLUMNS FROM `cmf_hook_plugin` [ RunTime:0.001277s ]
[2024-12-05T21:11:16+08:00][sql] SELECT `hook`,`plugin` FROM `cmf_hook_plugin` WHERE  `status` = 1  AND `hook` IN ('app_begin','module_init','action_begin','view_filter','app_end','log_write','response_end','admin_init','home_init','send_mobile_verification_code','body_start','before_head_end','footer_start','before_footer','before_footer_end','before_body_end','left_sidebar_start','before_left_sidebar_end','right_sidebar_start','before_right_sidebar_end','comment','guestbook','switch_theme','after_content','before_content','log_write_done','switch_admin_theme','captcha_image') ORDER BY `list_order` ASC [ RunTime:0.000717s ]
[2024-12-05T21:11:17+08:00][sql] CONNECT:[ UseTime:0.000666s ] mysql:host=127.0.0.1;port=3306;dbname=zhibo;charset=utf8mb4
[2024-12-05T21:11:17+08:00][sql] SHOW FULL COLUMNS FROM `cmf_hook` [ RunTime:0.001579s ]
[2024-12-05T21:11:17+08:00][sql] SELECT `hook`,`id` FROM `cmf_hook` WHERE  (  (  `app` = '' OR `app` = 'cmf' )  AND `type` = 3 ) OR `type` = 1 [ RunTime:0.000713s ]
[2024-12-05T21:11:17+08:00][sql] SHOW FULL COLUMNS FROM `cmf_hook_plugin` [ RunTime:0.001345s ]
[2024-12-05T21:11:17+08:00][sql] SELECT `hook`,`plugin` FROM `cmf_hook_plugin` WHERE  `status` = 1  AND `hook` IN ('app_begin','module_init','action_begin','view_filter','app_end','log_write','response_end','admin_init','home_init','send_mobile_verification_code','body_start','before_head_end','footer_start','before_footer','before_footer_end','before_body_end','left_sidebar_start','before_left_sidebar_end','right_sidebar_start','before_right_sidebar_end','comment','guestbook','switch_theme','after_content','before_content','log_write_done','switch_admin_theme','captcha_image') ORDER BY `list_order` ASC [ RunTime:0.000759s ]
[2024-12-05T21:11:17+08:00][sql] CONNECT:[ UseTime:0.000718s ] mysql:host=127.0.0.1;port=3306;dbname=zhibo;charset=utf8mb4
[2024-12-05T21:11:17+08:00][sql] SHOW FULL COLUMNS FROM `cmf_hook` [ RunTime:0.001708s ]
[2024-12-05T21:11:17+08:00][sql] SELECT `hook`,`id` FROM `cmf_hook` WHERE  (  (  `app` = '' OR `app` = 'cmf' )  AND `type` = 3 ) OR `type` = 1 [ RunTime:0.000728s ]
[2024-12-05T21:11:17+08:00][sql] SHOW FULL COLUMNS FROM `cmf_hook_plugin` [ RunTime:0.001504s ]
[2024-12-05T21:11:17+08:00][sql] SELECT `hook`,`plugin` FROM `cmf_hook_plugin` WHERE  `status` = 1  AND `hook` IN ('app_begin','module_init','action_begin','view_filter','app_end','log_write','response_end','admin_init','home_init','send_mobile_verification_code','body_start','before_head_end','footer_start','before_footer','before_footer_end','before_body_end','left_sidebar_start','before_left_sidebar_end','right_sidebar_start','before_right_sidebar_end','comment','guestbook','switch_theme','after_content','before_content','log_write_done','switch_admin_theme','captcha_image') ORDER BY `list_order` ASC [ RunTime:0.000800s ]
[2024-12-05T21:11:17+08:00][sql] CONNECT:[ UseTime:0.000667s ] mysql:host=127.0.0.1;port=3306;dbname=zhibo;charset=utf8mb4
[2024-12-05T21:11:17+08:00][sql] SHOW FULL COLUMNS FROM `cmf_hook` [ RunTime:0.001604s ]
[2024-12-05T21:11:17+08:00][sql] SELECT `hook`,`id` FROM `cmf_hook` WHERE  (  (  `app` = '' OR `app` = 'cmf' )  AND `type` = 3 ) OR `type` = 1 [ RunTime:0.000695s ]
[2024-12-05T21:11:17+08:00][sql] SHOW FULL COLUMNS FROM `cmf_hook_plugin` [ RunTime:0.001288s ]
[2024-12-05T21:11:17+08:00][sql] SELECT `hook`,`plugin` FROM `cmf_hook_plugin` WHERE  `status` = 1  AND `hook` IN ('app_begin','module_init','action_begin','view_filter','app_end','log_write','response_end','admin_init','home_init','send_mobile_verification_code','body_start','before_head_end','footer_start','before_footer','before_footer_end','before_body_end','left_sidebar_start','before_left_sidebar_end','right_sidebar_start','before_right_sidebar_end','comment','guestbook','switch_theme','after_content','before_content','log_write_done','switch_admin_theme','captcha_image') ORDER BY `list_order` ASC [ RunTime:0.000755s ]
[2024-12-05T21:11:18+08:00][sql] CONNECT:[ UseTime:0.000708s ] mysql:host=127.0.0.1;port=3306;dbname=zhibo;charset=utf8mb4
[2024-12-05T21:11:18+08:00][sql] SHOW FULL COLUMNS FROM `cmf_hook` [ RunTime:0.001528s ]
[2024-12-05T21:11:18+08:00][sql] SELECT `hook`,`id` FROM `cmf_hook` WHERE  (  (  `app` = '' OR `app` = 'cmf' )  AND `type` = 3 ) OR `type` = 1 [ RunTime:0.000628s ]
[2024-12-05T21:11:18+08:00][sql] SHOW FULL COLUMNS FROM `cmf_hook_plugin` [ RunTime:0.001268s ]
[2024-12-05T21:11:18+08:00][sql] SELECT `hook`,`plugin` FROM `cmf_hook_plugin` WHERE  `status` = 1  AND `hook` IN ('app_begin','module_init','action_begin','view_filter','app_end','log_write','response_end','admin_init','home_init','send_mobile_verification_code','body_start','before_head_end','footer_start','before_footer','before_footer_end','before_body_end','left_sidebar_start','before_left_sidebar_end','right_sidebar_start','before_right_sidebar_end','comment','guestbook','switch_theme','after_content','before_content','log_write_done','switch_admin_theme','captcha_image') ORDER BY `list_order` ASC [ RunTime:0.000670s ]
[2024-12-05T21:11:18+08:00][sql] CONNECT:[ UseTime:0.000672s ] mysql:host=127.0.0.1;port=3306;dbname=zhibo;charset=utf8mb4
[2024-12-05T21:11:18+08:00][sql] SHOW FULL COLUMNS FROM `cmf_hook` [ RunTime:0.001483s ]
[2024-12-05T21:11:18+08:00][sql] SELECT `hook`,`id` FROM `cmf_hook` WHERE  (  (  `app` = '' OR `app` = 'cmf' )  AND `type` = 3 ) OR `type` = 1 [ RunTime:0.000622s ]
[2024-12-05T21:11:18+08:00][sql] SHOW FULL COLUMNS FROM `cmf_hook_plugin` [ RunTime:0.001224s ]
[2024-12-05T21:11:18+08:00][sql] SELECT `hook`,`plugin` FROM `cmf_hook_plugin` WHERE  `status` = 1  AND `hook` IN ('app_begin','module_init','action_begin','view_filter','app_end','log_write','response_end','admin_init','home_init','send_mobile_verification_code','body_start','before_head_end','footer_start','before_footer','before_footer_end','before_body_end','left_sidebar_start','before_left_sidebar_end','right_sidebar_start','before_right_sidebar_end','comment','guestbook','switch_theme','after_content','before_content','log_write_done','switch_admin_theme','captcha_image') ORDER BY `list_order` ASC [ RunTime:0.000675s ]
[2024-12-05T21:11:18+08:00][sql] CONNECT:[ UseTime:0.000664s ] mysql:host=127.0.0.1;port=3306;dbname=zhibo;charset=utf8mb4
[2024-12-05T21:11:18+08:00][sql] SHOW FULL COLUMNS FROM `cmf_hook` [ RunTime:0.001601s ]
[2024-12-05T21:11:18+08:00][sql] SELECT `hook`,`id` FROM `cmf_hook` WHERE  (  (  `app` = '' OR `app` = 'cmf' )  AND `type` = 3 ) OR `type` = 1 [ RunTime:0.000693s ]
[2024-12-05T21:11:18+08:00][sql] SHOW FULL COLUMNS FROM `cmf_hook_plugin` [ RunTime:0.001297s ]
[2024-12-05T21:11:18+08:00][sql] SELECT `hook`,`plugin` FROM `cmf_hook_plugin` WHERE  `status` = 1  AND `hook` IN ('app_begin','module_init','action_begin','view_filter','app_end','log_write','response_end','admin_init','home_init','send_mobile_verification_code','body_start','before_head_end','footer_start','before_footer','before_footer_end','before_body_end','left_sidebar_start','before_left_sidebar_end','right_sidebar_start','before_right_sidebar_end','comment','guestbook','switch_theme','after_content','before_content','log_write_done','switch_admin_theme','captcha_image') ORDER BY `list_order` ASC [ RunTime:0.000779s ]
[2024-12-05T21:11:18+08:00][sql] CONNECT:[ UseTime:0.000720s ] mysql:host=127.0.0.1;port=3306;dbname=zhibo;charset=utf8mb4
[2024-12-05T21:11:18+08:00][sql] SHOW FULL COLUMNS FROM `cmf_hook` [ RunTime:0.001567s ]
[2024-12-05T21:11:18+08:00][sql] SELECT `hook`,`id` FROM `cmf_hook` WHERE  (  (  `app` = '' OR `app` = 'cmf' )  AND `type` = 3 ) OR `type` = 1 [ RunTime:0.000663s ]
[2024-12-05T21:11:18+08:00][sql] SHOW FULL COLUMNS FROM `cmf_hook_plugin` [ RunTime:0.001307s ]
[2024-12-05T21:11:18+08:00][sql] SELECT `hook`,`plugin` FROM `cmf_hook_plugin` WHERE  `status` = 1  AND `hook` IN ('app_begin','module_init','action_begin','view_filter','app_end','log_write','response_end','admin_init','home_init','send_mobile_verification_code','body_start','before_head_end','footer_start','before_footer','before_footer_end','before_body_end','left_sidebar_start','before_left_sidebar_end','right_sidebar_start','before_right_sidebar_end','comment','guestbook','switch_theme','after_content','before_content','log_write_done','switch_admin_theme','captcha_image') ORDER BY `list_order` ASC [ RunTime:0.000707s ]
[2024-12-05T21:11:19+08:00][sql] CONNECT:[ UseTime:0.000681s ] mysql:host=127.0.0.1;port=3306;dbname=zhibo;charset=utf8mb4
[2024-12-05T21:11:19+08:00][sql] SHOW FULL COLUMNS FROM `cmf_hook` [ RunTime:0.001531s ]
[2024-12-05T21:11:19+08:00][sql] SELECT `hook`,`id` FROM `cmf_hook` WHERE  (  (  `app` = '' OR `app` = 'cmf' )  AND `type` = 3 ) OR `type` = 1 [ RunTime:0.000643s ]
[2024-12-05T21:11:19+08:00][sql] SHOW FULL COLUMNS FROM `cmf_hook_plugin` [ RunTime:0.001264s ]
[2024-12-05T21:11:19+08:00][sql] SELECT `hook`,`plugin` FROM `cmf_hook_plugin` WHERE  `status` = 1  AND `hook` IN ('app_begin','module_init','action_begin','view_filter','app_end','log_write','response_end','admin_init','home_init','send_mobile_verification_code','body_start','before_head_end','footer_start','before_footer','before_footer_end','before_body_end','left_sidebar_start','before_left_sidebar_end','right_sidebar_start','before_right_sidebar_end','comment','guestbook','switch_theme','after_content','before_content','log_write_done','switch_admin_theme','captcha_image') ORDER BY `list_order` ASC [ RunTime:0.000686s ]
[2024-12-05T21:11:20+08:00][sql] CONNECT:[ UseTime:0.000651s ] mysql:host=127.0.0.1;port=3306;dbname=zhibo;charset=utf8mb4
[2024-12-05T21:11:20+08:00][sql] SHOW FULL COLUMNS FROM `cmf_hook` [ RunTime:0.001499s ]
[2024-12-05T21:11:20+08:00][sql] SELECT `hook`,`id` FROM `cmf_hook` WHERE  (  (  `app` = '' OR `app` = 'cmf' )  AND `type` = 3 ) OR `type` = 1 [ RunTime:0.000632s ]
[2024-12-05T21:11:20+08:00][sql] SHOW FULL COLUMNS FROM `cmf_hook_plugin` [ RunTime:0.001223s ]
[2024-12-05T21:11:20+08:00][sql] SELECT `hook`,`plugin` FROM `cmf_hook_plugin` WHERE  `status` = 1  AND `hook` IN ('app_begin','module_init','action_begin','view_filter','app_end','log_write','response_end','admin_init','home_init','send_mobile_verification_code','body_start','before_head_end','footer_start','before_footer','before_footer_end','before_body_end','left_sidebar_start','before_left_sidebar_end','right_sidebar_start','before_right_sidebar_end','comment','guestbook','switch_theme','after_content','before_content','log_write_done','switch_admin_theme','captcha_image') ORDER BY `list_order` ASC [ RunTime:0.000698s ]
[2024-12-05T21:11:21+08:00][sql] CONNECT:[ UseTime:0.000706s ] mysql:host=127.0.0.1;port=3306;dbname=zhibo;charset=utf8mb4
[2024-12-05T21:11:21+08:00][sql] SHOW FULL COLUMNS FROM `cmf_hook` [ RunTime:0.001511s ]
[2024-12-05T21:11:21+08:00][sql] SELECT `hook`,`id` FROM `cmf_hook` WHERE  (  (  `app` = '' OR `app` = 'cmf' )  AND `type` = 3 ) OR `type` = 1 [ RunTime:0.000628s ]
[2024-12-05T21:11:21+08:00][sql] SHOW FULL COLUMNS FROM `cmf_hook_plugin` [ RunTime:0.001247s ]
[2024-12-05T21:11:21+08:00][sql] SELECT `hook`,`plugin` FROM `cmf_hook_plugin` WHERE  `status` = 1  AND `hook` IN ('app_begin','module_init','action_begin','view_filter','app_end','log_write','response_end','admin_init','home_init','send_mobile_verification_code','body_start','before_head_end','footer_start','before_footer','before_footer_end','before_body_end','left_sidebar_start','before_left_sidebar_end','right_sidebar_start','before_right_sidebar_end','comment','guestbook','switch_theme','after_content','before_content','log_write_done','switch_admin_theme','captcha_image') ORDER BY `list_order` ASC [ RunTime:0.000715s ]
[2024-12-05T21:11:21+08:00][sql] CONNECT:[ UseTime:0.000727s ] mysql:host=127.0.0.1;port=3306;dbname=zhibo;charset=utf8mb4
[2024-12-05T21:11:21+08:00][sql] SHOW FULL COLUMNS FROM `cmf_hook` [ RunTime:0.001709s ]
[2024-12-05T21:11:21+08:00][sql] SELECT `hook`,`id` FROM `cmf_hook` WHERE  (  (  `app` = '' OR `app` = 'cmf' )  AND `type` = 3 ) OR `type` = 1 [ RunTime:0.000705s ]
[2024-12-05T21:11:21+08:00][sql] SHOW FULL COLUMNS FROM `cmf_hook_plugin` [ RunTime:0.001498s ]
[2024-12-05T21:11:21+08:00][sql] SELECT `hook`,`plugin` FROM `cmf_hook_plugin` WHERE  `status` = 1  AND `hook` IN ('app_begin','module_init','action_begin','view_filter','app_end','log_write','response_end','admin_init','home_init','send_mobile_verification_code','body_start','before_head_end','footer_start','before_footer','before_footer_end','before_body_end','left_sidebar_start','before_left_sidebar_end','right_sidebar_start','before_right_sidebar_end','comment','guestbook','switch_theme','after_content','before_content','log_write_done','switch_admin_theme','captcha_image') ORDER BY `list_order` ASC [ RunTime:0.000787s ]
[2024-12-05T21:11:21+08:00][sql] CONNECT:[ UseTime:0.000708s ] mysql:host=127.0.0.1;port=3306;dbname=zhibo;charset=utf8mb4
[2024-12-05T21:11:21+08:00][sql] SHOW FULL COLUMNS FROM `cmf_hook` [ RunTime:0.001570s ]
[2024-12-05T21:11:21+08:00][sql] SELECT `hook`,`id` FROM `cmf_hook` WHERE  (  (  `app` = '' OR `app` = 'cmf' )  AND `type` = 3 ) OR `type` = 1 [ RunTime:0.000644s ]
[2024-12-05T21:11:21+08:00][sql] SHOW FULL COLUMNS FROM `cmf_hook_plugin` [ RunTime:0.001353s ]
[2024-12-05T21:11:21+08:00][sql] SELECT `hook`,`plugin` FROM `cmf_hook_plugin` WHERE  `status` = 1  AND `hook` IN ('app_begin','module_init','action_begin','view_filter','app_end','log_write','response_end','admin_init','home_init','send_mobile_verification_code','body_start','before_head_end','footer_start','before_footer','before_footer_end','before_body_end','left_sidebar_start','before_left_sidebar_end','right_sidebar_start','before_right_sidebar_end','comment','guestbook','switch_theme','after_content','before_content','log_write_done','switch_admin_theme','captcha_image') ORDER BY `list_order` ASC [ RunTime:0.000714s ]
[2024-12-05T21:11:21+08:00][sql] CONNECT:[ UseTime:0.000633s ] mysql:host=127.0.0.1;port=3306;dbname=zhibo;charset=utf8mb4
[2024-12-05T21:11:21+08:00][sql] SHOW FULL COLUMNS FROM `cmf_hook` [ RunTime:0.001541s ]
[2024-12-05T21:11:21+08:00][sql] SELECT `hook`,`id` FROM `cmf_hook` WHERE  (  (  `app` = '' OR `app` = 'cmf' )  AND `type` = 3 ) OR `type` = 1 [ RunTime:0.000623s ]
[2024-12-05T21:11:21+08:00][sql] SHOW FULL COLUMNS FROM `cmf_hook_plugin` [ RunTime:0.001277s ]
[2024-12-05T21:11:21+08:00][sql] SELECT `hook`,`plugin` FROM `cmf_hook_plugin` WHERE  `status` = 1  AND `hook` IN ('app_begin','module_init','action_begin','view_filter','app_end','log_write','response_end','admin_init','home_init','send_mobile_verification_code','body_start','before_head_end','footer_start','before_footer','before_footer_end','before_body_end','left_sidebar_start','before_left_sidebar_end','right_sidebar_start','before_right_sidebar_end','comment','guestbook','switch_theme','after_content','before_content','log_write_done','switch_admin_theme','captcha_image') ORDER BY `list_order` ASC [ RunTime:0.000742s ]
[2024-12-05T21:11:22+08:00][sql] CONNECT:[ UseTime:0.000643s ] mysql:host=127.0.0.1;port=3306;dbname=zhibo;charset=utf8mb4
[2024-12-05T21:11:22+08:00][sql] SHOW FULL COLUMNS FROM `cmf_hook` [ RunTime:0.001556s ]
[2024-12-05T21:11:22+08:00][sql] SELECT `hook`,`id` FROM `cmf_hook` WHERE  (  (  `app` = '' OR `app` = 'cmf' )  AND `type` = 3 ) OR `type` = 1 [ RunTime:0.000660s ]
[2024-12-05T21:11:22+08:00][sql] SHOW FULL COLUMNS FROM `cmf_hook_plugin` [ RunTime:0.001294s ]
[2024-12-05T21:11:22+08:00][sql] SELECT `hook`,`plugin` FROM `cmf_hook_plugin` WHERE  `status` = 1  AND `hook` IN ('app_begin','module_init','action_begin','view_filter','app_end','log_write','response_end','admin_init','home_init','send_mobile_verification_code','body_start','before_head_end','footer_start','before_footer','before_footer_end','before_body_end','left_sidebar_start','before_left_sidebar_end','right_sidebar_start','before_right_sidebar_end','comment','guestbook','switch_theme','after_content','before_content','log_write_done','switch_admin_theme','captcha_image') ORDER BY `list_order` ASC [ RunTime:0.000697s ]
[2024-12-05T21:11:22+08:00][sql] CONNECT:[ UseTime:0.000623s ] mysql:host=127.0.0.1;port=3306;dbname=zhibo;charset=utf8mb4
[2024-12-05T21:11:22+08:00][sql] SHOW FULL COLUMNS FROM `cmf_hook` [ RunTime:0.001570s ]
[2024-12-05T21:11:22+08:00][sql] SELECT `hook`,`id` FROM `cmf_hook` WHERE  (  (  `app` = '' OR `app` = 'cmf' )  AND `type` = 3 ) OR `type` = 1 [ RunTime:0.000637s ]
[2024-12-05T21:11:22+08:00][sql] SHOW FULL COLUMNS FROM `cmf_hook_plugin` [ RunTime:0.001262s ]
[2024-12-05T21:11:22+08:00][sql] SELECT `hook`,`plugin` FROM `cmf_hook_plugin` WHERE  `status` = 1  AND `hook` IN ('app_begin','module_init','action_begin','view_filter','app_end','log_write','response_end','admin_init','home_init','send_mobile_verification_code','body_start','before_head_end','footer_start','before_footer','before_footer_end','before_body_end','left_sidebar_start','before_left_sidebar_end','right_sidebar_start','before_right_sidebar_end','comment','guestbook','switch_theme','after_content','before_content','log_write_done','switch_admin_theme','captcha_image') ORDER BY `list_order` ASC [ RunTime:0.000674s ]
[2024-12-05T21:11:22+08:00][sql] CONNECT:[ UseTime:0.000688s ] mysql:host=127.0.0.1;port=3306;dbname=zhibo;charset=utf8mb4
[2024-12-05T21:11:22+08:00][sql] SHOW FULL COLUMNS FROM `cmf_hook` [ RunTime:0.001531s ]
[2024-12-05T21:11:22+08:00][sql] SELECT `hook`,`id` FROM `cmf_hook` WHERE  (  (  `app` = '' OR `app` = 'cmf' )  AND `type` = 3 ) OR `type` = 1 [ RunTime:0.000661s ]
[2024-12-05T21:11:22+08:00][sql] SHOW FULL COLUMNS FROM `cmf_hook_plugin` [ RunTime:0.001284s ]
[2024-12-05T21:11:22+08:00][sql] SELECT `hook`,`plugin` FROM `cmf_hook_plugin` WHERE  `status` = 1  AND `hook` IN ('app_begin','module_init','action_begin','view_filter','app_end','log_write','response_end','admin_init','home_init','send_mobile_verification_code','body_start','before_head_end','footer_start','before_footer','before_footer_end','before_body_end','left_sidebar_start','before_left_sidebar_end','right_sidebar_start','before_right_sidebar_end','comment','guestbook','switch_theme','after_content','before_content','log_write_done','switch_admin_theme','captcha_image') ORDER BY `list_order` ASC [ RunTime:0.000714s ]
[2024-12-05T21:11:23+08:00][sql] CONNECT:[ UseTime:0.000664s ] mysql:host=127.0.0.1;port=3306;dbname=zhibo;charset=utf8mb4
[2024-12-05T21:11:23+08:00][sql] SHOW FULL COLUMNS FROM `cmf_hook` [ RunTime:0.001622s ]
[2024-12-05T21:11:23+08:00][sql] SELECT `hook`,`id` FROM `cmf_hook` WHERE  (  (  `app` = '' OR `app` = 'cmf' )  AND `type` = 3 ) OR `type` = 1 [ RunTime:0.000685s ]
[2024-12-05T21:11:23+08:00][sql] SHOW FULL COLUMNS FROM `cmf_hook_plugin` [ RunTime:0.001324s ]
[2024-12-05T21:11:23+08:00][sql] SELECT `hook`,`plugin` FROM `cmf_hook_plugin` WHERE  `status` = 1  AND `hook` IN ('app_begin','module_init','action_begin','view_filter','app_end','log_write','response_end','admin_init','home_init','send_mobile_verification_code','body_start','before_head_end','footer_start','before_footer','before_footer_end','before_body_end','left_sidebar_start','before_left_sidebar_end','right_sidebar_start','before_right_sidebar_end','comment','guestbook','switch_theme','after_content','before_content','log_write_done','switch_admin_theme','captcha_image') ORDER BY `list_order` ASC [ RunTime:0.000706s ]
[2024-12-05T21:11:23+08:00][sql] CONNECT:[ UseTime:0.000650s ] mysql:host=127.0.0.1;port=3306;dbname=zhibo;charset=utf8mb4
[2024-12-05T21:11:23+08:00][sql] SHOW FULL COLUMNS FROM `cmf_hook` [ RunTime:0.001523s ]
[2024-12-05T21:11:23+08:00][sql] SELECT `hook`,`id` FROM `cmf_hook` WHERE  (  (  `app` = '' OR `app` = 'cmf' )  AND `type` = 3 ) OR `type` = 1 [ RunTime:0.000640s ]
[2024-12-05T21:11:23+08:00][sql] SHOW FULL COLUMNS FROM `cmf_hook_plugin` [ RunTime:0.001259s ]
[2024-12-05T21:11:23+08:00][sql] SELECT `hook`,`plugin` FROM `cmf_hook_plugin` WHERE  `status` = 1  AND `hook` IN ('app_begin','module_init','action_begin','view_filter','app_end','log_write','response_end','admin_init','home_init','send_mobile_verification_code','body_start','before_head_end','footer_start','before_footer','before_footer_end','before_body_end','left_sidebar_start','before_left_sidebar_end','right_sidebar_start','before_right_sidebar_end','comment','guestbook','switch_theme','after_content','before_content','log_write_done','switch_admin_theme','captcha_image') ORDER BY `list_order` ASC [ RunTime:0.000701s ]
[2024-12-05T21:31:50+08:00][sql] CONNECT:[ UseTime:0.000683s ] mysql:host=127.0.0.1;port=3306;dbname=zhibo;charset=utf8mb4
[2024-12-05T21:31:50+08:00][sql] SHOW FULL COLUMNS FROM `cmf_hook` [ RunTime:0.001606s ]
[2024-12-05T21:31:50+08:00][sql] SELECT `hook`,`id` FROM `cmf_hook` WHERE  (  (  `app` = '' OR `app` = 'cmf' )  AND `type` = 3 ) OR `type` = 1 [ RunTime:0.000702s ]
[2024-12-05T21:31:50+08:00][sql] SHOW FULL COLUMNS FROM `cmf_hook_plugin` [ RunTime:0.001323s ]
[2024-12-05T21:31:50+08:00][sql] SELECT `hook`,`plugin` FROM `cmf_hook_plugin` WHERE  `status` = 1  AND `hook` IN ('app_begin','module_init','action_begin','view_filter','app_end','log_write','response_end','admin_init','home_init','send_mobile_verification_code','body_start','before_head_end','footer_start','before_footer','before_footer_end','before_body_end','left_sidebar_start','before_left_sidebar_end','right_sidebar_start','before_right_sidebar_end','comment','guestbook','switch_theme','after_content','before_content','log_write_done','switch_admin_theme','captcha_image') ORDER BY `list_order` ASC [ RunTime:0.000724s ]
[2024-12-05T22:43:00+08:00][sql] CONNECT:[ UseTime:0.000642s ] mysql:host=127.0.0.1;port=3306;dbname=zhibo;charset=utf8mb4
[2024-12-05T22:43:00+08:00][sql] SHOW FULL COLUMNS FROM `cmf_hook` [ RunTime:0.001577s ]
[2024-12-05T22:43:00+08:00][sql] SELECT `hook`,`id` FROM `cmf_hook` WHERE  (  (  `app` = '' OR `app` = 'cmf' )  AND `type` = 3 ) OR `type` = 1 [ RunTime:0.000617s ]
[2024-12-05T22:43:00+08:00][sql] SHOW FULL COLUMNS FROM `cmf_hook_plugin` [ RunTime:0.001267s ]
[2024-12-05T22:43:00+08:00][sql] SELECT `hook`,`plugin` FROM `cmf_hook_plugin` WHERE  `status` = 1  AND `hook` IN ('app_begin','module_init','action_begin','view_filter','app_end','log_write','response_end','admin_init','home_init','send_mobile_verification_code','body_start','before_head_end','footer_start','before_footer','before_footer_end','before_body_end','left_sidebar_start','before_left_sidebar_end','right_sidebar_start','before_right_sidebar_end','comment','guestbook','switch_theme','after_content','before_content','log_write_done','switch_admin_theme','captcha_image') ORDER BY `list_order` ASC [ RunTime:0.000669s ]
[2024-12-05T22:43:06+08:00][sql] CONNECT:[ UseTime:0.000655s ] mysql:host=127.0.0.1;port=3306;dbname=zhibo;charset=utf8mb4
[2024-12-05T22:43:06+08:00][sql] SHOW FULL COLUMNS FROM `cmf_hook` [ RunTime:0.001630s ]
[2024-12-05T22:43:06+08:00][sql] SELECT `hook`,`id` FROM `cmf_hook` WHERE  (  (  `app` = '' OR `app` = 'cmf' )  AND `type` = 3 ) OR `type` = 1 [ RunTime:0.000649s ]
[2024-12-05T22:43:06+08:00][sql] SHOW FULL COLUMNS FROM `cmf_hook_plugin` [ RunTime:0.001391s ]
[2024-12-05T22:43:06+08:00][sql] SELECT `hook`,`plugin` FROM `cmf_hook_plugin` WHERE  `status` = 1  AND `hook` IN ('app_begin','module_init','action_begin','view_filter','app_end','log_write','response_end','admin_init','home_init','send_mobile_verification_code','body_start','before_head_end','footer_start','before_footer','before_footer_end','before_body_end','left_sidebar_start','before_left_sidebar_end','right_sidebar_start','before_right_sidebar_end','comment','guestbook','switch_theme','after_content','before_content','log_write_done','switch_admin_theme','captcha_image') ORDER BY `list_order` ASC [ RunTime:0.000723s ]
[2024-12-05T23:15:08+08:00][sql] CONNECT:[ UseTime:0.000656s ] mysql:host=127.0.0.1;port=3306;dbname=zhibo;charset=utf8mb4
[2024-12-05T23:15:08+08:00][sql] SHOW FULL COLUMNS FROM `cmf_hook` [ RunTime:0.001603s ]
[2024-12-05T23:15:08+08:00][sql] SELECT `hook`,`id` FROM `cmf_hook` WHERE  (  (  `app` = '' OR `app` = 'cmf' )  AND `type` = 3 ) OR `type` = 1 [ RunTime:0.000658s ]
[2024-12-05T23:15:08+08:00][sql] SHOW FULL COLUMNS FROM `cmf_hook_plugin` [ RunTime:0.001259s ]
[2024-12-05T23:15:08+08:00][sql] SELECT `hook`,`plugin` FROM `cmf_hook_plugin` WHERE  `status` = 1  AND `hook` IN ('app_begin','module_init','action_begin','view_filter','app_end','log_write','response_end','admin_init','home_init','send_mobile_verification_code','body_start','before_head_end','footer_start','before_footer','before_footer_end','before_body_end','left_sidebar_start','before_left_sidebar_end','right_sidebar_start','before_right_sidebar_end','comment','guestbook','switch_theme','after_content','before_content','log_write_done','switch_admin_theme','captcha_image') ORDER BY `list_order` ASC [ RunTime:0.000727s ]
[2024-12-05T23:15:08+08:00][sql] SHOW FULL COLUMNS FROM `cmf_plugin` [ RunTime:0.001861s ]
[2024-12-05T23:15:08+08:00][sql] SELECT `config` FROM `cmf_plugin` WHERE  `name` = 'Qiniu' LIMIT 1 [ RunTime:0.000566s ]
[2024-12-05T23:15:08+08:00][sql] SHOW FULL COLUMNS FROM `cmf_live` [ RunTime:0.001856s ]
[2024-12-05T23:15:08+08:00][sql] SELECT * FROM `cmf_live` WHERE  ( islive='1' and isrecommend='1' and type='0' and live_type=0 ) [ RunTime:0.000946s ]
[2024-12-05T23:15:08+08:00][sql] SHOW FULL COLUMNS FROM `cmf_slide_item` [ RunTime:0.001505s ]
[2024-12-05T23:15:08+08:00][sql] SELECT * FROM `cmf_slide_item` WHERE  ( status='1' and slide_id='1' ) ORDER BY `list_order` ASC [ RunTime:0.000577s ]
[2024-12-05T23:15:08+08:00][sql] SHOW FULL COLUMNS FROM `cmf_live_class` [ RunTime:0.001193s ]
[2024-12-05T23:15:08+08:00][sql] SELECT * FROM `cmf_live_class` ORDER BY `list_order` LIMIT 5 [ RunTime:0.000485s ]
[2024-12-05T23:15:08+08:00][sql] SELECT * FROM `cmf_live` WHERE  `islive` = 1  AND `live_type` = 0  AND `liveclassid` = 8 ORDER BY `recommend_time` DESC,`starttime` DESC LIMIT 5 [ RunTime:0.000762s ]
[2024-12-05T23:15:08+08:00][sql] SELECT `uid`,`thumb`,`stream`,`title`,`city`,`islive`,`type` FROM `cmf_live` WHERE  ( islive='1' and ishot='1' and live_type=0 ) ORDER BY `isrecommend` DESC,`recommend_time` DESC,`hotvotes` DESC,`starttime` DESC LIMIT 5 [ RunTime:0.000482s ]
[2024-12-05T23:15:08+08:00][sql] SELECT `uid`,`thumb`,`stream`,`title`,`city`,`islive`,`type` FROM `cmf_live` WHERE  ( islive='1' and live_type=0 ) ORDER BY `starttime` DESC LIMIT 5 [ RunTime:0.000394s ]
[2024-12-05T23:15:08+08:00][sql] SHOW FULL COLUMNS FROM `cmf_theme_file` [ RunTime:0.001609s ]
[2024-12-05T23:15:08+08:00][sql] SELECT `more` FROM `cmf_theme_file` WHERE  `theme` = 'default'  AND (  `is_public` = 1 OR `file` = '../home/index/index' ) [ RunTime:0.000571s ]
