[2024-12-06T01:10:21+08:00][sql] CONNECT:[ UseTime:0.000695s ] mysql:host=127.0.0.1;port=3306;dbname=zhibo;charset=utf8mb4
[2024-12-06T01:10:21+08:00][sql] SHOW FULL COLUMNS FROM `cmf_hook` [ RunTime:0.001634s ]
[2024-12-06T01:10:21+08:00][sql] SELECT `hook`,`id` FROM `cmf_hook` WHERE  (  (  `app` = '' OR `app` = 'cmf' )  AND `type` = 3 ) OR `type` = 1 [ RunTime:0.000635s ]
[2024-12-06T01:10:21+08:00][sql] SHOW FULL COLUMNS FROM `cmf_hook_plugin` [ RunTime:0.001257s ]
[2024-12-06T01:10:21+08:00][sql] SELECT `hook`,`plugin` FROM `cmf_hook_plugin` WHERE  `status` = 1  AND `hook` IN ('app_begin','module_init','action_begin','view_filter','app_end','log_write','response_end','admin_init','home_init','send_mobile_verification_code','body_start','before_head_end','footer_start','before_footer','before_footer_end','before_body_end','left_sidebar_start','before_left_sidebar_end','right_sidebar_start','before_right_sidebar_end','comment','guestbook','switch_theme','after_content','before_content','log_write_done','switch_admin_theme','captcha_image') ORDER BY `list_order` ASC [ RunTime:0.000724s ]
[2024-12-06T01:10:57+08:00][sql] CONNECT:[ UseTime:0.000888s ] mysql:host=127.0.0.1;port=3306;dbname=zhibo;charset=utf8mb4
[2024-12-06T01:10:57+08:00][sql] SHOW FULL COLUMNS FROM `cmf_hook` [ RunTime:0.001729s ]
[2024-12-06T01:10:57+08:00][sql] SELECT `hook`,`id` FROM `cmf_hook` WHERE  (  (  `app` = '' OR `app` = 'cmf' )  AND `type` = 3 ) OR `type` = 1 [ RunTime:0.000767s ]
[2024-12-06T01:10:57+08:00][sql] SHOW FULL COLUMNS FROM `cmf_hook_plugin` [ RunTime:0.001489s ]
[2024-12-06T01:10:57+08:00][sql] SELECT `hook`,`plugin` FROM `cmf_hook_plugin` WHERE  `status` = 1  AND `hook` IN ('app_begin','module_init','action_begin','view_filter','app_end','log_write','response_end','admin_init','home_init','send_mobile_verification_code','body_start','before_head_end','footer_start','before_footer','before_footer_end','before_body_end','left_sidebar_start','before_left_sidebar_end','right_sidebar_start','before_right_sidebar_end','comment','guestbook','switch_theme','after_content','before_content','log_write_done','switch_admin_theme','captcha_image') ORDER BY `list_order` ASC [ RunTime:0.000809s ]
[2024-12-06T02:06:27+08:00][sql] CONNECT:[ UseTime:0.000908s ] mysql:host=127.0.0.1;port=3306;dbname=zhibo;charset=utf8mb4
[2024-12-06T02:06:27+08:00][sql] SHOW FULL COLUMNS FROM `cmf_hook` [ RunTime:0.001748s ]
[2024-12-06T02:06:27+08:00][sql] SELECT `hook`,`id` FROM `cmf_hook` WHERE  (  (  `app` = '' OR `app` = 'cmf' )  AND `type` = 3 ) OR `type` = 1 [ RunTime:0.000849s ]
[2024-12-06T02:06:27+08:00][sql] SHOW FULL COLUMNS FROM `cmf_hook_plugin` [ RunTime:0.001446s ]
[2024-12-06T02:06:27+08:00][sql] SELECT `hook`,`plugin` FROM `cmf_hook_plugin` WHERE  `status` = 1  AND `hook` IN ('app_begin','module_init','action_begin','view_filter','app_end','log_write','response_end','admin_init','home_init','send_mobile_verification_code','body_start','before_head_end','footer_start','before_footer','before_footer_end','before_body_end','left_sidebar_start','before_left_sidebar_end','right_sidebar_start','before_right_sidebar_end','comment','guestbook','switch_theme','after_content','before_content','log_write_done','switch_admin_theme','captcha_image') ORDER BY `list_order` ASC [ RunTime:0.000888s ]
[2024-12-06T02:06:27+08:00][sql] SHOW FULL COLUMNS FROM `cmf_plugin` [ RunTime:0.001733s ]
[2024-12-06T02:06:27+08:00][sql] SELECT `config` FROM `cmf_plugin` WHERE  `name` = 'Qiniu' LIMIT 1 [ RunTime:0.000453s ]
[2024-12-06T02:06:27+08:00][sql] SHOW FULL COLUMNS FROM `cmf_live` [ RunTime:0.001826s ]
[2024-12-06T02:06:27+08:00][sql] SELECT * FROM `cmf_live` WHERE  ( islive='1' and isrecommend='1' and type='0' and live_type=0 ) [ RunTime:0.000896s ]
[2024-12-06T02:06:27+08:00][sql] SHOW FULL COLUMNS FROM `cmf_slide_item` [ RunTime:0.001402s ]
[2024-12-06T02:06:27+08:00][sql] SELECT * FROM `cmf_slide_item` WHERE  ( status='1' and slide_id='1' ) ORDER BY `list_order` ASC [ RunTime:0.000551s ]
[2024-12-06T02:06:27+08:00][sql] SHOW FULL COLUMNS FROM `cmf_live_class` [ RunTime:0.001191s ]
[2024-12-06T02:06:27+08:00][sql] SELECT * FROM `cmf_live_class` ORDER BY `list_order` LIMIT 5 [ RunTime:0.000401s ]
[2024-12-06T02:06:27+08:00][sql] SELECT * FROM `cmf_live` WHERE  `islive` = 1  AND `live_type` = 0  AND `liveclassid` = 8 ORDER BY `recommend_time` DESC,`starttime` DESC LIMIT 5 [ RunTime:0.000801s ]
[2024-12-06T02:06:27+08:00][sql] SELECT `uid`,`thumb`,`stream`,`title`,`city`,`islive`,`type` FROM `cmf_live` WHERE  ( islive='1' and ishot='1' and live_type=0 ) ORDER BY `isrecommend` DESC,`recommend_time` DESC,`hotvotes` DESC,`starttime` DESC LIMIT 5 [ RunTime:0.000474s ]
[2024-12-06T02:06:27+08:00][sql] SELECT `uid`,`thumb`,`stream`,`title`,`city`,`islive`,`type` FROM `cmf_live` WHERE  ( islive='1' and live_type=0 ) ORDER BY `starttime` DESC LIMIT 5 [ RunTime:0.000369s ]
[2024-12-06T02:06:27+08:00][sql] SHOW FULL COLUMNS FROM `cmf_theme_file` [ RunTime:0.001503s ]
[2024-12-06T02:06:27+08:00][sql] SELECT `more` FROM `cmf_theme_file` WHERE  `theme` = 'default'  AND (  `is_public` = 1 OR `file` = '../home/index/index' ) [ RunTime:0.000491s ]
[2024-12-06T02:24:03+08:00][sql] CONNECT:[ UseTime:0.000643s ] mysql:host=127.0.0.1;port=3306;dbname=zhibo;charset=utf8mb4
[2024-12-06T02:24:03+08:00][sql] SHOW FULL COLUMNS FROM `cmf_hook` [ RunTime:0.001655s ]
[2024-12-06T02:24:03+08:00][sql] SELECT `hook`,`id` FROM `cmf_hook` WHERE  (  (  `app` = '' OR `app` = 'cmf' )  AND `type` = 3 ) OR `type` = 1 [ RunTime:0.000653s ]
[2024-12-06T02:24:03+08:00][sql] SHOW FULL COLUMNS FROM `cmf_hook_plugin` [ RunTime:0.001337s ]
[2024-12-06T02:24:03+08:00][sql] SELECT `hook`,`plugin` FROM `cmf_hook_plugin` WHERE  `status` = 1  AND `hook` IN ('app_begin','module_init','action_begin','view_filter','app_end','log_write','response_end','admin_init','home_init','send_mobile_verification_code','body_start','before_head_end','footer_start','before_footer','before_footer_end','before_body_end','left_sidebar_start','before_left_sidebar_end','right_sidebar_start','before_right_sidebar_end','comment','guestbook','switch_theme','after_content','before_content','log_write_done','switch_admin_theme','captcha_image') ORDER BY `list_order` ASC [ RunTime:0.000692s ]
[2024-12-06T02:24:03+08:00][sql] SHOW FULL COLUMNS FROM `cmf_plugin` [ RunTime:0.001791s ]
[2024-12-06T02:24:03+08:00][sql] SELECT `config` FROM `cmf_plugin` WHERE  `name` = 'Qiniu' LIMIT 1 [ RunTime:0.000452s ]
[2024-12-06T02:24:03+08:00][sql] SHOW FULL COLUMNS FROM `cmf_live` [ RunTime:0.001818s ]
[2024-12-06T02:24:03+08:00][sql] SELECT * FROM `cmf_live` WHERE  ( islive='1' and isrecommend='1' and type='0' and live_type=0 ) [ RunTime:0.000900s ]
[2024-12-06T02:24:03+08:00][sql] SHOW FULL COLUMNS FROM `cmf_slide_item` [ RunTime:0.001450s ]
[2024-12-06T02:24:03+08:00][sql] SELECT * FROM `cmf_slide_item` WHERE  ( status='1' and slide_id='1' ) ORDER BY `list_order` ASC [ RunTime:0.000574s ]
[2024-12-06T02:24:03+08:00][sql] SHOW FULL COLUMNS FROM `cmf_live_class` [ RunTime:0.001213s ]
[2024-12-06T02:24:03+08:00][sql] SELECT * FROM `cmf_live_class` ORDER BY `list_order` LIMIT 5 [ RunTime:0.000407s ]
[2024-12-06T02:24:03+08:00][sql] SELECT * FROM `cmf_live` WHERE  `islive` = 1  AND `live_type` = 0  AND `liveclassid` = 8 ORDER BY `recommend_time` DESC,`starttime` DESC LIMIT 5 [ RunTime:0.000739s ]
[2024-12-06T02:24:03+08:00][sql] SELECT `uid`,`thumb`,`stream`,`title`,`city`,`islive`,`type` FROM `cmf_live` WHERE  ( islive='1' and ishot='1' and live_type=0 ) ORDER BY `isrecommend` DESC,`recommend_time` DESC,`hotvotes` DESC,`starttime` DESC LIMIT 5 [ RunTime:0.000460s ]
[2024-12-06T02:24:03+08:00][sql] SELECT `uid`,`thumb`,`stream`,`title`,`city`,`islive`,`type` FROM `cmf_live` WHERE  ( islive='1' and live_type=0 ) ORDER BY `starttime` DESC LIMIT 5 [ RunTime:0.000373s ]
[2024-12-06T02:24:03+08:00][sql] SHOW FULL COLUMNS FROM `cmf_theme_file` [ RunTime:0.001627s ]
[2024-12-06T02:24:03+08:00][sql] SELECT `more` FROM `cmf_theme_file` WHERE  `theme` = 'default'  AND (  `is_public` = 1 OR `file` = '../home/index/index' ) [ RunTime:0.000515s ]
[2024-12-06T03:55:54+08:00][sql] CONNECT:[ UseTime:0.000873s ] mysql:host=127.0.0.1;port=3306;dbname=zhibo;charset=utf8mb4
[2024-12-06T03:55:54+08:00][sql] SHOW FULL COLUMNS FROM `cmf_hook` [ RunTime:0.001711s ]
[2024-12-06T03:55:54+08:00][sql] SELECT `hook`,`id` FROM `cmf_hook` WHERE  (  (  `app` = '' OR `app` = 'cmf' )  AND `type` = 3 ) OR `type` = 1 [ RunTime:0.000800s ]
[2024-12-06T03:55:54+08:00][sql] SHOW FULL COLUMNS FROM `cmf_hook_plugin` [ RunTime:0.001432s ]
[2024-12-06T03:55:54+08:00][sql] SELECT `hook`,`plugin` FROM `cmf_hook_plugin` WHERE  `status` = 1  AND `hook` IN ('app_begin','module_init','action_begin','view_filter','app_end','log_write','response_end','admin_init','home_init','send_mobile_verification_code','body_start','before_head_end','footer_start','before_footer','before_footer_end','before_body_end','left_sidebar_start','before_left_sidebar_end','right_sidebar_start','before_right_sidebar_end','comment','guestbook','switch_theme','after_content','before_content','log_write_done','switch_admin_theme','captcha_image') ORDER BY `list_order` ASC [ RunTime:0.000841s ]
[2024-12-06T03:57:37+08:00][sql] CONNECT:[ UseTime:0.000865s ] mysql:host=127.0.0.1;port=3306;dbname=zhibo;charset=utf8mb4
[2024-12-06T03:57:37+08:00][sql] SHOW FULL COLUMNS FROM `cmf_hook` [ RunTime:0.001679s ]
[2024-12-06T03:57:37+08:00][sql] SELECT `hook`,`id` FROM `cmf_hook` WHERE  (  (  `app` = '' OR `app` = 'cmf' )  AND `type` = 3 ) OR `type` = 1 [ RunTime:0.000693s ]
[2024-12-06T03:57:37+08:00][sql] SHOW FULL COLUMNS FROM `cmf_hook_plugin` [ RunTime:0.001381s ]
[2024-12-06T03:57:37+08:00][sql] SELECT `hook`,`plugin` FROM `cmf_hook_plugin` WHERE  `status` = 1  AND `hook` IN ('app_begin','module_init','action_begin','view_filter','app_end','log_write','response_end','admin_init','home_init','send_mobile_verification_code','body_start','before_head_end','footer_start','before_footer','before_footer_end','before_body_end','left_sidebar_start','before_left_sidebar_end','right_sidebar_start','before_right_sidebar_end','comment','guestbook','switch_theme','after_content','before_content','log_write_done','switch_admin_theme','captcha_image') ORDER BY `list_order` ASC [ RunTime:0.000721s ]
[2024-12-06T04:15:32+08:00][sql] CONNECT:[ UseTime:0.000943s ] mysql:host=127.0.0.1;port=3306;dbname=zhibo;charset=utf8mb4
[2024-12-06T04:15:32+08:00][sql] SHOW FULL COLUMNS FROM `cmf_hook` [ RunTime:0.001747s ]
[2024-12-06T04:15:32+08:00][sql] SELECT `hook`,`id` FROM `cmf_hook` WHERE  (  (  `app` = '' OR `app` = 'cmf' )  AND `type` = 3 ) OR `type` = 1 [ RunTime:0.000715s ]
[2024-12-06T04:15:32+08:00][sql] SHOW FULL COLUMNS FROM `cmf_hook_plugin` [ RunTime:0.001394s ]
[2024-12-06T04:15:32+08:00][sql] SELECT `hook`,`plugin` FROM `cmf_hook_plugin` WHERE  `status` = 1  AND `hook` IN ('app_begin','module_init','action_begin','view_filter','app_end','log_write','response_end','admin_init','home_init','send_mobile_verification_code','body_start','before_head_end','footer_start','before_footer','before_footer_end','before_body_end','left_sidebar_start','before_left_sidebar_end','right_sidebar_start','before_right_sidebar_end','comment','guestbook','switch_theme','after_content','before_content','log_write_done','switch_admin_theme','captcha_image') ORDER BY `list_order` ASC [ RunTime:0.000778s ]
[2024-12-06T04:15:32+08:00][sql] SHOW FULL COLUMNS FROM `cmf_plugin` [ RunTime:0.001935s ]
[2024-12-06T04:15:32+08:00][sql] SELECT `config` FROM `cmf_plugin` WHERE  `name` = 'Qiniu' LIMIT 1 [ RunTime:0.000555s ]
[2024-12-06T04:15:32+08:00][sql] SHOW FULL COLUMNS FROM `cmf_live` [ RunTime:0.002023s ]
[2024-12-06T04:15:32+08:00][sql] SELECT * FROM `cmf_live` WHERE  ( islive='1' and isrecommend='1' and type='0' and live_type=0 ) [ RunTime:0.001054s ]
[2024-12-06T04:15:32+08:00][sql] SHOW FULL COLUMNS FROM `cmf_slide_item` [ RunTime:0.001555s ]
[2024-12-06T04:15:32+08:00][sql] SELECT * FROM `cmf_slide_item` WHERE  ( status='1' and slide_id='1' ) ORDER BY `list_order` ASC [ RunTime:0.000680s ]
[2024-12-06T04:15:32+08:00][sql] SHOW FULL COLUMNS FROM `cmf_live_class` [ RunTime:0.001334s ]
[2024-12-06T04:15:32+08:00][sql] SELECT * FROM `cmf_live_class` ORDER BY `list_order` LIMIT 5 [ RunTime:0.000953s ]
[2024-12-06T04:15:32+08:00][sql] SELECT * FROM `cmf_live` WHERE  `islive` = 1  AND `live_type` = 0  AND `liveclassid` = 8 ORDER BY `recommend_time` DESC,`starttime` DESC LIMIT 5 [ RunTime:0.000868s ]
[2024-12-06T04:15:32+08:00][sql] SELECT `uid`,`thumb`,`stream`,`title`,`city`,`islive`,`type` FROM `cmf_live` WHERE  ( islive='1' and ishot='1' and live_type=0 ) ORDER BY `isrecommend` DESC,`recommend_time` DESC,`hotvotes` DESC,`starttime` DESC LIMIT 5 [ RunTime:0.000593s ]
[2024-12-06T04:15:32+08:00][sql] SELECT `uid`,`thumb`,`stream`,`title`,`city`,`islive`,`type` FROM `cmf_live` WHERE  ( islive='1' and live_type=0 ) ORDER BY `starttime` DESC LIMIT 5 [ RunTime:0.000466s ]
[2024-12-06T04:15:32+08:00][sql] SHOW FULL COLUMNS FROM `cmf_theme_file` [ RunTime:0.001716s ]
[2024-12-06T04:15:32+08:00][sql] SELECT `more` FROM `cmf_theme_file` WHERE  `theme` = 'default'  AND (  `is_public` = 1 OR `file` = '../home/index/index' ) [ RunTime:0.000654s ]
[2024-12-06T05:03:03+08:00][sql] CONNECT:[ UseTime:0.001040s ] mysql:host=127.0.0.1;port=3306;dbname=zhibo;charset=utf8mb4
[2024-12-06T05:03:03+08:00][sql] SHOW FULL COLUMNS FROM `cmf_hook` [ RunTime:0.001817s ]
[2024-12-06T05:03:03+08:00][sql] SELECT `hook`,`id` FROM `cmf_hook` WHERE  (  (  `app` = '' OR `app` = 'cmf' )  AND `type` = 3 ) OR `type` = 1 [ RunTime:0.000701s ]
[2024-12-06T05:03:03+08:00][sql] SHOW FULL COLUMNS FROM `cmf_hook_plugin` [ RunTime:0.001219s ]
[2024-12-06T05:03:03+08:00][sql] SELECT `hook`,`plugin` FROM `cmf_hook_plugin` WHERE  `status` = 1  AND `hook` IN ('app_begin','module_init','action_begin','view_filter','app_end','log_write','response_end','admin_init','home_init','send_mobile_verification_code','body_start','before_head_end','footer_start','before_footer','before_footer_end','before_body_end','left_sidebar_start','before_left_sidebar_end','right_sidebar_start','before_right_sidebar_end','comment','guestbook','switch_theme','after_content','before_content','log_write_done','switch_admin_theme','captcha_image') ORDER BY `list_order` ASC [ RunTime:0.000755s ]
[2024-12-06T05:03:03+08:00][sql] SHOW FULL COLUMNS FROM `cmf_plugin` [ RunTime:0.001708s ]
[2024-12-06T05:03:03+08:00][sql] SELECT `config` FROM `cmf_plugin` WHERE  `name` = 'Qiniu' LIMIT 1 [ RunTime:0.000478s ]
[2024-12-06T05:03:03+08:00][sql] SHOW FULL COLUMNS FROM `cmf_live` [ RunTime:0.001777s ]
[2024-12-06T05:03:03+08:00][sql] SELECT * FROM `cmf_live` WHERE  ( islive='1' and isrecommend='1' and type='0' and live_type=0 ) [ RunTime:0.000960s ]
[2024-12-06T05:03:03+08:00][sql] SHOW FULL COLUMNS FROM `cmf_slide_item` [ RunTime:0.001357s ]
[2024-12-06T05:03:03+08:00][sql] SELECT * FROM `cmf_slide_item` WHERE  ( status='1' and slide_id='1' ) ORDER BY `list_order` ASC [ RunTime:0.000525s ]
[2024-12-06T05:03:03+08:00][sql] SHOW FULL COLUMNS FROM `cmf_live_class` [ RunTime:0.001110s ]
[2024-12-06T05:03:03+08:00][sql] SELECT * FROM `cmf_live_class` ORDER BY `list_order` LIMIT 5 [ RunTime:0.000422s ]
[2024-12-06T05:03:03+08:00][sql] SELECT * FROM `cmf_live` WHERE  `islive` = 1  AND `live_type` = 0  AND `liveclassid` = 8 ORDER BY `recommend_time` DESC,`starttime` DESC LIMIT 5 [ RunTime:0.000719s ]
[2024-12-06T05:03:03+08:00][sql] SELECT `uid`,`thumb`,`stream`,`title`,`city`,`islive`,`type` FROM `cmf_live` WHERE  ( islive='1' and ishot='1' and live_type=0 ) ORDER BY `isrecommend` DESC,`recommend_time` DESC,`hotvotes` DESC,`starttime` DESC LIMIT 5 [ RunTime:0.000420s ]
[2024-12-06T05:03:03+08:00][sql] SELECT `uid`,`thumb`,`stream`,`title`,`city`,`islive`,`type` FROM `cmf_live` WHERE  ( islive='1' and live_type=0 ) ORDER BY `starttime` DESC LIMIT 5 [ RunTime:0.000351s ]
[2024-12-06T05:03:03+08:00][sql] SHOW FULL COLUMNS FROM `cmf_theme_file` [ RunTime:0.001545s ]
[2024-12-06T05:03:03+08:00][sql] SELECT `more` FROM `cmf_theme_file` WHERE  `theme` = 'default'  AND (  `is_public` = 1 OR `file` = '../home/index/index' ) [ RunTime:0.000544s ]
[2024-12-06T06:23:04+08:00][sql] CONNECT:[ UseTime:0.000884s ] mysql:host=127.0.0.1;port=3306;dbname=zhibo;charset=utf8mb4
[2024-12-06T06:23:04+08:00][sql] SHOW FULL COLUMNS FROM `cmf_hook` [ RunTime:0.001949s ]
[2024-12-06T06:23:04+08:00][sql] SELECT `hook`,`id` FROM `cmf_hook` WHERE  (  (  `app` = '' OR `app` = 'cmf' )  AND `type` = 3 ) OR `type` = 1 [ RunTime:0.000806s ]
[2024-12-06T06:23:04+08:00][sql] SHOW FULL COLUMNS FROM `cmf_hook_plugin` [ RunTime:0.001467s ]
[2024-12-06T06:23:04+08:00][sql] SELECT `hook`,`plugin` FROM `cmf_hook_plugin` WHERE  `status` = 1  AND `hook` IN ('app_begin','module_init','action_begin','view_filter','app_end','log_write','response_end','admin_init','home_init','send_mobile_verification_code','body_start','before_head_end','footer_start','before_footer','before_footer_end','before_body_end','left_sidebar_start','before_left_sidebar_end','right_sidebar_start','before_right_sidebar_end','comment','guestbook','switch_theme','after_content','before_content','log_write_done','switch_admin_theme','captcha_image') ORDER BY `list_order` ASC [ RunTime:0.002106s ]
[2024-12-06T06:23:27+08:00][sql] CONNECT:[ UseTime:0.000736s ] mysql:host=127.0.0.1;port=3306;dbname=zhibo;charset=utf8mb4
[2024-12-06T06:23:27+08:00][sql] SHOW FULL COLUMNS FROM `cmf_hook` [ RunTime:0.001586s ]
[2024-12-06T06:23:27+08:00][sql] SELECT `hook`,`id` FROM `cmf_hook` WHERE  (  (  `app` = '' OR `app` = 'cmf' )  AND `type` = 3 ) OR `type` = 1 [ RunTime:0.000642s ]
[2024-12-06T06:23:27+08:00][sql] SHOW FULL COLUMNS FROM `cmf_hook_plugin` [ RunTime:0.001253s ]
[2024-12-06T06:23:27+08:00][sql] SELECT `hook`,`plugin` FROM `cmf_hook_plugin` WHERE  `status` = 1  AND `hook` IN ('app_begin','module_init','action_begin','view_filter','app_end','log_write','response_end','admin_init','home_init','send_mobile_verification_code','body_start','before_head_end','footer_start','before_footer','before_footer_end','before_body_end','left_sidebar_start','before_left_sidebar_end','right_sidebar_start','before_right_sidebar_end','comment','guestbook','switch_theme','after_content','before_content','log_write_done','switch_admin_theme','captcha_image') ORDER BY `list_order` ASC [ RunTime:0.000718s ]
[2024-12-06T06:57:36+08:00][sql] CONNECT:[ UseTime:0.000704s ] mysql:host=127.0.0.1;port=3306;dbname=zhibo;charset=utf8mb4
[2024-12-06T06:57:36+08:00][sql] SHOW FULL COLUMNS FROM `cmf_hook` [ RunTime:0.001687s ]
[2024-12-06T06:57:36+08:00][sql] SELECT `hook`,`id` FROM `cmf_hook` WHERE  (  (  `app` = '' OR `app` = 'cmf' )  AND `type` = 3 ) OR `type` = 1 [ RunTime:0.000657s ]
[2024-12-06T06:57:36+08:00][sql] SHOW FULL COLUMNS FROM `cmf_hook_plugin` [ RunTime:0.001306s ]
[2024-12-06T06:57:36+08:00][sql] SELECT `hook`,`plugin` FROM `cmf_hook_plugin` WHERE  `status` = 1  AND `hook` IN ('app_begin','module_init','action_begin','view_filter','app_end','log_write','response_end','admin_init','home_init','send_mobile_verification_code','body_start','before_head_end','footer_start','before_footer','before_footer_end','before_body_end','left_sidebar_start','before_left_sidebar_end','right_sidebar_start','before_right_sidebar_end','comment','guestbook','switch_theme','after_content','before_content','log_write_done','switch_admin_theme','captcha_image') ORDER BY `list_order` ASC [ RunTime:0.000727s ]
[2024-12-06T06:57:36+08:00][sql] SELECT `hook` FROM `cmf_hook` WHERE  `app` = 'wp-content' [ RunTime:0.000823s ]
[2024-12-06T06:57:36+08:00][sql] SELECT `hook`,`plugin` FROM `cmf_hook_plugin` WHERE  `status` = 1  AND 0 = 1 ORDER BY `list_order` ASC [ RunTime:0.000364s ]
[2024-12-06T06:57:36+08:00][sql] CONNECT:[ UseTime:0.000697s ] mysql:host=127.0.0.1;port=3306;dbname=zhibo;charset=utf8mb4
[2024-12-06T06:57:36+08:00][sql] SHOW FULL COLUMNS FROM `cmf_hook` [ RunTime:0.001645s ]
[2024-12-06T06:57:36+08:00][sql] SELECT `hook`,`id` FROM `cmf_hook` WHERE  (  (  `app` = '' OR `app` = 'cmf' )  AND `type` = 3 ) OR `type` = 1 [ RunTime:0.000729s ]
[2024-12-06T06:57:36+08:00][sql] SHOW FULL COLUMNS FROM `cmf_hook_plugin` [ RunTime:0.001441s ]
[2024-12-06T06:57:36+08:00][sql] SELECT `hook`,`plugin` FROM `cmf_hook_plugin` WHERE  `status` = 1  AND `hook` IN ('app_begin','module_init','action_begin','view_filter','app_end','log_write','response_end','admin_init','home_init','send_mobile_verification_code','body_start','before_head_end','footer_start','before_footer','before_footer_end','before_body_end','left_sidebar_start','before_left_sidebar_end','right_sidebar_start','before_right_sidebar_end','comment','guestbook','switch_theme','after_content','before_content','log_write_done','switch_admin_theme','captcha_image') ORDER BY `list_order` ASC [ RunTime:0.000775s ]
[2024-12-06T07:37:15+08:00][sql] CONNECT:[ UseTime:0.002221s ] mysql:host=127.0.0.1;port=3306;dbname=zhibo;charset=utf8mb4
[2024-12-06T07:37:15+08:00][sql] SHOW FULL COLUMNS FROM `cmf_hook` [ RunTime:0.001800s ]
[2024-12-06T07:37:15+08:00][sql] SELECT `hook`,`id` FROM `cmf_hook` WHERE  (  (  `app` = '' OR `app` = 'cmf' )  AND `type` = 3 ) OR `type` = 1 [ RunTime:0.000659s ]
[2024-12-06T07:37:15+08:00][sql] SHOW FULL COLUMNS FROM `cmf_hook_plugin` [ RunTime:0.001286s ]
[2024-12-06T07:37:15+08:00][sql] SELECT `hook`,`plugin` FROM `cmf_hook_plugin` WHERE  `status` = 1  AND `hook` IN ('app_begin','module_init','action_begin','view_filter','app_end','log_write','response_end','admin_init','home_init','send_mobile_verification_code','body_start','before_head_end','footer_start','before_footer','before_footer_end','before_body_end','left_sidebar_start','before_left_sidebar_end','right_sidebar_start','before_right_sidebar_end','comment','guestbook','switch_theme','after_content','before_content','log_write_done','switch_admin_theme','captcha_image') ORDER BY `list_order` ASC [ RunTime:0.000707s ]
[2024-12-06T07:37:15+08:00][sql] SHOW FULL COLUMNS FROM `cmf_plugin` [ RunTime:0.001917s ]
[2024-12-06T07:37:15+08:00][sql] SELECT `config` FROM `cmf_plugin` WHERE  `name` = 'Qiniu' LIMIT 1 [ RunTime:0.000600s ]
[2024-12-06T07:37:15+08:00][sql] SHOW FULL COLUMNS FROM `cmf_live` [ RunTime:0.001928s ]
[2024-12-06T07:37:15+08:00][sql] SELECT * FROM `cmf_live` WHERE  ( islive='1' and isrecommend='1' and type='0' and live_type=0 ) [ RunTime:0.002317s ]
[2024-12-06T07:37:15+08:00][sql] SHOW FULL COLUMNS FROM `cmf_slide_item` [ RunTime:0.001671s ]
[2024-12-06T07:37:15+08:00][sql] SELECT * FROM `cmf_slide_item` WHERE  ( status='1' and slide_id='1' ) ORDER BY `list_order` ASC [ RunTime:0.000616s ]
[2024-12-06T07:37:15+08:00][sql] SHOW FULL COLUMNS FROM `cmf_live_class` [ RunTime:0.001246s ]
[2024-12-06T07:37:15+08:00][sql] SELECT * FROM `cmf_live_class` ORDER BY `list_order` LIMIT 5 [ RunTime:0.001830s ]
[2024-12-06T07:37:15+08:00][sql] SELECT * FROM `cmf_live` WHERE  `islive` = 1  AND `live_type` = 0  AND `liveclassid` = 8 ORDER BY `recommend_time` DESC,`starttime` DESC LIMIT 5 [ RunTime:0.000950s ]
[2024-12-06T07:37:15+08:00][sql] SELECT `uid`,`thumb`,`stream`,`title`,`city`,`islive`,`type` FROM `cmf_live` WHERE  ( islive='1' and ishot='1' and live_type=0 ) ORDER BY `isrecommend` DESC,`recommend_time` DESC,`hotvotes` DESC,`starttime` DESC LIMIT 5 [ RunTime:0.000580s ]
[2024-12-06T07:37:15+08:00][sql] SELECT `uid`,`thumb`,`stream`,`title`,`city`,`islive`,`type` FROM `cmf_live` WHERE  ( islive='1' and live_type=0 ) ORDER BY `starttime` DESC LIMIT 5 [ RunTime:0.000433s ]
[2024-12-06T07:37:15+08:00][sql] SHOW FULL COLUMNS FROM `cmf_theme_file` [ RunTime:0.001677s ]
[2024-12-06T07:37:15+08:00][sql] SELECT `more` FROM `cmf_theme_file` WHERE  `theme` = 'default'  AND (  `is_public` = 1 OR `file` = '../home/index/index' ) [ RunTime:0.000605s ]
[2024-12-06T07:37:48+08:00][sql] CONNECT:[ UseTime:0.000773s ] mysql:host=127.0.0.1;port=3306;dbname=zhibo;charset=utf8mb4
[2024-12-06T07:37:48+08:00][sql] SHOW FULL COLUMNS FROM `cmf_hook` [ RunTime:0.001641s ]
[2024-12-06T07:37:48+08:00][sql] SELECT `hook`,`id` FROM `cmf_hook` WHERE  (  (  `app` = '' OR `app` = 'cmf' )  AND `type` = 3 ) OR `type` = 1 [ RunTime:0.000706s ]
[2024-12-06T07:37:48+08:00][sql] SHOW FULL COLUMNS FROM `cmf_hook_plugin` [ RunTime:0.001332s ]
[2024-12-06T07:37:48+08:00][sql] SELECT `hook`,`plugin` FROM `cmf_hook_plugin` WHERE  `status` = 1  AND `hook` IN ('app_begin','module_init','action_begin','view_filter','app_end','log_write','response_end','admin_init','home_init','send_mobile_verification_code','body_start','before_head_end','footer_start','before_footer','before_footer_end','before_body_end','left_sidebar_start','before_left_sidebar_end','right_sidebar_start','before_right_sidebar_end','comment','guestbook','switch_theme','after_content','before_content','log_write_done','switch_admin_theme','captcha_image') ORDER BY `list_order` ASC [ RunTime:0.000778s ]
[2024-12-06T07:37:48+08:00][sql] SHOW FULL COLUMNS FROM `cmf_plugin` [ RunTime:0.002182s ]
[2024-12-06T07:37:48+08:00][sql] SELECT `config` FROM `cmf_plugin` WHERE  `name` = 'Qiniu' LIMIT 1 [ RunTime:0.000620s ]
[2024-12-06T07:37:48+08:00][sql] SHOW FULL COLUMNS FROM `cmf_live` [ RunTime:0.001837s ]
[2024-12-06T07:37:48+08:00][sql] SELECT * FROM `cmf_live` WHERE  ( islive='1' and isrecommend='1' and type='0' and live_type=0 ) [ RunTime:0.000932s ]
[2024-12-06T07:37:48+08:00][sql] SHOW FULL COLUMNS FROM `cmf_slide_item` [ RunTime:0.001348s ]
[2024-12-06T07:37:48+08:00][sql] SELECT * FROM `cmf_slide_item` WHERE  ( status='1' and slide_id='1' ) ORDER BY `list_order` ASC [ RunTime:0.000517s ]
[2024-12-06T07:37:48+08:00][sql] SHOW FULL COLUMNS FROM `cmf_live_class` [ RunTime:0.001126s ]
[2024-12-06T07:37:48+08:00][sql] SELECT * FROM `cmf_live_class` ORDER BY `list_order` LIMIT 5 [ RunTime:0.000411s ]
[2024-12-06T07:37:48+08:00][sql] SELECT * FROM `cmf_live` WHERE  `islive` = 1  AND `live_type` = 0  AND `liveclassid` = 8 ORDER BY `recommend_time` DESC,`starttime` DESC LIMIT 5 [ RunTime:0.000749s ]
[2024-12-06T07:37:48+08:00][sql] SELECT `uid`,`thumb`,`stream`,`title`,`city`,`islive`,`type` FROM `cmf_live` WHERE  ( islive='1' and ishot='1' and live_type=0 ) ORDER BY `isrecommend` DESC,`recommend_time` DESC,`hotvotes` DESC,`starttime` DESC LIMIT 5 [ RunTime:0.000426s ]
[2024-12-06T07:37:48+08:00][sql] SELECT `uid`,`thumb`,`stream`,`title`,`city`,`islive`,`type` FROM `cmf_live` WHERE  ( islive='1' and live_type=0 ) ORDER BY `starttime` DESC LIMIT 5 [ RunTime:0.000356s ]
[2024-12-06T07:37:48+08:00][sql] SHOW FULL COLUMNS FROM `cmf_theme_file` [ RunTime:0.001468s ]
[2024-12-06T07:37:48+08:00][sql] SELECT `more` FROM `cmf_theme_file` WHERE  `theme` = 'default'  AND (  `is_public` = 1 OR `file` = '../home/index/index' ) [ RunTime:0.000552s ]
[2024-12-06T07:37:53+08:00][sql] CONNECT:[ UseTime:0.000705s ] mysql:host=127.0.0.1;port=3306;dbname=zhibo;charset=utf8mb4
[2024-12-06T07:37:53+08:00][sql] SHOW FULL COLUMNS FROM `cmf_hook` [ RunTime:0.001642s ]
[2024-12-06T07:37:53+08:00][sql] SELECT `hook`,`id` FROM `cmf_hook` WHERE  (  (  `app` = '' OR `app` = 'cmf' )  AND `type` = 3 ) OR `type` = 1 [ RunTime:0.000660s ]
[2024-12-06T07:37:53+08:00][sql] SHOW FULL COLUMNS FROM `cmf_hook_plugin` [ RunTime:0.001271s ]
[2024-12-06T07:37:53+08:00][sql] SELECT `hook`,`plugin` FROM `cmf_hook_plugin` WHERE  `status` = 1  AND `hook` IN ('app_begin','module_init','action_begin','view_filter','app_end','log_write','response_end','admin_init','home_init','send_mobile_verification_code','body_start','before_head_end','footer_start','before_footer','before_footer_end','before_body_end','left_sidebar_start','before_left_sidebar_end','right_sidebar_start','before_right_sidebar_end','comment','guestbook','switch_theme','after_content','before_content','log_write_done','switch_admin_theme','captcha_image') ORDER BY `list_order` ASC [ RunTime:0.000717s ]
[2024-12-06T07:37:53+08:00][sql] SHOW FULL COLUMNS FROM `cmf_plugin` [ RunTime:0.001882s ]
[2024-12-06T07:37:53+08:00][sql] SELECT `config` FROM `cmf_plugin` WHERE  `name` = 'Qiniu' LIMIT 1 [ RunTime:0.000550s ]
[2024-12-06T07:37:53+08:00][sql] SHOW FULL COLUMNS FROM `cmf_live` [ RunTime:0.001979s ]
[2024-12-06T07:37:53+08:00][sql] SELECT * FROM `cmf_live` WHERE  ( islive='1' and isrecommend='1' and type='0' and live_type=0 ) [ RunTime:0.001070s ]
[2024-12-06T07:37:53+08:00][sql] SHOW FULL COLUMNS FROM `cmf_slide_item` [ RunTime:0.001511s ]
[2024-12-06T07:37:53+08:00][sql] SELECT * FROM `cmf_slide_item` WHERE  ( status='1' and slide_id='1' ) ORDER BY `list_order` ASC [ RunTime:0.000591s ]
[2024-12-06T07:37:53+08:00][sql] SHOW FULL COLUMNS FROM `cmf_live_class` [ RunTime:0.001299s ]
[2024-12-06T07:37:53+08:00][sql] SELECT * FROM `cmf_live_class` ORDER BY `list_order` LIMIT 5 [ RunTime:0.000473s ]
[2024-12-06T07:37:53+08:00][sql] SELECT * FROM `cmf_live` WHERE  `islive` = 1  AND `live_type` = 0  AND `liveclassid` = 8 ORDER BY `recommend_time` DESC,`starttime` DESC LIMIT 5 [ RunTime:0.000777s ]
[2024-12-06T07:37:53+08:00][sql] SELECT `uid`,`thumb`,`stream`,`title`,`city`,`islive`,`type` FROM `cmf_live` WHERE  ( islive='1' and ishot='1' and live_type=0 ) ORDER BY `isrecommend` DESC,`recommend_time` DESC,`hotvotes` DESC,`starttime` DESC LIMIT 5 [ RunTime:0.000538s ]
[2024-12-06T07:37:53+08:00][sql] SELECT `uid`,`thumb`,`stream`,`title`,`city`,`islive`,`type` FROM `cmf_live` WHERE  ( islive='1' and live_type=0 ) ORDER BY `starttime` DESC LIMIT 5 [ RunTime:0.000439s ]
[2024-12-06T07:37:53+08:00][sql] SHOW FULL COLUMNS FROM `cmf_theme_file` [ RunTime:0.001666s ]
[2024-12-06T07:37:53+08:00][sql] SELECT `more` FROM `cmf_theme_file` WHERE  `theme` = 'default'  AND (  `is_public` = 1 OR `file` = '../home/index/index' ) [ RunTime:0.000591s ]
[2024-12-06T07:40:20+08:00][sql] CONNECT:[ UseTime:0.000728s ] mysql:host=127.0.0.1;port=3306;dbname=zhibo;charset=utf8mb4
[2024-12-06T07:40:20+08:00][sql] SHOW FULL COLUMNS FROM `cmf_hook` [ RunTime:0.001659s ]
[2024-12-06T07:40:20+08:00][sql] SELECT `hook`,`id` FROM `cmf_hook` WHERE  (  (  `app` = '' OR `app` = 'cmf' )  AND `type` = 3 ) OR `type` = 1 [ RunTime:0.000628s ]
[2024-12-06T07:40:20+08:00][sql] SHOW FULL COLUMNS FROM `cmf_hook_plugin` [ RunTime:0.001252s ]
[2024-12-06T07:40:20+08:00][sql] SELECT `hook`,`plugin` FROM `cmf_hook_plugin` WHERE  `status` = 1  AND `hook` IN ('app_begin','module_init','action_begin','view_filter','app_end','log_write','response_end','admin_init','home_init','send_mobile_verification_code','body_start','before_head_end','footer_start','before_footer','before_footer_end','before_body_end','left_sidebar_start','before_left_sidebar_end','right_sidebar_start','before_right_sidebar_end','comment','guestbook','switch_theme','after_content','before_content','log_write_done','switch_admin_theme','captcha_image') ORDER BY `list_order` ASC [ RunTime:0.000733s ]
[2024-12-06T07:40:20+08:00][sql] SHOW FULL COLUMNS FROM `cmf_plugin` [ RunTime:0.001913s ]
[2024-12-06T07:40:20+08:00][sql] SELECT `config` FROM `cmf_plugin` WHERE  `name` = 'Qiniu' LIMIT 1 [ RunTime:0.000527s ]
[2024-12-06T07:40:20+08:00][sql] SHOW FULL COLUMNS FROM `cmf_live` [ RunTime:0.001946s ]
[2024-12-06T07:40:20+08:00][sql] SELECT * FROM `cmf_live` WHERE  ( islive='1' and isrecommend='1' and type='0' and live_type=0 ) [ RunTime:0.001038s ]
[2024-12-06T07:40:20+08:00][sql] SHOW FULL COLUMNS FROM `cmf_slide_item` [ RunTime:0.001479s ]
[2024-12-06T07:40:20+08:00][sql] SELECT * FROM `cmf_slide_item` WHERE  ( status='1' and slide_id='1' ) ORDER BY `list_order` ASC [ RunTime:0.000620s ]
[2024-12-06T07:40:20+08:00][sql] SHOW FULL COLUMNS FROM `cmf_live_class` [ RunTime:0.001271s ]
[2024-12-06T07:40:20+08:00][sql] SELECT * FROM `cmf_live_class` ORDER BY `list_order` LIMIT 5 [ RunTime:0.000484s ]
[2024-12-06T07:40:20+08:00][sql] SELECT * FROM `cmf_live` WHERE  `islive` = 1  AND `live_type` = 0  AND `liveclassid` = 8 ORDER BY `recommend_time` DESC,`starttime` DESC LIMIT 5 [ RunTime:0.000862s ]
[2024-12-06T07:40:20+08:00][sql] SELECT `uid`,`thumb`,`stream`,`title`,`city`,`islive`,`type` FROM `cmf_live` WHERE  ( islive='1' and ishot='1' and live_type=0 ) ORDER BY `isrecommend` DESC,`recommend_time` DESC,`hotvotes` DESC,`starttime` DESC LIMIT 5 [ RunTime:0.000517s ]
[2024-12-06T07:40:20+08:00][sql] SELECT `uid`,`thumb`,`stream`,`title`,`city`,`islive`,`type` FROM `cmf_live` WHERE  ( islive='1' and live_type=0 ) ORDER BY `starttime` DESC LIMIT 5 [ RunTime:0.000431s ]
[2024-12-06T07:40:20+08:00][sql] SHOW FULL COLUMNS FROM `cmf_theme_file` [ RunTime:0.001643s ]
[2024-12-06T07:40:20+08:00][sql] SELECT `more` FROM `cmf_theme_file` WHERE  `theme` = 'default'  AND (  `is_public` = 1 OR `file` = '../home/index/index' ) [ RunTime:0.000644s ]
[2024-12-06T07:47:26+08:00][sql] CONNECT:[ UseTime:0.000689s ] mysql:host=127.0.0.1;port=3306;dbname=zhibo;charset=utf8mb4
[2024-12-06T07:47:26+08:00][sql] SHOW FULL COLUMNS FROM `cmf_hook` [ RunTime:0.001683s ]
[2024-12-06T07:47:26+08:00][sql] SELECT `hook`,`id` FROM `cmf_hook` WHERE  (  (  `app` = '' OR `app` = 'cmf' )  AND `type` = 3 ) OR `type` = 1 [ RunTime:0.000715s ]
[2024-12-06T07:47:26+08:00][sql] SHOW FULL COLUMNS FROM `cmf_hook_plugin` [ RunTime:0.001372s ]
[2024-12-06T07:47:26+08:00][sql] SELECT `hook`,`plugin` FROM `cmf_hook_plugin` WHERE  `status` = 1  AND `hook` IN ('app_begin','module_init','action_begin','view_filter','app_end','log_write','response_end','admin_init','home_init','send_mobile_verification_code','body_start','before_head_end','footer_start','before_footer','before_footer_end','before_body_end','left_sidebar_start','before_left_sidebar_end','right_sidebar_start','before_right_sidebar_end','comment','guestbook','switch_theme','after_content','before_content','log_write_done','switch_admin_theme','captcha_image') ORDER BY `list_order` ASC [ RunTime:0.000736s ]
[2024-12-06T07:47:26+08:00][sql] CONNECT:[ UseTime:0.000778s ] mysql:host=127.0.0.1;port=3306;dbname=zhibo;charset=utf8mb4
[2024-12-06T07:47:26+08:00][sql] SHOW FULL COLUMNS FROM `cmf_hook` [ RunTime:0.001685s ]
[2024-12-06T07:47:26+08:00][sql] SELECT `hook`,`id` FROM `cmf_hook` WHERE  (  (  `app` = '' OR `app` = 'cmf' )  AND `type` = 3 ) OR `type` = 1 [ RunTime:0.000713s ]
[2024-12-06T07:47:26+08:00][sql] SHOW FULL COLUMNS FROM `cmf_hook_plugin` [ RunTime:0.001354s ]
[2024-12-06T07:47:26+08:00][sql] SELECT `hook`,`plugin` FROM `cmf_hook_plugin` WHERE  `status` = 1  AND `hook` IN ('app_begin','module_init','action_begin','view_filter','app_end','log_write','response_end','admin_init','home_init','send_mobile_verification_code','body_start','before_head_end','footer_start','before_footer','before_footer_end','before_body_end','left_sidebar_start','before_left_sidebar_end','right_sidebar_start','before_right_sidebar_end','comment','guestbook','switch_theme','after_content','before_content','log_write_done','switch_admin_theme','captcha_image') ORDER BY `list_order` ASC [ RunTime:0.000805s ]
[2024-12-06T07:47:26+08:00][sql] CONNECT:[ UseTime:0.000698s ] mysql:host=127.0.0.1;port=3306;dbname=zhibo;charset=utf8mb4
[2024-12-06T07:47:26+08:00][sql] SHOW FULL COLUMNS FROM `cmf_hook` [ RunTime:0.001643s ]
[2024-12-06T07:47:26+08:00][sql] SELECT `hook`,`id` FROM `cmf_hook` WHERE  (  (  `app` = '' OR `app` = 'cmf' )  AND `type` = 3 ) OR `type` = 1 [ RunTime:0.000622s ]
[2024-12-06T07:47:26+08:00][sql] SHOW FULL COLUMNS FROM `cmf_hook_plugin` [ RunTime:0.001286s ]
[2024-12-06T07:47:26+08:00][sql] SELECT `hook`,`plugin` FROM `cmf_hook_plugin` WHERE  `status` = 1  AND `hook` IN ('app_begin','module_init','action_begin','view_filter','app_end','log_write','response_end','admin_init','home_init','send_mobile_verification_code','body_start','before_head_end','footer_start','before_footer','before_footer_end','before_body_end','left_sidebar_start','before_left_sidebar_end','right_sidebar_start','before_right_sidebar_end','comment','guestbook','switch_theme','after_content','before_content','log_write_done','switch_admin_theme','captcha_image') ORDER BY `list_order` ASC [ RunTime:0.000695s ]
[2024-12-06T07:47:27+08:00][sql] CONNECT:[ UseTime:0.000771s ] mysql:host=127.0.0.1;port=3306;dbname=zhibo;charset=utf8mb4
[2024-12-06T07:47:27+08:00][sql] SHOW FULL COLUMNS FROM `cmf_hook` [ RunTime:0.001793s ]
[2024-12-06T07:47:27+08:00][sql] SELECT `hook`,`id` FROM `cmf_hook` WHERE  (  (  `app` = '' OR `app` = 'cmf' )  AND `type` = 3 ) OR `type` = 1 [ RunTime:0.000646s ]
[2024-12-06T07:47:27+08:00][sql] SHOW FULL COLUMNS FROM `cmf_hook_plugin` [ RunTime:0.001307s ]
[2024-12-06T07:47:27+08:00][sql] SELECT `hook`,`plugin` FROM `cmf_hook_plugin` WHERE  `status` = 1  AND `hook` IN ('app_begin','module_init','action_begin','view_filter','app_end','log_write','response_end','admin_init','home_init','send_mobile_verification_code','body_start','before_head_end','footer_start','before_footer','before_footer_end','before_body_end','left_sidebar_start','before_left_sidebar_end','right_sidebar_start','before_right_sidebar_end','comment','guestbook','switch_theme','after_content','before_content','log_write_done','switch_admin_theme','captcha_image') ORDER BY `list_order` ASC [ RunTime:0.000724s ]
[2024-12-06T08:06:35+08:00][sql] CONNECT:[ UseTime:0.000732s ] mysql:host=127.0.0.1;port=3306;dbname=zhibo;charset=utf8mb4
[2024-12-06T08:06:35+08:00][sql] SHOW FULL COLUMNS FROM `cmf_hook` [ RunTime:0.001775s ]
[2024-12-06T08:06:35+08:00][sql] SELECT `hook`,`id` FROM `cmf_hook` WHERE  (  (  `app` = '' OR `app` = 'cmf' )  AND `type` = 3 ) OR `type` = 1 [ RunTime:0.000673s ]
[2024-12-06T08:06:35+08:00][sql] SHOW FULL COLUMNS FROM `cmf_hook_plugin` [ RunTime:0.001346s ]
[2024-12-06T08:06:35+08:00][sql] SELECT `hook`,`plugin` FROM `cmf_hook_plugin` WHERE  `status` = 1  AND `hook` IN ('app_begin','module_init','action_begin','view_filter','app_end','log_write','response_end','admin_init','home_init','send_mobile_verification_code','body_start','before_head_end','footer_start','before_footer','before_footer_end','before_body_end','left_sidebar_start','before_left_sidebar_end','right_sidebar_start','before_right_sidebar_end','comment','guestbook','switch_theme','after_content','before_content','log_write_done','switch_admin_theme','captcha_image') ORDER BY `list_order` ASC [ RunTime:0.000766s ]
[2024-12-06T08:06:35+08:00][sql] SHOW FULL COLUMNS FROM `cmf_plugin` [ RunTime:0.001973s ]
[2024-12-06T08:06:35+08:00][sql] SELECT `config` FROM `cmf_plugin` WHERE  `name` = 'Qiniu' LIMIT 1 [ RunTime:0.000597s ]
[2024-12-06T08:06:35+08:00][sql] SHOW FULL COLUMNS FROM `cmf_live` [ RunTime:0.002085s ]
[2024-12-06T08:06:35+08:00][sql] SELECT * FROM `cmf_live` WHERE  ( islive='1' and isrecommend='1' and type='0' and live_type=0 ) [ RunTime:0.001065s ]
[2024-12-06T08:06:35+08:00][sql] SHOW FULL COLUMNS FROM `cmf_slide_item` [ RunTime:0.001538s ]
[2024-12-06T08:06:35+08:00][sql] SELECT * FROM `cmf_slide_item` WHERE  ( status='1' and slide_id='1' ) ORDER BY `list_order` ASC [ RunTime:0.000620s ]
[2024-12-06T08:06:35+08:00][sql] SHOW FULL COLUMNS FROM `cmf_live_class` [ RunTime:0.001331s ]
[2024-12-06T08:06:35+08:00][sql] SELECT * FROM `cmf_live_class` ORDER BY `list_order` LIMIT 5 [ RunTime:0.000521s ]
[2024-12-06T08:06:35+08:00][sql] SELECT * FROM `cmf_live` WHERE  `islive` = 1  AND `live_type` = 0  AND `liveclassid` = 8 ORDER BY `recommend_time` DESC,`starttime` DESC LIMIT 5 [ RunTime:0.000869s ]
[2024-12-06T08:06:35+08:00][sql] SELECT `uid`,`thumb`,`stream`,`title`,`city`,`islive`,`type` FROM `cmf_live` WHERE  ( islive='1' and ishot='1' and live_type=0 ) ORDER BY `isrecommend` DESC,`recommend_time` DESC,`hotvotes` DESC,`starttime` DESC LIMIT 5 [ RunTime:0.000547s ]
[2024-12-06T08:06:35+08:00][sql] SELECT `uid`,`thumb`,`stream`,`title`,`city`,`islive`,`type` FROM `cmf_live` WHERE  ( islive='1' and live_type=0 ) ORDER BY `starttime` DESC LIMIT 5 [ RunTime:0.000441s ]
[2024-12-06T08:06:35+08:00][sql] SHOW FULL COLUMNS FROM `cmf_theme_file` [ RunTime:0.001730s ]
[2024-12-06T08:06:35+08:00][sql] SELECT `more` FROM `cmf_theme_file` WHERE  `theme` = 'default'  AND (  `is_public` = 1 OR `file` = '../home/index/index' ) [ RunTime:0.000688s ]
[2024-12-06T08:06:37+08:00][sql] CONNECT:[ UseTime:0.000631s ] mysql:host=127.0.0.1;port=3306;dbname=zhibo;charset=utf8mb4
[2024-12-06T08:06:37+08:00][sql] SHOW FULL COLUMNS FROM `cmf_hook` [ RunTime:0.001699s ]
[2024-12-06T08:06:37+08:00][sql] SELECT `hook`,`id` FROM `cmf_hook` WHERE  (  (  `app` = '' OR `app` = 'cmf' )  AND `type` = 3 ) OR `type` = 1 [ RunTime:0.000651s ]
[2024-12-06T08:06:37+08:00][sql] SHOW FULL COLUMNS FROM `cmf_hook_plugin` [ RunTime:0.001323s ]
[2024-12-06T08:06:37+08:00][sql] SELECT `hook`,`plugin` FROM `cmf_hook_plugin` WHERE  `status` = 1  AND `hook` IN ('app_begin','module_init','action_begin','view_filter','app_end','log_write','response_end','admin_init','home_init','send_mobile_verification_code','body_start','before_head_end','footer_start','before_footer','before_footer_end','before_body_end','left_sidebar_start','before_left_sidebar_end','right_sidebar_start','before_right_sidebar_end','comment','guestbook','switch_theme','after_content','before_content','log_write_done','switch_admin_theme','captcha_image') ORDER BY `list_order` ASC [ RunTime:0.000757s ]
[2024-12-06T08:06:37+08:00][sql] SHOW FULL COLUMNS FROM `cmf_plugin` [ RunTime:0.001925s ]
[2024-12-06T08:06:37+08:00][sql] SELECT `config` FROM `cmf_plugin` WHERE  `name` = 'Qiniu' LIMIT 1 [ RunTime:0.000600s ]
[2024-12-06T08:06:37+08:00][sql] SHOW FULL COLUMNS FROM `cmf_live` [ RunTime:0.002019s ]
[2024-12-06T08:06:37+08:00][sql] SELECT * FROM `cmf_live` WHERE  ( islive='1' and isrecommend='1' and type='0' and live_type=0 ) [ RunTime:0.000932s ]
[2024-12-06T08:06:37+08:00][sql] SHOW FULL COLUMNS FROM `cmf_slide_item` [ RunTime:0.001495s ]
[2024-12-06T08:06:37+08:00][sql] SELECT * FROM `cmf_slide_item` WHERE  ( status='1' and slide_id='1' ) ORDER BY `list_order` ASC [ RunTime:0.000632s ]
[2024-12-06T08:06:37+08:00][sql] SHOW FULL COLUMNS FROM `cmf_live_class` [ RunTime:0.001308s ]
[2024-12-06T08:06:37+08:00][sql] SELECT * FROM `cmf_live_class` ORDER BY `list_order` LIMIT 5 [ RunTime:0.000504s ]
[2024-12-06T08:06:37+08:00][sql] SELECT * FROM `cmf_live` WHERE  `islive` = 1  AND `live_type` = 0  AND `liveclassid` = 8 ORDER BY `recommend_time` DESC,`starttime` DESC LIMIT 5 [ RunTime:0.000848s ]
[2024-12-06T08:06:37+08:00][sql] SELECT `uid`,`thumb`,`stream`,`title`,`city`,`islive`,`type` FROM `cmf_live` WHERE  ( islive='1' and ishot='1' and live_type=0 ) ORDER BY `isrecommend` DESC,`recommend_time` DESC,`hotvotes` DESC,`starttime` DESC LIMIT 5 [ RunTime:0.000527s ]
[2024-12-06T08:06:37+08:00][sql] SELECT `uid`,`thumb`,`stream`,`title`,`city`,`islive`,`type` FROM `cmf_live` WHERE  ( islive='1' and live_type=0 ) ORDER BY `starttime` DESC LIMIT 5 [ RunTime:0.000444s ]
[2024-12-06T08:06:37+08:00][sql] SHOW FULL COLUMNS FROM `cmf_theme_file` [ RunTime:0.001691s ]
[2024-12-06T08:06:37+08:00][sql] SELECT `more` FROM `cmf_theme_file` WHERE  `theme` = 'default'  AND (  `is_public` = 1 OR `file` = '../home/index/index' ) [ RunTime:0.000658s ]
[2024-12-06T08:06:38+08:00][sql] CONNECT:[ UseTime:0.000636s ] mysql:host=127.0.0.1;port=3306;dbname=zhibo;charset=utf8mb4
[2024-12-06T08:06:38+08:00][sql] SHOW FULL COLUMNS FROM `cmf_hook` [ RunTime:0.001538s ]
[2024-12-06T08:06:38+08:00][sql] SELECT `hook`,`id` FROM `cmf_hook` WHERE  (  (  `app` = '' OR `app` = 'cmf' )  AND `type` = 3 ) OR `type` = 1 [ RunTime:0.000647s ]
[2024-12-06T08:06:38+08:00][sql] SHOW FULL COLUMNS FROM `cmf_hook_plugin` [ RunTime:0.001237s ]
[2024-12-06T08:06:38+08:00][sql] SELECT `hook`,`plugin` FROM `cmf_hook_plugin` WHERE  `status` = 1  AND `hook` IN ('app_begin','module_init','action_begin','view_filter','app_end','log_write','response_end','admin_init','home_init','send_mobile_verification_code','body_start','before_head_end','footer_start','before_footer','before_footer_end','before_body_end','left_sidebar_start','before_left_sidebar_end','right_sidebar_start','before_right_sidebar_end','comment','guestbook','switch_theme','after_content','before_content','log_write_done','switch_admin_theme','captcha_image') ORDER BY `list_order` ASC [ RunTime:0.000735s ]
[2024-12-06T08:06:38+08:00][sql] CONNECT:[ UseTime:0.000726s ] mysql:host=127.0.0.1;port=3306;dbname=zhibo;charset=utf8mb4
[2024-12-06T08:06:38+08:00][sql] SHOW FULL COLUMNS FROM `cmf_hook` [ RunTime:0.001701s ]
[2024-12-06T08:06:38+08:00][sql] SELECT `hook`,`id` FROM `cmf_hook` WHERE  (  (  `app` = '' OR `app` = 'cmf' )  AND `type` = 3 ) OR `type` = 1 [ RunTime:0.000791s ]
[2024-12-06T08:06:38+08:00][sql] SHOW FULL COLUMNS FROM `cmf_hook_plugin` [ RunTime:0.001586s ]
[2024-12-06T08:06:38+08:00][sql] SELECT `hook`,`plugin` FROM `cmf_hook_plugin` WHERE  `status` = 1  AND `hook` IN ('app_begin','module_init','action_begin','view_filter','app_end','log_write','response_end','admin_init','home_init','send_mobile_verification_code','body_start','before_head_end','footer_start','before_footer','before_footer_end','before_body_end','left_sidebar_start','before_left_sidebar_end','right_sidebar_start','before_right_sidebar_end','comment','guestbook','switch_theme','after_content','before_content','log_write_done','switch_admin_theme','captcha_image') ORDER BY `list_order` ASC [ RunTime:0.000777s ]
[2024-12-06T08:06:40+08:00][sql] CONNECT:[ UseTime:0.000667s ] mysql:host=127.0.0.1;port=3306;dbname=zhibo;charset=utf8mb4
[2024-12-06T08:06:40+08:00][sql] SHOW FULL COLUMNS FROM `cmf_hook` [ RunTime:0.001575s ]
[2024-12-06T08:06:40+08:00][sql] SELECT `hook`,`id` FROM `cmf_hook` WHERE  (  (  `app` = '' OR `app` = 'cmf' )  AND `type` = 3 ) OR `type` = 1 [ RunTime:0.000662s ]
[2024-12-06T08:06:40+08:00][sql] SHOW FULL COLUMNS FROM `cmf_hook_plugin` [ RunTime:0.001295s ]
[2024-12-06T08:06:40+08:00][sql] SELECT `hook`,`plugin` FROM `cmf_hook_plugin` WHERE  `status` = 1  AND `hook` IN ('app_begin','module_init','action_begin','view_filter','app_end','log_write','response_end','admin_init','home_init','send_mobile_verification_code','body_start','before_head_end','footer_start','before_footer','before_footer_end','before_body_end','left_sidebar_start','before_left_sidebar_end','right_sidebar_start','before_right_sidebar_end','comment','guestbook','switch_theme','after_content','before_content','log_write_done','switch_admin_theme','captcha_image') ORDER BY `list_order` ASC [ RunTime:0.000716s ]
[2024-12-06T08:06:40+08:00][sql] SELECT `hook` FROM `cmf_hook` WHERE  `app` = 'ads.txt' [ RunTime:0.000725s ]
[2024-12-06T08:06:40+08:00][sql] SELECT `hook`,`plugin` FROM `cmf_hook_plugin` WHERE  `status` = 1  AND 0 = 1 ORDER BY `list_order` ASC [ RunTime:0.000372s ]
[2024-12-06T08:06:40+08:00][sql] CONNECT:[ UseTime:0.000712s ] mysql:host=127.0.0.1;port=3306;dbname=zhibo;charset=utf8mb4
[2024-12-06T08:06:40+08:00][sql] SHOW FULL COLUMNS FROM `cmf_hook` [ RunTime:0.001631s ]
[2024-12-06T08:06:40+08:00][sql] SELECT `hook`,`id` FROM `cmf_hook` WHERE  (  (  `app` = '' OR `app` = 'cmf' )  AND `type` = 3 ) OR `type` = 1 [ RunTime:0.000692s ]
[2024-12-06T08:06:40+08:00][sql] SHOW FULL COLUMNS FROM `cmf_hook_plugin` [ RunTime:0.001368s ]
[2024-12-06T08:06:40+08:00][sql] SELECT `hook`,`plugin` FROM `cmf_hook_plugin` WHERE  `status` = 1  AND `hook` IN ('app_begin','module_init','action_begin','view_filter','app_end','log_write','response_end','admin_init','home_init','send_mobile_verification_code','body_start','before_head_end','footer_start','before_footer','before_footer_end','before_body_end','left_sidebar_start','before_left_sidebar_end','right_sidebar_start','before_right_sidebar_end','comment','guestbook','switch_theme','after_content','before_content','log_write_done','switch_admin_theme','captcha_image') ORDER BY `list_order` ASC [ RunTime:0.000749s ]
[2024-12-06T08:06:40+08:00][sql] CONNECT:[ UseTime:0.000683s ] mysql:host=127.0.0.1;port=3306;dbname=zhibo;charset=utf8mb4
[2024-12-06T08:06:40+08:00][sql] SHOW FULL COLUMNS FROM `cmf_hook` [ RunTime:0.001570s ]
[2024-12-06T08:06:40+08:00][sql] SELECT `hook`,`id` FROM `cmf_hook` WHERE  (  (  `app` = '' OR `app` = 'cmf' )  AND `type` = 3 ) OR `type` = 1 [ RunTime:0.000676s ]
[2024-12-06T08:06:40+08:00][sql] SHOW FULL COLUMNS FROM `cmf_hook_plugin` [ RunTime:0.001393s ]
[2024-12-06T08:06:40+08:00][sql] SELECT `hook`,`plugin` FROM `cmf_hook_plugin` WHERE  `status` = 1  AND `hook` IN ('app_begin','module_init','action_begin','view_filter','app_end','log_write','response_end','admin_init','home_init','send_mobile_verification_code','body_start','before_head_end','footer_start','before_footer','before_footer_end','before_body_end','left_sidebar_start','before_left_sidebar_end','right_sidebar_start','before_right_sidebar_end','comment','guestbook','switch_theme','after_content','before_content','log_write_done','switch_admin_theme','captcha_image') ORDER BY `list_order` ASC [ RunTime:0.000733s ]
[2024-12-06T08:06:40+08:00][sql] SELECT `hook` FROM `cmf_hook` WHERE  `app` = 'app-ads.txt' [ RunTime:0.000773s ]
[2024-12-06T08:06:40+08:00][sql] SELECT `hook`,`plugin` FROM `cmf_hook_plugin` WHERE  `status` = 1  AND 0 = 1 ORDER BY `list_order` ASC [ RunTime:0.000381s ]
[2024-12-06T08:06:41+08:00][sql] CONNECT:[ UseTime:0.000651s ] mysql:host=127.0.0.1;port=3306;dbname=zhibo;charset=utf8mb4
[2024-12-06T08:06:41+08:00][sql] SHOW FULL COLUMNS FROM `cmf_hook` [ RunTime:0.001632s ]
[2024-12-06T08:06:41+08:00][sql] SELECT `hook`,`id` FROM `cmf_hook` WHERE  (  (  `app` = '' OR `app` = 'cmf' )  AND `type` = 3 ) OR `type` = 1 [ RunTime:0.000743s ]
[2024-12-06T08:06:41+08:00][sql] SHOW FULL COLUMNS FROM `cmf_hook_plugin` [ RunTime:0.001321s ]
[2024-12-06T08:06:41+08:00][sql] SELECT `hook`,`plugin` FROM `cmf_hook_plugin` WHERE  `status` = 1  AND `hook` IN ('app_begin','module_init','action_begin','view_filter','app_end','log_write','response_end','admin_init','home_init','send_mobile_verification_code','body_start','before_head_end','footer_start','before_footer','before_footer_end','before_body_end','left_sidebar_start','before_left_sidebar_end','right_sidebar_start','before_right_sidebar_end','comment','guestbook','switch_theme','after_content','before_content','log_write_done','switch_admin_theme','captcha_image') ORDER BY `list_order` ASC [ RunTime:0.000753s ]
[2024-12-06T08:06:41+08:00][sql] CONNECT:[ UseTime:0.000634s ] mysql:host=127.0.0.1;port=3306;dbname=zhibo;charset=utf8mb4
[2024-12-06T08:06:41+08:00][sql] SHOW FULL COLUMNS FROM `cmf_hook` [ RunTime:0.001521s ]
[2024-12-06T08:06:41+08:00][sql] SELECT `hook`,`id` FROM `cmf_hook` WHERE  (  (  `app` = '' OR `app` = 'cmf' )  AND `type` = 3 ) OR `type` = 1 [ RunTime:0.000618s ]
[2024-12-06T08:06:41+08:00][sql] SHOW FULL COLUMNS FROM `cmf_hook_plugin` [ RunTime:0.001285s ]
[2024-12-06T08:06:41+08:00][sql] SELECT `hook`,`plugin` FROM `cmf_hook_plugin` WHERE  `status` = 1  AND `hook` IN ('app_begin','module_init','action_begin','view_filter','app_end','log_write','response_end','admin_init','home_init','send_mobile_verification_code','body_start','before_head_end','footer_start','before_footer','before_footer_end','before_body_end','left_sidebar_start','before_left_sidebar_end','right_sidebar_start','before_right_sidebar_end','comment','guestbook','switch_theme','after_content','before_content','log_write_done','switch_admin_theme','captcha_image') ORDER BY `list_order` ASC [ RunTime:0.000685s ]
[2024-12-06T08:06:41+08:00][sql] SELECT `hook` FROM `cmf_hook` WHERE  `app` = 'sellers.json' [ RunTime:0.000777s ]
[2024-12-06T08:06:41+08:00][sql] SELECT `hook`,`plugin` FROM `cmf_hook_plugin` WHERE  `status` = 1  AND 0 = 1 ORDER BY `list_order` ASC [ RunTime:0.000359s ]
[2024-12-06T08:06:41+08:00][sql] CONNECT:[ UseTime:0.000650s ] mysql:host=127.0.0.1;port=3306;dbname=zhibo;charset=utf8mb4
[2024-12-06T08:06:41+08:00][sql] SHOW FULL COLUMNS FROM `cmf_hook` [ RunTime:0.001584s ]
[2024-12-06T08:06:41+08:00][sql] SELECT `hook`,`id` FROM `cmf_hook` WHERE  (  (  `app` = '' OR `app` = 'cmf' )  AND `type` = 3 ) OR `type` = 1 [ RunTime:0.000672s ]
[2024-12-06T08:06:41+08:00][sql] SHOW FULL COLUMNS FROM `cmf_hook_plugin` [ RunTime:0.001324s ]
[2024-12-06T08:06:41+08:00][sql] SELECT `hook`,`plugin` FROM `cmf_hook_plugin` WHERE  `status` = 1  AND `hook` IN ('app_begin','module_init','action_begin','view_filter','app_end','log_write','response_end','admin_init','home_init','send_mobile_verification_code','body_start','before_head_end','footer_start','before_footer','before_footer_end','before_body_end','left_sidebar_start','before_left_sidebar_end','right_sidebar_start','before_right_sidebar_end','comment','guestbook','switch_theme','after_content','before_content','log_write_done','switch_admin_theme','captcha_image') ORDER BY `list_order` ASC [ RunTime:0.000730s ]
[2024-12-06T08:16:26+08:00][sql] CONNECT:[ UseTime:0.000692s ] mysql:host=127.0.0.1;port=3306;dbname=zhibo;charset=utf8mb4
[2024-12-06T08:16:26+08:00][sql] SHOW FULL COLUMNS FROM `cmf_hook` [ RunTime:0.001523s ]
[2024-12-06T08:16:26+08:00][sql] SELECT `hook`,`id` FROM `cmf_hook` WHERE  (  (  `app` = '' OR `app` = 'cmf' )  AND `type` = 3 ) OR `type` = 1 [ RunTime:0.000687s ]
[2024-12-06T08:16:26+08:00][sql] SHOW FULL COLUMNS FROM `cmf_hook_plugin` [ RunTime:0.001228s ]
[2024-12-06T08:16:26+08:00][sql] SELECT `hook`,`plugin` FROM `cmf_hook_plugin` WHERE  `status` = 1  AND `hook` IN ('app_begin','module_init','action_begin','view_filter','app_end','log_write','response_end','admin_init','home_init','send_mobile_verification_code','body_start','before_head_end','footer_start','before_footer','before_footer_end','before_body_end','left_sidebar_start','before_left_sidebar_end','right_sidebar_start','before_right_sidebar_end','comment','guestbook','switch_theme','after_content','before_content','log_write_done','switch_admin_theme','captcha_image') ORDER BY `list_order` ASC [ RunTime:0.000742s ]
[2024-12-06T08:16:26+08:00][sql] SHOW FULL COLUMNS FROM `cmf_plugin` [ RunTime:0.001941s ]
[2024-12-06T08:16:26+08:00][sql] SELECT `config` FROM `cmf_plugin` WHERE  `name` = 'Qiniu' LIMIT 1 [ RunTime:0.000571s ]
[2024-12-06T08:16:26+08:00][sql] SHOW FULL COLUMNS FROM `cmf_live` [ RunTime:0.002037s ]
[2024-12-06T08:16:26+08:00][sql] SELECT * FROM `cmf_live` WHERE  ( islive='1' and isrecommend='1' and type='0' and live_type=0 ) [ RunTime:0.001039s ]
[2024-12-06T08:16:26+08:00][sql] SHOW FULL COLUMNS FROM `cmf_slide_item` [ RunTime:0.001541s ]
[2024-12-06T08:16:26+08:00][sql] SELECT * FROM `cmf_slide_item` WHERE  ( status='1' and slide_id='1' ) ORDER BY `list_order` ASC [ RunTime:0.000608s ]
[2024-12-06T08:16:26+08:00][sql] SHOW FULL COLUMNS FROM `cmf_live_class` [ RunTime:0.001330s ]
[2024-12-06T08:16:26+08:00][sql] SELECT * FROM `cmf_live_class` ORDER BY `list_order` LIMIT 5 [ RunTime:0.000506s ]
[2024-12-06T08:16:26+08:00][sql] SELECT * FROM `cmf_live` WHERE  `islive` = 1  AND `live_type` = 0  AND `liveclassid` = 8 ORDER BY `recommend_time` DESC,`starttime` DESC LIMIT 5 [ RunTime:0.000857s ]
[2024-12-06T08:16:26+08:00][sql] SELECT `uid`,`thumb`,`stream`,`title`,`city`,`islive`,`type` FROM `cmf_live` WHERE  ( islive='1' and ishot='1' and live_type=0 ) ORDER BY `isrecommend` DESC,`recommend_time` DESC,`hotvotes` DESC,`starttime` DESC LIMIT 5 [ RunTime:0.000553s ]
[2024-12-06T08:16:26+08:00][sql] SELECT `uid`,`thumb`,`stream`,`title`,`city`,`islive`,`type` FROM `cmf_live` WHERE  ( islive='1' and live_type=0 ) ORDER BY `starttime` DESC LIMIT 5 [ RunTime:0.000437s ]
[2024-12-06T08:16:26+08:00][sql] SHOW FULL COLUMNS FROM `cmf_theme_file` [ RunTime:0.001716s ]
[2024-12-06T08:16:26+08:00][sql] SELECT `more` FROM `cmf_theme_file` WHERE  `theme` = 'default'  AND (  `is_public` = 1 OR `file` = '../home/index/index' ) [ RunTime:0.000597s ]
[2024-12-06T08:40:34+08:00][sql] CONNECT:[ UseTime:0.000673s ] mysql:host=127.0.0.1;port=3306;dbname=zhibo;charset=utf8mb4
[2024-12-06T08:40:34+08:00][sql] SHOW FULL COLUMNS FROM `cmf_hook` [ RunTime:0.001531s ]
[2024-12-06T08:40:34+08:00][sql] SELECT `hook`,`id` FROM `cmf_hook` WHERE  (  (  `app` = '' OR `app` = 'cmf' )  AND `type` = 3 ) OR `type` = 1 [ RunTime:0.000647s ]
[2024-12-06T08:40:34+08:00][sql] SHOW FULL COLUMNS FROM `cmf_hook_plugin` [ RunTime:0.001254s ]
[2024-12-06T08:40:34+08:00][sql] SELECT `hook`,`plugin` FROM `cmf_hook_plugin` WHERE  `status` = 1  AND `hook` IN ('app_begin','module_init','action_begin','view_filter','app_end','log_write','response_end','admin_init','home_init','send_mobile_verification_code','body_start','before_head_end','footer_start','before_footer','before_footer_end','before_body_end','left_sidebar_start','before_left_sidebar_end','right_sidebar_start','before_right_sidebar_end','comment','guestbook','switch_theme','after_content','before_content','log_write_done','switch_admin_theme','captcha_image') ORDER BY `list_order` ASC [ RunTime:0.000753s ]
[2024-12-06T08:40:34+08:00][sql] SHOW FULL COLUMNS FROM `cmf_plugin` [ RunTime:0.001973s ]
[2024-12-06T08:40:34+08:00][sql] SELECT `config` FROM `cmf_plugin` WHERE  `name` = 'Qiniu' LIMIT 1 [ RunTime:0.000560s ]
[2024-12-06T08:40:34+08:00][sql] SHOW FULL COLUMNS FROM `cmf_live` [ RunTime:0.002013s ]
[2024-12-06T08:40:34+08:00][sql] SELECT * FROM `cmf_live` WHERE  ( islive='1' and isrecommend='1' and type='0' and live_type=0 ) [ RunTime:0.001063s ]
[2024-12-06T08:40:34+08:00][sql] SHOW FULL COLUMNS FROM `cmf_slide_item` [ RunTime:0.001521s ]
[2024-12-06T08:40:34+08:00][sql] SELECT * FROM `cmf_slide_item` WHERE  ( status='1' and slide_id='1' ) ORDER BY `list_order` ASC [ RunTime:0.000658s ]
[2024-12-06T08:40:34+08:00][sql] SHOW FULL COLUMNS FROM `cmf_live_class` [ RunTime:0.001305s ]
[2024-12-06T08:40:34+08:00][sql] SELECT * FROM `cmf_live_class` ORDER BY `list_order` LIMIT 5 [ RunTime:0.000507s ]
[2024-12-06T08:40:34+08:00][sql] SELECT * FROM `cmf_live` WHERE  `islive` = 1  AND `live_type` = 0  AND `liveclassid` = 8 ORDER BY `recommend_time` DESC,`starttime` DESC LIMIT 5 [ RunTime:0.000833s ]
[2024-12-06T08:40:34+08:00][sql] SELECT `uid`,`thumb`,`stream`,`title`,`city`,`islive`,`type` FROM `cmf_live` WHERE  ( islive='1' and ishot='1' and live_type=0 ) ORDER BY `isrecommend` DESC,`recommend_time` DESC,`hotvotes` DESC,`starttime` DESC LIMIT 5 [ RunTime:0.000528s ]
[2024-12-06T08:40:34+08:00][sql] SELECT `uid`,`thumb`,`stream`,`title`,`city`,`islive`,`type` FROM `cmf_live` WHERE  ( islive='1' and live_type=0 ) ORDER BY `starttime` DESC LIMIT 5 [ RunTime:0.000438s ]
[2024-12-06T08:40:34+08:00][sql] SHOW FULL COLUMNS FROM `cmf_theme_file` [ RunTime:0.001693s ]
[2024-12-06T08:40:34+08:00][sql] SELECT `more` FROM `cmf_theme_file` WHERE  `theme` = 'default'  AND (  `is_public` = 1 OR `file` = '../home/index/index' ) [ RunTime:0.000690s ]
[2024-12-06T08:40:34+08:00][sql] CONNECT:[ UseTime:0.000671s ] mysql:host=127.0.0.1;port=3306;dbname=zhibo;charset=utf8mb4
[2024-12-06T08:40:34+08:00][sql] SHOW FULL COLUMNS FROM `cmf_hook` [ RunTime:0.001543s ]
[2024-12-06T08:40:34+08:00][sql] SELECT `hook`,`id` FROM `cmf_hook` WHERE  (  (  `app` = '' OR `app` = 'cmf' )  AND `type` = 3 ) OR `type` = 1 [ RunTime:0.000614s ]
[2024-12-06T08:40:34+08:00][sql] SHOW FULL COLUMNS FROM `cmf_hook_plugin` [ RunTime:0.001207s ]
[2024-12-06T08:40:34+08:00][sql] SELECT `hook`,`plugin` FROM `cmf_hook_plugin` WHERE  `status` = 1  AND `hook` IN ('app_begin','module_init','action_begin','view_filter','app_end','log_write','response_end','admin_init','home_init','send_mobile_verification_code','body_start','before_head_end','footer_start','before_footer','before_footer_end','before_body_end','left_sidebar_start','before_left_sidebar_end','right_sidebar_start','before_right_sidebar_end','comment','guestbook','switch_theme','after_content','before_content','log_write_done','switch_admin_theme','captcha_image') ORDER BY `list_order` ASC [ RunTime:0.000683s ]
[2024-12-06T08:40:34+08:00][sql] SHOW FULL COLUMNS FROM `cmf_plugin` [ RunTime:0.001961s ]
[2024-12-06T08:40:34+08:00][sql] SELECT `config` FROM `cmf_plugin` WHERE  `name` = 'Qiniu' LIMIT 1 [ RunTime:0.000561s ]
[2024-12-06T08:40:34+08:00][sql] SHOW FULL COLUMNS FROM `cmf_live` [ RunTime:0.002082s ]
[2024-12-06T08:40:34+08:00][sql] SELECT * FROM `cmf_live` WHERE  ( islive='1' and isrecommend='1' and type='0' and live_type=0 ) [ RunTime:0.001006s ]
[2024-12-06T08:40:34+08:00][sql] SHOW FULL COLUMNS FROM `cmf_slide_item` [ RunTime:0.001583s ]
[2024-12-06T08:40:34+08:00][sql] SELECT * FROM `cmf_slide_item` WHERE  ( status='1' and slide_id='1' ) ORDER BY `list_order` ASC [ RunTime:0.000597s ]
[2024-12-06T08:40:34+08:00][sql] SHOW FULL COLUMNS FROM `cmf_live_class` [ RunTime:0.001378s ]
[2024-12-06T08:40:34+08:00][sql] SELECT * FROM `cmf_live_class` ORDER BY `list_order` LIMIT 5 [ RunTime:0.000499s ]
[2024-12-06T08:40:34+08:00][sql] SELECT * FROM `cmf_live` WHERE  `islive` = 1  AND `live_type` = 0  AND `liveclassid` = 8 ORDER BY `recommend_time` DESC,`starttime` DESC LIMIT 5 [ RunTime:0.000826s ]
[2024-12-06T08:40:34+08:00][sql] SELECT `uid`,`thumb`,`stream`,`title`,`city`,`islive`,`type` FROM `cmf_live` WHERE  ( islive='1' and ishot='1' and live_type=0 ) ORDER BY `isrecommend` DESC,`recommend_time` DESC,`hotvotes` DESC,`starttime` DESC LIMIT 5 [ RunTime:0.000545s ]
[2024-12-06T08:40:34+08:00][sql] SELECT `uid`,`thumb`,`stream`,`title`,`city`,`islive`,`type` FROM `cmf_live` WHERE  ( islive='1' and live_type=0 ) ORDER BY `starttime` DESC LIMIT 5 [ RunTime:0.000457s ]
[2024-12-06T08:40:34+08:00][sql] SHOW FULL COLUMNS FROM `cmf_theme_file` [ RunTime:0.001738s ]
[2024-12-06T08:40:34+08:00][sql] SELECT `more` FROM `cmf_theme_file` WHERE  `theme` = 'default'  AND (  `is_public` = 1 OR `file` = '../home/index/index' ) [ RunTime:0.000675s ]
[2024-12-06T09:06:35+08:00][sql] CONNECT:[ UseTime:0.000828s ] mysql:host=127.0.0.1;port=3306;dbname=zhibo;charset=utf8mb4
[2024-12-06T09:06:35+08:00][sql] SHOW FULL COLUMNS FROM `cmf_hook` [ RunTime:0.001891s ]
[2024-12-06T09:06:35+08:00][sql] SELECT `hook`,`id` FROM `cmf_hook` WHERE  (  (  `app` = '' OR `app` = 'cmf' )  AND `type` = 3 ) OR `type` = 1 [ RunTime:0.001933s ]
[2024-12-06T09:06:35+08:00][sql] SHOW FULL COLUMNS FROM `cmf_hook_plugin` [ RunTime:0.001414s ]
[2024-12-06T09:06:35+08:00][sql] SELECT `hook`,`plugin` FROM `cmf_hook_plugin` WHERE  `status` = 1  AND `hook` IN ('app_begin','module_init','action_begin','view_filter','app_end','log_write','response_end','admin_init','home_init','send_mobile_verification_code','body_start','before_head_end','footer_start','before_footer','before_footer_end','before_body_end','left_sidebar_start','before_left_sidebar_end','right_sidebar_start','before_right_sidebar_end','comment','guestbook','switch_theme','after_content','before_content','log_write_done','switch_admin_theme','captcha_image') ORDER BY `list_order` ASC [ RunTime:0.003531s ]
[2024-12-06T09:07:09+08:00][sql] CONNECT:[ UseTime:0.000667s ] mysql:host=127.0.0.1;port=3306;dbname=zhibo;charset=utf8mb4
[2024-12-06T09:07:09+08:00][sql] SHOW FULL COLUMNS FROM `cmf_hook` [ RunTime:0.001559s ]
[2024-12-06T09:07:09+08:00][sql] SELECT `hook`,`id` FROM `cmf_hook` WHERE  (  (  `app` = '' OR `app` = 'cmf' )  AND `type` = 3 ) OR `type` = 1 [ RunTime:0.000642s ]
[2024-12-06T09:07:09+08:00][sql] SHOW FULL COLUMNS FROM `cmf_hook_plugin` [ RunTime:0.001216s ]
[2024-12-06T09:07:09+08:00][sql] SELECT `hook`,`plugin` FROM `cmf_hook_plugin` WHERE  `status` = 1  AND `hook` IN ('app_begin','module_init','action_begin','view_filter','app_end','log_write','response_end','admin_init','home_init','send_mobile_verification_code','body_start','before_head_end','footer_start','before_footer','before_footer_end','before_body_end','left_sidebar_start','before_left_sidebar_end','right_sidebar_start','before_right_sidebar_end','comment','guestbook','switch_theme','after_content','before_content','log_write_done','switch_admin_theme','captcha_image') ORDER BY `list_order` ASC [ RunTime:0.000681s ]
[2024-12-06T09:51:38+08:00][sql] CONNECT:[ UseTime:0.000696s ] mysql:host=127.0.0.1;port=3306;dbname=zhibo;charset=utf8mb4
[2024-12-06T09:51:38+08:00][sql] SHOW FULL COLUMNS FROM `cmf_hook` [ RunTime:0.001585s ]
[2024-12-06T09:51:38+08:00][sql] SELECT `hook`,`id` FROM `cmf_hook` WHERE  (  (  `app` = '' OR `app` = 'cmf' )  AND `type` = 3 ) OR `type` = 1 [ RunTime:0.000632s ]
[2024-12-06T09:51:38+08:00][sql] SHOW FULL COLUMNS FROM `cmf_hook_plugin` [ RunTime:0.001240s ]
[2024-12-06T09:51:38+08:00][sql] SELECT `hook`,`plugin` FROM `cmf_hook_plugin` WHERE  `status` = 1  AND `hook` IN ('app_begin','module_init','action_begin','view_filter','app_end','log_write','response_end','admin_init','home_init','send_mobile_verification_code','body_start','before_head_end','footer_start','before_footer','before_footer_end','before_body_end','left_sidebar_start','before_left_sidebar_end','right_sidebar_start','before_right_sidebar_end','comment','guestbook','switch_theme','after_content','before_content','log_write_done','switch_admin_theme','captcha_image') ORDER BY `list_order` ASC [ RunTime:0.000687s ]
[2024-12-06T09:51:38+08:00][sql] SHOW FULL COLUMNS FROM `cmf_plugin` [ RunTime:0.001892s ]
[2024-12-06T09:51:38+08:00][sql] SELECT `config` FROM `cmf_plugin` WHERE  `name` = 'Qiniu' LIMIT 1 [ RunTime:0.000530s ]
[2024-12-06T09:51:38+08:00][sql] SHOW FULL COLUMNS FROM `cmf_live` [ RunTime:0.001964s ]
[2024-12-06T09:51:38+08:00][sql] SELECT * FROM `cmf_live` WHERE  ( islive='1' and isrecommend='1' and type='0' and live_type=0 ) [ RunTime:0.001015s ]
[2024-12-06T09:51:38+08:00][sql] SHOW FULL COLUMNS FROM `cmf_slide_item` [ RunTime:0.001501s ]
[2024-12-06T09:51:38+08:00][sql] SELECT * FROM `cmf_slide_item` WHERE  ( status='1' and slide_id='1' ) ORDER BY `list_order` ASC [ RunTime:0.000638s ]
[2024-12-06T09:51:38+08:00][sql] SHOW FULL COLUMNS FROM `cmf_live_class` [ RunTime:0.001297s ]
[2024-12-06T09:51:38+08:00][sql] SELECT * FROM `cmf_live_class` ORDER BY `list_order` LIMIT 5 [ RunTime:0.000473s ]
[2024-12-06T09:51:38+08:00][sql] SELECT * FROM `cmf_live` WHERE  `islive` = 1  AND `live_type` = 0  AND `liveclassid` = 8 ORDER BY `recommend_time` DESC,`starttime` DESC LIMIT 5 [ RunTime:0.000833s ]
[2024-12-06T09:51:38+08:00][sql] SELECT `uid`,`thumb`,`stream`,`title`,`city`,`islive`,`type` FROM `cmf_live` WHERE  ( islive='1' and ishot='1' and live_type=0 ) ORDER BY `isrecommend` DESC,`recommend_time` DESC,`hotvotes` DESC,`starttime` DESC LIMIT 5 [ RunTime:0.000522s ]
[2024-12-06T09:51:38+08:00][sql] SELECT `uid`,`thumb`,`stream`,`title`,`city`,`islive`,`type` FROM `cmf_live` WHERE  ( islive='1' and live_type=0 ) ORDER BY `starttime` DESC LIMIT 5 [ RunTime:0.000444s ]
[2024-12-06T09:51:38+08:00][sql] SHOW FULL COLUMNS FROM `cmf_theme_file` [ RunTime:0.001553s ]
[2024-12-06T09:51:38+08:00][sql] SELECT `more` FROM `cmf_theme_file` WHERE  `theme` = 'default'  AND (  `is_public` = 1 OR `file` = '../home/index/index' ) [ RunTime:0.000556s ]
[2024-12-06T09:51:39+08:00][sql] CONNECT:[ UseTime:0.000685s ] mysql:host=127.0.0.1;port=3306;dbname=zhibo;charset=utf8mb4
[2024-12-06T09:51:39+08:00][sql] SHOW FULL COLUMNS FROM `cmf_hook` [ RunTime:0.001578s ]
[2024-12-06T09:51:39+08:00][sql] SELECT `hook`,`id` FROM `cmf_hook` WHERE  (  (  `app` = '' OR `app` = 'cmf' )  AND `type` = 3 ) OR `type` = 1 [ RunTime:0.000667s ]
[2024-12-06T09:51:39+08:00][sql] SHOW FULL COLUMNS FROM `cmf_hook_plugin` [ RunTime:0.001240s ]
[2024-12-06T09:51:39+08:00][sql] SELECT `hook`,`plugin` FROM `cmf_hook_plugin` WHERE  `status` = 1  AND `hook` IN ('app_begin','module_init','action_begin','view_filter','app_end','log_write','response_end','admin_init','home_init','send_mobile_verification_code','body_start','before_head_end','footer_start','before_footer','before_footer_end','before_body_end','left_sidebar_start','before_left_sidebar_end','right_sidebar_start','before_right_sidebar_end','comment','guestbook','switch_theme','after_content','before_content','log_write_done','switch_admin_theme','captcha_image') ORDER BY `list_order` ASC [ RunTime:0.000672s ]
[2024-12-06T10:09:20+08:00][sql] CONNECT:[ UseTime:0.000639s ] mysql:host=127.0.0.1;port=3306;dbname=zhibo;charset=utf8mb4
[2024-12-06T10:09:20+08:00][sql] SHOW FULL COLUMNS FROM `cmf_hook` [ RunTime:0.001533s ]
[2024-12-06T10:09:20+08:00][sql] SELECT `hook`,`id` FROM `cmf_hook` WHERE  (  (  `app` = '' OR `app` = 'cmf' )  AND `type` = 3 ) OR `type` = 1 [ RunTime:0.000658s ]
[2024-12-06T10:09:20+08:00][sql] SHOW FULL COLUMNS FROM `cmf_hook_plugin` [ RunTime:0.001240s ]
[2024-12-06T10:09:20+08:00][sql] SELECT `hook`,`plugin` FROM `cmf_hook_plugin` WHERE  `status` = 1  AND `hook` IN ('app_begin','module_init','action_begin','view_filter','app_end','log_write','response_end','admin_init','home_init','send_mobile_verification_code','body_start','before_head_end','footer_start','before_footer','before_footer_end','before_body_end','left_sidebar_start','before_left_sidebar_end','right_sidebar_start','before_right_sidebar_end','comment','guestbook','switch_theme','after_content','before_content','log_write_done','switch_admin_theme','captcha_image') ORDER BY `list_order` ASC [ RunTime:0.000671s ]
[2024-12-06T10:09:20+08:00][sql] SHOW FULL COLUMNS FROM `cmf_plugin` [ RunTime:0.001852s ]
[2024-12-06T10:09:20+08:00][sql] SELECT `config` FROM `cmf_plugin` WHERE  `name` = 'Qiniu' LIMIT 1 [ RunTime:0.000536s ]
[2024-12-06T10:09:20+08:00][sql] SHOW FULL COLUMNS FROM `cmf_live` [ RunTime:0.001916s ]
[2024-12-06T10:09:20+08:00][sql] SELECT * FROM `cmf_live` WHERE  ( islive='1' and isrecommend='1' and type='0' and live_type=0 ) [ RunTime:0.000994s ]
[2024-12-06T10:09:20+08:00][sql] SHOW FULL COLUMNS FROM `cmf_slide_item` [ RunTime:0.001449s ]
[2024-12-06T10:09:20+08:00][sql] SELECT * FROM `cmf_slide_item` WHERE  ( status='1' and slide_id='1' ) ORDER BY `list_order` ASC [ RunTime:0.000624s ]
[2024-12-06T10:09:20+08:00][sql] SHOW FULL COLUMNS FROM `cmf_live_class` [ RunTime:0.001238s ]
[2024-12-06T10:09:20+08:00][sql] SELECT * FROM `cmf_live_class` ORDER BY `list_order` LIMIT 5 [ RunTime:0.000466s ]
[2024-12-06T10:09:20+08:00][sql] SELECT * FROM `cmf_live` WHERE  `islive` = 1  AND `live_type` = 0  AND `liveclassid` = 8 ORDER BY `recommend_time` DESC,`starttime` DESC LIMIT 5 [ RunTime:0.000818s ]
[2024-12-06T10:09:20+08:00][sql] SELECT `uid`,`thumb`,`stream`,`title`,`city`,`islive`,`type` FROM `cmf_live` WHERE  ( islive='1' and ishot='1' and live_type=0 ) ORDER BY `isrecommend` DESC,`recommend_time` DESC,`hotvotes` DESC,`starttime` DESC LIMIT 5 [ RunTime:0.000494s ]
[2024-12-06T10:09:20+08:00][sql] SELECT `uid`,`thumb`,`stream`,`title`,`city`,`islive`,`type` FROM `cmf_live` WHERE  ( islive='1' and live_type=0 ) ORDER BY `starttime` DESC LIMIT 5 [ RunTime:0.000418s ]
[2024-12-06T10:09:20+08:00][sql] SHOW FULL COLUMNS FROM `cmf_theme_file` [ RunTime:0.001621s ]
[2024-12-06T10:09:20+08:00][sql] SELECT `more` FROM `cmf_theme_file` WHERE  `theme` = 'default'  AND (  `is_public` = 1 OR `file` = '../home/index/index' ) [ RunTime:0.000578s ]
[2024-12-06T10:14:12+08:00][sql] CONNECT:[ UseTime:0.000672s ] mysql:host=127.0.0.1;port=3306;dbname=zhibo;charset=utf8mb4
[2024-12-06T10:14:12+08:00][sql] SHOW FULL COLUMNS FROM `cmf_hook` [ RunTime:0.001542s ]
[2024-12-06T10:14:12+08:00][sql] SELECT `hook`,`id` FROM `cmf_hook` WHERE  (  (  `app` = '' OR `app` = 'cmf' )  AND `type` = 3 ) OR `type` = 1 [ RunTime:0.000650s ]
[2024-12-06T10:14:12+08:00][sql] SHOW FULL COLUMNS FROM `cmf_hook_plugin` [ RunTime:0.001261s ]
[2024-12-06T10:14:12+08:00][sql] SELECT `hook`,`plugin` FROM `cmf_hook_plugin` WHERE  `status` = 1  AND `hook` IN ('app_begin','module_init','action_begin','view_filter','app_end','log_write','response_end','admin_init','home_init','send_mobile_verification_code','body_start','before_head_end','footer_start','before_footer','before_footer_end','before_body_end','left_sidebar_start','before_left_sidebar_end','right_sidebar_start','before_right_sidebar_end','comment','guestbook','switch_theme','after_content','before_content','log_write_done','switch_admin_theme','captcha_image') ORDER BY `list_order` ASC [ RunTime:0.000686s ]
[2024-12-06T10:14:12+08:00][sql] CONNECT:[ UseTime:0.000657s ] mysql:host=127.0.0.1;port=3306;dbname=zhibo;charset=utf8mb4
[2024-12-06T10:14:12+08:00][sql] SHOW FULL COLUMNS FROM `cmf_hook` [ RunTime:0.001595s ]
[2024-12-06T10:14:12+08:00][sql] SELECT `hook`,`id` FROM `cmf_hook` WHERE  (  (  `app` = '' OR `app` = 'cmf' )  AND `type` = 3 ) OR `type` = 1 [ RunTime:0.000684s ]
[2024-12-06T10:14:12+08:00][sql] SHOW FULL COLUMNS FROM `cmf_hook_plugin` [ RunTime:0.001288s ]
[2024-12-06T10:14:12+08:00][sql] SELECT `hook`,`plugin` FROM `cmf_hook_plugin` WHERE  `status` = 1  AND `hook` IN ('app_begin','module_init','action_begin','view_filter','app_end','log_write','response_end','admin_init','home_init','send_mobile_verification_code','body_start','before_head_end','footer_start','before_footer','before_footer_end','before_body_end','left_sidebar_start','before_left_sidebar_end','right_sidebar_start','before_right_sidebar_end','comment','guestbook','switch_theme','after_content','before_content','log_write_done','switch_admin_theme','captcha_image') ORDER BY `list_order` ASC [ RunTime:0.000743s ]
[2024-12-06T10:14:13+08:00][sql] CONNECT:[ UseTime:0.000588s ] mysql:host=127.0.0.1;port=3306;dbname=zhibo;charset=utf8mb4
[2024-12-06T10:14:13+08:00][sql] SHOW FULL COLUMNS FROM `cmf_hook` [ RunTime:0.001500s ]
[2024-12-06T10:14:13+08:00][sql] SELECT `hook`,`id` FROM `cmf_hook` WHERE  (  (  `app` = '' OR `app` = 'cmf' )  AND `type` = 3 ) OR `type` = 1 [ RunTime:0.000603s ]
[2024-12-06T10:14:13+08:00][sql] SHOW FULL COLUMNS FROM `cmf_hook_plugin` [ RunTime:0.001197s ]
[2024-12-06T10:14:13+08:00][sql] SELECT `hook`,`plugin` FROM `cmf_hook_plugin` WHERE  `status` = 1  AND `hook` IN ('app_begin','module_init','action_begin','view_filter','app_end','log_write','response_end','admin_init','home_init','send_mobile_verification_code','body_start','before_head_end','footer_start','before_footer','before_footer_end','before_body_end','left_sidebar_start','before_left_sidebar_end','right_sidebar_start','before_right_sidebar_end','comment','guestbook','switch_theme','after_content','before_content','log_write_done','switch_admin_theme','captcha_image') ORDER BY `list_order` ASC [ RunTime:0.000681s ]
[2024-12-06T10:14:15+08:00][sql] CONNECT:[ UseTime:0.000643s ] mysql:host=127.0.0.1;port=3306;dbname=zhibo;charset=utf8mb4
[2024-12-06T10:14:15+08:00][sql] SHOW FULL COLUMNS FROM `cmf_hook` [ RunTime:0.001585s ]
[2024-12-06T10:14:15+08:00][sql] SELECT `hook`,`id` FROM `cmf_hook` WHERE  (  (  `app` = '' OR `app` = 'cmf' )  AND `type` = 3 ) OR `type` = 1 [ RunTime:0.000660s ]
[2024-12-06T10:14:15+08:00][sql] SHOW FULL COLUMNS FROM `cmf_hook_plugin` [ RunTime:0.001316s ]
[2024-12-06T10:14:15+08:00][sql] SELECT `hook`,`plugin` FROM `cmf_hook_plugin` WHERE  `status` = 1  AND `hook` IN ('app_begin','module_init','action_begin','view_filter','app_end','log_write','response_end','admin_init','home_init','send_mobile_verification_code','body_start','before_head_end','footer_start','before_footer','before_footer_end','before_body_end','left_sidebar_start','before_left_sidebar_end','right_sidebar_start','before_right_sidebar_end','comment','guestbook','switch_theme','after_content','before_content','log_write_done','switch_admin_theme','captcha_image') ORDER BY `list_order` ASC [ RunTime:0.000727s ]
[2024-12-06T10:14:15+08:00][sql] SHOW FULL COLUMNS FROM `cmf_plugin` [ RunTime:0.001851s ]
[2024-12-06T10:14:15+08:00][sql] SELECT `config` FROM `cmf_plugin` WHERE  `name` = 'Qiniu' LIMIT 1 [ RunTime:0.000551s ]
[2024-12-06T10:14:15+08:00][sql] SHOW FULL COLUMNS FROM `cmf_live` [ RunTime:0.001924s ]
[2024-12-06T10:14:15+08:00][sql] SELECT * FROM `cmf_live` WHERE  ( islive='1' and isrecommend='1' and type='0' and live_type=0 ) [ RunTime:0.000969s ]
[2024-12-06T10:14:15+08:00][sql] SHOW FULL COLUMNS FROM `cmf_slide_item` [ RunTime:0.001434s ]
[2024-12-06T10:14:15+08:00][sql] SELECT * FROM `cmf_slide_item` WHERE  ( status='1' and slide_id='1' ) ORDER BY `list_order` ASC [ RunTime:0.000612s ]
[2024-12-06T10:14:15+08:00][sql] SHOW FULL COLUMNS FROM `cmf_live_class` [ RunTime:0.001227s ]
[2024-12-06T10:14:15+08:00][sql] SELECT * FROM `cmf_live_class` ORDER BY `list_order` LIMIT 5 [ RunTime:0.000460s ]
[2024-12-06T10:14:15+08:00][sql] SELECT * FROM `cmf_live` WHERE  `islive` = 1  AND `live_type` = 0  AND `liveclassid` = 8 ORDER BY `recommend_time` DESC,`starttime` DESC LIMIT 5 [ RunTime:0.000769s ]
[2024-12-06T10:14:15+08:00][sql] SELECT `uid`,`thumb`,`stream`,`title`,`city`,`islive`,`type` FROM `cmf_live` WHERE  ( islive='1' and ishot='1' and live_type=0 ) ORDER BY `isrecommend` DESC,`recommend_time` DESC,`hotvotes` DESC,`starttime` DESC LIMIT 5 [ RunTime:0.000475s ]
[2024-12-06T10:14:15+08:00][sql] SELECT `uid`,`thumb`,`stream`,`title`,`city`,`islive`,`type` FROM `cmf_live` WHERE  ( islive='1' and live_type=0 ) ORDER BY `starttime` DESC LIMIT 5 [ RunTime:0.000404s ]
[2024-12-06T10:14:15+08:00][sql] SHOW FULL COLUMNS FROM `cmf_theme_file` [ RunTime:0.001634s ]
[2024-12-06T10:14:15+08:00][sql] SELECT `more` FROM `cmf_theme_file` WHERE  `theme` = 'default'  AND (  `is_public` = 1 OR `file` = '../home/index/index' ) [ RunTime:0.000584s ]
[2024-12-06T10:14:15+08:00][sql] CONNECT:[ UseTime:0.000593s ] mysql:host=127.0.0.1;port=3306;dbname=zhibo;charset=utf8mb4
[2024-12-06T10:14:15+08:00][sql] SHOW FULL COLUMNS FROM `cmf_hook` [ RunTime:0.001511s ]
[2024-12-06T10:14:15+08:00][sql] SELECT `hook`,`id` FROM `cmf_hook` WHERE  (  (  `app` = '' OR `app` = 'cmf' )  AND `type` = 3 ) OR `type` = 1 [ RunTime:0.000649s ]
[2024-12-06T10:14:15+08:00][sql] SHOW FULL COLUMNS FROM `cmf_hook_plugin` [ RunTime:0.001242s ]
[2024-12-06T10:14:15+08:00][sql] SELECT `hook`,`plugin` FROM `cmf_hook_plugin` WHERE  `status` = 1  AND `hook` IN ('app_begin','module_init','action_begin','view_filter','app_end','log_write','response_end','admin_init','home_init','send_mobile_verification_code','body_start','before_head_end','footer_start','before_footer','before_footer_end','before_body_end','left_sidebar_start','before_left_sidebar_end','right_sidebar_start','before_right_sidebar_end','comment','guestbook','switch_theme','after_content','before_content','log_write_done','switch_admin_theme','captcha_image') ORDER BY `list_order` ASC [ RunTime:0.000664s ]
[2024-12-06T10:14:16+08:00][sql] CONNECT:[ UseTime:0.000613s ] mysql:host=127.0.0.1;port=3306;dbname=zhibo;charset=utf8mb4
[2024-12-06T10:14:16+08:00][sql] SHOW FULL COLUMNS FROM `cmf_hook` [ RunTime:0.001478s ]
[2024-12-06T10:14:16+08:00][sql] SELECT `hook`,`id` FROM `cmf_hook` WHERE  (  (  `app` = '' OR `app` = 'cmf' )  AND `type` = 3 ) OR `type` = 1 [ RunTime:0.000625s ]
[2024-12-06T10:14:16+08:00][sql] SHOW FULL COLUMNS FROM `cmf_hook_plugin` [ RunTime:0.001209s ]
[2024-12-06T10:14:16+08:00][sql] SELECT `hook`,`plugin` FROM `cmf_hook_plugin` WHERE  `status` = 1  AND `hook` IN ('app_begin','module_init','action_begin','view_filter','app_end','log_write','response_end','admin_init','home_init','send_mobile_verification_code','body_start','before_head_end','footer_start','before_footer','before_footer_end','before_body_end','left_sidebar_start','before_left_sidebar_end','right_sidebar_start','before_right_sidebar_end','comment','guestbook','switch_theme','after_content','before_content','log_write_done','switch_admin_theme','captcha_image') ORDER BY `list_order` ASC [ RunTime:0.000702s ]
[2024-12-06T10:14:16+08:00][sql] CONNECT:[ UseTime:0.000631s ] mysql:host=127.0.0.1;port=3306;dbname=zhibo;charset=utf8mb4
[2024-12-06T10:14:16+08:00][sql] SHOW FULL COLUMNS FROM `cmf_hook` [ RunTime:0.001567s ]
[2024-12-06T10:14:16+08:00][sql] SELECT `hook`,`id` FROM `cmf_hook` WHERE  (  (  `app` = '' OR `app` = 'cmf' )  AND `type` = 3 ) OR `type` = 1 [ RunTime:0.000616s ]
[2024-12-06T10:14:16+08:00][sql] SHOW FULL COLUMNS FROM `cmf_hook_plugin` [ RunTime:0.001308s ]
[2024-12-06T10:14:16+08:00][sql] SELECT `hook`,`plugin` FROM `cmf_hook_plugin` WHERE  `status` = 1  AND `hook` IN ('app_begin','module_init','action_begin','view_filter','app_end','log_write','response_end','admin_init','home_init','send_mobile_verification_code','body_start','before_head_end','footer_start','before_footer','before_footer_end','before_body_end','left_sidebar_start','before_left_sidebar_end','right_sidebar_start','before_right_sidebar_end','comment','guestbook','switch_theme','after_content','before_content','log_write_done','switch_admin_theme','captcha_image') ORDER BY `list_order` ASC [ RunTime:0.000699s ]
[2024-12-06T10:14:16+08:00][sql] CONNECT:[ UseTime:0.000641s ] mysql:host=127.0.0.1;port=3306;dbname=zhibo;charset=utf8mb4
[2024-12-06T10:14:16+08:00][sql] SHOW FULL COLUMNS FROM `cmf_hook` [ RunTime:0.001538s ]
[2024-12-06T10:14:16+08:00][sql] SELECT `hook`,`id` FROM `cmf_hook` WHERE  (  (  `app` = '' OR `app` = 'cmf' )  AND `type` = 3 ) OR `type` = 1 [ RunTime:0.000687s ]
[2024-12-06T10:14:16+08:00][sql] SHOW FULL COLUMNS FROM `cmf_hook_plugin` [ RunTime:0.001218s ]
[2024-12-06T10:14:16+08:00][sql] SELECT `hook`,`plugin` FROM `cmf_hook_plugin` WHERE  `status` = 1  AND `hook` IN ('app_begin','module_init','action_begin','view_filter','app_end','log_write','response_end','admin_init','home_init','send_mobile_verification_code','body_start','before_head_end','footer_start','before_footer','before_footer_end','before_body_end','left_sidebar_start','before_left_sidebar_end','right_sidebar_start','before_right_sidebar_end','comment','guestbook','switch_theme','after_content','before_content','log_write_done','switch_admin_theme','captcha_image') ORDER BY `list_order` ASC [ RunTime:0.000701s ]
[2024-12-06T10:14:16+08:00][sql] SHOW FULL COLUMNS FROM `cmf_plugin` [ RunTime:0.002041s ]
[2024-12-06T10:14:16+08:00][sql] SELECT `config` FROM `cmf_plugin` WHERE  `name` = 'Qiniu' LIMIT 1 [ RunTime:0.000627s ]
[2024-12-06T10:14:16+08:00][sql] CONNECT:[ UseTime:0.000545s ] mysql:host=127.0.0.1;port=3306;dbname=zhibo;charset=utf8mb4
[2024-12-06T10:14:16+08:00][sql] SHOW FULL COLUMNS FROM `cmf_hook` [ RunTime:0.001514s ]
[2024-12-06T10:14:16+08:00][sql] SELECT `hook`,`id` FROM `cmf_hook` WHERE  (  (  `app` = '' OR `app` = 'cmf' )  AND `type` = 3 ) OR `type` = 1 [ RunTime:0.000671s ]
[2024-12-06T10:14:16+08:00][sql] SHOW FULL COLUMNS FROM `cmf_hook_plugin` [ RunTime:0.001307s ]
[2024-12-06T10:14:16+08:00][sql] SELECT `hook`,`plugin` FROM `cmf_hook_plugin` WHERE  `status` = 1  AND `hook` IN ('app_begin','module_init','action_begin','view_filter','app_end','log_write','response_end','admin_init','home_init','send_mobile_verification_code','body_start','before_head_end','footer_start','before_footer','before_footer_end','before_body_end','left_sidebar_start','before_left_sidebar_end','right_sidebar_start','before_right_sidebar_end','comment','guestbook','switch_theme','after_content','before_content','log_write_done','switch_admin_theme','captcha_image') ORDER BY `list_order` ASC [ RunTime:0.000736s ]
[2024-12-06T10:14:16+08:00][sql] CONNECT:[ UseTime:0.000685s ] mysql:host=127.0.0.1;port=3306;dbname=zhibo;charset=utf8mb4
[2024-12-06T10:14:16+08:00][sql] SHOW FULL COLUMNS FROM `cmf_hook` [ RunTime:0.001566s ]
[2024-12-06T10:14:16+08:00][sql] SELECT `hook`,`id` FROM `cmf_hook` WHERE  (  (  `app` = '' OR `app` = 'cmf' )  AND `type` = 3 ) OR `type` = 1 [ RunTime:0.000645s ]
[2024-12-06T10:14:16+08:00][sql] SHOW FULL COLUMNS FROM `cmf_hook_plugin` [ RunTime:0.001247s ]
[2024-12-06T10:14:16+08:00][sql] SELECT `hook`,`plugin` FROM `cmf_hook_plugin` WHERE  `status` = 1  AND `hook` IN ('app_begin','module_init','action_begin','view_filter','app_end','log_write','response_end','admin_init','home_init','send_mobile_verification_code','body_start','before_head_end','footer_start','before_footer','before_footer_end','before_body_end','left_sidebar_start','before_left_sidebar_end','right_sidebar_start','before_right_sidebar_end','comment','guestbook','switch_theme','after_content','before_content','log_write_done','switch_admin_theme','captcha_image') ORDER BY `list_order` ASC [ RunTime:0.000690s ]
[2024-12-06T10:14:16+08:00][sql] CONNECT:[ UseTime:0.000662s ] mysql:host=127.0.0.1;port=3306;dbname=zhibo;charset=utf8mb4
[2024-12-06T10:14:16+08:00][sql] SHOW FULL COLUMNS FROM `cmf_hook` [ RunTime:0.001564s ]
[2024-12-06T10:14:16+08:00][sql] SELECT `hook`,`id` FROM `cmf_hook` WHERE  (  (  `app` = '' OR `app` = 'cmf' )  AND `type` = 3 ) OR `type` = 1 [ RunTime:0.000691s ]
[2024-12-06T10:14:16+08:00][sql] SHOW FULL COLUMNS FROM `cmf_hook_plugin` [ RunTime:0.001300s ]
[2024-12-06T10:14:16+08:00][sql] SELECT `hook`,`plugin` FROM `cmf_hook_plugin` WHERE  `status` = 1  AND `hook` IN ('app_begin','module_init','action_begin','view_filter','app_end','log_write','response_end','admin_init','home_init','send_mobile_verification_code','body_start','before_head_end','footer_start','before_footer','before_footer_end','before_body_end','left_sidebar_start','before_left_sidebar_end','right_sidebar_start','before_right_sidebar_end','comment','guestbook','switch_theme','after_content','before_content','log_write_done','switch_admin_theme','captcha_image') ORDER BY `list_order` ASC [ RunTime:0.000773s ]
[2024-12-06T10:14:33+08:00][sql] CONNECT:[ UseTime:0.000714s ] mysql:host=127.0.0.1;port=3306;dbname=zhibo;charset=utf8mb4
[2024-12-06T10:14:33+08:00][sql] SHOW FULL COLUMNS FROM `cmf_hook` [ RunTime:0.001634s ]
[2024-12-06T10:14:33+08:00][sql] SELECT `hook`,`id` FROM `cmf_hook` WHERE  (  (  `app` = '' OR `app` = 'cmf' )  AND `type` = 3 ) OR `type` = 1 [ RunTime:0.000659s ]
[2024-12-06T10:14:33+08:00][sql] SHOW FULL COLUMNS FROM `cmf_hook_plugin` [ RunTime:0.001334s ]
[2024-12-06T10:14:33+08:00][sql] SELECT `hook`,`plugin` FROM `cmf_hook_plugin` WHERE  `status` = 1  AND `hook` IN ('app_begin','module_init','action_begin','view_filter','app_end','log_write','response_end','admin_init','home_init','send_mobile_verification_code','body_start','before_head_end','footer_start','before_footer','before_footer_end','before_body_end','left_sidebar_start','before_left_sidebar_end','right_sidebar_start','before_right_sidebar_end','comment','guestbook','switch_theme','after_content','before_content','log_write_done','switch_admin_theme','captcha_image') ORDER BY `list_order` ASC [ RunTime:0.000705s ]
[2024-12-06T10:14:33+08:00][sql] CONNECT:[ UseTime:0.000654s ] mysql:host=127.0.0.1;port=3306;dbname=zhibo;charset=utf8mb4
[2024-12-06T10:14:33+08:00][sql] SHOW FULL COLUMNS FROM `cmf_hook` [ RunTime:0.001559s ]
[2024-12-06T10:14:33+08:00][sql] SELECT `hook`,`id` FROM `cmf_hook` WHERE  (  (  `app` = '' OR `app` = 'cmf' )  AND `type` = 3 ) OR `type` = 1 [ RunTime:0.000655s ]
[2024-12-06T10:14:33+08:00][sql] SHOW FULL COLUMNS FROM `cmf_hook_plugin` [ RunTime:0.001301s ]
[2024-12-06T10:14:33+08:00][sql] SELECT `hook`,`plugin` FROM `cmf_hook_plugin` WHERE  `status` = 1  AND `hook` IN ('app_begin','module_init','action_begin','view_filter','app_end','log_write','response_end','admin_init','home_init','send_mobile_verification_code','body_start','before_head_end','footer_start','before_footer','before_footer_end','before_body_end','left_sidebar_start','before_left_sidebar_end','right_sidebar_start','before_right_sidebar_end','comment','guestbook','switch_theme','after_content','before_content','log_write_done','switch_admin_theme','captcha_image') ORDER BY `list_order` ASC [ RunTime:0.000692s ]
[2024-12-06T10:14:40+08:00][sql] CONNECT:[ UseTime:0.000670s ] mysql:host=127.0.0.1;port=3306;dbname=zhibo;charset=utf8mb4
[2024-12-06T10:14:40+08:00][sql] SHOW FULL COLUMNS FROM `cmf_hook` [ RunTime:0.001553s ]
[2024-12-06T10:14:40+08:00][sql] SELECT `hook`,`id` FROM `cmf_hook` WHERE  (  (  `app` = '' OR `app` = 'cmf' )  AND `type` = 3 ) OR `type` = 1 [ RunTime:0.000705s ]
[2024-12-06T10:14:40+08:00][sql] SHOW FULL COLUMNS FROM `cmf_hook_plugin` [ RunTime:0.001283s ]
[2024-12-06T10:14:40+08:00][sql] SELECT `hook`,`plugin` FROM `cmf_hook_plugin` WHERE  `status` = 1  AND `hook` IN ('app_begin','module_init','action_begin','view_filter','app_end','log_write','response_end','admin_init','home_init','send_mobile_verification_code','body_start','before_head_end','footer_start','before_footer','before_footer_end','before_body_end','left_sidebar_start','before_left_sidebar_end','right_sidebar_start','before_right_sidebar_end','comment','guestbook','switch_theme','after_content','before_content','log_write_done','switch_admin_theme','captcha_image') ORDER BY `list_order` ASC [ RunTime:0.000753s ]
[2024-12-06T10:14:40+08:00][sql] CONNECT:[ UseTime:0.000674s ] mysql:host=127.0.0.1;port=3306;dbname=zhibo;charset=utf8mb4
[2024-12-06T10:14:40+08:00][sql] SHOW FULL COLUMNS FROM `cmf_hook` [ RunTime:0.001625s ]
[2024-12-06T10:14:40+08:00][sql] SELECT `hook`,`id` FROM `cmf_hook` WHERE  (  (  `app` = '' OR `app` = 'cmf' )  AND `type` = 3 ) OR `type` = 1 [ RunTime:0.000685s ]
[2024-12-06T10:14:40+08:00][sql] SHOW FULL COLUMNS FROM `cmf_hook_plugin` [ RunTime:0.001337s ]
[2024-12-06T10:14:40+08:00][sql] SELECT `hook`,`plugin` FROM `cmf_hook_plugin` WHERE  `status` = 1  AND `hook` IN ('app_begin','module_init','action_begin','view_filter','app_end','log_write','response_end','admin_init','home_init','send_mobile_verification_code','body_start','before_head_end','footer_start','before_footer','before_footer_end','before_body_end','left_sidebar_start','before_left_sidebar_end','right_sidebar_start','before_right_sidebar_end','comment','guestbook','switch_theme','after_content','before_content','log_write_done','switch_admin_theme','captcha_image') ORDER BY `list_order` ASC [ RunTime:0.000737s ]
[2024-12-06T10:15:00+08:00][sql] CONNECT:[ UseTime:0.000668s ] mysql:host=127.0.0.1;port=3306;dbname=zhibo;charset=utf8mb4
[2024-12-06T10:15:00+08:00][sql] SHOW FULL COLUMNS FROM `cmf_hook` [ RunTime:0.001540s ]
[2024-12-06T10:15:00+08:00][sql] SELECT `hook`,`id` FROM `cmf_hook` WHERE  (  (  `app` = '' OR `app` = 'cmf' )  AND `type` = 3 ) OR `type` = 1 [ RunTime:0.000637s ]
[2024-12-06T10:15:00+08:00][sql] SHOW FULL COLUMNS FROM `cmf_hook_plugin` [ RunTime:0.001222s ]
[2024-12-06T10:15:00+08:00][sql] SELECT `hook`,`plugin` FROM `cmf_hook_plugin` WHERE  `status` = 1  AND `hook` IN ('app_begin','module_init','action_begin','view_filter','app_end','log_write','response_end','admin_init','home_init','send_mobile_verification_code','body_start','before_head_end','footer_start','before_footer','before_footer_end','before_body_end','left_sidebar_start','before_left_sidebar_end','right_sidebar_start','before_right_sidebar_end','comment','guestbook','switch_theme','after_content','before_content','log_write_done','switch_admin_theme','captcha_image') ORDER BY `list_order` ASC [ RunTime:0.000691s ]
[2024-12-06T10:15:00+08:00][sql] SHOW FULL COLUMNS FROM `cmf_plugin` [ RunTime:0.001898s ]
[2024-12-06T10:15:00+08:00][sql] SELECT `config` FROM `cmf_plugin` WHERE  `name` = 'Qiniu' LIMIT 1 [ RunTime:0.000556s ]
[2024-12-06T10:15:00+08:00][sql] SHOW FULL COLUMNS FROM `cmf_live` [ RunTime:0.002086s ]
[2024-12-06T10:15:00+08:00][sql] SELECT COUNT(*) AS think_count FROM `cmf_live` WHERE  ( islive=1 and live_type=0 ) LIMIT 1 [ RunTime:0.000661s ]
[2024-12-06T10:15:00+08:00][sql] SHOW FULL COLUMNS FROM `cmf_theme_file` [ RunTime:0.001789s ]
[2024-12-06T10:15:00+08:00][sql] SELECT `more` FROM `cmf_theme_file` WHERE  `theme` = 'default'  AND (  `is_public` = 1 OR `file` = '../home/index/translate' ) [ RunTime:0.000646s ]
[2024-12-06T10:15:00+08:00][sql] CONNECT:[ UseTime:0.000707s ] mysql:host=127.0.0.1;port=3306;dbname=zhibo;charset=utf8mb4
[2024-12-06T10:15:00+08:00][sql] SHOW FULL COLUMNS FROM `cmf_hook` [ RunTime:0.001618s ]
[2024-12-06T10:15:00+08:00][sql] SELECT `hook`,`id` FROM `cmf_hook` WHERE  (  (  `app` = '' OR `app` = 'cmf' )  AND `type` = 3 ) OR `type` = 1 [ RunTime:0.000698s ]
[2024-12-06T10:15:00+08:00][sql] SHOW FULL COLUMNS FROM `cmf_hook_plugin` [ RunTime:0.001449s ]
[2024-12-06T10:15:00+08:00][sql] SELECT `hook`,`plugin` FROM `cmf_hook_plugin` WHERE  `status` = 1  AND `hook` IN ('app_begin','module_init','action_begin','view_filter','app_end','log_write','response_end','admin_init','home_init','send_mobile_verification_code','body_start','before_head_end','footer_start','before_footer','before_footer_end','before_body_end','left_sidebar_start','before_left_sidebar_end','right_sidebar_start','before_right_sidebar_end','comment','guestbook','switch_theme','after_content','before_content','log_write_done','switch_admin_theme','captcha_image') ORDER BY `list_order` ASC [ RunTime:0.000703s ]
[2024-12-06T10:15:00+08:00][sql] CONNECT:[ UseTime:0.000681s ] mysql:host=127.0.0.1;port=3306;dbname=zhibo;charset=utf8mb4
[2024-12-06T10:15:00+08:00][sql] SHOW FULL COLUMNS FROM `cmf_hook` [ RunTime:0.001641s ]
[2024-12-06T10:15:00+08:00][sql] SELECT `hook`,`id` FROM `cmf_hook` WHERE  (  (  `app` = '' OR `app` = 'cmf' )  AND `type` = 3 ) OR `type` = 1 [ RunTime:0.000685s ]
[2024-12-06T10:15:00+08:00][sql] SHOW FULL COLUMNS FROM `cmf_hook_plugin` [ RunTime:0.001243s ]
[2024-12-06T10:15:00+08:00][sql] SELECT `hook`,`plugin` FROM `cmf_hook_plugin` WHERE  `status` = 1  AND `hook` IN ('app_begin','module_init','action_begin','view_filter','app_end','log_write','response_end','admin_init','home_init','send_mobile_verification_code','body_start','before_head_end','footer_start','before_footer','before_footer_end','before_body_end','left_sidebar_start','before_left_sidebar_end','right_sidebar_start','before_right_sidebar_end','comment','guestbook','switch_theme','after_content','before_content','log_write_done','switch_admin_theme','captcha_image') ORDER BY `list_order` ASC [ RunTime:0.000752s ]
[2024-12-06T10:15:00+08:00][sql] SHOW FULL COLUMNS FROM `cmf_plugin` [ RunTime:0.002059s ]
[2024-12-06T10:15:00+08:00][sql] SELECT `config` FROM `cmf_plugin` WHERE  `name` = 'Qiniu' LIMIT 1 [ RunTime:0.000534s ]
[2024-12-06T10:15:00+08:00][sql] CONNECT:[ UseTime:0.000640s ] mysql:host=127.0.0.1;port=3306;dbname=zhibo;charset=utf8mb4
[2024-12-06T10:15:00+08:00][sql] SHOW FULL COLUMNS FROM `cmf_hook` [ RunTime:0.001556s ]
[2024-12-06T10:15:00+08:00][sql] SELECT `hook`,`id` FROM `cmf_hook` WHERE  (  (  `app` = '' OR `app` = 'cmf' )  AND `type` = 3 ) OR `type` = 1 [ RunTime:0.000633s ]
[2024-12-06T10:15:00+08:00][sql] SHOW FULL COLUMNS FROM `cmf_hook_plugin` [ RunTime:0.001409s ]
[2024-12-06T10:15:00+08:00][sql] SELECT `hook`,`plugin` FROM `cmf_hook_plugin` WHERE  `status` = 1  AND `hook` IN ('app_begin','module_init','action_begin','view_filter','app_end','log_write','response_end','admin_init','home_init','send_mobile_verification_code','body_start','before_head_end','footer_start','before_footer','before_footer_end','before_body_end','left_sidebar_start','before_left_sidebar_end','right_sidebar_start','before_right_sidebar_end','comment','guestbook','switch_theme','after_content','before_content','log_write_done','switch_admin_theme','captcha_image') ORDER BY `list_order` ASC [ RunTime:0.000682s ]
[2024-12-06T10:15:00+08:00][sql] CONNECT:[ UseTime:0.000534s ] mysql:host=127.0.0.1;port=3306;dbname=zhibo;charset=utf8mb4
[2024-12-06T10:15:00+08:00][sql] SHOW FULL COLUMNS FROM `cmf_hook` [ RunTime:0.001517s ]
[2024-12-06T10:15:00+08:00][sql] SELECT `hook`,`id` FROM `cmf_hook` WHERE  (  (  `app` = '' OR `app` = 'cmf' )  AND `type` = 3 ) OR `type` = 1 [ RunTime:0.000527s ]
[2024-12-06T10:15:00+08:00][sql] SHOW FULL COLUMNS FROM `cmf_hook_plugin` [ RunTime:0.001205s ]
[2024-12-06T10:15:00+08:00][sql] SELECT `hook`,`plugin` FROM `cmf_hook_plugin` WHERE  `status` = 1  AND `hook` IN ('app_begin','module_init','action_begin','view_filter','app_end','log_write','response_end','admin_init','home_init','send_mobile_verification_code','body_start','before_head_end','footer_start','before_footer','before_footer_end','before_body_end','left_sidebar_start','before_left_sidebar_end','right_sidebar_start','before_right_sidebar_end','comment','guestbook','switch_theme','after_content','before_content','log_write_done','switch_admin_theme','captcha_image') ORDER BY `list_order` ASC [ RunTime:0.000692s ]
[2024-12-06T10:15:00+08:00][sql] CONNECT:[ UseTime:0.000701s ] mysql:host=127.0.0.1;port=3306;dbname=zhibo;charset=utf8mb4
[2024-12-06T10:15:00+08:00][sql] SHOW FULL COLUMNS FROM `cmf_hook` [ RunTime:0.001495s ]
[2024-12-06T10:15:00+08:00][sql] SELECT `hook`,`id` FROM `cmf_hook` WHERE  (  (  `app` = '' OR `app` = 'cmf' )  AND `type` = 3 ) OR `type` = 1 [ RunTime:0.000656s ]
[2024-12-06T10:15:00+08:00][sql] SHOW FULL COLUMNS FROM `cmf_hook_plugin` [ RunTime:0.001273s ]
[2024-12-06T10:15:00+08:00][sql] SELECT `hook`,`plugin` FROM `cmf_hook_plugin` WHERE  `status` = 1  AND `hook` IN ('app_begin','module_init','action_begin','view_filter','app_end','log_write','response_end','admin_init','home_init','send_mobile_verification_code','body_start','before_head_end','footer_start','before_footer','before_footer_end','before_body_end','left_sidebar_start','before_left_sidebar_end','right_sidebar_start','before_right_sidebar_end','comment','guestbook','switch_theme','after_content','before_content','log_write_done','switch_admin_theme','captcha_image') ORDER BY `list_order` ASC [ RunTime:0.000784s ]
[2024-12-06T10:15:00+08:00][sql] CONNECT:[ UseTime:0.000654s ] mysql:host=127.0.0.1;port=3306;dbname=zhibo;charset=utf8mb4
[2024-12-06T10:15:00+08:00][sql] SHOW FULL COLUMNS FROM `cmf_hook` [ RunTime:0.001551s ]
[2024-12-06T10:15:00+08:00][sql] SELECT `hook`,`id` FROM `cmf_hook` WHERE  (  (  `app` = '' OR `app` = 'cmf' )  AND `type` = 3 ) OR `type` = 1 [ RunTime:0.000673s ]
[2024-12-06T10:15:00+08:00][sql] SHOW FULL COLUMNS FROM `cmf_hook_plugin` [ RunTime:0.001226s ]
[2024-12-06T10:15:00+08:00][sql] SELECT `hook`,`plugin` FROM `cmf_hook_plugin` WHERE  `status` = 1  AND `hook` IN ('app_begin','module_init','action_begin','view_filter','app_end','log_write','response_end','admin_init','home_init','send_mobile_verification_code','body_start','before_head_end','footer_start','before_footer','before_footer_end','before_body_end','left_sidebar_start','before_left_sidebar_end','right_sidebar_start','before_right_sidebar_end','comment','guestbook','switch_theme','after_content','before_content','log_write_done','switch_admin_theme','captcha_image') ORDER BY `list_order` ASC [ RunTime:0.000756s ]
[2024-12-06T10:15:11+08:00][sql] CONNECT:[ UseTime:0.000703s ] mysql:host=127.0.0.1;port=3306;dbname=zhibo;charset=utf8mb4
[2024-12-06T10:15:11+08:00][sql] SHOW FULL COLUMNS FROM `cmf_hook` [ RunTime:0.001600s ]
[2024-12-06T10:15:11+08:00][sql] SELECT `hook`,`id` FROM `cmf_hook` WHERE  (  (  `app` = '' OR `app` = 'cmf' )  AND `type` = 3 ) OR `type` = 1 [ RunTime:0.000676s ]
[2024-12-06T10:15:11+08:00][sql] SHOW FULL COLUMNS FROM `cmf_hook_plugin` [ RunTime:0.001379s ]
[2024-12-06T10:15:11+08:00][sql] SELECT `hook`,`plugin` FROM `cmf_hook_plugin` WHERE  `status` = 1  AND `hook` IN ('app_begin','module_init','action_begin','view_filter','app_end','log_write','response_end','admin_init','home_init','send_mobile_verification_code','body_start','before_head_end','footer_start','before_footer','before_footer_end','before_body_end','left_sidebar_start','before_left_sidebar_end','right_sidebar_start','before_right_sidebar_end','comment','guestbook','switch_theme','after_content','before_content','log_write_done','switch_admin_theme','captcha_image') ORDER BY `list_order` ASC [ RunTime:0.000714s ]
[2024-12-06T10:15:12+08:00][sql] CONNECT:[ UseTime:0.000667s ] mysql:host=127.0.0.1;port=3306;dbname=zhibo;charset=utf8mb4
[2024-12-06T10:15:12+08:00][sql] SHOW FULL COLUMNS FROM `cmf_hook` [ RunTime:0.001529s ]
[2024-12-06T10:15:12+08:00][sql] SELECT `hook`,`id` FROM `cmf_hook` WHERE  (  (  `app` = '' OR `app` = 'cmf' )  AND `type` = 3 ) OR `type` = 1 [ RunTime:0.000689s ]
[2024-12-06T10:15:12+08:00][sql] SHOW FULL COLUMNS FROM `cmf_hook_plugin` [ RunTime:0.001362s ]
[2024-12-06T10:15:12+08:00][sql] SELECT `hook`,`plugin` FROM `cmf_hook_plugin` WHERE  `status` = 1  AND `hook` IN ('app_begin','module_init','action_begin','view_filter','app_end','log_write','response_end','admin_init','home_init','send_mobile_verification_code','body_start','before_head_end','footer_start','before_footer','before_footer_end','before_body_end','left_sidebar_start','before_left_sidebar_end','right_sidebar_start','before_right_sidebar_end','comment','guestbook','switch_theme','after_content','before_content','log_write_done','switch_admin_theme','captcha_image') ORDER BY `list_order` ASC [ RunTime:0.000716s ]
[2024-12-06T10:15:15+08:00][sql] CONNECT:[ UseTime:0.000663s ] mysql:host=127.0.0.1;port=3306;dbname=zhibo;charset=utf8mb4
[2024-12-06T10:15:15+08:00][sql] SHOW FULL COLUMNS FROM `cmf_hook` [ RunTime:0.001528s ]
[2024-12-06T10:15:15+08:00][sql] SELECT `hook`,`id` FROM `cmf_hook` WHERE  (  (  `app` = '' OR `app` = 'cmf' )  AND `type` = 3 ) OR `type` = 1 [ RunTime:0.000645s ]
[2024-12-06T10:15:15+08:00][sql] SHOW FULL COLUMNS FROM `cmf_hook_plugin` [ RunTime:0.001279s ]
[2024-12-06T10:15:15+08:00][sql] SELECT `hook`,`plugin` FROM `cmf_hook_plugin` WHERE  `status` = 1  AND `hook` IN ('app_begin','module_init','action_begin','view_filter','app_end','log_write','response_end','admin_init','home_init','send_mobile_verification_code','body_start','before_head_end','footer_start','before_footer','before_footer_end','before_body_end','left_sidebar_start','before_left_sidebar_end','right_sidebar_start','before_right_sidebar_end','comment','guestbook','switch_theme','after_content','before_content','log_write_done','switch_admin_theme','captcha_image') ORDER BY `list_order` ASC [ RunTime:0.000715s ]
[2024-12-06T10:15:15+08:00][sql] SHOW FULL COLUMNS FROM `cmf_plugin` [ RunTime:0.001918s ]
[2024-12-06T10:15:15+08:00][sql] SELECT `config` FROM `cmf_plugin` WHERE  `name` = 'Qiniu' LIMIT 1 [ RunTime:0.000552s ]
[2024-12-06T10:15:15+08:00][sql] SHOW FULL COLUMNS FROM `cmf_live` [ RunTime:0.002024s ]
[2024-12-06T10:15:15+08:00][sql] SELECT * FROM `cmf_live` WHERE  ( islive='1' and isrecommend='1' and type='0' and live_type=0 ) [ RunTime:0.000954s ]
[2024-12-06T10:15:15+08:00][sql] SHOW FULL COLUMNS FROM `cmf_slide_item` [ RunTime:0.001554s ]
[2024-12-06T10:15:15+08:00][sql] SELECT * FROM `cmf_slide_item` WHERE  ( status='1' and slide_id='1' ) ORDER BY `list_order` ASC [ RunTime:0.000623s ]
[2024-12-06T10:15:15+08:00][sql] SHOW FULL COLUMNS FROM `cmf_live_class` [ RunTime:0.001300s ]
[2024-12-06T10:15:15+08:00][sql] SELECT * FROM `cmf_live_class` ORDER BY `list_order` LIMIT 5 [ RunTime:0.000466s ]
[2024-12-06T10:15:15+08:00][sql] SELECT * FROM `cmf_live` WHERE  `islive` = 1  AND `live_type` = 0  AND `liveclassid` = 8 ORDER BY `recommend_time` DESC,`starttime` DESC LIMIT 5 [ RunTime:0.000795s ]
[2024-12-06T10:15:15+08:00][sql] SELECT `uid`,`thumb`,`stream`,`title`,`city`,`islive`,`type` FROM `cmf_live` WHERE  ( islive='1' and ishot='1' and live_type=0 ) ORDER BY `isrecommend` DESC,`recommend_time` DESC,`hotvotes` DESC,`starttime` DESC LIMIT 5 [ RunTime:0.000536s ]
[2024-12-06T10:15:15+08:00][sql] SELECT `uid`,`thumb`,`stream`,`title`,`city`,`islive`,`type` FROM `cmf_live` WHERE  ( islive='1' and live_type=0 ) ORDER BY `starttime` DESC LIMIT 5 [ RunTime:0.000447s ]
[2024-12-06T10:15:15+08:00][sql] SHOW FULL COLUMNS FROM `cmf_theme_file` [ RunTime:0.001678s ]
[2024-12-06T10:15:15+08:00][sql] SELECT `more` FROM `cmf_theme_file` WHERE  `theme` = 'default'  AND (  `is_public` = 1 OR `file` = '../home/index/index' ) [ RunTime:0.000614s ]
[2024-12-06T10:15:29+08:00][sql] CONNECT:[ UseTime:0.000674s ] mysql:host=127.0.0.1;port=3306;dbname=zhibo;charset=utf8mb4
[2024-12-06T10:15:29+08:00][sql] SHOW FULL COLUMNS FROM `cmf_hook` [ RunTime:0.001549s ]
[2024-12-06T10:15:29+08:00][sql] SELECT `hook`,`id` FROM `cmf_hook` WHERE  (  (  `app` = '' OR `app` = 'cmf' )  AND `type` = 3 ) OR `type` = 1 [ RunTime:0.000662s ]
[2024-12-06T10:15:29+08:00][sql] SHOW FULL COLUMNS FROM `cmf_hook_plugin` [ RunTime:0.001320s ]
[2024-12-06T10:15:29+08:00][sql] SELECT `hook`,`plugin` FROM `cmf_hook_plugin` WHERE  `status` = 1  AND `hook` IN ('app_begin','module_init','action_begin','view_filter','app_end','log_write','response_end','admin_init','home_init','send_mobile_verification_code','body_start','before_head_end','footer_start','before_footer','before_footer_end','before_body_end','left_sidebar_start','before_left_sidebar_end','right_sidebar_start','before_right_sidebar_end','comment','guestbook','switch_theme','after_content','before_content','log_write_done','switch_admin_theme','captcha_image') ORDER BY `list_order` ASC [ RunTime:0.000750s ]
[2024-12-06T10:15:29+08:00][sql] SHOW FULL COLUMNS FROM `cmf_plugin` [ RunTime:0.002063s ]
[2024-12-06T10:15:29+08:00][sql] SELECT `config` FROM `cmf_plugin` WHERE  `name` = 'Qiniu' LIMIT 1 [ RunTime:0.000545s ]
[2024-12-06T10:15:29+08:00][sql] SHOW FULL COLUMNS FROM `cmf_live` [ RunTime:0.002004s ]
[2024-12-06T10:15:29+08:00][sql] SELECT COUNT(*) AS think_count FROM `cmf_live` WHERE  ( islive=1 and live_type=0 ) LIMIT 1 [ RunTime:0.000616s ]
[2024-12-06T10:15:29+08:00][sql] SHOW FULL COLUMNS FROM `cmf_theme_file` [ RunTime:0.001732s ]
[2024-12-06T10:15:29+08:00][sql] SELECT `more` FROM `cmf_theme_file` WHERE  `theme` = 'default'  AND (  `is_public` = 1 OR `file` = '../home/index/translate' ) [ RunTime:0.000645s ]
[2024-12-06T10:15:29+08:00][sql] CONNECT:[ UseTime:0.000661s ] mysql:host=127.0.0.1;port=3306;dbname=zhibo;charset=utf8mb4
[2024-12-06T10:15:29+08:00][sql] SHOW FULL COLUMNS FROM `cmf_hook` [ RunTime:0.001551s ]
[2024-12-06T10:15:29+08:00][sql] SELECT `hook`,`id` FROM `cmf_hook` WHERE  (  (  `app` = '' OR `app` = 'cmf' )  AND `type` = 3 ) OR `type` = 1 [ RunTime:0.000701s ]
[2024-12-06T10:15:29+08:00][sql] SHOW FULL COLUMNS FROM `cmf_hook_plugin` [ RunTime:0.001339s ]
[2024-12-06T10:15:29+08:00][sql] SELECT `hook`,`plugin` FROM `cmf_hook_plugin` WHERE  `status` = 1  AND `hook` IN ('app_begin','module_init','action_begin','view_filter','app_end','log_write','response_end','admin_init','home_init','send_mobile_verification_code','body_start','before_head_end','footer_start','before_footer','before_footer_end','before_body_end','left_sidebar_start','before_left_sidebar_end','right_sidebar_start','before_right_sidebar_end','comment','guestbook','switch_theme','after_content','before_content','log_write_done','switch_admin_theme','captcha_image') ORDER BY `list_order` ASC [ RunTime:0.000702s ]
[2024-12-06T10:15:29+08:00][sql] CONNECT:[ UseTime:0.000769s ] mysql:host=127.0.0.1;port=3306;dbname=zhibo;charset=utf8mb4
[2024-12-06T10:15:29+08:00][sql] SHOW FULL COLUMNS FROM `cmf_hook` [ RunTime:0.001678s ]
[2024-12-06T10:15:29+08:00][sql] SELECT `hook`,`id` FROM `cmf_hook` WHERE  (  (  `app` = '' OR `app` = 'cmf' )  AND `type` = 3 ) OR `type` = 1 [ RunTime:0.000769s ]
[2024-12-06T10:15:29+08:00][sql] SHOW FULL COLUMNS FROM `cmf_hook_plugin` [ RunTime:0.001358s ]
[2024-12-06T10:15:29+08:00][sql] SELECT `hook`,`plugin` FROM `cmf_hook_plugin` WHERE  `status` = 1  AND `hook` IN ('app_begin','module_init','action_begin','view_filter','app_end','log_write','response_end','admin_init','home_init','send_mobile_verification_code','body_start','before_head_end','footer_start','before_footer','before_footer_end','before_body_end','left_sidebar_start','before_left_sidebar_end','right_sidebar_start','before_right_sidebar_end','comment','guestbook','switch_theme','after_content','before_content','log_write_done','switch_admin_theme','captcha_image') ORDER BY `list_order` ASC [ RunTime:0.000798s ]
[2024-12-06T10:15:29+08:00][sql] CONNECT:[ UseTime:0.000660s ] mysql:host=127.0.0.1;port=3306;dbname=zhibo;charset=utf8mb4
[2024-12-06T10:15:29+08:00][sql] SHOW FULL COLUMNS FROM `cmf_hook` [ RunTime:0.001569s ]
[2024-12-06T10:15:29+08:00][sql] SELECT `hook`,`id` FROM `cmf_hook` WHERE  (  (  `app` = '' OR `app` = 'cmf' )  AND `type` = 3 ) OR `type` = 1 [ RunTime:0.000665s ]
[2024-12-06T10:15:29+08:00][sql] SHOW FULL COLUMNS FROM `cmf_hook_plugin` [ RunTime:0.001272s ]
[2024-12-06T10:15:29+08:00][sql] SELECT `hook`,`plugin` FROM `cmf_hook_plugin` WHERE  `status` = 1  AND `hook` IN ('app_begin','module_init','action_begin','view_filter','app_end','log_write','response_end','admin_init','home_init','send_mobile_verification_code','body_start','before_head_end','footer_start','before_footer','before_footer_end','before_body_end','left_sidebar_start','before_left_sidebar_end','right_sidebar_start','before_right_sidebar_end','comment','guestbook','switch_theme','after_content','before_content','log_write_done','switch_admin_theme','captcha_image') ORDER BY `list_order` ASC [ RunTime:0.000700s ]
[2024-12-06T10:15:29+08:00][sql] SHOW FULL COLUMNS FROM `cmf_plugin` [ RunTime:0.001690s ]
[2024-12-06T10:15:29+08:00][sql] SELECT `config` FROM `cmf_plugin` WHERE  `name` = 'Qiniu' LIMIT 1 [ RunTime:0.000473s ]
[2024-12-06T10:15:29+08:00][sql] CONNECT:[ UseTime:0.000818s ] mysql:host=127.0.0.1;port=3306;dbname=zhibo;charset=utf8mb4
[2024-12-06T10:15:29+08:00][sql] SHOW FULL COLUMNS FROM `cmf_hook` [ RunTime:0.001601s ]
[2024-12-06T10:15:29+08:00][sql] SELECT `hook`,`id` FROM `cmf_hook` WHERE  (  (  `app` = '' OR `app` = 'cmf' )  AND `type` = 3 ) OR `type` = 1 [ RunTime:0.000687s ]
[2024-12-06T10:15:29+08:00][sql] SHOW FULL COLUMNS FROM `cmf_hook_plugin` [ RunTime:0.001289s ]
[2024-12-06T10:15:29+08:00][sql] SELECT `hook`,`plugin` FROM `cmf_hook_plugin` WHERE  `status` = 1  AND `hook` IN ('app_begin','module_init','action_begin','view_filter','app_end','log_write','response_end','admin_init','home_init','send_mobile_verification_code','body_start','before_head_end','footer_start','before_footer','before_footer_end','before_body_end','left_sidebar_start','before_left_sidebar_end','right_sidebar_start','before_right_sidebar_end','comment','guestbook','switch_theme','after_content','before_content','log_write_done','switch_admin_theme','captcha_image') ORDER BY `list_order` ASC [ RunTime:0.000721s ]
[2024-12-06T10:15:29+08:00][sql] CONNECT:[ UseTime:0.000581s ] mysql:host=127.0.0.1;port=3306;dbname=zhibo;charset=utf8mb4
[2024-12-06T10:15:29+08:00][sql] SHOW FULL COLUMNS FROM `cmf_hook` [ RunTime:0.001337s ]
[2024-12-06T10:15:29+08:00][sql] SELECT `hook`,`id` FROM `cmf_hook` WHERE  (  (  `app` = '' OR `app` = 'cmf' )  AND `type` = 3 ) OR `type` = 1 [ RunTime:0.000648s ]
[2024-12-06T10:15:29+08:00][sql] SHOW FULL COLUMNS FROM `cmf_hook_plugin` [ RunTime:0.001294s ]
[2024-12-06T10:15:29+08:00][sql] SELECT `hook`,`plugin` FROM `cmf_hook_plugin` WHERE  `status` = 1  AND `hook` IN ('app_begin','module_init','action_begin','view_filter','app_end','log_write','response_end','admin_init','home_init','send_mobile_verification_code','body_start','before_head_end','footer_start','before_footer','before_footer_end','before_body_end','left_sidebar_start','before_left_sidebar_end','right_sidebar_start','before_right_sidebar_end','comment','guestbook','switch_theme','after_content','before_content','log_write_done','switch_admin_theme','captcha_image') ORDER BY `list_order` ASC [ RunTime:0.000739s ]
[2024-12-06T10:15:29+08:00][sql] CONNECT:[ UseTime:0.000643s ] mysql:host=127.0.0.1;port=3306;dbname=zhibo;charset=utf8mb4
[2024-12-06T10:15:29+08:00][sql] SHOW FULL COLUMNS FROM `cmf_hook` [ RunTime:0.001552s ]
[2024-12-06T10:15:29+08:00][sql] SELECT `hook`,`id` FROM `cmf_hook` WHERE  (  (  `app` = '' OR `app` = 'cmf' )  AND `type` = 3 ) OR `type` = 1 [ RunTime:0.000694s ]
[2024-12-06T10:15:29+08:00][sql] SHOW FULL COLUMNS FROM `cmf_hook_plugin` [ RunTime:0.001318s ]
[2024-12-06T10:15:29+08:00][sql] SELECT `hook`,`plugin` FROM `cmf_hook_plugin` WHERE  `status` = 1  AND `hook` IN ('app_begin','module_init','action_begin','view_filter','app_end','log_write','response_end','admin_init','home_init','send_mobile_verification_code','body_start','before_head_end','footer_start','before_footer','before_footer_end','before_body_end','left_sidebar_start','before_left_sidebar_end','right_sidebar_start','before_right_sidebar_end','comment','guestbook','switch_theme','after_content','before_content','log_write_done','switch_admin_theme','captcha_image') ORDER BY `list_order` ASC [ RunTime:0.000701s ]
[2024-12-06T10:15:29+08:00][sql] CONNECT:[ UseTime:0.000642s ] mysql:host=127.0.0.1;port=3306;dbname=zhibo;charset=utf8mb4
[2024-12-06T10:15:29+08:00][sql] SHOW FULL COLUMNS FROM `cmf_hook` [ RunTime:0.001581s ]
[2024-12-06T10:15:29+08:00][sql] SELECT `hook`,`id` FROM `cmf_hook` WHERE  (  (  `app` = '' OR `app` = 'cmf' )  AND `type` = 3 ) OR `type` = 1 [ RunTime:0.000663s ]
[2024-12-06T10:15:29+08:00][sql] SHOW FULL COLUMNS FROM `cmf_hook_plugin` [ RunTime:0.001298s ]
[2024-12-06T10:15:29+08:00][sql] SELECT `hook`,`plugin` FROM `cmf_hook_plugin` WHERE  `status` = 1  AND `hook` IN ('app_begin','module_init','action_begin','view_filter','app_end','log_write','response_end','admin_init','home_init','send_mobile_verification_code','body_start','before_head_end','footer_start','before_footer','before_footer_end','before_body_end','left_sidebar_start','before_left_sidebar_end','right_sidebar_start','before_right_sidebar_end','comment','guestbook','switch_theme','after_content','before_content','log_write_done','switch_admin_theme','captcha_image') ORDER BY `list_order` ASC [ RunTime:0.000723s ]
[2024-12-06T10:18:19+08:00][sql] CONNECT:[ UseTime:0.000675s ] mysql:host=127.0.0.1;port=3306;dbname=zhibo;charset=utf8mb4
[2024-12-06T10:18:19+08:00][sql] SHOW FULL COLUMNS FROM `cmf_hook` [ RunTime:0.001559s ]
[2024-12-06T10:18:19+08:00][sql] SELECT `hook`,`id` FROM `cmf_hook` WHERE  (  (  `app` = '' OR `app` = 'cmf' )  AND `type` = 3 ) OR `type` = 1 [ RunTime:0.000654s ]
[2024-12-06T10:18:19+08:00][sql] SHOW FULL COLUMNS FROM `cmf_hook_plugin` [ RunTime:0.001270s ]
[2024-12-06T10:18:19+08:00][sql] SELECT `hook`,`plugin` FROM `cmf_hook_plugin` WHERE  `status` = 1  AND `hook` IN ('app_begin','module_init','action_begin','view_filter','app_end','log_write','response_end','admin_init','home_init','send_mobile_verification_code','body_start','before_head_end','footer_start','before_footer','before_footer_end','before_body_end','left_sidebar_start','before_left_sidebar_end','right_sidebar_start','before_right_sidebar_end','comment','guestbook','switch_theme','after_content','before_content','log_write_done','switch_admin_theme','captcha_image') ORDER BY `list_order` ASC [ RunTime:0.000751s ]
[2024-12-06T10:18:19+08:00][sql] SHOW FULL COLUMNS FROM `cmf_plugin` [ RunTime:0.001928s ]
[2024-12-06T10:18:19+08:00][sql] SELECT `config` FROM `cmf_plugin` WHERE  `name` = 'Qiniu' LIMIT 1 [ RunTime:0.000519s ]
[2024-12-06T10:18:19+08:00][sql] SHOW FULL COLUMNS FROM `cmf_live` [ RunTime:0.002009s ]
[2024-12-06T10:18:19+08:00][sql] SELECT * FROM `cmf_live` WHERE  ( islive='1' and isrecommend='1' and type='0' and live_type=0 ) [ RunTime:0.000989s ]
[2024-12-06T10:18:19+08:00][sql] SHOW FULL COLUMNS FROM `cmf_slide_item` [ RunTime:0.001469s ]
[2024-12-06T10:18:19+08:00][sql] SELECT * FROM `cmf_slide_item` WHERE  ( status='1' and slide_id='1' ) ORDER BY `list_order` ASC [ RunTime:0.000623s ]
[2024-12-06T10:18:19+08:00][sql] SHOW FULL COLUMNS FROM `cmf_live_class` [ RunTime:0.001306s ]
[2024-12-06T10:18:19+08:00][sql] SELECT * FROM `cmf_live_class` ORDER BY `list_order` LIMIT 5 [ RunTime:0.000474s ]
[2024-12-06T10:18:19+08:00][sql] SELECT * FROM `cmf_live` WHERE  `islive` = 1  AND `live_type` = 0  AND `liveclassid` = 8 ORDER BY `recommend_time` DESC,`starttime` DESC LIMIT 5 [ RunTime:0.000783s ]
[2024-12-06T10:18:19+08:00][sql] SELECT `uid`,`thumb`,`stream`,`title`,`city`,`islive`,`type` FROM `cmf_live` WHERE  ( islive='1' and ishot='1' and live_type=0 ) ORDER BY `isrecommend` DESC,`recommend_time` DESC,`hotvotes` DESC,`starttime` DESC LIMIT 5 [ RunTime:0.000530s ]
[2024-12-06T10:18:19+08:00][sql] SELECT `uid`,`thumb`,`stream`,`title`,`city`,`islive`,`type` FROM `cmf_live` WHERE  ( islive='1' and live_type=0 ) ORDER BY `starttime` DESC LIMIT 5 [ RunTime:0.000430s ]
[2024-12-06T10:18:19+08:00][sql] SHOW FULL COLUMNS FROM `cmf_theme_file` [ RunTime:0.001673s ]
[2024-12-06T10:18:19+08:00][sql] SELECT `more` FROM `cmf_theme_file` WHERE  `theme` = 'default'  AND (  `is_public` = 1 OR `file` = '../home/index/index' ) [ RunTime:0.000585s ]
[2024-12-06T10:18:20+08:00][sql] CONNECT:[ UseTime:0.000652s ] mysql:host=127.0.0.1;port=3306;dbname=zhibo;charset=utf8mb4
[2024-12-06T10:18:20+08:00][sql] SHOW FULL COLUMNS FROM `cmf_hook` [ RunTime:0.001519s ]
[2024-12-06T10:18:20+08:00][sql] SELECT `hook`,`id` FROM `cmf_hook` WHERE  (  (  `app` = '' OR `app` = 'cmf' )  AND `type` = 3 ) OR `type` = 1 [ RunTime:0.000655s ]
[2024-12-06T10:18:20+08:00][sql] SHOW FULL COLUMNS FROM `cmf_hook_plugin` [ RunTime:0.001270s ]
[2024-12-06T10:18:20+08:00][sql] SELECT `hook`,`plugin` FROM `cmf_hook_plugin` WHERE  `status` = 1  AND `hook` IN ('app_begin','module_init','action_begin','view_filter','app_end','log_write','response_end','admin_init','home_init','send_mobile_verification_code','body_start','before_head_end','footer_start','before_footer','before_footer_end','before_body_end','left_sidebar_start','before_left_sidebar_end','right_sidebar_start','before_right_sidebar_end','comment','guestbook','switch_theme','after_content','before_content','log_write_done','switch_admin_theme','captcha_image') ORDER BY `list_order` ASC [ RunTime:0.000701s ]
[2024-12-06T10:18:20+08:00][sql] SHOW FULL COLUMNS FROM `cmf_plugin` [ RunTime:0.001841s ]
[2024-12-06T10:18:20+08:00][sql] SELECT `config` FROM `cmf_plugin` WHERE  `name` = 'Qiniu' LIMIT 1 [ RunTime:0.000537s ]
[2024-12-06T10:23:33+08:00][sql] CONNECT:[ UseTime:0.004729s ] mysql:host=127.0.0.1;port=3306;dbname=zhibo;charset=utf8mb4
[2024-12-06T10:23:33+08:00][sql] SHOW FULL COLUMNS FROM `cmf_hook` [ RunTime:0.001710s ]
[2024-12-06T10:23:33+08:00][sql] SELECT `hook`,`id` FROM `cmf_hook` WHERE  (  (  `app` = '' OR `app` = 'cmf' )  AND `type` = 3 ) OR `type` = 1 [ RunTime:0.003229s ]
[2024-12-06T10:23:33+08:00][sql] SHOW FULL COLUMNS FROM `cmf_hook_plugin` [ RunTime:0.001581s ]
[2024-12-06T10:23:33+08:00][sql] SELECT `hook`,`plugin` FROM `cmf_hook_plugin` WHERE  `status` = 1  AND `hook` IN ('app_begin','module_init','action_begin','view_filter','app_end','log_write','response_end','admin_init','home_init','send_mobile_verification_code','body_start','before_head_end','footer_start','before_footer','before_footer_end','before_body_end','left_sidebar_start','before_left_sidebar_end','right_sidebar_start','before_right_sidebar_end','comment','guestbook','switch_theme','after_content','before_content','log_write_done','switch_admin_theme','captcha_image') ORDER BY `list_order` ASC [ RunTime:0.000743s ]
[2024-12-06T10:23:33+08:00][sql] SHOW FULL COLUMNS FROM `cmf_plugin` [ RunTime:0.001937s ]
[2024-12-06T10:23:33+08:00][sql] SELECT `config` FROM `cmf_plugin` WHERE  `name` = 'Qiniu' LIMIT 1 [ RunTime:0.000603s ]
[2024-12-06T10:23:33+08:00][sql] SHOW FULL COLUMNS FROM `cmf_live` [ RunTime:0.001929s ]
[2024-12-06T10:23:33+08:00][sql] SELECT * FROM `cmf_live` WHERE  ( islive='1' and isrecommend='1' and type='0' and live_type=0 ) [ RunTime:0.001023s ]
[2024-12-06T10:23:33+08:00][sql] SHOW FULL COLUMNS FROM `cmf_slide_item` [ RunTime:0.001488s ]
[2024-12-06T10:23:33+08:00][sql] SELECT * FROM `cmf_slide_item` WHERE  ( status='1' and slide_id='1' ) ORDER BY `list_order` ASC [ RunTime:0.000675s ]
[2024-12-06T10:23:33+08:00][sql] SHOW FULL COLUMNS FROM `cmf_live_class` [ RunTime:0.001277s ]
[2024-12-06T10:23:33+08:00][sql] SELECT * FROM `cmf_live_class` ORDER BY `list_order` LIMIT 5 [ RunTime:0.000494s ]
[2024-12-06T10:23:33+08:00][sql] SELECT * FROM `cmf_live` WHERE  `islive` = 1  AND `live_type` = 0  AND `liveclassid` = 8 ORDER BY `recommend_time` DESC,`starttime` DESC LIMIT 5 [ RunTime:0.000820s ]
[2024-12-06T10:23:33+08:00][sql] SELECT `uid`,`thumb`,`stream`,`title`,`city`,`islive`,`type` FROM `cmf_live` WHERE  ( islive='1' and ishot='1' and live_type=0 ) ORDER BY `isrecommend` DESC,`recommend_time` DESC,`hotvotes` DESC,`starttime` DESC LIMIT 5 [ RunTime:0.000532s ]
[2024-12-06T10:23:33+08:00][sql] SELECT `uid`,`thumb`,`stream`,`title`,`city`,`islive`,`type` FROM `cmf_live` WHERE  ( islive='1' and live_type=0 ) ORDER BY `starttime` DESC LIMIT 5 [ RunTime:0.000411s ]
[2024-12-06T10:23:33+08:00][sql] SHOW FULL COLUMNS FROM `cmf_theme_file` [ RunTime:0.001682s ]
[2024-12-06T10:23:33+08:00][sql] SELECT `more` FROM `cmf_theme_file` WHERE  `theme` = 'default'  AND (  `is_public` = 1 OR `file` = '../home/index/index' ) [ RunTime:0.000554s ]
[2024-12-06T10:23:34+08:00][sql] CONNECT:[ UseTime:0.000684s ] mysql:host=127.0.0.1;port=3306;dbname=zhibo;charset=utf8mb4
[2024-12-06T10:23:34+08:00][sql] SHOW FULL COLUMNS FROM `cmf_hook` [ RunTime:0.001616s ]
[2024-12-06T10:23:34+08:00][sql] SELECT `hook`,`id` FROM `cmf_hook` WHERE  (  (  `app` = '' OR `app` = 'cmf' )  AND `type` = 3 ) OR `type` = 1 [ RunTime:0.000687s ]
[2024-12-06T10:23:34+08:00][sql] SHOW FULL COLUMNS FROM `cmf_hook_plugin` [ RunTime:0.001261s ]
[2024-12-06T10:23:34+08:00][sql] SELECT `hook`,`plugin` FROM `cmf_hook_plugin` WHERE  `status` = 1  AND `hook` IN ('app_begin','module_init','action_begin','view_filter','app_end','log_write','response_end','admin_init','home_init','send_mobile_verification_code','body_start','before_head_end','footer_start','before_footer','before_footer_end','before_body_end','left_sidebar_start','before_left_sidebar_end','right_sidebar_start','before_right_sidebar_end','comment','guestbook','switch_theme','after_content','before_content','log_write_done','switch_admin_theme','captcha_image') ORDER BY `list_order` ASC [ RunTime:0.000732s ]
[2024-12-06T10:23:34+08:00][sql] SHOW FULL COLUMNS FROM `cmf_plugin` [ RunTime:0.001927s ]
[2024-12-06T10:23:34+08:00][sql] SELECT `config` FROM `cmf_plugin` WHERE  `name` = 'Qiniu' LIMIT 1 [ RunTime:0.000527s ]
[2024-12-06T10:23:34+08:00][sql] CONNECT:[ UseTime:0.000733s ] mysql:host=127.0.0.1;port=3306;dbname=zhibo;charset=utf8mb4
[2024-12-06T10:23:34+08:00][sql] SHOW FULL COLUMNS FROM `cmf_hook` [ RunTime:0.001585s ]
[2024-12-06T10:23:34+08:00][sql] SELECT `hook`,`id` FROM `cmf_hook` WHERE  (  (  `app` = '' OR `app` = 'cmf' )  AND `type` = 3 ) OR `type` = 1 [ RunTime:0.000620s ]
[2024-12-06T10:23:34+08:00][sql] SHOW FULL COLUMNS FROM `cmf_hook_plugin` [ RunTime:0.001270s ]
[2024-12-06T10:23:34+08:00][sql] SELECT `hook`,`plugin` FROM `cmf_hook_plugin` WHERE  `status` = 1  AND `hook` IN ('app_begin','module_init','action_begin','view_filter','app_end','log_write','response_end','admin_init','home_init','send_mobile_verification_code','body_start','before_head_end','footer_start','before_footer','before_footer_end','before_body_end','left_sidebar_start','before_left_sidebar_end','right_sidebar_start','before_right_sidebar_end','comment','guestbook','switch_theme','after_content','before_content','log_write_done','switch_admin_theme','captcha_image') ORDER BY `list_order` ASC [ RunTime:0.000708s ]
[2024-12-06T10:23:34+08:00][sql] SHOW FULL COLUMNS FROM `cmf_plugin` [ RunTime:0.001973s ]
[2024-12-06T10:23:34+08:00][sql] SELECT `config` FROM `cmf_plugin` WHERE  `name` = 'Qiniu' LIMIT 1 [ RunTime:0.000533s ]
[2024-12-06T10:23:34+08:00][sql] SHOW FULL COLUMNS FROM `cmf_slide_item` [ RunTime:0.001733s ]
[2024-12-06T10:23:34+08:00][sql] SELECT * FROM `cmf_slide_item` WHERE  ( status='1' and slide_id='6' ) ORDER BY `list_order` ASC [ RunTime:0.000651s ]
[2024-12-06T10:23:34+08:00][sql] SHOW FULL COLUMNS FROM `cmf_live` [ RunTime:0.001677s ]
[2024-12-06T10:23:34+08:00][sql] SELECT `uid`,`title`,`city`,`stream`,`pull`,`thumb`,`type` FROM `cmf_live` WHERE  `islive` = 1  AND `live_type` = 0  AND `ishot` = 1 ORDER BY `recommend_time` DESC,`starttime` DESC LIMIT 0,20 [ RunTime:0.000726s ]
[2024-12-06T10:23:34+08:00][sql] SHOW FULL COLUMNS FROM `cmf_theme_file` [ RunTime:0.001535s ]
[2024-12-06T10:23:34+08:00][sql] SELECT `more` FROM `cmf_theme_file` WHERE  `theme` = 'default'  AND (  `is_public` = 1 OR `file` = '../wxshare/share/index' ) [ RunTime:0.000548s ]
[2024-12-06T10:23:37+08:00][sql] CONNECT:[ UseTime:0.000692s ] mysql:host=127.0.0.1;port=3306;dbname=zhibo;charset=utf8mb4
[2024-12-06T10:23:37+08:00][sql] SHOW FULL COLUMNS FROM `cmf_hook` [ RunTime:0.001564s ]
[2024-12-06T10:23:37+08:00][sql] SELECT `hook`,`id` FROM `cmf_hook` WHERE  (  (  `app` = '' OR `app` = 'cmf' )  AND `type` = 3 ) OR `type` = 1 [ RunTime:0.000632s ]
[2024-12-06T10:23:37+08:00][sql] SHOW FULL COLUMNS FROM `cmf_hook_plugin` [ RunTime:0.001249s ]
[2024-12-06T10:23:37+08:00][sql] SELECT `hook`,`plugin` FROM `cmf_hook_plugin` WHERE  `status` = 1  AND `hook` IN ('app_begin','module_init','action_begin','view_filter','app_end','log_write','response_end','admin_init','home_init','send_mobile_verification_code','body_start','before_head_end','footer_start','before_footer','before_footer_end','before_body_end','left_sidebar_start','before_left_sidebar_end','right_sidebar_start','before_right_sidebar_end','comment','guestbook','switch_theme','after_content','before_content','log_write_done','switch_admin_theme','captcha_image') ORDER BY `list_order` ASC [ RunTime:0.000703s ]
[2024-12-06T10:23:37+08:00][sql] SHOW FULL COLUMNS FROM `cmf_plugin` [ RunTime:0.001824s ]
[2024-12-06T10:23:37+08:00][sql] SELECT `config` FROM `cmf_plugin` WHERE  `name` = 'Qiniu' LIMIT 1 [ RunTime:0.000571s ]
[2024-12-06T10:23:37+08:00][sql] SHOW FULL COLUMNS FROM `cmf_live` [ RunTime:0.001903s ]
[2024-12-06T10:23:37+08:00][sql] SELECT COUNT(*) AS think_count FROM `cmf_live` WHERE  ( islive=1 and live_type=0 ) LIMIT 1 [ RunTime:0.000744s ]
[2024-12-06T10:23:37+08:00][sql] SHOW FULL COLUMNS FROM `cmf_theme_file` [ RunTime:0.001717s ]
[2024-12-06T10:23:37+08:00][sql] SELECT `more` FROM `cmf_theme_file` WHERE  `theme` = 'default'  AND (  `is_public` = 1 OR `file` = '../home/index/translate' ) [ RunTime:0.000660s ]
[2024-12-06T10:23:39+08:00][sql] CONNECT:[ UseTime:0.000687s ] mysql:host=127.0.0.1;port=3306;dbname=zhibo;charset=utf8mb4
[2024-12-06T10:23:39+08:00][sql] SHOW FULL COLUMNS FROM `cmf_hook` [ RunTime:0.001559s ]
[2024-12-06T10:23:39+08:00][sql] SELECT `hook`,`id` FROM `cmf_hook` WHERE  (  (  `app` = '' OR `app` = 'cmf' )  AND `type` = 3 ) OR `type` = 1 [ RunTime:0.000671s ]
[2024-12-06T10:23:39+08:00][sql] SHOW FULL COLUMNS FROM `cmf_hook_plugin` [ RunTime:0.001301s ]
[2024-12-06T10:23:39+08:00][sql] SELECT `hook`,`plugin` FROM `cmf_hook_plugin` WHERE  `status` = 1  AND `hook` IN ('app_begin','module_init','action_begin','view_filter','app_end','log_write','response_end','admin_init','home_init','send_mobile_verification_code','body_start','before_head_end','footer_start','before_footer','before_footer_end','before_body_end','left_sidebar_start','before_left_sidebar_end','right_sidebar_start','before_right_sidebar_end','comment','guestbook','switch_theme','after_content','before_content','log_write_done','switch_admin_theme','captcha_image') ORDER BY `list_order` ASC [ RunTime:0.000719s ]
[2024-12-06T10:23:39+08:00][sql] SHOW FULL COLUMNS FROM `cmf_plugin` [ RunTime:0.001883s ]
[2024-12-06T10:23:39+08:00][sql] SELECT `config` FROM `cmf_plugin` WHERE  `name` = 'Qiniu' LIMIT 1 [ RunTime:0.000544s ]
[2024-12-06T10:23:40+08:00][sql] CONNECT:[ UseTime:0.000698s ] mysql:host=127.0.0.1;port=3306;dbname=zhibo;charset=utf8mb4
[2024-12-06T10:23:40+08:00][sql] SHOW FULL COLUMNS FROM `cmf_hook` [ RunTime:0.001559s ]
[2024-12-06T10:23:40+08:00][sql] SELECT `hook`,`id` FROM `cmf_hook` WHERE  (  (  `app` = '' OR `app` = 'cmf' )  AND `type` = 3 ) OR `type` = 1 [ RunTime:0.000613s ]
[2024-12-06T10:23:40+08:00][sql] SHOW FULL COLUMNS FROM `cmf_hook_plugin` [ RunTime:0.001219s ]
[2024-12-06T10:23:40+08:00][sql] SELECT `hook`,`plugin` FROM `cmf_hook_plugin` WHERE  `status` = 1  AND `hook` IN ('app_begin','module_init','action_begin','view_filter','app_end','log_write','response_end','admin_init','home_init','send_mobile_verification_code','body_start','before_head_end','footer_start','before_footer','before_footer_end','before_body_end','left_sidebar_start','before_left_sidebar_end','right_sidebar_start','before_right_sidebar_end','comment','guestbook','switch_theme','after_content','before_content','log_write_done','switch_admin_theme','captcha_image') ORDER BY `list_order` ASC [ RunTime:0.000689s ]
[2024-12-06T10:23:40+08:00][sql] CONNECT:[ UseTime:0.000779s ] mysql:host=127.0.0.1;port=3306;dbname=zhibo;charset=utf8mb4
[2024-12-06T10:23:40+08:00][sql] SHOW FULL COLUMNS FROM `cmf_hook` [ RunTime:0.001591s ]
[2024-12-06T10:23:40+08:00][sql] SELECT `hook`,`id` FROM `cmf_hook` WHERE  (  (  `app` = '' OR `app` = 'cmf' )  AND `type` = 3 ) OR `type` = 1 [ RunTime:0.000638s ]
[2024-12-06T10:23:40+08:00][sql] SHOW FULL COLUMNS FROM `cmf_hook_plugin` [ RunTime:0.001234s ]
[2024-12-06T10:23:40+08:00][sql] SELECT `hook`,`plugin` FROM `cmf_hook_plugin` WHERE  `status` = 1  AND `hook` IN ('app_begin','module_init','action_begin','view_filter','app_end','log_write','response_end','admin_init','home_init','send_mobile_verification_code','body_start','before_head_end','footer_start','before_footer','before_footer_end','before_body_end','left_sidebar_start','before_left_sidebar_end','right_sidebar_start','before_right_sidebar_end','comment','guestbook','switch_theme','after_content','before_content','log_write_done','switch_admin_theme','captcha_image') ORDER BY `list_order` ASC [ RunTime:0.000687s ]
[2024-12-06T10:28:37+08:00][sql] CONNECT:[ UseTime:0.000793s ] mysql:host=127.0.0.1;port=3306;dbname=zhibo;charset=utf8mb4
[2024-12-06T10:28:37+08:00][sql] SHOW FULL COLUMNS FROM `cmf_hook` [ RunTime:0.001657s ]
[2024-12-06T10:28:37+08:00][sql] SELECT `hook`,`id` FROM `cmf_hook` WHERE  (  (  `app` = '' OR `app` = 'cmf' )  AND `type` = 3 ) OR `type` = 1 [ RunTime:0.000653s ]
[2024-12-06T10:28:37+08:00][sql] SHOW FULL COLUMNS FROM `cmf_hook_plugin` [ RunTime:0.001246s ]
[2024-12-06T10:28:37+08:00][sql] SELECT `hook`,`plugin` FROM `cmf_hook_plugin` WHERE  `status` = 1  AND `hook` IN ('app_begin','module_init','action_begin','view_filter','app_end','log_write','response_end','admin_init','home_init','send_mobile_verification_code','body_start','before_head_end','footer_start','before_footer','before_footer_end','before_body_end','left_sidebar_start','before_left_sidebar_end','right_sidebar_start','before_right_sidebar_end','comment','guestbook','switch_theme','after_content','before_content','log_write_done','switch_admin_theme','captcha_image') ORDER BY `list_order` ASC [ RunTime:0.000695s ]
[2024-12-06T10:28:37+08:00][sql] CONNECT:[ UseTime:0.000747s ] mysql:host=127.0.0.1;port=3306;dbname=zhibo;charset=utf8mb4
[2024-12-06T10:28:37+08:00][sql] SHOW FULL COLUMNS FROM `cmf_hook` [ RunTime:0.001718s ]
[2024-12-06T10:28:37+08:00][sql] SELECT `hook`,`id` FROM `cmf_hook` WHERE  (  (  `app` = '' OR `app` = 'cmf' )  AND `type` = 3 ) OR `type` = 1 [ RunTime:0.000724s ]
[2024-12-06T10:28:37+08:00][sql] SHOW FULL COLUMNS FROM `cmf_hook_plugin` [ RunTime:0.001385s ]
[2024-12-06T10:28:37+08:00][sql] SELECT `hook`,`plugin` FROM `cmf_hook_plugin` WHERE  `status` = 1  AND `hook` IN ('app_begin','module_init','action_begin','view_filter','app_end','log_write','response_end','admin_init','home_init','send_mobile_verification_code','body_start','before_head_end','footer_start','before_footer','before_footer_end','before_body_end','left_sidebar_start','before_left_sidebar_end','right_sidebar_start','before_right_sidebar_end','comment','guestbook','switch_theme','after_content','before_content','log_write_done','switch_admin_theme','captcha_image') ORDER BY `list_order` ASC [ RunTime:0.000744s ]
[2024-12-06T10:28:37+08:00][sql] CONNECT:[ UseTime:0.000715s ] mysql:host=127.0.0.1;port=3306;dbname=zhibo;charset=utf8mb4
[2024-12-06T10:28:37+08:00][sql] SHOW FULL COLUMNS FROM `cmf_hook` [ RunTime:0.001666s ]
[2024-12-06T10:28:37+08:00][sql] SELECT `hook`,`id` FROM `cmf_hook` WHERE  (  (  `app` = '' OR `app` = 'cmf' )  AND `type` = 3 ) OR `type` = 1 [ RunTime:0.000627s ]
[2024-12-06T10:28:37+08:00][sql] SHOW FULL COLUMNS FROM `cmf_hook_plugin` [ RunTime:0.001343s ]
[2024-12-06T10:28:37+08:00][sql] SELECT `hook`,`plugin` FROM `cmf_hook_plugin` WHERE  `status` = 1  AND `hook` IN ('app_begin','module_init','action_begin','view_filter','app_end','log_write','response_end','admin_init','home_init','send_mobile_verification_code','body_start','before_head_end','footer_start','before_footer','before_footer_end','before_body_end','left_sidebar_start','before_left_sidebar_end','right_sidebar_start','before_right_sidebar_end','comment','guestbook','switch_theme','after_content','before_content','log_write_done','switch_admin_theme','captcha_image') ORDER BY `list_order` ASC [ RunTime:0.000755s ]
[2024-12-06T10:28:40+08:00][sql] CONNECT:[ UseTime:0.000921s ] mysql:host=127.0.0.1;port=3306;dbname=zhibo;charset=utf8mb4
[2024-12-06T10:28:40+08:00][sql] SHOW FULL COLUMNS FROM `cmf_hook` [ RunTime:0.001719s ]
[2024-12-06T10:28:40+08:00][sql] SELECT `hook`,`id` FROM `cmf_hook` WHERE  (  (  `app` = '' OR `app` = 'cmf' )  AND `type` = 3 ) OR `type` = 1 [ RunTime:0.000759s ]
[2024-12-06T10:28:40+08:00][sql] SHOW FULL COLUMNS FROM `cmf_hook_plugin` [ RunTime:0.001365s ]
[2024-12-06T10:28:40+08:00][sql] SELECT `hook`,`plugin` FROM `cmf_hook_plugin` WHERE  `status` = 1  AND `hook` IN ('app_begin','module_init','action_begin','view_filter','app_end','log_write','response_end','admin_init','home_init','send_mobile_verification_code','body_start','before_head_end','footer_start','before_footer','before_footer_end','before_body_end','left_sidebar_start','before_left_sidebar_end','right_sidebar_start','before_right_sidebar_end','comment','guestbook','switch_theme','after_content','before_content','log_write_done','switch_admin_theme','captcha_image') ORDER BY `list_order` ASC [ RunTime:0.000765s ]
[2024-12-06T10:28:40+08:00][sql] SHOW FULL COLUMNS FROM `cmf_plugin` [ RunTime:0.001916s ]
[2024-12-06T10:28:40+08:00][sql] SELECT `config` FROM `cmf_plugin` WHERE  `name` = 'Qiniu' LIMIT 1 [ RunTime:0.000547s ]
[2024-12-06T10:28:40+08:00][sql] SHOW FULL COLUMNS FROM `cmf_live` [ RunTime:0.001974s ]
[2024-12-06T10:28:40+08:00][sql] SELECT * FROM `cmf_live` WHERE  ( islive='1' and isrecommend='1' and type='0' and live_type=0 ) [ RunTime:0.000960s ]
[2024-12-06T10:28:40+08:00][sql] SHOW FULL COLUMNS FROM `cmf_slide_item` [ RunTime:0.001378s ]
[2024-12-06T10:28:40+08:00][sql] SELECT * FROM `cmf_slide_item` WHERE  ( status='1' and slide_id='1' ) ORDER BY `list_order` ASC [ RunTime:0.000613s ]
[2024-12-06T10:28:40+08:00][sql] SHOW FULL COLUMNS FROM `cmf_live_class` [ RunTime:0.001132s ]
[2024-12-06T10:28:40+08:00][sql] SELECT * FROM `cmf_live_class` ORDER BY `list_order` LIMIT 5 [ RunTime:0.000484s ]
[2024-12-06T10:28:40+08:00][sql] SELECT * FROM `cmf_live` WHERE  `islive` = 1  AND `live_type` = 0  AND `liveclassid` = 8 ORDER BY `recommend_time` DESC,`starttime` DESC LIMIT 5 [ RunTime:0.000817s ]
[2024-12-06T10:28:40+08:00][sql] SELECT `uid`,`thumb`,`stream`,`title`,`city`,`islive`,`type` FROM `cmf_live` WHERE  ( islive='1' and ishot='1' and live_type=0 ) ORDER BY `isrecommend` DESC,`recommend_time` DESC,`hotvotes` DESC,`starttime` DESC LIMIT 5 [ RunTime:0.000491s ]
[2024-12-06T10:28:40+08:00][sql] SELECT `uid`,`thumb`,`stream`,`title`,`city`,`islive`,`type` FROM `cmf_live` WHERE  ( islive='1' and live_type=0 ) ORDER BY `starttime` DESC LIMIT 5 [ RunTime:0.000369s ]
[2024-12-06T10:28:40+08:00][sql] SHOW FULL COLUMNS FROM `cmf_theme_file` [ RunTime:0.001498s ]
[2024-12-06T10:28:40+08:00][sql] SELECT `more` FROM `cmf_theme_file` WHERE  `theme` = 'default'  AND (  `is_public` = 1 OR `file` = '../home/index/index' ) [ RunTime:0.000613s ]
[2024-12-06T10:28:40+08:00][sql] CONNECT:[ UseTime:0.000701s ] mysql:host=127.0.0.1;port=3306;dbname=zhibo;charset=utf8mb4
[2024-12-06T10:28:40+08:00][sql] SHOW FULL COLUMNS FROM `cmf_hook` [ RunTime:0.001582s ]
[2024-12-06T10:28:40+08:00][sql] SELECT `hook`,`id` FROM `cmf_hook` WHERE  (  (  `app` = '' OR `app` = 'cmf' )  AND `type` = 3 ) OR `type` = 1 [ RunTime:0.000608s ]
[2024-12-06T10:28:40+08:00][sql] SHOW FULL COLUMNS FROM `cmf_hook_plugin` [ RunTime:0.001348s ]
[2024-12-06T10:28:40+08:00][sql] SELECT `hook`,`plugin` FROM `cmf_hook_plugin` WHERE  `status` = 1  AND `hook` IN ('app_begin','module_init','action_begin','view_filter','app_end','log_write','response_end','admin_init','home_init','send_mobile_verification_code','body_start','before_head_end','footer_start','before_footer','before_footer_end','before_body_end','left_sidebar_start','before_left_sidebar_end','right_sidebar_start','before_right_sidebar_end','comment','guestbook','switch_theme','after_content','before_content','log_write_done','switch_admin_theme','captcha_image') ORDER BY `list_order` ASC [ RunTime:0.000726s ]
[2024-12-06T10:28:40+08:00][sql] CONNECT:[ UseTime:0.000540s ] mysql:host=127.0.0.1;port=3306;dbname=zhibo;charset=utf8mb4
[2024-12-06T10:28:40+08:00][sql] SHOW FULL COLUMNS FROM `cmf_hook` [ RunTime:0.001425s ]
[2024-12-06T10:28:40+08:00][sql] SELECT `hook`,`id` FROM `cmf_hook` WHERE  (  (  `app` = '' OR `app` = 'cmf' )  AND `type` = 3 ) OR `type` = 1 [ RunTime:0.000534s ]
[2024-12-06T10:28:40+08:00][sql] SHOW FULL COLUMNS FROM `cmf_hook_plugin` [ RunTime:0.001232s ]
[2024-12-06T10:28:40+08:00][sql] SELECT `hook`,`plugin` FROM `cmf_hook_plugin` WHERE  `status` = 1  AND `hook` IN ('app_begin','module_init','action_begin','view_filter','app_end','log_write','response_end','admin_init','home_init','send_mobile_verification_code','body_start','before_head_end','footer_start','before_footer','before_footer_end','before_body_end','left_sidebar_start','before_left_sidebar_end','right_sidebar_start','before_right_sidebar_end','comment','guestbook','switch_theme','after_content','before_content','log_write_done','switch_admin_theme','captcha_image') ORDER BY `list_order` ASC [ RunTime:0.000689s ]
[2024-12-06T10:28:40+08:00][sql] CONNECT:[ UseTime:0.000675s ] mysql:host=127.0.0.1;port=3306;dbname=zhibo;charset=utf8mb4
[2024-12-06T10:28:40+08:00][sql] SHOW FULL COLUMNS FROM `cmf_hook` [ RunTime:0.001561s ]
[2024-12-06T10:28:40+08:00][sql] SELECT `hook`,`id` FROM `cmf_hook` WHERE  (  (  `app` = '' OR `app` = 'cmf' )  AND `type` = 3 ) OR `type` = 1 [ RunTime:0.000621s ]
[2024-12-06T10:28:40+08:00][sql] SHOW FULL COLUMNS FROM `cmf_hook_plugin` [ RunTime:0.001280s ]
[2024-12-06T10:28:40+08:00][sql] SELECT `hook`,`plugin` FROM `cmf_hook_plugin` WHERE  `status` = 1  AND `hook` IN ('app_begin','module_init','action_begin','view_filter','app_end','log_write','response_end','admin_init','home_init','send_mobile_verification_code','body_start','before_head_end','footer_start','before_footer','before_footer_end','before_body_end','left_sidebar_start','before_left_sidebar_end','right_sidebar_start','before_right_sidebar_end','comment','guestbook','switch_theme','after_content','before_content','log_write_done','switch_admin_theme','captcha_image') ORDER BY `list_order` ASC [ RunTime:0.000709s ]
[2024-12-06T10:28:40+08:00][sql] CONNECT:[ UseTime:0.000738s ] mysql:host=127.0.0.1;port=3306;dbname=zhibo;charset=utf8mb4
[2024-12-06T10:28:40+08:00][sql] SHOW FULL COLUMNS FROM `cmf_hook` [ RunTime:0.001721s ]
[2024-12-06T10:28:40+08:00][sql] SELECT `hook`,`id` FROM `cmf_hook` WHERE  (  (  `app` = '' OR `app` = 'cmf' )  AND `type` = 3 ) OR `type` = 1 [ RunTime:0.000723s ]
[2024-12-06T10:28:40+08:00][sql] SHOW FULL COLUMNS FROM `cmf_hook_plugin` [ RunTime:0.001303s ]
[2024-12-06T10:28:40+08:00][sql] SELECT `hook`,`plugin` FROM `cmf_hook_plugin` WHERE  `status` = 1  AND `hook` IN ('app_begin','module_init','action_begin','view_filter','app_end','log_write','response_end','admin_init','home_init','send_mobile_verification_code','body_start','before_head_end','footer_start','before_footer','before_footer_end','before_body_end','left_sidebar_start','before_left_sidebar_end','right_sidebar_start','before_right_sidebar_end','comment','guestbook','switch_theme','after_content','before_content','log_write_done','switch_admin_theme','captcha_image') ORDER BY `list_order` ASC [ RunTime:0.000721s ]
[2024-12-06T10:28:40+08:00][sql] CONNECT:[ UseTime:0.000855s ] mysql:host=127.0.0.1;port=3306;dbname=zhibo;charset=utf8mb4
[2024-12-06T10:28:40+08:00][sql] SHOW FULL COLUMNS FROM `cmf_hook` [ RunTime:0.001753s ]
[2024-12-06T10:28:40+08:00][sql] SELECT `hook`,`id` FROM `cmf_hook` WHERE  (  (  `app` = '' OR `app` = 'cmf' )  AND `type` = 3 ) OR `type` = 1 [ RunTime:0.000704s ]
[2024-12-06T10:28:40+08:00][sql] SHOW FULL COLUMNS FROM `cmf_hook_plugin` [ RunTime:0.001378s ]
[2024-12-06T10:28:40+08:00][sql] SELECT `hook`,`plugin` FROM `cmf_hook_plugin` WHERE  `status` = 1  AND `hook` IN ('app_begin','module_init','action_begin','view_filter','app_end','log_write','response_end','admin_init','home_init','send_mobile_verification_code','body_start','before_head_end','footer_start','before_footer','before_footer_end','before_body_end','left_sidebar_start','before_left_sidebar_end','right_sidebar_start','before_right_sidebar_end','comment','guestbook','switch_theme','after_content','before_content','log_write_done','switch_admin_theme','captcha_image') ORDER BY `list_order` ASC [ RunTime:0.000779s ]
[2024-12-06T10:28:40+08:00][sql] SHOW FULL COLUMNS FROM `cmf_plugin` [ RunTime:0.001977s ]
[2024-12-06T10:28:40+08:00][sql] SELECT `config` FROM `cmf_plugin` WHERE  `name` = 'Qiniu' LIMIT 1 [ RunTime:0.000628s ]
[2024-12-06T10:28:41+08:00][sql] CONNECT:[ UseTime:0.000681s ] mysql:host=127.0.0.1;port=3306;dbname=zhibo;charset=utf8mb4
[2024-12-06T10:28:41+08:00][sql] SHOW FULL COLUMNS FROM `cmf_hook` [ RunTime:0.001556s ]
[2024-12-06T10:28:41+08:00][sql] SELECT `hook`,`id` FROM `cmf_hook` WHERE  (  (  `app` = '' OR `app` = 'cmf' )  AND `type` = 3 ) OR `type` = 1 [ RunTime:0.000649s ]
[2024-12-06T10:28:41+08:00][sql] SHOW FULL COLUMNS FROM `cmf_hook_plugin` [ RunTime:0.001216s ]
[2024-12-06T10:28:41+08:00][sql] SELECT `hook`,`plugin` FROM `cmf_hook_plugin` WHERE  `status` = 1  AND `hook` IN ('app_begin','module_init','action_begin','view_filter','app_end','log_write','response_end','admin_init','home_init','send_mobile_verification_code','body_start','before_head_end','footer_start','before_footer','before_footer_end','before_body_end','left_sidebar_start','before_left_sidebar_end','right_sidebar_start','before_right_sidebar_end','comment','guestbook','switch_theme','after_content','before_content','log_write_done','switch_admin_theme','captcha_image') ORDER BY `list_order` ASC [ RunTime:0.000726s ]
[2024-12-06T10:28:41+08:00][sql] CONNECT:[ UseTime:0.000709s ] mysql:host=127.0.0.1;port=3306;dbname=zhibo;charset=utf8mb4
[2024-12-06T10:28:41+08:00][sql] SHOW FULL COLUMNS FROM `cmf_hook` [ RunTime:0.001615s ]
[2024-12-06T10:28:41+08:00][sql] SELECT `hook`,`id` FROM `cmf_hook` WHERE  (  (  `app` = '' OR `app` = 'cmf' )  AND `type` = 3 ) OR `type` = 1 [ RunTime:0.000641s ]
[2024-12-06T10:28:41+08:00][sql] SHOW FULL COLUMNS FROM `cmf_hook_plugin` [ RunTime:0.001282s ]
[2024-12-06T10:28:41+08:00][sql] SELECT `hook`,`plugin` FROM `cmf_hook_plugin` WHERE  `status` = 1  AND `hook` IN ('app_begin','module_init','action_begin','view_filter','app_end','log_write','response_end','admin_init','home_init','send_mobile_verification_code','body_start','before_head_end','footer_start','before_footer','before_footer_end','before_body_end','left_sidebar_start','before_left_sidebar_end','right_sidebar_start','before_right_sidebar_end','comment','guestbook','switch_theme','after_content','before_content','log_write_done','switch_admin_theme','captcha_image') ORDER BY `list_order` ASC [ RunTime:0.000697s ]
[2024-12-06T10:29:10+08:00][sql] CONNECT:[ UseTime:0.000693s ] mysql:host=127.0.0.1;port=3306;dbname=zhibo;charset=utf8mb4
[2024-12-06T10:29:10+08:00][sql] SHOW FULL COLUMNS FROM `cmf_hook` [ RunTime:0.001591s ]
[2024-12-06T10:29:10+08:00][sql] SELECT `hook`,`id` FROM `cmf_hook` WHERE  (  (  `app` = '' OR `app` = 'cmf' )  AND `type` = 3 ) OR `type` = 1 [ RunTime:0.000606s ]
[2024-12-06T10:29:10+08:00][sql] SHOW FULL COLUMNS FROM `cmf_hook_plugin` [ RunTime:0.001257s ]
[2024-12-06T10:29:10+08:00][sql] SELECT `hook`,`plugin` FROM `cmf_hook_plugin` WHERE  `status` = 1  AND `hook` IN ('app_begin','module_init','action_begin','view_filter','app_end','log_write','response_end','admin_init','home_init','send_mobile_verification_code','body_start','before_head_end','footer_start','before_footer','before_footer_end','before_body_end','left_sidebar_start','before_left_sidebar_end','right_sidebar_start','before_right_sidebar_end','comment','guestbook','switch_theme','after_content','before_content','log_write_done','switch_admin_theme','captcha_image') ORDER BY `list_order` ASC [ RunTime:0.000712s ]
[2024-12-06T10:29:36+08:00][sql] CONNECT:[ UseTime:0.000647s ] mysql:host=127.0.0.1;port=3306;dbname=zhibo;charset=utf8mb4
[2024-12-06T10:29:36+08:00][sql] SHOW FULL COLUMNS FROM `cmf_hook` [ RunTime:0.001560s ]
[2024-12-06T10:29:36+08:00][sql] SELECT `hook`,`id` FROM `cmf_hook` WHERE  (  (  `app` = '' OR `app` = 'cmf' )  AND `type` = 3 ) OR `type` = 1 [ RunTime:0.000612s ]
[2024-12-06T10:29:36+08:00][sql] SHOW FULL COLUMNS FROM `cmf_hook_plugin` [ RunTime:0.001264s ]
[2024-12-06T10:29:36+08:00][sql] SELECT `hook`,`plugin` FROM `cmf_hook_plugin` WHERE  `status` = 1  AND `hook` IN ('app_begin','module_init','action_begin','view_filter','app_end','log_write','response_end','admin_init','home_init','send_mobile_verification_code','body_start','before_head_end','footer_start','before_footer','before_footer_end','before_body_end','left_sidebar_start','before_left_sidebar_end','right_sidebar_start','before_right_sidebar_end','comment','guestbook','switch_theme','after_content','before_content','log_write_done','switch_admin_theme','captcha_image') ORDER BY `list_order` ASC [ RunTime:0.000661s ]
[2024-12-06T10:29:37+08:00][sql] CONNECT:[ UseTime:0.000672s ] mysql:host=127.0.0.1;port=3306;dbname=zhibo;charset=utf8mb4
[2024-12-06T10:29:37+08:00][sql] SHOW FULL COLUMNS FROM `cmf_hook` [ RunTime:0.001624s ]
[2024-12-06T10:29:37+08:00][sql] SELECT `hook`,`id` FROM `cmf_hook` WHERE  (  (  `app` = '' OR `app` = 'cmf' )  AND `type` = 3 ) OR `type` = 1 [ RunTime:0.000650s ]
[2024-12-06T10:29:37+08:00][sql] SHOW FULL COLUMNS FROM `cmf_hook_plugin` [ RunTime:0.001304s ]
[2024-12-06T10:29:37+08:00][sql] SELECT `hook`,`plugin` FROM `cmf_hook_plugin` WHERE  `status` = 1  AND `hook` IN ('app_begin','module_init','action_begin','view_filter','app_end','log_write','response_end','admin_init','home_init','send_mobile_verification_code','body_start','before_head_end','footer_start','before_footer','before_footer_end','before_body_end','left_sidebar_start','before_left_sidebar_end','right_sidebar_start','before_right_sidebar_end','comment','guestbook','switch_theme','after_content','before_content','log_write_done','switch_admin_theme','captcha_image') ORDER BY `list_order` ASC [ RunTime:0.000689s ]
[2024-12-06T10:29:46+08:00][sql] CONNECT:[ UseTime:0.000660s ] mysql:host=127.0.0.1;port=3306;dbname=zhibo;charset=utf8mb4
[2024-12-06T10:29:46+08:00][sql] SHOW FULL COLUMNS FROM `cmf_hook` [ RunTime:0.001609s ]
[2024-12-06T10:29:46+08:00][sql] SELECT `hook`,`id` FROM `cmf_hook` WHERE  (  (  `app` = '' OR `app` = 'cmf' )  AND `type` = 3 ) OR `type` = 1 [ RunTime:0.000717s ]
[2024-12-06T10:29:46+08:00][sql] SHOW FULL COLUMNS FROM `cmf_hook_plugin` [ RunTime:0.001370s ]
[2024-12-06T10:29:46+08:00][sql] SELECT `hook`,`plugin` FROM `cmf_hook_plugin` WHERE  `status` = 1  AND `hook` IN ('app_begin','module_init','action_begin','view_filter','app_end','log_write','response_end','admin_init','home_init','send_mobile_verification_code','body_start','before_head_end','footer_start','before_footer','before_footer_end','before_body_end','left_sidebar_start','before_left_sidebar_end','right_sidebar_start','before_right_sidebar_end','comment','guestbook','switch_theme','after_content','before_content','log_write_done','switch_admin_theme','captcha_image') ORDER BY `list_order` ASC [ RunTime:0.000812s ]
[2024-12-06T10:29:46+08:00][sql] CONNECT:[ UseTime:0.000683s ] mysql:host=127.0.0.1;port=3306;dbname=zhibo;charset=utf8mb4
[2024-12-06T10:29:46+08:00][sql] SHOW FULL COLUMNS FROM `cmf_hook` [ RunTime:0.001525s ]
[2024-12-06T10:29:46+08:00][sql] SELECT `hook`,`id` FROM `cmf_hook` WHERE  (  (  `app` = '' OR `app` = 'cmf' )  AND `type` = 3 ) OR `type` = 1 [ RunTime:0.000707s ]
[2024-12-06T10:29:46+08:00][sql] SHOW FULL COLUMNS FROM `cmf_hook_plugin` [ RunTime:0.001231s ]
[2024-12-06T10:29:46+08:00][sql] SELECT `hook`,`plugin` FROM `cmf_hook_plugin` WHERE  `status` = 1  AND `hook` IN ('app_begin','module_init','action_begin','view_filter','app_end','log_write','response_end','admin_init','home_init','send_mobile_verification_code','body_start','before_head_end','footer_start','before_footer','before_footer_end','before_body_end','left_sidebar_start','before_left_sidebar_end','right_sidebar_start','before_right_sidebar_end','comment','guestbook','switch_theme','after_content','before_content','log_write_done','switch_admin_theme','captcha_image') ORDER BY `list_order` ASC [ RunTime:0.000698s ]
[2024-12-06T10:30:14+08:00][sql] CONNECT:[ UseTime:0.000636s ] mysql:host=127.0.0.1;port=3306;dbname=zhibo;charset=utf8mb4
[2024-12-06T10:30:14+08:00][sql] SHOW FULL COLUMNS FROM `cmf_hook` [ RunTime:0.001617s ]
[2024-12-06T10:30:14+08:00][sql] SELECT `hook`,`id` FROM `cmf_hook` WHERE  (  (  `app` = '' OR `app` = 'cmf' )  AND `type` = 3 ) OR `type` = 1 [ RunTime:0.000648s ]
[2024-12-06T10:30:14+08:00][sql] SHOW FULL COLUMNS FROM `cmf_hook_plugin` [ RunTime:0.001307s ]
[2024-12-06T10:30:14+08:00][sql] SELECT `hook`,`plugin` FROM `cmf_hook_plugin` WHERE  `status` = 1  AND `hook` IN ('app_begin','module_init','action_begin','view_filter','app_end','log_write','response_end','admin_init','home_init','send_mobile_verification_code','body_start','before_head_end','footer_start','before_footer','before_footer_end','before_body_end','left_sidebar_start','before_left_sidebar_end','right_sidebar_start','before_right_sidebar_end','comment','guestbook','switch_theme','after_content','before_content','log_write_done','switch_admin_theme','captcha_image') ORDER BY `list_order` ASC [ RunTime:0.000751s ]
[2024-12-06T10:30:14+08:00][sql] CONNECT:[ UseTime:0.000662s ] mysql:host=127.0.0.1;port=3306;dbname=zhibo;charset=utf8mb4
[2024-12-06T10:30:14+08:00][sql] SHOW FULL COLUMNS FROM `cmf_hook` [ RunTime:0.001520s ]
[2024-12-06T10:30:14+08:00][sql] SELECT `hook`,`id` FROM `cmf_hook` WHERE  (  (  `app` = '' OR `app` = 'cmf' )  AND `type` = 3 ) OR `type` = 1 [ RunTime:0.000685s ]
[2024-12-06T10:30:14+08:00][sql] SHOW FULL COLUMNS FROM `cmf_hook_plugin` [ RunTime:0.001231s ]
[2024-12-06T10:30:14+08:00][sql] SELECT `hook`,`plugin` FROM `cmf_hook_plugin` WHERE  `status` = 1  AND `hook` IN ('app_begin','module_init','action_begin','view_filter','app_end','log_write','response_end','admin_init','home_init','send_mobile_verification_code','body_start','before_head_end','footer_start','before_footer','before_footer_end','before_body_end','left_sidebar_start','before_left_sidebar_end','right_sidebar_start','before_right_sidebar_end','comment','guestbook','switch_theme','after_content','before_content','log_write_done','switch_admin_theme','captcha_image') ORDER BY `list_order` ASC [ RunTime:0.000761s ]
[2024-12-06T10:30:14+08:00][sql] CONNECT:[ UseTime:0.000640s ] mysql:host=127.0.0.1;port=3306;dbname=zhibo;charset=utf8mb4
[2024-12-06T10:30:14+08:00][sql] SHOW FULL COLUMNS FROM `cmf_hook` [ RunTime:0.001493s ]
[2024-12-06T10:30:14+08:00][sql] SELECT `hook`,`id` FROM `cmf_hook` WHERE  (  (  `app` = '' OR `app` = 'cmf' )  AND `type` = 3 ) OR `type` = 1 [ RunTime:0.000656s ]
[2024-12-06T10:30:14+08:00][sql] SHOW FULL COLUMNS FROM `cmf_hook_plugin` [ RunTime:0.001173s ]
[2024-12-06T10:30:14+08:00][sql] SELECT `hook`,`plugin` FROM `cmf_hook_plugin` WHERE  `status` = 1  AND `hook` IN ('app_begin','module_init','action_begin','view_filter','app_end','log_write','response_end','admin_init','home_init','send_mobile_verification_code','body_start','before_head_end','footer_start','before_footer','before_footer_end','before_body_end','left_sidebar_start','before_left_sidebar_end','right_sidebar_start','before_right_sidebar_end','comment','guestbook','switch_theme','after_content','before_content','log_write_done','switch_admin_theme','captcha_image') ORDER BY `list_order` ASC [ RunTime:0.000680s ]
[2024-12-06T10:30:14+08:00][sql] CONNECT:[ UseTime:0.000658s ] mysql:host=127.0.0.1;port=3306;dbname=zhibo;charset=utf8mb4
[2024-12-06T10:30:14+08:00][sql] SHOW FULL COLUMNS FROM `cmf_hook` [ RunTime:0.001530s ]
[2024-12-06T10:30:14+08:00][sql] SELECT `hook`,`id` FROM `cmf_hook` WHERE  (  (  `app` = '' OR `app` = 'cmf' )  AND `type` = 3 ) OR `type` = 1 [ RunTime:0.000678s ]
[2024-12-06T10:30:14+08:00][sql] SHOW FULL COLUMNS FROM `cmf_hook_plugin` [ RunTime:0.001279s ]
[2024-12-06T10:30:14+08:00][sql] SELECT `hook`,`plugin` FROM `cmf_hook_plugin` WHERE  `status` = 1  AND `hook` IN ('app_begin','module_init','action_begin','view_filter','app_end','log_write','response_end','admin_init','home_init','send_mobile_verification_code','body_start','before_head_end','footer_start','before_footer','before_footer_end','before_body_end','left_sidebar_start','before_left_sidebar_end','right_sidebar_start','before_right_sidebar_end','comment','guestbook','switch_theme','after_content','before_content','log_write_done','switch_admin_theme','captcha_image') ORDER BY `list_order` ASC [ RunTime:0.000686s ]
[2024-12-06T10:37:28+08:00][sql] CONNECT:[ UseTime:0.000680s ] mysql:host=127.0.0.1;port=3306;dbname=zhibo;charset=utf8mb4
[2024-12-06T10:37:28+08:00][sql] SHOW FULL COLUMNS FROM `cmf_hook` [ RunTime:0.001520s ]
[2024-12-06T10:37:28+08:00][sql] SELECT `hook`,`id` FROM `cmf_hook` WHERE  (  (  `app` = '' OR `app` = 'cmf' )  AND `type` = 3 ) OR `type` = 1 [ RunTime:0.000652s ]
[2024-12-06T10:37:28+08:00][sql] SHOW FULL COLUMNS FROM `cmf_hook_plugin` [ RunTime:0.001230s ]
[2024-12-06T10:37:28+08:00][sql] SELECT `hook`,`plugin` FROM `cmf_hook_plugin` WHERE  `status` = 1  AND `hook` IN ('app_begin','module_init','action_begin','view_filter','app_end','log_write','response_end','admin_init','home_init','send_mobile_verification_code','body_start','before_head_end','footer_start','before_footer','before_footer_end','before_body_end','left_sidebar_start','before_left_sidebar_end','right_sidebar_start','before_right_sidebar_end','comment','guestbook','switch_theme','after_content','before_content','log_write_done','switch_admin_theme','captcha_image') ORDER BY `list_order` ASC [ RunTime:0.000728s ]
[2024-12-06T10:37:28+08:00][sql] CONNECT:[ UseTime:0.000737s ] mysql:host=127.0.0.1;port=3306;dbname=zhibo;charset=utf8mb4
[2024-12-06T10:37:28+08:00][sql] SHOW FULL COLUMNS FROM `cmf_hook` [ RunTime:0.001548s ]
[2024-12-06T10:37:28+08:00][sql] SELECT `hook`,`id` FROM `cmf_hook` WHERE  (  (  `app` = '' OR `app` = 'cmf' )  AND `type` = 3 ) OR `type` = 1 [ RunTime:0.000697s ]
[2024-12-06T10:37:28+08:00][sql] SHOW FULL COLUMNS FROM `cmf_hook_plugin` [ RunTime:0.001222s ]
[2024-12-06T10:37:28+08:00][sql] SELECT `hook`,`plugin` FROM `cmf_hook_plugin` WHERE  `status` = 1  AND `hook` IN ('app_begin','module_init','action_begin','view_filter','app_end','log_write','response_end','admin_init','home_init','send_mobile_verification_code','body_start','before_head_end','footer_start','before_footer','before_footer_end','before_body_end','left_sidebar_start','before_left_sidebar_end','right_sidebar_start','before_right_sidebar_end','comment','guestbook','switch_theme','after_content','before_content','log_write_done','switch_admin_theme','captcha_image') ORDER BY `list_order` ASC [ RunTime:0.000716s ]
[2024-12-06T10:37:28+08:00][sql] CONNECT:[ UseTime:0.000636s ] mysql:host=127.0.0.1;port=3306;dbname=zhibo;charset=utf8mb4
[2024-12-06T10:37:28+08:00][sql] SHOW FULL COLUMNS FROM `cmf_hook` [ RunTime:0.001526s ]
[2024-12-06T10:37:28+08:00][sql] SELECT `hook`,`id` FROM `cmf_hook` WHERE  (  (  `app` = '' OR `app` = 'cmf' )  AND `type` = 3 ) OR `type` = 1 [ RunTime:0.000635s ]
[2024-12-06T10:37:28+08:00][sql] SHOW FULL COLUMNS FROM `cmf_hook_plugin` [ RunTime:0.001255s ]
[2024-12-06T10:37:28+08:00][sql] SELECT `hook`,`plugin` FROM `cmf_hook_plugin` WHERE  `status` = 1  AND `hook` IN ('app_begin','module_init','action_begin','view_filter','app_end','log_write','response_end','admin_init','home_init','send_mobile_verification_code','body_start','before_head_end','footer_start','before_footer','before_footer_end','before_body_end','left_sidebar_start','before_left_sidebar_end','right_sidebar_start','before_right_sidebar_end','comment','guestbook','switch_theme','after_content','before_content','log_write_done','switch_admin_theme','captcha_image') ORDER BY `list_order` ASC [ RunTime:0.000732s ]
[2024-12-06T10:37:28+08:00][sql] CONNECT:[ UseTime:0.000619s ] mysql:host=127.0.0.1;port=3306;dbname=zhibo;charset=utf8mb4
[2024-12-06T10:37:28+08:00][sql] SHOW FULL COLUMNS FROM `cmf_hook` [ RunTime:0.001494s ]
[2024-12-06T10:37:28+08:00][sql] SELECT `hook`,`id` FROM `cmf_hook` WHERE  (  (  `app` = '' OR `app` = 'cmf' )  AND `type` = 3 ) OR `type` = 1 [ RunTime:0.000653s ]
[2024-12-06T10:37:28+08:00][sql] SHOW FULL COLUMNS FROM `cmf_hook_plugin` [ RunTime:0.001239s ]
[2024-12-06T10:37:28+08:00][sql] SELECT `hook`,`plugin` FROM `cmf_hook_plugin` WHERE  `status` = 1  AND `hook` IN ('app_begin','module_init','action_begin','view_filter','app_end','log_write','response_end','admin_init','home_init','send_mobile_verification_code','body_start','before_head_end','footer_start','before_footer','before_footer_end','before_body_end','left_sidebar_start','before_left_sidebar_end','right_sidebar_start','before_right_sidebar_end','comment','guestbook','switch_theme','after_content','before_content','log_write_done','switch_admin_theme','captcha_image') ORDER BY `list_order` ASC [ RunTime:0.000697s ]
[2024-12-06T10:37:31+08:00][sql] CONNECT:[ UseTime:0.000713s ] mysql:host=127.0.0.1;port=3306;dbname=zhibo;charset=utf8mb4
[2024-12-06T10:37:31+08:00][sql] SHOW FULL COLUMNS FROM `cmf_hook` [ RunTime:0.001485s ]
[2024-12-06T10:37:31+08:00][sql] SELECT `hook`,`id` FROM `cmf_hook` WHERE  (  (  `app` = '' OR `app` = 'cmf' )  AND `type` = 3 ) OR `type` = 1 [ RunTime:0.000616s ]
[2024-12-06T10:37:31+08:00][sql] SHOW FULL COLUMNS FROM `cmf_hook_plugin` [ RunTime:0.001250s ]
[2024-12-06T10:37:31+08:00][sql] SELECT `hook`,`plugin` FROM `cmf_hook_plugin` WHERE  `status` = 1  AND `hook` IN ('app_begin','module_init','action_begin','view_filter','app_end','log_write','response_end','admin_init','home_init','send_mobile_verification_code','body_start','before_head_end','footer_start','before_footer','before_footer_end','before_body_end','left_sidebar_start','before_left_sidebar_end','right_sidebar_start','before_right_sidebar_end','comment','guestbook','switch_theme','after_content','before_content','log_write_done','switch_admin_theme','captcha_image') ORDER BY `list_order` ASC [ RunTime:0.000706s ]
[2024-12-06T10:37:31+08:00][sql] CONNECT:[ UseTime:0.000673s ] mysql:host=127.0.0.1;port=3306;dbname=zhibo;charset=utf8mb4
[2024-12-06T10:37:31+08:00][sql] SHOW FULL COLUMNS FROM `cmf_hook` [ RunTime:0.001537s ]
[2024-12-06T10:37:31+08:00][sql] SELECT `hook`,`id` FROM `cmf_hook` WHERE  (  (  `app` = '' OR `app` = 'cmf' )  AND `type` = 3 ) OR `type` = 1 [ RunTime:0.000636s ]
[2024-12-06T10:37:31+08:00][sql] SHOW FULL COLUMNS FROM `cmf_hook_plugin` [ RunTime:0.001252s ]
[2024-12-06T10:37:31+08:00][sql] SELECT `hook`,`plugin` FROM `cmf_hook_plugin` WHERE  `status` = 1  AND `hook` IN ('app_begin','module_init','action_begin','view_filter','app_end','log_write','response_end','admin_init','home_init','send_mobile_verification_code','body_start','before_head_end','footer_start','before_footer','before_footer_end','before_body_end','left_sidebar_start','before_left_sidebar_end','right_sidebar_start','before_right_sidebar_end','comment','guestbook','switch_theme','after_content','before_content','log_write_done','switch_admin_theme','captcha_image') ORDER BY `list_order` ASC [ RunTime:0.000694s ]
[2024-12-06T10:37:31+08:00][sql] CONNECT:[ UseTime:0.000691s ] mysql:host=127.0.0.1;port=3306;dbname=zhibo;charset=utf8mb4
[2024-12-06T10:37:31+08:00][sql] SHOW FULL COLUMNS FROM `cmf_hook` [ RunTime:0.001527s ]
[2024-12-06T10:37:31+08:00][sql] SELECT `hook`,`id` FROM `cmf_hook` WHERE  (  (  `app` = '' OR `app` = 'cmf' )  AND `type` = 3 ) OR `type` = 1 [ RunTime:0.000606s ]
[2024-12-06T10:37:31+08:00][sql] SHOW FULL COLUMNS FROM `cmf_hook_plugin` [ RunTime:0.001306s ]
[2024-12-06T10:37:31+08:00][sql] SELECT `hook`,`plugin` FROM `cmf_hook_plugin` WHERE  `status` = 1  AND `hook` IN ('app_begin','module_init','action_begin','view_filter','app_end','log_write','response_end','admin_init','home_init','send_mobile_verification_code','body_start','before_head_end','footer_start','before_footer','before_footer_end','before_body_end','left_sidebar_start','before_left_sidebar_end','right_sidebar_start','before_right_sidebar_end','comment','guestbook','switch_theme','after_content','before_content','log_write_done','switch_admin_theme','captcha_image') ORDER BY `list_order` ASC [ RunTime:0.000690s ]
[2024-12-06T10:37:31+08:00][sql] CONNECT:[ UseTime:0.000707s ] mysql:host=127.0.0.1;port=3306;dbname=zhibo;charset=utf8mb4
[2024-12-06T10:37:31+08:00][sql] SHOW FULL COLUMNS FROM `cmf_hook` [ RunTime:0.001655s ]
[2024-12-06T10:37:31+08:00][sql] SELECT `hook`,`id` FROM `cmf_hook` WHERE  (  (  `app` = '' OR `app` = 'cmf' )  AND `type` = 3 ) OR `type` = 1 [ RunTime:0.000748s ]
[2024-12-06T10:37:31+08:00][sql] SHOW FULL COLUMNS FROM `cmf_hook_plugin` [ RunTime:0.001429s ]
[2024-12-06T10:37:31+08:00][sql] SELECT `hook`,`plugin` FROM `cmf_hook_plugin` WHERE  `status` = 1  AND `hook` IN ('app_begin','module_init','action_begin','view_filter','app_end','log_write','response_end','admin_init','home_init','send_mobile_verification_code','body_start','before_head_end','footer_start','before_footer','before_footer_end','before_body_end','left_sidebar_start','before_left_sidebar_end','right_sidebar_start','before_right_sidebar_end','comment','guestbook','switch_theme','after_content','before_content','log_write_done','switch_admin_theme','captcha_image') ORDER BY `list_order` ASC [ RunTime:0.000831s ]
[2024-12-06T10:37:50+08:00][sql] CONNECT:[ UseTime:0.000687s ] mysql:host=127.0.0.1;port=3306;dbname=zhibo;charset=utf8mb4
[2024-12-06T10:37:50+08:00][sql] SHOW FULL COLUMNS FROM `cmf_hook` [ RunTime:0.001576s ]
[2024-12-06T10:37:50+08:00][sql] SELECT `hook`,`id` FROM `cmf_hook` WHERE  (  (  `app` = '' OR `app` = 'cmf' )  AND `type` = 3 ) OR `type` = 1 [ RunTime:0.000674s ]
[2024-12-06T10:37:50+08:00][sql] SHOW FULL COLUMNS FROM `cmf_hook_plugin` [ RunTime:0.001271s ]
[2024-12-06T10:37:50+08:00][sql] SELECT `hook`,`plugin` FROM `cmf_hook_plugin` WHERE  `status` = 1  AND `hook` IN ('app_begin','module_init','action_begin','view_filter','app_end','log_write','response_end','admin_init','home_init','send_mobile_verification_code','body_start','before_head_end','footer_start','before_footer','before_footer_end','before_body_end','left_sidebar_start','before_left_sidebar_end','right_sidebar_start','before_right_sidebar_end','comment','guestbook','switch_theme','after_content','before_content','log_write_done','switch_admin_theme','captcha_image') ORDER BY `list_order` ASC [ RunTime:0.000707s ]
[2024-12-06T10:37:50+08:00][sql] CONNECT:[ UseTime:0.000715s ] mysql:host=127.0.0.1;port=3306;dbname=zhibo;charset=utf8mb4
[2024-12-06T10:37:50+08:00][sql] SHOW FULL COLUMNS FROM `cmf_hook` [ RunTime:0.001576s ]
[2024-12-06T10:37:50+08:00][sql] SELECT `hook`,`id` FROM `cmf_hook` WHERE  (  (  `app` = '' OR `app` = 'cmf' )  AND `type` = 3 ) OR `type` = 1 [ RunTime:0.000687s ]
[2024-12-06T10:37:50+08:00][sql] SHOW FULL COLUMNS FROM `cmf_hook_plugin` [ RunTime:0.001282s ]
[2024-12-06T10:37:50+08:00][sql] SELECT `hook`,`plugin` FROM `cmf_hook_plugin` WHERE  `status` = 1  AND `hook` IN ('app_begin','module_init','action_begin','view_filter','app_end','log_write','response_end','admin_init','home_init','send_mobile_verification_code','body_start','before_head_end','footer_start','before_footer','before_footer_end','before_body_end','left_sidebar_start','before_left_sidebar_end','right_sidebar_start','before_right_sidebar_end','comment','guestbook','switch_theme','after_content','before_content','log_write_done','switch_admin_theme','captcha_image') ORDER BY `list_order` ASC [ RunTime:0.000753s ]
[2024-12-06T10:37:53+08:00][sql] CONNECT:[ UseTime:0.000701s ] mysql:host=127.0.0.1;port=3306;dbname=zhibo;charset=utf8mb4
[2024-12-06T10:37:53+08:00][sql] SHOW FULL COLUMNS FROM `cmf_hook` [ RunTime:0.001635s ]
[2024-12-06T10:37:53+08:00][sql] SELECT `hook`,`id` FROM `cmf_hook` WHERE  (  (  `app` = '' OR `app` = 'cmf' )  AND `type` = 3 ) OR `type` = 1 [ RunTime:0.000724s ]
[2024-12-06T10:37:53+08:00][sql] SHOW FULL COLUMNS FROM `cmf_hook_plugin` [ RunTime:0.001413s ]
[2024-12-06T10:37:53+08:00][sql] SELECT `hook`,`plugin` FROM `cmf_hook_plugin` WHERE  `status` = 1  AND `hook` IN ('app_begin','module_init','action_begin','view_filter','app_end','log_write','response_end','admin_init','home_init','send_mobile_verification_code','body_start','before_head_end','footer_start','before_footer','before_footer_end','before_body_end','left_sidebar_start','before_left_sidebar_end','right_sidebar_start','before_right_sidebar_end','comment','guestbook','switch_theme','after_content','before_content','log_write_done','switch_admin_theme','captcha_image') ORDER BY `list_order` ASC [ RunTime:0.000732s ]
[2024-12-06T10:37:53+08:00][sql] CONNECT:[ UseTime:0.000666s ] mysql:host=127.0.0.1;port=3306;dbname=zhibo;charset=utf8mb4
[2024-12-06T10:37:53+08:00][sql] SHOW FULL COLUMNS FROM `cmf_hook` [ RunTime:0.001503s ]
[2024-12-06T10:37:53+08:00][sql] SELECT `hook`,`id` FROM `cmf_hook` WHERE  (  (  `app` = '' OR `app` = 'cmf' )  AND `type` = 3 ) OR `type` = 1 [ RunTime:0.000613s ]
[2024-12-06T10:37:53+08:00][sql] SHOW FULL COLUMNS FROM `cmf_hook_plugin` [ RunTime:0.001216s ]
[2024-12-06T10:37:53+08:00][sql] SELECT `hook`,`plugin` FROM `cmf_hook_plugin` WHERE  `status` = 1  AND `hook` IN ('app_begin','module_init','action_begin','view_filter','app_end','log_write','response_end','admin_init','home_init','send_mobile_verification_code','body_start','before_head_end','footer_start','before_footer','before_footer_end','before_body_end','left_sidebar_start','before_left_sidebar_end','right_sidebar_start','before_right_sidebar_end','comment','guestbook','switch_theme','after_content','before_content','log_write_done','switch_admin_theme','captcha_image') ORDER BY `list_order` ASC [ RunTime:0.000668s ]
[2024-12-06T10:37:53+08:00][sql] CONNECT:[ UseTime:0.000677s ] mysql:host=127.0.0.1;port=3306;dbname=zhibo;charset=utf8mb4
[2024-12-06T10:37:53+08:00][sql] SHOW FULL COLUMNS FROM `cmf_hook` [ RunTime:0.001544s ]
[2024-12-06T10:37:53+08:00][sql] SELECT `hook`,`id` FROM `cmf_hook` WHERE  (  (  `app` = '' OR `app` = 'cmf' )  AND `type` = 3 ) OR `type` = 1 [ RunTime:0.000621s ]
[2024-12-06T10:37:53+08:00][sql] SHOW FULL COLUMNS FROM `cmf_hook_plugin` [ RunTime:0.001252s ]
[2024-12-06T10:37:53+08:00][sql] SELECT `hook`,`plugin` FROM `cmf_hook_plugin` WHERE  `status` = 1  AND `hook` IN ('app_begin','module_init','action_begin','view_filter','app_end','log_write','response_end','admin_init','home_init','send_mobile_verification_code','body_start','before_head_end','footer_start','before_footer','before_footer_end','before_body_end','left_sidebar_start','before_left_sidebar_end','right_sidebar_start','before_right_sidebar_end','comment','guestbook','switch_theme','after_content','before_content','log_write_done','switch_admin_theme','captcha_image') ORDER BY `list_order` ASC [ RunTime:0.000707s ]
[2024-12-06T10:37:54+08:00][sql] CONNECT:[ UseTime:0.000655s ] mysql:host=127.0.0.1;port=3306;dbname=zhibo;charset=utf8mb4
[2024-12-06T10:37:54+08:00][sql] SHOW FULL COLUMNS FROM `cmf_hook` [ RunTime:0.001561s ]
[2024-12-06T10:37:54+08:00][sql] SELECT `hook`,`id` FROM `cmf_hook` WHERE  (  (  `app` = '' OR `app` = 'cmf' )  AND `type` = 3 ) OR `type` = 1 [ RunTime:0.000647s ]
[2024-12-06T10:37:54+08:00][sql] SHOW FULL COLUMNS FROM `cmf_hook_plugin` [ RunTime:0.001259s ]
[2024-12-06T10:37:54+08:00][sql] SELECT `hook`,`plugin` FROM `cmf_hook_plugin` WHERE  `status` = 1  AND `hook` IN ('app_begin','module_init','action_begin','view_filter','app_end','log_write','response_end','admin_init','home_init','send_mobile_verification_code','body_start','before_head_end','footer_start','before_footer','before_footer_end','before_body_end','left_sidebar_start','before_left_sidebar_end','right_sidebar_start','before_right_sidebar_end','comment','guestbook','switch_theme','after_content','before_content','log_write_done','switch_admin_theme','captcha_image') ORDER BY `list_order` ASC [ RunTime:0.000693s ]
[2024-12-06T10:38:26+08:00][sql] CONNECT:[ UseTime:0.000688s ] mysql:host=127.0.0.1;port=3306;dbname=zhibo;charset=utf8mb4
[2024-12-06T10:38:26+08:00][sql] SHOW FULL COLUMNS FROM `cmf_hook` [ RunTime:0.001558s ]
[2024-12-06T10:38:26+08:00][sql] SELECT `hook`,`id` FROM `cmf_hook` WHERE  (  (  `app` = '' OR `app` = 'cmf' )  AND `type` = 3 ) OR `type` = 1 [ RunTime:0.000645s ]
[2024-12-06T10:38:26+08:00][sql] SHOW FULL COLUMNS FROM `cmf_hook_plugin` [ RunTime:0.001288s ]
[2024-12-06T10:38:26+08:00][sql] SELECT `hook`,`plugin` FROM `cmf_hook_plugin` WHERE  `status` = 1  AND `hook` IN ('app_begin','module_init','action_begin','view_filter','app_end','log_write','response_end','admin_init','home_init','send_mobile_verification_code','body_start','before_head_end','footer_start','before_footer','before_footer_end','before_body_end','left_sidebar_start','before_left_sidebar_end','right_sidebar_start','before_right_sidebar_end','comment','guestbook','switch_theme','after_content','before_content','log_write_done','switch_admin_theme','captcha_image') ORDER BY `list_order` ASC [ RunTime:0.000738s ]
[2024-12-06T10:38:26+08:00][sql] CONNECT:[ UseTime:0.000689s ] mysql:host=127.0.0.1;port=3306;dbname=zhibo;charset=utf8mb4
[2024-12-06T10:38:26+08:00][sql] SHOW FULL COLUMNS FROM `cmf_hook` [ RunTime:0.001494s ]
[2024-12-06T10:38:26+08:00][sql] SELECT `hook`,`id` FROM `cmf_hook` WHERE  (  (  `app` = '' OR `app` = 'cmf' )  AND `type` = 3 ) OR `type` = 1 [ RunTime:0.000648s ]
[2024-12-06T10:38:26+08:00][sql] SHOW FULL COLUMNS FROM `cmf_hook_plugin` [ RunTime:0.001273s ]
[2024-12-06T10:38:26+08:00][sql] SELECT `hook`,`plugin` FROM `cmf_hook_plugin` WHERE  `status` = 1  AND `hook` IN ('app_begin','module_init','action_begin','view_filter','app_end','log_write','response_end','admin_init','home_init','send_mobile_verification_code','body_start','before_head_end','footer_start','before_footer','before_footer_end','before_body_end','left_sidebar_start','before_left_sidebar_end','right_sidebar_start','before_right_sidebar_end','comment','guestbook','switch_theme','after_content','before_content','log_write_done','switch_admin_theme','captcha_image') ORDER BY `list_order` ASC [ RunTime:0.000702s ]
[2024-12-06T10:38:26+08:00][sql] CONNECT:[ UseTime:0.000644s ] mysql:host=127.0.0.1;port=3306;dbname=zhibo;charset=utf8mb4
[2024-12-06T10:38:26+08:00][sql] SHOW FULL COLUMNS FROM `cmf_hook` [ RunTime:0.001551s ]
[2024-12-06T10:38:26+08:00][sql] SELECT `hook`,`id` FROM `cmf_hook` WHERE  (  (  `app` = '' OR `app` = 'cmf' )  AND `type` = 3 ) OR `type` = 1 [ RunTime:0.000625s ]
[2024-12-06T10:38:26+08:00][sql] SHOW FULL COLUMNS FROM `cmf_hook_plugin` [ RunTime:0.001276s ]
[2024-12-06T10:38:26+08:00][sql] SELECT `hook`,`plugin` FROM `cmf_hook_plugin` WHERE  `status` = 1  AND `hook` IN ('app_begin','module_init','action_begin','view_filter','app_end','log_write','response_end','admin_init','home_init','send_mobile_verification_code','body_start','before_head_end','footer_start','before_footer','before_footer_end','before_body_end','left_sidebar_start','before_left_sidebar_end','right_sidebar_start','before_right_sidebar_end','comment','guestbook','switch_theme','after_content','before_content','log_write_done','switch_admin_theme','captcha_image') ORDER BY `list_order` ASC [ RunTime:0.000710s ]
[2024-12-06T10:38:26+08:00][sql] CONNECT:[ UseTime:0.000627s ] mysql:host=127.0.0.1;port=3306;dbname=zhibo;charset=utf8mb4
[2024-12-06T10:38:26+08:00][sql] SHOW FULL COLUMNS FROM `cmf_hook` [ RunTime:0.001550s ]
[2024-12-06T10:38:26+08:00][sql] SELECT `hook`,`id` FROM `cmf_hook` WHERE  (  (  `app` = '' OR `app` = 'cmf' )  AND `type` = 3 ) OR `type` = 1 [ RunTime:0.000647s ]
[2024-12-06T10:38:26+08:00][sql] SHOW FULL COLUMNS FROM `cmf_hook_plugin` [ RunTime:0.001324s ]
[2024-12-06T10:38:26+08:00][sql] SELECT `hook`,`plugin` FROM `cmf_hook_plugin` WHERE  `status` = 1  AND `hook` IN ('app_begin','module_init','action_begin','view_filter','app_end','log_write','response_end','admin_init','home_init','send_mobile_verification_code','body_start','before_head_end','footer_start','before_footer','before_footer_end','before_body_end','left_sidebar_start','before_left_sidebar_end','right_sidebar_start','before_right_sidebar_end','comment','guestbook','switch_theme','after_content','before_content','log_write_done','switch_admin_theme','captcha_image') ORDER BY `list_order` ASC [ RunTime:0.000697s ]
[2024-12-06T11:15:23+08:00][sql] CONNECT:[ UseTime:0.000888s ] mysql:host=127.0.0.1;port=3306;dbname=zhibo;charset=utf8mb4
[2024-12-06T11:15:23+08:00][sql] SHOW FULL COLUMNS FROM `cmf_hook` [ RunTime:0.001637s ]
[2024-12-06T11:15:23+08:00][sql] SELECT `hook`,`id` FROM `cmf_hook` WHERE  (  (  `app` = '' OR `app` = 'cmf' )  AND `type` = 3 ) OR `type` = 1 [ RunTime:0.000721s ]
[2024-12-06T11:15:23+08:00][sql] SHOW FULL COLUMNS FROM `cmf_hook_plugin` [ RunTime:0.001302s ]
[2024-12-06T11:15:23+08:00][sql] SELECT `hook`,`plugin` FROM `cmf_hook_plugin` WHERE  `status` = 1  AND `hook` IN ('app_begin','module_init','action_begin','view_filter','app_end','log_write','response_end','admin_init','home_init','send_mobile_verification_code','body_start','before_head_end','footer_start','before_footer','before_footer_end','before_body_end','left_sidebar_start','before_left_sidebar_end','right_sidebar_start','before_right_sidebar_end','comment','guestbook','switch_theme','after_content','before_content','log_write_done','switch_admin_theme','captcha_image') ORDER BY `list_order` ASC [ RunTime:0.000772s ]
[2024-12-06T11:15:23+08:00][sql] SHOW FULL COLUMNS FROM `cmf_plugin` [ RunTime:0.001788s ]
[2024-12-06T11:15:23+08:00][sql] SELECT `config` FROM `cmf_plugin` WHERE  `name` = 'Qiniu' LIMIT 1 [ RunTime:0.000538s ]
[2024-12-06T11:15:23+08:00][sql] SHOW FULL COLUMNS FROM `cmf_live` [ RunTime:0.001690s ]
[2024-12-06T11:15:23+08:00][sql] SELECT * FROM `cmf_live` WHERE  ( islive='1' and isrecommend='1' and type='0' and live_type=0 ) [ RunTime:0.000899s ]
[2024-12-06T11:15:23+08:00][sql] SHOW FULL COLUMNS FROM `cmf_slide_item` [ RunTime:0.001419s ]
[2024-12-06T11:15:23+08:00][sql] SELECT * FROM `cmf_slide_item` WHERE  ( status='1' and slide_id='1' ) ORDER BY `list_order` ASC [ RunTime:0.000608s ]
[2024-12-06T11:15:23+08:00][sql] SHOW FULL COLUMNS FROM `cmf_live_class` [ RunTime:0.001180s ]
[2024-12-06T11:15:23+08:00][sql] SELECT * FROM `cmf_live_class` ORDER BY `list_order` LIMIT 5 [ RunTime:0.000431s ]
[2024-12-06T11:15:23+08:00][sql] SELECT * FROM `cmf_live` WHERE  `islive` = 1  AND `live_type` = 0  AND `liveclassid` = 8 ORDER BY `recommend_time` DESC,`starttime` DESC LIMIT 5 [ RunTime:0.000738s ]
[2024-12-06T11:15:23+08:00][sql] SELECT `uid`,`thumb`,`stream`,`title`,`city`,`islive`,`type` FROM `cmf_live` WHERE  ( islive='1' and ishot='1' and live_type=0 ) ORDER BY `isrecommend` DESC,`recommend_time` DESC,`hotvotes` DESC,`starttime` DESC LIMIT 5 [ RunTime:0.000473s ]
[2024-12-06T11:15:23+08:00][sql] SELECT `uid`,`thumb`,`stream`,`title`,`city`,`islive`,`type` FROM `cmf_live` WHERE  ( islive='1' and live_type=0 ) ORDER BY `starttime` DESC LIMIT 5 [ RunTime:0.000375s ]
[2024-12-06T11:15:23+08:00][sql] SHOW FULL COLUMNS FROM `cmf_theme_file` [ RunTime:0.001462s ]
[2024-12-06T11:15:23+08:00][sql] SELECT `more` FROM `cmf_theme_file` WHERE  `theme` = 'default'  AND (  `is_public` = 1 OR `file` = '../home/index/index' ) [ RunTime:0.000559s ]
[2024-12-06T12:26:56+08:00][sql] CONNECT:[ UseTime:0.000667s ] mysql:host=127.0.0.1;port=3306;dbname=zhibo;charset=utf8mb4
[2024-12-06T12:26:56+08:00][sql] SHOW FULL COLUMNS FROM `cmf_hook` [ RunTime:0.001573s ]
[2024-12-06T12:26:56+08:00][sql] SELECT `hook`,`id` FROM `cmf_hook` WHERE  (  (  `app` = '' OR `app` = 'cmf' )  AND `type` = 3 ) OR `type` = 1 [ RunTime:0.000607s ]
[2024-12-06T12:26:56+08:00][sql] SHOW FULL COLUMNS FROM `cmf_hook_plugin` [ RunTime:0.001297s ]
[2024-12-06T12:26:56+08:00][sql] SELECT `hook`,`plugin` FROM `cmf_hook_plugin` WHERE  `status` = 1  AND `hook` IN ('app_begin','module_init','action_begin','view_filter','app_end','log_write','response_end','admin_init','home_init','send_mobile_verification_code','body_start','before_head_end','footer_start','before_footer','before_footer_end','before_body_end','left_sidebar_start','before_left_sidebar_end','right_sidebar_start','before_right_sidebar_end','comment','guestbook','switch_theme','after_content','before_content','log_write_done','switch_admin_theme','captcha_image') ORDER BY `list_order` ASC [ RunTime:0.000680s ]
[2024-12-06T12:26:56+08:00][sql] CONNECT:[ UseTime:0.000661s ] mysql:host=127.0.0.1;port=3306;dbname=zhibo;charset=utf8mb4
[2024-12-06T12:26:56+08:00][sql] SHOW FULL COLUMNS FROM `cmf_hook` [ RunTime:0.001574s ]
[2024-12-06T12:26:56+08:00][sql] SELECT `hook`,`id` FROM `cmf_hook` WHERE  (  (  `app` = '' OR `app` = 'cmf' )  AND `type` = 3 ) OR `type` = 1 [ RunTime:0.000664s ]
[2024-12-06T12:26:56+08:00][sql] SHOW FULL COLUMNS FROM `cmf_hook_plugin` [ RunTime:0.001275s ]
[2024-12-06T12:26:56+08:00][sql] SELECT `hook`,`plugin` FROM `cmf_hook_plugin` WHERE  `status` = 1  AND `hook` IN ('app_begin','module_init','action_begin','view_filter','app_end','log_write','response_end','admin_init','home_init','send_mobile_verification_code','body_start','before_head_end','footer_start','before_footer','before_footer_end','before_body_end','left_sidebar_start','before_left_sidebar_end','right_sidebar_start','before_right_sidebar_end','comment','guestbook','switch_theme','after_content','before_content','log_write_done','switch_admin_theme','captcha_image') ORDER BY `list_order` ASC [ RunTime:0.000742s ]
[2024-12-06T12:26:56+08:00][sql] CONNECT:[ UseTime:0.000608s ] mysql:host=127.0.0.1;port=3306;dbname=zhibo;charset=utf8mb4
[2024-12-06T12:26:56+08:00][sql] SHOW FULL COLUMNS FROM `cmf_hook` [ RunTime:0.001525s ]
[2024-12-06T12:26:56+08:00][sql] SELECT `hook`,`id` FROM `cmf_hook` WHERE  (  (  `app` = '' OR `app` = 'cmf' )  AND `type` = 3 ) OR `type` = 1 [ RunTime:0.000650s ]
[2024-12-06T12:26:56+08:00][sql] SHOW FULL COLUMNS FROM `cmf_hook_plugin` [ RunTime:0.001261s ]
[2024-12-06T12:26:56+08:00][sql] SELECT `hook`,`plugin` FROM `cmf_hook_plugin` WHERE  `status` = 1  AND `hook` IN ('app_begin','module_init','action_begin','view_filter','app_end','log_write','response_end','admin_init','home_init','send_mobile_verification_code','body_start','before_head_end','footer_start','before_footer','before_footer_end','before_body_end','left_sidebar_start','before_left_sidebar_end','right_sidebar_start','before_right_sidebar_end','comment','guestbook','switch_theme','after_content','before_content','log_write_done','switch_admin_theme','captcha_image') ORDER BY `list_order` ASC [ RunTime:0.000714s ]
[2024-12-06T12:27:02+08:00][sql] CONNECT:[ UseTime:0.000631s ] mysql:host=127.0.0.1;port=3306;dbname=zhibo;charset=utf8mb4
[2024-12-06T12:27:02+08:00][sql] SHOW FULL COLUMNS FROM `cmf_hook` [ RunTime:0.001572s ]
[2024-12-06T12:27:02+08:00][sql] SELECT `hook`,`id` FROM `cmf_hook` WHERE  (  (  `app` = '' OR `app` = 'cmf' )  AND `type` = 3 ) OR `type` = 1 [ RunTime:0.000615s ]
[2024-12-06T12:27:02+08:00][sql] SHOW FULL COLUMNS FROM `cmf_hook_plugin` [ RunTime:0.001285s ]
[2024-12-06T12:27:02+08:00][sql] SELECT `hook`,`plugin` FROM `cmf_hook_plugin` WHERE  `status` = 1  AND `hook` IN ('app_begin','module_init','action_begin','view_filter','app_end','log_write','response_end','admin_init','home_init','send_mobile_verification_code','body_start','before_head_end','footer_start','before_footer','before_footer_end','before_body_end','left_sidebar_start','before_left_sidebar_end','right_sidebar_start','before_right_sidebar_end','comment','guestbook','switch_theme','after_content','before_content','log_write_done','switch_admin_theme','captcha_image') ORDER BY `list_order` ASC [ RunTime:0.000684s ]
[2024-12-06T12:27:02+08:00][sql] SHOW FULL COLUMNS FROM `cmf_user` [ RunTime:0.002020s ]
[2024-12-06T12:27:02+08:00][sql] SELECT * FROM `cmf_user` WHERE  `user_login` = 'admin' LIMIT 1 [ RunTime:0.000941s ]
[2024-12-06T12:27:02+08:00][sql] SHOW FULL COLUMNS FROM `cmf_role_user` [ RunTime:0.001416s ]
[2024-12-06T12:27:02+08:00][sql] SELECT `role_id` FROM `cmf_role_user` `a` INNER JOIN `cmf_role` `b` ON `a`.`role_id`=`b`.`id` WHERE  `user_id` = 1  AND `status` = '1' LIMIT 1 [ RunTime:0.000562s ]
[2024-12-06T12:27:02+08:00][sql] SHOW FULL COLUMNS FROM `cmf_user_token` [ RunTime:0.001244s ]
[2024-12-06T12:27:02+08:00][sql] SELECT * FROM `cmf_user_token` WHERE  `user_id` = 1  AND `device_type` = 'web' LIMIT 1 [ RunTime:0.000463s ]
[2024-12-06T12:27:02+08:00][sql] UPDATE `cmf_user`  SET `last_login_ip` = '223.88.94.247' , `last_login_time` = 1733459222  WHERE  `id` = 1 [ RunTime:0.008484s ]
[2024-12-06T12:27:04+08:00][sql] CONNECT:[ UseTime:0.000666s ] mysql:host=127.0.0.1;port=3306;dbname=zhibo;charset=utf8mb4
[2024-12-06T12:27:04+08:00][sql] SHOW FULL COLUMNS FROM `cmf_hook` [ RunTime:0.001481s ]
[2024-12-06T12:27:04+08:00][sql] SELECT `hook`,`id` FROM `cmf_hook` WHERE  (  (  `app` = '' OR `app` = 'cmf' )  AND `type` = 3 ) OR `type` = 1 [ RunTime:0.000602s ]
[2024-12-06T12:27:04+08:00][sql] SHOW FULL COLUMNS FROM `cmf_hook_plugin` [ RunTime:0.001208s ]
[2024-12-06T12:27:04+08:00][sql] SELECT `hook`,`plugin` FROM `cmf_hook_plugin` WHERE  `status` = 1  AND `hook` IN ('app_begin','module_init','action_begin','view_filter','app_end','log_write','response_end','admin_init','home_init','send_mobile_verification_code','body_start','before_head_end','footer_start','before_footer','before_footer_end','before_body_end','left_sidebar_start','before_left_sidebar_end','right_sidebar_start','before_right_sidebar_end','comment','guestbook','switch_theme','after_content','before_content','log_write_done','switch_admin_theme','captcha_image') ORDER BY `list_order` ASC [ RunTime:0.000673s ]
[2024-12-06T12:27:04+08:00][sql] SHOW FULL COLUMNS FROM `cmf_user` [ RunTime:0.001883s ]
[2024-12-06T12:27:04+08:00][sql] SELECT * FROM `cmf_user` WHERE  `id` = 1 LIMIT 1 [ RunTime:0.000825s ]
[2024-12-06T12:27:04+08:00][sql] SHOW FULL COLUMNS FROM `cmf_admin_menu` [ RunTime:0.001623s ]
[2024-12-06T12:27:04+08:00][sql] SELECT * FROM `cmf_admin_menu` ORDER BY `app` ASC,`controller` ASC,`action` ASC [ RunTime:0.004349s ]
[2024-12-06T12:27:04+08:00][sql] CONNECT:[ UseTime:0.000670s ] mysql:host=127.0.0.1;port=3306;dbname=zhibo;charset=utf8mb4
[2024-12-06T12:27:04+08:00][sql] SHOW FULL COLUMNS FROM `cmf_hook` [ RunTime:0.001514s ]
[2024-12-06T12:27:04+08:00][sql] SELECT `hook`,`id` FROM `cmf_hook` WHERE  (  (  `app` = '' OR `app` = 'cmf' )  AND `type` = 3 ) OR `type` = 1 [ RunTime:0.000673s ]
[2024-12-06T12:27:04+08:00][sql] SHOW FULL COLUMNS FROM `cmf_hook_plugin` [ RunTime:0.001214s ]
[2024-12-06T12:27:04+08:00][sql] SELECT `hook`,`plugin` FROM `cmf_hook_plugin` WHERE  `status` = 1  AND `hook` IN ('app_begin','module_init','action_begin','view_filter','app_end','log_write','response_end','admin_init','home_init','send_mobile_verification_code','body_start','before_head_end','footer_start','before_footer','before_footer_end','before_body_end','left_sidebar_start','before_left_sidebar_end','right_sidebar_start','before_right_sidebar_end','comment','guestbook','switch_theme','after_content','before_content','log_write_done','switch_admin_theme','captcha_image') ORDER BY `list_order` ASC [ RunTime:0.000738s ]
[2024-12-06T12:27:04+08:00][sql] SHOW FULL COLUMNS FROM `cmf_user` [ RunTime:0.002002s ]
[2024-12-06T12:27:04+08:00][sql] SELECT * FROM `cmf_user` WHERE  `id` = 1 LIMIT 1 [ RunTime:0.000847s ]
[2024-12-06T12:27:04+08:00][sql] SELECT COUNT(*) AS think_count FROM `cmf_user` WHERE  ( user_type=2 ) LIMIT 1 [ RunTime:0.000462s ]
[2024-12-06T12:27:04+08:00][sql] SELECT count(id) as nums,source FROM `cmf_user` WHERE  ( user_type=2 ) GROUP BY `source` [ RunTime:0.000645s ]
[2024-12-06T12:27:04+08:00][sql] SELECT count(id) as nums,login_type FROM `cmf_user` WHERE  ( user_type=2 ) GROUP BY `login_type` ORDER BY `nums` DESC [ RunTime:0.000455s ]
[2024-12-06T12:27:04+08:00][sql] SELECT COUNT(*) AS think_count FROM `cmf_user` WHERE  ( user_type=2 ) LIMIT 1 [ RunTime:0.000367s ]
[2024-12-06T12:27:04+08:00][sql] SHOW FULL COLUMNS FROM `cmf_live` [ RunTime:0.001547s ]
[2024-12-06T12:27:04+08:00][sql] SELECT COUNT(*) AS think_count FROM `cmf_live` WHERE  ( islive=1 ) LIMIT 1 [ RunTime:0.000617s ]
[2024-12-06T12:27:04+08:00][sql] select sum(endtime - starttime) as times from cmf_live_record [ RunTime:0.000345s ]
[2024-12-06T12:27:04+08:00][sql] SHOW FULL COLUMNS FROM `cmf_live_record` [ RunTime:0.001576s ]
[2024-12-06T12:27:04+08:00][sql] SELECT COUNT(*) AS think_count FROM ( SELECT count(*) AS think_count FROM `cmf_live_record` WHERE  ( starttime >= 1733414400 and starttime<1733500800 ) GROUP BY `uid` ) `_group_count_` LIMIT 1 [ RunTime:0.000584s ]
[2024-12-06T12:27:04+08:00][sql] SELECT COUNT(*) AS think_count FROM `cmf_live_record` WHERE  ( starttime >= 1733414400 and starttime<1733500800 ) LIMIT 1 [ RunTime:0.000373s ]
[2024-12-06T12:27:04+08:00][sql] select sum(endtime - starttime) as times from cmf_live_record where starttime >= 1733414400 and starttime<1733500800 [ RunTime:0.000345s ]
[2024-12-06T12:27:04+08:00][sql] SELECT `id`,`user_nickname`,`avatar`,`avatar_thumb`,`votestotal` FROM `cmf_user` WHERE  ( user_type=2 ) ORDER BY `votestotal` DESC LIMIT 0,3 [ RunTime:0.000414s ]
[2024-12-06T12:27:04+08:00][sql] SELECT `id`,`user_nickname`,`avatar`,`avatar_thumb`,`consumption` FROM `cmf_user` WHERE  ( user_type=2 ) ORDER BY `consumption` DESC LIMIT 0,3 [ RunTime:0.000547s ]
[2024-12-06T12:27:04+08:00][sql] SHOW FULL COLUMNS FROM `cmf_charge_user` [ RunTime:0.001630s ]
[2024-12-06T12:27:04+08:00][sql] SELECT SUM(`money`) AS think_sum FROM `cmf_charge_user` WHERE  ( status=1 ) LIMIT 1 [ RunTime:0.000374s ]
[2024-12-06T12:27:04+08:00][sql] SELECT SUM(`money`) AS think_sum FROM `cmf_charge_user` WHERE  ( status=1 and addtime>=1733414400 and addtime<1733500800 ) LIMIT 1 [ RunTime:0.000371s ]
[2024-12-06T12:27:04+08:00][sql] SELECT SUM(`money`) AS think_sum FROM `cmf_charge_user` WHERE  ( status=1 and type=1 and addtime>=1733414400 and addtime<1733500800 ) LIMIT 1 [ RunTime:0.000342s ]
[2024-12-06T12:27:04+08:00][sql] SELECT SUM(`money`) AS think_sum FROM `cmf_charge_user` WHERE  ( status=1 and type=2 and addtime>=1733414400 and addtime<1733500800 ) LIMIT 1 [ RunTime:0.000319s ]
[2024-12-06T12:27:04+08:00][sql] SELECT SUM(`money`) AS think_sum FROM `cmf_charge_user` WHERE  ( status=1 and type=3 and addtime>=1733414400 and addtime<1733500800 ) LIMIT 1 [ RunTime:0.000293s ]
[2024-12-06T12:27:04+08:00][sql] SHOW FULL COLUMNS FROM `cmf_cash_record` [ RunTime:0.001372s ]
[2024-12-06T12:27:04+08:00][sql] SELECT SUM(`money`) AS think_sum FROM `cmf_cash_record` WHERE  ( status=0 and addtime>=1733414400 and addtime<1733500800 ) LIMIT 1 [ RunTime:0.000427s ]
[2024-12-06T12:27:04+08:00][sql] SELECT SUM(`money`) AS think_sum FROM `cmf_cash_record` WHERE  ( status=1 and addtime>=1733414400 and addtime<1733500800 ) LIMIT 1 [ RunTime:0.000323s ]
[2024-12-06T12:27:04+08:00][sql] SELECT COUNT(*) AS think_count FROM ( SELECT count(*) AS think_count FROM `cmf_cash_record` WHERE  ( addtime>=1733414400 and addtime<1733500800 ) GROUP BY `uid` ) `_group_count_` LIMIT 1 [ RunTime:0.000417s ]
[2024-12-06T12:27:04+08:00][sql] SELECT SUM(`money`) AS think_sum FROM `cmf_cash_record` WHERE  ( status=1 ) LIMIT 1 [ RunTime:0.000288s ]
[2024-12-06T12:27:04+08:00][sql] SHOW FULL COLUMNS FROM `cmf_shop_apply` [ RunTime:0.001639s ]
[2024-12-06T12:27:04+08:00][sql] SELECT COUNT(*) AS think_count FROM `cmf_shop_apply` WHERE  ( status=0 ) LIMIT 1 [ RunTime:0.000403s ]
[2024-12-06T12:27:04+08:00][sql] SHOW FULL COLUMNS FROM `cmf_shop_goods` [ RunTime:0.001504s ]
[2024-12-06T12:27:04+08:00][sql] SELECT COUNT(*) AS think_count FROM `cmf_shop_goods` WHERE  ( status=0 ) LIMIT 1 [ RunTime:0.000403s ]
[2024-12-06T12:27:04+08:00][sql] SHOW FULL COLUMNS FROM `cmf_shop_order_refund` [ RunTime:0.001473s ]
[2024-12-06T12:27:04+08:00][sql] SELECT COUNT(*) AS think_count FROM `cmf_shop_order_refund` WHERE  ( is_platform_interpose=1 and platform_result=0 ) LIMIT 1 [ RunTime:0.000433s ]
[2024-12-06T12:27:04+08:00][sql] SHOW FULL COLUMNS FROM `cmf_paidprogram` [ RunTime:0.001266s ]
[2024-12-06T12:27:04+08:00][sql] SELECT COUNT(*) AS think_count FROM `cmf_paidprogram` WHERE  ( status=0 ) LIMIT 1 [ RunTime:0.000376s ]
[2024-12-06T12:27:04+08:00][sql] SHOW FULL COLUMNS FROM `cmf_paidprogram_apply` [ RunTime:0.001140s ]
[2024-12-06T12:27:04+08:00][sql] SELECT COUNT(*) AS think_count FROM `cmf_paidprogram_apply` WHERE  ( status=0 ) LIMIT 1 [ RunTime:0.000351s ]
[2024-12-06T12:27:04+08:00][sql] SHOW FULL COLUMNS FROM `cmf_report` [ RunTime:0.001122s ]
[2024-12-06T12:27:04+08:00][sql] SELECT COUNT(*) AS think_count FROM `cmf_report` WHERE  ( status=0 ) LIMIT 1 [ RunTime:0.000365s ]
[2024-12-06T12:27:04+08:00][sql] SHOW FULL COLUMNS FROM `cmf_dynamic` [ RunTime:0.001293s ]
[2024-12-06T12:27:04+08:00][sql] SELECT COUNT(*) AS think_count FROM `cmf_dynamic` WHERE  ( isdel=0 and status=0 ) LIMIT 1 [ RunTime:0.000419s ]
[2024-12-06T12:27:04+08:00][sql] SHOW FULL COLUMNS FROM `cmf_dynamic_report` [ RunTime:0.001208s ]
[2024-12-06T12:27:04+08:00][sql] SELECT COUNT(*) AS think_count FROM `cmf_dynamic_report` WHERE  ( status=0 ) LIMIT 1 [ RunTime:0.000366s ]
[2024-12-06T12:27:04+08:00][sql] SHOW FULL COLUMNS FROM `cmf_video` [ RunTime:0.001363s ]
[2024-12-06T12:27:04+08:00][sql] SELECT COUNT(*) AS think_count FROM `cmf_video` WHERE  ( isdel=0 and status=0 ) LIMIT 1 [ RunTime:0.000413s ]
[2024-12-06T12:27:04+08:00][sql] SHOW FULL COLUMNS FROM `cmf_video_report` [ RunTime:0.001260s ]
[2024-12-06T12:27:04+08:00][sql] SELECT COUNT(*) AS think_count FROM `cmf_video_report` WHERE  ( status=0 ) LIMIT 1 [ RunTime:0.000336s ]
[2024-12-06T12:27:04+08:00][sql] SHOW FULL COLUMNS FROM `cmf_family` [ RunTime:0.001197s ]
[2024-12-06T12:27:04+08:00][sql] SELECT COUNT(*) AS think_count FROM `cmf_family` WHERE  ( state=0 ) LIMIT 1 [ RunTime:0.000403s ]
[2024-12-06T12:27:04+08:00][sql] SHOW FULL COLUMNS FROM `cmf_family_user_divide_apply` [ RunTime:0.001139s ]
[2024-12-06T12:27:04+08:00][sql] SELECT COUNT(*) AS think_count FROM `cmf_family_user_divide_apply` WHERE  ( status=0 ) LIMIT 1 [ RunTime:0.000334s ]
[2024-12-06T12:27:04+08:00][sql] SHOW FULL COLUMNS FROM `cmf_user_auth` [ RunTime:0.001240s ]
[2024-12-06T12:27:04+08:00][sql] SELECT COUNT(*) AS think_count FROM `cmf_user_auth` WHERE  ( status=0 ) LIMIT 1 [ RunTime:0.000353s ]
[2024-12-06T12:27:04+08:00][sql] CONNECT:[ UseTime:0.000606s ] mysql:host=127.0.0.1;port=3306;dbname=zhibo;charset=utf8mb4
[2024-12-06T12:27:04+08:00][sql] SHOW FULL COLUMNS FROM `cmf_hook` [ RunTime:0.001584s ]
[2024-12-06T12:27:04+08:00][sql] SELECT `hook`,`id` FROM `cmf_hook` WHERE  (  (  `app` = '' OR `app` = 'cmf' )  AND `type` = 3 ) OR `type` = 1 [ RunTime:0.000698s ]
[2024-12-06T12:27:04+08:00][sql] SHOW FULL COLUMNS FROM `cmf_hook_plugin` [ RunTime:0.001336s ]
[2024-12-06T12:27:04+08:00][sql] SELECT `hook`,`plugin` FROM `cmf_hook_plugin` WHERE  `status` = 1  AND `hook` IN ('app_begin','module_init','action_begin','view_filter','app_end','log_write','response_end','admin_init','home_init','send_mobile_verification_code','body_start','before_head_end','footer_start','before_footer','before_footer_end','before_body_end','left_sidebar_start','before_left_sidebar_end','right_sidebar_start','before_right_sidebar_end','comment','guestbook','switch_theme','after_content','before_content','log_write_done','switch_admin_theme','captcha_image') ORDER BY `list_order` ASC [ RunTime:0.000717s ]
[2024-12-06T12:27:08+08:00][sql] CONNECT:[ UseTime:0.000646s ] mysql:host=127.0.0.1;port=3306;dbname=zhibo;charset=utf8mb4
[2024-12-06T12:27:08+08:00][sql] SHOW FULL COLUMNS FROM `cmf_hook` [ RunTime:0.001543s ]
[2024-12-06T12:27:08+08:00][sql] SELECT `hook`,`id` FROM `cmf_hook` WHERE  (  (  `app` = '' OR `app` = 'cmf' )  AND `type` = 3 ) OR `type` = 1 [ RunTime:0.000600s ]
[2024-12-06T12:27:08+08:00][sql] SHOW FULL COLUMNS FROM `cmf_hook_plugin` [ RunTime:0.001271s ]
[2024-12-06T12:27:08+08:00][sql] SELECT `hook`,`plugin` FROM `cmf_hook_plugin` WHERE  `status` = 1  AND `hook` IN ('app_begin','module_init','action_begin','view_filter','app_end','log_write','response_end','admin_init','home_init','send_mobile_verification_code','body_start','before_head_end','footer_start','before_footer','before_footer_end','before_body_end','left_sidebar_start','before_left_sidebar_end','right_sidebar_start','before_right_sidebar_end','comment','guestbook','switch_theme','after_content','before_content','log_write_done','switch_admin_theme','captcha_image') ORDER BY `list_order` ASC [ RunTime:0.000672s ]
[2024-12-06T12:27:08+08:00][sql] SHOW FULL COLUMNS FROM `cmf_user` [ RunTime:0.001917s ]
[2024-12-06T12:27:08+08:00][sql] SELECT * FROM `cmf_user` WHERE  `id` = 1 LIMIT 1 [ RunTime:0.000873s ]
[2024-12-06T12:27:08+08:00][sql] SHOW FULL COLUMNS FROM `cmf_role` [ RunTime:0.001332s ]
[2024-12-06T12:27:08+08:00][sql] SELECT * FROM `cmf_role` ORDER BY `list_order` ASC,`id` DESC [ RunTime:0.000427s ]
[2024-12-06T12:27:08+08:00][sql] CONNECT:[ UseTime:0.000619s ] mysql:host=127.0.0.1;port=3306;dbname=zhibo;charset=utf8mb4
[2024-12-06T12:27:08+08:00][sql] SHOW FULL COLUMNS FROM `cmf_hook` [ RunTime:0.001577s ]
[2024-12-06T12:27:08+08:00][sql] SELECT `hook`,`id` FROM `cmf_hook` WHERE  (  (  `app` = '' OR `app` = 'cmf' )  AND `type` = 3 ) OR `type` = 1 [ RunTime:0.000610s ]
[2024-12-06T12:27:08+08:00][sql] SHOW FULL COLUMNS FROM `cmf_hook_plugin` [ RunTime:0.001214s ]
[2024-12-06T12:27:08+08:00][sql] SELECT `hook`,`plugin` FROM `cmf_hook_plugin` WHERE  `status` = 1  AND `hook` IN ('app_begin','module_init','action_begin','view_filter','app_end','log_write','response_end','admin_init','home_init','send_mobile_verification_code','body_start','before_head_end','footer_start','before_footer','before_footer_end','before_body_end','left_sidebar_start','before_left_sidebar_end','right_sidebar_start','before_right_sidebar_end','comment','guestbook','switch_theme','after_content','before_content','log_write_done','switch_admin_theme','captcha_image') ORDER BY `list_order` ASC [ RunTime:0.000649s ]
[2024-12-06T12:27:13+08:00][sql] CONNECT:[ UseTime:0.000651s ] mysql:host=127.0.0.1;port=3306;dbname=zhibo;charset=utf8mb4
[2024-12-06T12:27:13+08:00][sql] SHOW FULL COLUMNS FROM `cmf_hook` [ RunTime:0.001512s ]
[2024-12-06T12:27:13+08:00][sql] SELECT `hook`,`id` FROM `cmf_hook` WHERE  (  (  `app` = '' OR `app` = 'cmf' )  AND `type` = 3 ) OR `type` = 1 [ RunTime:0.000616s ]
[2024-12-06T12:27:13+08:00][sql] SHOW FULL COLUMNS FROM `cmf_hook_plugin` [ RunTime:0.001272s ]
[2024-12-06T12:27:13+08:00][sql] SELECT `hook`,`plugin` FROM `cmf_hook_plugin` WHERE  `status` = 1  AND `hook` IN ('app_begin','module_init','action_begin','view_filter','app_end','log_write','response_end','admin_init','home_init','send_mobile_verification_code','body_start','before_head_end','footer_start','before_footer','before_footer_end','before_body_end','left_sidebar_start','before_left_sidebar_end','right_sidebar_start','before_right_sidebar_end','comment','guestbook','switch_theme','after_content','before_content','log_write_done','switch_admin_theme','captcha_image') ORDER BY `list_order` ASC [ RunTime:0.000694s ]
[2024-12-06T12:27:13+08:00][sql] SHOW FULL COLUMNS FROM `cmf_user` [ RunTime:0.002052s ]
[2024-12-06T12:27:13+08:00][sql] SELECT * FROM `cmf_user` WHERE  `id` = 1 LIMIT 1 [ RunTime:0.000877s ]
[2024-12-06T12:27:13+08:00][sql] SELECT COUNT(*) AS think_count FROM `cmf_user` WHERE  `user_type` = 1 LIMIT 1 [ RunTime:0.000494s ]
[2024-12-06T12:27:13+08:00][sql] SELECT * FROM `cmf_user` WHERE  `user_type` = 1 ORDER BY `id` DESC LIMIT 0,10 [ RunTime:0.000686s ]
[2024-12-06T12:27:13+08:00][sql] SHOW FULL COLUMNS FROM `cmf_role` [ RunTime:0.001502s ]
[2024-12-06T12:27:13+08:00][sql] SELECT * FROM `cmf_role` [ RunTime:0.000413s ]
[2024-12-06T12:27:13+08:00][sql] CONNECT:[ UseTime:0.000631s ] mysql:host=127.0.0.1;port=3306;dbname=zhibo;charset=utf8mb4
[2024-12-06T12:27:13+08:00][sql] SHOW FULL COLUMNS FROM `cmf_hook` [ RunTime:0.001565s ]
[2024-12-06T12:27:13+08:00][sql] SELECT `hook`,`id` FROM `cmf_hook` WHERE  (  (  `app` = '' OR `app` = 'cmf' )  AND `type` = 3 ) OR `type` = 1 [ RunTime:0.000632s ]
[2024-12-06T12:27:13+08:00][sql] SHOW FULL COLUMNS FROM `cmf_hook_plugin` [ RunTime:0.001316s ]
[2024-12-06T12:27:13+08:00][sql] SELECT `hook`,`plugin` FROM `cmf_hook_plugin` WHERE  `status` = 1  AND `hook` IN ('app_begin','module_init','action_begin','view_filter','app_end','log_write','response_end','admin_init','home_init','send_mobile_verification_code','body_start','before_head_end','footer_start','before_footer','before_footer_end','before_body_end','left_sidebar_start','before_left_sidebar_end','right_sidebar_start','before_right_sidebar_end','comment','guestbook','switch_theme','after_content','before_content','log_write_done','switch_admin_theme','captcha_image') ORDER BY `list_order` ASC [ RunTime:0.000736s ]
[2024-12-06T12:27:17+08:00][sql] CONNECT:[ UseTime:0.000673s ] mysql:host=127.0.0.1;port=3306;dbname=zhibo;charset=utf8mb4
[2024-12-06T12:27:17+08:00][sql] SHOW FULL COLUMNS FROM `cmf_hook` [ RunTime:0.001569s ]
[2024-12-06T12:27:17+08:00][sql] SELECT `hook`,`id` FROM `cmf_hook` WHERE  (  (  `app` = '' OR `app` = 'cmf' )  AND `type` = 3 ) OR `type` = 1 [ RunTime:0.000600s ]
[2024-12-06T12:27:17+08:00][sql] SHOW FULL COLUMNS FROM `cmf_hook_plugin` [ RunTime:0.001291s ]
[2024-12-06T12:27:17+08:00][sql] SELECT `hook`,`plugin` FROM `cmf_hook_plugin` WHERE  `status` = 1  AND `hook` IN ('app_begin','module_init','action_begin','view_filter','app_end','log_write','response_end','admin_init','home_init','send_mobile_verification_code','body_start','before_head_end','footer_start','before_footer','before_footer_end','before_body_end','left_sidebar_start','before_left_sidebar_end','right_sidebar_start','before_right_sidebar_end','comment','guestbook','switch_theme','after_content','before_content','log_write_done','switch_admin_theme','captcha_image') ORDER BY `list_order` ASC [ RunTime:0.000674s ]
[2024-12-06T12:27:17+08:00][sql] SHOW FULL COLUMNS FROM `cmf_user` [ RunTime:0.001931s ]
[2024-12-06T12:27:17+08:00][sql] SELECT * FROM `cmf_user` WHERE  `id` = 1 LIMIT 1 [ RunTime:0.000830s ]
[2024-12-06T12:27:17+08:00][sql] SHOW FULL COLUMNS FROM `cmf_role` [ RunTime:0.001471s ]
[2024-12-06T12:27:17+08:00][sql] SELECT * FROM `cmf_role` WHERE  `status` = 1 ORDER BY `id` DESC [ RunTime:0.000512s ]
[2024-12-06T12:27:18+08:00][sql] CONNECT:[ UseTime:0.000794s ] mysql:host=127.0.0.1;port=3306;dbname=zhibo;charset=utf8mb4
[2024-12-06T12:27:18+08:00][sql] SHOW FULL COLUMNS FROM `cmf_hook` [ RunTime:0.001538s ]
[2024-12-06T12:27:18+08:00][sql] SELECT `hook`,`id` FROM `cmf_hook` WHERE  (  (  `app` = '' OR `app` = 'cmf' )  AND `type` = 3 ) OR `type` = 1 [ RunTime:0.000620s ]
[2024-12-06T12:27:18+08:00][sql] SHOW FULL COLUMNS FROM `cmf_hook_plugin` [ RunTime:0.001265s ]
[2024-12-06T12:27:18+08:00][sql] SELECT `hook`,`plugin` FROM `cmf_hook_plugin` WHERE  `status` = 1  AND `hook` IN ('app_begin','module_init','action_begin','view_filter','app_end','log_write','response_end','admin_init','home_init','send_mobile_verification_code','body_start','before_head_end','footer_start','before_footer','before_footer_end','before_body_end','left_sidebar_start','before_left_sidebar_end','right_sidebar_start','before_right_sidebar_end','comment','guestbook','switch_theme','after_content','before_content','log_write_done','switch_admin_theme','captcha_image') ORDER BY `list_order` ASC [ RunTime:0.000679s ]
[2024-12-06T12:27:32+08:00][sql] CONNECT:[ UseTime:0.000648s ] mysql:host=127.0.0.1;port=3306;dbname=zhibo;charset=utf8mb4
[2024-12-06T12:27:32+08:00][sql] SHOW FULL COLUMNS FROM `cmf_hook` [ RunTime:0.001548s ]
[2024-12-06T12:27:32+08:00][sql] SELECT `hook`,`id` FROM `cmf_hook` WHERE  (  (  `app` = '' OR `app` = 'cmf' )  AND `type` = 3 ) OR `type` = 1 [ RunTime:0.000622s ]
[2024-12-06T12:27:32+08:00][sql] SHOW FULL COLUMNS FROM `cmf_hook_plugin` [ RunTime:0.001259s ]
[2024-12-06T12:27:32+08:00][sql] SELECT `hook`,`plugin` FROM `cmf_hook_plugin` WHERE  `status` = 1  AND `hook` IN ('app_begin','module_init','action_begin','view_filter','app_end','log_write','response_end','admin_init','home_init','send_mobile_verification_code','body_start','before_head_end','footer_start','before_footer','before_footer_end','before_body_end','left_sidebar_start','before_left_sidebar_end','right_sidebar_start','before_right_sidebar_end','comment','guestbook','switch_theme','after_content','before_content','log_write_done','switch_admin_theme','captcha_image') ORDER BY `list_order` ASC [ RunTime:0.000685s ]
[2024-12-06T12:27:32+08:00][sql] SHOW FULL COLUMNS FROM `cmf_user` [ RunTime:0.001922s ]
[2024-12-06T12:27:32+08:00][sql] SELECT * FROM `cmf_user` WHERE  `id` = 1 LIMIT 1 [ RunTime:0.000892s ]
[2024-12-06T12:27:43+08:00][sql] CONNECT:[ UseTime:0.000628s ] mysql:host=127.0.0.1;port=3306;dbname=zhibo;charset=utf8mb4
[2024-12-06T12:27:43+08:00][sql] SHOW FULL COLUMNS FROM `cmf_hook` [ RunTime:0.001586s ]
[2024-12-06T12:27:43+08:00][sql] SELECT `hook`,`id` FROM `cmf_hook` WHERE  (  (  `app` = '' OR `app` = 'cmf' )  AND `type` = 3 ) OR `type` = 1 [ RunTime:0.000617s ]
[2024-12-06T12:27:43+08:00][sql] SHOW FULL COLUMNS FROM `cmf_hook_plugin` [ RunTime:0.001337s ]
[2024-12-06T12:27:43+08:00][sql] SELECT `hook`,`plugin` FROM `cmf_hook_plugin` WHERE  `status` = 1  AND `hook` IN ('app_begin','module_init','action_begin','view_filter','app_end','log_write','response_end','admin_init','home_init','send_mobile_verification_code','body_start','before_head_end','footer_start','before_footer','before_footer_end','before_body_end','left_sidebar_start','before_left_sidebar_end','right_sidebar_start','before_right_sidebar_end','comment','guestbook','switch_theme','after_content','before_content','log_write_done','switch_admin_theme','captcha_image') ORDER BY `list_order` ASC [ RunTime:0.000698s ]
[2024-12-06T12:27:43+08:00][sql] SHOW FULL COLUMNS FROM `cmf_user` [ RunTime:0.002002s ]
[2024-12-06T12:27:43+08:00][sql] SELECT * FROM `cmf_user` WHERE  `id` = 1 LIMIT 1 [ RunTime:0.000842s ]
[2024-12-06T12:27:43+08:00][sql] SELECT `id` FROM `cmf_user` WHERE  `user_login` = 'guang' LIMIT 1 [ RunTime:0.000528s ]
[2024-12-06T12:27:43+08:00][sql] SELECT `id` FROM `cmf_user` WHERE  `user_email` = '605053977@qq.com' LIMIT 1 [ RunTime:0.000570s ]
[2024-12-06T12:27:43+08:00][sql] INSERT INTO `cmf_user` SET `user_login` = 'guang' , `user_pass` = '###f9cd5ba013803a35f7202859647edf9d' , `user_email` = '605053977@qq.com' [ RunTime:0.006718s ]
[2024-12-06T12:27:43+08:00][sql] SHOW FULL COLUMNS FROM `cmf_role_user` [ RunTime:0.001452s ]
[2024-12-06T12:27:43+08:00][sql] INSERT INTO `cmf_role_user` SET `role_id` = 1 , `user_id` = 9 [ RunTime:0.007116s ]
[2024-12-06T12:27:45+08:00][sql] CONNECT:[ UseTime:0.000669s ] mysql:host=127.0.0.1;port=3306;dbname=zhibo;charset=utf8mb4
[2024-12-06T12:27:45+08:00][sql] SHOW FULL COLUMNS FROM `cmf_hook` [ RunTime:0.001641s ]
[2024-12-06T12:27:45+08:00][sql] SELECT `hook`,`id` FROM `cmf_hook` WHERE  (  (  `app` = '' OR `app` = 'cmf' )  AND `type` = 3 ) OR `type` = 1 [ RunTime:0.000635s ]
[2024-12-06T12:27:45+08:00][sql] SHOW FULL COLUMNS FROM `cmf_hook_plugin` [ RunTime:0.001255s ]
[2024-12-06T12:27:45+08:00][sql] SELECT `hook`,`plugin` FROM `cmf_hook_plugin` WHERE  `status` = 1  AND `hook` IN ('app_begin','module_init','action_begin','view_filter','app_end','log_write','response_end','admin_init','home_init','send_mobile_verification_code','body_start','before_head_end','footer_start','before_footer','before_footer_end','before_body_end','left_sidebar_start','before_left_sidebar_end','right_sidebar_start','before_right_sidebar_end','comment','guestbook','switch_theme','after_content','before_content','log_write_done','switch_admin_theme','captcha_image') ORDER BY `list_order` ASC [ RunTime:0.000707s ]
[2024-12-06T12:27:45+08:00][sql] SHOW FULL COLUMNS FROM `cmf_user` [ RunTime:0.001993s ]
[2024-12-06T12:27:45+08:00][sql] SELECT * FROM `cmf_user` WHERE  `id` = 1 LIMIT 1 [ RunTime:0.000839s ]
[2024-12-06T12:27:45+08:00][sql] SELECT COUNT(*) AS think_count FROM `cmf_user` WHERE  `user_type` = 1 LIMIT 1 [ RunTime:0.000456s ]
[2024-12-06T12:27:45+08:00][sql] SELECT * FROM `cmf_user` WHERE  `user_type` = 1 ORDER BY `id` DESC LIMIT 0,10 [ RunTime:0.000663s ]
[2024-12-06T12:27:45+08:00][sql] SHOW FULL COLUMNS FROM `cmf_role` [ RunTime:0.001536s ]
[2024-12-06T12:27:45+08:00][sql] SELECT * FROM `cmf_role` [ RunTime:0.000389s ]
[2024-12-06T12:27:55+08:00][sql] CONNECT:[ UseTime:0.000665s ] mysql:host=127.0.0.1;port=3306;dbname=zhibo;charset=utf8mb4
[2024-12-06T12:27:55+08:00][sql] SHOW FULL COLUMNS FROM `cmf_hook` [ RunTime:0.001563s ]
[2024-12-06T12:27:55+08:00][sql] SELECT `hook`,`id` FROM `cmf_hook` WHERE  (  (  `app` = '' OR `app` = 'cmf' )  AND `type` = 3 ) OR `type` = 1 [ RunTime:0.000634s ]
[2024-12-06T12:27:55+08:00][sql] SHOW FULL COLUMNS FROM `cmf_hook_plugin` [ RunTime:0.001201s ]
[2024-12-06T12:27:55+08:00][sql] SELECT `hook`,`plugin` FROM `cmf_hook_plugin` WHERE  `status` = 1  AND `hook` IN ('app_begin','module_init','action_begin','view_filter','app_end','log_write','response_end','admin_init','home_init','send_mobile_verification_code','body_start','before_head_end','footer_start','before_footer','before_footer_end','before_body_end','left_sidebar_start','before_left_sidebar_end','right_sidebar_start','before_right_sidebar_end','comment','guestbook','switch_theme','after_content','before_content','log_write_done','switch_admin_theme','captcha_image') ORDER BY `list_order` ASC [ RunTime:0.000671s ]
[2024-12-06T12:27:55+08:00][sql] SELECT `hook` FROM `cmf_hook` WHERE  `app` = 'user' [ RunTime:0.000709s ]
[2024-12-06T12:27:55+08:00][sql] SELECT `hook`,`plugin` FROM `cmf_hook_plugin` WHERE  `status` = 1  AND `hook` IN ('fetch_upload_view','user_admin_index_view','user_admin_asset_index_view','user_admin_oauth_index_view') ORDER BY `list_order` ASC [ RunTime:0.000543s ]
[2024-12-06T12:27:55+08:00][sql] SHOW FULL COLUMNS FROM `cmf_user` [ RunTime:0.001971s ]
[2024-12-06T12:27:55+08:00][sql] SELECT * FROM `cmf_user` WHERE  `id` = 1 LIMIT 1 [ RunTime:0.000853s ]
[2024-12-06T12:27:55+08:00][sql] SELECT COUNT(*) AS think_count FROM `cmf_user` WHERE  `user_type` = 2 LIMIT 1 [ RunTime:0.000664s ]
[2024-12-06T12:27:55+08:00][sql] SELECT COUNT(*) AS think_count FROM `cmf_user` WHERE  `user_type` = 2 LIMIT 1 [ RunTime:0.000399s ]
[2024-12-06T12:27:55+08:00][sql] SELECT * FROM `cmf_user` WHERE  `user_type` = 2 ORDER BY `id` DESC LIMIT 0,20 [ RunTime:0.000705s ]
[2024-12-06T12:27:55+08:00][sql] SHOW FULL COLUMNS FROM `cmf_agent_code` [ RunTime:0.001434s ]
[2024-12-06T12:27:55+08:00][sql] SELECT `code` FROM `cmf_agent_code` WHERE  ( uid = 8 ) LIMIT 1 [ RunTime:0.000404s ]
[2024-12-06T12:27:55+08:00][sql] SHOW FULL COLUMNS FROM `cmf_live_ban` [ RunTime:0.001246s ]
[2024-12-06T12:27:55+08:00][sql] SELECT `addtime`,`type`,`endtime` FROM `cmf_live_ban` WHERE  `liveuid` = 8 LIMIT 1 [ RunTime:0.000398s ]
[2024-12-06T12:27:55+08:00][sql] SELECT `code` FROM `cmf_agent_code` WHERE  ( uid = 7 ) LIMIT 1 [ RunTime:0.000481s ]
[2024-12-06T12:27:55+08:00][sql] SELECT `addtime`,`type`,`endtime` FROM `cmf_live_ban` WHERE  `liveuid` = 7 LIMIT 1 [ RunTime:0.000390s ]
[2024-12-06T12:27:55+08:00][sql] SELECT `code` FROM `cmf_agent_code` WHERE  ( uid = 6 ) LIMIT 1 [ RunTime:0.000405s ]
[2024-12-06T12:27:55+08:00][sql] SELECT `addtime`,`type`,`endtime` FROM `cmf_live_ban` WHERE  `liveuid` = 6 LIMIT 1 [ RunTime:0.000387s ]
[2024-12-06T12:27:55+08:00][sql] SELECT `code` FROM `cmf_agent_code` WHERE  ( uid = 5 ) LIMIT 1 [ RunTime:0.000416s ]
[2024-12-06T12:27:55+08:00][sql] SELECT `addtime`,`type`,`endtime` FROM `cmf_live_ban` WHERE  `liveuid` = 5 LIMIT 1 [ RunTime:0.000358s ]
[2024-12-06T12:27:55+08:00][sql] SELECT `code` FROM `cmf_agent_code` WHERE  ( uid = 4 ) LIMIT 1 [ RunTime:0.000421s ]
[2024-12-06T12:27:55+08:00][sql] SELECT `addtime`,`type`,`endtime` FROM `cmf_live_ban` WHERE  `liveuid` = 4 LIMIT 1 [ RunTime:0.000340s ]
[2024-12-06T12:27:55+08:00][sql] SELECT `code` FROM `cmf_agent_code` WHERE  ( uid = 3 ) LIMIT 1 [ RunTime:0.000439s ]
[2024-12-06T12:27:55+08:00][sql] SELECT `addtime`,`type`,`endtime` FROM `cmf_live_ban` WHERE  `liveuid` = 3 LIMIT 1 [ RunTime:0.000353s ]
[2024-12-06T12:27:55+08:00][sql] SELECT `code` FROM `cmf_agent_code` WHERE  ( uid = 2 ) LIMIT 1 [ RunTime:0.000416s ]
[2024-12-06T12:27:55+08:00][sql] SELECT `addtime`,`type`,`endtime` FROM `cmf_live_ban` WHERE  `liveuid` = 2 LIMIT 1 [ RunTime:0.000362s ]
[2024-12-06T12:27:56+08:00][sql] CONNECT:[ UseTime:0.000654s ] mysql:host=127.0.0.1;port=3306;dbname=zhibo;charset=utf8mb4
[2024-12-06T12:27:56+08:00][sql] SHOW FULL COLUMNS FROM `cmf_hook` [ RunTime:0.001518s ]
[2024-12-06T12:27:56+08:00][sql] SELECT `hook`,`id` FROM `cmf_hook` WHERE  (  (  `app` = '' OR `app` = 'cmf' )  AND `type` = 3 ) OR `type` = 1 [ RunTime:0.000670s ]
[2024-12-06T12:27:56+08:00][sql] SHOW FULL COLUMNS FROM `cmf_hook_plugin` [ RunTime:0.001225s ]
[2024-12-06T12:27:56+08:00][sql] SELECT `hook`,`plugin` FROM `cmf_hook_plugin` WHERE  `status` = 1  AND `hook` IN ('app_begin','module_init','action_begin','view_filter','app_end','log_write','response_end','admin_init','home_init','send_mobile_verification_code','body_start','before_head_end','footer_start','before_footer','before_footer_end','before_body_end','left_sidebar_start','before_left_sidebar_end','right_sidebar_start','before_right_sidebar_end','comment','guestbook','switch_theme','after_content','before_content','log_write_done','switch_admin_theme','captcha_image') ORDER BY `list_order` ASC [ RunTime:0.000750s ]
[2024-12-06T12:27:57+08:00][sql] CONNECT:[ UseTime:0.000659s ] mysql:host=127.0.0.1;port=3306;dbname=zhibo;charset=utf8mb4
[2024-12-06T12:27:57+08:00][sql] SHOW FULL COLUMNS FROM `cmf_hook` [ RunTime:0.001581s ]
[2024-12-06T12:27:57+08:00][sql] SELECT `hook`,`id` FROM `cmf_hook` WHERE  (  (  `app` = '' OR `app` = 'cmf' )  AND `type` = 3 ) OR `type` = 1 [ RunTime:0.000655s ]
[2024-12-06T12:27:57+08:00][sql] SHOW FULL COLUMNS FROM `cmf_hook_plugin` [ RunTime:0.001288s ]
[2024-12-06T12:27:57+08:00][sql] SELECT `hook`,`plugin` FROM `cmf_hook_plugin` WHERE  `status` = 1  AND `hook` IN ('app_begin','module_init','action_begin','view_filter','app_end','log_write','response_end','admin_init','home_init','send_mobile_verification_code','body_start','before_head_end','footer_start','before_footer','before_footer_end','before_body_end','left_sidebar_start','before_left_sidebar_end','right_sidebar_start','before_right_sidebar_end','comment','guestbook','switch_theme','after_content','before_content','log_write_done','switch_admin_theme','captcha_image') ORDER BY `list_order` ASC [ RunTime:0.000689s ]
[2024-12-06T12:27:57+08:00][sql] SHOW FULL COLUMNS FROM `cmf_plugin` [ RunTime:0.001752s ]
[2024-12-06T12:27:57+08:00][sql] SELECT `config` FROM `cmf_plugin` WHERE  `name` = 'Qiniu' LIMIT 1 [ RunTime:0.000484s ]
[2024-12-06T12:27:57+08:00][sql] SHOW FULL COLUMNS FROM `cmf_live` [ RunTime:0.001755s ]
[2024-12-06T12:27:57+08:00][sql] SELECT * FROM `cmf_live` WHERE  ( islive='1' and isrecommend='1' and type='0' and live_type=0 ) [ RunTime:0.000861s ]
[2024-12-06T12:27:57+08:00][sql] SHOW FULL COLUMNS FROM `cmf_slide_item` [ RunTime:0.001446s ]
[2024-12-06T12:27:57+08:00][sql] SELECT * FROM `cmf_slide_item` WHERE  ( status='1' and slide_id='1' ) ORDER BY `list_order` ASC [ RunTime:0.000603s ]
[2024-12-06T12:27:57+08:00][sql] SHOW FULL COLUMNS FROM `cmf_live_class` [ RunTime:0.001191s ]
[2024-12-06T12:27:57+08:00][sql] SELECT * FROM `cmf_live_class` ORDER BY `list_order` LIMIT 5 [ RunTime:0.000518s ]
[2024-12-06T12:27:57+08:00][sql] SELECT * FROM `cmf_live` WHERE  `islive` = 1  AND `live_type` = 0  AND `liveclassid` = 8 ORDER BY `recommend_time` DESC,`starttime` DESC LIMIT 5 [ RunTime:0.000772s ]
[2024-12-06T12:27:57+08:00][sql] SELECT `uid`,`thumb`,`stream`,`title`,`city`,`islive`,`type` FROM `cmf_live` WHERE  ( islive='1' and ishot='1' and live_type=0 ) ORDER BY `isrecommend` DESC,`recommend_time` DESC,`hotvotes` DESC,`starttime` DESC LIMIT 5 [ RunTime:0.000479s ]
[2024-12-06T12:27:57+08:00][sql] SELECT `uid`,`thumb`,`stream`,`title`,`city`,`islive`,`type` FROM `cmf_live` WHERE  ( islive='1' and live_type=0 ) ORDER BY `starttime` DESC LIMIT 5 [ RunTime:0.000371s ]
[2024-12-06T12:27:57+08:00][sql] SHOW FULL COLUMNS FROM `cmf_theme_file` [ RunTime:0.001642s ]
[2024-12-06T12:27:57+08:00][sql] SELECT `more` FROM `cmf_theme_file` WHERE  `theme` = 'default'  AND (  `is_public` = 1 OR `file` = '../home/index/index' ) [ RunTime:0.000553s ]
[2024-12-06T12:28:04+08:00][sql] CONNECT:[ UseTime:0.000646s ] mysql:host=127.0.0.1;port=3306;dbname=zhibo;charset=utf8mb4
[2024-12-06T12:28:04+08:00][sql] SHOW FULL COLUMNS FROM `cmf_hook` [ RunTime:0.001529s ]
[2024-12-06T12:28:04+08:00][sql] SELECT `hook`,`id` FROM `cmf_hook` WHERE  (  (  `app` = '' OR `app` = 'cmf' )  AND `type` = 3 ) OR `type` = 1 [ RunTime:0.000606s ]
[2024-12-06T12:28:04+08:00][sql] SHOW FULL COLUMNS FROM `cmf_hook_plugin` [ RunTime:0.001313s ]
[2024-12-06T12:28:04+08:00][sql] SELECT `hook`,`plugin` FROM `cmf_hook_plugin` WHERE  `status` = 1  AND `hook` IN ('app_begin','module_init','action_begin','view_filter','app_end','log_write','response_end','admin_init','home_init','send_mobile_verification_code','body_start','before_head_end','footer_start','before_footer','before_footer_end','before_body_end','left_sidebar_start','before_left_sidebar_end','right_sidebar_start','before_right_sidebar_end','comment','guestbook','switch_theme','after_content','before_content','log_write_done','switch_admin_theme','captcha_image') ORDER BY `list_order` ASC [ RunTime:0.000703s ]
[2024-12-06T12:28:04+08:00][sql] CONNECT:[ UseTime:0.000595s ] mysql:host=127.0.0.1;port=3306;dbname=zhibo;charset=utf8mb4
[2024-12-06T12:28:04+08:00][sql] SHOW FULL COLUMNS FROM `cmf_hook` [ RunTime:0.001533s ]
[2024-12-06T12:28:04+08:00][sql] SELECT `hook`,`id` FROM `cmf_hook` WHERE  (  (  `app` = '' OR `app` = 'cmf' )  AND `type` = 3 ) OR `type` = 1 [ RunTime:0.000617s ]
[2024-12-06T12:28:04+08:00][sql] SHOW FULL COLUMNS FROM `cmf_hook_plugin` [ RunTime:0.001279s ]
[2024-12-06T12:28:04+08:00][sql] SELECT `hook`,`plugin` FROM `cmf_hook_plugin` WHERE  `status` = 1  AND `hook` IN ('app_begin','module_init','action_begin','view_filter','app_end','log_write','response_end','admin_init','home_init','send_mobile_verification_code','body_start','before_head_end','footer_start','before_footer','before_footer_end','before_body_end','left_sidebar_start','before_left_sidebar_end','right_sidebar_start','before_right_sidebar_end','comment','guestbook','switch_theme','after_content','before_content','log_write_done','switch_admin_theme','captcha_image') ORDER BY `list_order` ASC [ RunTime:0.000695s ]
[2024-12-06T12:28:09+08:00][sql] CONNECT:[ UseTime:0.000642s ] mysql:host=127.0.0.1;port=3306;dbname=zhibo;charset=utf8mb4
[2024-12-06T12:28:09+08:00][sql] SHOW FULL COLUMNS FROM `cmf_hook` [ RunTime:0.001553s ]
[2024-12-06T12:28:09+08:00][sql] SELECT `hook`,`id` FROM `cmf_hook` WHERE  (  (  `app` = '' OR `app` = 'cmf' )  AND `type` = 3 ) OR `type` = 1 [ RunTime:0.000613s ]
[2024-12-06T12:28:09+08:00][sql] SHOW FULL COLUMNS FROM `cmf_hook_plugin` [ RunTime:0.001251s ]
[2024-12-06T12:28:09+08:00][sql] SELECT `hook`,`plugin` FROM `cmf_hook_plugin` WHERE  `status` = 1  AND `hook` IN ('app_begin','module_init','action_begin','view_filter','app_end','log_write','response_end','admin_init','home_init','send_mobile_verification_code','body_start','before_head_end','footer_start','before_footer','before_footer_end','before_body_end','left_sidebar_start','before_left_sidebar_end','right_sidebar_start','before_right_sidebar_end','comment','guestbook','switch_theme','after_content','before_content','log_write_done','switch_admin_theme','captcha_image') ORDER BY `list_order` ASC [ RunTime:0.000688s ]
[2024-12-06T12:28:09+08:00][sql] SHOW FULL COLUMNS FROM `cmf_user` [ RunTime:0.001962s ]
[2024-12-06T12:28:09+08:00][sql] SELECT * FROM `cmf_user` WHERE  `id` = 1 LIMIT 1 [ RunTime:0.000847s ]
[2024-12-06T12:28:09+08:00][sql] SHOW FULL COLUMNS FROM `cmf_admin_menu` [ RunTime:0.001547s ]
[2024-12-06T12:28:09+08:00][sql] SELECT * FROM `cmf_admin_menu` ORDER BY `app` ASC,`controller` ASC,`action` ASC [ RunTime:0.004476s ]
[2024-12-06T12:28:09+08:00][sql] CONNECT:[ UseTime:0.000633s ] mysql:host=127.0.0.1;port=3306;dbname=zhibo;charset=utf8mb4
[2024-12-06T12:28:09+08:00][sql] SHOW FULL COLUMNS FROM `cmf_hook` [ RunTime:0.001484s ]
[2024-12-06T12:28:09+08:00][sql] SELECT `hook`,`id` FROM `cmf_hook` WHERE  (  (  `app` = '' OR `app` = 'cmf' )  AND `type` = 3 ) OR `type` = 1 [ RunTime:0.000665s ]
[2024-12-06T12:28:09+08:00][sql] SHOW FULL COLUMNS FROM `cmf_hook_plugin` [ RunTime:0.001251s ]
[2024-12-06T12:28:09+08:00][sql] SELECT `hook`,`plugin` FROM `cmf_hook_plugin` WHERE  `status` = 1  AND `hook` IN ('app_begin','module_init','action_begin','view_filter','app_end','log_write','response_end','admin_init','home_init','send_mobile_verification_code','body_start','before_head_end','footer_start','before_footer','before_footer_end','before_body_end','left_sidebar_start','before_left_sidebar_end','right_sidebar_start','before_right_sidebar_end','comment','guestbook','switch_theme','after_content','before_content','log_write_done','switch_admin_theme','captcha_image') ORDER BY `list_order` ASC [ RunTime:0.000699s ]
[2024-12-06T12:28:09+08:00][sql] SHOW FULL COLUMNS FROM `cmf_user` [ RunTime:0.001904s ]
[2024-12-06T12:28:09+08:00][sql] SELECT * FROM `cmf_user` WHERE  `id` = 1 LIMIT 1 [ RunTime:0.000848s ]
[2024-12-06T12:28:09+08:00][sql] SELECT COUNT(*) AS think_count FROM `cmf_user` WHERE  ( user_type=2 ) LIMIT 1 [ RunTime:0.000464s ]
[2024-12-06T12:28:09+08:00][sql] SELECT count(id) as nums,source FROM `cmf_user` WHERE  ( user_type=2 ) GROUP BY `source` [ RunTime:0.000633s ]
[2024-12-06T12:28:09+08:00][sql] SELECT count(id) as nums,login_type FROM `cmf_user` WHERE  ( user_type=2 ) GROUP BY `login_type` ORDER BY `nums` DESC [ RunTime:0.000388s ]
[2024-12-06T12:28:09+08:00][sql] SELECT COUNT(*) AS think_count FROM `cmf_user` WHERE  ( user_type=2 ) LIMIT 1 [ RunTime:0.000291s ]
[2024-12-06T12:28:09+08:00][sql] SHOW FULL COLUMNS FROM `cmf_live` [ RunTime:0.001584s ]
[2024-12-06T12:28:09+08:00][sql] SELECT COUNT(*) AS think_count FROM `cmf_live` WHERE  ( islive=1 ) LIMIT 1 [ RunTime:0.000559s ]
[2024-12-06T12:28:09+08:00][sql] select sum(endtime - starttime) as times from cmf_live_record [ RunTime:0.000339s ]
[2024-12-06T12:28:09+08:00][sql] SHOW FULL COLUMNS FROM `cmf_live_record` [ RunTime:0.001597s ]
[2024-12-06T12:28:09+08:00][sql] SELECT COUNT(*) AS think_count FROM ( SELECT count(*) AS think_count FROM `cmf_live_record` WHERE  ( starttime >= 1733414400 and starttime<1733500800 ) GROUP BY `uid` ) `_group_count_` LIMIT 1 [ RunTime:0.000583s ]
[2024-12-06T12:28:09+08:00][sql] SELECT COUNT(*) AS think_count FROM `cmf_live_record` WHERE  ( starttime >= 1733414400 and starttime<1733500800 ) LIMIT 1 [ RunTime:0.000330s ]
[2024-12-06T12:28:09+08:00][sql] select sum(endtime - starttime) as times from cmf_live_record where starttime >= 1733414400 and starttime<1733500800 [ RunTime:0.000329s ]
[2024-12-06T12:28:09+08:00][sql] SELECT `id`,`user_nickname`,`avatar`,`avatar_thumb`,`votestotal` FROM `cmf_user` WHERE  ( user_type=2 ) ORDER BY `votestotal` DESC LIMIT 0,3 [ RunTime:0.000453s ]
[2024-12-06T12:28:09+08:00][sql] SELECT `id`,`user_nickname`,`avatar`,`avatar_thumb`,`consumption` FROM `cmf_user` WHERE  ( user_type=2 ) ORDER BY `consumption` DESC LIMIT 0,3 [ RunTime:0.000546s ]
[2024-12-06T12:28:09+08:00][sql] SHOW FULL COLUMNS FROM `cmf_charge_user` [ RunTime:0.001594s ]
[2024-12-06T12:28:09+08:00][sql] SELECT SUM(`money`) AS think_sum FROM `cmf_charge_user` WHERE  ( status=1 ) LIMIT 1 [ RunTime:0.000410s ]
[2024-12-06T12:28:09+08:00][sql] SELECT SUM(`money`) AS think_sum FROM `cmf_charge_user` WHERE  ( status=1 and addtime>=1733414400 and addtime<1733500800 ) LIMIT 1 [ RunTime:0.000312s ]
[2024-12-06T12:28:09+08:00][sql] SELECT SUM(`money`) AS think_sum FROM `cmf_charge_user` WHERE  ( status=1 and type=1 and addtime>=1733414400 and addtime<1733500800 ) LIMIT 1 [ RunTime:0.000308s ]
[2024-12-06T12:28:09+08:00][sql] SELECT SUM(`money`) AS think_sum FROM `cmf_charge_user` WHERE  ( status=1 and type=2 and addtime>=1733414400 and addtime<1733500800 ) LIMIT 1 [ RunTime:0.000300s ]
[2024-12-06T12:28:09+08:00][sql] SELECT SUM(`money`) AS think_sum FROM `cmf_charge_user` WHERE  ( status=1 and type=3 and addtime>=1733414400 and addtime<1733500800 ) LIMIT 1 [ RunTime:0.000278s ]
[2024-12-06T12:28:09+08:00][sql] SHOW FULL COLUMNS FROM `cmf_cash_record` [ RunTime:0.001333s ]
[2024-12-06T12:28:09+08:00][sql] SELECT SUM(`money`) AS think_sum FROM `cmf_cash_record` WHERE  ( status=0 and addtime>=1733414400 and addtime<1733500800 ) LIMIT 1 [ RunTime:0.000430s ]
[2024-12-06T12:28:09+08:00][sql] SELECT SUM(`money`) AS think_sum FROM `cmf_cash_record` WHERE  ( status=1 and addtime>=1733414400 and addtime<1733500800 ) LIMIT 1 [ RunTime:0.000313s ]
[2024-12-06T12:28:09+08:00][sql] SELECT COUNT(*) AS think_count FROM ( SELECT count(*) AS think_count FROM `cmf_cash_record` WHERE  ( addtime>=1733414400 and addtime<1733500800 ) GROUP BY `uid` ) `_group_count_` LIMIT 1 [ RunTime:0.000406s ]
[2024-12-06T12:28:09+08:00][sql] SELECT SUM(`money`) AS think_sum FROM `cmf_cash_record` WHERE  ( status=1 ) LIMIT 1 [ RunTime:0.000285s ]
[2024-12-06T12:28:09+08:00][sql] SHOW FULL COLUMNS FROM `cmf_shop_apply` [ RunTime:0.001564s ]
[2024-12-06T12:28:09+08:00][sql] SELECT COUNT(*) AS think_count FROM `cmf_shop_apply` WHERE  ( status=0 ) LIMIT 1 [ RunTime:0.000428s ]
[2024-12-06T12:28:09+08:00][sql] SHOW FULL COLUMNS FROM `cmf_shop_goods` [ RunTime:0.001426s ]
[2024-12-06T12:28:09+08:00][sql] SELECT COUNT(*) AS think_count FROM `cmf_shop_goods` WHERE  ( status=0 ) LIMIT 1 [ RunTime:0.000412s ]
[2024-12-06T12:28:09+08:00][sql] SHOW FULL COLUMNS FROM `cmf_shop_order_refund` [ RunTime:0.001412s ]
[2024-12-06T12:28:09+08:00][sql] SELECT COUNT(*) AS think_count FROM `cmf_shop_order_refund` WHERE  ( is_platform_interpose=1 and platform_result=0 ) LIMIT 1 [ RunTime:0.000440s ]
[2024-12-06T12:28:09+08:00][sql] SHOW FULL COLUMNS FROM `cmf_paidprogram` [ RunTime:0.001164s ]
[2024-12-06T12:28:09+08:00][sql] SELECT COUNT(*) AS think_count FROM `cmf_paidprogram` WHERE  ( status=0 ) LIMIT 1 [ RunTime:0.000376s ]
[2024-12-06T12:28:09+08:00][sql] SHOW FULL COLUMNS FROM `cmf_paidprogram_apply` [ RunTime:0.001119s ]
[2024-12-06T12:28:09+08:00][sql] SELECT COUNT(*) AS think_count FROM `cmf_paidprogram_apply` WHERE  ( status=0 ) LIMIT 1 [ RunTime:0.000324s ]
[2024-12-06T12:28:09+08:00][sql] SHOW FULL COLUMNS FROM `cmf_report` [ RunTime:0.001115s ]
[2024-12-06T12:28:09+08:00][sql] SELECT COUNT(*) AS think_count FROM `cmf_report` WHERE  ( status=0 ) LIMIT 1 [ RunTime:0.000323s ]
[2024-12-06T12:28:09+08:00][sql] SHOW FULL COLUMNS FROM `cmf_dynamic` [ RunTime:0.001256s ]
[2024-12-06T12:28:09+08:00][sql] SELECT COUNT(*) AS think_count FROM `cmf_dynamic` WHERE  ( isdel=0 and status=0 ) LIMIT 1 [ RunTime:0.000406s ]
[2024-12-06T12:28:09+08:00][sql] SHOW FULL COLUMNS FROM `cmf_dynamic_report` [ RunTime:0.001172s ]
[2024-12-06T12:28:09+08:00][sql] SELECT COUNT(*) AS think_count FROM `cmf_dynamic_report` WHERE  ( status=0 ) LIMIT 1 [ RunTime:0.000363s ]
[2024-12-06T12:28:09+08:00][sql] SHOW FULL COLUMNS FROM `cmf_video` [ RunTime:0.001314s ]
[2024-12-06T12:28:09+08:00][sql] SELECT COUNT(*) AS think_count FROM `cmf_video` WHERE  ( isdel=0 and status=0 ) LIMIT 1 [ RunTime:0.000407s ]
[2024-12-06T12:28:09+08:00][sql] SHOW FULL COLUMNS FROM `cmf_video_report` [ RunTime:0.001229s ]
[2024-12-06T12:28:09+08:00][sql] SELECT COUNT(*) AS think_count FROM `cmf_video_report` WHERE  ( status=0 ) LIMIT 1 [ RunTime:0.000367s ]
[2024-12-06T12:28:09+08:00][sql] SHOW FULL COLUMNS FROM `cmf_family` [ RunTime:0.001106s ]
[2024-12-06T12:28:09+08:00][sql] SELECT COUNT(*) AS think_count FROM `cmf_family` WHERE  ( state=0 ) LIMIT 1 [ RunTime:0.000341s ]
[2024-12-06T12:28:09+08:00][sql] SHOW FULL COLUMNS FROM `cmf_family_user_divide_apply` [ RunTime:0.001121s ]
[2024-12-06T12:28:09+08:00][sql] SELECT COUNT(*) AS think_count FROM `cmf_family_user_divide_apply` WHERE  ( status=0 ) LIMIT 1 [ RunTime:0.000321s ]
[2024-12-06T12:28:09+08:00][sql] SHOW FULL COLUMNS FROM `cmf_user_auth` [ RunTime:0.001194s ]
[2024-12-06T12:28:09+08:00][sql] SELECT COUNT(*) AS think_count FROM `cmf_user_auth` WHERE  ( status=0 ) LIMIT 1 [ RunTime:0.000329s ]
[2024-12-06T12:28:09+08:00][sql] CONNECT:[ UseTime:0.000635s ] mysql:host=127.0.0.1;port=3306;dbname=zhibo;charset=utf8mb4
[2024-12-06T12:28:09+08:00][sql] SHOW FULL COLUMNS FROM `cmf_hook` [ RunTime:0.001499s ]
[2024-12-06T12:28:09+08:00][sql] SELECT `hook`,`id` FROM `cmf_hook` WHERE  (  (  `app` = '' OR `app` = 'cmf' )  AND `type` = 3 ) OR `type` = 1 [ RunTime:0.000658s ]
[2024-12-06T12:28:09+08:00][sql] SHOW FULL COLUMNS FROM `cmf_hook_plugin` [ RunTime:0.001230s ]
[2024-12-06T12:28:09+08:00][sql] SELECT `hook`,`plugin` FROM `cmf_hook_plugin` WHERE  `status` = 1  AND `hook` IN ('app_begin','module_init','action_begin','view_filter','app_end','log_write','response_end','admin_init','home_init','send_mobile_verification_code','body_start','before_head_end','footer_start','before_footer','before_footer_end','before_body_end','left_sidebar_start','before_left_sidebar_end','right_sidebar_start','before_right_sidebar_end','comment','guestbook','switch_theme','after_content','before_content','log_write_done','switch_admin_theme','captcha_image') ORDER BY `list_order` ASC [ RunTime:0.000718s ]
[2024-12-06T12:28:18+08:00][sql] CONNECT:[ UseTime:0.000677s ] mysql:host=127.0.0.1;port=3306;dbname=zhibo;charset=utf8mb4
[2024-12-06T12:28:18+08:00][sql] SHOW FULL COLUMNS FROM `cmf_hook` [ RunTime:0.001611s ]
[2024-12-06T12:28:18+08:00][sql] SELECT `hook`,`id` FROM `cmf_hook` WHERE  (  (  `app` = '' OR `app` = 'cmf' )  AND `type` = 3 ) OR `type` = 1 [ RunTime:0.000771s ]
[2024-12-06T12:28:18+08:00][sql] SHOW FULL COLUMNS FROM `cmf_hook_plugin` [ RunTime:0.001444s ]
[2024-12-06T12:28:18+08:00][sql] SELECT `hook`,`plugin` FROM `cmf_hook_plugin` WHERE  `status` = 1  AND `hook` IN ('app_begin','module_init','action_begin','view_filter','app_end','log_write','response_end','admin_init','home_init','send_mobile_verification_code','body_start','before_head_end','footer_start','before_footer','before_footer_end','before_body_end','left_sidebar_start','before_left_sidebar_end','right_sidebar_start','before_right_sidebar_end','comment','guestbook','switch_theme','after_content','before_content','log_write_done','switch_admin_theme','captcha_image') ORDER BY `list_order` ASC [ RunTime:0.000779s ]
[2024-12-06T12:28:18+08:00][sql] SHOW FULL COLUMNS FROM `cmf_user` [ RunTime:0.002092s ]
[2024-12-06T12:28:18+08:00][sql] SELECT * FROM `cmf_user` WHERE  `id` = 1 LIMIT 1 [ RunTime:0.000848s ]
[2024-12-06T12:28:18+08:00][sql] SHOW FULL COLUMNS FROM `cmf_admin_menu` [ RunTime:0.001632s ]
[2024-12-06T12:28:18+08:00][sql] SELECT * FROM `cmf_admin_menu` ORDER BY `app` ASC,`controller` ASC,`action` ASC [ RunTime:0.004597s ]
[2024-12-06T12:28:19+08:00][sql] CONNECT:[ UseTime:0.000689s ] mysql:host=127.0.0.1;port=3306;dbname=zhibo;charset=utf8mb4
[2024-12-06T12:28:19+08:00][sql] SHOW FULL COLUMNS FROM `cmf_hook` [ RunTime:0.001494s ]
[2024-12-06T12:28:19+08:00][sql] SELECT `hook`,`id` FROM `cmf_hook` WHERE  (  (  `app` = '' OR `app` = 'cmf' )  AND `type` = 3 ) OR `type` = 1 [ RunTime:0.000676s ]
[2024-12-06T12:28:19+08:00][sql] SHOW FULL COLUMNS FROM `cmf_hook_plugin` [ RunTime:0.001250s ]
[2024-12-06T12:28:19+08:00][sql] SELECT `hook`,`plugin` FROM `cmf_hook_plugin` WHERE  `status` = 1  AND `hook` IN ('app_begin','module_init','action_begin','view_filter','app_end','log_write','response_end','admin_init','home_init','send_mobile_verification_code','body_start','before_head_end','footer_start','before_footer','before_footer_end','before_body_end','left_sidebar_start','before_left_sidebar_end','right_sidebar_start','before_right_sidebar_end','comment','guestbook','switch_theme','after_content','before_content','log_write_done','switch_admin_theme','captcha_image') ORDER BY `list_order` ASC [ RunTime:0.000682s ]
[2024-12-06T12:28:19+08:00][sql] SHOW FULL COLUMNS FROM `cmf_user` [ RunTime:0.001972s ]
[2024-12-06T12:28:19+08:00][sql] SELECT * FROM `cmf_user` WHERE  `id` = 1 LIMIT 1 [ RunTime:0.000867s ]
[2024-12-06T12:28:19+08:00][sql] SELECT COUNT(*) AS think_count FROM `cmf_user` WHERE  ( user_type=2 ) LIMIT 1 [ RunTime:0.000500s ]
[2024-12-06T12:28:19+08:00][sql] SELECT count(id) as nums,source FROM `cmf_user` WHERE  ( user_type=2 ) GROUP BY `source` [ RunTime:0.000552s ]
[2024-12-06T12:28:19+08:00][sql] SELECT count(id) as nums,login_type FROM `cmf_user` WHERE  ( user_type=2 ) GROUP BY `login_type` ORDER BY `nums` DESC [ RunTime:0.000399s ]
[2024-12-06T12:28:19+08:00][sql] SELECT COUNT(*) AS think_count FROM `cmf_user` WHERE  ( user_type=2 ) LIMIT 1 [ RunTime:0.000300s ]
[2024-12-06T12:28:19+08:00][sql] SHOW FULL COLUMNS FROM `cmf_live` [ RunTime:0.001587s ]
[2024-12-06T12:28:19+08:00][sql] SELECT COUNT(*) AS think_count FROM `cmf_live` WHERE  ( islive=1 ) LIMIT 1 [ RunTime:0.000479s ]
[2024-12-06T12:28:19+08:00][sql] select sum(endtime - starttime) as times from cmf_live_record [ RunTime:0.000354s ]
[2024-12-06T12:28:19+08:00][sql] SHOW FULL COLUMNS FROM `cmf_live_record` [ RunTime:0.001493s ]
[2024-12-06T12:28:19+08:00][sql] SELECT COUNT(*) AS think_count FROM ( SELECT count(*) AS think_count FROM `cmf_live_record` WHERE  ( starttime >= 1733414400 and starttime<1733500800 ) GROUP BY `uid` ) `_group_count_` LIMIT 1 [ RunTime:0.000584s ]
[2024-12-06T12:28:19+08:00][sql] SELECT COUNT(*) AS think_count FROM `cmf_live_record` WHERE  ( starttime >= 1733414400 and starttime<1733500800 ) LIMIT 1 [ RunTime:0.000325s ]
[2024-12-06T12:28:19+08:00][sql] select sum(endtime - starttime) as times from cmf_live_record where starttime >= 1733414400 and starttime<1733500800 [ RunTime:0.000348s ]
[2024-12-06T12:28:19+08:00][sql] SELECT `id`,`user_nickname`,`avatar`,`avatar_thumb`,`votestotal` FROM `cmf_user` WHERE  ( user_type=2 ) ORDER BY `votestotal` DESC LIMIT 0,3 [ RunTime:0.000412s ]
[2024-12-06T12:28:19+08:00][sql] SELECT `id`,`user_nickname`,`avatar`,`avatar_thumb`,`consumption` FROM `cmf_user` WHERE  ( user_type=2 ) ORDER BY `consumption` DESC LIMIT 0,3 [ RunTime:0.000503s ]
[2024-12-06T12:28:19+08:00][sql] SHOW FULL COLUMNS FROM `cmf_charge_user` [ RunTime:0.001540s ]
[2024-12-06T12:28:19+08:00][sql] SELECT SUM(`money`) AS think_sum FROM `cmf_charge_user` WHERE  ( status=1 ) LIMIT 1 [ RunTime:0.000425s ]
[2024-12-06T12:28:19+08:00][sql] SELECT SUM(`money`) AS think_sum FROM `cmf_charge_user` WHERE  ( status=1 and addtime>=1733414400 and addtime<1733500800 ) LIMIT 1 [ RunTime:0.000312s ]
[2024-12-06T12:28:19+08:00][sql] SELECT SUM(`money`) AS think_sum FROM `cmf_charge_user` WHERE  ( status=1 and type=1 and addtime>=1733414400 and addtime<1733500800 ) LIMIT 1 [ RunTime:0.000312s ]
[2024-12-06T12:28:19+08:00][sql] SELECT SUM(`money`) AS think_sum FROM `cmf_charge_user` WHERE  ( status=1 and type=2 and addtime>=1733414400 and addtime<1733500800 ) LIMIT 1 [ RunTime:0.000296s ]
[2024-12-06T12:28:19+08:00][sql] SELECT SUM(`money`) AS think_sum FROM `cmf_charge_user` WHERE  ( status=1 and type=3 and addtime>=1733414400 and addtime<1733500800 ) LIMIT 1 [ RunTime:0.000272s ]
[2024-12-06T12:28:19+08:00][sql] SHOW FULL COLUMNS FROM `cmf_cash_record` [ RunTime:0.001382s ]
[2024-12-06T12:28:19+08:00][sql] SELECT SUM(`money`) AS think_sum FROM `cmf_cash_record` WHERE  ( status=0 and addtime>=1733414400 and addtime<1733500800 ) LIMIT 1 [ RunTime:0.000401s ]
[2024-12-06T12:28:19+08:00][sql] SELECT SUM(`money`) AS think_sum FROM `cmf_cash_record` WHERE  ( status=1 and addtime>=1733414400 and addtime<1733500800 ) LIMIT 1 [ RunTime:0.000329s ]
[2024-12-06T12:28:19+08:00][sql] SELECT COUNT(*) AS think_count FROM ( SELECT count(*) AS think_count FROM `cmf_cash_record` WHERE  ( addtime>=1733414400 and addtime<1733500800 ) GROUP BY `uid` ) `_group_count_` LIMIT 1 [ RunTime:0.000425s ]
[2024-12-06T12:28:19+08:00][sql] SELECT SUM(`money`) AS think_sum FROM `cmf_cash_record` WHERE  ( status=1 ) LIMIT 1 [ RunTime:0.000312s ]
[2024-12-06T12:28:19+08:00][sql] SHOW FULL COLUMNS FROM `cmf_shop_apply` [ RunTime:0.001588s ]
[2024-12-06T12:28:19+08:00][sql] SELECT COUNT(*) AS think_count FROM `cmf_shop_apply` WHERE  ( status=0 ) LIMIT 1 [ RunTime:0.000447s ]
[2024-12-06T12:28:19+08:00][sql] SHOW FULL COLUMNS FROM `cmf_shop_goods` [ RunTime:0.001489s ]
[2024-12-06T12:28:19+08:00][sql] SELECT COUNT(*) AS think_count FROM `cmf_shop_goods` WHERE  ( status=0 ) LIMIT 1 [ RunTime:0.000388s ]
[2024-12-06T12:28:19+08:00][sql] SHOW FULL COLUMNS FROM `cmf_shop_order_refund` [ RunTime:0.001442s ]
[2024-12-06T12:28:19+08:00][sql] SELECT COUNT(*) AS think_count FROM `cmf_shop_order_refund` WHERE  ( is_platform_interpose=1 and platform_result=0 ) LIMIT 1 [ RunTime:0.000449s ]
[2024-12-06T12:28:19+08:00][sql] SHOW FULL COLUMNS FROM `cmf_paidprogram` [ RunTime:0.001207s ]
[2024-12-06T12:28:19+08:00][sql] SELECT COUNT(*) AS think_count FROM `cmf_paidprogram` WHERE  ( status=0 ) LIMIT 1 [ RunTime:0.000388s ]
[2024-12-06T12:28:19+08:00][sql] SHOW FULL COLUMNS FROM `cmf_paidprogram_apply` [ RunTime:0.001157s ]
[2024-12-06T12:28:19+08:00][sql] SELECT COUNT(*) AS think_count FROM `cmf_paidprogram_apply` WHERE  ( status=0 ) LIMIT 1 [ RunTime:0.000330s ]
[2024-12-06T12:28:19+08:00][sql] SHOW FULL COLUMNS FROM `cmf_report` [ RunTime:0.001129s ]
[2024-12-06T12:28:19+08:00][sql] SELECT COUNT(*) AS think_count FROM `cmf_report` WHERE  ( status=0 ) LIMIT 1 [ RunTime:0.000355s ]
[2024-12-06T12:28:19+08:00][sql] SHOW FULL COLUMNS FROM `cmf_dynamic` [ RunTime:0.001314s ]
[2024-12-06T12:28:19+08:00][sql] SELECT COUNT(*) AS think_count FROM `cmf_dynamic` WHERE  ( isdel=0 and status=0 ) LIMIT 1 [ RunTime:0.000460s ]
[2024-12-06T12:28:19+08:00][sql] SHOW FULL COLUMNS FROM `cmf_dynamic_report` [ RunTime:0.001180s ]
[2024-12-06T12:28:19+08:00][sql] SELECT COUNT(*) AS think_count FROM `cmf_dynamic_report` WHERE  ( status=0 ) LIMIT 1 [ RunTime:0.000369s ]
[2024-12-06T12:28:19+08:00][sql] SHOW FULL COLUMNS FROM `cmf_video` [ RunTime:0.001425s ]
[2024-12-06T12:28:19+08:00][sql] SELECT COUNT(*) AS think_count FROM `cmf_video` WHERE  ( isdel=0 and status=0 ) LIMIT 1 [ RunTime:0.000430s ]
[2024-12-06T12:28:19+08:00][sql] SHOW FULL COLUMNS FROM `cmf_video_report` [ RunTime:0.001184s ]
[2024-12-06T12:28:19+08:00][sql] SELECT COUNT(*) AS think_count FROM `cmf_video_report` WHERE  ( status=0 ) LIMIT 1 [ RunTime:0.000346s ]
[2024-12-06T12:28:19+08:00][sql] SHOW FULL COLUMNS FROM `cmf_family` [ RunTime:0.001163s ]
[2024-12-06T12:28:19+08:00][sql] SELECT COUNT(*) AS think_count FROM `cmf_family` WHERE  ( state=0 ) LIMIT 1 [ RunTime:0.000343s ]
[2024-12-06T12:28:19+08:00][sql] SHOW FULL COLUMNS FROM `cmf_family_user_divide_apply` [ RunTime:0.001232s ]
[2024-12-06T12:28:19+08:00][sql] SELECT COUNT(*) AS think_count FROM `cmf_family_user_divide_apply` WHERE  ( status=0 ) LIMIT 1 [ RunTime:0.000357s ]
[2024-12-06T12:28:19+08:00][sql] SHOW FULL COLUMNS FROM `cmf_user_auth` [ RunTime:0.001145s ]
[2024-12-06T12:28:19+08:00][sql] SELECT COUNT(*) AS think_count FROM `cmf_user_auth` WHERE  ( status=0 ) LIMIT 1 [ RunTime:0.000354s ]
[2024-12-06T12:28:19+08:00][sql] CONNECT:[ UseTime:0.000654s ] mysql:host=127.0.0.1;port=3306;dbname=zhibo;charset=utf8mb4
[2024-12-06T12:28:19+08:00][sql] SHOW FULL COLUMNS FROM `cmf_hook` [ RunTime:0.001516s ]
[2024-12-06T12:28:19+08:00][sql] SELECT `hook`,`id` FROM `cmf_hook` WHERE  (  (  `app` = '' OR `app` = 'cmf' )  AND `type` = 3 ) OR `type` = 1 [ RunTime:0.000616s ]
[2024-12-06T12:28:19+08:00][sql] SHOW FULL COLUMNS FROM `cmf_hook_plugin` [ RunTime:0.001228s ]
[2024-12-06T12:28:19+08:00][sql] SELECT `hook`,`plugin` FROM `cmf_hook_plugin` WHERE  `status` = 1  AND `hook` IN ('app_begin','module_init','action_begin','view_filter','app_end','log_write','response_end','admin_init','home_init','send_mobile_verification_code','body_start','before_head_end','footer_start','before_footer','before_footer_end','before_body_end','left_sidebar_start','before_left_sidebar_end','right_sidebar_start','before_right_sidebar_end','comment','guestbook','switch_theme','after_content','before_content','log_write_done','switch_admin_theme','captcha_image') ORDER BY `list_order` ASC [ RunTime:0.000659s ]
[2024-12-06T12:28:19+08:00][sql] CONNECT:[ UseTime:0.000553s ] mysql:host=127.0.0.1;port=3306;dbname=zhibo;charset=utf8mb4
[2024-12-06T12:28:19+08:00][sql] SHOW FULL COLUMNS FROM `cmf_hook` [ RunTime:0.001277s ]
[2024-12-06T12:28:19+08:00][sql] SELECT `hook`,`id` FROM `cmf_hook` WHERE  (  (  `app` = '' OR `app` = 'cmf' )  AND `type` = 3 ) OR `type` = 1 [ RunTime:0.000530s ]
[2024-12-06T12:28:19+08:00][sql] SHOW FULL COLUMNS FROM `cmf_hook_plugin` [ RunTime:0.001273s ]
[2024-12-06T12:28:19+08:00][sql] SELECT `hook`,`plugin` FROM `cmf_hook_plugin` WHERE  `status` = 1  AND `hook` IN ('app_begin','module_init','action_begin','view_filter','app_end','log_write','response_end','admin_init','home_init','send_mobile_verification_code','body_start','before_head_end','footer_start','before_footer','before_footer_end','before_body_end','left_sidebar_start','before_left_sidebar_end','right_sidebar_start','before_right_sidebar_end','comment','guestbook','switch_theme','after_content','before_content','log_write_done','switch_admin_theme','captcha_image') ORDER BY `list_order` ASC [ RunTime:0.000666s ]
[2024-12-06T12:28:19+08:00][sql] SHOW FULL COLUMNS FROM `cmf_user` [ RunTime:0.001960s ]
[2024-12-06T12:28:19+08:00][sql] SELECT * FROM `cmf_user` WHERE  `id` = 1 LIMIT 1 [ RunTime:0.000865s ]
[2024-12-06T12:28:19+08:00][sql] SHOW FULL COLUMNS FROM `cmf_admin_menu` [ RunTime:0.001501s ]
[2024-12-06T12:28:19+08:00][sql] SELECT * FROM `cmf_admin_menu` ORDER BY `list_order` ASC [ RunTime:0.003261s ]
[2024-12-06T12:28:19+08:00][sql] CONNECT:[ UseTime:0.000664s ] mysql:host=127.0.0.1;port=3306;dbname=zhibo;charset=utf8mb4
[2024-12-06T12:28:19+08:00][sql] SHOW FULL COLUMNS FROM `cmf_hook` [ RunTime:0.001454s ]
[2024-12-06T12:28:19+08:00][sql] SELECT `hook`,`id` FROM `cmf_hook` WHERE  (  (  `app` = '' OR `app` = 'cmf' )  AND `type` = 3 ) OR `type` = 1 [ RunTime:0.000609s ]
[2024-12-06T12:28:19+08:00][sql] SHOW FULL COLUMNS FROM `cmf_hook_plugin` [ RunTime:0.001209s ]
[2024-12-06T12:28:19+08:00][sql] SELECT `hook`,`plugin` FROM `cmf_hook_plugin` WHERE  `status` = 1  AND `hook` IN ('app_begin','module_init','action_begin','view_filter','app_end','log_write','response_end','admin_init','home_init','send_mobile_verification_code','body_start','before_head_end','footer_start','before_footer','before_footer_end','before_body_end','left_sidebar_start','before_left_sidebar_end','right_sidebar_start','before_right_sidebar_end','comment','guestbook','switch_theme','after_content','before_content','log_write_done','switch_admin_theme','captcha_image') ORDER BY `list_order` ASC [ RunTime:0.000667s ]
[2024-12-06T12:28:32+08:00][sql] CONNECT:[ UseTime:0.000667s ] mysql:host=127.0.0.1;port=3306;dbname=zhibo;charset=utf8mb4
[2024-12-06T12:28:32+08:00][sql] SHOW FULL COLUMNS FROM `cmf_hook` [ RunTime:0.001620s ]
[2024-12-06T12:28:32+08:00][sql] SELECT `hook`,`id` FROM `cmf_hook` WHERE  (  (  `app` = '' OR `app` = 'cmf' )  AND `type` = 3 ) OR `type` = 1 [ RunTime:0.000728s ]
[2024-12-06T12:28:32+08:00][sql] SHOW FULL COLUMNS FROM `cmf_hook_plugin` [ RunTime:0.001283s ]
[2024-12-06T12:28:32+08:00][sql] SELECT `hook`,`plugin` FROM `cmf_hook_plugin` WHERE  `status` = 1  AND `hook` IN ('app_begin','module_init','action_begin','view_filter','app_end','log_write','response_end','admin_init','home_init','send_mobile_verification_code','body_start','before_head_end','footer_start','before_footer','before_footer_end','before_body_end','left_sidebar_start','before_left_sidebar_end','right_sidebar_start','before_right_sidebar_end','comment','guestbook','switch_theme','after_content','before_content','log_write_done','switch_admin_theme','captcha_image') ORDER BY `list_order` ASC [ RunTime:0.000694s ]
[2024-12-06T12:28:32+08:00][sql] SHOW FULL COLUMNS FROM `cmf_user` [ RunTime:0.001917s ]
[2024-12-06T12:28:32+08:00][sql] SELECT * FROM `cmf_user` WHERE  `id` = 1 LIMIT 1 [ RunTime:0.000885s ]
[2024-12-06T12:28:32+08:00][sql] SHOW FULL COLUMNS FROM `cmf_admin_menu` [ RunTime:0.001626s ]
[2024-12-06T12:28:32+08:00][sql] SELECT * FROM `cmf_admin_menu` ORDER BY `list_order` ASC [ RunTime:0.002672s ]
[2024-12-06T12:28:32+08:00][sql] CONNECT:[ UseTime:0.000643s ] mysql:host=127.0.0.1;port=3306;dbname=zhibo;charset=utf8mb4
[2024-12-06T12:28:32+08:00][sql] SHOW FULL COLUMNS FROM `cmf_hook` [ RunTime:0.001488s ]
[2024-12-06T12:28:32+08:00][sql] SELECT `hook`,`id` FROM `cmf_hook` WHERE  (  (  `app` = '' OR `app` = 'cmf' )  AND `type` = 3 ) OR `type` = 1 [ RunTime:0.000649s ]
[2024-12-06T12:28:32+08:00][sql] SHOW FULL COLUMNS FROM `cmf_hook_plugin` [ RunTime:0.001268s ]
[2024-12-06T12:28:32+08:00][sql] SELECT `hook`,`plugin` FROM `cmf_hook_plugin` WHERE  `status` = 1  AND `hook` IN ('app_begin','module_init','action_begin','view_filter','app_end','log_write','response_end','admin_init','home_init','send_mobile_verification_code','body_start','before_head_end','footer_start','before_footer','before_footer_end','before_body_end','left_sidebar_start','before_left_sidebar_end','right_sidebar_start','before_right_sidebar_end','comment','guestbook','switch_theme','after_content','before_content','log_write_done','switch_admin_theme','captcha_image') ORDER BY `list_order` ASC [ RunTime:0.000725s ]
[2024-12-06T12:28:34+08:00][sql] CONNECT:[ UseTime:0.000649s ] mysql:host=127.0.0.1;port=3306;dbname=zhibo;charset=utf8mb4
[2024-12-06T12:28:34+08:00][sql] SHOW FULL COLUMNS FROM `cmf_hook` [ RunTime:0.001575s ]
[2024-12-06T12:28:34+08:00][sql] SELECT `hook`,`id` FROM `cmf_hook` WHERE  (  (  `app` = '' OR `app` = 'cmf' )  AND `type` = 3 ) OR `type` = 1 [ RunTime:0.000651s ]
[2024-12-06T12:28:34+08:00][sql] SHOW FULL COLUMNS FROM `cmf_hook_plugin` [ RunTime:0.001313s ]
[2024-12-06T12:28:34+08:00][sql] SELECT `hook`,`plugin` FROM `cmf_hook_plugin` WHERE  `status` = 1  AND `hook` IN ('app_begin','module_init','action_begin','view_filter','app_end','log_write','response_end','admin_init','home_init','send_mobile_verification_code','body_start','before_head_end','footer_start','before_footer','before_footer_end','before_body_end','left_sidebar_start','before_left_sidebar_end','right_sidebar_start','before_right_sidebar_end','comment','guestbook','switch_theme','after_content','before_content','log_write_done','switch_admin_theme','captcha_image') ORDER BY `list_order` ASC [ RunTime:0.000725s ]
[2024-12-06T12:28:56+08:00][sql] CONNECT:[ UseTime:0.000668s ] mysql:host=127.0.0.1;port=3306;dbname=zhibo;charset=utf8mb4
[2024-12-06T12:28:56+08:00][sql] SHOW FULL COLUMNS FROM `cmf_hook` [ RunTime:0.001602s ]
[2024-12-06T12:28:56+08:00][sql] SELECT `hook`,`id` FROM `cmf_hook` WHERE  (  (  `app` = '' OR `app` = 'cmf' )  AND `type` = 3 ) OR `type` = 1 [ RunTime:0.000657s ]
[2024-12-06T12:28:56+08:00][sql] SHOW FULL COLUMNS FROM `cmf_hook_plugin` [ RunTime:0.001332s ]
[2024-12-06T12:28:56+08:00][sql] SELECT `hook`,`plugin` FROM `cmf_hook_plugin` WHERE  `status` = 1  AND `hook` IN ('app_begin','module_init','action_begin','view_filter','app_end','log_write','response_end','admin_init','home_init','send_mobile_verification_code','body_start','before_head_end','footer_start','before_footer','before_footer_end','before_body_end','left_sidebar_start','before_left_sidebar_end','right_sidebar_start','before_right_sidebar_end','comment','guestbook','switch_theme','after_content','before_content','log_write_done','switch_admin_theme','captcha_image') ORDER BY `list_order` ASC [ RunTime:0.000687s ]
[2024-12-06T12:28:56+08:00][sql] CONNECT:[ UseTime:0.000637s ] mysql:host=127.0.0.1;port=3306;dbname=zhibo;charset=utf8mb4
[2024-12-06T12:28:56+08:00][sql] SHOW FULL COLUMNS FROM `cmf_hook` [ RunTime:0.001477s ]
[2024-12-06T12:28:56+08:00][sql] SELECT `hook`,`id` FROM `cmf_hook` WHERE  (  (  `app` = '' OR `app` = 'cmf' )  AND `type` = 3 ) OR `type` = 1 [ RunTime:0.000610s ]
[2024-12-06T12:28:56+08:00][sql] SHOW FULL COLUMNS FROM `cmf_hook_plugin` [ RunTime:0.001200s ]
[2024-12-06T12:28:56+08:00][sql] SELECT `hook`,`plugin` FROM `cmf_hook_plugin` WHERE  `status` = 1  AND `hook` IN ('app_begin','module_init','action_begin','view_filter','app_end','log_write','response_end','admin_init','home_init','send_mobile_verification_code','body_start','before_head_end','footer_start','before_footer','before_footer_end','before_body_end','left_sidebar_start','before_left_sidebar_end','right_sidebar_start','before_right_sidebar_end','comment','guestbook','switch_theme','after_content','before_content','log_write_done','switch_admin_theme','captcha_image') ORDER BY `list_order` ASC [ RunTime:0.000668s ]
[2024-12-06T12:28:58+08:00][sql] CONNECT:[ UseTime:0.000634s ] mysql:host=127.0.0.1;port=3306;dbname=zhibo;charset=utf8mb4
[2024-12-06T12:28:58+08:00][sql] SHOW FULL COLUMNS FROM `cmf_hook` [ RunTime:0.001495s ]
[2024-12-06T12:28:58+08:00][sql] SELECT `hook`,`id` FROM `cmf_hook` WHERE  (  (  `app` = '' OR `app` = 'cmf' )  AND `type` = 3 ) OR `type` = 1 [ RunTime:0.000607s ]
[2024-12-06T12:28:58+08:00][sql] SHOW FULL COLUMNS FROM `cmf_hook_plugin` [ RunTime:0.001197s ]
[2024-12-06T12:28:58+08:00][sql] SELECT `hook`,`plugin` FROM `cmf_hook_plugin` WHERE  `status` = 1  AND `hook` IN ('app_begin','module_init','action_begin','view_filter','app_end','log_write','response_end','admin_init','home_init','send_mobile_verification_code','body_start','before_head_end','footer_start','before_footer','before_footer_end','before_body_end','left_sidebar_start','before_left_sidebar_end','right_sidebar_start','before_right_sidebar_end','comment','guestbook','switch_theme','after_content','before_content','log_write_done','switch_admin_theme','captcha_image') ORDER BY `list_order` ASC [ RunTime:0.000655s ]
[2024-12-06T12:28:58+08:00][sql] SHOW FULL COLUMNS FROM `cmf_user` [ RunTime:0.001893s ]
[2024-12-06T12:28:58+08:00][sql] SELECT * FROM `cmf_user` WHERE  `id` = 1 LIMIT 1 [ RunTime:0.000828s ]
[2024-12-06T12:28:58+08:00][sql] SHOW FULL COLUMNS FROM `cmf_admin_menu` [ RunTime:0.001520s ]
[2024-12-06T12:28:58+08:00][sql] SELECT `parent_id` FROM `cmf_admin_menu` WHERE  `id` = 551 LIMIT 1 [ RunTime:0.000475s ]
[2024-12-06T12:28:58+08:00][sql] SELECT `id` FROM `cmf_admin_menu` WHERE  `app` = 'admin'  AND `controller` = 'article'  AND `action` = 'index' LIMIT 1 [ RunTime:0.000462s ]
[2024-12-06T12:28:58+08:00][sql] INSERT INTO `cmf_admin_menu` SET `parent_id` = 551 , `name` = '公告管理' , `app` = 'admin' , `controller` = 'article' , `action` = 'index' , `param` = '' , `icon` = '' , `remark` = '' , `status` = 1 , `type` = 1 [ RunTime:0.006825s ]
[2024-12-06T12:28:58+08:00][sql] SHOW FULL COLUMNS FROM `cmf_auth_rule` [ RunTime:0.001638s ]
[2024-12-06T12:28:58+08:00][sql] SELECT COUNT(*) AS think_count FROM `cmf_auth_rule` WHERE  `app` = 'admin'  AND `name` = 'admin/article/index'  AND `type` = 'admin_url' LIMIT 1 [ RunTime:0.000510s ]
[2024-12-06T12:28:58+08:00][sql] INSERT INTO `cmf_auth_rule` SET `name` = 'admin/article/index' , `app` = 'admin' , `type` = 'admin_url' , `title` = '公告管理' , `param` = '' [ RunTime:0.005802s ]
[2024-12-06T12:28:58+08:00][sql] SELECT * FROM `cmf_admin_menu` ORDER BY `app` ASC,`controller` ASC,`action` ASC [ RunTime:0.004524s ]
[2024-12-06T12:29:01+08:00][sql] CONNECT:[ UseTime:0.000631s ] mysql:host=127.0.0.1;port=3306;dbname=zhibo;charset=utf8mb4
[2024-12-06T12:29:01+08:00][sql] SHOW FULL COLUMNS FROM `cmf_hook` [ RunTime:0.001578s ]
[2024-12-06T12:29:01+08:00][sql] SELECT `hook`,`id` FROM `cmf_hook` WHERE  (  (  `app` = '' OR `app` = 'cmf' )  AND `type` = 3 ) OR `type` = 1 [ RunTime:0.000616s ]
[2024-12-06T12:29:01+08:00][sql] SHOW FULL COLUMNS FROM `cmf_hook_plugin` [ RunTime:0.001289s ]
[2024-12-06T12:29:01+08:00][sql] SELECT `hook`,`plugin` FROM `cmf_hook_plugin` WHERE  `status` = 1  AND `hook` IN ('app_begin','module_init','action_begin','view_filter','app_end','log_write','response_end','admin_init','home_init','send_mobile_verification_code','body_start','before_head_end','footer_start','before_footer','before_footer_end','before_body_end','left_sidebar_start','before_left_sidebar_end','right_sidebar_start','before_right_sidebar_end','comment','guestbook','switch_theme','after_content','before_content','log_write_done','switch_admin_theme','captcha_image') ORDER BY `list_order` ASC [ RunTime:0.000646s ]
[2024-12-06T12:29:01+08:00][sql] SELECT `hook` FROM `cmf_hook` WHERE  `app` = 'admin' [ RunTime:0.000738s ]
[2024-12-06T12:29:01+08:00][sql] SELECT `hook`,`plugin` FROM `cmf_hook_plugin` WHERE  `status` = 1  AND `hook` IN ('admin_dashboard','admin_login','admin_theme_design_view','admin_setting_site_view','admin_setting_clear_cache_view','admin_nav_index_view','admin_link_index_view','admin_slide_index_view','admin_user_index_view','admin_rbac_index_view','admin_index_index_view','admin_recycle_bin_index_view','admin_menu_index_view','admin_custom_login_open','admin_slide_item_index_view','admin_slide_item_add_view','admin_slide_item_edit_view','admin_user_add_view','admin_user_edit_view','admin_rbac_role_add_view','admin_rbac_role_edit_view','admin_rbac_authorize_view') ORDER BY `list_order` ASC [ RunTime:0.000596s ]
[2024-12-06T12:29:01+08:00][sql] SHOW FULL COLUMNS FROM `cmf_option` [ RunTime:0.001623s ]
[2024-12-06T12:29:01+08:00][sql] SELECT `option_value` FROM `cmf_option` WHERE  `option_name` = 'cdn_settings' LIMIT 1 [ RunTime:0.000463s ]
[2024-12-06T12:29:01+08:00][sql] SELECT `option_value` FROM `cmf_option` WHERE  `option_name` = 'site_info' LIMIT 1 [ RunTime:0.000706s ]
[2024-12-06T12:29:01+08:00][sql] SHOW FULL COLUMNS FROM `cmf_user` [ RunTime:0.001709s ]
[2024-12-06T12:29:01+08:00][sql] SELECT * FROM `cmf_user` WHERE  `id` = 1 LIMIT 1 [ RunTime:0.000832s ]
[2024-12-06T12:29:01+08:00][sql] SHOW FULL COLUMNS FROM `cmf_admin_menu` [ RunTime:0.001527s ]
[2024-12-06T12:29:01+08:00][sql] SELECT * FROM `cmf_admin_menu` ORDER BY `list_order` ASC [ RunTime:0.003261s ]
[2024-12-06T12:29:01+08:00][sql] SELECT `option_value` FROM `cmf_option` WHERE  `option_name` = 'admin_settings' LIMIT 1 [ RunTime:0.001123s ]
[2024-12-06T12:29:01+08:00][sql] CONNECT:[ UseTime:0.000630s ] mysql:host=127.0.0.1;port=3306;dbname=zhibo;charset=utf8mb4
[2024-12-06T12:29:01+08:00][sql] SHOW FULL COLUMNS FROM `cmf_hook` [ RunTime:0.001516s ]
[2024-12-06T12:29:01+08:00][sql] SELECT `hook`,`id` FROM `cmf_hook` WHERE  (  (  `app` = '' OR `app` = 'cmf' )  AND `type` = 3 ) OR `type` = 1 [ RunTime:0.000644s ]
[2024-12-06T12:29:01+08:00][sql] SHOW FULL COLUMNS FROM `cmf_hook_plugin` [ RunTime:0.001215s ]
[2024-12-06T12:29:01+08:00][sql] SELECT `hook`,`plugin` FROM `cmf_hook_plugin` WHERE  `status` = 1  AND `hook` IN ('app_begin','module_init','action_begin','view_filter','app_end','log_write','response_end','admin_init','home_init','send_mobile_verification_code','body_start','before_head_end','footer_start','before_footer','before_footer_end','before_body_end','left_sidebar_start','before_left_sidebar_end','right_sidebar_start','before_right_sidebar_end','comment','guestbook','switch_theme','after_content','before_content','log_write_done','switch_admin_theme','captcha_image') ORDER BY `list_order` ASC [ RunTime:0.000684s ]
[2024-12-06T12:29:01+08:00][sql] SELECT `hook` FROM `cmf_hook` WHERE  `app` = '404' [ RunTime:0.000691s ]
[2024-12-06T12:29:01+08:00][sql] SELECT `hook`,`plugin` FROM `cmf_hook_plugin` WHERE  `status` = 1  AND 0 = 1 ORDER BY `list_order` ASC [ RunTime:0.000360s ]
[2024-12-06T12:29:05+08:00][sql] CONNECT:[ UseTime:0.000670s ] mysql:host=127.0.0.1;port=3306;dbname=zhibo;charset=utf8mb4
[2024-12-06T12:29:05+08:00][sql] SHOW FULL COLUMNS FROM `cmf_hook` [ RunTime:0.001552s ]
[2024-12-06T12:29:05+08:00][sql] SELECT `hook`,`id` FROM `cmf_hook` WHERE  (  (  `app` = '' OR `app` = 'cmf' )  AND `type` = 3 ) OR `type` = 1 [ RunTime:0.000645s ]
[2024-12-06T12:29:05+08:00][sql] SHOW FULL COLUMNS FROM `cmf_hook_plugin` [ RunTime:0.001290s ]
[2024-12-06T12:29:05+08:00][sql] SELECT `hook`,`plugin` FROM `cmf_hook_plugin` WHERE  `status` = 1  AND `hook` IN ('app_begin','module_init','action_begin','view_filter','app_end','log_write','response_end','admin_init','home_init','send_mobile_verification_code','body_start','before_head_end','footer_start','before_footer','before_footer_end','before_body_end','left_sidebar_start','before_left_sidebar_end','right_sidebar_start','before_right_sidebar_end','comment','guestbook','switch_theme','after_content','before_content','log_write_done','switch_admin_theme','captcha_image') ORDER BY `list_order` ASC [ RunTime:0.000705s ]
[2024-12-06T12:29:06+08:00][sql] CONNECT:[ UseTime:0.000698s ] mysql:host=127.0.0.1;port=3306;dbname=zhibo;charset=utf8mb4
[2024-12-06T12:29:06+08:00][sql] SHOW FULL COLUMNS FROM `cmf_hook` [ RunTime:0.001532s ]
[2024-12-06T12:29:06+08:00][sql] SELECT `hook`,`id` FROM `cmf_hook` WHERE  (  (  `app` = '' OR `app` = 'cmf' )  AND `type` = 3 ) OR `type` = 1 [ RunTime:0.000645s ]
[2024-12-06T12:29:06+08:00][sql] SHOW FULL COLUMNS FROM `cmf_hook_plugin` [ RunTime:0.001281s ]
[2024-12-06T12:29:06+08:00][sql] SELECT `hook`,`plugin` FROM `cmf_hook_plugin` WHERE  `status` = 1  AND `hook` IN ('app_begin','module_init','action_begin','view_filter','app_end','log_write','response_end','admin_init','home_init','send_mobile_verification_code','body_start','before_head_end','footer_start','before_footer','before_footer_end','before_body_end','left_sidebar_start','before_left_sidebar_end','right_sidebar_start','before_right_sidebar_end','comment','guestbook','switch_theme','after_content','before_content','log_write_done','switch_admin_theme','captcha_image') ORDER BY `list_order` ASC [ RunTime:0.000689s ]
[2024-12-06T12:30:33+08:00][sql] CONNECT:[ UseTime:0.002329s ] mysql:host=127.0.0.1;port=3306;dbname=zhibo;charset=utf8mb4
[2024-12-06T12:30:33+08:00][sql] SHOW FULL COLUMNS FROM `cmf_hook` [ RunTime:0.001576s ]
[2024-12-06T12:30:33+08:00][sql] SELECT `hook`,`id` FROM `cmf_hook` WHERE  (  (  `app` = '' OR `app` = 'cmf' )  AND `type` = 3 ) OR `type` = 1 [ RunTime:0.000636s ]
[2024-12-06T12:30:33+08:00][sql] SHOW FULL COLUMNS FROM `cmf_hook_plugin` [ RunTime:0.001206s ]
[2024-12-06T12:30:33+08:00][sql] SELECT `hook`,`plugin` FROM `cmf_hook_plugin` WHERE  `status` = 1  AND `hook` IN ('app_begin','module_init','action_begin','view_filter','app_end','log_write','response_end','admin_init','home_init','send_mobile_verification_code','body_start','before_head_end','footer_start','before_footer','before_footer_end','before_body_end','left_sidebar_start','before_left_sidebar_end','right_sidebar_start','before_right_sidebar_end','comment','guestbook','switch_theme','after_content','before_content','log_write_done','switch_admin_theme','captcha_image') ORDER BY `list_order` ASC [ RunTime:0.000672s ]
[2024-12-06T12:30:33+08:00][sql] SHOW FULL COLUMNS FROM `cmf_user` [ RunTime:0.002139s ]
[2024-12-06T12:30:33+08:00][sql] SELECT * FROM `cmf_user` WHERE  `id` = 1 LIMIT 1 [ RunTime:0.000898s ]
[2024-12-06T12:30:33+08:00][sql] SHOW FULL COLUMNS FROM `cmf_admin_menu` [ RunTime:0.001588s ]
[2024-12-06T12:30:33+08:00][sql] SELECT * FROM `cmf_admin_menu` ORDER BY `list_order` ASC [ RunTime:0.002707s ]
[2024-12-06T12:30:33+08:00][sql] CONNECT:[ UseTime:0.000640s ] mysql:host=127.0.0.1;port=3306;dbname=zhibo;charset=utf8mb4
[2024-12-06T12:30:33+08:00][sql] SHOW FULL COLUMNS FROM `cmf_hook` [ RunTime:0.001451s ]
[2024-12-06T12:30:33+08:00][sql] SELECT `hook`,`id` FROM `cmf_hook` WHERE  (  (  `app` = '' OR `app` = 'cmf' )  AND `type` = 3 ) OR `type` = 1 [ RunTime:0.000650s ]
[2024-12-06T12:30:33+08:00][sql] SHOW FULL COLUMNS FROM `cmf_hook_plugin` [ RunTime:0.001223s ]
[2024-12-06T12:30:33+08:00][sql] SELECT `hook`,`plugin` FROM `cmf_hook_plugin` WHERE  `status` = 1  AND `hook` IN ('app_begin','module_init','action_begin','view_filter','app_end','log_write','response_end','admin_init','home_init','send_mobile_verification_code','body_start','before_head_end','footer_start','before_footer','before_footer_end','before_body_end','left_sidebar_start','before_left_sidebar_end','right_sidebar_start','before_right_sidebar_end','comment','guestbook','switch_theme','after_content','before_content','log_write_done','switch_admin_theme','captcha_image') ORDER BY `list_order` ASC [ RunTime:0.000684s ]
[2024-12-06T12:30:44+08:00][sql] CONNECT:[ UseTime:0.000640s ] mysql:host=127.0.0.1;port=3306;dbname=zhibo;charset=utf8mb4
[2024-12-06T12:30:44+08:00][sql] SHOW FULL COLUMNS FROM `cmf_hook` [ RunTime:0.001536s ]
[2024-12-06T12:30:44+08:00][sql] SELECT `hook`,`id` FROM `cmf_hook` WHERE  (  (  `app` = '' OR `app` = 'cmf' )  AND `type` = 3 ) OR `type` = 1 [ RunTime:0.000611s ]
[2024-12-06T12:30:44+08:00][sql] SHOW FULL COLUMNS FROM `cmf_hook_plugin` [ RunTime:0.001271s ]
[2024-12-06T12:30:44+08:00][sql] SELECT `hook`,`plugin` FROM `cmf_hook_plugin` WHERE  `status` = 1  AND `hook` IN ('app_begin','module_init','action_begin','view_filter','app_end','log_write','response_end','admin_init','home_init','send_mobile_verification_code','body_start','before_head_end','footer_start','before_footer','before_footer_end','before_body_end','left_sidebar_start','before_left_sidebar_end','right_sidebar_start','before_right_sidebar_end','comment','guestbook','switch_theme','after_content','before_content','log_write_done','switch_admin_theme','captcha_image') ORDER BY `list_order` ASC [ RunTime:0.000691s ]
[2024-12-06T12:31:15+08:00][sql] CONNECT:[ UseTime:0.000697s ] mysql:host=127.0.0.1;port=3306;dbname=zhibo;charset=utf8mb4
[2024-12-06T12:31:15+08:00][sql] SHOW FULL COLUMNS FROM `cmf_hook` [ RunTime:0.001531s ]
[2024-12-06T12:31:15+08:00][sql] SELECT `hook`,`id` FROM `cmf_hook` WHERE  (  (  `app` = '' OR `app` = 'cmf' )  AND `type` = 3 ) OR `type` = 1 [ RunTime:0.000623s ]
[2024-12-06T12:31:15+08:00][sql] SHOW FULL COLUMNS FROM `cmf_hook_plugin` [ RunTime:0.001265s ]
[2024-12-06T12:31:15+08:00][sql] SELECT `hook`,`plugin` FROM `cmf_hook_plugin` WHERE  `status` = 1  AND `hook` IN ('app_begin','module_init','action_begin','view_filter','app_end','log_write','response_end','admin_init','home_init','send_mobile_verification_code','body_start','before_head_end','footer_start','before_footer','before_footer_end','before_body_end','left_sidebar_start','before_left_sidebar_end','right_sidebar_start','before_right_sidebar_end','comment','guestbook','switch_theme','after_content','before_content','log_write_done','switch_admin_theme','captcha_image') ORDER BY `list_order` ASC [ RunTime:0.000704s ]
[2024-12-06T12:31:15+08:00][sql] SHOW FULL COLUMNS FROM `cmf_user` [ RunTime:0.001914s ]
[2024-12-06T12:31:15+08:00][sql] SELECT * FROM `cmf_user` WHERE  `id` = 1 LIMIT 1 [ RunTime:0.000811s ]
[2024-12-06T12:31:15+08:00][sql] SHOW FULL COLUMNS FROM `cmf_admin_menu` [ RunTime:0.001615s ]
[2024-12-06T12:31:15+08:00][sql] SELECT `parent_id` FROM `cmf_admin_menu` WHERE  `id` = 613 LIMIT 1 [ RunTime:0.000460s ]
[2024-12-06T12:31:15+08:00][sql] SELECT `parent_id` FROM `cmf_admin_menu` WHERE  `id` = 551 LIMIT 1 [ RunTime:0.000312s ]
[2024-12-06T12:31:15+08:00][sql] SELECT `id` FROM `cmf_admin_menu` WHERE  `app` = 'admin'  AND `controller` = 'article'  AND `action` = 'add' LIMIT 1 [ RunTime:0.000546s ]
[2024-12-06T12:31:15+08:00][sql] INSERT INTO `cmf_admin_menu` SET `parent_id` = 613 , `name` = '添加' , `app` = 'admin' , `controller` = 'article' , `action` = 'add' , `param` = '' , `icon` = '' , `remark` = '' , `status` = 0 , `type` = 1 [ RunTime:0.005923s ]
[2024-12-06T12:31:15+08:00][sql] SHOW FULL COLUMNS FROM `cmf_auth_rule` [ RunTime:0.001609s ]
[2024-12-06T12:31:15+08:00][sql] SELECT COUNT(*) AS think_count FROM `cmf_auth_rule` WHERE  `app` = 'admin'  AND `name` = 'admin/article/add'  AND `type` = 'admin_url' LIMIT 1 [ RunTime:0.000519s ]
[2024-12-06T12:31:15+08:00][sql] INSERT INTO `cmf_auth_rule` SET `name` = 'admin/article/add' , `app` = 'admin' , `type` = 'admin_url' , `title` = '添加' , `param` = '' [ RunTime:0.005722s ]
[2024-12-06T12:31:15+08:00][sql] SELECT * FROM `cmf_admin_menu` ORDER BY `app` ASC,`controller` ASC,`action` ASC [ RunTime:0.004522s ]
[2024-12-06T12:31:17+08:00][sql] CONNECT:[ UseTime:0.000632s ] mysql:host=127.0.0.1;port=3306;dbname=zhibo;charset=utf8mb4
[2024-12-06T12:31:17+08:00][sql] SHOW FULL COLUMNS FROM `cmf_hook` [ RunTime:0.001548s ]
[2024-12-06T12:31:17+08:00][sql] SELECT `hook`,`id` FROM `cmf_hook` WHERE  (  (  `app` = '' OR `app` = 'cmf' )  AND `type` = 3 ) OR `type` = 1 [ RunTime:0.000656s ]
[2024-12-06T12:31:17+08:00][sql] SHOW FULL COLUMNS FROM `cmf_hook_plugin` [ RunTime:0.001270s ]
[2024-12-06T12:31:17+08:00][sql] SELECT `hook`,`plugin` FROM `cmf_hook_plugin` WHERE  `status` = 1  AND `hook` IN ('app_begin','module_init','action_begin','view_filter','app_end','log_write','response_end','admin_init','home_init','send_mobile_verification_code','body_start','before_head_end','footer_start','before_footer','before_footer_end','before_body_end','left_sidebar_start','before_left_sidebar_end','right_sidebar_start','before_right_sidebar_end','comment','guestbook','switch_theme','after_content','before_content','log_write_done','switch_admin_theme','captcha_image') ORDER BY `list_order` ASC [ RunTime:0.000745s ]
[2024-12-06T12:31:17+08:00][sql] SELECT `hook` FROM `cmf_hook` WHERE  `app` = 'admin' [ RunTime:0.000776s ]
[2024-12-06T12:31:17+08:00][sql] SELECT `hook`,`plugin` FROM `cmf_hook_plugin` WHERE  `status` = 1  AND `hook` IN ('admin_dashboard','admin_login','admin_theme_design_view','admin_setting_site_view','admin_setting_clear_cache_view','admin_nav_index_view','admin_link_index_view','admin_slide_index_view','admin_user_index_view','admin_rbac_index_view','admin_index_index_view','admin_recycle_bin_index_view','admin_menu_index_view','admin_custom_login_open','admin_slide_item_index_view','admin_slide_item_add_view','admin_slide_item_edit_view','admin_user_add_view','admin_user_edit_view','admin_rbac_role_add_view','admin_rbac_role_edit_view','admin_rbac_authorize_view') ORDER BY `list_order` ASC [ RunTime:0.000657s ]
[2024-12-06T12:31:17+08:00][sql] SHOW FULL COLUMNS FROM `cmf_option` [ RunTime:0.001620s ]
[2024-12-06T12:31:17+08:00][sql] SELECT `option_value` FROM `cmf_option` WHERE  `option_name` = 'cdn_settings' LIMIT 1 [ RunTime:0.000470s ]
[2024-12-06T12:31:17+08:00][sql] SELECT `option_value` FROM `cmf_option` WHERE  `option_name` = 'site_info' LIMIT 1 [ RunTime:0.000714s ]
[2024-12-06T12:31:17+08:00][sql] SHOW FULL COLUMNS FROM `cmf_user` [ RunTime:0.001804s ]
[2024-12-06T12:31:17+08:00][sql] SELECT * FROM `cmf_user` WHERE  `id` = 1 LIMIT 1 [ RunTime:0.000839s ]
[2024-12-06T12:31:17+08:00][sql] SHOW FULL COLUMNS FROM `cmf_admin_menu` [ RunTime:0.001590s ]
[2024-12-06T12:31:17+08:00][sql] SELECT * FROM `cmf_admin_menu` ORDER BY `list_order` ASC [ RunTime:0.003374s ]
[2024-12-06T12:31:17+08:00][sql] SELECT `option_value` FROM `cmf_option` WHERE  `option_name` = 'admin_settings' LIMIT 1 [ RunTime:0.001066s ]
[2024-12-06T12:31:18+08:00][sql] CONNECT:[ UseTime:0.000649s ] mysql:host=127.0.0.1;port=3306;dbname=zhibo;charset=utf8mb4
[2024-12-06T12:31:18+08:00][sql] SHOW FULL COLUMNS FROM `cmf_hook` [ RunTime:0.001507s ]
[2024-12-06T12:31:18+08:00][sql] SELECT `hook`,`id` FROM `cmf_hook` WHERE  (  (  `app` = '' OR `app` = 'cmf' )  AND `type` = 3 ) OR `type` = 1 [ RunTime:0.000613s ]
[2024-12-06T12:31:18+08:00][sql] SHOW FULL COLUMNS FROM `cmf_hook_plugin` [ RunTime:0.001221s ]
[2024-12-06T12:31:18+08:00][sql] SELECT `hook`,`plugin` FROM `cmf_hook_plugin` WHERE  `status` = 1  AND `hook` IN ('app_begin','module_init','action_begin','view_filter','app_end','log_write','response_end','admin_init','home_init','send_mobile_verification_code','body_start','before_head_end','footer_start','before_footer','before_footer_end','before_body_end','left_sidebar_start','before_left_sidebar_end','right_sidebar_start','before_right_sidebar_end','comment','guestbook','switch_theme','after_content','before_content','log_write_done','switch_admin_theme','captcha_image') ORDER BY `list_order` ASC [ RunTime:0.000693s ]
[2024-12-06T12:31:18+08:00][sql] SELECT `hook` FROM `cmf_hook` WHERE  `app` = '404' [ RunTime:0.000710s ]
[2024-12-06T12:31:18+08:00][sql] SELECT `hook`,`plugin` FROM `cmf_hook_plugin` WHERE  `status` = 1  AND 0 = 1 ORDER BY `list_order` ASC [ RunTime:0.000330s ]
[2024-12-06T12:31:31+08:00][sql] CONNECT:[ UseTime:0.000656s ] mysql:host=127.0.0.1;port=3306;dbname=zhibo;charset=utf8mb4
[2024-12-06T12:31:31+08:00][sql] SHOW FULL COLUMNS FROM `cmf_hook` [ RunTime:0.001574s ]
[2024-12-06T12:31:31+08:00][sql] SELECT `hook`,`id` FROM `cmf_hook` WHERE  (  (  `app` = '' OR `app` = 'cmf' )  AND `type` = 3 ) OR `type` = 1 [ RunTime:0.000646s ]
[2024-12-06T12:31:31+08:00][sql] SHOW FULL COLUMNS FROM `cmf_hook_plugin` [ RunTime:0.001250s ]
[2024-12-06T12:31:31+08:00][sql] SELECT `hook`,`plugin` FROM `cmf_hook_plugin` WHERE  `status` = 1  AND `hook` IN ('app_begin','module_init','action_begin','view_filter','app_end','log_write','response_end','admin_init','home_init','send_mobile_verification_code','body_start','before_head_end','footer_start','before_footer','before_footer_end','before_body_end','left_sidebar_start','before_left_sidebar_end','right_sidebar_start','before_right_sidebar_end','comment','guestbook','switch_theme','after_content','before_content','log_write_done','switch_admin_theme','captcha_image') ORDER BY `list_order` ASC [ RunTime:0.000709s ]
[2024-12-06T12:31:31+08:00][sql] SHOW FULL COLUMNS FROM `cmf_user` [ RunTime:0.001968s ]
[2024-12-06T12:31:31+08:00][sql] SELECT * FROM `cmf_user` WHERE  `id` = 1 LIMIT 1 [ RunTime:0.000866s ]
[2024-12-06T12:31:31+08:00][sql] SHOW FULL COLUMNS FROM `cmf_admin_menu` [ RunTime:0.001614s ]
[2024-12-06T12:31:31+08:00][sql] SELECT * FROM `cmf_admin_menu` ORDER BY `list_order` ASC [ RunTime:0.002684s ]
[2024-12-06T12:31:31+08:00][sql] CONNECT:[ UseTime:0.000642s ] mysql:host=127.0.0.1;port=3306;dbname=zhibo;charset=utf8mb4
[2024-12-06T12:31:31+08:00][sql] SHOW FULL COLUMNS FROM `cmf_hook` [ RunTime:0.001608s ]
[2024-12-06T12:31:31+08:00][sql] SELECT `hook`,`id` FROM `cmf_hook` WHERE  (  (  `app` = '' OR `app` = 'cmf' )  AND `type` = 3 ) OR `type` = 1 [ RunTime:0.000676s ]
[2024-12-06T12:31:31+08:00][sql] SHOW FULL COLUMNS FROM `cmf_hook_plugin` [ RunTime:0.001325s ]
[2024-12-06T12:31:31+08:00][sql] SELECT `hook`,`plugin` FROM `cmf_hook_plugin` WHERE  `status` = 1  AND `hook` IN ('app_begin','module_init','action_begin','view_filter','app_end','log_write','response_end','admin_init','home_init','send_mobile_verification_code','body_start','before_head_end','footer_start','before_footer','before_footer_end','before_body_end','left_sidebar_start','before_left_sidebar_end','right_sidebar_start','before_right_sidebar_end','comment','guestbook','switch_theme','after_content','before_content','log_write_done','switch_admin_theme','captcha_image') ORDER BY `list_order` ASC [ RunTime:0.000725s ]
[2024-12-06T12:31:56+08:00][sql] CONNECT:[ UseTime:0.000650s ] mysql:host=127.0.0.1;port=3306;dbname=zhibo;charset=utf8mb4
[2024-12-06T12:31:56+08:00][sql] SHOW FULL COLUMNS FROM `cmf_hook` [ RunTime:0.001578s ]
[2024-12-06T12:31:56+08:00][sql] SELECT `hook`,`id` FROM `cmf_hook` WHERE  (  (  `app` = '' OR `app` = 'cmf' )  AND `type` = 3 ) OR `type` = 1 [ RunTime:0.000588s ]
[2024-12-06T12:31:56+08:00][sql] SHOW FULL COLUMNS FROM `cmf_hook_plugin` [ RunTime:0.001277s ]
[2024-12-06T12:31:56+08:00][sql] SELECT `hook`,`plugin` FROM `cmf_hook_plugin` WHERE  `status` = 1  AND `hook` IN ('app_begin','module_init','action_begin','view_filter','app_end','log_write','response_end','admin_init','home_init','send_mobile_verification_code','body_start','before_head_end','footer_start','before_footer','before_footer_end','before_body_end','left_sidebar_start','before_left_sidebar_end','right_sidebar_start','before_right_sidebar_end','comment','guestbook','switch_theme','after_content','before_content','log_write_done','switch_admin_theme','captcha_image') ORDER BY `list_order` ASC [ RunTime:0.000717s ]
[2024-12-06T12:31:56+08:00][sql] SHOW FULL COLUMNS FROM `cmf_user` [ RunTime:0.001978s ]
[2024-12-06T12:31:56+08:00][sql] SELECT * FROM `cmf_user` WHERE  `id` = 1 LIMIT 1 [ RunTime:0.000869s ]
[2024-12-06T12:31:56+08:00][sql] SHOW FULL COLUMNS FROM `cmf_admin_menu` [ RunTime:0.001583s ]
[2024-12-06T12:31:56+08:00][sql] SELECT `parent_id` FROM `cmf_admin_menu` WHERE  `id` = 613 LIMIT 1 [ RunTime:0.000435s ]
[2024-12-06T12:31:56+08:00][sql] SELECT `parent_id` FROM `cmf_admin_menu` WHERE  `id` = 551 LIMIT 1 [ RunTime:0.000297s ]
[2024-12-06T12:31:56+08:00][sql] SELECT `id` FROM `cmf_admin_menu` WHERE  `app` = 'admin'  AND `controller` = 'article'  AND `action` = 'addPost' LIMIT 1 [ RunTime:0.000468s ]
[2024-12-06T12:31:56+08:00][sql] INSERT INTO `cmf_admin_menu` SET `parent_id` = 613 , `name` = '添加保存' , `app` = 'admin' , `controller` = 'article' , `action` = 'addPost' , `param` = '' , `icon` = '' , `remark` = '' , `status` = 0 , `type` = 1 [ RunTime:0.011469s ]
[2024-12-06T12:31:56+08:00][sql] SHOW FULL COLUMNS FROM `cmf_auth_rule` [ RunTime:0.001628s ]
[2024-12-06T12:31:56+08:00][sql] SELECT COUNT(*) AS think_count FROM `cmf_auth_rule` WHERE  `app` = 'admin'  AND `name` = 'admin/article/addPost'  AND `type` = 'admin_url' LIMIT 1 [ RunTime:0.000529s ]
[2024-12-06T12:31:56+08:00][sql] INSERT INTO `cmf_auth_rule` SET `name` = 'admin/article/addPost' , `app` = 'admin' , `type` = 'admin_url' , `title` = '添加保存' , `param` = '' [ RunTime:0.006336s ]
[2024-12-06T12:31:56+08:00][sql] SELECT * FROM `cmf_admin_menu` ORDER BY `app` ASC,`controller` ASC,`action` ASC [ RunTime:0.004143s ]
[2024-12-06T12:31:59+08:00][sql] CONNECT:[ UseTime:0.000667s ] mysql:host=127.0.0.1;port=3306;dbname=zhibo;charset=utf8mb4
[2024-12-06T12:31:59+08:00][sql] SHOW FULL COLUMNS FROM `cmf_hook` [ RunTime:0.001545s ]
[2024-12-06T12:31:59+08:00][sql] SELECT `hook`,`id` FROM `cmf_hook` WHERE  (  (  `app` = '' OR `app` = 'cmf' )  AND `type` = 3 ) OR `type` = 1 [ RunTime:0.000656s ]
[2024-12-06T12:31:59+08:00][sql] SHOW FULL COLUMNS FROM `cmf_hook_plugin` [ RunTime:0.001309s ]
[2024-12-06T12:31:59+08:00][sql] SELECT `hook`,`plugin` FROM `cmf_hook_plugin` WHERE  `status` = 1  AND `hook` IN ('app_begin','module_init','action_begin','view_filter','app_end','log_write','response_end','admin_init','home_init','send_mobile_verification_code','body_start','before_head_end','footer_start','before_footer','before_footer_end','before_body_end','left_sidebar_start','before_left_sidebar_end','right_sidebar_start','before_right_sidebar_end','comment','guestbook','switch_theme','after_content','before_content','log_write_done','switch_admin_theme','captcha_image') ORDER BY `list_order` ASC [ RunTime:0.000704s ]
[2024-12-06T12:31:59+08:00][sql] SELECT `hook` FROM `cmf_hook` WHERE  `app` = 'admin' [ RunTime:0.000737s ]
[2024-12-06T12:31:59+08:00][sql] SELECT `hook`,`plugin` FROM `cmf_hook_plugin` WHERE  `status` = 1  AND `hook` IN ('admin_dashboard','admin_login','admin_theme_design_view','admin_setting_site_view','admin_setting_clear_cache_view','admin_nav_index_view','admin_link_index_view','admin_slide_index_view','admin_user_index_view','admin_rbac_index_view','admin_index_index_view','admin_recycle_bin_index_view','admin_menu_index_view','admin_custom_login_open','admin_slide_item_index_view','admin_slide_item_add_view','admin_slide_item_edit_view','admin_user_add_view','admin_user_edit_view','admin_rbac_role_add_view','admin_rbac_role_edit_view','admin_rbac_authorize_view') ORDER BY `list_order` ASC [ RunTime:0.000687s ]
[2024-12-06T12:31:59+08:00][sql] SHOW FULL COLUMNS FROM `cmf_option` [ RunTime:0.001642s ]
[2024-12-06T12:31:59+08:00][sql] SELECT `option_value` FROM `cmf_option` WHERE  `option_name` = 'cdn_settings' LIMIT 1 [ RunTime:0.000488s ]
[2024-12-06T12:31:59+08:00][sql] SELECT `option_value` FROM `cmf_option` WHERE  `option_name` = 'site_info' LIMIT 1 [ RunTime:0.000711s ]
[2024-12-06T12:31:59+08:00][sql] SHOW FULL COLUMNS FROM `cmf_user` [ RunTime:0.001824s ]
[2024-12-06T12:31:59+08:00][sql] SELECT * FROM `cmf_user` WHERE  `id` = 1 LIMIT 1 [ RunTime:0.000869s ]
[2024-12-06T12:31:59+08:00][sql] SHOW FULL COLUMNS FROM `cmf_admin_menu` [ RunTime:0.001566s ]
[2024-12-06T12:31:59+08:00][sql] SELECT * FROM `cmf_admin_menu` ORDER BY `list_order` ASC [ RunTime:0.002733s ]
[2024-12-06T12:31:59+08:00][sql] SELECT `option_value` FROM `cmf_option` WHERE  `option_name` = 'admin_settings' LIMIT 1 [ RunTime:0.001035s ]
[2024-12-06T12:31:59+08:00][sql] CONNECT:[ UseTime:0.000677s ] mysql:host=127.0.0.1;port=3306;dbname=zhibo;charset=utf8mb4
[2024-12-06T12:31:59+08:00][sql] SHOW FULL COLUMNS FROM `cmf_hook` [ RunTime:0.001548s ]
[2024-12-06T12:31:59+08:00][sql] SELECT `hook`,`id` FROM `cmf_hook` WHERE  (  (  `app` = '' OR `app` = 'cmf' )  AND `type` = 3 ) OR `type` = 1 [ RunTime:0.000643s ]
[2024-12-06T12:31:59+08:00][sql] SHOW FULL COLUMNS FROM `cmf_hook_plugin` [ RunTime:0.001241s ]
[2024-12-06T12:31:59+08:00][sql] SELECT `hook`,`plugin` FROM `cmf_hook_plugin` WHERE  `status` = 1  AND `hook` IN ('app_begin','module_init','action_begin','view_filter','app_end','log_write','response_end','admin_init','home_init','send_mobile_verification_code','body_start','before_head_end','footer_start','before_footer','before_footer_end','before_body_end','left_sidebar_start','before_left_sidebar_end','right_sidebar_start','before_right_sidebar_end','comment','guestbook','switch_theme','after_content','before_content','log_write_done','switch_admin_theme','captcha_image') ORDER BY `list_order` ASC [ RunTime:0.000676s ]
[2024-12-06T12:31:59+08:00][sql] SELECT `hook` FROM `cmf_hook` WHERE  `app` = '404' [ RunTime:0.000729s ]
[2024-12-06T12:31:59+08:00][sql] SELECT `hook`,`plugin` FROM `cmf_hook_plugin` WHERE  `status` = 1  AND 0 = 1 ORDER BY `list_order` ASC [ RunTime:0.000332s ]
[2024-12-06T12:32:20+08:00][sql] CONNECT:[ UseTime:0.000644s ] mysql:host=127.0.0.1;port=3306;dbname=zhibo;charset=utf8mb4
[2024-12-06T12:32:20+08:00][sql] SHOW FULL COLUMNS FROM `cmf_hook` [ RunTime:0.001554s ]
[2024-12-06T12:32:20+08:00][sql] SELECT `hook`,`id` FROM `cmf_hook` WHERE  (  (  `app` = '' OR `app` = 'cmf' )  AND `type` = 3 ) OR `type` = 1 [ RunTime:0.000627s ]
[2024-12-06T12:32:20+08:00][sql] SHOW FULL COLUMNS FROM `cmf_hook_plugin` [ RunTime:0.001260s ]
[2024-12-06T12:32:20+08:00][sql] SELECT `hook`,`plugin` FROM `cmf_hook_plugin` WHERE  `status` = 1  AND `hook` IN ('app_begin','module_init','action_begin','view_filter','app_end','log_write','response_end','admin_init','home_init','send_mobile_verification_code','body_start','before_head_end','footer_start','before_footer','before_footer_end','before_body_end','left_sidebar_start','before_left_sidebar_end','right_sidebar_start','before_right_sidebar_end','comment','guestbook','switch_theme','after_content','before_content','log_write_done','switch_admin_theme','captcha_image') ORDER BY `list_order` ASC [ RunTime:0.000658s ]
[2024-12-06T12:32:20+08:00][sql] SHOW FULL COLUMNS FROM `cmf_user` [ RunTime:0.001949s ]
[2024-12-06T12:32:20+08:00][sql] SELECT * FROM `cmf_user` WHERE  `id` = 1 LIMIT 1 [ RunTime:0.000817s ]
[2024-12-06T12:32:20+08:00][sql] SHOW FULL COLUMNS FROM `cmf_admin_menu` [ RunTime:0.001567s ]
[2024-12-06T12:32:20+08:00][sql] SELECT * FROM `cmf_admin_menu` WHERE  `parent_id` = 0  AND `status` = 1 ORDER BY `list_order` ASC [ RunTime:0.001044s ]
[2024-12-06T12:32:20+08:00][sql] SELECT * FROM `cmf_admin_menu` WHERE  `parent_id` = 6  AND `status` = 1 ORDER BY `list_order` ASC [ RunTime:0.001025s ]
[2024-12-06T12:32:20+08:00][sql] SELECT * FROM `cmf_admin_menu` WHERE  `parent_id` = 71  AND `status` = 1 ORDER BY `list_order` ASC [ RunTime:0.000571s ]
[2024-12-06T12:32:20+08:00][sql] SELECT * FROM `cmf_admin_menu` WHERE  `parent_id` = 169  AND `status` = 1 ORDER BY `list_order` ASC [ RunTime:0.000519s ]
[2024-12-06T12:32:20+08:00][sql] SELECT * FROM `cmf_admin_menu` WHERE  `parent_id` = 78  AND `status` = 1 ORDER BY `list_order` ASC [ RunTime:0.000575s ]
[2024-12-06T12:32:20+08:00][sql] SELECT * FROM `cmf_admin_menu` WHERE  `parent_id` = 75  AND `status` = 1 ORDER BY `list_order` ASC [ RunTime:0.000477s ]
[2024-12-06T12:32:20+08:00][sql] SELECT * FROM `cmf_admin_menu` WHERE  `parent_id` = 171  AND `status` = 1 ORDER BY `list_order` ASC [ RunTime:0.000519s ]
[2024-12-06T12:32:20+08:00][sql] SELECT * FROM `cmf_admin_menu` WHERE  `parent_id` = 110  AND `status` = 1 ORDER BY `list_order` ASC [ RunTime:0.000576s ]
[2024-12-06T12:32:20+08:00][sql] SELECT * FROM `cmf_admin_menu` WHERE  `parent_id` = 49  AND `status` = 1 ORDER BY `list_order` ASC [ RunTime:0.000612s ]
[2024-12-06T12:32:20+08:00][sql] SELECT * FROM `cmf_admin_menu` WHERE  `parent_id` = 50  AND `status` = 1 ORDER BY `list_order` ASC [ RunTime:0.000588s ]
[2024-12-06T12:32:20+08:00][sql] SELECT * FROM `cmf_admin_menu` WHERE  `parent_id` = 111  AND `status` = 1 ORDER BY `list_order` ASC [ RunTime:0.000548s ]
[2024-12-06T12:32:20+08:00][sql] SELECT * FROM `cmf_admin_menu` WHERE  `parent_id` = 180  AND `status` = 1 ORDER BY `list_order` ASC [ RunTime:0.000537s ]
[2024-12-06T12:32:20+08:00][sql] SELECT * FROM `cmf_admin_menu` WHERE  `parent_id` = 123  AND `status` = 1 ORDER BY `list_order` ASC [ RunTime:0.000563s ]
[2024-12-06T12:32:20+08:00][sql] SELECT * FROM `cmf_admin_menu` WHERE  `parent_id` = 124  AND `status` = 1 ORDER BY `list_order` ASC [ RunTime:0.000554s ]
[2024-12-06T12:32:20+08:00][sql] SELECT * FROM `cmf_admin_menu` WHERE  `parent_id` = 199  AND `status` = 1 ORDER BY `list_order` ASC [ RunTime:0.000535s ]
[2024-12-06T12:32:20+08:00][sql] SELECT * FROM `cmf_admin_menu` WHERE  `parent_id` = 206  AND `status` = 1 ORDER BY `list_order` ASC [ RunTime:0.000549s ]
[2024-12-06T12:32:20+08:00][sql] SELECT * FROM `cmf_admin_menu` WHERE  `parent_id` = 214  AND `status` = 1 ORDER BY `list_order` ASC [ RunTime:0.000526s ]
[2024-12-06T12:32:20+08:00][sql] SELECT * FROM `cmf_admin_menu` WHERE  `parent_id` = 218  AND `status` = 1 ORDER BY `list_order` ASC [ RunTime:0.000680s ]
[2024-12-06T12:32:20+08:00][sql] SELECT * FROM `cmf_admin_menu` WHERE  `parent_id` = 219  AND `status` = 1 ORDER BY `list_order` ASC [ RunTime:0.000614s ]
[2024-12-06T12:32:20+08:00][sql] SELECT * FROM `cmf_admin_menu` WHERE  `parent_id` = 226  AND `status` = 1 ORDER BY `list_order` ASC [ RunTime:0.000485s ]
[2024-12-06T12:32:20+08:00][sql] SELECT * FROM `cmf_admin_menu` WHERE  `parent_id` = 228  AND `status` = 1 ORDER BY `list_order` ASC [ RunTime:0.000495s ]
[2024-12-06T12:32:20+08:00][sql] SELECT * FROM `cmf_admin_menu` WHERE  `parent_id` = 229  AND `status` = 1 ORDER BY `list_order` ASC [ RunTime:0.000476s ]
[2024-12-06T12:32:20+08:00][sql] SELECT * FROM `cmf_admin_menu` WHERE  `parent_id` = 232  AND `status` = 1 ORDER BY `list_order` ASC [ RunTime:0.000571s ]
[2024-12-06T12:32:20+08:00][sql] SELECT * FROM `cmf_admin_menu` WHERE  `parent_id` = 238  AND `status` = 1 ORDER BY `list_order` ASC [ RunTime:0.000589s ]
[2024-12-06T12:32:20+08:00][sql] SELECT * FROM `cmf_admin_menu` WHERE  `parent_id` = 241  AND `status` = 1 ORDER BY `list_order` ASC [ RunTime:0.000559s ]
[2024-12-06T12:32:20+08:00][sql] SELECT * FROM `cmf_admin_menu` WHERE  `parent_id` = 261  AND `status` = 1 ORDER BY `list_order` ASC [ RunTime:0.000531s ]
[2024-12-06T12:32:20+08:00][sql] SELECT * FROM `cmf_admin_menu` WHERE  `parent_id` = 268  AND `status` = 1 ORDER BY `list_order` ASC [ RunTime:0.000642s ]
[2024-12-06T12:32:20+08:00][sql] SELECT * FROM `cmf_admin_menu` WHERE  `parent_id` = 269  AND `status` = 1 ORDER BY `list_order` ASC [ RunTime:0.000564s ]
[2024-12-06T12:32:20+08:00][sql] SELECT * FROM `cmf_admin_menu` WHERE  `parent_id` = 276  AND `status` = 1 ORDER BY `list_order` ASC [ RunTime:0.000560s ]
[2024-12-06T12:32:20+08:00][sql] SELECT * FROM `cmf_admin_menu` WHERE  `parent_id` = 279  AND `status` = 1 ORDER BY `list_order` ASC [ RunTime:0.000491s ]
[2024-12-06T12:32:20+08:00][sql] SELECT * FROM `cmf_admin_menu` WHERE  `parent_id` = 598  AND `status` = 1 ORDER BY `list_order` ASC [ RunTime:0.000460s ]
[2024-12-06T12:32:20+08:00][sql] SELECT * FROM `cmf_admin_menu` WHERE  `parent_id` = 281  AND `status` = 1 ORDER BY `list_order` ASC [ RunTime:0.000631s ]
[2024-12-06T12:32:20+08:00][sql] SELECT * FROM `cmf_admin_menu` WHERE  `parent_id` = 282  AND `status` = 1 ORDER BY `list_order` ASC [ RunTime:0.000600s ]
[2024-12-06T12:32:20+08:00][sql] SELECT * FROM `cmf_admin_menu` WHERE  `parent_id` = 290  AND `status` = 1 ORDER BY `list_order` ASC [ RunTime:0.000591s ]
[2024-12-06T12:32:20+08:00][sql] SELECT * FROM `cmf_admin_menu` WHERE  `parent_id` = 291  AND `status` = 1 ORDER BY `list_order` ASC [ RunTime:0.000545s ]
[2024-12-06T12:32:20+08:00][sql] SELECT * FROM `cmf_admin_menu` WHERE  `parent_id` = 292  AND `status` = 1 ORDER BY `list_order` ASC [ RunTime:0.000455s ]
[2024-12-06T12:32:20+08:00][sql] SELECT * FROM `cmf_admin_menu` WHERE  `parent_id` = 293  AND `status` = 1 ORDER BY `list_order` ASC [ RunTime:0.000441s ]
[2024-12-06T12:32:20+08:00][sql] SELECT * FROM `cmf_admin_menu` WHERE  `parent_id` = 294  AND `status` = 1 ORDER BY `list_order` ASC [ RunTime:0.000461s ]
[2024-12-06T12:32:20+08:00][sql] SELECT * FROM `cmf_admin_menu` WHERE  `parent_id` = 302  AND `status` = 1 ORDER BY `list_order` ASC [ RunTime:0.000575s ]
[2024-12-06T12:32:20+08:00][sql] SELECT * FROM `cmf_admin_menu` WHERE  `parent_id` = 309  AND `status` = 1 ORDER BY `list_order` ASC [ RunTime:0.000540s ]
[2024-12-06T12:32:20+08:00][sql] SELECT * FROM `cmf_admin_menu` WHERE  `parent_id` = 312  AND `status` = 1 ORDER BY `list_order` ASC [ RunTime:0.000611s ]
[2024-12-06T12:32:20+08:00][sql] SELECT * FROM `cmf_admin_menu` WHERE  `parent_id` = 313  AND `status` = 1 ORDER BY `list_order` ASC [ RunTime:0.000624s ]
[2024-12-06T12:32:20+08:00][sql] SELECT * FROM `cmf_admin_menu` WHERE  `parent_id` = 321  AND `status` = 1 ORDER BY `list_order` ASC [ RunTime:0.000570s ]
[2024-12-06T12:32:20+08:00][sql] SELECT * FROM `cmf_admin_menu` WHERE  `parent_id` = 336  AND `status` = 1 ORDER BY `list_order` ASC [ RunTime:0.000606s ]
[2024-12-06T12:32:20+08:00][sql] SELECT * FROM `cmf_admin_menu` WHERE  `parent_id` = 337  AND `status` = 1 ORDER BY `list_order` ASC [ RunTime:0.000500s ]
[2024-12-06T12:32:20+08:00][sql] SELECT * FROM `cmf_admin_menu` WHERE  `parent_id` = 338  AND `status` = 1 ORDER BY `list_order` ASC [ RunTime:0.000568s ]
[2024-12-06T12:32:20+08:00][sql] SELECT * FROM `cmf_admin_menu` WHERE  `parent_id` = 339  AND `status` = 1 ORDER BY `list_order` ASC [ RunTime:0.000480s ]
[2024-12-06T12:32:20+08:00][sql] SELECT * FROM `cmf_admin_menu` WHERE  `parent_id` = 340  AND `status` = 1 ORDER BY `list_order` ASC [ RunTime:0.000453s ]
[2024-12-06T12:32:20+08:00][sql] SELECT * FROM `cmf_admin_menu` WHERE  `parent_id` = 351  AND `status` = 1 ORDER BY `list_order` ASC [ RunTime:0.000558s ]
[2024-12-06T12:32:20+08:00][sql] SELECT * FROM `cmf_admin_menu` WHERE  `parent_id` = 358  AND `status` = 1 ORDER BY `list_order` ASC [ RunTime:0.000461s ]
[2024-12-06T12:32:20+08:00][sql] SELECT * FROM `cmf_admin_menu` WHERE  `parent_id` = 360  AND `status` = 1 ORDER BY `list_order` ASC [ RunTime:0.000596s ]
[2024-12-06T12:32:20+08:00][sql] SELECT * FROM `cmf_admin_menu` WHERE  `parent_id` = 365  AND `status` = 1 ORDER BY `list_order` ASC [ RunTime:0.000512s ]
[2024-12-06T12:32:20+08:00][sql] SELECT * FROM `cmf_admin_menu` WHERE  `parent_id` = 366  AND `status` = 1 ORDER BY `list_order` ASC [ RunTime:0.000461s ]
[2024-12-06T12:32:20+08:00][sql] SELECT * FROM `cmf_admin_menu` WHERE  `parent_id` = 371  AND `status` = 1 ORDER BY `list_order` ASC [ RunTime:0.000612s ]
[2024-12-06T12:32:20+08:00][sql] SELECT * FROM `cmf_admin_menu` WHERE  `parent_id` = 372  AND `status` = 1 ORDER BY `list_order` ASC [ RunTime:0.000627s ]
[2024-12-06T12:32:20+08:00][sql] SELECT * FROM `cmf_admin_menu` WHERE  `parent_id` = 373  AND `status` = 1 ORDER BY `list_order` ASC [ RunTime:0.000494s ]
[2024-12-06T12:32:20+08:00][sql] SELECT * FROM `cmf_admin_menu` WHERE  `parent_id` = 374  AND `status` = 1 ORDER BY `list_order` ASC [ RunTime:0.000498s ]
[2024-12-06T12:32:20+08:00][sql] SELECT * FROM `cmf_admin_menu` WHERE  `parent_id` = 381  AND `status` = 1 ORDER BY `list_order` ASC [ RunTime:0.000574s ]
[2024-12-06T12:32:20+08:00][sql] SELECT * FROM `cmf_admin_menu` WHERE  `parent_id` = 384  AND `status` = 1 ORDER BY `list_order` ASC [ RunTime:0.000561s ]
[2024-12-06T12:32:20+08:00][sql] SELECT * FROM `cmf_admin_menu` WHERE  `parent_id` = 388  AND `status` = 1 ORDER BY `list_order` ASC [ RunTime:0.000465s ]
[2024-12-06T12:32:20+08:00][sql] SELECT * FROM `cmf_admin_menu` WHERE  `parent_id` = 390  AND `status` = 1 ORDER BY `list_order` ASC [ RunTime:0.000560s ]
[2024-12-06T12:32:20+08:00][sql] SELECT * FROM `cmf_admin_menu` WHERE  `parent_id` = 394  AND `status` = 1 ORDER BY `list_order` ASC [ RunTime:0.000464s ]
[2024-12-06T12:32:20+08:00][sql] SELECT * FROM `cmf_admin_menu` WHERE  `parent_id` = 395  AND `status` = 1 ORDER BY `list_order` ASC [ RunTime:0.000615s ]
[2024-12-06T12:32:20+08:00][sql] SELECT * FROM `cmf_admin_menu` WHERE  `parent_id` = 396  AND `status` = 1 ORDER BY `list_order` ASC [ RunTime:0.000591s ]
[2024-12-06T12:32:20+08:00][sql] SELECT * FROM `cmf_admin_menu` WHERE  `parent_id` = 404  AND `status` = 1 ORDER BY `list_order` ASC [ RunTime:0.000613s ]
[2024-12-06T12:32:20+08:00][sql] SELECT * FROM `cmf_admin_menu` WHERE  `parent_id` = 410  AND `status` = 1 ORDER BY `list_order` ASC [ RunTime:0.000554s ]
[2024-12-06T12:32:20+08:00][sql] SELECT * FROM `cmf_admin_menu` WHERE  `parent_id` = 414  AND `status` = 1 ORDER BY `list_order` ASC [ RunTime:0.000603s ]
[2024-12-06T12:32:20+08:00][sql] SELECT * FROM `cmf_admin_menu` WHERE  `parent_id` = 415  AND `status` = 1 ORDER BY `list_order` ASC [ RunTime:0.000579s ]
[2024-12-06T12:32:20+08:00][sql] SELECT * FROM `cmf_admin_menu` WHERE  `parent_id` = 422  AND `status` = 1 ORDER BY `list_order` ASC [ RunTime:0.000562s ]
[2024-12-06T12:32:20+08:00][sql] SELECT * FROM `cmf_admin_menu` WHERE  `parent_id` = 430  AND `status` = 1 ORDER BY `list_order` ASC [ RunTime:0.000654s ]
[2024-12-06T12:32:20+08:00][sql] SELECT * FROM `cmf_admin_menu` WHERE  `parent_id` = 591  AND `status` = 1 ORDER BY `list_order` ASC [ RunTime:0.000568s ]
[2024-12-06T12:32:20+08:00][sql] SELECT * FROM `cmf_admin_menu` WHERE  `parent_id` = 592  AND `status` = 1 ORDER BY `list_order` ASC [ RunTime:0.000592s ]
[2024-12-06T12:32:20+08:00][sql] SELECT * FROM `cmf_admin_menu` WHERE  `parent_id` = 437  AND `status` = 1 ORDER BY `list_order` ASC [ RunTime:0.000475s ]
[2024-12-06T12:32:20+08:00][sql] SELECT * FROM `cmf_admin_menu` WHERE  `parent_id` = 439  AND `status` = 1 ORDER BY `list_order` ASC [ RunTime:0.000569s ]
[2024-12-06T12:32:20+08:00][sql] SELECT * FROM `cmf_admin_menu` WHERE  `parent_id` = 446  AND `status` = 1 ORDER BY `list_order` ASC [ RunTime:0.000611s ]
[2024-12-06T12:32:20+08:00][sql] SELECT * FROM `cmf_admin_menu` WHERE  `parent_id` = 447  AND `status` = 1 ORDER BY `list_order` ASC [ RunTime:0.000589s ]
[2024-12-06T12:32:20+08:00][sql] SELECT * FROM `cmf_admin_menu` WHERE  `parent_id` = 448  AND `status` = 1 ORDER BY `list_order` ASC [ RunTime:0.000555s ]
[2024-12-06T12:32:20+08:00][sql] SELECT * FROM `cmf_admin_menu` WHERE  `parent_id` = 459  AND `status` = 1 ORDER BY `list_order` ASC [ RunTime:0.000629s ]
[2024-12-06T12:32:20+08:00][sql] SELECT * FROM `cmf_admin_menu` WHERE  `parent_id` = 460  AND `status` = 1 ORDER BY `list_order` ASC [ RunTime:0.000474s ]
[2024-12-06T12:32:20+08:00][sql] SELECT * FROM `cmf_admin_menu` WHERE  `parent_id` = 461  AND `status` = 1 ORDER BY `list_order` ASC [ RunTime:0.000438s ]
[2024-12-06T12:32:20+08:00][sql] SELECT * FROM `cmf_admin_menu` WHERE  `parent_id` = 462  AND `status` = 1 ORDER BY `list_order` ASC [ RunTime:0.000723s ]
[2024-12-06T12:32:20+08:00][sql] SELECT * FROM `cmf_admin_menu` WHERE  `parent_id` = 463  AND `status` = 1 ORDER BY `list_order` ASC [ RunTime:0.000721s ]
[2024-12-06T12:32:20+08:00][sql] SELECT * FROM `cmf_admin_menu` WHERE  `parent_id` = 469  AND `status` = 1 ORDER BY `list_order` ASC [ RunTime:0.000512s ]
[2024-12-06T12:32:20+08:00][sql] SELECT * FROM `cmf_admin_menu` WHERE  `parent_id` = 471  AND `status` = 1 ORDER BY `list_order` ASC [ RunTime:0.000585s ]
[2024-12-06T12:32:20+08:00][sql] SELECT * FROM `cmf_admin_menu` WHERE  `parent_id` = 484  AND `status` = 1 ORDER BY `list_order` ASC [ RunTime:0.000463s ]
[2024-12-06T12:32:20+08:00][sql] SELECT * FROM `cmf_admin_menu` WHERE  `parent_id` = 485  AND `status` = 1 ORDER BY `list_order` ASC [ RunTime:0.000503s ]
[2024-12-06T12:32:20+08:00][sql] SELECT * FROM `cmf_admin_menu` WHERE  `parent_id` = 487  AND `status` = 1 ORDER BY `list_order` ASC [ RunTime:0.000587s ]
[2024-12-06T12:32:20+08:00][sql] SELECT * FROM `cmf_admin_menu` WHERE  `parent_id` = 494  AND `status` = 1 ORDER BY `list_order` ASC [ RunTime:0.000575s ]
[2024-12-06T12:32:20+08:00][sql] SELECT * FROM `cmf_admin_menu` WHERE  `parent_id` = 501  AND `status` = 1 ORDER BY `list_order` ASC [ RunTime:0.000586s ]
[2024-12-06T12:32:20+08:00][sql] SELECT * FROM `cmf_admin_menu` WHERE  `parent_id` = 508  AND `status` = 1 ORDER BY `list_order` ASC [ RunTime:0.000621s ]
[2024-12-06T12:32:20+08:00][sql] SELECT * FROM `cmf_admin_menu` WHERE  `parent_id` = 515  AND `status` = 1 ORDER BY `list_order` ASC [ RunTime:0.000571s ]
[2024-12-06T12:32:20+08:00][sql] SELECT * FROM `cmf_admin_menu` WHERE  `parent_id` = 519  AND `status` = 1 ORDER BY `list_order` ASC [ RunTime:0.000574s ]
[2024-12-06T12:32:20+08:00][sql] SELECT * FROM `cmf_admin_menu` WHERE  `parent_id` = 524  AND `status` = 1 ORDER BY `list_order` ASC [ RunTime:0.000571s ]
[2024-12-06T12:32:20+08:00][sql] SELECT * FROM `cmf_admin_menu` WHERE  `parent_id` = 525  AND `status` = 1 ORDER BY `list_order` ASC [ RunTime:0.000564s ]
[2024-12-06T12:32:20+08:00][sql] SELECT * FROM `cmf_admin_menu` WHERE  `parent_id` = 532  AND `status` = 1 ORDER BY `list_order` ASC [ RunTime:0.000629s ]
[2024-12-06T12:32:20+08:00][sql] SELECT * FROM `cmf_admin_menu` WHERE  `parent_id` = 536  AND `status` = 1 ORDER BY `list_order` ASC [ RunTime:0.000640s ]
[2024-12-06T12:32:20+08:00][sql] SELECT * FROM `cmf_admin_menu` WHERE  `parent_id` = 537  AND `status` = 1 ORDER BY `list_order` ASC [ RunTime:0.000639s ]
[2024-12-06T12:32:20+08:00][sql] SELECT * FROM `cmf_admin_menu` WHERE  `parent_id` = 541  AND `status` = 1 ORDER BY `list_order` ASC [ RunTime:0.000581s ]
[2024-12-06T12:32:20+08:00][sql] SELECT * FROM `cmf_admin_menu` WHERE  `parent_id` = 542  AND `status` = 1 ORDER BY `list_order` ASC [ RunTime:0.000458s ]
[2024-12-06T12:32:20+08:00][sql] SELECT * FROM `cmf_admin_menu` WHERE  `parent_id` = 543  AND `status` = 1 ORDER BY `list_order` ASC [ RunTime:0.000542s ]
[2024-12-06T12:32:20+08:00][sql] SELECT * FROM `cmf_admin_menu` WHERE  `parent_id` = 547  AND `status` = 1 ORDER BY `list_order` ASC [ RunTime:0.000607s ]
[2024-12-06T12:32:20+08:00][sql] SELECT * FROM `cmf_admin_menu` WHERE  `parent_id` = 551  AND `status` = 1 ORDER BY `list_order` ASC [ RunTime:0.000617s ]
[2024-12-06T12:32:20+08:00][sql] SELECT * FROM `cmf_admin_menu` WHERE  `parent_id` = 552  AND `status` = 1 ORDER BY `list_order` ASC [ RunTime:0.000628s ]
[2024-12-06T12:32:20+08:00][sql] SELECT * FROM `cmf_admin_menu` WHERE  `parent_id` = 553  AND `status` = 1 ORDER BY `list_order` ASC [ RunTime:0.000584s ]
[2024-12-06T12:32:20+08:00][sql] SELECT * FROM `cmf_admin_menu` WHERE  `parent_id` = 554  AND `status` = 1 ORDER BY `list_order` ASC [ RunTime:0.000507s ]
[2024-12-06T12:32:20+08:00][sql] SELECT * FROM `cmf_admin_menu` WHERE  `parent_id` = 613  AND `status` = 1 ORDER BY `list_order` ASC [ RunTime:0.000611s ]
[2024-12-06T12:32:20+08:00][sql] SELECT * FROM `cmf_admin_menu` WHERE  `parent_id` = 572  AND `status` = 1 ORDER BY `list_order` ASC [ RunTime:0.000611s ]
[2024-12-06T12:32:20+08:00][sql] SELECT * FROM `cmf_admin_menu` WHERE  `parent_id` = 580  AND `status` = 1 ORDER BY `list_order` ASC [ RunTime:0.000669s ]
[2024-12-06T12:32:20+08:00][sql] SELECT * FROM `cmf_admin_menu` WHERE  `parent_id` = 584  AND `status` = 1 ORDER BY `list_order` ASC [ RunTime:0.000572s ]
[2024-12-06T12:32:20+08:00][sql] SELECT * FROM `cmf_admin_menu` WHERE  `parent_id` = 588  AND `status` = 1 ORDER BY `list_order` ASC [ RunTime:0.000623s ]
[2024-12-06T12:32:20+08:00][sql] SELECT * FROM `cmf_admin_menu` WHERE  `parent_id` = 561  AND `status` = 1 ORDER BY `list_order` ASC [ RunTime:0.000609s ]
[2024-12-06T12:32:20+08:00][sql] SELECT * FROM `cmf_admin_menu` WHERE  `parent_id` = 562  AND `status` = 1 ORDER BY `list_order` ASC [ RunTime:0.000599s ]
[2024-12-06T12:32:20+08:00][sql] SELECT * FROM `cmf_admin_menu` WHERE  `parent_id` = 565  AND `status` = 1 ORDER BY `list_order` ASC [ RunTime:0.000568s ]
[2024-12-06T12:32:20+08:00][sql] SELECT * FROM `cmf_admin_menu` WHERE  `parent_id` = 600  AND `status` = 1 ORDER BY `list_order` ASC [ RunTime:0.000615s ]
[2024-12-06T12:32:20+08:00][sql] SELECT * FROM `cmf_admin_menu` WHERE  `parent_id` = 601  AND `status` = 1 ORDER BY `list_order` ASC [ RunTime:0.000628s ]
[2024-12-06T12:32:20+08:00][sql] SELECT * FROM `cmf_admin_menu` WHERE  `parent_id` = 603  AND `status` = 1 ORDER BY `list_order` ASC [ RunTime:0.000633s ]
[2024-12-06T12:32:20+08:00][sql] SELECT * FROM `cmf_admin_menu` WHERE  `parent_id` = 604  AND `status` = 1 ORDER BY `list_order` ASC [ RunTime:0.000461s ]
[2024-12-06T12:32:20+08:00][sql] SELECT * FROM `cmf_admin_menu` WHERE  `parent_id` = 602  AND `status` = 1 ORDER BY `list_order` ASC [ RunTime:0.000611s ]
[2024-12-06T12:32:20+08:00][sql] SELECT * FROM `cmf_admin_menu` WHERE  `parent_id` = 605  AND `status` = 1 ORDER BY `list_order` ASC [ RunTime:0.000478s ]
[2024-12-06T12:32:20+08:00][sql] SELECT * FROM `cmf_admin_menu` WHERE  `parent_id` = 606  AND `status` = 1 ORDER BY `list_order` ASC [ RunTime:0.000483s ]
[2024-12-06T12:32:20+08:00][sql] SELECT * FROM `cmf_admin_menu` WHERE  `parent_id` = 1  AND `status` = 1 ORDER BY `list_order` ASC [ RunTime:0.000593s ]
[2024-12-06T12:32:20+08:00][sql] SELECT * FROM `cmf_admin_menu` WHERE  `parent_id` = 42  AND `status` = 1 ORDER BY `list_order` ASC [ RunTime:0.000528s ]
[2024-12-06T12:32:20+08:00][sql] SELECT * FROM `cmf_admin_menu` ORDER BY `app` ASC,`controller` ASC,`action` ASC [ RunTime:0.004040s ]
[2024-12-06T12:32:21+08:00][sql] CONNECT:[ UseTime:0.000631s ] mysql:host=127.0.0.1;port=3306;dbname=zhibo;charset=utf8mb4
[2024-12-06T12:32:21+08:00][sql] SHOW FULL COLUMNS FROM `cmf_hook` [ RunTime:0.001559s ]
[2024-12-06T12:32:21+08:00][sql] SELECT `hook`,`id` FROM `cmf_hook` WHERE  (  (  `app` = '' OR `app` = 'cmf' )  AND `type` = 3 ) OR `type` = 1 [ RunTime:0.000632s ]
[2024-12-06T12:32:21+08:00][sql] SHOW FULL COLUMNS FROM `cmf_hook_plugin` [ RunTime:0.001216s ]
[2024-12-06T12:32:21+08:00][sql] SELECT `hook`,`plugin` FROM `cmf_hook_plugin` WHERE  `status` = 1  AND `hook` IN ('app_begin','module_init','action_begin','view_filter','app_end','log_write','response_end','admin_init','home_init','send_mobile_verification_code','body_start','before_head_end','footer_start','before_footer','before_footer_end','before_body_end','left_sidebar_start','before_left_sidebar_end','right_sidebar_start','before_right_sidebar_end','comment','guestbook','switch_theme','after_content','before_content','log_write_done','switch_admin_theme','captcha_image') ORDER BY `list_order` ASC [ RunTime:0.000711s ]
[2024-12-06T12:32:21+08:00][sql] SHOW FULL COLUMNS FROM `cmf_user` [ RunTime:0.001636s ]
[2024-12-06T12:32:21+08:00][sql] SELECT * FROM `cmf_user` WHERE  `id` = 1 LIMIT 1 [ RunTime:0.000830s ]
[2024-12-06T12:32:21+08:00][sql] SELECT COUNT(*) AS think_count FROM `cmf_user` WHERE  ( user_type=2 ) LIMIT 1 [ RunTime:0.000496s ]
[2024-12-06T12:32:21+08:00][sql] SELECT count(id) as nums,source FROM `cmf_user` WHERE  ( user_type=2 ) GROUP BY `source` [ RunTime:0.000588s ]
[2024-12-06T12:32:21+08:00][sql] SELECT count(id) as nums,login_type FROM `cmf_user` WHERE  ( user_type=2 ) GROUP BY `login_type` ORDER BY `nums` DESC [ RunTime:0.000469s ]
[2024-12-06T12:32:21+08:00][sql] SELECT COUNT(*) AS think_count FROM `cmf_user` WHERE  ( user_type=2 ) LIMIT 1 [ RunTime:0.000336s ]
[2024-12-06T12:32:21+08:00][sql] SHOW FULL COLUMNS FROM `cmf_live` [ RunTime:0.001627s ]
[2024-12-06T12:32:21+08:00][sql] SELECT COUNT(*) AS think_count FROM `cmf_live` WHERE  ( islive=1 ) LIMIT 1 [ RunTime:0.000481s ]
[2024-12-06T12:32:21+08:00][sql] select sum(endtime - starttime) as times from cmf_live_record [ RunTime:0.000365s ]
[2024-12-06T12:32:21+08:00][sql] SHOW FULL COLUMNS FROM `cmf_live_record` [ RunTime:0.001594s ]
[2024-12-06T12:32:21+08:00][sql] SELECT COUNT(*) AS think_count FROM ( SELECT count(*) AS think_count FROM `cmf_live_record` WHERE  ( starttime >= 1733414400 and starttime<1733500800 ) GROUP BY `uid` ) `_group_count_` LIMIT 1 [ RunTime:0.000621s ]
[2024-12-06T12:32:21+08:00][sql] SELECT COUNT(*) AS think_count FROM `cmf_live_record` WHERE  ( starttime >= 1733414400 and starttime<1733500800 ) LIMIT 1 [ RunTime:0.000365s ]
[2024-12-06T12:32:21+08:00][sql] select sum(endtime - starttime) as times from cmf_live_record where starttime >= 1733414400 and starttime<1733500800 [ RunTime:0.000353s ]
[2024-12-06T12:32:21+08:00][sql] SELECT `id`,`user_nickname`,`avatar`,`avatar_thumb`,`votestotal` FROM `cmf_user` WHERE  ( user_type=2 ) ORDER BY `votestotal` DESC LIMIT 0,3 [ RunTime:0.000420s ]
[2024-12-06T12:32:21+08:00][sql] SELECT `id`,`user_nickname`,`avatar`,`avatar_thumb`,`consumption` FROM `cmf_user` WHERE  ( user_type=2 ) ORDER BY `consumption` DESC LIMIT 0,3 [ RunTime:0.000562s ]
[2024-12-06T12:32:21+08:00][sql] SHOW FULL COLUMNS FROM `cmf_charge_user` [ RunTime:0.001609s ]
[2024-12-06T12:32:21+08:00][sql] SELECT SUM(`money`) AS think_sum FROM `cmf_charge_user` WHERE  ( status=1 ) LIMIT 1 [ RunTime:0.000465s ]
[2024-12-06T12:32:21+08:00][sql] SELECT SUM(`money`) AS think_sum FROM `cmf_charge_user` WHERE  ( status=1 and addtime>=1733414400 and addtime<1733500800 ) LIMIT 1 [ RunTime:0.000362s ]
[2024-12-06T12:32:21+08:00][sql] SELECT SUM(`money`) AS think_sum FROM `cmf_charge_user` WHERE  ( status=1 and type=1 and addtime>=1733414400 and addtime<1733500800 ) LIMIT 1 [ RunTime:0.000319s ]
[2024-12-06T12:32:21+08:00][sql] SELECT SUM(`money`) AS think_sum FROM `cmf_charge_user` WHERE  ( status=1 and type=2 and addtime>=1733414400 and addtime<1733500800 ) LIMIT 1 [ RunTime:0.000297s ]
[2024-12-06T12:32:21+08:00][sql] SELECT SUM(`money`) AS think_sum FROM `cmf_charge_user` WHERE  ( status=1 and type=3 and addtime>=1733414400 and addtime<1733500800 ) LIMIT 1 [ RunTime:0.000300s ]
[2024-12-06T12:32:21+08:00][sql] SHOW FULL COLUMNS FROM `cmf_cash_record` [ RunTime:0.001386s ]
[2024-12-06T12:32:21+08:00][sql] SELECT SUM(`money`) AS think_sum FROM `cmf_cash_record` WHERE  ( status=0 and addtime>=1733414400 and addtime<1733500800 ) LIMIT 1 [ RunTime:0.000388s ]
[2024-12-06T12:32:21+08:00][sql] SELECT SUM(`money`) AS think_sum FROM `cmf_cash_record` WHERE  ( status=1 and addtime>=1733414400 and addtime<1733500800 ) LIMIT 1 [ RunTime:0.000316s ]
[2024-12-06T12:32:21+08:00][sql] SELECT COUNT(*) AS think_count FROM ( SELECT count(*) AS think_count FROM `cmf_cash_record` WHERE  ( addtime>=1733414400 and addtime<1733500800 ) GROUP BY `uid` ) `_group_count_` LIMIT 1 [ RunTime:0.000461s ]
[2024-12-06T12:32:21+08:00][sql] SELECT SUM(`money`) AS think_sum FROM `cmf_cash_record` WHERE  ( status=1 ) LIMIT 1 [ RunTime:0.000286s ]
[2024-12-06T12:32:21+08:00][sql] SHOW FULL COLUMNS FROM `cmf_shop_apply` [ RunTime:0.001538s ]
[2024-12-06T12:32:21+08:00][sql] SELECT COUNT(*) AS think_count FROM `cmf_shop_apply` WHERE  ( status=0 ) LIMIT 1 [ RunTime:0.000437s ]
[2024-12-06T12:32:21+08:00][sql] SHOW FULL COLUMNS FROM `cmf_shop_goods` [ RunTime:0.001466s ]
[2024-12-06T12:32:21+08:00][sql] SELECT COUNT(*) AS think_count FROM `cmf_shop_goods` WHERE  ( status=0 ) LIMIT 1 [ RunTime:0.000424s ]
[2024-12-06T12:32:21+08:00][sql] SHOW FULL COLUMNS FROM `cmf_shop_order_refund` [ RunTime:0.001406s ]
[2024-12-06T12:32:21+08:00][sql] SELECT COUNT(*) AS think_count FROM `cmf_shop_order_refund` WHERE  ( is_platform_interpose=1 and platform_result=0 ) LIMIT 1 [ RunTime:0.000465s ]
[2024-12-06T12:32:21+08:00][sql] SHOW FULL COLUMNS FROM `cmf_paidprogram` [ RunTime:0.001290s ]
[2024-12-06T12:32:21+08:00][sql] SELECT COUNT(*) AS think_count FROM `cmf_paidprogram` WHERE  ( status=0 ) LIMIT 1 [ RunTime:0.000383s ]
[2024-12-06T12:32:21+08:00][sql] SHOW FULL COLUMNS FROM `cmf_paidprogram_apply` [ RunTime:0.001181s ]
[2024-12-06T12:32:21+08:00][sql] SELECT COUNT(*) AS think_count FROM `cmf_paidprogram_apply` WHERE  ( status=0 ) LIMIT 1 [ RunTime:0.000367s ]
[2024-12-06T12:32:21+08:00][sql] SHOW FULL COLUMNS FROM `cmf_report` [ RunTime:0.001080s ]
[2024-12-06T12:32:21+08:00][sql] SELECT COUNT(*) AS think_count FROM `cmf_report` WHERE  ( status=0 ) LIMIT 1 [ RunTime:0.000377s ]
[2024-12-06T12:32:21+08:00][sql] SHOW FULL COLUMNS FROM `cmf_dynamic` [ RunTime:0.001467s ]
[2024-12-06T12:32:21+08:00][sql] SELECT COUNT(*) AS think_count FROM `cmf_dynamic` WHERE  ( isdel=0 and status=0 ) LIMIT 1 [ RunTime:0.000474s ]
[2024-12-06T12:32:21+08:00][sql] SHOW FULL COLUMNS FROM `cmf_dynamic_report` [ RunTime:0.001295s ]
[2024-12-06T12:32:21+08:00][sql] SELECT COUNT(*) AS think_count FROM `cmf_dynamic_report` WHERE  ( status=0 ) LIMIT 1 [ RunTime:0.000379s ]
[2024-12-06T12:32:21+08:00][sql] SHOW FULL COLUMNS FROM `cmf_video` [ RunTime:0.001427s ]
[2024-12-06T12:32:21+08:00][sql] SELECT COUNT(*) AS think_count FROM `cmf_video` WHERE  ( isdel=0 and status=0 ) LIMIT 1 [ RunTime:0.000421s ]
[2024-12-06T12:32:21+08:00][sql] SHOW FULL COLUMNS FROM `cmf_video_report` [ RunTime:0.001079s ]
[2024-12-06T12:32:21+08:00][sql] SELECT COUNT(*) AS think_count FROM `cmf_video_report` WHERE  ( status=0 ) LIMIT 1 [ RunTime:0.000323s ]
[2024-12-06T12:32:21+08:00][sql] SHOW FULL COLUMNS FROM `cmf_family` [ RunTime:0.001322s ]
[2024-12-06T12:32:21+08:00][sql] SELECT COUNT(*) AS think_count FROM `cmf_family` WHERE  ( state=0 ) LIMIT 1 [ RunTime:0.000409s ]
[2024-12-06T12:32:21+08:00][sql] SHOW FULL COLUMNS FROM `cmf_family_user_divide_apply` [ RunTime:0.001240s ]
[2024-12-06T12:32:21+08:00][sql] SELECT COUNT(*) AS think_count FROM `cmf_family_user_divide_apply` WHERE  ( status=0 ) LIMIT 1 [ RunTime:0.000435s ]
[2024-12-06T12:32:21+08:00][sql] SHOW FULL COLUMNS FROM `cmf_user_auth` [ RunTime:0.001304s ]
[2024-12-06T12:32:21+08:00][sql] SELECT COUNT(*) AS think_count FROM `cmf_user_auth` WHERE  ( status=0 ) LIMIT 1 [ RunTime:0.000409s ]
[2024-12-06T12:32:21+08:00][sql] CONNECT:[ UseTime:0.000631s ] mysql:host=127.0.0.1;port=3306;dbname=zhibo;charset=utf8mb4
[2024-12-06T12:32:21+08:00][sql] SHOW FULL COLUMNS FROM `cmf_hook` [ RunTime:0.001536s ]
[2024-12-06T12:32:21+08:00][sql] SELECT `hook`,`id` FROM `cmf_hook` WHERE  (  (  `app` = '' OR `app` = 'cmf' )  AND `type` = 3 ) OR `type` = 1 [ RunTime:0.000605s ]
[2024-12-06T12:32:21+08:00][sql] SHOW FULL COLUMNS FROM `cmf_hook_plugin` [ RunTime:0.001248s ]
[2024-12-06T12:32:21+08:00][sql] SELECT `hook`,`plugin` FROM `cmf_hook_plugin` WHERE  `status` = 1  AND `hook` IN ('app_begin','module_init','action_begin','view_filter','app_end','log_write','response_end','admin_init','home_init','send_mobile_verification_code','body_start','before_head_end','footer_start','before_footer','before_footer_end','before_body_end','left_sidebar_start','before_left_sidebar_end','right_sidebar_start','before_right_sidebar_end','comment','guestbook','switch_theme','after_content','before_content','log_write_done','switch_admin_theme','captcha_image') ORDER BY `list_order` ASC [ RunTime:0.000663s ]
[2024-12-06T12:32:21+08:00][sql] CONNECT:[ UseTime:0.000644s ] mysql:host=127.0.0.1;port=3306;dbname=zhibo;charset=utf8mb4
[2024-12-06T12:32:21+08:00][sql] SHOW FULL COLUMNS FROM `cmf_hook` [ RunTime:0.001627s ]
[2024-12-06T12:32:21+08:00][sql] SELECT `hook`,`id` FROM `cmf_hook` WHERE  (  (  `app` = '' OR `app` = 'cmf' )  AND `type` = 3 ) OR `type` = 1 [ RunTime:0.000732s ]
[2024-12-06T12:32:21+08:00][sql] SHOW FULL COLUMNS FROM `cmf_hook_plugin` [ RunTime:0.001379s ]
[2024-12-06T12:32:21+08:00][sql] SELECT `hook`,`plugin` FROM `cmf_hook_plugin` WHERE  `status` = 1  AND `hook` IN ('app_begin','module_init','action_begin','view_filter','app_end','log_write','response_end','admin_init','home_init','send_mobile_verification_code','body_start','before_head_end','footer_start','before_footer','before_footer_end','before_body_end','left_sidebar_start','before_left_sidebar_end','right_sidebar_start','before_right_sidebar_end','comment','guestbook','switch_theme','after_content','before_content','log_write_done','switch_admin_theme','captcha_image') ORDER BY `list_order` ASC [ RunTime:0.000779s ]
[2024-12-06T12:32:21+08:00][sql] SHOW FULL COLUMNS FROM `cmf_user` [ RunTime:0.001648s ]
[2024-12-06T12:32:21+08:00][sql] SELECT * FROM `cmf_user` WHERE  `id` = 1 LIMIT 1 [ RunTime:0.000737s ]
[2024-12-06T12:32:21+08:00][sql] SHOW FULL COLUMNS FROM `cmf_admin_menu` [ RunTime:0.001217s ]
[2024-12-06T12:32:21+08:00][sql] SELECT * FROM `cmf_admin_menu` ORDER BY `list_order` ASC [ RunTime:0.003347s ]
[2024-12-06T12:32:21+08:00][sql] CONNECT:[ UseTime:0.000661s ] mysql:host=127.0.0.1;port=3306;dbname=zhibo;charset=utf8mb4
[2024-12-06T12:32:21+08:00][sql] SHOW FULL COLUMNS FROM `cmf_hook` [ RunTime:0.001584s ]
[2024-12-06T12:32:21+08:00][sql] SELECT `hook`,`id` FROM `cmf_hook` WHERE  (  (  `app` = '' OR `app` = 'cmf' )  AND `type` = 3 ) OR `type` = 1 [ RunTime:0.000671s ]
[2024-12-06T12:32:21+08:00][sql] SHOW FULL COLUMNS FROM `cmf_hook_plugin` [ RunTime:0.001301s ]
[2024-12-06T12:32:21+08:00][sql] SELECT `hook`,`plugin` FROM `cmf_hook_plugin` WHERE  `status` = 1  AND `hook` IN ('app_begin','module_init','action_begin','view_filter','app_end','log_write','response_end','admin_init','home_init','send_mobile_verification_code','body_start','before_head_end','footer_start','before_footer','before_footer_end','before_body_end','left_sidebar_start','before_left_sidebar_end','right_sidebar_start','before_right_sidebar_end','comment','guestbook','switch_theme','after_content','before_content','log_write_done','switch_admin_theme','captcha_image') ORDER BY `list_order` ASC [ RunTime:0.000714s ]
[2024-12-06T12:32:29+08:00][sql] CONNECT:[ UseTime:0.000636s ] mysql:host=127.0.0.1;port=3306;dbname=zhibo;charset=utf8mb4
[2024-12-06T12:32:29+08:00][sql] SHOW FULL COLUMNS FROM `cmf_hook` [ RunTime:0.001618s ]
[2024-12-06T12:32:29+08:00][sql] SELECT `hook`,`id` FROM `cmf_hook` WHERE  (  (  `app` = '' OR `app` = 'cmf' )  AND `type` = 3 ) OR `type` = 1 [ RunTime:0.000640s ]
[2024-12-06T12:32:29+08:00][sql] SHOW FULL COLUMNS FROM `cmf_hook_plugin` [ RunTime:0.001370s ]
[2024-12-06T12:32:29+08:00][sql] SELECT `hook`,`plugin` FROM `cmf_hook_plugin` WHERE  `status` = 1  AND `hook` IN ('app_begin','module_init','action_begin','view_filter','app_end','log_write','response_end','admin_init','home_init','send_mobile_verification_code','body_start','before_head_end','footer_start','before_footer','before_footer_end','before_body_end','left_sidebar_start','before_left_sidebar_end','right_sidebar_start','before_right_sidebar_end','comment','guestbook','switch_theme','after_content','before_content','log_write_done','switch_admin_theme','captcha_image') ORDER BY `list_order` ASC [ RunTime:0.000719s ]
[2024-12-06T12:32:29+08:00][sql] CONNECT:[ UseTime:0.000634s ] mysql:host=127.0.0.1;port=3306;dbname=zhibo;charset=utf8mb4
[2024-12-06T12:32:29+08:00][sql] SHOW FULL COLUMNS FROM `cmf_hook` [ RunTime:0.001602s ]
[2024-12-06T12:32:29+08:00][sql] SELECT `hook`,`id` FROM `cmf_hook` WHERE  (  (  `app` = '' OR `app` = 'cmf' )  AND `type` = 3 ) OR `type` = 1 [ RunTime:0.000622s ]
[2024-12-06T12:32:29+08:00][sql] SHOW FULL COLUMNS FROM `cmf_hook_plugin` [ RunTime:0.001340s ]
[2024-12-06T12:32:29+08:00][sql] SELECT `hook`,`plugin` FROM `cmf_hook_plugin` WHERE  `status` = 1  AND `hook` IN ('app_begin','module_init','action_begin','view_filter','app_end','log_write','response_end','admin_init','home_init','send_mobile_verification_code','body_start','before_head_end','footer_start','before_footer','before_footer_end','before_body_end','left_sidebar_start','before_left_sidebar_end','right_sidebar_start','before_right_sidebar_end','comment','guestbook','switch_theme','after_content','before_content','log_write_done','switch_admin_theme','captcha_image') ORDER BY `list_order` ASC [ RunTime:0.000717s ]
[2024-12-06T12:48:45+08:00][sql] CONNECT:[ UseTime:0.000688s ] mysql:host=127.0.0.1;port=3306;dbname=zhibo;charset=utf8mb4
[2024-12-06T12:48:45+08:00][sql] SHOW FULL COLUMNS FROM `cmf_hook` [ RunTime:0.001479s ]
[2024-12-06T12:48:45+08:00][sql] SELECT `hook`,`id` FROM `cmf_hook` WHERE  (  (  `app` = '' OR `app` = 'cmf' )  AND `type` = 3 ) OR `type` = 1 [ RunTime:0.000626s ]
[2024-12-06T12:48:45+08:00][sql] SHOW FULL COLUMNS FROM `cmf_hook_plugin` [ RunTime:0.001221s ]
[2024-12-06T12:48:45+08:00][sql] SELECT `hook`,`plugin` FROM `cmf_hook_plugin` WHERE  `status` = 1  AND `hook` IN ('app_begin','module_init','action_begin','view_filter','app_end','log_write','response_end','admin_init','home_init','send_mobile_verification_code','body_start','before_head_end','footer_start','before_footer','before_footer_end','before_body_end','left_sidebar_start','before_left_sidebar_end','right_sidebar_start','before_right_sidebar_end','comment','guestbook','switch_theme','after_content','before_content','log_write_done','switch_admin_theme','captcha_image') ORDER BY `list_order` ASC [ RunTime:0.000685s ]
[2024-12-06T12:49:35+08:00][sql] CONNECT:[ UseTime:0.000676s ] mysql:host=127.0.0.1;port=3306;dbname=zhibo;charset=utf8mb4
[2024-12-06T12:49:35+08:00][sql] SHOW FULL COLUMNS FROM `cmf_hook` [ RunTime:0.001506s ]
[2024-12-06T12:49:35+08:00][sql] SELECT `hook`,`id` FROM `cmf_hook` WHERE  (  (  `app` = '' OR `app` = 'cmf' )  AND `type` = 3 ) OR `type` = 1 [ RunTime:0.000625s ]
[2024-12-06T12:49:35+08:00][sql] SHOW FULL COLUMNS FROM `cmf_hook_plugin` [ RunTime:0.001191s ]
[2024-12-06T12:49:35+08:00][sql] SELECT `hook`,`plugin` FROM `cmf_hook_plugin` WHERE  `status` = 1  AND `hook` IN ('app_begin','module_init','action_begin','view_filter','app_end','log_write','response_end','admin_init','home_init','send_mobile_verification_code','body_start','before_head_end','footer_start','before_footer','before_footer_end','before_body_end','left_sidebar_start','before_left_sidebar_end','right_sidebar_start','before_right_sidebar_end','comment','guestbook','switch_theme','after_content','before_content','log_write_done','switch_admin_theme','captcha_image') ORDER BY `list_order` ASC [ RunTime:0.000703s ]
[2024-12-06T12:49:35+08:00][sql] SHOW FULL COLUMNS FROM `cmf_user` [ RunTime:0.001898s ]
[2024-12-06T12:49:35+08:00][sql] SELECT * FROM `cmf_user` WHERE  `id` = 1 LIMIT 1 [ RunTime:0.000805s ]
[2024-12-06T12:49:35+08:00][sql] SHOW FULL COLUMNS FROM `cmf_article` [ RunTime:0.001327s ]
[2024-12-06T12:49:35+08:00][sql] SELECT COUNT(*) AS think_count FROM `cmf_article` LIMIT 1 [ RunTime:0.000335s ]
[2024-12-06T12:49:35+08:00][sql] CONNECT:[ UseTime:0.000535s ] mysql:host=127.0.0.1;port=3306;dbname=zhibo;charset=utf8mb4
[2024-12-06T12:49:35+08:00][sql] SHOW FULL COLUMNS FROM `cmf_hook` [ RunTime:0.001521s ]
[2024-12-06T12:49:35+08:00][sql] SELECT `hook`,`id` FROM `cmf_hook` WHERE  (  (  `app` = '' OR `app` = 'cmf' )  AND `type` = 3 ) OR `type` = 1 [ RunTime:0.000640s ]
[2024-12-06T12:49:35+08:00][sql] SHOW FULL COLUMNS FROM `cmf_hook_plugin` [ RunTime:0.001220s ]
[2024-12-06T12:49:35+08:00][sql] SELECT `hook`,`plugin` FROM `cmf_hook_plugin` WHERE  `status` = 1  AND `hook` IN ('app_begin','module_init','action_begin','view_filter','app_end','log_write','response_end','admin_init','home_init','send_mobile_verification_code','body_start','before_head_end','footer_start','before_footer','before_footer_end','before_body_end','left_sidebar_start','before_left_sidebar_end','right_sidebar_start','before_right_sidebar_end','comment','guestbook','switch_theme','after_content','before_content','log_write_done','switch_admin_theme','captcha_image') ORDER BY `list_order` ASC [ RunTime:0.000663s ]
[2024-12-06T12:49:37+08:00][sql] CONNECT:[ UseTime:0.000583s ] mysql:host=127.0.0.1;port=3306;dbname=zhibo;charset=utf8mb4
[2024-12-06T12:49:37+08:00][sql] SHOW FULL COLUMNS FROM `cmf_hook` [ RunTime:0.001570s ]
[2024-12-06T12:49:37+08:00][sql] SELECT `hook`,`id` FROM `cmf_hook` WHERE  (  (  `app` = '' OR `app` = 'cmf' )  AND `type` = 3 ) OR `type` = 1 [ RunTime:0.000633s ]
[2024-12-06T12:49:37+08:00][sql] SHOW FULL COLUMNS FROM `cmf_hook_plugin` [ RunTime:0.001283s ]
[2024-12-06T12:49:37+08:00][sql] SELECT `hook`,`plugin` FROM `cmf_hook_plugin` WHERE  `status` = 1  AND `hook` IN ('app_begin','module_init','action_begin','view_filter','app_end','log_write','response_end','admin_init','home_init','send_mobile_verification_code','body_start','before_head_end','footer_start','before_footer','before_footer_end','before_body_end','left_sidebar_start','before_left_sidebar_end','right_sidebar_start','before_right_sidebar_end','comment','guestbook','switch_theme','after_content','before_content','log_write_done','switch_admin_theme','captcha_image') ORDER BY `list_order` ASC [ RunTime:0.000744s ]
[2024-12-06T12:49:37+08:00][sql] SHOW FULL COLUMNS FROM `cmf_user` [ RunTime:0.001969s ]
[2024-12-06T12:49:37+08:00][sql] SELECT * FROM `cmf_user` WHERE  `id` = 1 LIMIT 1 [ RunTime:0.000862s ]
[2024-12-06T12:49:37+08:00][sql] CONNECT:[ UseTime:0.000636s ] mysql:host=127.0.0.1;port=3306;dbname=zhibo;charset=utf8mb4
[2024-12-06T12:49:37+08:00][sql] SHOW FULL COLUMNS FROM `cmf_hook` [ RunTime:0.001489s ]
[2024-12-06T12:49:37+08:00][sql] SELECT `hook`,`id` FROM `cmf_hook` WHERE  (  (  `app` = '' OR `app` = 'cmf' )  AND `type` = 3 ) OR `type` = 1 [ RunTime:0.000630s ]
[2024-12-06T12:49:37+08:00][sql] SHOW FULL COLUMNS FROM `cmf_hook_plugin` [ RunTime:0.001263s ]
[2024-12-06T12:49:37+08:00][sql] SELECT `hook`,`plugin` FROM `cmf_hook_plugin` WHERE  `status` = 1  AND `hook` IN ('app_begin','module_init','action_begin','view_filter','app_end','log_write','response_end','admin_init','home_init','send_mobile_verification_code','body_start','before_head_end','footer_start','before_footer','before_footer_end','before_body_end','left_sidebar_start','before_left_sidebar_end','right_sidebar_start','before_right_sidebar_end','comment','guestbook','switch_theme','after_content','before_content','log_write_done','switch_admin_theme','captcha_image') ORDER BY `list_order` ASC [ RunTime:0.000681s ]
[2024-12-06T12:49:41+08:00][sql] CONNECT:[ UseTime:0.000664s ] mysql:host=127.0.0.1;port=3306;dbname=zhibo;charset=utf8mb4
[2024-12-06T12:49:41+08:00][sql] SHOW FULL COLUMNS FROM `cmf_hook` [ RunTime:0.001518s ]
[2024-12-06T12:49:41+08:00][sql] SELECT `hook`,`id` FROM `cmf_hook` WHERE  (  (  `app` = '' OR `app` = 'cmf' )  AND `type` = 3 ) OR `type` = 1 [ RunTime:0.000600s ]
[2024-12-06T12:49:41+08:00][sql] SHOW FULL COLUMNS FROM `cmf_hook_plugin` [ RunTime:0.001222s ]
[2024-12-06T12:49:41+08:00][sql] SELECT `hook`,`plugin` FROM `cmf_hook_plugin` WHERE  `status` = 1  AND `hook` IN ('app_begin','module_init','action_begin','view_filter','app_end','log_write','response_end','admin_init','home_init','send_mobile_verification_code','body_start','before_head_end','footer_start','before_footer','before_footer_end','before_body_end','left_sidebar_start','before_left_sidebar_end','right_sidebar_start','before_right_sidebar_end','comment','guestbook','switch_theme','after_content','before_content','log_write_done','switch_admin_theme','captcha_image') ORDER BY `list_order` ASC [ RunTime:0.000675s ]
[2024-12-06T12:49:41+08:00][sql] SHOW FULL COLUMNS FROM `cmf_user` [ RunTime:0.001905s ]
[2024-12-06T12:49:41+08:00][sql] SELECT * FROM `cmf_user` WHERE  `id` = 1 LIMIT 1 [ RunTime:0.000806s ]
[2024-12-06T12:49:41+08:00][sql] SHOW FULL COLUMNS FROM `cmf_article` [ RunTime:0.001362s ]
[2024-12-06T12:49:41+08:00][sql] INSERT INTO `cmf_article` SET `article_name` = '1' , `content` = '享趣app正在不断迭代更新中，请大家及时关注版本更新' , `addtime` = 1733460581 [ RunTime:0.015062s ]
[2024-12-06T12:49:41+08:00][sql] SHOW FULL COLUMNS FROM `cmf_admin_log` [ RunTime:0.001453s ]
[2024-12-06T12:49:41+08:00][sql] INSERT INTO `cmf_admin_log` SET `adminid` = 1 , `admin` = 'admin' , `action` = '添加文章ID: 10' , `ip` = 3747110647 , `addtime` = 1733460581 [ RunTime:0.006370s ]
[2024-12-06T12:49:41+08:00][error] [10501]SQLSTATE[42S22]: Column not found: 1054 Unknown column 'article_name_en' in 'field list'[/www/wwwroot/xiangqu8.com/vendor/topthink/think-orm/src/db/PDOConnection.php:797]
[2024-12-06T12:49:42+08:00][sql] CONNECT:[ UseTime:0.000685s ] mysql:host=127.0.0.1;port=3306;dbname=zhibo;charset=utf8mb4
[2024-12-06T12:49:42+08:00][sql] SHOW FULL COLUMNS FROM `cmf_hook` [ RunTime:0.001563s ]
[2024-12-06T12:49:42+08:00][sql] SELECT `hook`,`id` FROM `cmf_hook` WHERE  (  (  `app` = '' OR `app` = 'cmf' )  AND `type` = 3 ) OR `type` = 1 [ RunTime:0.000644s ]
[2024-12-06T12:49:42+08:00][sql] SHOW FULL COLUMNS FROM `cmf_hook_plugin` [ RunTime:0.001254s ]
[2024-12-06T12:49:42+08:00][sql] SELECT `hook`,`plugin` FROM `cmf_hook_plugin` WHERE  `status` = 1  AND `hook` IN ('app_begin','module_init','action_begin','view_filter','app_end','log_write','response_end','admin_init','home_init','send_mobile_verification_code','body_start','before_head_end','footer_start','before_footer','before_footer_end','before_body_end','left_sidebar_start','before_left_sidebar_end','right_sidebar_start','before_right_sidebar_end','comment','guestbook','switch_theme','after_content','before_content','log_write_done','switch_admin_theme','captcha_image') ORDER BY `list_order` ASC [ RunTime:0.000674s ]
[2024-12-06T12:49:42+08:00][sql] SHOW FULL COLUMNS FROM `cmf_user` [ RunTime:0.001924s ]
[2024-12-06T12:49:42+08:00][sql] SELECT * FROM `cmf_user` WHERE  `id` = 1 LIMIT 1 [ RunTime:0.000866s ]
[2024-12-06T12:49:42+08:00][sql] CONNECT:[ UseTime:0.000639s ] mysql:host=127.0.0.1;port=3306;dbname=zhibo;charset=utf8mb4
[2024-12-06T12:49:42+08:00][sql] SHOW FULL COLUMNS FROM `cmf_hook` [ RunTime:0.001537s ]
[2024-12-06T12:49:42+08:00][sql] SELECT `hook`,`id` FROM `cmf_hook` WHERE  (  (  `app` = '' OR `app` = 'cmf' )  AND `type` = 3 ) OR `type` = 1 [ RunTime:0.000606s ]
[2024-12-06T12:49:42+08:00][sql] SHOW FULL COLUMNS FROM `cmf_hook_plugin` [ RunTime:0.001269s ]
[2024-12-06T12:49:42+08:00][sql] SELECT `hook`,`plugin` FROM `cmf_hook_plugin` WHERE  `status` = 1  AND `hook` IN ('app_begin','module_init','action_begin','view_filter','app_end','log_write','response_end','admin_init','home_init','send_mobile_verification_code','body_start','before_head_end','footer_start','before_footer','before_footer_end','before_body_end','left_sidebar_start','before_left_sidebar_end','right_sidebar_start','before_right_sidebar_end','comment','guestbook','switch_theme','after_content','before_content','log_write_done','switch_admin_theme','captcha_image') ORDER BY `list_order` ASC [ RunTime:0.000701s ]
[2024-12-06T12:49:50+08:00][sql] CONNECT:[ UseTime:0.000674s ] mysql:host=127.0.0.1;port=3306;dbname=zhibo;charset=utf8mb4
[2024-12-06T12:49:50+08:00][sql] SHOW FULL COLUMNS FROM `cmf_hook` [ RunTime:0.001574s ]
[2024-12-06T12:49:50+08:00][sql] SELECT `hook`,`id` FROM `cmf_hook` WHERE  (  (  `app` = '' OR `app` = 'cmf' )  AND `type` = 3 ) OR `type` = 1 [ RunTime:0.000707s ]
[2024-12-06T12:49:50+08:00][sql] SHOW FULL COLUMNS FROM `cmf_hook_plugin` [ RunTime:0.001348s ]
[2024-12-06T12:49:50+08:00][sql] SELECT `hook`,`plugin` FROM `cmf_hook_plugin` WHERE  `status` = 1  AND `hook` IN ('app_begin','module_init','action_begin','view_filter','app_end','log_write','response_end','admin_init','home_init','send_mobile_verification_code','body_start','before_head_end','footer_start','before_footer','before_footer_end','before_body_end','left_sidebar_start','before_left_sidebar_end','right_sidebar_start','before_right_sidebar_end','comment','guestbook','switch_theme','after_content','before_content','log_write_done','switch_admin_theme','captcha_image') ORDER BY `list_order` ASC [ RunTime:0.000747s ]
[2024-12-06T12:49:50+08:00][sql] SHOW FULL COLUMNS FROM `cmf_user` [ RunTime:0.001915s ]
[2024-12-06T12:49:50+08:00][sql] SELECT * FROM `cmf_user` WHERE  `id` = 1 LIMIT 1 [ RunTime:0.000868s ]
[2024-12-06T12:49:50+08:00][sql] SHOW FULL COLUMNS FROM `cmf_article` [ RunTime:0.001417s ]
[2024-12-06T12:49:50+08:00][sql] INSERT INTO `cmf_article` SET `article_name` = '1' , `content` = '享趣app正在不断迭代更新中，请大家及时关注版本更新' , `addtime` = 1733460590 [ RunTime:0.007065s ]
[2024-12-06T12:49:50+08:00][sql] SHOW FULL COLUMNS FROM `cmf_admin_log` [ RunTime:0.001548s ]
[2024-12-06T12:49:50+08:00][sql] INSERT INTO `cmf_admin_log` SET `adminid` = 1 , `admin` = 'admin' , `action` = '添加文章ID: 11' , `ip` = 3747110647 , `addtime` = 1733460590 [ RunTime:0.008366s ]
[2024-12-06T12:49:50+08:00][error] [10501]SQLSTATE[42S22]: Column not found: 1054 Unknown column 'article_name_en' in 'field list'[/www/wwwroot/xiangqu8.com/vendor/topthink/think-orm/src/db/PDOConnection.php:797]
[2024-12-06T12:49:54+08:00][sql] CONNECT:[ UseTime:0.000685s ] mysql:host=127.0.0.1;port=3306;dbname=zhibo;charset=utf8mb4
[2024-12-06T12:49:54+08:00][sql] SHOW FULL COLUMNS FROM `cmf_hook` [ RunTime:0.001543s ]
[2024-12-06T12:49:54+08:00][sql] SELECT `hook`,`id` FROM `cmf_hook` WHERE  (  (  `app` = '' OR `app` = 'cmf' )  AND `type` = 3 ) OR `type` = 1 [ RunTime:0.000632s ]
[2024-12-06T12:49:54+08:00][sql] SHOW FULL COLUMNS FROM `cmf_hook_plugin` [ RunTime:0.001249s ]
[2024-12-06T12:49:54+08:00][sql] SELECT `hook`,`plugin` FROM `cmf_hook_plugin` WHERE  `status` = 1  AND `hook` IN ('app_begin','module_init','action_begin','view_filter','app_end','log_write','response_end','admin_init','home_init','send_mobile_verification_code','body_start','before_head_end','footer_start','before_footer','before_footer_end','before_body_end','left_sidebar_start','before_left_sidebar_end','right_sidebar_start','before_right_sidebar_end','comment','guestbook','switch_theme','after_content','before_content','log_write_done','switch_admin_theme','captcha_image') ORDER BY `list_order` ASC [ RunTime:0.000742s ]
[2024-12-06T12:49:54+08:00][sql] SHOW FULL COLUMNS FROM `cmf_user` [ RunTime:0.001929s ]
[2024-12-06T12:49:54+08:00][sql] SELECT * FROM `cmf_user` WHERE  `id` = 1 LIMIT 1 [ RunTime:0.000826s ]
[2024-12-06T12:49:54+08:00][sql] CONNECT:[ UseTime:0.000669s ] mysql:host=127.0.0.1;port=3306;dbname=zhibo;charset=utf8mb4
[2024-12-06T12:49:54+08:00][sql] SHOW FULL COLUMNS FROM `cmf_hook` [ RunTime:0.001512s ]
[2024-12-06T12:49:54+08:00][sql] SELECT `hook`,`id` FROM `cmf_hook` WHERE  (  (  `app` = '' OR `app` = 'cmf' )  AND `type` = 3 ) OR `type` = 1 [ RunTime:0.000637s ]
[2024-12-06T12:49:54+08:00][sql] SHOW FULL COLUMNS FROM `cmf_hook_plugin` [ RunTime:0.001270s ]
[2024-12-06T12:49:54+08:00][sql] SELECT `hook`,`plugin` FROM `cmf_hook_plugin` WHERE  `status` = 1  AND `hook` IN ('app_begin','module_init','action_begin','view_filter','app_end','log_write','response_end','admin_init','home_init','send_mobile_verification_code','body_start','before_head_end','footer_start','before_footer','before_footer_end','before_body_end','left_sidebar_start','before_left_sidebar_end','right_sidebar_start','before_right_sidebar_end','comment','guestbook','switch_theme','after_content','before_content','log_write_done','switch_admin_theme','captcha_image') ORDER BY `list_order` ASC [ RunTime:0.000730s ]
[2024-12-06T12:51:16+08:00][sql] CONNECT:[ UseTime:0.000657s ] mysql:host=127.0.0.1;port=3306;dbname=zhibo;charset=utf8mb4
[2024-12-06T12:51:16+08:00][sql] SHOW FULL COLUMNS FROM `cmf_hook` [ RunTime:0.001518s ]
[2024-12-06T12:51:16+08:00][sql] SELECT `hook`,`id` FROM `cmf_hook` WHERE  (  (  `app` = '' OR `app` = 'cmf' )  AND `type` = 3 ) OR `type` = 1 [ RunTime:0.000616s ]
[2024-12-06T12:51:16+08:00][sql] SHOW FULL COLUMNS FROM `cmf_hook_plugin` [ RunTime:0.001327s ]
[2024-12-06T12:51:16+08:00][sql] SELECT `hook`,`plugin` FROM `cmf_hook_plugin` WHERE  `status` = 1  AND `hook` IN ('app_begin','module_init','action_begin','view_filter','app_end','log_write','response_end','admin_init','home_init','send_mobile_verification_code','body_start','before_head_end','footer_start','before_footer','before_footer_end','before_body_end','left_sidebar_start','before_left_sidebar_end','right_sidebar_start','before_right_sidebar_end','comment','guestbook','switch_theme','after_content','before_content','log_write_done','switch_admin_theme','captcha_image') ORDER BY `list_order` ASC [ RunTime:0.000683s ]
[2024-12-06T12:51:16+08:00][sql] SHOW FULL COLUMNS FROM `cmf_user` [ RunTime:0.001869s ]
[2024-12-06T12:51:16+08:00][sql] SELECT * FROM `cmf_user` WHERE  `id` = 1 LIMIT 1 [ RunTime:0.000809s ]
[2024-12-06T12:51:16+08:00][sql] SHOW FULL COLUMNS FROM `cmf_article` [ RunTime:0.001376s ]
[2024-12-06T12:51:16+08:00][sql] INSERT INTO `cmf_article` SET `article_name` = '1' , `content` = '享趣app正在不断迭代更新中，请大家及时关注版本更新' , `addtime` = 1733460676 [ RunTime:0.007776s ]
[2024-12-06T12:51:16+08:00][sql] SHOW FULL COLUMNS FROM `cmf_admin_log` [ RunTime:0.001476s ]
[2024-12-06T12:51:16+08:00][sql] INSERT INTO `cmf_admin_log` SET `adminid` = 1 , `admin` = 'admin' , `action` = '添加文章ID: 12' , `ip` = 3747110647 , `addtime` = 1733460676 [ RunTime:0.006342s ]
[2024-12-06T12:51:16+08:00][error] [10501]SQLSTATE[42S22]: Column not found: 1054 Unknown column 'article_name_en' in 'field list'[/www/wwwroot/xiangqu8.com/vendor/topthink/think-orm/src/db/PDOConnection.php:797]
[2024-12-06T12:51:18+08:00][sql] CONNECT:[ UseTime:0.000677s ] mysql:host=127.0.0.1;port=3306;dbname=zhibo;charset=utf8mb4
[2024-12-06T12:51:18+08:00][sql] SHOW FULL COLUMNS FROM `cmf_hook` [ RunTime:0.001688s ]
[2024-12-06T12:51:18+08:00][sql] SELECT `hook`,`id` FROM `cmf_hook` WHERE  (  (  `app` = '' OR `app` = 'cmf' )  AND `type` = 3 ) OR `type` = 1 [ RunTime:0.000745s ]
[2024-12-06T12:51:18+08:00][sql] SHOW FULL COLUMNS FROM `cmf_hook_plugin` [ RunTime:0.001396s ]
[2024-12-06T12:51:18+08:00][sql] SELECT `hook`,`plugin` FROM `cmf_hook_plugin` WHERE  `status` = 1  AND `hook` IN ('app_begin','module_init','action_begin','view_filter','app_end','log_write','response_end','admin_init','home_init','send_mobile_verification_code','body_start','before_head_end','footer_start','before_footer','before_footer_end','before_body_end','left_sidebar_start','before_left_sidebar_end','right_sidebar_start','before_right_sidebar_end','comment','guestbook','switch_theme','after_content','before_content','log_write_done','switch_admin_theme','captcha_image') ORDER BY `list_order` ASC [ RunTime:0.000755s ]
[2024-12-06T12:51:18+08:00][sql] SHOW FULL COLUMNS FROM `cmf_user` [ RunTime:0.001931s ]
[2024-12-06T12:51:18+08:00][sql] SELECT * FROM `cmf_user` WHERE  `id` = 1 LIMIT 1 [ RunTime:0.000853s ]
[2024-12-06T12:51:18+08:00][sql] CONNECT:[ UseTime:0.000650s ] mysql:host=127.0.0.1;port=3306;dbname=zhibo;charset=utf8mb4
[2024-12-06T12:51:18+08:00][sql] SHOW FULL COLUMNS FROM `cmf_hook` [ RunTime:0.001566s ]
[2024-12-06T12:51:18+08:00][sql] SELECT `hook`,`id` FROM `cmf_hook` WHERE  (  (  `app` = '' OR `app` = 'cmf' )  AND `type` = 3 ) OR `type` = 1 [ RunTime:0.000615s ]
[2024-12-06T12:51:18+08:00][sql] SHOW FULL COLUMNS FROM `cmf_hook_plugin` [ RunTime:0.001215s ]
[2024-12-06T12:51:18+08:00][sql] SELECT `hook`,`plugin` FROM `cmf_hook_plugin` WHERE  `status` = 1  AND `hook` IN ('app_begin','module_init','action_begin','view_filter','app_end','log_write','response_end','admin_init','home_init','send_mobile_verification_code','body_start','before_head_end','footer_start','before_footer','before_footer_end','before_body_end','left_sidebar_start','before_left_sidebar_end','right_sidebar_start','before_right_sidebar_end','comment','guestbook','switch_theme','after_content','before_content','log_write_done','switch_admin_theme','captcha_image') ORDER BY `list_order` ASC [ RunTime:0.000667s ]
[2024-12-06T12:53:07+08:00][sql] CONNECT:[ UseTime:0.000635s ] mysql:host=127.0.0.1;port=3306;dbname=zhibo;charset=utf8mb4
[2024-12-06T12:53:07+08:00][sql] SHOW FULL COLUMNS FROM `cmf_hook` [ RunTime:0.001569s ]
[2024-12-06T12:53:07+08:00][sql] SELECT `hook`,`id` FROM `cmf_hook` WHERE  (  (  `app` = '' OR `app` = 'cmf' )  AND `type` = 3 ) OR `type` = 1 [ RunTime:0.000634s ]
[2024-12-06T12:53:07+08:00][sql] SHOW FULL COLUMNS FROM `cmf_hook_plugin` [ RunTime:0.001313s ]
[2024-12-06T12:53:07+08:00][sql] SELECT `hook`,`plugin` FROM `cmf_hook_plugin` WHERE  `status` = 1  AND `hook` IN ('app_begin','module_init','action_begin','view_filter','app_end','log_write','response_end','admin_init','home_init','send_mobile_verification_code','body_start','before_head_end','footer_start','before_footer','before_footer_end','before_body_end','left_sidebar_start','before_left_sidebar_end','right_sidebar_start','before_right_sidebar_end','comment','guestbook','switch_theme','after_content','before_content','log_write_done','switch_admin_theme','captcha_image') ORDER BY `list_order` ASC [ RunTime:0.000758s ]
[2024-12-06T12:53:07+08:00][sql] SHOW FULL COLUMNS FROM `cmf_user` [ RunTime:0.001887s ]
[2024-12-06T12:53:07+08:00][sql] SELECT * FROM `cmf_user` WHERE  `id` = 1 LIMIT 1 [ RunTime:0.000807s ]
[2024-12-06T12:53:07+08:00][sql] SHOW FULL COLUMNS FROM `cmf_admin_menu` [ RunTime:0.001608s ]
[2024-12-06T12:53:07+08:00][sql] SELECT * FROM `cmf_admin_menu` ORDER BY `app` ASC,`controller` ASC,`action` ASC [ RunTime:0.003961s ]
[2024-12-06T12:53:08+08:00][sql] CONNECT:[ UseTime:0.000564s ] mysql:host=127.0.0.1;port=3306;dbname=zhibo;charset=utf8mb4
[2024-12-06T12:53:08+08:00][sql] SHOW FULL COLUMNS FROM `cmf_hook` [ RunTime:0.001440s ]
[2024-12-06T12:53:08+08:00][sql] SELECT `hook`,`id` FROM `cmf_hook` WHERE  (  (  `app` = '' OR `app` = 'cmf' )  AND `type` = 3 ) OR `type` = 1 [ RunTime:0.000591s ]
[2024-12-06T12:53:08+08:00][sql] SHOW FULL COLUMNS FROM `cmf_hook_plugin` [ RunTime:0.001192s ]
[2024-12-06T12:53:08+08:00][sql] SELECT `hook`,`plugin` FROM `cmf_hook_plugin` WHERE  `status` = 1  AND `hook` IN ('app_begin','module_init','action_begin','view_filter','app_end','log_write','response_end','admin_init','home_init','send_mobile_verification_code','body_start','before_head_end','footer_start','before_footer','before_footer_end','before_body_end','left_sidebar_start','before_left_sidebar_end','right_sidebar_start','before_right_sidebar_end','comment','guestbook','switch_theme','after_content','before_content','log_write_done','switch_admin_theme','captcha_image') ORDER BY `list_order` ASC [ RunTime:0.000633s ]
[2024-12-06T12:53:08+08:00][sql] SHOW FULL COLUMNS FROM `cmf_user` [ RunTime:0.001577s ]
[2024-12-06T12:53:08+08:00][sql] SELECT * FROM `cmf_user` WHERE  `id` = 1 LIMIT 1 [ RunTime:0.000818s ]
[2024-12-06T12:53:08+08:00][sql] SHOW FULL COLUMNS FROM `cmf_article` [ RunTime:0.001318s ]
[2024-12-06T12:53:08+08:00][sql] SELECT COUNT(*) AS think_count FROM `cmf_article` LIMIT 1 [ RunTime:0.000328s ]
[2024-12-06T12:53:08+08:00][sql] SELECT * FROM `cmf_article` ORDER BY `list_order` ASC,`id` DESC LIMIT 0,20 [ RunTime:0.000376s ]
[2024-12-06T12:53:08+08:00][error] [8]未定义数组索引: admin[/www/wwwroot/xiangqu8.com/data/runtime/temp/255d6d0c4121496c01529132590bf29f.php:183]
[2024-12-06T12:53:08+08:00][sql] CONNECT:[ UseTime:0.000650s ] mysql:host=127.0.0.1;port=3306;dbname=zhibo;charset=utf8mb4
[2024-12-06T12:53:08+08:00][sql] SHOW FULL COLUMNS FROM `cmf_hook` [ RunTime:0.001545s ]
[2024-12-06T12:53:08+08:00][sql] SELECT `hook`,`id` FROM `cmf_hook` WHERE  (  (  `app` = '' OR `app` = 'cmf' )  AND `type` = 3 ) OR `type` = 1 [ RunTime:0.000658s ]
[2024-12-06T12:53:08+08:00][sql] SHOW FULL COLUMNS FROM `cmf_hook_plugin` [ RunTime:0.001303s ]
[2024-12-06T12:53:08+08:00][sql] SELECT `hook`,`plugin` FROM `cmf_hook_plugin` WHERE  `status` = 1  AND `hook` IN ('app_begin','module_init','action_begin','view_filter','app_end','log_write','response_end','admin_init','home_init','send_mobile_verification_code','body_start','before_head_end','footer_start','before_footer','before_footer_end','before_body_end','left_sidebar_start','before_left_sidebar_end','right_sidebar_start','before_right_sidebar_end','comment','guestbook','switch_theme','after_content','before_content','log_write_done','switch_admin_theme','captcha_image') ORDER BY `list_order` ASC [ RunTime:0.000685s ]
[2024-12-06T12:53:08+08:00][sql] SHOW FULL COLUMNS FROM `cmf_user` [ RunTime:0.001960s ]
[2024-12-06T12:53:08+08:00][sql] SELECT * FROM `cmf_user` WHERE  `id` = 1 LIMIT 1 [ RunTime:0.000826s ]
[2024-12-06T12:53:08+08:00][sql] SELECT COUNT(*) AS think_count FROM `cmf_user` WHERE  ( user_type=2 ) LIMIT 1 [ RunTime:0.000477s ]
[2024-12-06T12:53:08+08:00][sql] SELECT count(id) as nums,source FROM `cmf_user` WHERE  ( user_type=2 ) GROUP BY `source` [ RunTime:0.000614s ]
[2024-12-06T12:53:08+08:00][sql] SELECT count(id) as nums,login_type FROM `cmf_user` WHERE  ( user_type=2 ) GROUP BY `login_type` ORDER BY `nums` DESC [ RunTime:0.000397s ]
[2024-12-06T12:53:08+08:00][sql] SELECT COUNT(*) AS think_count FROM `cmf_user` WHERE  ( user_type=2 ) LIMIT 1 [ RunTime:0.000299s ]
[2024-12-06T12:53:08+08:00][sql] SHOW FULL COLUMNS FROM `cmf_live` [ RunTime:0.001513s ]
[2024-12-06T12:53:08+08:00][sql] SELECT COUNT(*) AS think_count FROM `cmf_live` WHERE  ( islive=1 ) LIMIT 1 [ RunTime:0.000425s ]
[2024-12-06T12:53:08+08:00][sql] select sum(endtime - starttime) as times from cmf_live_record [ RunTime:0.000364s ]
[2024-12-06T12:53:08+08:00][sql] SHOW FULL COLUMNS FROM `cmf_live_record` [ RunTime:0.001419s ]
[2024-12-06T12:53:08+08:00][sql] SELECT COUNT(*) AS think_count FROM ( SELECT count(*) AS think_count FROM `cmf_live_record` WHERE  ( starttime >= 1733414400 and starttime<1733500800 ) GROUP BY `uid` ) `_group_count_` LIMIT 1 [ RunTime:0.000563s ]
[2024-12-06T12:53:08+08:00][sql] SELECT COUNT(*) AS think_count FROM `cmf_live_record` WHERE  ( starttime >= 1733414400 and starttime<1733500800 ) LIMIT 1 [ RunTime:0.000327s ]
[2024-12-06T12:53:08+08:00][sql] select sum(endtime - starttime) as times from cmf_live_record where starttime >= 1733414400 and starttime<1733500800 [ RunTime:0.000341s ]
[2024-12-06T12:53:08+08:00][sql] SELECT `id`,`user_nickname`,`avatar`,`avatar_thumb`,`votestotal` FROM `cmf_user` WHERE  ( user_type=2 ) ORDER BY `votestotal` DESC LIMIT 0,3 [ RunTime:0.000429s ]
[2024-12-06T12:53:08+08:00][sql] SELECT `id`,`user_nickname`,`avatar`,`avatar_thumb`,`consumption` FROM `cmf_user` WHERE  ( user_type=2 ) ORDER BY `consumption` DESC LIMIT 0,3 [ RunTime:0.000559s ]
[2024-12-06T12:53:08+08:00][sql] SHOW FULL COLUMNS FROM `cmf_charge_user` [ RunTime:0.001538s ]
[2024-12-06T12:53:08+08:00][sql] SELECT SUM(`money`) AS think_sum FROM `cmf_charge_user` WHERE  ( status=1 ) LIMIT 1 [ RunTime:0.000442s ]
[2024-12-06T12:53:08+08:00][sql] SELECT SUM(`money`) AS think_sum FROM `cmf_charge_user` WHERE  ( status=1 and addtime>=1733414400 and addtime<1733500800 ) LIMIT 1 [ RunTime:0.000319s ]
[2024-12-06T12:53:08+08:00][sql] SELECT SUM(`money`) AS think_sum FROM `cmf_charge_user` WHERE  ( status=1 and type=1 and addtime>=1733414400 and addtime<1733500800 ) LIMIT 1 [ RunTime:0.000310s ]
[2024-12-06T12:53:08+08:00][sql] SELECT SUM(`money`) AS think_sum FROM `cmf_charge_user` WHERE  ( status=1 and type=2 and addtime>=1733414400 and addtime<1733500800 ) LIMIT 1 [ RunTime:0.000289s ]
[2024-12-06T12:53:08+08:00][sql] SELECT SUM(`money`) AS think_sum FROM `cmf_charge_user` WHERE  ( status=1 and type=3 and addtime>=1733414400 and addtime<1733500800 ) LIMIT 1 [ RunTime:0.000293s ]
[2024-12-06T12:53:08+08:00][sql] SHOW FULL COLUMNS FROM `cmf_cash_record` [ RunTime:0.001396s ]
[2024-12-06T12:53:08+08:00][sql] SELECT SUM(`money`) AS think_sum FROM `cmf_cash_record` WHERE  ( status=0 and addtime>=1733414400 and addtime<1733500800 ) LIMIT 1 [ RunTime:0.000370s ]
[2024-12-06T12:53:08+08:00][sql] SELECT SUM(`money`) AS think_sum FROM `cmf_cash_record` WHERE  ( status=1 and addtime>=1733414400 and addtime<1733500800 ) LIMIT 1 [ RunTime:0.000303s ]
[2024-12-06T12:53:08+08:00][sql] SELECT COUNT(*) AS think_count FROM ( SELECT count(*) AS think_count FROM `cmf_cash_record` WHERE  ( addtime>=1733414400 and addtime<1733500800 ) GROUP BY `uid` ) `_group_count_` LIMIT 1 [ RunTime:0.000441s ]
[2024-12-06T12:53:08+08:00][sql] SELECT SUM(`money`) AS think_sum FROM `cmf_cash_record` WHERE  ( status=1 ) LIMIT 1 [ RunTime:0.000299s ]
[2024-12-06T12:53:08+08:00][sql] SHOW FULL COLUMNS FROM `cmf_shop_apply` [ RunTime:0.001527s ]
[2024-12-06T12:53:08+08:00][sql] SELECT COUNT(*) AS think_count FROM `cmf_shop_apply` WHERE  ( status=0 ) LIMIT 1 [ RunTime:0.000423s ]
[2024-12-06T12:53:08+08:00][sql] SHOW FULL COLUMNS FROM `cmf_shop_goods` [ RunTime:0.001416s ]
[2024-12-06T12:53:08+08:00][sql] SELECT COUNT(*) AS think_count FROM `cmf_shop_goods` WHERE  ( status=0 ) LIMIT 1 [ RunTime:0.000417s ]
[2024-12-06T12:53:08+08:00][sql] SHOW FULL COLUMNS FROM `cmf_shop_order_refund` [ RunTime:0.001340s ]
[2024-12-06T12:53:08+08:00][sql] SELECT COUNT(*) AS think_count FROM `cmf_shop_order_refund` WHERE  ( is_platform_interpose=1 and platform_result=0 ) LIMIT 1 [ RunTime:0.000458s ]
[2024-12-06T12:53:08+08:00][sql] SHOW FULL COLUMNS FROM `cmf_paidprogram` [ RunTime:0.001248s ]
[2024-12-06T12:53:08+08:00][sql] SELECT COUNT(*) AS think_count FROM `cmf_paidprogram` WHERE  ( status=0 ) LIMIT 1 [ RunTime:0.000358s ]
[2024-12-06T12:53:08+08:00][sql] SHOW FULL COLUMNS FROM `cmf_paidprogram_apply` [ RunTime:0.001185s ]
[2024-12-06T12:53:08+08:00][sql] SELECT COUNT(*) AS think_count FROM `cmf_paidprogram_apply` WHERE  ( status=0 ) LIMIT 1 [ RunTime:0.000359s ]
[2024-12-06T12:53:08+08:00][sql] SHOW FULL COLUMNS FROM `cmf_report` [ RunTime:0.001052s ]
[2024-12-06T12:53:08+08:00][sql] SELECT COUNT(*) AS think_count FROM `cmf_report` WHERE  ( status=0 ) LIMIT 1 [ RunTime:0.000367s ]
[2024-12-06T12:53:08+08:00][sql] SHOW FULL COLUMNS FROM `cmf_dynamic` [ RunTime:0.001276s ]
[2024-12-06T12:53:08+08:00][sql] SELECT COUNT(*) AS think_count FROM `cmf_dynamic` WHERE  ( isdel=0 and status=0 ) LIMIT 1 [ RunTime:0.000409s ]
[2024-12-06T12:53:08+08:00][sql] SHOW FULL COLUMNS FROM `cmf_dynamic_report` [ RunTime:0.001215s ]
[2024-12-06T12:53:08+08:00][sql] SELECT COUNT(*) AS think_count FROM `cmf_dynamic_report` WHERE  ( status=0 ) LIMIT 1 [ RunTime:0.000351s ]
[2024-12-06T12:53:08+08:00][sql] SHOW FULL COLUMNS FROM `cmf_video` [ RunTime:0.001269s ]
[2024-12-06T12:53:08+08:00][sql] SELECT COUNT(*) AS think_count FROM `cmf_video` WHERE  ( isdel=0 and status=0 ) LIMIT 1 [ RunTime:0.000435s ]
[2024-12-06T12:53:08+08:00][sql] SHOW FULL COLUMNS FROM `cmf_video_report` [ RunTime:0.001171s ]
[2024-12-06T12:53:08+08:00][sql] SELECT COUNT(*) AS think_count FROM `cmf_video_report` WHERE  ( status=0 ) LIMIT 1 [ RunTime:0.000337s ]
[2024-12-06T12:53:08+08:00][sql] SHOW FULL COLUMNS FROM `cmf_family` [ RunTime:0.001158s ]
[2024-12-06T12:53:08+08:00][sql] SELECT COUNT(*) AS think_count FROM `cmf_family` WHERE  ( state=0 ) LIMIT 1 [ RunTime:0.000337s ]
[2024-12-06T12:53:08+08:00][sql] SHOW FULL COLUMNS FROM `cmf_family_user_divide_apply` [ RunTime:0.001124s ]
[2024-12-06T12:53:08+08:00][sql] SELECT COUNT(*) AS think_count FROM `cmf_family_user_divide_apply` WHERE  ( status=0 ) LIMIT 1 [ RunTime:0.000343s ]
[2024-12-06T12:53:08+08:00][sql] SHOW FULL COLUMNS FROM `cmf_user_auth` [ RunTime:0.001198s ]
[2024-12-06T12:53:08+08:00][sql] SELECT COUNT(*) AS think_count FROM `cmf_user_auth` WHERE  ( status=0 ) LIMIT 1 [ RunTime:0.000346s ]
[2024-12-06T12:53:08+08:00][sql] CONNECT:[ UseTime:0.000665s ] mysql:host=127.0.0.1;port=3306;dbname=zhibo;charset=utf8mb4
[2024-12-06T12:53:08+08:00][sql] SHOW FULL COLUMNS FROM `cmf_hook` [ RunTime:0.001520s ]
[2024-12-06T12:53:08+08:00][sql] SELECT `hook`,`id` FROM `cmf_hook` WHERE  (  (  `app` = '' OR `app` = 'cmf' )  AND `type` = 3 ) OR `type` = 1 [ RunTime:0.000593s ]
[2024-12-06T12:53:08+08:00][sql] SHOW FULL COLUMNS FROM `cmf_hook_plugin` [ RunTime:0.001220s ]
[2024-12-06T12:53:08+08:00][sql] SELECT `hook`,`plugin` FROM `cmf_hook_plugin` WHERE  `status` = 1  AND `hook` IN ('app_begin','module_init','action_begin','view_filter','app_end','log_write','response_end','admin_init','home_init','send_mobile_verification_code','body_start','before_head_end','footer_start','before_footer','before_footer_end','before_body_end','left_sidebar_start','before_left_sidebar_end','right_sidebar_start','before_right_sidebar_end','comment','guestbook','switch_theme','after_content','before_content','log_write_done','switch_admin_theme','captcha_image') ORDER BY `list_order` ASC [ RunTime:0.000653s ]
[2024-12-06T12:54:41+08:00][sql] CONNECT:[ UseTime:0.000648s ] mysql:host=127.0.0.1;port=3306;dbname=zhibo;charset=utf8mb4
[2024-12-06T12:54:41+08:00][sql] SHOW FULL COLUMNS FROM `cmf_hook` [ RunTime:0.001499s ]
[2024-12-06T12:54:41+08:00][sql] SELECT `hook`,`id` FROM `cmf_hook` WHERE  (  (  `app` = '' OR `app` = 'cmf' )  AND `type` = 3 ) OR `type` = 1 [ RunTime:0.000607s ]
[2024-12-06T12:54:41+08:00][sql] SHOW FULL COLUMNS FROM `cmf_hook_plugin` [ RunTime:0.001201s ]
[2024-12-06T12:54:41+08:00][sql] SELECT `hook`,`plugin` FROM `cmf_hook_plugin` WHERE  `status` = 1  AND `hook` IN ('app_begin','module_init','action_begin','view_filter','app_end','log_write','response_end','admin_init','home_init','send_mobile_verification_code','body_start','before_head_end','footer_start','before_footer','before_footer_end','before_body_end','left_sidebar_start','before_left_sidebar_end','right_sidebar_start','before_right_sidebar_end','comment','guestbook','switch_theme','after_content','before_content','log_write_done','switch_admin_theme','captcha_image') ORDER BY `list_order` ASC [ RunTime:0.000675s ]
[2024-12-06T12:54:41+08:00][sql] SHOW FULL COLUMNS FROM `cmf_user` [ RunTime:0.001990s ]
[2024-12-06T12:54:41+08:00][sql] SELECT * FROM `cmf_user` WHERE  `id` = 1 LIMIT 1 [ RunTime:0.000819s ]
[2024-12-06T12:54:41+08:00][sql] SHOW FULL COLUMNS FROM `cmf_admin_menu` [ RunTime:0.001551s ]
[2024-12-06T12:54:41+08:00][sql] SELECT * FROM `cmf_admin_menu` ORDER BY `app` ASC,`controller` ASC,`action` ASC [ RunTime:0.004573s ]
[2024-12-06T12:54:41+08:00][sql] CONNECT:[ UseTime:0.000651s ] mysql:host=127.0.0.1;port=3306;dbname=zhibo;charset=utf8mb4
[2024-12-06T12:54:41+08:00][sql] SHOW FULL COLUMNS FROM `cmf_hook` [ RunTime:0.001558s ]
[2024-12-06T12:54:41+08:00][sql] SELECT `hook`,`id` FROM `cmf_hook` WHERE  (  (  `app` = '' OR `app` = 'cmf' )  AND `type` = 3 ) OR `type` = 1 [ RunTime:0.000640s ]
[2024-12-06T12:54:41+08:00][sql] SHOW FULL COLUMNS FROM `cmf_hook_plugin` [ RunTime:0.001236s ]
[2024-12-06T12:54:41+08:00][sql] SELECT `hook`,`plugin` FROM `cmf_hook_plugin` WHERE  `status` = 1  AND `hook` IN ('app_begin','module_init','action_begin','view_filter','app_end','log_write','response_end','admin_init','home_init','send_mobile_verification_code','body_start','before_head_end','footer_start','before_footer','before_footer_end','before_body_end','left_sidebar_start','before_left_sidebar_end','right_sidebar_start','before_right_sidebar_end','comment','guestbook','switch_theme','after_content','before_content','log_write_done','switch_admin_theme','captcha_image') ORDER BY `list_order` ASC [ RunTime:0.000748s ]
[2024-12-06T12:54:41+08:00][sql] SHOW FULL COLUMNS FROM `cmf_user` [ RunTime:0.001961s ]
[2024-12-06T12:54:41+08:00][sql] SELECT * FROM `cmf_user` WHERE  `id` = 1 LIMIT 1 [ RunTime:0.000830s ]
[2024-12-06T12:54:41+08:00][sql] SELECT COUNT(*) AS think_count FROM `cmf_user` WHERE  ( user_type=2 ) LIMIT 1 [ RunTime:0.000489s ]
[2024-12-06T12:54:41+08:00][sql] SELECT count(id) as nums,source FROM `cmf_user` WHERE  ( user_type=2 ) GROUP BY `source` [ RunTime:0.000547s ]
[2024-12-06T12:54:41+08:00][sql] SELECT count(id) as nums,login_type FROM `cmf_user` WHERE  ( user_type=2 ) GROUP BY `login_type` ORDER BY `nums` DESC [ RunTime:0.000435s ]
[2024-12-06T12:54:41+08:00][sql] SELECT COUNT(*) AS think_count FROM `cmf_user` WHERE  ( user_type=2 ) LIMIT 1 [ RunTime:0.000306s ]
[2024-12-06T12:54:41+08:00][sql] SHOW FULL COLUMNS FROM `cmf_live` [ RunTime:0.001689s ]
[2024-12-06T12:54:41+08:00][sql] SELECT COUNT(*) AS think_count FROM `cmf_live` WHERE  ( islive=1 ) LIMIT 1 [ RunTime:0.000477s ]
[2024-12-06T12:54:41+08:00][sql] select sum(endtime - starttime) as times from cmf_live_record [ RunTime:0.000341s ]
[2024-12-06T12:54:41+08:00][sql] SHOW FULL COLUMNS FROM `cmf_live_record` [ RunTime:0.001523s ]
[2024-12-06T12:54:41+08:00][sql] SELECT COUNT(*) AS think_count FROM ( SELECT count(*) AS think_count FROM `cmf_live_record` WHERE  ( starttime >= 1733414400 and starttime<1733500800 ) GROUP BY `uid` ) `_group_count_` LIMIT 1 [ RunTime:0.000611s ]
[2024-12-06T12:54:41+08:00][sql] SELECT COUNT(*) AS think_count FROM `cmf_live_record` WHERE  ( starttime >= 1733414400 and starttime<1733500800 ) LIMIT 1 [ RunTime:0.000349s ]
[2024-12-06T12:54:41+08:00][sql] select sum(endtime - starttime) as times from cmf_live_record where starttime >= 1733414400 and starttime<1733500800 [ RunTime:0.000339s ]
[2024-12-06T12:54:41+08:00][sql] SELECT `id`,`user_nickname`,`avatar`,`avatar_thumb`,`votestotal` FROM `cmf_user` WHERE  ( user_type=2 ) ORDER BY `votestotal` DESC LIMIT 0,3 [ RunTime:0.000417s ]
[2024-12-06T12:54:41+08:00][sql] SELECT `id`,`user_nickname`,`avatar`,`avatar_thumb`,`consumption` FROM `cmf_user` WHERE  ( user_type=2 ) ORDER BY `consumption` DESC LIMIT 0,3 [ RunTime:0.000596s ]
[2024-12-06T12:54:41+08:00][sql] SHOW FULL COLUMNS FROM `cmf_charge_user` [ RunTime:0.001538s ]
[2024-12-06T12:54:41+08:00][sql] SELECT SUM(`money`) AS think_sum FROM `cmf_charge_user` WHERE  ( status=1 ) LIMIT 1 [ RunTime:0.000415s ]
[2024-12-06T12:54:41+08:00][sql] SELECT SUM(`money`) AS think_sum FROM `cmf_charge_user` WHERE  ( status=1 and addtime>=1733414400 and addtime<1733500800 ) LIMIT 1 [ RunTime:0.000357s ]
[2024-12-06T12:54:41+08:00][sql] SELECT SUM(`money`) AS think_sum FROM `cmf_charge_user` WHERE  ( status=1 and type=1 and addtime>=1733414400 and addtime<1733500800 ) LIMIT 1 [ RunTime:0.000295s ]
[2024-12-06T12:54:41+08:00][sql] SELECT SUM(`money`) AS think_sum FROM `cmf_charge_user` WHERE  ( status=1 and type=2 and addtime>=1733414400 and addtime<1733500800 ) LIMIT 1 [ RunTime:0.000298s ]
[2024-12-06T12:54:41+08:00][sql] SELECT SUM(`money`) AS think_sum FROM `cmf_charge_user` WHERE  ( status=1 and type=3 and addtime>=1733414400 and addtime<1733500800 ) LIMIT 1 [ RunTime:0.000275s ]
[2024-12-06T12:54:41+08:00][sql] SHOW FULL COLUMNS FROM `cmf_cash_record` [ RunTime:0.001249s ]
[2024-12-06T12:54:41+08:00][sql] SELECT SUM(`money`) AS think_sum FROM `cmf_cash_record` WHERE  ( status=0 and addtime>=1733414400 and addtime<1733500800 ) LIMIT 1 [ RunTime:0.000359s ]
[2024-12-06T12:54:41+08:00][sql] SELECT SUM(`money`) AS think_sum FROM `cmf_cash_record` WHERE  ( status=1 and addtime>=1733414400 and addtime<1733500800 ) LIMIT 1 [ RunTime:0.000296s ]
[2024-12-06T12:54:41+08:00][sql] SELECT COUNT(*) AS think_count FROM ( SELECT count(*) AS think_count FROM `cmf_cash_record` WHERE  ( addtime>=1733414400 and addtime<1733500800 ) GROUP BY `uid` ) `_group_count_` LIMIT 1 [ RunTime:0.000455s ]
[2024-12-06T12:54:41+08:00][sql] SELECT SUM(`money`) AS think_sum FROM `cmf_cash_record` WHERE  ( status=1 ) LIMIT 1 [ RunTime:0.000284s ]
[2024-12-06T12:54:41+08:00][sql] SHOW FULL COLUMNS FROM `cmf_shop_apply` [ RunTime:0.001327s ]
[2024-12-06T12:54:41+08:00][sql] SELECT COUNT(*) AS think_count FROM `cmf_shop_apply` WHERE  ( status=0 ) LIMIT 1 [ RunTime:0.000393s ]
[2024-12-06T12:54:41+08:00][sql] SHOW FULL COLUMNS FROM `cmf_shop_goods` [ RunTime:0.001411s ]
[2024-12-06T12:54:41+08:00][sql] SELECT COUNT(*) AS think_count FROM `cmf_shop_goods` WHERE  ( status=0 ) LIMIT 1 [ RunTime:0.000427s ]
[2024-12-06T12:54:41+08:00][sql] SHOW FULL COLUMNS FROM `cmf_shop_order_refund` [ RunTime:0.001421s ]
[2024-12-06T12:54:41+08:00][sql] SELECT COUNT(*) AS think_count FROM `cmf_shop_order_refund` WHERE  ( is_platform_interpose=1 and platform_result=0 ) LIMIT 1 [ RunTime:0.000432s ]
[2024-12-06T12:54:41+08:00][sql] SHOW FULL COLUMNS FROM `cmf_paidprogram` [ RunTime:0.001283s ]
[2024-12-06T12:54:41+08:00][sql] SELECT COUNT(*) AS think_count FROM `cmf_paidprogram` WHERE  ( status=0 ) LIMIT 1 [ RunTime:0.000384s ]
[2024-12-06T12:54:41+08:00][sql] SHOW FULL COLUMNS FROM `cmf_paidprogram_apply` [ RunTime:0.001190s ]
[2024-12-06T12:54:41+08:00][sql] SELECT COUNT(*) AS think_count FROM `cmf_paidprogram_apply` WHERE  ( status=0 ) LIMIT 1 [ RunTime:0.000389s ]
[2024-12-06T12:54:41+08:00][sql] SHOW FULL COLUMNS FROM `cmf_report` [ RunTime:0.001060s ]
[2024-12-06T12:54:41+08:00][sql] SELECT COUNT(*) AS think_count FROM `cmf_report` WHERE  ( status=0 ) LIMIT 1 [ RunTime:0.000353s ]
[2024-12-06T12:54:41+08:00][sql] SHOW FULL COLUMNS FROM `cmf_dynamic` [ RunTime:0.001322s ]
[2024-12-06T12:54:41+08:00][sql] SELECT COUNT(*) AS think_count FROM `cmf_dynamic` WHERE  ( isdel=0 and status=0 ) LIMIT 1 [ RunTime:0.000425s ]
[2024-12-06T12:54:41+08:00][sql] SHOW FULL COLUMNS FROM `cmf_dynamic_report` [ RunTime:0.001228s ]
[2024-12-06T12:54:41+08:00][sql] SELECT COUNT(*) AS think_count FROM `cmf_dynamic_report` WHERE  ( status=0 ) LIMIT 1 [ RunTime:0.000369s ]
[2024-12-06T12:54:41+08:00][sql] SHOW FULL COLUMNS FROM `cmf_video` [ RunTime:0.001309s ]
[2024-12-06T12:54:41+08:00][sql] SELECT COUNT(*) AS think_count FROM `cmf_video` WHERE  ( isdel=0 and status=0 ) LIMIT 1 [ RunTime:0.000444s ]
[2024-12-06T12:54:41+08:00][sql] SHOW FULL COLUMNS FROM `cmf_video_report` [ RunTime:0.001182s ]
[2024-12-06T12:54:41+08:00][sql] SELECT COUNT(*) AS think_count FROM `cmf_video_report` WHERE  ( status=0 ) LIMIT 1 [ RunTime:0.000403s ]
[2024-12-06T12:54:41+08:00][sql] SHOW FULL COLUMNS FROM `cmf_family` [ RunTime:0.001168s ]
[2024-12-06T12:54:41+08:00][sql] SELECT COUNT(*) AS think_count FROM `cmf_family` WHERE  ( state=0 ) LIMIT 1 [ RunTime:0.000399s ]
[2024-12-06T12:54:41+08:00][sql] SHOW FULL COLUMNS FROM `cmf_family_user_divide_apply` [ RunTime:0.001210s ]
[2024-12-06T12:54:41+08:00][sql] SELECT COUNT(*) AS think_count FROM `cmf_family_user_divide_apply` WHERE  ( status=0 ) LIMIT 1 [ RunTime:0.000359s ]
[2024-12-06T12:54:41+08:00][sql] SHOW FULL COLUMNS FROM `cmf_user_auth` [ RunTime:0.001121s ]
[2024-12-06T12:54:41+08:00][sql] SELECT COUNT(*) AS think_count FROM `cmf_user_auth` WHERE  ( status=0 ) LIMIT 1 [ RunTime:0.000388s ]
[2024-12-06T12:54:41+08:00][sql] CONNECT:[ UseTime:0.000531s ] mysql:host=127.0.0.1;port=3306;dbname=zhibo;charset=utf8mb4
[2024-12-06T12:54:41+08:00][sql] SHOW FULL COLUMNS FROM `cmf_hook` [ RunTime:0.001437s ]
[2024-12-06T12:54:41+08:00][sql] SELECT `hook`,`id` FROM `cmf_hook` WHERE  (  (  `app` = '' OR `app` = 'cmf' )  AND `type` = 3 ) OR `type` = 1 [ RunTime:0.000536s ]
[2024-12-06T12:54:41+08:00][sql] SHOW FULL COLUMNS FROM `cmf_hook_plugin` [ RunTime:0.001280s ]
[2024-12-06T12:54:41+08:00][sql] SELECT `hook`,`plugin` FROM `cmf_hook_plugin` WHERE  `status` = 1  AND `hook` IN ('app_begin','module_init','action_begin','view_filter','app_end','log_write','response_end','admin_init','home_init','send_mobile_verification_code','body_start','before_head_end','footer_start','before_footer','before_footer_end','before_body_end','left_sidebar_start','before_left_sidebar_end','right_sidebar_start','before_right_sidebar_end','comment','guestbook','switch_theme','after_content','before_content','log_write_done','switch_admin_theme','captcha_image') ORDER BY `list_order` ASC [ RunTime:0.000652s ]
[2024-12-06T12:54:41+08:00][sql] SHOW FULL COLUMNS FROM `cmf_user` [ RunTime:0.001953s ]
[2024-12-06T12:54:41+08:00][sql] SELECT * FROM `cmf_user` WHERE  `id` = 1 LIMIT 1 [ RunTime:0.000822s ]
[2024-12-06T12:54:41+08:00][sql] SHOW FULL COLUMNS FROM `cmf_article` [ RunTime:0.001370s ]
[2024-12-06T12:54:41+08:00][sql] SELECT COUNT(*) AS think_count FROM `cmf_article` LIMIT 1 [ RunTime:0.000342s ]
[2024-12-06T12:54:41+08:00][sql] SELECT * FROM `cmf_article` ORDER BY `list_order` ASC,`id` DESC LIMIT 0,20 [ RunTime:0.000356s ]
[2024-12-06T12:54:41+08:00][sql] CONNECT:[ UseTime:0.000638s ] mysql:host=127.0.0.1;port=3306;dbname=zhibo;charset=utf8mb4
[2024-12-06T12:54:41+08:00][sql] SHOW FULL COLUMNS FROM `cmf_hook` [ RunTime:0.001546s ]
[2024-12-06T12:54:41+08:00][sql] SELECT `hook`,`id` FROM `cmf_hook` WHERE  (  (  `app` = '' OR `app` = 'cmf' )  AND `type` = 3 ) OR `type` = 1 [ RunTime:0.000650s ]
[2024-12-06T12:54:41+08:00][sql] SHOW FULL COLUMNS FROM `cmf_hook_plugin` [ RunTime:0.001265s ]
[2024-12-06T12:54:41+08:00][sql] SELECT `hook`,`plugin` FROM `cmf_hook_plugin` WHERE  `status` = 1  AND `hook` IN ('app_begin','module_init','action_begin','view_filter','app_end','log_write','response_end','admin_init','home_init','send_mobile_verification_code','body_start','before_head_end','footer_start','before_footer','before_footer_end','before_body_end','left_sidebar_start','before_left_sidebar_end','right_sidebar_start','before_right_sidebar_end','comment','guestbook','switch_theme','after_content','before_content','log_write_done','switch_admin_theme','captcha_image') ORDER BY `list_order` ASC [ RunTime:0.000703s ]
[2024-12-06T12:54:42+08:00][sql] CONNECT:[ UseTime:0.000624s ] mysql:host=127.0.0.1;port=3306;dbname=zhibo;charset=utf8mb4
[2024-12-06T12:54:42+08:00][sql] SHOW FULL COLUMNS FROM `cmf_hook` [ RunTime:0.001535s ]
[2024-12-06T12:54:42+08:00][sql] SELECT `hook`,`id` FROM `cmf_hook` WHERE  (  (  `app` = '' OR `app` = 'cmf' )  AND `type` = 3 ) OR `type` = 1 [ RunTime:0.000644s ]
[2024-12-06T12:54:42+08:00][sql] SHOW FULL COLUMNS FROM `cmf_hook_plugin` [ RunTime:0.001280s ]
[2024-12-06T12:54:42+08:00][sql] SELECT `hook`,`plugin` FROM `cmf_hook_plugin` WHERE  `status` = 1  AND `hook` IN ('app_begin','module_init','action_begin','view_filter','app_end','log_write','response_end','admin_init','home_init','send_mobile_verification_code','body_start','before_head_end','footer_start','before_footer','before_footer_end','before_body_end','left_sidebar_start','before_left_sidebar_end','right_sidebar_start','before_right_sidebar_end','comment','guestbook','switch_theme','after_content','before_content','log_write_done','switch_admin_theme','captcha_image') ORDER BY `list_order` ASC [ RunTime:0.000681s ]
[2024-12-06T12:55:38+08:00][sql] CONNECT:[ UseTime:0.000630s ] mysql:host=127.0.0.1;port=3306;dbname=zhibo;charset=utf8mb4
[2024-12-06T12:55:38+08:00][sql] SHOW FULL COLUMNS FROM `cmf_hook` [ RunTime:0.001526s ]
[2024-12-06T12:55:38+08:00][sql] SELECT `hook`,`id` FROM `cmf_hook` WHERE  (  (  `app` = '' OR `app` = 'cmf' )  AND `type` = 3 ) OR `type` = 1 [ RunTime:0.000623s ]
[2024-12-06T12:55:38+08:00][sql] SHOW FULL COLUMNS FROM `cmf_hook_plugin` [ RunTime:0.001304s ]
[2024-12-06T12:55:38+08:00][sql] SELECT `hook`,`plugin` FROM `cmf_hook_plugin` WHERE  `status` = 1  AND `hook` IN ('app_begin','module_init','action_begin','view_filter','app_end','log_write','response_end','admin_init','home_init','send_mobile_verification_code','body_start','before_head_end','footer_start','before_footer','before_footer_end','before_body_end','left_sidebar_start','before_left_sidebar_end','right_sidebar_start','before_right_sidebar_end','comment','guestbook','switch_theme','after_content','before_content','log_write_done','switch_admin_theme','captcha_image') ORDER BY `list_order` ASC [ RunTime:0.000677s ]
[2024-12-06T12:55:38+08:00][sql] SHOW FULL COLUMNS FROM `cmf_user` [ RunTime:0.001945s ]
[2024-12-06T12:55:38+08:00][sql] SELECT * FROM `cmf_user` WHERE  `id` = 1 LIMIT 1 [ RunTime:0.000858s ]
[2024-12-06T12:55:38+08:00][sql] SHOW FULL COLUMNS FROM `cmf_admin_menu` [ RunTime:0.001578s ]
[2024-12-06T12:55:38+08:00][sql] SELECT * FROM `cmf_admin_menu` ORDER BY `app` ASC,`controller` ASC,`action` ASC [ RunTime:0.004524s ]
[2024-12-06T12:55:39+08:00][sql] CONNECT:[ UseTime:0.000642s ] mysql:host=127.0.0.1;port=3306;dbname=zhibo;charset=utf8mb4
[2024-12-06T12:55:39+08:00][sql] SHOW FULL COLUMNS FROM `cmf_hook` [ RunTime:0.001544s ]
[2024-12-06T12:55:39+08:00][sql] SELECT `hook`,`id` FROM `cmf_hook` WHERE  (  (  `app` = '' OR `app` = 'cmf' )  AND `type` = 3 ) OR `type` = 1 [ RunTime:0.000635s ]
[2024-12-06T12:55:39+08:00][sql] SHOW FULL COLUMNS FROM `cmf_hook_plugin` [ RunTime:0.001237s ]
[2024-12-06T12:55:39+08:00][sql] SELECT `hook`,`plugin` FROM `cmf_hook_plugin` WHERE  `status` = 1  AND `hook` IN ('app_begin','module_init','action_begin','view_filter','app_end','log_write','response_end','admin_init','home_init','send_mobile_verification_code','body_start','before_head_end','footer_start','before_footer','before_footer_end','before_body_end','left_sidebar_start','before_left_sidebar_end','right_sidebar_start','before_right_sidebar_end','comment','guestbook','switch_theme','after_content','before_content','log_write_done','switch_admin_theme','captcha_image') ORDER BY `list_order` ASC [ RunTime:0.000717s ]
[2024-12-06T12:55:39+08:00][sql] SHOW FULL COLUMNS FROM `cmf_user` [ RunTime:0.001987s ]
[2024-12-06T12:55:39+08:00][sql] SELECT * FROM `cmf_user` WHERE  `id` = 1 LIMIT 1 [ RunTime:0.000869s ]
[2024-12-06T12:55:39+08:00][sql] SELECT COUNT(*) AS think_count FROM `cmf_user` WHERE  ( user_type=2 ) LIMIT 1 [ RunTime:0.000397s ]
[2024-12-06T12:55:39+08:00][sql] SELECT count(id) as nums,source FROM `cmf_user` WHERE  ( user_type=2 ) GROUP BY `source` [ RunTime:0.000453s ]
[2024-12-06T12:55:39+08:00][sql] SELECT count(id) as nums,login_type FROM `cmf_user` WHERE  ( user_type=2 ) GROUP BY `login_type` ORDER BY `nums` DESC [ RunTime:0.000385s ]
[2024-12-06T12:55:39+08:00][sql] SELECT COUNT(*) AS think_count FROM `cmf_user` WHERE  ( user_type=2 ) LIMIT 1 [ RunTime:0.000326s ]
[2024-12-06T12:55:39+08:00][sql] SHOW FULL COLUMNS FROM `cmf_live` [ RunTime:0.001438s ]
[2024-12-06T12:55:39+08:00][sql] SELECT COUNT(*) AS think_count FROM `cmf_live` WHERE  ( islive=1 ) LIMIT 1 [ RunTime:0.000430s ]
[2024-12-06T12:55:39+08:00][sql] select sum(endtime - starttime) as times from cmf_live_record [ RunTime:0.000337s ]
[2024-12-06T12:55:39+08:00][sql] SHOW FULL COLUMNS FROM `cmf_live_record` [ RunTime:0.001592s ]
[2024-12-06T12:55:39+08:00][sql] SELECT COUNT(*) AS think_count FROM ( SELECT count(*) AS think_count FROM `cmf_live_record` WHERE  ( starttime >= 1733414400 and starttime<1733500800 ) GROUP BY `uid` ) `_group_count_` LIMIT 1 [ RunTime:0.000580s ]
[2024-12-06T12:55:39+08:00][sql] SELECT COUNT(*) AS think_count FROM `cmf_live_record` WHERE  ( starttime >= 1733414400 and starttime<1733500800 ) LIMIT 1 [ RunTime:0.000333s ]
[2024-12-06T12:55:39+08:00][sql] select sum(endtime - starttime) as times from cmf_live_record where starttime >= 1733414400 and starttime<1733500800 [ RunTime:0.000342s ]
[2024-12-06T12:55:39+08:00][sql] SELECT `id`,`user_nickname`,`avatar`,`avatar_thumb`,`votestotal` FROM `cmf_user` WHERE  ( user_type=2 ) ORDER BY `votestotal` DESC LIMIT 0,3 [ RunTime:0.000408s ]
[2024-12-06T12:55:39+08:00][sql] SELECT `id`,`user_nickname`,`avatar`,`avatar_thumb`,`consumption` FROM `cmf_user` WHERE  ( user_type=2 ) ORDER BY `consumption` DESC LIMIT 0,3 [ RunTime:0.000550s ]
[2024-12-06T12:55:39+08:00][sql] SHOW FULL COLUMNS FROM `cmf_charge_user` [ RunTime:0.001527s ]
[2024-12-06T12:55:39+08:00][sql] SELECT SUM(`money`) AS think_sum FROM `cmf_charge_user` WHERE  ( status=1 ) LIMIT 1 [ RunTime:0.000407s ]
[2024-12-06T12:55:39+08:00][sql] SELECT SUM(`money`) AS think_sum FROM `cmf_charge_user` WHERE  ( status=1 and addtime>=1733414400 and addtime<1733500800 ) LIMIT 1 [ RunTime:0.000317s ]
[2024-12-06T12:55:39+08:00][sql] SELECT SUM(`money`) AS think_sum FROM `cmf_charge_user` WHERE  ( status=1 and type=1 and addtime>=1733414400 and addtime<1733500800 ) LIMIT 1 [ RunTime:0.000305s ]
[2024-12-06T12:55:39+08:00][sql] SELECT SUM(`money`) AS think_sum FROM `cmf_charge_user` WHERE  ( status=1 and type=2 and addtime>=1733414400 and addtime<1733500800 ) LIMIT 1 [ RunTime:0.000282s ]
[2024-12-06T12:55:39+08:00][sql] SELECT SUM(`money`) AS think_sum FROM `cmf_charge_user` WHERE  ( status=1 and type=3 and addtime>=1733414400 and addtime<1733500800 ) LIMIT 1 [ RunTime:0.000307s ]
[2024-12-06T12:55:39+08:00][sql] SHOW FULL COLUMNS FROM `cmf_cash_record` [ RunTime:0.001419s ]
[2024-12-06T12:55:39+08:00][sql] SELECT SUM(`money`) AS think_sum FROM `cmf_cash_record` WHERE  ( status=0 and addtime>=1733414400 and addtime<1733500800 ) LIMIT 1 [ RunTime:0.000372s ]
[2024-12-06T12:55:39+08:00][sql] SELECT SUM(`money`) AS think_sum FROM `cmf_cash_record` WHERE  ( status=1 and addtime>=1733414400 and addtime<1733500800 ) LIMIT 1 [ RunTime:0.000318s ]
[2024-12-06T12:55:39+08:00][sql] SELECT COUNT(*) AS think_count FROM ( SELECT count(*) AS think_count FROM `cmf_cash_record` WHERE  ( addtime>=1733414400 and addtime<1733500800 ) GROUP BY `uid` ) `_group_count_` LIMIT 1 [ RunTime:0.000425s ]
[2024-12-06T12:55:39+08:00][sql] SELECT SUM(`money`) AS think_sum FROM `cmf_cash_record` WHERE  ( status=1 ) LIMIT 1 [ RunTime:0.000298s ]
[2024-12-06T12:55:39+08:00][sql] SHOW FULL COLUMNS FROM `cmf_shop_apply` [ RunTime:0.001576s ]
[2024-12-06T12:55:39+08:00][sql] SELECT COUNT(*) AS think_count FROM `cmf_shop_apply` WHERE  ( status=0 ) LIMIT 1 [ RunTime:0.000419s ]
[2024-12-06T12:55:39+08:00][sql] SHOW FULL COLUMNS FROM `cmf_shop_goods` [ RunTime:0.001442s ]
[2024-12-06T12:55:39+08:00][sql] SELECT COUNT(*) AS think_count FROM `cmf_shop_goods` WHERE  ( status=0 ) LIMIT 1 [ RunTime:0.000447s ]
[2024-12-06T12:55:39+08:00][sql] SHOW FULL COLUMNS FROM `cmf_shop_order_refund` [ RunTime:0.001410s ]
[2024-12-06T12:55:39+08:00][sql] SELECT COUNT(*) AS think_count FROM `cmf_shop_order_refund` WHERE  ( is_platform_interpose=1 and platform_result=0 ) LIMIT 1 [ RunTime:0.000412s ]
[2024-12-06T12:55:39+08:00][sql] SHOW FULL COLUMNS FROM `cmf_paidprogram` [ RunTime:0.001208s ]
[2024-12-06T12:55:39+08:00][sql] SELECT COUNT(*) AS think_count FROM `cmf_paidprogram` WHERE  ( status=0 ) LIMIT 1 [ RunTime:0.000370s ]
[2024-12-06T12:55:39+08:00][sql] SHOW FULL COLUMNS FROM `cmf_paidprogram_apply` [ RunTime:0.001107s ]
[2024-12-06T12:55:39+08:00][sql] SELECT COUNT(*) AS think_count FROM `cmf_paidprogram_apply` WHERE  ( status=0 ) LIMIT 1 [ RunTime:0.000331s ]
[2024-12-06T12:55:39+08:00][sql] SHOW FULL COLUMNS FROM `cmf_report` [ RunTime:0.001091s ]
[2024-12-06T12:55:39+08:00][sql] SELECT COUNT(*) AS think_count FROM `cmf_report` WHERE  ( status=0 ) LIMIT 1 [ RunTime:0.000345s ]
[2024-12-06T12:55:39+08:00][sql] SHOW FULL COLUMNS FROM `cmf_dynamic` [ RunTime:0.001359s ]
[2024-12-06T12:55:39+08:00][sql] SELECT COUNT(*) AS think_count FROM `cmf_dynamic` WHERE  ( isdel=0 and status=0 ) LIMIT 1 [ RunTime:0.000414s ]
[2024-12-06T12:55:39+08:00][sql] SHOW FULL COLUMNS FROM `cmf_dynamic_report` [ RunTime:0.001180s ]
[2024-12-06T12:55:39+08:00][sql] SELECT COUNT(*) AS think_count FROM `cmf_dynamic_report` WHERE  ( status=0 ) LIMIT 1 [ RunTime:0.000369s ]
[2024-12-06T12:55:39+08:00][sql] SHOW FULL COLUMNS FROM `cmf_video` [ RunTime:0.001375s ]
[2024-12-06T12:55:39+08:00][sql] SELECT COUNT(*) AS think_count FROM `cmf_video` WHERE  ( isdel=0 and status=0 ) LIMIT 1 [ RunTime:0.000398s ]
[2024-12-06T12:55:39+08:00][sql] SHOW FULL COLUMNS FROM `cmf_video_report` [ RunTime:0.001209s ]
[2024-12-06T12:55:39+08:00][sql] SELECT COUNT(*) AS think_count FROM `cmf_video_report` WHERE  ( status=0 ) LIMIT 1 [ RunTime:0.000337s ]
[2024-12-06T12:55:39+08:00][sql] SHOW FULL COLUMNS FROM `cmf_family` [ RunTime:0.001139s ]
[2024-12-06T12:55:39+08:00][sql] SELECT COUNT(*) AS think_count FROM `cmf_family` WHERE  ( state=0 ) LIMIT 1 [ RunTime:0.000387s ]
[2024-12-06T12:55:39+08:00][sql] SHOW FULL COLUMNS FROM `cmf_family_user_divide_apply` [ RunTime:0.001202s ]
[2024-12-06T12:55:39+08:00][sql] SELECT COUNT(*) AS think_count FROM `cmf_family_user_divide_apply` WHERE  ( status=0 ) LIMIT 1 [ RunTime:0.000349s ]
[2024-12-06T12:55:39+08:00][sql] SHOW FULL COLUMNS FROM `cmf_user_auth` [ RunTime:0.001170s ]
[2024-12-06T12:55:39+08:00][sql] SELECT COUNT(*) AS think_count FROM `cmf_user_auth` WHERE  ( status=0 ) LIMIT 1 [ RunTime:0.000326s ]
[2024-12-06T12:55:39+08:00][sql] CONNECT:[ UseTime:0.000516s ] mysql:host=127.0.0.1;port=3306;dbname=zhibo;charset=utf8mb4
[2024-12-06T12:55:39+08:00][sql] SHOW FULL COLUMNS FROM `cmf_hook` [ RunTime:0.001337s ]
[2024-12-06T12:55:39+08:00][sql] SELECT `hook`,`id` FROM `cmf_hook` WHERE  (  (  `app` = '' OR `app` = 'cmf' )  AND `type` = 3 ) OR `type` = 1 [ RunTime:0.000592s ]
[2024-12-06T12:55:39+08:00][sql] SHOW FULL COLUMNS FROM `cmf_hook_plugin` [ RunTime:0.001310s ]
[2024-12-06T12:55:39+08:00][sql] SELECT `hook`,`plugin` FROM `cmf_hook_plugin` WHERE  `status` = 1  AND `hook` IN ('app_begin','module_init','action_begin','view_filter','app_end','log_write','response_end','admin_init','home_init','send_mobile_verification_code','body_start','before_head_end','footer_start','before_footer','before_footer_end','before_body_end','left_sidebar_start','before_left_sidebar_end','right_sidebar_start','before_right_sidebar_end','comment','guestbook','switch_theme','after_content','before_content','log_write_done','switch_admin_theme','captcha_image') ORDER BY `list_order` ASC [ RunTime:0.000621s ]
[2024-12-06T12:55:39+08:00][sql] SHOW FULL COLUMNS FROM `cmf_user` [ RunTime:0.001661s ]
[2024-12-06T12:55:39+08:00][sql] SELECT * FROM `cmf_user` WHERE  `id` = 1 LIMIT 1 [ RunTime:0.000746s ]
[2024-12-06T12:55:39+08:00][sql] SHOW FULL COLUMNS FROM `cmf_article` [ RunTime:0.001303s ]
[2024-12-06T12:55:39+08:00][sql] SELECT COUNT(*) AS think_count FROM `cmf_article` LIMIT 1 [ RunTime:0.000351s ]
[2024-12-06T12:55:39+08:00][sql] SELECT * FROM `cmf_article` ORDER BY `list_order` ASC,`id` DESC LIMIT 0,20 [ RunTime:0.000367s ]
[2024-12-06T12:55:39+08:00][sql] CONNECT:[ UseTime:0.000682s ] mysql:host=127.0.0.1;port=3306;dbname=zhibo;charset=utf8mb4
[2024-12-06T12:55:39+08:00][sql] SHOW FULL COLUMNS FROM `cmf_hook` [ RunTime:0.001509s ]
[2024-12-06T12:55:39+08:00][sql] SELECT `hook`,`id` FROM `cmf_hook` WHERE  (  (  `app` = '' OR `app` = 'cmf' )  AND `type` = 3 ) OR `type` = 1 [ RunTime:0.000644s ]
[2024-12-06T12:55:39+08:00][sql] SHOW FULL COLUMNS FROM `cmf_hook_plugin` [ RunTime:0.001211s ]
[2024-12-06T12:55:39+08:00][sql] SELECT `hook`,`plugin` FROM `cmf_hook_plugin` WHERE  `status` = 1  AND `hook` IN ('app_begin','module_init','action_begin','view_filter','app_end','log_write','response_end','admin_init','home_init','send_mobile_verification_code','body_start','before_head_end','footer_start','before_footer','before_footer_end','before_body_end','left_sidebar_start','before_left_sidebar_end','right_sidebar_start','before_right_sidebar_end','comment','guestbook','switch_theme','after_content','before_content','log_write_done','switch_admin_theme','captcha_image') ORDER BY `list_order` ASC [ RunTime:0.000721s ]
[2024-12-06T12:55:39+08:00][sql] CONNECT:[ UseTime:0.000686s ] mysql:host=127.0.0.1;port=3306;dbname=zhibo;charset=utf8mb4
[2024-12-06T12:55:39+08:00][sql] SHOW FULL COLUMNS FROM `cmf_hook` [ RunTime:0.001497s ]
[2024-12-06T12:55:39+08:00][sql] SELECT `hook`,`id` FROM `cmf_hook` WHERE  (  (  `app` = '' OR `app` = 'cmf' )  AND `type` = 3 ) OR `type` = 1 [ RunTime:0.000673s ]
[2024-12-06T12:55:39+08:00][sql] SHOW FULL COLUMNS FROM `cmf_hook_plugin` [ RunTime:0.001284s ]
[2024-12-06T12:55:39+08:00][sql] SELECT `hook`,`plugin` FROM `cmf_hook_plugin` WHERE  `status` = 1  AND `hook` IN ('app_begin','module_init','action_begin','view_filter','app_end','log_write','response_end','admin_init','home_init','send_mobile_verification_code','body_start','before_head_end','footer_start','before_footer','before_footer_end','before_body_end','left_sidebar_start','before_left_sidebar_end','right_sidebar_start','before_right_sidebar_end','comment','guestbook','switch_theme','after_content','before_content','log_write_done','switch_admin_theme','captcha_image') ORDER BY `list_order` ASC [ RunTime:0.000689s ]
[2024-12-06T12:56:06+08:00][sql] CONNECT:[ UseTime:0.000675s ] mysql:host=127.0.0.1;port=3306;dbname=zhibo;charset=utf8mb4
[2024-12-06T12:56:06+08:00][sql] SHOW FULL COLUMNS FROM `cmf_hook` [ RunTime:0.001524s ]
[2024-12-06T12:56:06+08:00][sql] SELECT `hook`,`id` FROM `cmf_hook` WHERE  (  (  `app` = '' OR `app` = 'cmf' )  AND `type` = 3 ) OR `type` = 1 [ RunTime:0.000624s ]
[2024-12-06T12:56:06+08:00][sql] SHOW FULL COLUMNS FROM `cmf_hook_plugin` [ RunTime:0.001256s ]
[2024-12-06T12:56:06+08:00][sql] SELECT `hook`,`plugin` FROM `cmf_hook_plugin` WHERE  `status` = 1  AND `hook` IN ('app_begin','module_init','action_begin','view_filter','app_end','log_write','response_end','admin_init','home_init','send_mobile_verification_code','body_start','before_head_end','footer_start','before_footer','before_footer_end','before_body_end','left_sidebar_start','before_left_sidebar_end','right_sidebar_start','before_right_sidebar_end','comment','guestbook','switch_theme','after_content','before_content','log_write_done','switch_admin_theme','captcha_image') ORDER BY `list_order` ASC [ RunTime:0.000670s ]
[2024-12-06T12:56:06+08:00][sql] SHOW FULL COLUMNS FROM `cmf_user` [ RunTime:0.001937s ]
[2024-12-06T12:56:06+08:00][sql] SELECT * FROM `cmf_user` WHERE  `id` = 1 LIMIT 1 [ RunTime:0.000828s ]
[2024-12-06T12:56:06+08:00][sql] SHOW FULL COLUMNS FROM `cmf_admin_menu` [ RunTime:0.001574s ]
[2024-12-06T12:56:06+08:00][sql] SELECT * FROM `cmf_admin_menu` ORDER BY `app` ASC,`controller` ASC,`action` ASC [ RunTime:0.004437s ]
[2024-12-06T12:56:06+08:00][sql] CONNECT:[ UseTime:0.000644s ] mysql:host=127.0.0.1;port=3306;dbname=zhibo;charset=utf8mb4
[2024-12-06T12:56:06+08:00][sql] SHOW FULL COLUMNS FROM `cmf_hook` [ RunTime:0.001492s ]
[2024-12-06T12:56:06+08:00][sql] SELECT `hook`,`id` FROM `cmf_hook` WHERE  (  (  `app` = '' OR `app` = 'cmf' )  AND `type` = 3 ) OR `type` = 1 [ RunTime:0.000602s ]
[2024-12-06T12:56:06+08:00][sql] SHOW FULL COLUMNS FROM `cmf_hook_plugin` [ RunTime:0.001209s ]
[2024-12-06T12:56:06+08:00][sql] SELECT `hook`,`plugin` FROM `cmf_hook_plugin` WHERE  `status` = 1  AND `hook` IN ('app_begin','module_init','action_begin','view_filter','app_end','log_write','response_end','admin_init','home_init','send_mobile_verification_code','body_start','before_head_end','footer_start','before_footer','before_footer_end','before_body_end','left_sidebar_start','before_left_sidebar_end','right_sidebar_start','before_right_sidebar_end','comment','guestbook','switch_theme','after_content','before_content','log_write_done','switch_admin_theme','captcha_image') ORDER BY `list_order` ASC [ RunTime:0.000685s ]
[2024-12-06T12:56:06+08:00][sql] SHOW FULL COLUMNS FROM `cmf_user` [ RunTime:0.001907s ]
[2024-12-06T12:56:06+08:00][sql] SELECT * FROM `cmf_user` WHERE  `id` = 1 LIMIT 1 [ RunTime:0.000838s ]
[2024-12-06T12:56:06+08:00][sql] SELECT COUNT(*) AS think_count FROM `cmf_user` WHERE  ( user_type=2 ) LIMIT 1 [ RunTime:0.000520s ]
[2024-12-06T12:56:06+08:00][sql] SELECT count(id) as nums,source FROM `cmf_user` WHERE  ( user_type=2 ) GROUP BY `source` [ RunTime:0.000502s ]
[2024-12-06T12:56:06+08:00][sql] SELECT count(id) as nums,login_type FROM `cmf_user` WHERE  ( user_type=2 ) GROUP BY `login_type` ORDER BY `nums` DESC [ RunTime:0.000429s ]
[2024-12-06T12:56:06+08:00][sql] SELECT COUNT(*) AS think_count FROM `cmf_user` WHERE  ( user_type=2 ) LIMIT 1 [ RunTime:0.000315s ]
[2024-12-06T12:56:06+08:00][sql] SHOW FULL COLUMNS FROM `cmf_live` [ RunTime:0.001543s ]
[2024-12-06T12:56:06+08:00][sql] SELECT COUNT(*) AS think_count FROM `cmf_live` WHERE  ( islive=1 ) LIMIT 1 [ RunTime:0.000475s ]
[2024-12-06T12:56:06+08:00][sql] select sum(endtime - starttime) as times from cmf_live_record [ RunTime:0.000355s ]
[2024-12-06T12:56:06+08:00][sql] SHOW FULL COLUMNS FROM `cmf_live_record` [ RunTime:0.001543s ]
[2024-12-06T12:56:06+08:00][sql] SELECT COUNT(*) AS think_count FROM ( SELECT count(*) AS think_count FROM `cmf_live_record` WHERE  ( starttime >= 1733414400 and starttime<1733500800 ) GROUP BY `uid` ) `_group_count_` LIMIT 1 [ RunTime:0.000619s ]
[2024-12-06T12:56:06+08:00][sql] SELECT COUNT(*) AS think_count FROM `cmf_live_record` WHERE  ( starttime >= 1733414400 and starttime<1733500800 ) LIMIT 1 [ RunTime:0.000356s ]
[2024-12-06T12:56:06+08:00][sql] select sum(endtime - starttime) as times from cmf_live_record where starttime >= 1733414400 and starttime<1733500800 [ RunTime:0.000353s ]
[2024-12-06T12:56:06+08:00][sql] SELECT `id`,`user_nickname`,`avatar`,`avatar_thumb`,`votestotal` FROM `cmf_user` WHERE  ( user_type=2 ) ORDER BY `votestotal` DESC LIMIT 0,3 [ RunTime:0.000409s ]
[2024-12-06T12:56:06+08:00][sql] SELECT `id`,`user_nickname`,`avatar`,`avatar_thumb`,`consumption` FROM `cmf_user` WHERE  ( user_type=2 ) ORDER BY `consumption` DESC LIMIT 0,3 [ RunTime:0.000568s ]
[2024-12-06T12:56:06+08:00][sql] SHOW FULL COLUMNS FROM `cmf_charge_user` [ RunTime:0.001541s ]
[2024-12-06T12:56:06+08:00][sql] SELECT SUM(`money`) AS think_sum FROM `cmf_charge_user` WHERE  ( status=1 ) LIMIT 1 [ RunTime:0.000405s ]
[2024-12-06T12:56:06+08:00][sql] SELECT SUM(`money`) AS think_sum FROM `cmf_charge_user` WHERE  ( status=1 and addtime>=1733414400 and addtime<1733500800 ) LIMIT 1 [ RunTime:0.000323s ]
[2024-12-06T12:56:06+08:00][sql] SELECT SUM(`money`) AS think_sum FROM `cmf_charge_user` WHERE  ( status=1 and type=1 and addtime>=1733414400 and addtime<1733500800 ) LIMIT 1 [ RunTime:0.000302s ]
[2024-12-06T12:56:06+08:00][sql] SELECT SUM(`money`) AS think_sum FROM `cmf_charge_user` WHERE  ( status=1 and type=2 and addtime>=1733414400 and addtime<1733500800 ) LIMIT 1 [ RunTime:0.000293s ]
[2024-12-06T12:56:06+08:00][sql] SELECT SUM(`money`) AS think_sum FROM `cmf_charge_user` WHERE  ( status=1 and type=3 and addtime>=1733414400 and addtime<1733500800 ) LIMIT 1 [ RunTime:0.000312s ]
[2024-12-06T12:56:06+08:00][sql] SHOW FULL COLUMNS FROM `cmf_cash_record` [ RunTime:0.001361s ]
[2024-12-06T12:56:06+08:00][sql] SELECT SUM(`money`) AS think_sum FROM `cmf_cash_record` WHERE  ( status=0 and addtime>=1733414400 and addtime<1733500800 ) LIMIT 1 [ RunTime:0.000375s ]
[2024-12-06T12:56:06+08:00][sql] SELECT SUM(`money`) AS think_sum FROM `cmf_cash_record` WHERE  ( status=1 and addtime>=1733414400 and addtime<1733500800 ) LIMIT 1 [ RunTime:0.000296s ]
[2024-12-06T12:56:06+08:00][sql] SELECT COUNT(*) AS think_count FROM ( SELECT count(*) AS think_count FROM `cmf_cash_record` WHERE  ( addtime>=1733414400 and addtime<1733500800 ) GROUP BY `uid` ) `_group_count_` LIMIT 1 [ RunTime:0.000459s ]
[2024-12-06T12:56:06+08:00][sql] SELECT SUM(`money`) AS think_sum FROM `cmf_cash_record` WHERE  ( status=1 ) LIMIT 1 [ RunTime:0.000286s ]
[2024-12-06T12:56:06+08:00][sql] SHOW FULL COLUMNS FROM `cmf_shop_apply` [ RunTime:0.001487s ]
[2024-12-06T12:56:06+08:00][sql] SELECT COUNT(*) AS think_count FROM `cmf_shop_apply` WHERE  ( status=0 ) LIMIT 1 [ RunTime:0.000461s ]
[2024-12-06T12:56:06+08:00][sql] SHOW FULL COLUMNS FROM `cmf_shop_goods` [ RunTime:0.001379s ]
[2024-12-06T12:56:06+08:00][sql] SELECT COUNT(*) AS think_count FROM `cmf_shop_goods` WHERE  ( status=0 ) LIMIT 1 [ RunTime:0.000398s ]
[2024-12-06T12:56:06+08:00][sql] SHOW FULL COLUMNS FROM `cmf_shop_order_refund` [ RunTime:0.001337s ]
[2024-12-06T12:56:06+08:00][sql] SELECT COUNT(*) AS think_count FROM `cmf_shop_order_refund` WHERE  ( is_platform_interpose=1 and platform_result=0 ) LIMIT 1 [ RunTime:0.000435s ]
[2024-12-06T12:56:06+08:00][sql] SHOW FULL COLUMNS FROM `cmf_paidprogram` [ RunTime:0.001248s ]
[2024-12-06T12:56:06+08:00][sql] SELECT COUNT(*) AS think_count FROM `cmf_paidprogram` WHERE  ( status=0 ) LIMIT 1 [ RunTime:0.000360s ]
[2024-12-06T12:56:06+08:00][sql] SHOW FULL COLUMNS FROM `cmf_paidprogram_apply` [ RunTime:0.001140s ]
[2024-12-06T12:56:06+08:00][sql] SELECT COUNT(*) AS think_count FROM `cmf_paidprogram_apply` WHERE  ( status=0 ) LIMIT 1 [ RunTime:0.000346s ]
[2024-12-06T12:56:06+08:00][sql] SHOW FULL COLUMNS FROM `cmf_report` [ RunTime:0.001028s ]
[2024-12-06T12:56:06+08:00][sql] SELECT COUNT(*) AS think_count FROM `cmf_report` WHERE  ( status=0 ) LIMIT 1 [ RunTime:0.000320s ]
[2024-12-06T12:56:06+08:00][sql] SHOW FULL COLUMNS FROM `cmf_dynamic` [ RunTime:0.001423s ]
[2024-12-06T12:56:06+08:00][sql] SELECT COUNT(*) AS think_count FROM `cmf_dynamic` WHERE  ( isdel=0 and status=0 ) LIMIT 1 [ RunTime:0.000376s ]
[2024-12-06T12:56:06+08:00][sql] SHOW FULL COLUMNS FROM `cmf_dynamic_report` [ RunTime:0.001248s ]
[2024-12-06T12:56:06+08:00][sql] SELECT COUNT(*) AS think_count FROM `cmf_dynamic_report` WHERE  ( status=0 ) LIMIT 1 [ RunTime:0.000390s ]
[2024-12-06T12:56:06+08:00][sql] SHOW FULL COLUMNS FROM `cmf_video` [ RunTime:0.001372s ]
[2024-12-06T12:56:06+08:00][sql] SELECT COUNT(*) AS think_count FROM `cmf_video` WHERE  ( isdel=0 and status=0 ) LIMIT 1 [ RunTime:0.000405s ]
[2024-12-06T12:56:06+08:00][sql] SHOW FULL COLUMNS FROM `cmf_video_report` [ RunTime:0.001189s ]
[2024-12-06T12:56:06+08:00][sql] SELECT COUNT(*) AS think_count FROM `cmf_video_report` WHERE  ( status=0 ) LIMIT 1 [ RunTime:0.000341s ]
[2024-12-06T12:56:06+08:00][sql] SHOW FULL COLUMNS FROM `cmf_family` [ RunTime:0.001230s ]
[2024-12-06T12:56:06+08:00][sql] SELECT COUNT(*) AS think_count FROM `cmf_family` WHERE  ( state=0 ) LIMIT 1 [ RunTime:0.000358s ]
[2024-12-06T12:56:06+08:00][sql] SHOW FULL COLUMNS FROM `cmf_family_user_divide_apply` [ RunTime:0.001098s ]
[2024-12-06T12:56:06+08:00][sql] SELECT COUNT(*) AS think_count FROM `cmf_family_user_divide_apply` WHERE  ( status=0 ) LIMIT 1 [ RunTime:0.000328s ]
[2024-12-06T12:56:06+08:00][sql] SHOW FULL COLUMNS FROM `cmf_user_auth` [ RunTime:0.001141s ]
[2024-12-06T12:56:06+08:00][sql] SELECT COUNT(*) AS think_count FROM `cmf_user_auth` WHERE  ( status=0 ) LIMIT 1 [ RunTime:0.000366s ]
[2024-12-06T12:56:06+08:00][sql] CONNECT:[ UseTime:0.000535s ] mysql:host=127.0.0.1;port=3306;dbname=zhibo;charset=utf8mb4
[2024-12-06T12:56:06+08:00][sql] SHOW FULL COLUMNS FROM `cmf_hook` [ RunTime:0.001162s ]
[2024-12-06T12:56:06+08:00][sql] SELECT `hook`,`id` FROM `cmf_hook` WHERE  (  (  `app` = '' OR `app` = 'cmf' )  AND `type` = 3 ) OR `type` = 1 [ RunTime:0.000560s ]
[2024-12-06T12:56:06+08:00][sql] SHOW FULL COLUMNS FROM `cmf_hook_plugin` [ RunTime:0.001251s ]
[2024-12-06T12:56:06+08:00][sql] SELECT `hook`,`plugin` FROM `cmf_hook_plugin` WHERE  `status` = 1  AND `hook` IN ('app_begin','module_init','action_begin','view_filter','app_end','log_write','response_end','admin_init','home_init','send_mobile_verification_code','body_start','before_head_end','footer_start','before_footer','before_footer_end','before_body_end','left_sidebar_start','before_left_sidebar_end','right_sidebar_start','before_right_sidebar_end','comment','guestbook','switch_theme','after_content','before_content','log_write_done','switch_admin_theme','captcha_image') ORDER BY `list_order` ASC [ RunTime:0.000671s ]
[2024-12-06T12:56:06+08:00][sql] SHOW FULL COLUMNS FROM `cmf_user` [ RunTime:0.001952s ]
[2024-12-06T12:56:06+08:00][sql] SELECT * FROM `cmf_user` WHERE  `id` = 1 LIMIT 1 [ RunTime:0.000903s ]
[2024-12-06T12:56:06+08:00][sql] SHOW FULL COLUMNS FROM `cmf_article` [ RunTime:0.001317s ]
[2024-12-06T12:56:06+08:00][sql] SELECT COUNT(*) AS think_count FROM `cmf_article` LIMIT 1 [ RunTime:0.000365s ]
[2024-12-06T12:56:06+08:00][sql] SELECT * FROM `cmf_article` ORDER BY `list_order` ASC,`id` DESC LIMIT 0,20 [ RunTime:0.000364s ]
[2024-12-06T12:56:07+08:00][sql] CONNECT:[ UseTime:0.000640s ] mysql:host=127.0.0.1;port=3306;dbname=zhibo;charset=utf8mb4
[2024-12-06T12:56:07+08:00][sql] SHOW FULL COLUMNS FROM `cmf_hook` [ RunTime:0.001537s ]
[2024-12-06T12:56:07+08:00][sql] SELECT `hook`,`id` FROM `cmf_hook` WHERE  (  (  `app` = '' OR `app` = 'cmf' )  AND `type` = 3 ) OR `type` = 1 [ RunTime:0.000737s ]
[2024-12-06T12:56:07+08:00][sql] SHOW FULL COLUMNS FROM `cmf_hook_plugin` [ RunTime:0.001305s ]
[2024-12-06T12:56:07+08:00][sql] SELECT `hook`,`plugin` FROM `cmf_hook_plugin` WHERE  `status` = 1  AND `hook` IN ('app_begin','module_init','action_begin','view_filter','app_end','log_write','response_end','admin_init','home_init','send_mobile_verification_code','body_start','before_head_end','footer_start','before_footer','before_footer_end','before_body_end','left_sidebar_start','before_left_sidebar_end','right_sidebar_start','before_right_sidebar_end','comment','guestbook','switch_theme','after_content','before_content','log_write_done','switch_admin_theme','captcha_image') ORDER BY `list_order` ASC [ RunTime:0.000711s ]
[2024-12-06T12:56:07+08:00][sql] CONNECT:[ UseTime:0.000642s ] mysql:host=127.0.0.1;port=3306;dbname=zhibo;charset=utf8mb4
[2024-12-06T12:56:07+08:00][sql] SHOW FULL COLUMNS FROM `cmf_hook` [ RunTime:0.001677s ]
[2024-12-06T12:56:07+08:00][sql] SELECT `hook`,`id` FROM `cmf_hook` WHERE  (  (  `app` = '' OR `app` = 'cmf' )  AND `type` = 3 ) OR `type` = 1 [ RunTime:0.000658s ]
[2024-12-06T12:56:07+08:00][sql] SHOW FULL COLUMNS FROM `cmf_hook_plugin` [ RunTime:0.001300s ]
[2024-12-06T12:56:07+08:00][sql] SELECT `hook`,`plugin` FROM `cmf_hook_plugin` WHERE  `status` = 1  AND `hook` IN ('app_begin','module_init','action_begin','view_filter','app_end','log_write','response_end','admin_init','home_init','send_mobile_verification_code','body_start','before_head_end','footer_start','before_footer','before_footer_end','before_body_end','left_sidebar_start','before_left_sidebar_end','right_sidebar_start','before_right_sidebar_end','comment','guestbook','switch_theme','after_content','before_content','log_write_done','switch_admin_theme','captcha_image') ORDER BY `list_order` ASC [ RunTime:0.000708s ]
[2024-12-06T12:56:13+08:00][sql] CONNECT:[ UseTime:0.000652s ] mysql:host=127.0.0.1;port=3306;dbname=zhibo;charset=utf8mb4
[2024-12-06T12:56:13+08:00][sql] SHOW FULL COLUMNS FROM `cmf_hook` [ RunTime:0.001509s ]
[2024-12-06T12:56:13+08:00][sql] SELECT `hook`,`id` FROM `cmf_hook` WHERE  (  (  `app` = '' OR `app` = 'cmf' )  AND `type` = 3 ) OR `type` = 1 [ RunTime:0.000680s ]
[2024-12-06T12:56:13+08:00][sql] SHOW FULL COLUMNS FROM `cmf_hook_plugin` [ RunTime:0.001222s ]
[2024-12-06T12:56:13+08:00][sql] SELECT `hook`,`plugin` FROM `cmf_hook_plugin` WHERE  `status` = 1  AND `hook` IN ('app_begin','module_init','action_begin','view_filter','app_end','log_write','response_end','admin_init','home_init','send_mobile_verification_code','body_start','before_head_end','footer_start','before_footer','before_footer_end','before_body_end','left_sidebar_start','before_left_sidebar_end','right_sidebar_start','before_right_sidebar_end','comment','guestbook','switch_theme','after_content','before_content','log_write_done','switch_admin_theme','captcha_image') ORDER BY `list_order` ASC [ RunTime:0.000687s ]
[2024-12-06T12:56:13+08:00][sql] SHOW FULL COLUMNS FROM `cmf_user` [ RunTime:0.001940s ]
[2024-12-06T12:56:13+08:00][sql] SELECT * FROM `cmf_user` WHERE  `id` = 1 LIMIT 1 [ RunTime:0.000868s ]
[2024-12-06T12:56:13+08:00][sql] SHOW FULL COLUMNS FROM `cmf_admin_menu` [ RunTime:0.001673s ]
[2024-12-06T12:56:13+08:00][sql] SELECT * FROM `cmf_admin_menu` ORDER BY `app` ASC,`controller` ASC,`action` ASC [ RunTime:0.004605s ]
[2024-12-06T12:56:13+08:00][sql] CONNECT:[ UseTime:0.000660s ] mysql:host=127.0.0.1;port=3306;dbname=zhibo;charset=utf8mb4
[2024-12-06T12:56:13+08:00][sql] SHOW FULL COLUMNS FROM `cmf_hook` [ RunTime:0.001484s ]
[2024-12-06T12:56:13+08:00][sql] SELECT `hook`,`id` FROM `cmf_hook` WHERE  (  (  `app` = '' OR `app` = 'cmf' )  AND `type` = 3 ) OR `type` = 1 [ RunTime:0.000630s ]
[2024-12-06T12:56:13+08:00][sql] SHOW FULL COLUMNS FROM `cmf_hook_plugin` [ RunTime:0.001290s ]
[2024-12-06T12:56:13+08:00][sql] SELECT `hook`,`plugin` FROM `cmf_hook_plugin` WHERE  `status` = 1  AND `hook` IN ('app_begin','module_init','action_begin','view_filter','app_end','log_write','response_end','admin_init','home_init','send_mobile_verification_code','body_start','before_head_end','footer_start','before_footer','before_footer_end','before_body_end','left_sidebar_start','before_left_sidebar_end','right_sidebar_start','before_right_sidebar_end','comment','guestbook','switch_theme','after_content','before_content','log_write_done','switch_admin_theme','captcha_image') ORDER BY `list_order` ASC [ RunTime:0.000669s ]
[2024-12-06T12:56:13+08:00][sql] SHOW FULL COLUMNS FROM `cmf_user` [ RunTime:0.001959s ]
[2024-12-06T12:56:13+08:00][sql] SELECT * FROM `cmf_user` WHERE  `id` = 1 LIMIT 1 [ RunTime:0.000841s ]
[2024-12-06T12:56:13+08:00][sql] SELECT COUNT(*) AS think_count FROM `cmf_user` WHERE  ( user_type=2 ) LIMIT 1 [ RunTime:0.000474s ]
[2024-12-06T12:56:13+08:00][sql] SELECT count(id) as nums,source FROM `cmf_user` WHERE  ( user_type=2 ) GROUP BY `source` [ RunTime:0.000516s ]
[2024-12-06T12:56:13+08:00][sql] SELECT count(id) as nums,login_type FROM `cmf_user` WHERE  ( user_type=2 ) GROUP BY `login_type` ORDER BY `nums` DESC [ RunTime:0.000416s ]
[2024-12-06T12:56:13+08:00][sql] SELECT COUNT(*) AS think_count FROM `cmf_user` WHERE  ( user_type=2 ) LIMIT 1 [ RunTime:0.000312s ]
[2024-12-06T12:56:13+08:00][sql] SHOW FULL COLUMNS FROM `cmf_live` [ RunTime:0.001551s ]
[2024-12-06T12:56:13+08:00][sql] SELECT COUNT(*) AS think_count FROM `cmf_live` WHERE  ( islive=1 ) LIMIT 1 [ RunTime:0.000447s ]
[2024-12-06T12:56:13+08:00][sql] select sum(endtime - starttime) as times from cmf_live_record [ RunTime:0.000357s ]
[2024-12-06T12:56:13+08:00][sql] SHOW FULL COLUMNS FROM `cmf_live_record` [ RunTime:0.001591s ]
[2024-12-06T12:56:13+08:00][sql] SELECT COUNT(*) AS think_count FROM ( SELECT count(*) AS think_count FROM `cmf_live_record` WHERE  ( starttime >= 1733414400 and starttime<1733500800 ) GROUP BY `uid` ) `_group_count_` LIMIT 1 [ RunTime:0.000574s ]
[2024-12-06T12:56:13+08:00][sql] SELECT COUNT(*) AS think_count FROM `cmf_live_record` WHERE  ( starttime >= 1733414400 and starttime<1733500800 ) LIMIT 1 [ RunTime:0.000322s ]
[2024-12-06T12:56:13+08:00][sql] select sum(endtime - starttime) as times from cmf_live_record where starttime >= 1733414400 and starttime<1733500800 [ RunTime:0.000346s ]
[2024-12-06T12:56:13+08:00][sql] SELECT `id`,`user_nickname`,`avatar`,`avatar_thumb`,`votestotal` FROM `cmf_user` WHERE  ( user_type=2 ) ORDER BY `votestotal` DESC LIMIT 0,3 [ RunTime:0.000439s ]
[2024-12-06T12:56:13+08:00][sql] SELECT `id`,`user_nickname`,`avatar`,`avatar_thumb`,`consumption` FROM `cmf_user` WHERE  ( user_type=2 ) ORDER BY `consumption` DESC LIMIT 0,3 [ RunTime:0.000485s ]
[2024-12-06T12:56:13+08:00][sql] SHOW FULL COLUMNS FROM `cmf_charge_user` [ RunTime:0.001490s ]
[2024-12-06T12:56:13+08:00][sql] SELECT SUM(`money`) AS think_sum FROM `cmf_charge_user` WHERE  ( status=1 ) LIMIT 1 [ RunTime:0.000346s ]
[2024-12-06T12:56:13+08:00][sql] SELECT SUM(`money`) AS think_sum FROM `cmf_charge_user` WHERE  ( status=1 and addtime>=1733414400 and addtime<1733500800 ) LIMIT 1 [ RunTime:0.000345s ]
[2024-12-06T12:56:13+08:00][sql] SELECT SUM(`money`) AS think_sum FROM `cmf_charge_user` WHERE  ( status=1 and type=1 and addtime>=1733414400 and addtime<1733500800 ) LIMIT 1 [ RunTime:0.000320s ]
[2024-12-06T12:56:13+08:00][sql] SELECT SUM(`money`) AS think_sum FROM `cmf_charge_user` WHERE  ( status=1 and type=2 and addtime>=1733414400 and addtime<1733500800 ) LIMIT 1 [ RunTime:0.000292s ]
[2024-12-06T12:56:13+08:00][sql] SELECT SUM(`money`) AS think_sum FROM `cmf_charge_user` WHERE  ( status=1 and type=3 and addtime>=1733414400 and addtime<1733500800 ) LIMIT 1 [ RunTime:0.000296s ]
[2024-12-06T12:56:13+08:00][sql] SHOW FULL COLUMNS FROM `cmf_cash_record` [ RunTime:0.001414s ]
[2024-12-06T12:56:13+08:00][sql] SELECT SUM(`money`) AS think_sum FROM `cmf_cash_record` WHERE  ( status=0 and addtime>=1733414400 and addtime<1733500800 ) LIMIT 1 [ RunTime:0.000377s ]
[2024-12-06T12:56:13+08:00][sql] SELECT SUM(`money`) AS think_sum FROM `cmf_cash_record` WHERE  ( status=1 and addtime>=1733414400 and addtime<1733500800 ) LIMIT 1 [ RunTime:0.000300s ]
[2024-12-06T12:56:13+08:00][sql] SELECT COUNT(*) AS think_count FROM ( SELECT count(*) AS think_count FROM `cmf_cash_record` WHERE  ( addtime>=1733414400 and addtime<1733500800 ) GROUP BY `uid` ) `_group_count_` LIMIT 1 [ RunTime:0.000411s ]
[2024-12-06T12:56:13+08:00][sql] SELECT SUM(`money`) AS think_sum FROM `cmf_cash_record` WHERE  ( status=1 ) LIMIT 1 [ RunTime:0.000301s ]
[2024-12-06T12:56:13+08:00][sql] SHOW FULL COLUMNS FROM `cmf_shop_apply` [ RunTime:0.001517s ]
[2024-12-06T12:56:13+08:00][sql] SELECT COUNT(*) AS think_count FROM `cmf_shop_apply` WHERE  ( status=0 ) LIMIT 1 [ RunTime:0.000416s ]
[2024-12-06T12:56:13+08:00][sql] SHOW FULL COLUMNS FROM `cmf_shop_goods` [ RunTime:0.001468s ]
[2024-12-06T12:56:13+08:00][sql] SELECT COUNT(*) AS think_count FROM `cmf_shop_goods` WHERE  ( status=0 ) LIMIT 1 [ RunTime:0.000378s ]
[2024-12-06T12:56:13+08:00][sql] SHOW FULL COLUMNS FROM `cmf_shop_order_refund` [ RunTime:0.001400s ]
[2024-12-06T12:56:13+08:00][sql] SELECT COUNT(*) AS think_count FROM `cmf_shop_order_refund` WHERE  ( is_platform_interpose=1 and platform_result=0 ) LIMIT 1 [ RunTime:0.000473s ]
[2024-12-06T12:56:13+08:00][sql] SHOW FULL COLUMNS FROM `cmf_paidprogram` [ RunTime:0.001424s ]
[2024-12-06T12:56:13+08:00][sql] SELECT COUNT(*) AS think_count FROM `cmf_paidprogram` WHERE  ( status=0 ) LIMIT 1 [ RunTime:0.000385s ]
[2024-12-06T12:56:13+08:00][sql] SHOW FULL COLUMNS FROM `cmf_paidprogram_apply` [ RunTime:0.001144s ]
[2024-12-06T12:56:13+08:00][sql] SELECT COUNT(*) AS think_count FROM `cmf_paidprogram_apply` WHERE  ( status=0 ) LIMIT 1 [ RunTime:0.000395s ]
[2024-12-06T12:56:13+08:00][sql] SHOW FULL COLUMNS FROM `cmf_report` [ RunTime:0.001150s ]
[2024-12-06T12:56:13+08:00][sql] SELECT COUNT(*) AS think_count FROM `cmf_report` WHERE  ( status=0 ) LIMIT 1 [ RunTime:0.000347s ]
[2024-12-06T12:56:13+08:00][sql] SHOW FULL COLUMNS FROM `cmf_dynamic` [ RunTime:0.001355s ]
[2024-12-06T12:56:13+08:00][sql] SELECT COUNT(*) AS think_count FROM `cmf_dynamic` WHERE  ( isdel=0 and status=0 ) LIMIT 1 [ RunTime:0.000423s ]
[2024-12-06T12:56:13+08:00][sql] SHOW FULL COLUMNS FROM `cmf_dynamic_report` [ RunTime:0.001517s ]
[2024-12-06T12:56:13+08:00][sql] SELECT COUNT(*) AS think_count FROM `cmf_dynamic_report` WHERE  ( status=0 ) LIMIT 1 [ RunTime:0.000395s ]
[2024-12-06T12:56:13+08:00][sql] SHOW FULL COLUMNS FROM `cmf_video` [ RunTime:0.001437s ]
[2024-12-06T12:56:13+08:00][sql] SELECT COUNT(*) AS think_count FROM `cmf_video` WHERE  ( isdel=0 and status=0 ) LIMIT 1 [ RunTime:0.000429s ]
[2024-12-06T12:56:13+08:00][sql] SHOW FULL COLUMNS FROM `cmf_video_report` [ RunTime:0.001287s ]
[2024-12-06T12:56:13+08:00][sql] SELECT COUNT(*) AS think_count FROM `cmf_video_report` WHERE  ( status=0 ) LIMIT 1 [ RunTime:0.000355s ]
[2024-12-06T12:56:13+08:00][sql] SHOW FULL COLUMNS FROM `cmf_family` [ RunTime:0.001186s ]
[2024-12-06T12:56:13+08:00][sql] SELECT COUNT(*) AS think_count FROM `cmf_family` WHERE  ( state=0 ) LIMIT 1 [ RunTime:0.000367s ]
[2024-12-06T12:56:13+08:00][sql] SHOW FULL COLUMNS FROM `cmf_family_user_divide_apply` [ RunTime:0.001266s ]
[2024-12-06T12:56:13+08:00][sql] SELECT COUNT(*) AS think_count FROM `cmf_family_user_divide_apply` WHERE  ( status=0 ) LIMIT 1 [ RunTime:0.000357s ]
[2024-12-06T12:56:13+08:00][sql] SHOW FULL COLUMNS FROM `cmf_user_auth` [ RunTime:0.001198s ]
[2024-12-06T12:56:13+08:00][sql] SELECT COUNT(*) AS think_count FROM `cmf_user_auth` WHERE  ( status=0 ) LIMIT 1 [ RunTime:0.000375s ]
[2024-12-06T12:56:14+08:00][sql] CONNECT:[ UseTime:0.000682s ] mysql:host=127.0.0.1;port=3306;dbname=zhibo;charset=utf8mb4
[2024-12-06T12:56:14+08:00][sql] SHOW FULL COLUMNS FROM `cmf_hook` [ RunTime:0.001501s ]
[2024-12-06T12:56:14+08:00][sql] SELECT `hook`,`id` FROM `cmf_hook` WHERE  (  (  `app` = '' OR `app` = 'cmf' )  AND `type` = 3 ) OR `type` = 1 [ RunTime:0.000632s ]
[2024-12-06T12:56:14+08:00][sql] SHOW FULL COLUMNS FROM `cmf_hook_plugin` [ RunTime:0.001302s ]
[2024-12-06T12:56:14+08:00][sql] SELECT `hook`,`plugin` FROM `cmf_hook_plugin` WHERE  `status` = 1  AND `hook` IN ('app_begin','module_init','action_begin','view_filter','app_end','log_write','response_end','admin_init','home_init','send_mobile_verification_code','body_start','before_head_end','footer_start','before_footer','before_footer_end','before_body_end','left_sidebar_start','before_left_sidebar_end','right_sidebar_start','before_right_sidebar_end','comment','guestbook','switch_theme','after_content','before_content','log_write_done','switch_admin_theme','captcha_image') ORDER BY `list_order` ASC [ RunTime:0.000694s ]
[2024-12-06T12:56:14+08:00][sql] CONNECT:[ UseTime:0.000615s ] mysql:host=127.0.0.1;port=3306;dbname=zhibo;charset=utf8mb4
[2024-12-06T12:56:14+08:00][sql] SHOW FULL COLUMNS FROM `cmf_hook` [ RunTime:0.001521s ]
[2024-12-06T12:56:14+08:00][sql] SELECT `hook`,`id` FROM `cmf_hook` WHERE  (  (  `app` = '' OR `app` = 'cmf' )  AND `type` = 3 ) OR `type` = 1 [ RunTime:0.000607s ]
[2024-12-06T12:56:14+08:00][sql] SHOW FULL COLUMNS FROM `cmf_hook_plugin` [ RunTime:0.001182s ]
[2024-12-06T12:56:14+08:00][sql] SELECT `hook`,`plugin` FROM `cmf_hook_plugin` WHERE  `status` = 1  AND `hook` IN ('app_begin','module_init','action_begin','view_filter','app_end','log_write','response_end','admin_init','home_init','send_mobile_verification_code','body_start','before_head_end','footer_start','before_footer','before_footer_end','before_body_end','left_sidebar_start','before_left_sidebar_end','right_sidebar_start','before_right_sidebar_end','comment','guestbook','switch_theme','after_content','before_content','log_write_done','switch_admin_theme','captcha_image') ORDER BY `list_order` ASC [ RunTime:0.000673s ]
[2024-12-06T12:56:14+08:00][sql] SHOW FULL COLUMNS FROM `cmf_user` [ RunTime:0.001723s ]
[2024-12-06T12:56:14+08:00][sql] SELECT * FROM `cmf_user` WHERE  `id` = 1 LIMIT 1 [ RunTime:0.000704s ]
[2024-12-06T12:56:14+08:00][sql] SHOW FULL COLUMNS FROM `cmf_admin_menu` [ RunTime:0.001278s ]
[2024-12-06T12:56:14+08:00][sql] SELECT * FROM `cmf_admin_menu` ORDER BY `list_order` ASC [ RunTime:0.003338s ]
[2024-12-06T12:56:14+08:00][sql] CONNECT:[ UseTime:0.000631s ] mysql:host=127.0.0.1;port=3306;dbname=zhibo;charset=utf8mb4
[2024-12-06T12:56:14+08:00][sql] SHOW FULL COLUMNS FROM `cmf_hook` [ RunTime:0.001529s ]
[2024-12-06T12:56:14+08:00][sql] SELECT `hook`,`id` FROM `cmf_hook` WHERE  (  (  `app` = '' OR `app` = 'cmf' )  AND `type` = 3 ) OR `type` = 1 [ RunTime:0.000631s ]
[2024-12-06T12:56:14+08:00][sql] SHOW FULL COLUMNS FROM `cmf_hook_plugin` [ RunTime:0.001268s ]
[2024-12-06T12:56:14+08:00][sql] SELECT `hook`,`plugin` FROM `cmf_hook_plugin` WHERE  `status` = 1  AND `hook` IN ('app_begin','module_init','action_begin','view_filter','app_end','log_write','response_end','admin_init','home_init','send_mobile_verification_code','body_start','before_head_end','footer_start','before_footer','before_footer_end','before_body_end','left_sidebar_start','before_left_sidebar_end','right_sidebar_start','before_right_sidebar_end','comment','guestbook','switch_theme','after_content','before_content','log_write_done','switch_admin_theme','captcha_image') ORDER BY `list_order` ASC [ RunTime:0.000682s ]
[2024-12-06T12:56:23+08:00][sql] CONNECT:[ UseTime:0.000640s ] mysql:host=127.0.0.1;port=3306;dbname=zhibo;charset=utf8mb4
[2024-12-06T12:56:23+08:00][sql] SHOW FULL COLUMNS FROM `cmf_hook` [ RunTime:0.001524s ]
[2024-12-06T12:56:23+08:00][sql] SELECT `hook`,`id` FROM `cmf_hook` WHERE  (  (  `app` = '' OR `app` = 'cmf' )  AND `type` = 3 ) OR `type` = 1 [ RunTime:0.000658s ]
[2024-12-06T12:56:23+08:00][sql] SHOW FULL COLUMNS FROM `cmf_hook_plugin` [ RunTime:0.001225s ]
[2024-12-06T12:56:23+08:00][sql] SELECT `hook`,`plugin` FROM `cmf_hook_plugin` WHERE  `status` = 1  AND `hook` IN ('app_begin','module_init','action_begin','view_filter','app_end','log_write','response_end','admin_init','home_init','send_mobile_verification_code','body_start','before_head_end','footer_start','before_footer','before_footer_end','before_body_end','left_sidebar_start','before_left_sidebar_end','right_sidebar_start','before_right_sidebar_end','comment','guestbook','switch_theme','after_content','before_content','log_write_done','switch_admin_theme','captcha_image') ORDER BY `list_order` ASC [ RunTime:0.000669s ]
[2024-12-06T12:56:23+08:00][sql] SHOW FULL COLUMNS FROM `cmf_user` [ RunTime:0.001929s ]
[2024-12-06T12:56:23+08:00][sql] SELECT * FROM `cmf_user` WHERE  `id` = 1 LIMIT 1 [ RunTime:0.000826s ]
[2024-12-06T12:56:23+08:00][sql] SHOW FULL COLUMNS FROM `cmf_admin_menu` [ RunTime:0.001578s ]
[2024-12-06T12:56:23+08:00][sql] SELECT * FROM `cmf_admin_menu` ORDER BY `list_order` ASC [ RunTime:0.002663s ]
[2024-12-06T12:56:23+08:00][sql] CONNECT:[ UseTime:0.000631s ] mysql:host=127.0.0.1;port=3306;dbname=zhibo;charset=utf8mb4
[2024-12-06T12:56:23+08:00][sql] SHOW FULL COLUMNS FROM `cmf_hook` [ RunTime:0.001516s ]
[2024-12-06T12:56:23+08:00][sql] SELECT `hook`,`id` FROM `cmf_hook` WHERE  (  (  `app` = '' OR `app` = 'cmf' )  AND `type` = 3 ) OR `type` = 1 [ RunTime:0.000609s ]
[2024-12-06T12:56:23+08:00][sql] SHOW FULL COLUMNS FROM `cmf_hook_plugin` [ RunTime:0.001216s ]
[2024-12-06T12:56:23+08:00][sql] SELECT `hook`,`plugin` FROM `cmf_hook_plugin` WHERE  `status` = 1  AND `hook` IN ('app_begin','module_init','action_begin','view_filter','app_end','log_write','response_end','admin_init','home_init','send_mobile_verification_code','body_start','before_head_end','footer_start','before_footer','before_footer_end','before_body_end','left_sidebar_start','before_left_sidebar_end','right_sidebar_start','before_right_sidebar_end','comment','guestbook','switch_theme','after_content','before_content','log_write_done','switch_admin_theme','captcha_image') ORDER BY `list_order` ASC [ RunTime:0.000668s ]
[2024-12-06T12:56:52+08:00][sql] CONNECT:[ UseTime:0.000643s ] mysql:host=127.0.0.1;port=3306;dbname=zhibo;charset=utf8mb4
[2024-12-06T12:56:52+08:00][sql] SHOW FULL COLUMNS FROM `cmf_hook` [ RunTime:0.001514s ]
[2024-12-06T12:56:52+08:00][sql] SELECT `hook`,`id` FROM `cmf_hook` WHERE  (  (  `app` = '' OR `app` = 'cmf' )  AND `type` = 3 ) OR `type` = 1 [ RunTime:0.000699s ]
[2024-12-06T12:56:52+08:00][sql] SHOW FULL COLUMNS FROM `cmf_hook_plugin` [ RunTime:0.001240s ]
[2024-12-06T12:56:52+08:00][sql] SELECT `hook`,`plugin` FROM `cmf_hook_plugin` WHERE  `status` = 1  AND `hook` IN ('app_begin','module_init','action_begin','view_filter','app_end','log_write','response_end','admin_init','home_init','send_mobile_verification_code','body_start','before_head_end','footer_start','before_footer','before_footer_end','before_body_end','left_sidebar_start','before_left_sidebar_end','right_sidebar_start','before_right_sidebar_end','comment','guestbook','switch_theme','after_content','before_content','log_write_done','switch_admin_theme','captcha_image') ORDER BY `list_order` ASC [ RunTime:0.000665s ]
[2024-12-06T12:56:52+08:00][sql] SHOW FULL COLUMNS FROM `cmf_user` [ RunTime:0.001891s ]
[2024-12-06T12:56:52+08:00][sql] SELECT * FROM `cmf_user` WHERE  `id` = 1 LIMIT 1 [ RunTime:0.000786s ]
[2024-12-06T12:56:52+08:00][sql] SHOW FULL COLUMNS FROM `cmf_admin_menu` [ RunTime:0.001494s ]
[2024-12-06T12:56:52+08:00][sql] SELECT `parent_id` FROM `cmf_admin_menu` WHERE  `id` = 613 LIMIT 1 [ RunTime:0.000413s ]
[2024-12-06T12:56:52+08:00][sql] SELECT `parent_id` FROM `cmf_admin_menu` WHERE  `id` = 551 LIMIT 1 [ RunTime:0.000343s ]
[2024-12-06T12:56:52+08:00][sql] SELECT `id` FROM `cmf_admin_menu` WHERE  `app` = 'admin'  AND `controller` = 'del'  AND `action` = 'del' LIMIT 1 [ RunTime:0.000414s ]
[2024-12-06T12:56:52+08:00][sql] INSERT INTO `cmf_admin_menu` SET `parent_id` = 613 , `name` = '删除' , `app` = 'admin' , `controller` = 'del' , `action` = 'del' , `param` = '' , `icon` = '' , `remark` = '' , `status` = 0 , `type` = 1 [ RunTime:0.006195s ]
[2024-12-06T12:56:52+08:00][sql] SHOW FULL COLUMNS FROM `cmf_auth_rule` [ RunTime:0.001514s ]
[2024-12-06T12:56:52+08:00][sql] SELECT COUNT(*) AS think_count FROM `cmf_auth_rule` WHERE  `app` = 'admin'  AND `name` = 'admin/del/del'  AND `type` = 'admin_url' LIMIT 1 [ RunTime:0.000459s ]
[2024-12-06T12:56:52+08:00][sql] INSERT INTO `cmf_auth_rule` SET `name` = 'admin/del/del' , `app` = 'admin' , `type` = 'admin_url' , `title` = '删除' , `param` = '' [ RunTime:0.005841s ]
[2024-12-06T12:56:52+08:00][sql] SELECT * FROM `cmf_admin_menu` ORDER BY `app` ASC,`controller` ASC,`action` ASC [ RunTime:0.004532s ]
[2024-12-06T12:56:55+08:00][sql] CONNECT:[ UseTime:0.000662s ] mysql:host=127.0.0.1;port=3306;dbname=zhibo;charset=utf8mb4
[2024-12-06T12:56:55+08:00][sql] SHOW FULL COLUMNS FROM `cmf_hook` [ RunTime:0.001504s ]
[2024-12-06T12:56:55+08:00][sql] SELECT `hook`,`id` FROM `cmf_hook` WHERE  (  (  `app` = '' OR `app` = 'cmf' )  AND `type` = 3 ) OR `type` = 1 [ RunTime:0.000663s ]
[2024-12-06T12:56:55+08:00][sql] SHOW FULL COLUMNS FROM `cmf_hook_plugin` [ RunTime:0.001229s ]
[2024-12-06T12:56:55+08:00][sql] SELECT `hook`,`plugin` FROM `cmf_hook_plugin` WHERE  `status` = 1  AND `hook` IN ('app_begin','module_init','action_begin','view_filter','app_end','log_write','response_end','admin_init','home_init','send_mobile_verification_code','body_start','before_head_end','footer_start','before_footer','before_footer_end','before_body_end','left_sidebar_start','before_left_sidebar_end','right_sidebar_start','before_right_sidebar_end','comment','guestbook','switch_theme','after_content','before_content','log_write_done','switch_admin_theme','captcha_image') ORDER BY `list_order` ASC [ RunTime:0.000712s ]
[2024-12-06T12:56:55+08:00][sql] SELECT `hook` FROM `cmf_hook` WHERE  `app` = 'admin' [ RunTime:0.000785s ]
[2024-12-06T12:56:55+08:00][sql] SELECT `hook`,`plugin` FROM `cmf_hook_plugin` WHERE  `status` = 1  AND `hook` IN ('admin_dashboard','admin_login','admin_theme_design_view','admin_setting_site_view','admin_setting_clear_cache_view','admin_nav_index_view','admin_link_index_view','admin_slide_index_view','admin_user_index_view','admin_rbac_index_view','admin_index_index_view','admin_recycle_bin_index_view','admin_menu_index_view','admin_custom_login_open','admin_slide_item_index_view','admin_slide_item_add_view','admin_slide_item_edit_view','admin_user_add_view','admin_user_edit_view','admin_rbac_role_add_view','admin_rbac_role_edit_view','admin_rbac_authorize_view') ORDER BY `list_order` ASC [ RunTime:0.000590s ]
[2024-12-06T12:56:55+08:00][sql] SHOW FULL COLUMNS FROM `cmf_option` [ RunTime:0.001570s ]
[2024-12-06T12:56:55+08:00][sql] SELECT `option_value` FROM `cmf_option` WHERE  `option_name` = 'cdn_settings' LIMIT 1 [ RunTime:0.000459s ]
[2024-12-06T12:56:55+08:00][sql] SELECT `option_value` FROM `cmf_option` WHERE  `option_name` = 'site_info' LIMIT 1 [ RunTime:0.000677s ]
[2024-12-06T12:56:55+08:00][sql] SHOW FULL COLUMNS FROM `cmf_user` [ RunTime:0.001725s ]
[2024-12-06T12:56:55+08:00][sql] SELECT * FROM `cmf_user` WHERE  `id` = 1 LIMIT 1 [ RunTime:0.000833s ]
[2024-12-06T12:56:55+08:00][sql] SHOW FULL COLUMNS FROM `cmf_admin_menu` [ RunTime:0.001508s ]
[2024-12-06T12:56:55+08:00][sql] SELECT * FROM `cmf_admin_menu` ORDER BY `list_order` ASC [ RunTime:0.002682s ]
[2024-12-06T12:56:55+08:00][sql] SELECT `option_value` FROM `cmf_option` WHERE  `option_name` = 'admin_settings' LIMIT 1 [ RunTime:0.001076s ]
[2024-12-06T12:56:55+08:00][sql] CONNECT:[ UseTime:0.000639s ] mysql:host=127.0.0.1;port=3306;dbname=zhibo;charset=utf8mb4
[2024-12-06T12:56:55+08:00][sql] SHOW FULL COLUMNS FROM `cmf_hook` [ RunTime:0.001625s ]
[2024-12-06T12:56:55+08:00][sql] SELECT `hook`,`id` FROM `cmf_hook` WHERE  (  (  `app` = '' OR `app` = 'cmf' )  AND `type` = 3 ) OR `type` = 1 [ RunTime:0.000617s ]
[2024-12-06T12:56:55+08:00][sql] SHOW FULL COLUMNS FROM `cmf_hook_plugin` [ RunTime:0.001307s ]
[2024-12-06T12:56:55+08:00][sql] SELECT `hook`,`plugin` FROM `cmf_hook_plugin` WHERE  `status` = 1  AND `hook` IN ('app_begin','module_init','action_begin','view_filter','app_end','log_write','response_end','admin_init','home_init','send_mobile_verification_code','body_start','before_head_end','footer_start','before_footer','before_footer_end','before_body_end','left_sidebar_start','before_left_sidebar_end','right_sidebar_start','before_right_sidebar_end','comment','guestbook','switch_theme','after_content','before_content','log_write_done','switch_admin_theme','captcha_image') ORDER BY `list_order` ASC [ RunTime:0.000697s ]
[2024-12-06T12:56:55+08:00][sql] SELECT `hook` FROM `cmf_hook` WHERE  `app` = '404' [ RunTime:0.000732s ]
[2024-12-06T12:56:55+08:00][sql] SELECT `hook`,`plugin` FROM `cmf_hook_plugin` WHERE  `status` = 1  AND 0 = 1 ORDER BY `list_order` ASC [ RunTime:0.000350s ]
[2024-12-06T12:59:11+08:00][sql] CONNECT:[ UseTime:0.000636s ] mysql:host=127.0.0.1;port=3306;dbname=zhibo;charset=utf8mb4
[2024-12-06T12:59:11+08:00][sql] SHOW FULL COLUMNS FROM `cmf_hook` [ RunTime:0.001550s ]
[2024-12-06T12:59:11+08:00][sql] SELECT `hook`,`id` FROM `cmf_hook` WHERE  (  (  `app` = '' OR `app` = 'cmf' )  AND `type` = 3 ) OR `type` = 1 [ RunTime:0.000713s ]
[2024-12-06T12:59:11+08:00][sql] SHOW FULL COLUMNS FROM `cmf_hook_plugin` [ RunTime:0.001307s ]
[2024-12-06T12:59:11+08:00][sql] SELECT `hook`,`plugin` FROM `cmf_hook_plugin` WHERE  `status` = 1  AND `hook` IN ('app_begin','module_init','action_begin','view_filter','app_end','log_write','response_end','admin_init','home_init','send_mobile_verification_code','body_start','before_head_end','footer_start','before_footer','before_footer_end','before_body_end','left_sidebar_start','before_left_sidebar_end','right_sidebar_start','before_right_sidebar_end','comment','guestbook','switch_theme','after_content','before_content','log_write_done','switch_admin_theme','captcha_image') ORDER BY `list_order` ASC [ RunTime:0.000677s ]
[2024-12-06T12:59:11+08:00][sql] SHOW FULL COLUMNS FROM `cmf_user` [ RunTime:0.001935s ]
[2024-12-06T12:59:11+08:00][sql] SELECT * FROM `cmf_user` WHERE  `id` = 1 LIMIT 1 [ RunTime:0.000872s ]
[2024-12-06T12:59:11+08:00][sql] SHOW FULL COLUMNS FROM `cmf_admin_menu` [ RunTime:0.001590s ]
[2024-12-06T12:59:11+08:00][sql] SELECT * FROM `cmf_admin_menu` ORDER BY `list_order` ASC [ RunTime:0.002734s ]
[2024-12-06T12:59:11+08:00][sql] CONNECT:[ UseTime:0.000637s ] mysql:host=127.0.0.1;port=3306;dbname=zhibo;charset=utf8mb4
[2024-12-06T12:59:11+08:00][sql] SHOW FULL COLUMNS FROM `cmf_hook` [ RunTime:0.001543s ]
[2024-12-06T12:59:11+08:00][sql] SELECT `hook`,`id` FROM `cmf_hook` WHERE  (  (  `app` = '' OR `app` = 'cmf' )  AND `type` = 3 ) OR `type` = 1 [ RunTime:0.000621s ]
[2024-12-06T12:59:11+08:00][sql] SHOW FULL COLUMNS FROM `cmf_hook_plugin` [ RunTime:0.001294s ]
[2024-12-06T12:59:11+08:00][sql] SELECT `hook`,`plugin` FROM `cmf_hook_plugin` WHERE  `status` = 1  AND `hook` IN ('app_begin','module_init','action_begin','view_filter','app_end','log_write','response_end','admin_init','home_init','send_mobile_verification_code','body_start','before_head_end','footer_start','before_footer','before_footer_end','before_body_end','left_sidebar_start','before_left_sidebar_end','right_sidebar_start','before_right_sidebar_end','comment','guestbook','switch_theme','after_content','before_content','log_write_done','switch_admin_theme','captcha_image') ORDER BY `list_order` ASC [ RunTime:0.000683s ]
[2024-12-06T12:59:31+08:00][sql] CONNECT:[ UseTime:0.000656s ] mysql:host=127.0.0.1;port=3306;dbname=zhibo;charset=utf8mb4
[2024-12-06T12:59:31+08:00][sql] SHOW FULL COLUMNS FROM `cmf_hook` [ RunTime:0.001547s ]
[2024-12-06T12:59:31+08:00][sql] SELECT `hook`,`id` FROM `cmf_hook` WHERE  (  (  `app` = '' OR `app` = 'cmf' )  AND `type` = 3 ) OR `type` = 1 [ RunTime:0.000639s ]
[2024-12-06T12:59:31+08:00][sql] SHOW FULL COLUMNS FROM `cmf_hook_plugin` [ RunTime:0.001241s ]
[2024-12-06T12:59:31+08:00][sql] SELECT `hook`,`plugin` FROM `cmf_hook_plugin` WHERE  `status` = 1  AND `hook` IN ('app_begin','module_init','action_begin','view_filter','app_end','log_write','response_end','admin_init','home_init','send_mobile_verification_code','body_start','before_head_end','footer_start','before_footer','before_footer_end','before_body_end','left_sidebar_start','before_left_sidebar_end','right_sidebar_start','before_right_sidebar_end','comment','guestbook','switch_theme','after_content','before_content','log_write_done','switch_admin_theme','captcha_image') ORDER BY `list_order` ASC [ RunTime:0.000665s ]
[2024-12-06T12:59:31+08:00][sql] SHOW FULL COLUMNS FROM `cmf_user` [ RunTime:0.001941s ]
[2024-12-06T12:59:31+08:00][sql] SELECT * FROM `cmf_user` WHERE  `id` = 1 LIMIT 1 [ RunTime:0.000833s ]
[2024-12-06T12:59:31+08:00][sql] SHOW FULL COLUMNS FROM `cmf_admin_menu` [ RunTime:0.001571s ]
[2024-12-06T12:59:31+08:00][sql] SELECT `parent_id` FROM `cmf_admin_menu` WHERE  `id` = 613 LIMIT 1 [ RunTime:0.000473s ]
[2024-12-06T12:59:31+08:00][sql] SELECT `parent_id` FROM `cmf_admin_menu` WHERE  `id` = 551 LIMIT 1 [ RunTime:0.000327s ]
[2024-12-06T12:59:31+08:00][sql] SELECT `id` FROM `cmf_admin_menu` WHERE  `app` = 'admin'  AND `controller` = 'article'  AND `action` = 'edit' LIMIT 1 [ RunTime:0.000455s ]
[2024-12-06T12:59:31+08:00][sql] INSERT INTO `cmf_admin_menu` SET `parent_id` = 613 , `name` = '编辑' , `app` = 'admin' , `controller` = 'article' , `action` = 'edit' , `param` = '' , `icon` = '' , `remark` = '' , `status` = 0 , `type` = 1 [ RunTime:0.006018s ]
[2024-12-06T12:59:31+08:00][sql] SHOW FULL COLUMNS FROM `cmf_auth_rule` [ RunTime:0.001510s ]
[2024-12-06T12:59:31+08:00][sql] SELECT COUNT(*) AS think_count FROM `cmf_auth_rule` WHERE  `app` = 'admin'  AND `name` = 'admin/article/edit'  AND `type` = 'admin_url' LIMIT 1 [ RunTime:0.000455s ]
[2024-12-06T12:59:31+08:00][sql] INSERT INTO `cmf_auth_rule` SET `name` = 'admin/article/edit' , `app` = 'admin' , `type` = 'admin_url' , `title` = '编辑' , `param` = '' [ RunTime:0.005746s ]
[2024-12-06T12:59:31+08:00][sql] SELECT * FROM `cmf_admin_menu` ORDER BY `app` ASC,`controller` ASC,`action` ASC [ RunTime:0.004507s ]
[2024-12-06T12:59:44+08:00][sql] CONNECT:[ UseTime:0.000706s ] mysql:host=127.0.0.1;port=3306;dbname=zhibo;charset=utf8mb4
[2024-12-06T12:59:44+08:00][sql] SHOW FULL COLUMNS FROM `cmf_hook` [ RunTime:0.001557s ]
[2024-12-06T12:59:44+08:00][sql] SELECT `hook`,`id` FROM `cmf_hook` WHERE  (  (  `app` = '' OR `app` = 'cmf' )  AND `type` = 3 ) OR `type` = 1 [ RunTime:0.000767s ]
[2024-12-06T12:59:44+08:00][sql] SHOW FULL COLUMNS FROM `cmf_hook_plugin` [ RunTime:0.001265s ]
[2024-12-06T12:59:44+08:00][sql] SELECT `hook`,`plugin` FROM `cmf_hook_plugin` WHERE  `status` = 1  AND `hook` IN ('app_begin','module_init','action_begin','view_filter','app_end','log_write','response_end','admin_init','home_init','send_mobile_verification_code','body_start','before_head_end','footer_start','before_footer','before_footer_end','before_body_end','left_sidebar_start','before_left_sidebar_end','right_sidebar_start','before_right_sidebar_end','comment','guestbook','switch_theme','after_content','before_content','log_write_done','switch_admin_theme','captcha_image') ORDER BY `list_order` ASC [ RunTime:0.000708s ]
[2024-12-06T12:59:44+08:00][sql] SELECT `hook` FROM `cmf_hook` WHERE  `app` = 'admin' [ RunTime:0.000768s ]
[2024-12-06T12:59:44+08:00][sql] SELECT `hook`,`plugin` FROM `cmf_hook_plugin` WHERE  `status` = 1  AND `hook` IN ('admin_dashboard','admin_login','admin_theme_design_view','admin_setting_site_view','admin_setting_clear_cache_view','admin_nav_index_view','admin_link_index_view','admin_slide_index_view','admin_user_index_view','admin_rbac_index_view','admin_index_index_view','admin_recycle_bin_index_view','admin_menu_index_view','admin_custom_login_open','admin_slide_item_index_view','admin_slide_item_add_view','admin_slide_item_edit_view','admin_user_add_view','admin_user_edit_view','admin_rbac_role_add_view','admin_rbac_role_edit_view','admin_rbac_authorize_view') ORDER BY `list_order` ASC [ RunTime:0.000612s ]
[2024-12-06T12:59:44+08:00][sql] SHOW FULL COLUMNS FROM `cmf_option` [ RunTime:0.001616s ]
[2024-12-06T12:59:44+08:00][sql] SELECT `option_value` FROM `cmf_option` WHERE  `option_name` = 'cdn_settings' LIMIT 1 [ RunTime:0.000477s ]
[2024-12-06T12:59:44+08:00][sql] SELECT `option_value` FROM `cmf_option` WHERE  `option_name` = 'site_info' LIMIT 1 [ RunTime:0.000706s ]
[2024-12-06T12:59:44+08:00][sql] SHOW FULL COLUMNS FROM `cmf_user` [ RunTime:0.001788s ]
[2024-12-06T12:59:44+08:00][sql] SELECT * FROM `cmf_user` WHERE  `id` = 1 LIMIT 1 [ RunTime:0.000817s ]
[2024-12-06T12:59:44+08:00][sql] SHOW FULL COLUMNS FROM `cmf_admin_menu` [ RunTime:0.001589s ]
[2024-12-06T12:59:44+08:00][sql] SELECT `parent_id` FROM `cmf_admin_menu` WHERE  `id` = 613 LIMIT 1 [ RunTime:0.000435s ]
[2024-12-06T12:59:44+08:00][sql] SELECT `parent_id` FROM `cmf_admin_menu` WHERE  `id` = 551 LIMIT 1 [ RunTime:0.000373s ]
[2024-12-06T12:59:44+08:00][sql] SELECT `id` FROM `cmf_admin_menu` WHERE  `app` = 'admin'  AND `controller` = 'article'  AND `action` = 'editPost' LIMIT 1 [ RunTime:0.000455s ]
[2024-12-06T12:59:44+08:00][sql] INSERT INTO `cmf_admin_menu` SET `parent_id` = 613 , `name` = '编辑保存' , `app` = 'admin' , `controller` = 'article' , `action` = 'editPost' , `param` = '' , `icon` = '' , `remark` = '' , `status` = 0 , `type` = 1 [ RunTime:0.006467s ]
[2024-12-06T12:59:44+08:00][sql] SHOW FULL COLUMNS FROM `cmf_auth_rule` [ RunTime:0.001465s ]
[2024-12-06T12:59:44+08:00][sql] SELECT COUNT(*) AS think_count FROM `cmf_auth_rule` WHERE  `app` = 'admin'  AND `name` = 'admin/article/editPost'  AND `type` = 'admin_url' LIMIT 1 [ RunTime:0.000475s ]
[2024-12-06T12:59:44+08:00][sql] INSERT INTO `cmf_auth_rule` SET `name` = 'admin/article/editPost' , `app` = 'admin' , `type` = 'admin_url' , `title` = '编辑保存' , `param` = '' [ RunTime:0.006996s ]
[2024-12-06T12:59:44+08:00][sql] SELECT * FROM `cmf_admin_menu` ORDER BY `app` ASC,`controller` ASC,`action` ASC [ RunTime:0.004036s ]
[2024-12-06T12:59:48+08:00][sql] CONNECT:[ UseTime:0.000625s ] mysql:host=127.0.0.1;port=3306;dbname=zhibo;charset=utf8mb4
[2024-12-06T12:59:48+08:00][sql] SHOW FULL COLUMNS FROM `cmf_hook` [ RunTime:0.001539s ]
[2024-12-06T12:59:48+08:00][sql] SELECT `hook`,`id` FROM `cmf_hook` WHERE  (  (  `app` = '' OR `app` = 'cmf' )  AND `type` = 3 ) OR `type` = 1 [ RunTime:0.000627s ]
[2024-12-06T12:59:48+08:00][sql] SHOW FULL COLUMNS FROM `cmf_hook_plugin` [ RunTime:0.001240s ]
[2024-12-06T12:59:48+08:00][sql] SELECT `hook`,`plugin` FROM `cmf_hook_plugin` WHERE  `status` = 1  AND `hook` IN ('app_begin','module_init','action_begin','view_filter','app_end','log_write','response_end','admin_init','home_init','send_mobile_verification_code','body_start','before_head_end','footer_start','before_footer','before_footer_end','before_body_end','left_sidebar_start','before_left_sidebar_end','right_sidebar_start','before_right_sidebar_end','comment','guestbook','switch_theme','after_content','before_content','log_write_done','switch_admin_theme','captcha_image') ORDER BY `list_order` ASC [ RunTime:0.000647s ]
[2024-12-06T12:59:48+08:00][sql] SELECT `hook` FROM `cmf_hook` WHERE  `app` = 'admin' [ RunTime:0.000718s ]
[2024-12-06T12:59:48+08:00][sql] SELECT `hook`,`plugin` FROM `cmf_hook_plugin` WHERE  `status` = 1  AND `hook` IN ('admin_dashboard','admin_login','admin_theme_design_view','admin_setting_site_view','admin_setting_clear_cache_view','admin_nav_index_view','admin_link_index_view','admin_slide_index_view','admin_user_index_view','admin_rbac_index_view','admin_index_index_view','admin_recycle_bin_index_view','admin_menu_index_view','admin_custom_login_open','admin_slide_item_index_view','admin_slide_item_add_view','admin_slide_item_edit_view','admin_user_add_view','admin_user_edit_view','admin_rbac_role_add_view','admin_rbac_role_edit_view','admin_rbac_authorize_view') ORDER BY `list_order` ASC [ RunTime:0.000576s ]
[2024-12-06T12:59:48+08:00][sql] SHOW FULL COLUMNS FROM `cmf_option` [ RunTime:0.001567s ]
[2024-12-06T12:59:48+08:00][sql] SELECT `option_value` FROM `cmf_option` WHERE  `option_name` = 'cdn_settings' LIMIT 1 [ RunTime:0.000427s ]
[2024-12-06T12:59:48+08:00][sql] SELECT `option_value` FROM `cmf_option` WHERE  `option_name` = 'site_info' LIMIT 1 [ RunTime:0.000722s ]
[2024-12-06T12:59:48+08:00][sql] SHOW FULL COLUMNS FROM `cmf_user` [ RunTime:0.001733s ]
[2024-12-06T12:59:48+08:00][sql] SELECT * FROM `cmf_user` WHERE  `id` = 1 LIMIT 1 [ RunTime:0.000793s ]
[2024-12-06T12:59:48+08:00][sql] SHOW FULL COLUMNS FROM `cmf_admin_menu` [ RunTime:0.001522s ]
[2024-12-06T12:59:48+08:00][sql] SELECT * FROM `cmf_admin_menu` ORDER BY `list_order` ASC [ RunTime:0.002693s ]
[2024-12-06T12:59:48+08:00][sql] SELECT `option_value` FROM `cmf_option` WHERE  `option_name` = 'admin_settings' LIMIT 1 [ RunTime:0.000990s ]
[2024-12-06T12:59:48+08:00][sql] CONNECT:[ UseTime:0.000639s ] mysql:host=127.0.0.1;port=3306;dbname=zhibo;charset=utf8mb4
[2024-12-06T12:59:48+08:00][sql] SHOW FULL COLUMNS FROM `cmf_hook` [ RunTime:0.001521s ]
[2024-12-06T12:59:48+08:00][sql] SELECT `hook`,`id` FROM `cmf_hook` WHERE  (  (  `app` = '' OR `app` = 'cmf' )  AND `type` = 3 ) OR `type` = 1 [ RunTime:0.000664s ]
[2024-12-06T12:59:48+08:00][sql] SHOW FULL COLUMNS FROM `cmf_hook_plugin` [ RunTime:0.001304s ]
[2024-12-06T12:59:48+08:00][sql] SELECT `hook`,`plugin` FROM `cmf_hook_plugin` WHERE  `status` = 1  AND `hook` IN ('app_begin','module_init','action_begin','view_filter','app_end','log_write','response_end','admin_init','home_init','send_mobile_verification_code','body_start','before_head_end','footer_start','before_footer','before_footer_end','before_body_end','left_sidebar_start','before_left_sidebar_end','right_sidebar_start','before_right_sidebar_end','comment','guestbook','switch_theme','after_content','before_content','log_write_done','switch_admin_theme','captcha_image') ORDER BY `list_order` ASC [ RunTime:0.000678s ]
[2024-12-06T12:59:48+08:00][sql] SELECT `hook` FROM `cmf_hook` WHERE  `app` = '404' [ RunTime:0.000713s ]
[2024-12-06T12:59:48+08:00][sql] SELECT `hook`,`plugin` FROM `cmf_hook_plugin` WHERE  `status` = 1  AND 0 = 1 ORDER BY `list_order` ASC [ RunTime:0.000347s ]
[2024-12-06T13:00:00+08:00][sql] CONNECT:[ UseTime:0.000668s ] mysql:host=127.0.0.1;port=3306;dbname=zhibo;charset=utf8mb4
[2024-12-06T13:00:00+08:00][sql] SHOW FULL COLUMNS FROM `cmf_hook` [ RunTime:0.001500s ]
[2024-12-06T13:00:00+08:00][sql] SELECT `hook`,`id` FROM `cmf_hook` WHERE  (  (  `app` = '' OR `app` = 'cmf' )  AND `type` = 3 ) OR `type` = 1 [ RunTime:0.000648s ]
[2024-12-06T13:00:00+08:00][sql] SHOW FULL COLUMNS FROM `cmf_hook_plugin` [ RunTime:0.001244s ]
[2024-12-06T13:00:00+08:00][sql] SELECT `hook`,`plugin` FROM `cmf_hook_plugin` WHERE  `status` = 1  AND `hook` IN ('app_begin','module_init','action_begin','view_filter','app_end','log_write','response_end','admin_init','home_init','send_mobile_verification_code','body_start','before_head_end','footer_start','before_footer','before_footer_end','before_body_end','left_sidebar_start','before_left_sidebar_end','right_sidebar_start','before_right_sidebar_end','comment','guestbook','switch_theme','after_content','before_content','log_write_done','switch_admin_theme','captcha_image') ORDER BY `list_order` ASC [ RunTime:0.000747s ]
[2024-12-06T13:00:00+08:00][sql] SHOW FULL COLUMNS FROM `cmf_user` [ RunTime:0.001913s ]
[2024-12-06T13:00:00+08:00][sql] SELECT * FROM `cmf_user` WHERE  `id` = 1 LIMIT 1 [ RunTime:0.000863s ]
[2024-12-06T13:00:00+08:00][sql] SHOW FULL COLUMNS FROM `cmf_article` [ RunTime:0.001368s ]
[2024-12-06T13:00:00+08:00][sql] SELECT COUNT(*) AS think_count FROM `cmf_article` LIMIT 1 [ RunTime:0.000340s ]
[2024-12-06T13:00:00+08:00][sql] SELECT * FROM `cmf_article` ORDER BY `list_order` ASC,`id` DESC LIMIT 0,20 [ RunTime:0.000361s ]
[2024-12-06T13:00:00+08:00][sql] CONNECT:[ UseTime:0.000667s ] mysql:host=127.0.0.1;port=3306;dbname=zhibo;charset=utf8mb4
[2024-12-06T13:00:00+08:00][sql] SHOW FULL COLUMNS FROM `cmf_hook` [ RunTime:0.001559s ]
[2024-12-06T13:00:00+08:00][sql] SELECT `hook`,`id` FROM `cmf_hook` WHERE  (  (  `app` = '' OR `app` = 'cmf' )  AND `type` = 3 ) OR `type` = 1 [ RunTime:0.000639s ]
[2024-12-06T13:00:00+08:00][sql] SHOW FULL COLUMNS FROM `cmf_hook_plugin` [ RunTime:0.001231s ]
[2024-12-06T13:00:00+08:00][sql] SELECT `hook`,`plugin` FROM `cmf_hook_plugin` WHERE  `status` = 1  AND `hook` IN ('app_begin','module_init','action_begin','view_filter','app_end','log_write','response_end','admin_init','home_init','send_mobile_verification_code','body_start','before_head_end','footer_start','before_footer','before_footer_end','before_body_end','left_sidebar_start','before_left_sidebar_end','right_sidebar_start','before_right_sidebar_end','comment','guestbook','switch_theme','after_content','before_content','log_write_done','switch_admin_theme','captcha_image') ORDER BY `list_order` ASC [ RunTime:0.000657s ]
[2024-12-06T13:00:06+08:00][sql] CONNECT:[ UseTime:0.000664s ] mysql:host=127.0.0.1;port=3306;dbname=zhibo;charset=utf8mb4
[2024-12-06T13:00:06+08:00][sql] SHOW FULL COLUMNS FROM `cmf_hook` [ RunTime:0.001508s ]
[2024-12-06T13:00:06+08:00][sql] SELECT `hook`,`id` FROM `cmf_hook` WHERE  (  (  `app` = '' OR `app` = 'cmf' )  AND `type` = 3 ) OR `type` = 1 [ RunTime:0.000599s ]
[2024-12-06T13:00:06+08:00][sql] SHOW FULL COLUMNS FROM `cmf_hook_plugin` [ RunTime:0.001232s ]
[2024-12-06T13:00:06+08:00][sql] SELECT `hook`,`plugin` FROM `cmf_hook_plugin` WHERE  `status` = 1  AND `hook` IN ('app_begin','module_init','action_begin','view_filter','app_end','log_write','response_end','admin_init','home_init','send_mobile_verification_code','body_start','before_head_end','footer_start','before_footer','before_footer_end','before_body_end','left_sidebar_start','before_left_sidebar_end','right_sidebar_start','before_right_sidebar_end','comment','guestbook','switch_theme','after_content','before_content','log_write_done','switch_admin_theme','captcha_image') ORDER BY `list_order` ASC [ RunTime:0.000674s ]
[2024-12-06T13:00:06+08:00][sql] SHOW FULL COLUMNS FROM `cmf_user` [ RunTime:0.001914s ]
[2024-12-06T13:00:06+08:00][sql] SELECT * FROM `cmf_user` WHERE  `id` = 1 LIMIT 1 [ RunTime:0.000834s ]
[2024-12-06T13:00:06+08:00][sql] SHOW FULL COLUMNS FROM `cmf_article` [ RunTime:0.001408s ]
[2024-12-06T13:00:06+08:00][sql] DELETE FROM `cmf_article` WHERE  ( id=10 ) [ RunTime:0.012290s ]
[2024-12-06T13:00:06+08:00][error] [10501]SQLSTATE[42S22]: Column not found: 1054 Unknown column 'article_name_en' in 'field list'[/www/wwwroot/xiangqu8.com/vendor/topthink/think-orm/src/db/PDOConnection.php:797]
[2024-12-06T13:00:13+08:00][sql] CONNECT:[ UseTime:0.000631s ] mysql:host=127.0.0.1;port=3306;dbname=zhibo;charset=utf8mb4
[2024-12-06T13:00:13+08:00][sql] SHOW FULL COLUMNS FROM `cmf_hook` [ RunTime:0.001538s ]
[2024-12-06T13:00:13+08:00][sql] SELECT `hook`,`id` FROM `cmf_hook` WHERE  (  (  `app` = '' OR `app` = 'cmf' )  AND `type` = 3 ) OR `type` = 1 [ RunTime:0.000622s ]
[2024-12-06T13:00:13+08:00][sql] SHOW FULL COLUMNS FROM `cmf_hook_plugin` [ RunTime:0.001256s ]
[2024-12-06T13:00:13+08:00][sql] SELECT `hook`,`plugin` FROM `cmf_hook_plugin` WHERE  `status` = 1  AND `hook` IN ('app_begin','module_init','action_begin','view_filter','app_end','log_write','response_end','admin_init','home_init','send_mobile_verification_code','body_start','before_head_end','footer_start','before_footer','before_footer_end','before_body_end','left_sidebar_start','before_left_sidebar_end','right_sidebar_start','before_right_sidebar_end','comment','guestbook','switch_theme','after_content','before_content','log_write_done','switch_admin_theme','captcha_image') ORDER BY `list_order` ASC [ RunTime:0.000717s ]
[2024-12-06T13:00:13+08:00][sql] SHOW FULL COLUMNS FROM `cmf_user` [ RunTime:0.001966s ]
[2024-12-06T13:00:13+08:00][sql] SELECT * FROM `cmf_user` WHERE  `id` = 1 LIMIT 1 [ RunTime:0.000834s ]
[2024-12-06T13:00:13+08:00][sql] SHOW FULL COLUMNS FROM `cmf_article` [ RunTime:0.001330s ]
[2024-12-06T13:00:13+08:00][sql] DELETE FROM `cmf_article` WHERE  ( id=10 ) [ RunTime:0.000411s ]
[2024-12-06T13:00:20+08:00][sql] CONNECT:[ UseTime:0.000647s ] mysql:host=127.0.0.1;port=3306;dbname=zhibo;charset=utf8mb4
[2024-12-06T13:00:20+08:00][sql] SHOW FULL COLUMNS FROM `cmf_hook` [ RunTime:0.001504s ]
[2024-12-06T13:00:20+08:00][sql] SELECT `hook`,`id` FROM `cmf_hook` WHERE  (  (  `app` = '' OR `app` = 'cmf' )  AND `type` = 3 ) OR `type` = 1 [ RunTime:0.000641s ]
[2024-12-06T13:00:20+08:00][sql] SHOW FULL COLUMNS FROM `cmf_hook_plugin` [ RunTime:0.001246s ]
[2024-12-06T13:00:20+08:00][sql] SELECT `hook`,`plugin` FROM `cmf_hook_plugin` WHERE  `status` = 1  AND `hook` IN ('app_begin','module_init','action_begin','view_filter','app_end','log_write','response_end','admin_init','home_init','send_mobile_verification_code','body_start','before_head_end','footer_start','before_footer','before_footer_end','before_body_end','left_sidebar_start','before_left_sidebar_end','right_sidebar_start','before_right_sidebar_end','comment','guestbook','switch_theme','after_content','before_content','log_write_done','switch_admin_theme','captcha_image') ORDER BY `list_order` ASC [ RunTime:0.000724s ]
[2024-12-06T13:00:20+08:00][sql] SHOW FULL COLUMNS FROM `cmf_user` [ RunTime:0.001980s ]
[2024-12-06T13:00:20+08:00][sql] SELECT * FROM `cmf_user` WHERE  `id` = 1 LIMIT 1 [ RunTime:0.000861s ]
[2024-12-06T13:00:20+08:00][sql] SHOW FULL COLUMNS FROM `cmf_admin_menu` [ RunTime:0.001659s ]
[2024-12-06T13:00:20+08:00][sql] SELECT * FROM `cmf_admin_menu` WHERE  `parent_id` = 0  AND `status` = 1 ORDER BY `list_order` ASC [ RunTime:0.001082s ]
[2024-12-06T13:00:20+08:00][sql] SELECT * FROM `cmf_admin_menu` WHERE  `parent_id` = 6  AND `status` = 1 ORDER BY `list_order` ASC [ RunTime:0.001042s ]
[2024-12-06T13:00:20+08:00][sql] SELECT * FROM `cmf_admin_menu` WHERE  `parent_id` = 71  AND `status` = 1 ORDER BY `list_order` ASC [ RunTime:0.000704s ]
[2024-12-06T13:00:20+08:00][sql] SELECT * FROM `cmf_admin_menu` WHERE  `parent_id` = 169  AND `status` = 1 ORDER BY `list_order` ASC [ RunTime:0.000556s ]
[2024-12-06T13:00:20+08:00][sql] SELECT * FROM `cmf_admin_menu` WHERE  `parent_id` = 78  AND `status` = 1 ORDER BY `list_order` ASC [ RunTime:0.000589s ]
[2024-12-06T13:00:20+08:00][sql] SELECT * FROM `cmf_admin_menu` WHERE  `parent_id` = 75  AND `status` = 1 ORDER BY `list_order` ASC [ RunTime:0.000505s ]
[2024-12-06T13:00:20+08:00][sql] SELECT * FROM `cmf_admin_menu` WHERE  `parent_id` = 171  AND `status` = 1 ORDER BY `list_order` ASC [ RunTime:0.000580s ]
[2024-12-06T13:00:20+08:00][sql] SELECT * FROM `cmf_admin_menu` WHERE  `parent_id` = 110  AND `status` = 1 ORDER BY `list_order` ASC [ RunTime:0.000625s ]
[2024-12-06T13:00:20+08:00][sql] SELECT * FROM `cmf_admin_menu` WHERE  `parent_id` = 49  AND `status` = 1 ORDER BY `list_order` ASC [ RunTime:0.000583s ]
[2024-12-06T13:00:20+08:00][sql] SELECT * FROM `cmf_admin_menu` WHERE  `parent_id` = 50  AND `status` = 1 ORDER BY `list_order` ASC [ RunTime:0.000665s ]
[2024-12-06T13:00:20+08:00][sql] SELECT * FROM `cmf_admin_menu` WHERE  `parent_id` = 111  AND `status` = 1 ORDER BY `list_order` ASC [ RunTime:0.000549s ]
[2024-12-06T13:00:20+08:00][sql] SELECT * FROM `cmf_admin_menu` WHERE  `parent_id` = 180  AND `status` = 1 ORDER BY `list_order` ASC [ RunTime:0.000580s ]
[2024-12-06T13:00:20+08:00][sql] SELECT * FROM `cmf_admin_menu` WHERE  `parent_id` = 123  AND `status` = 1 ORDER BY `list_order` ASC [ RunTime:0.000588s ]
[2024-12-06T13:00:20+08:00][sql] SELECT * FROM `cmf_admin_menu` WHERE  `parent_id` = 124  AND `status` = 1 ORDER BY `list_order` ASC [ RunTime:0.000567s ]
[2024-12-06T13:00:20+08:00][sql] SELECT * FROM `cmf_admin_menu` WHERE  `parent_id` = 199  AND `status` = 1 ORDER BY `list_order` ASC [ RunTime:0.000590s ]
[2024-12-06T13:00:20+08:00][sql] SELECT * FROM `cmf_admin_menu` WHERE  `parent_id` = 206  AND `status` = 1 ORDER BY `list_order` ASC [ RunTime:0.000538s ]
[2024-12-06T13:00:20+08:00][sql] SELECT * FROM `cmf_admin_menu` WHERE  `parent_id` = 214  AND `status` = 1 ORDER BY `list_order` ASC [ RunTime:0.000522s ]
[2024-12-06T13:00:20+08:00][sql] SELECT * FROM `cmf_admin_menu` WHERE  `parent_id` = 218  AND `status` = 1 ORDER BY `list_order` ASC [ RunTime:0.000697s ]
[2024-12-06T13:00:20+08:00][sql] SELECT * FROM `cmf_admin_menu` WHERE  `parent_id` = 219  AND `status` = 1 ORDER BY `list_order` ASC [ RunTime:0.000656s ]
[2024-12-06T13:00:20+08:00][sql] SELECT * FROM `cmf_admin_menu` WHERE  `parent_id` = 226  AND `status` = 1 ORDER BY `list_order` ASC [ RunTime:0.000498s ]
[2024-12-06T13:00:20+08:00][sql] SELECT * FROM `cmf_admin_menu` WHERE  `parent_id` = 228  AND `status` = 1 ORDER BY `list_order` ASC [ RunTime:0.000480s ]
[2024-12-06T13:00:20+08:00][sql] SELECT * FROM `cmf_admin_menu` WHERE  `parent_id` = 229  AND `status` = 1 ORDER BY `list_order` ASC [ RunTime:0.000474s ]
[2024-12-06T13:00:20+08:00][sql] SELECT * FROM `cmf_admin_menu` WHERE  `parent_id` = 232  AND `status` = 1 ORDER BY `list_order` ASC [ RunTime:0.000562s ]
[2024-12-06T13:00:20+08:00][sql] SELECT * FROM `cmf_admin_menu` WHERE  `parent_id` = 238  AND `status` = 1 ORDER BY `list_order` ASC [ RunTime:0.000520s ]
[2024-12-06T13:00:20+08:00][sql] SELECT * FROM `cmf_admin_menu` WHERE  `parent_id` = 241  AND `status` = 1 ORDER BY `list_order` ASC [ RunTime:0.000601s ]
[2024-12-06T13:00:20+08:00][sql] SELECT * FROM `cmf_admin_menu` WHERE  `parent_id` = 261  AND `status` = 1 ORDER BY `list_order` ASC [ RunTime:0.000540s ]
[2024-12-06T13:00:20+08:00][sql] SELECT * FROM `cmf_admin_menu` WHERE  `parent_id` = 268  AND `status` = 1 ORDER BY `list_order` ASC [ RunTime:0.000558s ]
[2024-12-06T13:00:20+08:00][sql] SELECT * FROM `cmf_admin_menu` WHERE  `parent_id` = 269  AND `status` = 1 ORDER BY `list_order` ASC [ RunTime:0.000553s ]
[2024-12-06T13:00:20+08:00][sql] SELECT * FROM `cmf_admin_menu` WHERE  `parent_id` = 276  AND `status` = 1 ORDER BY `list_order` ASC [ RunTime:0.000554s ]
[2024-12-06T13:00:20+08:00][sql] SELECT * FROM `cmf_admin_menu` WHERE  `parent_id` = 279  AND `status` = 1 ORDER BY `list_order` ASC [ RunTime:0.000470s ]
[2024-12-06T13:00:20+08:00][sql] SELECT * FROM `cmf_admin_menu` WHERE  `parent_id` = 598  AND `status` = 1 ORDER BY `list_order` ASC [ RunTime:0.000478s ]
[2024-12-06T13:00:20+08:00][sql] SELECT * FROM `cmf_admin_menu` WHERE  `parent_id` = 281  AND `status` = 1 ORDER BY `list_order` ASC [ RunTime:0.000602s ]
[2024-12-06T13:00:20+08:00][sql] SELECT * FROM `cmf_admin_menu` WHERE  `parent_id` = 282  AND `status` = 1 ORDER BY `list_order` ASC [ RunTime:0.000617s ]
[2024-12-06T13:00:20+08:00][sql] SELECT * FROM `cmf_admin_menu` WHERE  `parent_id` = 290  AND `status` = 1 ORDER BY `list_order` ASC [ RunTime:0.000592s ]
[2024-12-06T13:00:20+08:00][sql] SELECT * FROM `cmf_admin_menu` WHERE  `parent_id` = 291  AND `status` = 1 ORDER BY `list_order` ASC [ RunTime:0.000557s ]
[2024-12-06T13:00:20+08:00][sql] SELECT * FROM `cmf_admin_menu` WHERE  `parent_id` = 292  AND `status` = 1 ORDER BY `list_order` ASC [ RunTime:0.000492s ]
[2024-12-06T13:00:20+08:00][sql] SELECT * FROM `cmf_admin_menu` WHERE  `parent_id` = 293  AND `status` = 1 ORDER BY `list_order` ASC [ RunTime:0.000459s ]
[2024-12-06T13:00:20+08:00][sql] SELECT * FROM `cmf_admin_menu` WHERE  `parent_id` = 294  AND `status` = 1 ORDER BY `list_order` ASC [ RunTime:0.000461s ]
[2024-12-06T13:00:20+08:00][sql] SELECT * FROM `cmf_admin_menu` WHERE  `parent_id` = 302  AND `status` = 1 ORDER BY `list_order` ASC [ RunTime:0.000603s ]
[2024-12-06T13:00:20+08:00][sql] SELECT * FROM `cmf_admin_menu` WHERE  `parent_id` = 309  AND `status` = 1 ORDER BY `list_order` ASC [ RunTime:0.000564s ]
[2024-12-06T13:00:20+08:00][sql] SELECT * FROM `cmf_admin_menu` WHERE  `parent_id` = 312  AND `status` = 1 ORDER BY `list_order` ASC [ RunTime:0.000616s ]
[2024-12-06T13:00:20+08:00][sql] SELECT * FROM `cmf_admin_menu` WHERE  `parent_id` = 313  AND `status` = 1 ORDER BY `list_order` ASC [ RunTime:0.000568s ]
[2024-12-06T13:00:20+08:00][sql] SELECT * FROM `cmf_admin_menu` WHERE  `parent_id` = 321  AND `status` = 1 ORDER BY `list_order` ASC [ RunTime:0.000555s ]
[2024-12-06T13:00:20+08:00][sql] SELECT * FROM `cmf_admin_menu` WHERE  `parent_id` = 336  AND `status` = 1 ORDER BY `list_order` ASC [ RunTime:0.000585s ]
[2024-12-06T13:00:20+08:00][sql] SELECT * FROM `cmf_admin_menu` WHERE  `parent_id` = 337  AND `status` = 1 ORDER BY `list_order` ASC [ RunTime:0.000523s ]
[2024-12-06T13:00:20+08:00][sql] SELECT * FROM `cmf_admin_menu` WHERE  `parent_id` = 338  AND `status` = 1 ORDER BY `list_order` ASC [ RunTime:0.000584s ]
[2024-12-06T13:00:20+08:00][sql] SELECT * FROM `cmf_admin_menu` WHERE  `parent_id` = 339  AND `status` = 1 ORDER BY `list_order` ASC [ RunTime:0.000481s ]
[2024-12-06T13:00:20+08:00][sql] SELECT * FROM `cmf_admin_menu` WHERE  `parent_id` = 340  AND `status` = 1 ORDER BY `list_order` ASC [ RunTime:0.000467s ]
[2024-12-06T13:00:20+08:00][sql] SELECT * FROM `cmf_admin_menu` WHERE  `parent_id` = 351  AND `status` = 1 ORDER BY `list_order` ASC [ RunTime:0.000567s ]
[2024-12-06T13:00:20+08:00][sql] SELECT * FROM `cmf_admin_menu` WHERE  `parent_id` = 358  AND `status` = 1 ORDER BY `list_order` ASC [ RunTime:0.000470s ]
[2024-12-06T13:00:20+08:00][sql] SELECT * FROM `cmf_admin_menu` WHERE  `parent_id` = 360  AND `status` = 1 ORDER BY `list_order` ASC [ RunTime:0.000610s ]
[2024-12-06T13:00:20+08:00][sql] SELECT * FROM `cmf_admin_menu` WHERE  `parent_id` = 365  AND `status` = 1 ORDER BY `list_order` ASC [ RunTime:0.000511s ]
[2024-12-06T13:00:20+08:00][sql] SELECT * FROM `cmf_admin_menu` WHERE  `parent_id` = 366  AND `status` = 1 ORDER BY `list_order` ASC [ RunTime:0.000510s ]
[2024-12-06T13:00:20+08:00][sql] SELECT * FROM `cmf_admin_menu` WHERE  `parent_id` = 371  AND `status` = 1 ORDER BY `list_order` ASC [ RunTime:0.000655s ]
[2024-12-06T13:00:20+08:00][sql] SELECT * FROM `cmf_admin_menu` WHERE  `parent_id` = 372  AND `status` = 1 ORDER BY `list_order` ASC [ RunTime:0.000673s ]
[2024-12-06T13:00:20+08:00][sql] SELECT * FROM `cmf_admin_menu` WHERE  `parent_id` = 373  AND `status` = 1 ORDER BY `list_order` ASC [ RunTime:0.000487s ]
[2024-12-06T13:00:20+08:00][sql] SELECT * FROM `cmf_admin_menu` WHERE  `parent_id` = 374  AND `status` = 1 ORDER BY `list_order` ASC [ RunTime:0.000451s ]
[2024-12-06T13:00:20+08:00][sql] SELECT * FROM `cmf_admin_menu` WHERE  `parent_id` = 381  AND `status` = 1 ORDER BY `list_order` ASC [ RunTime:0.000569s ]
[2024-12-06T13:00:20+08:00][sql] SELECT * FROM `cmf_admin_menu` WHERE  `parent_id` = 384  AND `status` = 1 ORDER BY `list_order` ASC [ RunTime:0.000554s ]
[2024-12-06T13:00:20+08:00][sql] SELECT * FROM `cmf_admin_menu` WHERE  `parent_id` = 388  AND `status` = 1 ORDER BY `list_order` ASC [ RunTime:0.000469s ]
[2024-12-06T13:00:20+08:00][sql] SELECT * FROM `cmf_admin_menu` WHERE  `parent_id` = 390  AND `status` = 1 ORDER BY `list_order` ASC [ RunTime:0.000611s ]
[2024-12-06T13:00:20+08:00][sql] SELECT * FROM `cmf_admin_menu` WHERE  `parent_id` = 394  AND `status` = 1 ORDER BY `list_order` ASC [ RunTime:0.000461s ]
[2024-12-06T13:00:20+08:00][sql] SELECT * FROM `cmf_admin_menu` WHERE  `parent_id` = 395  AND `status` = 1 ORDER BY `list_order` ASC [ RunTime:0.000662s ]
[2024-12-06T13:00:20+08:00][sql] SELECT * FROM `cmf_admin_menu` WHERE  `parent_id` = 396  AND `status` = 1 ORDER BY `list_order` ASC [ RunTime:0.000562s ]
[2024-12-06T13:00:20+08:00][sql] SELECT * FROM `cmf_admin_menu` WHERE  `parent_id` = 404  AND `status` = 1 ORDER BY `list_order` ASC [ RunTime:0.000552s ]
[2024-12-06T13:00:20+08:00][sql] SELECT * FROM `cmf_admin_menu` WHERE  `parent_id` = 410  AND `status` = 1 ORDER BY `list_order` ASC [ RunTime:0.000549s ]
[2024-12-06T13:00:20+08:00][sql] SELECT * FROM `cmf_admin_menu` WHERE  `parent_id` = 414  AND `status` = 1 ORDER BY `list_order` ASC [ RunTime:0.000611s ]
[2024-12-06T13:00:20+08:00][sql] SELECT * FROM `cmf_admin_menu` WHERE  `parent_id` = 415  AND `status` = 1 ORDER BY `list_order` ASC [ RunTime:0.000614s ]
[2024-12-06T13:00:20+08:00][sql] SELECT * FROM `cmf_admin_menu` WHERE  `parent_id` = 422  AND `status` = 1 ORDER BY `list_order` ASC [ RunTime:0.000576s ]
[2024-12-06T13:00:20+08:00][sql] SELECT * FROM `cmf_admin_menu` WHERE  `parent_id` = 430  AND `status` = 1 ORDER BY `list_order` ASC [ RunTime:0.000587s ]
[2024-12-06T13:00:20+08:00][sql] SELECT * FROM `cmf_admin_menu` WHERE  `parent_id` = 591  AND `status` = 1 ORDER BY `list_order` ASC [ RunTime:0.000609s ]
[2024-12-06T13:00:20+08:00][sql] SELECT * FROM `cmf_admin_menu` WHERE  `parent_id` = 592  AND `status` = 1 ORDER BY `list_order` ASC [ RunTime:0.000576s ]
[2024-12-06T13:00:20+08:00][sql] SELECT * FROM `cmf_admin_menu` WHERE  `parent_id` = 437  AND `status` = 1 ORDER BY `list_order` ASC [ RunTime:0.000500s ]
[2024-12-06T13:00:20+08:00][sql] SELECT * FROM `cmf_admin_menu` WHERE  `parent_id` = 439  AND `status` = 1 ORDER BY `list_order` ASC [ RunTime:0.000598s ]
[2024-12-06T13:00:20+08:00][sql] SELECT * FROM `cmf_admin_menu` WHERE  `parent_id` = 446  AND `status` = 1 ORDER BY `list_order` ASC [ RunTime:0.000568s ]
[2024-12-06T13:00:20+08:00][sql] SELECT * FROM `cmf_admin_menu` WHERE  `parent_id` = 447  AND `status` = 1 ORDER BY `list_order` ASC [ RunTime:0.000565s ]
[2024-12-06T13:00:20+08:00][sql] SELECT * FROM `cmf_admin_menu` WHERE  `parent_id` = 448  AND `status` = 1 ORDER BY `list_order` ASC [ RunTime:0.000594s ]
[2024-12-06T13:00:20+08:00][sql] SELECT * FROM `cmf_admin_menu` WHERE  `parent_id` = 459  AND `status` = 1 ORDER BY `list_order` ASC [ RunTime:0.000633s ]
[2024-12-06T13:00:20+08:00][sql] SELECT * FROM `cmf_admin_menu` WHERE  `parent_id` = 460  AND `status` = 1 ORDER BY `list_order` ASC [ RunTime:0.000478s ]
[2024-12-06T13:00:20+08:00][sql] SELECT * FROM `cmf_admin_menu` WHERE  `parent_id` = 461  AND `status` = 1 ORDER BY `list_order` ASC [ RunTime:0.000443s ]
[2024-12-06T13:00:20+08:00][sql] SELECT * FROM `cmf_admin_menu` WHERE  `parent_id` = 462  AND `status` = 1 ORDER BY `list_order` ASC [ RunTime:0.000702s ]
[2024-12-06T13:00:20+08:00][sql] SELECT * FROM `cmf_admin_menu` WHERE  `parent_id` = 463  AND `status` = 1 ORDER BY `list_order` ASC [ RunTime:0.000785s ]
[2024-12-06T13:00:20+08:00][sql] SELECT * FROM `cmf_admin_menu` WHERE  `parent_id` = 469  AND `status` = 1 ORDER BY `list_order` ASC [ RunTime:0.000499s ]
[2024-12-06T13:00:20+08:00][sql] SELECT * FROM `cmf_admin_menu` WHERE  `parent_id` = 471  AND `status` = 1 ORDER BY `list_order` ASC [ RunTime:0.000566s ]
[2024-12-06T13:00:20+08:00][sql] SELECT * FROM `cmf_admin_menu` WHERE  `parent_id` = 484  AND `status` = 1 ORDER BY `list_order` ASC [ RunTime:0.000484s ]
[2024-12-06T13:00:20+08:00][sql] SELECT * FROM `cmf_admin_menu` WHERE  `parent_id` = 485  AND `status` = 1 ORDER BY `list_order` ASC [ RunTime:0.000455s ]
[2024-12-06T13:00:20+08:00][sql] SELECT * FROM `cmf_admin_menu` WHERE  `parent_id` = 487  AND `status` = 1 ORDER BY `list_order` ASC [ RunTime:0.000578s ]
[2024-12-06T13:00:20+08:00][sql] SELECT * FROM `cmf_admin_menu` WHERE  `parent_id` = 494  AND `status` = 1 ORDER BY `list_order` ASC [ RunTime:0.000570s ]
[2024-12-06T13:00:20+08:00][sql] SELECT * FROM `cmf_admin_menu` WHERE  `parent_id` = 501  AND `status` = 1 ORDER BY `list_order` ASC [ RunTime:0.000565s ]
[2024-12-06T13:00:20+08:00][sql] SELECT * FROM `cmf_admin_menu` WHERE  `parent_id` = 508  AND `status` = 1 ORDER BY `list_order` ASC [ RunTime:0.000641s ]
[2024-12-06T13:00:20+08:00][sql] SELECT * FROM `cmf_admin_menu` WHERE  `parent_id` = 515  AND `status` = 1 ORDER BY `list_order` ASC [ RunTime:0.000635s ]
[2024-12-06T13:00:20+08:00][sql] SELECT * FROM `cmf_admin_menu` WHERE  `parent_id` = 519  AND `status` = 1 ORDER BY `list_order` ASC [ RunTime:0.000560s ]
[2024-12-06T13:00:20+08:00][sql] SELECT * FROM `cmf_admin_menu` WHERE  `parent_id` = 524  AND `status` = 1 ORDER BY `list_order` ASC [ RunTime:0.000592s ]
[2024-12-06T13:00:20+08:00][sql] SELECT * FROM `cmf_admin_menu` WHERE  `parent_id` = 525  AND `status` = 1 ORDER BY `list_order` ASC [ RunTime:0.000585s ]
[2024-12-06T13:00:20+08:00][sql] SELECT * FROM `cmf_admin_menu` WHERE  `parent_id` = 532  AND `status` = 1 ORDER BY `list_order` ASC [ RunTime:0.000563s ]
[2024-12-06T13:00:20+08:00][sql] SELECT * FROM `cmf_admin_menu` WHERE  `parent_id` = 536  AND `status` = 1 ORDER BY `list_order` ASC [ RunTime:0.000613s ]
[2024-12-06T13:00:20+08:00][sql] SELECT * FROM `cmf_admin_menu` WHERE  `parent_id` = 537  AND `status` = 1 ORDER BY `list_order` ASC [ RunTime:0.000600s ]
[2024-12-06T13:00:20+08:00][sql] SELECT * FROM `cmf_admin_menu` WHERE  `parent_id` = 541  AND `status` = 1 ORDER BY `list_order` ASC [ RunTime:0.000583s ]
[2024-12-06T13:00:20+08:00][sql] SELECT * FROM `cmf_admin_menu` WHERE  `parent_id` = 542  AND `status` = 1 ORDER BY `list_order` ASC [ RunTime:0.000471s ]
[2024-12-06T13:00:20+08:00][sql] SELECT * FROM `cmf_admin_menu` WHERE  `parent_id` = 543  AND `status` = 1 ORDER BY `list_order` ASC [ RunTime:0.000462s ]
[2024-12-06T13:00:20+08:00][sql] SELECT * FROM `cmf_admin_menu` WHERE  `parent_id` = 547  AND `status` = 1 ORDER BY `list_order` ASC [ RunTime:0.000613s ]
[2024-12-06T13:00:20+08:00][sql] SELECT * FROM `cmf_admin_menu` WHERE  `parent_id` = 551  AND `status` = 1 ORDER BY `list_order` ASC [ RunTime:0.000638s ]
[2024-12-06T13:00:20+08:00][sql] SELECT * FROM `cmf_admin_menu` WHERE  `parent_id` = 552  AND `status` = 1 ORDER BY `list_order` ASC [ RunTime:0.000636s ]
[2024-12-06T13:00:20+08:00][sql] SELECT * FROM `cmf_admin_menu` WHERE  `parent_id` = 553  AND `status` = 1 ORDER BY `list_order` ASC [ RunTime:0.000566s ]
[2024-12-06T13:00:20+08:00][sql] SELECT * FROM `cmf_admin_menu` WHERE  `parent_id` = 554  AND `status` = 1 ORDER BY `list_order` ASC [ RunTime:0.000509s ]
[2024-12-06T13:00:20+08:00][sql] SELECT * FROM `cmf_admin_menu` WHERE  `parent_id` = 613  AND `status` = 1 ORDER BY `list_order` ASC [ RunTime:0.000603s ]
[2024-12-06T13:00:20+08:00][sql] SELECT * FROM `cmf_admin_menu` WHERE  `parent_id` = 572  AND `status` = 1 ORDER BY `list_order` ASC [ RunTime:0.000611s ]
[2024-12-06T13:00:20+08:00][sql] SELECT * FROM `cmf_admin_menu` WHERE  `parent_id` = 580  AND `status` = 1 ORDER BY `list_order` ASC [ RunTime:0.000633s ]
[2024-12-06T13:00:20+08:00][sql] SELECT * FROM `cmf_admin_menu` WHERE  `parent_id` = 584  AND `status` = 1 ORDER BY `list_order` ASC [ RunTime:0.000588s ]
[2024-12-06T13:00:20+08:00][sql] SELECT * FROM `cmf_admin_menu` WHERE  `parent_id` = 588  AND `status` = 1 ORDER BY `list_order` ASC [ RunTime:0.000582s ]
[2024-12-06T13:00:20+08:00][sql] SELECT * FROM `cmf_admin_menu` WHERE  `parent_id` = 561  AND `status` = 1 ORDER BY `list_order` ASC [ RunTime:0.000637s ]
[2024-12-06T13:00:20+08:00][sql] SELECT * FROM `cmf_admin_menu` WHERE  `parent_id` = 562  AND `status` = 1 ORDER BY `list_order` ASC [ RunTime:0.000617s ]
[2024-12-06T13:00:20+08:00][sql] SELECT * FROM `cmf_admin_menu` WHERE  `parent_id` = 565  AND `status` = 1 ORDER BY `list_order` ASC [ RunTime:0.000617s ]
[2024-12-06T13:00:20+08:00][sql] SELECT * FROM `cmf_admin_menu` WHERE  `parent_id` = 600  AND `status` = 1 ORDER BY `list_order` ASC [ RunTime:0.000629s ]
[2024-12-06T13:00:20+08:00][sql] SELECT * FROM `cmf_admin_menu` WHERE  `parent_id` = 601  AND `status` = 1 ORDER BY `list_order` ASC [ RunTime:0.000636s ]
[2024-12-06T13:00:20+08:00][sql] SELECT * FROM `cmf_admin_menu` WHERE  `parent_id` = 603  AND `status` = 1 ORDER BY `list_order` ASC [ RunTime:0.000642s ]
[2024-12-06T13:00:20+08:00][sql] SELECT * FROM `cmf_admin_menu` WHERE  `parent_id` = 604  AND `status` = 1 ORDER BY `list_order` ASC [ RunTime:0.000467s ]
[2024-12-06T13:00:20+08:00][sql] SELECT * FROM `cmf_admin_menu` WHERE  `parent_id` = 602  AND `status` = 1 ORDER BY `list_order` ASC [ RunTime:0.000601s ]
[2024-12-06T13:00:20+08:00][sql] SELECT * FROM `cmf_admin_menu` WHERE  `parent_id` = 605  AND `status` = 1 ORDER BY `list_order` ASC [ RunTime:0.000470s ]
[2024-12-06T13:00:20+08:00][sql] SELECT * FROM `cmf_admin_menu` WHERE  `parent_id` = 606  AND `status` = 1 ORDER BY `list_order` ASC [ RunTime:0.000442s ]
[2024-12-06T13:00:20+08:00][sql] SELECT * FROM `cmf_admin_menu` WHERE  `parent_id` = 1  AND `status` = 1 ORDER BY `list_order` ASC [ RunTime:0.000577s ]
[2024-12-06T13:00:20+08:00][sql] SELECT * FROM `cmf_admin_menu` WHERE  `parent_id` = 42  AND `status` = 1 ORDER BY `list_order` ASC [ RunTime:0.000558s ]
[2024-12-06T13:00:20+08:00][sql] SELECT * FROM `cmf_admin_menu` ORDER BY `app` ASC,`controller` ASC,`action` ASC [ RunTime:0.004047s ]
[2024-12-06T13:00:20+08:00][sql] CONNECT:[ UseTime:0.000673s ] mysql:host=127.0.0.1;port=3306;dbname=zhibo;charset=utf8mb4
[2024-12-06T13:00:20+08:00][sql] SHOW FULL COLUMNS FROM `cmf_hook` [ RunTime:0.001579s ]
[2024-12-06T13:00:20+08:00][sql] SELECT `hook`,`id` FROM `cmf_hook` WHERE  (  (  `app` = '' OR `app` = 'cmf' )  AND `type` = 3 ) OR `type` = 1 [ RunTime:0.000640s ]
[2024-12-06T13:00:20+08:00][sql] SHOW FULL COLUMNS FROM `cmf_hook_plugin` [ RunTime:0.001278s ]
[2024-12-06T13:00:20+08:00][sql] SELECT `hook`,`plugin` FROM `cmf_hook_plugin` WHERE  `status` = 1  AND `hook` IN ('app_begin','module_init','action_begin','view_filter','app_end','log_write','response_end','admin_init','home_init','send_mobile_verification_code','body_start','before_head_end','footer_start','before_footer','before_footer_end','before_body_end','left_sidebar_start','before_left_sidebar_end','right_sidebar_start','before_right_sidebar_end','comment','guestbook','switch_theme','after_content','before_content','log_write_done','switch_admin_theme','captcha_image') ORDER BY `list_order` ASC [ RunTime:0.000701s ]
[2024-12-06T13:00:20+08:00][sql] SHOW FULL COLUMNS FROM `cmf_user` [ RunTime:0.001950s ]
[2024-12-06T13:00:20+08:00][sql] SELECT * FROM `cmf_user` WHERE  `id` = 1 LIMIT 1 [ RunTime:0.000907s ]
[2024-12-06T13:00:20+08:00][sql] SELECT COUNT(*) AS think_count FROM `cmf_user` WHERE  ( user_type=2 ) LIMIT 1 [ RunTime:0.000520s ]
[2024-12-06T13:00:20+08:00][sql] SELECT count(id) as nums,source FROM `cmf_user` WHERE  ( user_type=2 ) GROUP BY `source` [ RunTime:0.000532s ]
[2024-12-06T13:00:20+08:00][sql] SELECT count(id) as nums,login_type FROM `cmf_user` WHERE  ( user_type=2 ) GROUP BY `login_type` ORDER BY `nums` DESC [ RunTime:0.000419s ]
[2024-12-06T13:00:20+08:00][sql] SELECT COUNT(*) AS think_count FROM `cmf_user` WHERE  ( user_type=2 ) LIMIT 1 [ RunTime:0.000330s ]
[2024-12-06T13:00:20+08:00][sql] SHOW FULL COLUMNS FROM `cmf_live` [ RunTime:0.001483s ]
[2024-12-06T13:00:20+08:00][sql] SELECT COUNT(*) AS think_count FROM `cmf_live` WHERE  ( islive=1 ) LIMIT 1 [ RunTime:0.000461s ]
[2024-12-06T13:00:20+08:00][sql] select sum(endtime - starttime) as times from cmf_live_record [ RunTime:0.000343s ]
[2024-12-06T13:00:20+08:00][sql] SHOW FULL COLUMNS FROM `cmf_live_record` [ RunTime:0.001684s ]
[2024-12-06T13:00:20+08:00][sql] SELECT COUNT(*) AS think_count FROM ( SELECT count(*) AS think_count FROM `cmf_live_record` WHERE  ( starttime >= 1733414400 and starttime<1733500800 ) GROUP BY `uid` ) `_group_count_` LIMIT 1 [ RunTime:0.000621s ]
[2024-12-06T13:00:20+08:00][sql] SELECT COUNT(*) AS think_count FROM `cmf_live_record` WHERE  ( starttime >= 1733414400 and starttime<1733500800 ) LIMIT 1 [ RunTime:0.000392s ]
[2024-12-06T13:00:20+08:00][sql] select sum(endtime - starttime) as times from cmf_live_record where starttime >= 1733414400 and starttime<1733500800 [ RunTime:0.000369s ]
[2024-12-06T13:00:20+08:00][sql] SELECT `id`,`user_nickname`,`avatar`,`avatar_thumb`,`votestotal` FROM `cmf_user` WHERE  ( user_type=2 ) ORDER BY `votestotal` DESC LIMIT 0,3 [ RunTime:0.000490s ]
[2024-12-06T13:00:20+08:00][sql] SELECT `id`,`user_nickname`,`avatar`,`avatar_thumb`,`consumption` FROM `cmf_user` WHERE  ( user_type=2 ) ORDER BY `consumption` DESC LIMIT 0,3 [ RunTime:0.000576s ]
[2024-12-06T13:00:20+08:00][sql] SHOW FULL COLUMNS FROM `cmf_charge_user` [ RunTime:0.001595s ]
[2024-12-06T13:00:20+08:00][sql] SELECT SUM(`money`) AS think_sum FROM `cmf_charge_user` WHERE  ( status=1 ) LIMIT 1 [ RunTime:0.000474s ]
[2024-12-06T13:00:20+08:00][sql] SELECT SUM(`money`) AS think_sum FROM `cmf_charge_user` WHERE  ( status=1 and addtime>=1733414400 and addtime<1733500800 ) LIMIT 1 [ RunTime:0.000369s ]
[2024-12-06T13:00:20+08:00][sql] SELECT SUM(`money`) AS think_sum FROM `cmf_charge_user` WHERE  ( status=1 and type=1 and addtime>=1733414400 and addtime<1733500800 ) LIMIT 1 [ RunTime:0.000320s ]
[2024-12-06T13:00:20+08:00][sql] SELECT SUM(`money`) AS think_sum FROM `cmf_charge_user` WHERE  ( status=1 and type=2 and addtime>=1733414400 and addtime<1733500800 ) LIMIT 1 [ RunTime:0.000334s ]
[2024-12-06T13:00:20+08:00][sql] SELECT SUM(`money`) AS think_sum FROM `cmf_charge_user` WHERE  ( status=1 and type=3 and addtime>=1733414400 and addtime<1733500800 ) LIMIT 1 [ RunTime:0.000289s ]
[2024-12-06T13:00:20+08:00][sql] SHOW FULL COLUMNS FROM `cmf_cash_record` [ RunTime:0.001415s ]
[2024-12-06T13:00:20+08:00][sql] SELECT SUM(`money`) AS think_sum FROM `cmf_cash_record` WHERE  ( status=0 and addtime>=1733414400 and addtime<1733500800 ) LIMIT 1 [ RunTime:0.000405s ]
[2024-12-06T13:00:20+08:00][sql] SELECT SUM(`money`) AS think_sum FROM `cmf_cash_record` WHERE  ( status=1 and addtime>=1733414400 and addtime<1733500800 ) LIMIT 1 [ RunTime:0.000304s ]
[2024-12-06T13:00:20+08:00][sql] SELECT COUNT(*) AS think_count FROM ( SELECT count(*) AS think_count FROM `cmf_cash_record` WHERE  ( addtime>=1733414400 and addtime<1733500800 ) GROUP BY `uid` ) `_group_count_` LIMIT 1 [ RunTime:0.000464s ]
[2024-12-06T13:00:20+08:00][sql] SELECT SUM(`money`) AS think_sum FROM `cmf_cash_record` WHERE  ( status=1 ) LIMIT 1 [ RunTime:0.000305s ]
[2024-12-06T13:00:20+08:00][sql] SHOW FULL COLUMNS FROM `cmf_shop_apply` [ RunTime:0.001695s ]
[2024-12-06T13:00:20+08:00][sql] SELECT COUNT(*) AS think_count FROM `cmf_shop_apply` WHERE  ( status=0 ) LIMIT 1 [ RunTime:0.000433s ]
[2024-12-06T13:00:20+08:00][sql] SHOW FULL COLUMNS FROM `cmf_shop_goods` [ RunTime:0.001505s ]
[2024-12-06T13:00:20+08:00][sql] SELECT COUNT(*) AS think_count FROM `cmf_shop_goods` WHERE  ( status=0 ) LIMIT 1 [ RunTime:0.000453s ]
[2024-12-06T13:00:20+08:00][sql] SHOW FULL COLUMNS FROM `cmf_shop_order_refund` [ RunTime:0.001458s ]
[2024-12-06T13:00:20+08:00][sql] SELECT COUNT(*) AS think_count FROM `cmf_shop_order_refund` WHERE  ( is_platform_interpose=1 and platform_result=0 ) LIMIT 1 [ RunTime:0.000434s ]
[2024-12-06T13:00:20+08:00][sql] SHOW FULL COLUMNS FROM `cmf_paidprogram` [ RunTime:0.001459s ]
[2024-12-06T13:00:20+08:00][sql] SELECT COUNT(*) AS think_count FROM `cmf_paidprogram` WHERE  ( status=0 ) LIMIT 1 [ RunTime:0.000389s ]
[2024-12-06T13:00:20+08:00][sql] SHOW FULL COLUMNS FROM `cmf_paidprogram_apply` [ RunTime:0.001202s ]
[2024-12-06T13:00:20+08:00][sql] SELECT COUNT(*) AS think_count FROM `cmf_paidprogram_apply` WHERE  ( status=0 ) LIMIT 1 [ RunTime:0.000395s ]
[2024-12-06T13:00:20+08:00][sql] SHOW FULL COLUMNS FROM `cmf_report` [ RunTime:0.001112s ]
[2024-12-06T13:00:20+08:00][sql] SELECT COUNT(*) AS think_count FROM `cmf_report` WHERE  ( status=0 ) LIMIT 1 [ RunTime:0.000366s ]
[2024-12-06T13:00:20+08:00][sql] SHOW FULL COLUMNS FROM `cmf_dynamic` [ RunTime:0.001387s ]
[2024-12-06T13:00:20+08:00][sql] SELECT COUNT(*) AS think_count FROM `cmf_dynamic` WHERE  ( isdel=0 and status=0 ) LIMIT 1 [ RunTime:0.000438s ]
[2024-12-06T13:00:20+08:00][sql] SHOW FULL COLUMNS FROM `cmf_dynamic_report` [ RunTime:0.001202s ]
[2024-12-06T13:00:20+08:00][sql] SELECT COUNT(*) AS think_count FROM `cmf_dynamic_report` WHERE  ( status=0 ) LIMIT 1 [ RunTime:0.000377s ]
[2024-12-06T13:00:20+08:00][sql] SHOW FULL COLUMNS FROM `cmf_video` [ RunTime:0.001455s ]
[2024-12-06T13:00:20+08:00][sql] SELECT COUNT(*) AS think_count FROM `cmf_video` WHERE  ( isdel=0 and status=0 ) LIMIT 1 [ RunTime:0.000469s ]
[2024-12-06T13:00:20+08:00][sql] SHOW FULL COLUMNS FROM `cmf_video_report` [ RunTime:0.001221s ]
[2024-12-06T13:00:20+08:00][sql] SELECT COUNT(*) AS think_count FROM `cmf_video_report` WHERE  ( status=0 ) LIMIT 1 [ RunTime:0.000364s ]
[2024-12-06T13:00:20+08:00][sql] SHOW FULL COLUMNS FROM `cmf_family` [ RunTime:0.001288s ]
[2024-12-06T13:00:20+08:00][sql] SELECT COUNT(*) AS think_count FROM `cmf_family` WHERE  ( state=0 ) LIMIT 1 [ RunTime:0.000381s ]
[2024-12-06T13:00:20+08:00][sql] SHOW FULL COLUMNS FROM `cmf_family_user_divide_apply` [ RunTime:0.001189s ]
[2024-12-06T13:00:20+08:00][sql] SELECT COUNT(*) AS think_count FROM `cmf_family_user_divide_apply` WHERE  ( status=0 ) LIMIT 1 [ RunTime:0.000412s ]
[2024-12-06T13:00:20+08:00][sql] SHOW FULL COLUMNS FROM `cmf_user_auth` [ RunTime:0.001163s ]
[2024-12-06T13:00:20+08:00][sql] SELECT COUNT(*) AS think_count FROM `cmf_user_auth` WHERE  ( status=0 ) LIMIT 1 [ RunTime:0.000352s ]
[2024-12-06T13:00:20+08:00][sql] CONNECT:[ UseTime:0.000580s ] mysql:host=127.0.0.1;port=3306;dbname=zhibo;charset=utf8mb4
[2024-12-06T13:00:20+08:00][sql] SHOW FULL COLUMNS FROM `cmf_hook` [ RunTime:0.001412s ]
[2024-12-06T13:00:20+08:00][sql] SELECT `hook`,`id` FROM `cmf_hook` WHERE  (  (  `app` = '' OR `app` = 'cmf' )  AND `type` = 3 ) OR `type` = 1 [ RunTime:0.000531s ]
[2024-12-06T13:00:20+08:00][sql] SHOW FULL COLUMNS FROM `cmf_hook_plugin` [ RunTime:0.001256s ]
[2024-12-06T13:00:20+08:00][sql] SELECT `hook`,`plugin` FROM `cmf_hook_plugin` WHERE  `status` = 1  AND `hook` IN ('app_begin','module_init','action_begin','view_filter','app_end','log_write','response_end','admin_init','home_init','send_mobile_verification_code','body_start','before_head_end','footer_start','before_footer','before_footer_end','before_body_end','left_sidebar_start','before_left_sidebar_end','right_sidebar_start','before_right_sidebar_end','comment','guestbook','switch_theme','after_content','before_content','log_write_done','switch_admin_theme','captcha_image') ORDER BY `list_order` ASC [ RunTime:0.000617s ]
[2024-12-06T13:00:20+08:00][sql] SHOW FULL COLUMNS FROM `cmf_user` [ RunTime:0.001786s ]
[2024-12-06T13:00:20+08:00][sql] SELECT * FROM `cmf_user` WHERE  `id` = 1 LIMIT 1 [ RunTime:0.000732s ]
[2024-12-06T13:00:20+08:00][sql] SHOW FULL COLUMNS FROM `cmf_article` [ RunTime:0.001230s ]
[2024-12-06T13:00:20+08:00][sql] SELECT COUNT(*) AS think_count FROM `cmf_article` LIMIT 1 [ RunTime:0.000324s ]
[2024-12-06T13:00:20+08:00][sql] SELECT * FROM `cmf_article` ORDER BY `list_order` ASC,`id` DESC LIMIT 0,20 [ RunTime:0.000384s ]
[2024-12-06T13:00:20+08:00][sql] CONNECT:[ UseTime:0.000646s ] mysql:host=127.0.0.1;port=3306;dbname=zhibo;charset=utf8mb4
[2024-12-06T13:00:20+08:00][sql] SHOW FULL COLUMNS FROM `cmf_hook` [ RunTime:0.001534s ]
[2024-12-06T13:00:20+08:00][sql] SELECT `hook`,`id` FROM `cmf_hook` WHERE  (  (  `app` = '' OR `app` = 'cmf' )  AND `type` = 3 ) OR `type` = 1 [ RunTime:0.000662s ]
[2024-12-06T13:00:20+08:00][sql] SHOW FULL COLUMNS FROM `cmf_hook_plugin` [ RunTime:0.001227s ]
[2024-12-06T13:00:20+08:00][sql] SELECT `hook`,`plugin` FROM `cmf_hook_plugin` WHERE  `status` = 1  AND `hook` IN ('app_begin','module_init','action_begin','view_filter','app_end','log_write','response_end','admin_init','home_init','send_mobile_verification_code','body_start','before_head_end','footer_start','before_footer','before_footer_end','before_body_end','left_sidebar_start','before_left_sidebar_end','right_sidebar_start','before_right_sidebar_end','comment','guestbook','switch_theme','after_content','before_content','log_write_done','switch_admin_theme','captcha_image') ORDER BY `list_order` ASC [ RunTime:0.000721s ]
[2024-12-06T13:00:21+08:00][sql] CONNECT:[ UseTime:0.000662s ] mysql:host=127.0.0.1;port=3306;dbname=zhibo;charset=utf8mb4
[2024-12-06T13:00:21+08:00][sql] SHOW FULL COLUMNS FROM `cmf_hook` [ RunTime:0.001529s ]
[2024-12-06T13:00:21+08:00][sql] SELECT `hook`,`id` FROM `cmf_hook` WHERE  (  (  `app` = '' OR `app` = 'cmf' )  AND `type` = 3 ) OR `type` = 1 [ RunTime:0.000616s ]
[2024-12-06T13:00:21+08:00][sql] SHOW FULL COLUMNS FROM `cmf_hook_plugin` [ RunTime:0.001270s ]
[2024-12-06T13:00:21+08:00][sql] SELECT `hook`,`plugin` FROM `cmf_hook_plugin` WHERE  `status` = 1  AND `hook` IN ('app_begin','module_init','action_begin','view_filter','app_end','log_write','response_end','admin_init','home_init','send_mobile_verification_code','body_start','before_head_end','footer_start','before_footer','before_footer_end','before_body_end','left_sidebar_start','before_left_sidebar_end','right_sidebar_start','before_right_sidebar_end','comment','guestbook','switch_theme','after_content','before_content','log_write_done','switch_admin_theme','captcha_image') ORDER BY `list_order` ASC [ RunTime:0.000686s ]
[2024-12-06T13:00:23+08:00][sql] CONNECT:[ UseTime:0.000641s ] mysql:host=127.0.0.1;port=3306;dbname=zhibo;charset=utf8mb4
[2024-12-06T13:00:23+08:00][sql] SHOW FULL COLUMNS FROM `cmf_hook` [ RunTime:0.001584s ]
[2024-12-06T13:00:23+08:00][sql] SELECT `hook`,`id` FROM `cmf_hook` WHERE  (  (  `app` = '' OR `app` = 'cmf' )  AND `type` = 3 ) OR `type` = 1 [ RunTime:0.000650s ]
[2024-12-06T13:00:23+08:00][sql] SHOW FULL COLUMNS FROM `cmf_hook_plugin` [ RunTime:0.001250s ]
[2024-12-06T13:00:23+08:00][sql] SELECT `hook`,`plugin` FROM `cmf_hook_plugin` WHERE  `status` = 1  AND `hook` IN ('app_begin','module_init','action_begin','view_filter','app_end','log_write','response_end','admin_init','home_init','send_mobile_verification_code','body_start','before_head_end','footer_start','before_footer','before_footer_end','before_body_end','left_sidebar_start','before_left_sidebar_end','right_sidebar_start','before_right_sidebar_end','comment','guestbook','switch_theme','after_content','before_content','log_write_done','switch_admin_theme','captcha_image') ORDER BY `list_order` ASC [ RunTime:0.000702s ]
[2024-12-06T13:00:23+08:00][sql] SHOW FULL COLUMNS FROM `cmf_user` [ RunTime:0.001934s ]
[2024-12-06T13:00:23+08:00][sql] SELECT * FROM `cmf_user` WHERE  `id` = 1 LIMIT 1 [ RunTime:0.000816s ]
[2024-12-06T13:00:23+08:00][sql] SHOW FULL COLUMNS FROM `cmf_article` [ RunTime:0.001347s ]
[2024-12-06T13:00:23+08:00][sql] DELETE FROM `cmf_article` WHERE  ( id=11 ) [ RunTime:0.005819s ]
[2024-12-06T13:00:23+08:00][error] [10501]SQLSTATE[42S22]: Column not found: 1054 Unknown column 'article_name_en' in 'field list'[/www/wwwroot/xiangqu8.com/vendor/topthink/think-orm/src/db/PDOConnection.php:797]
[2024-12-06T13:01:28+08:00][sql] CONNECT:[ UseTime:0.000621s ] mysql:host=127.0.0.1;port=3306;dbname=zhibo;charset=utf8mb4
[2024-12-06T13:01:28+08:00][sql] SHOW FULL COLUMNS FROM `cmf_hook` [ RunTime:0.001522s ]
[2024-12-06T13:01:28+08:00][sql] SELECT `hook`,`id` FROM `cmf_hook` WHERE  (  (  `app` = '' OR `app` = 'cmf' )  AND `type` = 3 ) OR `type` = 1 [ RunTime:0.000600s ]
[2024-12-06T13:01:28+08:00][sql] SHOW FULL COLUMNS FROM `cmf_hook_plugin` [ RunTime:0.001200s ]
[2024-12-06T13:01:28+08:00][sql] SELECT `hook`,`plugin` FROM `cmf_hook_plugin` WHERE  `status` = 1  AND `hook` IN ('app_begin','module_init','action_begin','view_filter','app_end','log_write','response_end','admin_init','home_init','send_mobile_verification_code','body_start','before_head_end','footer_start','before_footer','before_footer_end','before_body_end','left_sidebar_start','before_left_sidebar_end','right_sidebar_start','before_right_sidebar_end','comment','guestbook','switch_theme','after_content','before_content','log_write_done','switch_admin_theme','captcha_image') ORDER BY `list_order` ASC [ RunTime:0.000732s ]
[2024-12-06T13:01:28+08:00][sql] SHOW FULL COLUMNS FROM `cmf_user` [ RunTime:0.001937s ]
[2024-12-06T13:01:28+08:00][sql] SELECT * FROM `cmf_user` WHERE  `id` = 1 LIMIT 1 [ RunTime:0.000829s ]
[2024-12-06T13:01:28+08:00][sql] SHOW FULL COLUMNS FROM `cmf_admin_menu` [ RunTime:0.001535s ]
[2024-12-06T13:01:28+08:00][sql] SELECT * FROM `cmf_admin_menu` ORDER BY `app` ASC,`controller` ASC,`action` ASC [ RunTime:0.003921s ]
[2024-12-06T13:01:28+08:00][sql] CONNECT:[ UseTime:0.000620s ] mysql:host=127.0.0.1;port=3306;dbname=zhibo;charset=utf8mb4
[2024-12-06T13:01:28+08:00][sql] SHOW FULL COLUMNS FROM `cmf_hook` [ RunTime:0.001445s ]
[2024-12-06T13:01:28+08:00][sql] SELECT `hook`,`id` FROM `cmf_hook` WHERE  (  (  `app` = '' OR `app` = 'cmf' )  AND `type` = 3 ) OR `type` = 1 [ RunTime:0.000655s ]
[2024-12-06T13:01:28+08:00][sql] SHOW FULL COLUMNS FROM `cmf_hook_plugin` [ RunTime:0.001244s ]
[2024-12-06T13:01:28+08:00][sql] SELECT `hook`,`plugin` FROM `cmf_hook_plugin` WHERE  `status` = 1  AND `hook` IN ('app_begin','module_init','action_begin','view_filter','app_end','log_write','response_end','admin_init','home_init','send_mobile_verification_code','body_start','before_head_end','footer_start','before_footer','before_footer_end','before_body_end','left_sidebar_start','before_left_sidebar_end','right_sidebar_start','before_right_sidebar_end','comment','guestbook','switch_theme','after_content','before_content','log_write_done','switch_admin_theme','captcha_image') ORDER BY `list_order` ASC [ RunTime:0.000692s ]
[2024-12-06T13:01:28+08:00][sql] SHOW FULL COLUMNS FROM `cmf_user` [ RunTime:0.001632s ]
[2024-12-06T13:01:28+08:00][sql] SELECT * FROM `cmf_user` WHERE  `id` = 1 LIMIT 1 [ RunTime:0.000720s ]
[2024-12-06T13:01:28+08:00][sql] SHOW FULL COLUMNS FROM `cmf_article` [ RunTime:0.001146s ]
[2024-12-06T13:01:28+08:00][sql] SELECT COUNT(*) AS think_count FROM `cmf_article` LIMIT 1 [ RunTime:0.000297s ]
[2024-12-06T13:01:28+08:00][sql] SELECT * FROM `cmf_article` ORDER BY `list_order` ASC,`id` DESC LIMIT 0,20 [ RunTime:0.000338s ]
[2024-12-06T13:01:28+08:00][sql] CONNECT:[ UseTime:0.000673s ] mysql:host=127.0.0.1;port=3306;dbname=zhibo;charset=utf8mb4
[2024-12-06T13:01:28+08:00][sql] SHOW FULL COLUMNS FROM `cmf_hook` [ RunTime:0.001583s ]
[2024-12-06T13:01:28+08:00][sql] SELECT `hook`,`id` FROM `cmf_hook` WHERE  (  (  `app` = '' OR `app` = 'cmf' )  AND `type` = 3 ) OR `type` = 1 [ RunTime:0.000621s ]
[2024-12-06T13:01:28+08:00][sql] SHOW FULL COLUMNS FROM `cmf_hook_plugin` [ RunTime:0.001243s ]
[2024-12-06T13:01:28+08:00][sql] SELECT `hook`,`plugin` FROM `cmf_hook_plugin` WHERE  `status` = 1  AND `hook` IN ('app_begin','module_init','action_begin','view_filter','app_end','log_write','response_end','admin_init','home_init','send_mobile_verification_code','body_start','before_head_end','footer_start','before_footer','before_footer_end','before_body_end','left_sidebar_start','before_left_sidebar_end','right_sidebar_start','before_right_sidebar_end','comment','guestbook','switch_theme','after_content','before_content','log_write_done','switch_admin_theme','captcha_image') ORDER BY `list_order` ASC [ RunTime:0.000677s ]
[2024-12-06T13:01:28+08:00][sql] SHOW FULL COLUMNS FROM `cmf_user` [ RunTime:0.001933s ]
[2024-12-06T13:01:28+08:00][sql] SELECT * FROM `cmf_user` WHERE  `id` = 1 LIMIT 1 [ RunTime:0.000846s ]
[2024-12-06T13:01:28+08:00][sql] SELECT COUNT(*) AS think_count FROM `cmf_user` WHERE  ( user_type=2 ) LIMIT 1 [ RunTime:0.000467s ]
[2024-12-06T13:01:28+08:00][sql] SELECT count(id) as nums,source FROM `cmf_user` WHERE  ( user_type=2 ) GROUP BY `source` [ RunTime:0.000490s ]
[2024-12-06T13:01:28+08:00][sql] SELECT count(id) as nums,login_type FROM `cmf_user` WHERE  ( user_type=2 ) GROUP BY `login_type` ORDER BY `nums` DESC [ RunTime:0.000422s ]
[2024-12-06T13:01:28+08:00][sql] SELECT COUNT(*) AS think_count FROM `cmf_user` WHERE  ( user_type=2 ) LIMIT 1 [ RunTime:0.000347s ]
[2024-12-06T13:01:28+08:00][sql] SHOW FULL COLUMNS FROM `cmf_live` [ RunTime:0.001582s ]
[2024-12-06T13:01:28+08:00][sql] SELECT COUNT(*) AS think_count FROM `cmf_live` WHERE  ( islive=1 ) LIMIT 1 [ RunTime:0.000491s ]
[2024-12-06T13:01:28+08:00][sql] select sum(endtime - starttime) as times from cmf_live_record [ RunTime:0.000353s ]
[2024-12-06T13:01:28+08:00][sql] SHOW FULL COLUMNS FROM `cmf_live_record` [ RunTime:0.001624s ]
[2024-12-06T13:01:28+08:00][sql] SELECT COUNT(*) AS think_count FROM ( SELECT count(*) AS think_count FROM `cmf_live_record` WHERE  ( starttime >= 1733414400 and starttime<1733500800 ) GROUP BY `uid` ) `_group_count_` LIMIT 1 [ RunTime:0.000588s ]
[2024-12-06T13:01:28+08:00][sql] SELECT COUNT(*) AS think_count FROM `cmf_live_record` WHERE  ( starttime >= 1733414400 and starttime<1733500800 ) LIMIT 1 [ RunTime:0.000336s ]
[2024-12-06T13:01:28+08:00][sql] select sum(endtime - starttime) as times from cmf_live_record where starttime >= 1733414400 and starttime<1733500800 [ RunTime:0.000366s ]
[2024-12-06T13:01:28+08:00][sql] SELECT `id`,`user_nickname`,`avatar`,`avatar_thumb`,`votestotal` FROM `cmf_user` WHERE  ( user_type=2 ) ORDER BY `votestotal` DESC LIMIT 0,3 [ RunTime:0.000423s ]
[2024-12-06T13:01:28+08:00][sql] SELECT `id`,`user_nickname`,`avatar`,`avatar_thumb`,`consumption` FROM `cmf_user` WHERE  ( user_type=2 ) ORDER BY `consumption` DESC LIMIT 0,3 [ RunTime:0.000546s ]
[2024-12-06T13:01:28+08:00][sql] SHOW FULL COLUMNS FROM `cmf_charge_user` [ RunTime:0.001511s ]
[2024-12-06T13:01:28+08:00][sql] SELECT SUM(`money`) AS think_sum FROM `cmf_charge_user` WHERE  ( status=1 ) LIMIT 1 [ RunTime:0.000431s ]
[2024-12-06T13:01:28+08:00][sql] SELECT SUM(`money`) AS think_sum FROM `cmf_charge_user` WHERE  ( status=1 and addtime>=1733414400 and addtime<1733500800 ) LIMIT 1 [ RunTime:0.000334s ]
[2024-12-06T13:01:28+08:00][sql] SELECT SUM(`money`) AS think_sum FROM `cmf_charge_user` WHERE  ( status=1 and type=1 and addtime>=1733414400 and addtime<1733500800 ) LIMIT 1 [ RunTime:0.000304s ]
[2024-12-06T13:01:28+08:00][sql] SELECT SUM(`money`) AS think_sum FROM `cmf_charge_user` WHERE  ( status=1 and type=2 and addtime>=1733414400 and addtime<1733500800 ) LIMIT 1 [ RunTime:0.000285s ]
[2024-12-06T13:01:28+08:00][sql] SELECT SUM(`money`) AS think_sum FROM `cmf_charge_user` WHERE  ( status=1 and type=3 and addtime>=1733414400 and addtime<1733500800 ) LIMIT 1 [ RunTime:0.000292s ]
[2024-12-06T13:01:28+08:00][sql] SHOW FULL COLUMNS FROM `cmf_cash_record` [ RunTime:0.001374s ]
[2024-12-06T13:01:28+08:00][sql] SELECT SUM(`money`) AS think_sum FROM `cmf_cash_record` WHERE  ( status=0 and addtime>=1733414400 and addtime<1733500800 ) LIMIT 1 [ RunTime:0.000371s ]
[2024-12-06T13:01:28+08:00][sql] SELECT SUM(`money`) AS think_sum FROM `cmf_cash_record` WHERE  ( status=1 and addtime>=1733414400 and addtime<1733500800 ) LIMIT 1 [ RunTime:0.000309s ]
[2024-12-06T13:01:28+08:00][sql] SELECT COUNT(*) AS think_count FROM ( SELECT count(*) AS think_count FROM `cmf_cash_record` WHERE  ( addtime>=1733414400 and addtime<1733500800 ) GROUP BY `uid` ) `_group_count_` LIMIT 1 [ RunTime:0.000450s ]
[2024-12-06T13:01:28+08:00][sql] SELECT SUM(`money`) AS think_sum FROM `cmf_cash_record` WHERE  ( status=1 ) LIMIT 1 [ RunTime:0.000310s ]
[2024-12-06T13:01:28+08:00][sql] SHOW FULL COLUMNS FROM `cmf_shop_apply` [ RunTime:0.001521s ]
[2024-12-06T13:01:28+08:00][sql] SELECT COUNT(*) AS think_count FROM `cmf_shop_apply` WHERE  ( status=0 ) LIMIT 1 [ RunTime:0.000424s ]
[2024-12-06T13:01:28+08:00][sql] SHOW FULL COLUMNS FROM `cmf_shop_goods` [ RunTime:0.001413s ]
[2024-12-06T13:01:28+08:00][sql] SELECT COUNT(*) AS think_count FROM `cmf_shop_goods` WHERE  ( status=0 ) LIMIT 1 [ RunTime:0.000410s ]
[2024-12-06T13:01:28+08:00][sql] SHOW FULL COLUMNS FROM `cmf_shop_order_refund` [ RunTime:0.001372s ]
[2024-12-06T13:01:28+08:00][sql] SELECT COUNT(*) AS think_count FROM `cmf_shop_order_refund` WHERE  ( is_platform_interpose=1 and platform_result=0 ) LIMIT 1 [ RunTime:0.000429s ]
[2024-12-06T13:01:28+08:00][sql] SHOW FULL COLUMNS FROM `cmf_paidprogram` [ RunTime:0.001216s ]
[2024-12-06T13:01:28+08:00][sql] SELECT COUNT(*) AS think_count FROM `cmf_paidprogram` WHERE  ( status=0 ) LIMIT 1 [ RunTime:0.000340s ]
[2024-12-06T13:01:28+08:00][sql] SHOW FULL COLUMNS FROM `cmf_paidprogram_apply` [ RunTime:0.001163s ]
[2024-12-06T13:01:28+08:00][sql] SELECT COUNT(*) AS think_count FROM `cmf_paidprogram_apply` WHERE  ( status=0 ) LIMIT 1 [ RunTime:0.000341s ]
[2024-12-06T13:01:28+08:00][sql] SHOW FULL COLUMNS FROM `cmf_report` [ RunTime:0.001084s ]
[2024-12-06T13:01:28+08:00][sql] SELECT COUNT(*) AS think_count FROM `cmf_report` WHERE  ( status=0 ) LIMIT 1 [ RunTime:0.000309s ]
[2024-12-06T13:01:28+08:00][sql] SHOW FULL COLUMNS FROM `cmf_dynamic` [ RunTime:0.001270s ]
[2024-12-06T13:01:28+08:00][sql] SELECT COUNT(*) AS think_count FROM `cmf_dynamic` WHERE  ( isdel=0 and status=0 ) LIMIT 1 [ RunTime:0.000395s ]
[2024-12-06T13:01:28+08:00][sql] SHOW FULL COLUMNS FROM `cmf_dynamic_report` [ RunTime:0.001199s ]
[2024-12-06T13:01:28+08:00][sql] SELECT COUNT(*) AS think_count FROM `cmf_dynamic_report` WHERE  ( status=0 ) LIMIT 1 [ RunTime:0.000356s ]
[2024-12-06T13:01:28+08:00][sql] SHOW FULL COLUMNS FROM `cmf_video` [ RunTime:0.001343s ]
[2024-12-06T13:01:28+08:00][sql] SELECT COUNT(*) AS think_count FROM `cmf_video` WHERE  ( isdel=0 and status=0 ) LIMIT 1 [ RunTime:0.000409s ]
[2024-12-06T13:01:28+08:00][sql] SHOW FULL COLUMNS FROM `cmf_video_report` [ RunTime:0.001167s ]
[2024-12-06T13:01:28+08:00][sql] SELECT COUNT(*) AS think_count FROM `cmf_video_report` WHERE  ( status=0 ) LIMIT 1 [ RunTime:0.000343s ]
[2024-12-06T13:01:28+08:00][sql] SHOW FULL COLUMNS FROM `cmf_family` [ RunTime:0.001237s ]
[2024-12-06T13:01:28+08:00][sql] SELECT COUNT(*) AS think_count FROM `cmf_family` WHERE  ( state=0 ) LIMIT 1 [ RunTime:0.000365s ]
[2024-12-06T13:01:28+08:00][sql] SHOW FULL COLUMNS FROM `cmf_family_user_divide_apply` [ RunTime:0.001094s ]
[2024-12-06T13:01:28+08:00][sql] SELECT COUNT(*) AS think_count FROM `cmf_family_user_divide_apply` WHERE  ( status=0 ) LIMIT 1 [ RunTime:0.000353s ]
[2024-12-06T13:01:28+08:00][sql] SHOW FULL COLUMNS FROM `cmf_user_auth` [ RunTime:0.001140s ]
[2024-12-06T13:01:28+08:00][sql] SELECT COUNT(*) AS think_count FROM `cmf_user_auth` WHERE  ( status=0 ) LIMIT 1 [ RunTime:0.000345s ]
[2024-12-06T13:01:28+08:00][sql] CONNECT:[ UseTime:0.000631s ] mysql:host=127.0.0.1;port=3306;dbname=zhibo;charset=utf8mb4
[2024-12-06T13:01:28+08:00][sql] SHOW FULL COLUMNS FROM `cmf_hook` [ RunTime:0.001468s ]
[2024-12-06T13:01:28+08:00][sql] SELECT `hook`,`id` FROM `cmf_hook` WHERE  (  (  `app` = '' OR `app` = 'cmf' )  AND `type` = 3 ) OR `type` = 1 [ RunTime:0.000606s ]
[2024-12-06T13:01:28+08:00][sql] SHOW FULL COLUMNS FROM `cmf_hook_plugin` [ RunTime:0.001204s ]
[2024-12-06T13:01:28+08:00][sql] SELECT `hook`,`plugin` FROM `cmf_hook_plugin` WHERE  `status` = 1  AND `hook` IN ('app_begin','module_init','action_begin','view_filter','app_end','log_write','response_end','admin_init','home_init','send_mobile_verification_code','body_start','before_head_end','footer_start','before_footer','before_footer_end','before_body_end','left_sidebar_start','before_left_sidebar_end','right_sidebar_start','before_right_sidebar_end','comment','guestbook','switch_theme','after_content','before_content','log_write_done','switch_admin_theme','captcha_image') ORDER BY `list_order` ASC [ RunTime:0.000669s ]
[2024-12-06T13:01:28+08:00][sql] CONNECT:[ UseTime:0.000653s ] mysql:host=127.0.0.1;port=3306;dbname=zhibo;charset=utf8mb4
[2024-12-06T13:01:28+08:00][sql] SHOW FULL COLUMNS FROM `cmf_hook` [ RunTime:0.001495s ]
[2024-12-06T13:01:28+08:00][sql] SELECT `hook`,`id` FROM `cmf_hook` WHERE  (  (  `app` = '' OR `app` = 'cmf' )  AND `type` = 3 ) OR `type` = 1 [ RunTime:0.000598s ]
[2024-12-06T13:01:28+08:00][sql] SHOW FULL COLUMNS FROM `cmf_hook_plugin` [ RunTime:0.001239s ]
[2024-12-06T13:01:28+08:00][sql] SELECT `hook`,`plugin` FROM `cmf_hook_plugin` WHERE  `status` = 1  AND `hook` IN ('app_begin','module_init','action_begin','view_filter','app_end','log_write','response_end','admin_init','home_init','send_mobile_verification_code','body_start','before_head_end','footer_start','before_footer','before_footer_end','before_body_end','left_sidebar_start','before_left_sidebar_end','right_sidebar_start','before_right_sidebar_end','comment','guestbook','switch_theme','after_content','before_content','log_write_done','switch_admin_theme','captcha_image') ORDER BY `list_order` ASC [ RunTime:0.000669s ]
[2024-12-06T13:01:31+08:00][sql] CONNECT:[ UseTime:0.000625s ] mysql:host=127.0.0.1;port=3306;dbname=zhibo;charset=utf8mb4
[2024-12-06T13:01:31+08:00][sql] SHOW FULL COLUMNS FROM `cmf_hook` [ RunTime:0.001626s ]
[2024-12-06T13:01:31+08:00][sql] SELECT `hook`,`id` FROM `cmf_hook` WHERE  (  (  `app` = '' OR `app` = 'cmf' )  AND `type` = 3 ) OR `type` = 1 [ RunTime:0.000608s ]
[2024-12-06T13:01:31+08:00][sql] SHOW FULL COLUMNS FROM `cmf_hook_plugin` [ RunTime:0.001308s ]
[2024-12-06T13:01:31+08:00][sql] SELECT `hook`,`plugin` FROM `cmf_hook_plugin` WHERE  `status` = 1  AND `hook` IN ('app_begin','module_init','action_begin','view_filter','app_end','log_write','response_end','admin_init','home_init','send_mobile_verification_code','body_start','before_head_end','footer_start','before_footer','before_footer_end','before_body_end','left_sidebar_start','before_left_sidebar_end','right_sidebar_start','before_right_sidebar_end','comment','guestbook','switch_theme','after_content','before_content','log_write_done','switch_admin_theme','captcha_image') ORDER BY `list_order` ASC [ RunTime:0.000702s ]
[2024-12-06T13:01:31+08:00][sql] SHOW FULL COLUMNS FROM `cmf_user` [ RunTime:0.001923s ]
[2024-12-06T13:01:31+08:00][sql] SELECT * FROM `cmf_user` WHERE  `id` = 1 LIMIT 1 [ RunTime:0.000819s ]
[2024-12-06T13:01:31+08:00][sql] SHOW FULL COLUMNS FROM `cmf_article` [ RunTime:0.001348s ]
[2024-12-06T13:01:31+08:00][sql] DELETE FROM `cmf_article` WHERE  ( id=12 ) [ RunTime:0.013909s ]
[2024-12-06T13:01:31+08:00][error] [10501]SQLSTATE[42S22]: Column not found: 1054 Unknown column 'article_status' in 'where clause'[/www/wwwroot/xiangqu8.com/vendor/topthink/think-orm/src/db/PDOConnection.php:797]
[2024-12-06T13:02:26+08:00][sql] CONNECT:[ UseTime:0.000648s ] mysql:host=127.0.0.1;port=3306;dbname=zhibo;charset=utf8mb4
[2024-12-06T13:02:26+08:00][sql] SHOW FULL COLUMNS FROM `cmf_hook` [ RunTime:0.001604s ]
[2024-12-06T13:02:26+08:00][sql] SELECT `hook`,`id` FROM `cmf_hook` WHERE  (  (  `app` = '' OR `app` = 'cmf' )  AND `type` = 3 ) OR `type` = 1 [ RunTime:0.000610s ]
[2024-12-06T13:02:26+08:00][sql] SHOW FULL COLUMNS FROM `cmf_hook_plugin` [ RunTime:0.001312s ]
[2024-12-06T13:02:26+08:00][sql] SELECT `hook`,`plugin` FROM `cmf_hook_plugin` WHERE  `status` = 1  AND `hook` IN ('app_begin','module_init','action_begin','view_filter','app_end','log_write','response_end','admin_init','home_init','send_mobile_verification_code','body_start','before_head_end','footer_start','before_footer','before_footer_end','before_body_end','left_sidebar_start','before_left_sidebar_end','right_sidebar_start','before_right_sidebar_end','comment','guestbook','switch_theme','after_content','before_content','log_write_done','switch_admin_theme','captcha_image') ORDER BY `list_order` ASC [ RunTime:0.000706s ]
[2024-12-06T13:02:26+08:00][sql] SHOW FULL COLUMNS FROM `cmf_user` [ RunTime:0.002083s ]
[2024-12-06T13:02:26+08:00][sql] SELECT * FROM `cmf_user` WHERE  `id` = 1 LIMIT 1 [ RunTime:0.000848s ]
[2024-12-06T13:02:26+08:00][sql] SHOW FULL COLUMNS FROM `cmf_admin_menu` [ RunTime:0.001621s ]
[2024-12-06T13:02:26+08:00][sql] SELECT * FROM `cmf_admin_menu` ORDER BY `app` ASC,`controller` ASC,`action` ASC [ RunTime:0.004570s ]
[2024-12-06T13:02:27+08:00][sql] CONNECT:[ UseTime:0.000615s ] mysql:host=127.0.0.1;port=3306;dbname=zhibo;charset=utf8mb4
[2024-12-06T13:02:27+08:00][sql] SHOW FULL COLUMNS FROM `cmf_hook` [ RunTime:0.001583s ]
[2024-12-06T13:02:27+08:00][sql] SELECT `hook`,`id` FROM `cmf_hook` WHERE  (  (  `app` = '' OR `app` = 'cmf' )  AND `type` = 3 ) OR `type` = 1 [ RunTime:0.000643s ]
[2024-12-06T13:02:27+08:00][sql] SHOW FULL COLUMNS FROM `cmf_hook_plugin` [ RunTime:0.001370s ]
[2024-12-06T13:02:27+08:00][sql] SELECT `hook`,`plugin` FROM `cmf_hook_plugin` WHERE  `status` = 1  AND `hook` IN ('app_begin','module_init','action_begin','view_filter','app_end','log_write','response_end','admin_init','home_init','send_mobile_verification_code','body_start','before_head_end','footer_start','before_footer','before_footer_end','before_body_end','left_sidebar_start','before_left_sidebar_end','right_sidebar_start','before_right_sidebar_end','comment','guestbook','switch_theme','after_content','before_content','log_write_done','switch_admin_theme','captcha_image') ORDER BY `list_order` ASC [ RunTime:0.000716s ]
[2024-12-06T13:02:27+08:00][sql] SHOW FULL COLUMNS FROM `cmf_user` [ RunTime:0.001932s ]
[2024-12-06T13:02:27+08:00][sql] SELECT * FROM `cmf_user` WHERE  `id` = 1 LIMIT 1 [ RunTime:0.000812s ]
[2024-12-06T13:02:27+08:00][sql] SHOW FULL COLUMNS FROM `cmf_article` [ RunTime:0.001372s ]
[2024-12-06T13:02:27+08:00][sql] SELECT COUNT(*) AS think_count FROM `cmf_article` LIMIT 1 [ RunTime:0.000388s ]
[2024-12-06T13:02:27+08:00][sql] CONNECT:[ UseTime:0.000663s ] mysql:host=127.0.0.1;port=3306;dbname=zhibo;charset=utf8mb4
[2024-12-06T13:02:27+08:00][sql] SHOW FULL COLUMNS FROM `cmf_hook` [ RunTime:0.001539s ]
[2024-12-06T13:02:27+08:00][sql] SELECT `hook`,`id` FROM `cmf_hook` WHERE  (  (  `app` = '' OR `app` = 'cmf' )  AND `type` = 3 ) OR `type` = 1 [ RunTime:0.000628s ]
[2024-12-06T13:02:27+08:00][sql] SHOW FULL COLUMNS FROM `cmf_hook_plugin` [ RunTime:0.001211s ]
[2024-12-06T13:02:27+08:00][sql] SELECT `hook`,`plugin` FROM `cmf_hook_plugin` WHERE  `status` = 1  AND `hook` IN ('app_begin','module_init','action_begin','view_filter','app_end','log_write','response_end','admin_init','home_init','send_mobile_verification_code','body_start','before_head_end','footer_start','before_footer','before_footer_end','before_body_end','left_sidebar_start','before_left_sidebar_end','right_sidebar_start','before_right_sidebar_end','comment','guestbook','switch_theme','after_content','before_content','log_write_done','switch_admin_theme','captcha_image') ORDER BY `list_order` ASC [ RunTime:0.000674s ]
[2024-12-06T13:02:27+08:00][sql] SHOW FULL COLUMNS FROM `cmf_user` [ RunTime:0.001987s ]
[2024-12-06T13:02:27+08:00][sql] SELECT * FROM `cmf_user` WHERE  `id` = 1 LIMIT 1 [ RunTime:0.000843s ]
[2024-12-06T13:02:27+08:00][sql] SELECT COUNT(*) AS think_count FROM `cmf_user` WHERE  ( user_type=2 ) LIMIT 1 [ RunTime:0.000565s ]
[2024-12-06T13:02:27+08:00][sql] SELECT count(id) as nums,source FROM `cmf_user` WHERE  ( user_type=2 ) GROUP BY `source` [ RunTime:0.000599s ]
[2024-12-06T13:02:27+08:00][sql] SELECT count(id) as nums,login_type FROM `cmf_user` WHERE  ( user_type=2 ) GROUP BY `login_type` ORDER BY `nums` DESC [ RunTime:0.000455s ]
[2024-12-06T13:02:27+08:00][sql] SELECT COUNT(*) AS think_count FROM `cmf_user` WHERE  ( user_type=2 ) LIMIT 1 [ RunTime:0.000354s ]
[2024-12-06T13:02:27+08:00][sql] SHOW FULL COLUMNS FROM `cmf_live` [ RunTime:0.001669s ]
[2024-12-06T13:02:27+08:00][sql] SELECT COUNT(*) AS think_count FROM `cmf_live` WHERE  ( islive=1 ) LIMIT 1 [ RunTime:0.000485s ]
[2024-12-06T13:02:27+08:00][sql] select sum(endtime - starttime) as times from cmf_live_record [ RunTime:0.000355s ]
[2024-12-06T13:02:27+08:00][sql] SHOW FULL COLUMNS FROM `cmf_live_record` [ RunTime:0.001584s ]
[2024-12-06T13:02:27+08:00][sql] SELECT COUNT(*) AS think_count FROM ( SELECT count(*) AS think_count FROM `cmf_live_record` WHERE  ( starttime >= 1733414400 and starttime<1733500800 ) GROUP BY `uid` ) `_group_count_` LIMIT 1 [ RunTime:0.000630s ]
[2024-12-06T13:02:27+08:00][sql] SELECT COUNT(*) AS think_count FROM `cmf_live_record` WHERE  ( starttime >= 1733414400 and starttime<1733500800 ) LIMIT 1 [ RunTime:0.000415s ]
[2024-12-06T13:02:27+08:00][sql] select sum(endtime - starttime) as times from cmf_live_record where starttime >= 1733414400 and starttime<1733500800 [ RunTime:0.000352s ]
[2024-12-06T13:02:27+08:00][sql] SELECT `id`,`user_nickname`,`avatar`,`avatar_thumb`,`votestotal` FROM `cmf_user` WHERE  ( user_type=2 ) ORDER BY `votestotal` DESC LIMIT 0,3 [ RunTime:0.000435s ]
[2024-12-06T13:02:27+08:00][sql] SELECT `id`,`user_nickname`,`avatar`,`avatar_thumb`,`consumption` FROM `cmf_user` WHERE  ( user_type=2 ) ORDER BY `consumption` DESC LIMIT 0,3 [ RunTime:0.000611s ]
[2024-12-06T13:02:27+08:00][sql] SHOW FULL COLUMNS FROM `cmf_charge_user` [ RunTime:0.001669s ]
[2024-12-06T13:02:27+08:00][sql] SELECT SUM(`money`) AS think_sum FROM `cmf_charge_user` WHERE  ( status=1 ) LIMIT 1 [ RunTime:0.000458s ]
[2024-12-06T13:02:27+08:00][sql] SELECT SUM(`money`) AS think_sum FROM `cmf_charge_user` WHERE  ( status=1 and addtime>=1733414400 and addtime<1733500800 ) LIMIT 1 [ RunTime:0.000348s ]
[2024-12-06T13:02:27+08:00][sql] SELECT SUM(`money`) AS think_sum FROM `cmf_charge_user` WHERE  ( status=1 and type=1 and addtime>=1733414400 and addtime<1733500800 ) LIMIT 1 [ RunTime:0.000353s ]
[2024-12-06T13:02:27+08:00][sql] SELECT SUM(`money`) AS think_sum FROM `cmf_charge_user` WHERE  ( status=1 and type=2 and addtime>=1733414400 and addtime<1733500800 ) LIMIT 1 [ RunTime:0.000322s ]
[2024-12-06T13:02:27+08:00][sql] SELECT SUM(`money`) AS think_sum FROM `cmf_charge_user` WHERE  ( status=1 and type=3 and addtime>=1733414400 and addtime<1733500800 ) LIMIT 1 [ RunTime:0.000294s ]
[2024-12-06T13:02:27+08:00][sql] SHOW FULL COLUMNS FROM `cmf_cash_record` [ RunTime:0.001353s ]
[2024-12-06T13:02:27+08:00][sql] SELECT SUM(`money`) AS think_sum FROM `cmf_cash_record` WHERE  ( status=0 and addtime>=1733414400 and addtime<1733500800 ) LIMIT 1 [ RunTime:0.000380s ]
[2024-12-06T13:02:27+08:00][sql] SELECT SUM(`money`) AS think_sum FROM `cmf_cash_record` WHERE  ( status=1 and addtime>=1733414400 and addtime<1733500800 ) LIMIT 1 [ RunTime:0.000305s ]
[2024-12-06T13:02:27+08:00][sql] SELECT COUNT(*) AS think_count FROM ( SELECT count(*) AS think_count FROM `cmf_cash_record` WHERE  ( addtime>=1733414400 and addtime<1733500800 ) GROUP BY `uid` ) `_group_count_` LIMIT 1 [ RunTime:0.000430s ]
[2024-12-06T13:02:27+08:00][sql] SELECT SUM(`money`) AS think_sum FROM `cmf_cash_record` WHERE  ( status=1 ) LIMIT 1 [ RunTime:0.000292s ]
[2024-12-06T13:02:27+08:00][sql] SHOW FULL COLUMNS FROM `cmf_shop_apply` [ RunTime:0.001551s ]
[2024-12-06T13:02:27+08:00][sql] SELECT COUNT(*) AS think_count FROM `cmf_shop_apply` WHERE  ( status=0 ) LIMIT 1 [ RunTime:0.000423s ]
[2024-12-06T13:02:27+08:00][sql] SHOW FULL COLUMNS FROM `cmf_shop_goods` [ RunTime:0.001440s ]
[2024-12-06T13:02:27+08:00][sql] SELECT COUNT(*) AS think_count FROM `cmf_shop_goods` WHERE  ( status=0 ) LIMIT 1 [ RunTime:0.000393s ]
[2024-12-06T13:02:27+08:00][sql] SHOW FULL COLUMNS FROM `cmf_shop_order_refund` [ RunTime:0.001440s ]
[2024-12-06T13:02:27+08:00][sql] SELECT COUNT(*) AS think_count FROM `cmf_shop_order_refund` WHERE  ( is_platform_interpose=1 and platform_result=0 ) LIMIT 1 [ RunTime:0.000385s ]
[2024-12-06T13:02:27+08:00][sql] SHOW FULL COLUMNS FROM `cmf_paidprogram` [ RunTime:0.001235s ]
[2024-12-06T13:02:27+08:00][sql] SELECT COUNT(*) AS think_count FROM `cmf_paidprogram` WHERE  ( status=0 ) LIMIT 1 [ RunTime:0.000394s ]
[2024-12-06T13:02:27+08:00][sql] SHOW FULL COLUMNS FROM `cmf_paidprogram_apply` [ RunTime:0.001164s ]
[2024-12-06T13:02:27+08:00][sql] SELECT COUNT(*) AS think_count FROM `cmf_paidprogram_apply` WHERE  ( status=0 ) LIMIT 1 [ RunTime:0.000351s ]
[2024-12-06T13:02:27+08:00][sql] SHOW FULL COLUMNS FROM `cmf_report` [ RunTime:0.001134s ]
[2024-12-06T13:02:27+08:00][sql] SELECT COUNT(*) AS think_count FROM `cmf_report` WHERE  ( status=0 ) LIMIT 1 [ RunTime:0.000370s ]
[2024-12-06T13:02:27+08:00][sql] SHOW FULL COLUMNS FROM `cmf_dynamic` [ RunTime:0.001269s ]
[2024-12-06T13:02:27+08:00][sql] SELECT COUNT(*) AS think_count FROM `cmf_dynamic` WHERE  ( isdel=0 and status=0 ) LIMIT 1 [ RunTime:0.000416s ]
[2024-12-06T13:02:27+08:00][sql] SHOW FULL COLUMNS FROM `cmf_dynamic_report` [ RunTime:0.001261s ]
[2024-12-06T13:02:27+08:00][sql] SELECT COUNT(*) AS think_count FROM `cmf_dynamic_report` WHERE  ( status=0 ) LIMIT 1 [ RunTime:0.000374s ]
[2024-12-06T13:02:27+08:00][sql] SHOW FULL COLUMNS FROM `cmf_video` [ RunTime:0.001330s ]
[2024-12-06T13:02:27+08:00][sql] SELECT COUNT(*) AS think_count FROM `cmf_video` WHERE  ( isdel=0 and status=0 ) LIMIT 1 [ RunTime:0.000408s ]
[2024-12-06T13:02:27+08:00][sql] SHOW FULL COLUMNS FROM `cmf_video_report` [ RunTime:0.001205s ]
[2024-12-06T13:02:27+08:00][sql] SELECT COUNT(*) AS think_count FROM `cmf_video_report` WHERE  ( status=0 ) LIMIT 1 [ RunTime:0.000334s ]
[2024-12-06T13:02:27+08:00][sql] SHOW FULL COLUMNS FROM `cmf_family` [ RunTime:0.001134s ]
[2024-12-06T13:02:27+08:00][sql] SELECT COUNT(*) AS think_count FROM `cmf_family` WHERE  ( state=0 ) LIMIT 1 [ RunTime:0.000349s ]
[2024-12-06T13:02:27+08:00][sql] SHOW FULL COLUMNS FROM `cmf_family_user_divide_apply` [ RunTime:0.001150s ]
[2024-12-06T13:02:27+08:00][sql] SELECT COUNT(*) AS think_count FROM `cmf_family_user_divide_apply` WHERE  ( status=0 ) LIMIT 1 [ RunTime:0.000321s ]
[2024-12-06T13:02:27+08:00][sql] SHOW FULL COLUMNS FROM `cmf_user_auth` [ RunTime:0.001161s ]
[2024-12-06T13:02:27+08:00][sql] SELECT COUNT(*) AS think_count FROM `cmf_user_auth` WHERE  ( status=0 ) LIMIT 1 [ RunTime:0.000339s ]
[2024-12-06T13:02:27+08:00][sql] CONNECT:[ UseTime:0.000636s ] mysql:host=127.0.0.1;port=3306;dbname=zhibo;charset=utf8mb4
[2024-12-06T13:02:27+08:00][sql] SHOW FULL COLUMNS FROM `cmf_hook` [ RunTime:0.001494s ]
[2024-12-06T13:02:27+08:00][sql] SELECT `hook`,`id` FROM `cmf_hook` WHERE  (  (  `app` = '' OR `app` = 'cmf' )  AND `type` = 3 ) OR `type` = 1 [ RunTime:0.000643s ]
[2024-12-06T13:02:27+08:00][sql] SHOW FULL COLUMNS FROM `cmf_hook_plugin` [ RunTime:0.001282s ]
[2024-12-06T13:02:27+08:00][sql] SELECT `hook`,`plugin` FROM `cmf_hook_plugin` WHERE  `status` = 1  AND `hook` IN ('app_begin','module_init','action_begin','view_filter','app_end','log_write','response_end','admin_init','home_init','send_mobile_verification_code','body_start','before_head_end','footer_start','before_footer','before_footer_end','before_body_end','left_sidebar_start','before_left_sidebar_end','right_sidebar_start','before_right_sidebar_end','comment','guestbook','switch_theme','after_content','before_content','log_write_done','switch_admin_theme','captcha_image') ORDER BY `list_order` ASC [ RunTime:0.000654s ]
[2024-12-06T13:02:27+08:00][sql] CONNECT:[ UseTime:0.000632s ] mysql:host=127.0.0.1;port=3306;dbname=zhibo;charset=utf8mb4
[2024-12-06T13:02:27+08:00][sql] SHOW FULL COLUMNS FROM `cmf_hook` [ RunTime:0.001554s ]
[2024-12-06T13:02:27+08:00][sql] SELECT `hook`,`id` FROM `cmf_hook` WHERE  (  (  `app` = '' OR `app` = 'cmf' )  AND `type` = 3 ) OR `type` = 1 [ RunTime:0.000662s ]
[2024-12-06T13:02:27+08:00][sql] SHOW FULL COLUMNS FROM `cmf_hook_plugin` [ RunTime:0.001249s ]
[2024-12-06T13:02:27+08:00][sql] SELECT `hook`,`plugin` FROM `cmf_hook_plugin` WHERE  `status` = 1  AND `hook` IN ('app_begin','module_init','action_begin','view_filter','app_end','log_write','response_end','admin_init','home_init','send_mobile_verification_code','body_start','before_head_end','footer_start','before_footer','before_footer_end','before_body_end','left_sidebar_start','before_left_sidebar_end','right_sidebar_start','before_right_sidebar_end','comment','guestbook','switch_theme','after_content','before_content','log_write_done','switch_admin_theme','captcha_image') ORDER BY `list_order` ASC [ RunTime:0.000709s ]
[2024-12-06T13:02:29+08:00][sql] CONNECT:[ UseTime:0.000671s ] mysql:host=127.0.0.1;port=3306;dbname=zhibo;charset=utf8mb4
[2024-12-06T13:02:29+08:00][sql] SHOW FULL COLUMNS FROM `cmf_hook` [ RunTime:0.001529s ]
[2024-12-06T13:02:29+08:00][sql] SELECT `hook`,`id` FROM `cmf_hook` WHERE  (  (  `app` = '' OR `app` = 'cmf' )  AND `type` = 3 ) OR `type` = 1 [ RunTime:0.000609s ]
[2024-12-06T13:02:29+08:00][sql] SHOW FULL COLUMNS FROM `cmf_hook_plugin` [ RunTime:0.001266s ]
[2024-12-06T13:02:29+08:00][sql] SELECT `hook`,`plugin` FROM `cmf_hook_plugin` WHERE  `status` = 1  AND `hook` IN ('app_begin','module_init','action_begin','view_filter','app_end','log_write','response_end','admin_init','home_init','send_mobile_verification_code','body_start','before_head_end','footer_start','before_footer','before_footer_end','before_body_end','left_sidebar_start','before_left_sidebar_end','right_sidebar_start','before_right_sidebar_end','comment','guestbook','switch_theme','after_content','before_content','log_write_done','switch_admin_theme','captcha_image') ORDER BY `list_order` ASC [ RunTime:0.000705s ]
[2024-12-06T13:02:29+08:00][sql] SHOW FULL COLUMNS FROM `cmf_user` [ RunTime:0.001914s ]
[2024-12-06T13:02:29+08:00][sql] SELECT * FROM `cmf_user` WHERE  `id` = 1 LIMIT 1 [ RunTime:0.000874s ]
[2024-12-06T13:02:29+08:00][sql] CONNECT:[ UseTime:0.000659s ] mysql:host=127.0.0.1;port=3306;dbname=zhibo;charset=utf8mb4
[2024-12-06T13:02:29+08:00][sql] SHOW FULL COLUMNS FROM `cmf_hook` [ RunTime:0.001494s ]
[2024-12-06T13:02:29+08:00][sql] SELECT `hook`,`id` FROM `cmf_hook` WHERE  (  (  `app` = '' OR `app` = 'cmf' )  AND `type` = 3 ) OR `type` = 1 [ RunTime:0.000589s ]
[2024-12-06T13:02:29+08:00][sql] SHOW FULL COLUMNS FROM `cmf_hook_plugin` [ RunTime:0.001194s ]
[2024-12-06T13:02:29+08:00][sql] SELECT `hook`,`plugin` FROM `cmf_hook_plugin` WHERE  `status` = 1  AND `hook` IN ('app_begin','module_init','action_begin','view_filter','app_end','log_write','response_end','admin_init','home_init','send_mobile_verification_code','body_start','before_head_end','footer_start','before_footer','before_footer_end','before_body_end','left_sidebar_start','before_left_sidebar_end','right_sidebar_start','before_right_sidebar_end','comment','guestbook','switch_theme','after_content','before_content','log_write_done','switch_admin_theme','captcha_image') ORDER BY `list_order` ASC [ RunTime:0.000676s ]
[2024-12-06T13:02:32+08:00][sql] CONNECT:[ UseTime:0.000664s ] mysql:host=127.0.0.1;port=3306;dbname=zhibo;charset=utf8mb4
[2024-12-06T13:02:32+08:00][sql] SHOW FULL COLUMNS FROM `cmf_hook` [ RunTime:0.001513s ]
[2024-12-06T13:02:32+08:00][sql] SELECT `hook`,`id` FROM `cmf_hook` WHERE  (  (  `app` = '' OR `app` = 'cmf' )  AND `type` = 3 ) OR `type` = 1 [ RunTime:0.000618s ]
[2024-12-06T13:02:32+08:00][sql] SHOW FULL COLUMNS FROM `cmf_hook_plugin` [ RunTime:0.001255s ]
[2024-12-06T13:02:32+08:00][sql] SELECT `hook`,`plugin` FROM `cmf_hook_plugin` WHERE  `status` = 1  AND `hook` IN ('app_begin','module_init','action_begin','view_filter','app_end','log_write','response_end','admin_init','home_init','send_mobile_verification_code','body_start','before_head_end','footer_start','before_footer','before_footer_end','before_body_end','left_sidebar_start','before_left_sidebar_end','right_sidebar_start','before_right_sidebar_end','comment','guestbook','switch_theme','after_content','before_content','log_write_done','switch_admin_theme','captcha_image') ORDER BY `list_order` ASC [ RunTime:0.000670s ]
[2024-12-06T13:02:32+08:00][sql] SHOW FULL COLUMNS FROM `cmf_user` [ RunTime:0.001923s ]
[2024-12-06T13:02:32+08:00][sql] SELECT * FROM `cmf_user` WHERE  `id` = 1 LIMIT 1 [ RunTime:0.000829s ]
[2024-12-06T13:02:32+08:00][sql] SHOW FULL COLUMNS FROM `cmf_pushrecord` [ RunTime:0.001399s ]
[2024-12-06T13:02:32+08:00][sql] SELECT COUNT(*) AS think_count FROM `cmf_pushrecord` WHERE  `type` = 0 LIMIT 1 [ RunTime:0.000425s ]
[2024-12-06T13:02:32+08:00][sql] SELECT * FROM `cmf_pushrecord` WHERE  `type` = 0 ORDER BY `id` DESC LIMIT 0,20 [ RunTime:0.000387s ]
[2024-12-06T13:02:32+08:00][sql] CONNECT:[ UseTime:0.000634s ] mysql:host=127.0.0.1;port=3306;dbname=zhibo;charset=utf8mb4
[2024-12-06T13:02:32+08:00][sql] SHOW FULL COLUMNS FROM `cmf_hook` [ RunTime:0.001498s ]
[2024-12-06T13:02:32+08:00][sql] SELECT `hook`,`id` FROM `cmf_hook` WHERE  (  (  `app` = '' OR `app` = 'cmf' )  AND `type` = 3 ) OR `type` = 1 [ RunTime:0.000619s ]
[2024-12-06T13:02:32+08:00][sql] SHOW FULL COLUMNS FROM `cmf_hook_plugin` [ RunTime:0.001249s ]
[2024-12-06T13:02:32+08:00][sql] SELECT `hook`,`plugin` FROM `cmf_hook_plugin` WHERE  `status` = 1  AND `hook` IN ('app_begin','module_init','action_begin','view_filter','app_end','log_write','response_end','admin_init','home_init','send_mobile_verification_code','body_start','before_head_end','footer_start','before_footer','before_footer_end','before_body_end','left_sidebar_start','before_left_sidebar_end','right_sidebar_start','before_right_sidebar_end','comment','guestbook','switch_theme','after_content','before_content','log_write_done','switch_admin_theme','captcha_image') ORDER BY `list_order` ASC [ RunTime:0.000701s ]
[2024-12-06T13:02:34+08:00][sql] CONNECT:[ UseTime:0.000641s ] mysql:host=127.0.0.1;port=3306;dbname=zhibo;charset=utf8mb4
[2024-12-06T13:02:34+08:00][sql] SHOW FULL COLUMNS FROM `cmf_hook` [ RunTime:0.001574s ]
[2024-12-06T13:02:34+08:00][sql] SELECT `hook`,`id` FROM `cmf_hook` WHERE  (  (  `app` = '' OR `app` = 'cmf' )  AND `type` = 3 ) OR `type` = 1 [ RunTime:0.000638s ]
[2024-12-06T13:02:34+08:00][sql] SHOW FULL COLUMNS FROM `cmf_hook_plugin` [ RunTime:0.001237s ]
[2024-12-06T13:02:34+08:00][sql] SELECT `hook`,`plugin` FROM `cmf_hook_plugin` WHERE  `status` = 1  AND `hook` IN ('app_begin','module_init','action_begin','view_filter','app_end','log_write','response_end','admin_init','home_init','send_mobile_verification_code','body_start','before_head_end','footer_start','before_footer','before_footer_end','before_body_end','left_sidebar_start','before_left_sidebar_end','right_sidebar_start','before_right_sidebar_end','comment','guestbook','switch_theme','after_content','before_content','log_write_done','switch_admin_theme','captcha_image') ORDER BY `list_order` ASC [ RunTime:0.000753s ]
[2024-12-06T13:02:34+08:00][sql] SHOW FULL COLUMNS FROM `cmf_user` [ RunTime:0.001975s ]
[2024-12-06T13:02:34+08:00][sql] SELECT * FROM `cmf_user` WHERE  `id` = 1 LIMIT 1 [ RunTime:0.000805s ]
[2024-12-06T13:02:34+08:00][sql] CONNECT:[ UseTime:0.000624s ] mysql:host=127.0.0.1;port=3306;dbname=zhibo;charset=utf8mb4
[2024-12-06T13:02:34+08:00][sql] SHOW FULL COLUMNS FROM `cmf_hook` [ RunTime:0.001626s ]
[2024-12-06T13:02:34+08:00][sql] SELECT `hook`,`id` FROM `cmf_hook` WHERE  (  (  `app` = '' OR `app` = 'cmf' )  AND `type` = 3 ) OR `type` = 1 [ RunTime:0.000721s ]
[2024-12-06T13:02:34+08:00][sql] SHOW FULL COLUMNS FROM `cmf_hook_plugin` [ RunTime:0.001308s ]
[2024-12-06T13:02:34+08:00][sql] SELECT `hook`,`plugin` FROM `cmf_hook_plugin` WHERE  `status` = 1  AND `hook` IN ('app_begin','module_init','action_begin','view_filter','app_end','log_write','response_end','admin_init','home_init','send_mobile_verification_code','body_start','before_head_end','footer_start','before_footer','before_footer_end','before_body_end','left_sidebar_start','before_left_sidebar_end','right_sidebar_start','before_right_sidebar_end','comment','guestbook','switch_theme','after_content','before_content','log_write_done','switch_admin_theme','captcha_image') ORDER BY `list_order` ASC [ RunTime:0.000707s ]
[2024-12-06T13:02:39+08:00][sql] CONNECT:[ UseTime:0.000641s ] mysql:host=127.0.0.1;port=3306;dbname=zhibo;charset=utf8mb4
[2024-12-06T13:02:39+08:00][sql] SHOW FULL COLUMNS FROM `cmf_hook` [ RunTime:0.001577s ]
[2024-12-06T13:02:39+08:00][sql] SELECT `hook`,`id` FROM `cmf_hook` WHERE  (  (  `app` = '' OR `app` = 'cmf' )  AND `type` = 3 ) OR `type` = 1 [ RunTime:0.000625s ]
[2024-12-06T13:02:39+08:00][sql] SHOW FULL COLUMNS FROM `cmf_hook_plugin` [ RunTime:0.001289s ]
[2024-12-06T13:02:39+08:00][sql] SELECT `hook`,`plugin` FROM `cmf_hook_plugin` WHERE  `status` = 1  AND `hook` IN ('app_begin','module_init','action_begin','view_filter','app_end','log_write','response_end','admin_init','home_init','send_mobile_verification_code','body_start','before_head_end','footer_start','before_footer','before_footer_end','before_body_end','left_sidebar_start','before_left_sidebar_end','right_sidebar_start','before_right_sidebar_end','comment','guestbook','switch_theme','after_content','before_content','log_write_done','switch_admin_theme','captcha_image') ORDER BY `list_order` ASC [ RunTime:0.000691s ]
[2024-12-06T13:02:39+08:00][sql] SHOW FULL COLUMNS FROM `cmf_user` [ RunTime:0.002127s ]
[2024-12-06T13:02:39+08:00][sql] SELECT * FROM `cmf_user` WHERE  `id` = 1 LIMIT 1 [ RunTime:0.000853s ]
[2024-12-06T13:02:39+08:00][sql] SHOW FULL COLUMNS FROM `cmf_article` [ RunTime:0.001426s ]
[2024-12-06T13:02:39+08:00][sql] SELECT COUNT(*) AS think_count FROM `cmf_article` LIMIT 1 [ RunTime:0.000375s ]
[2024-12-06T13:02:40+08:00][sql] CONNECT:[ UseTime:0.000681s ] mysql:host=127.0.0.1;port=3306;dbname=zhibo;charset=utf8mb4
[2024-12-06T13:02:40+08:00][sql] SHOW FULL COLUMNS FROM `cmf_hook` [ RunTime:0.001536s ]
[2024-12-06T13:02:40+08:00][sql] SELECT `hook`,`id` FROM `cmf_hook` WHERE  (  (  `app` = '' OR `app` = 'cmf' )  AND `type` = 3 ) OR `type` = 1 [ RunTime:0.000629s ]
[2024-12-06T13:02:40+08:00][sql] SHOW FULL COLUMNS FROM `cmf_hook_plugin` [ RunTime:0.001326s ]
[2024-12-06T13:02:40+08:00][sql] SELECT `hook`,`plugin` FROM `cmf_hook_plugin` WHERE  `status` = 1  AND `hook` IN ('app_begin','module_init','action_begin','view_filter','app_end','log_write','response_end','admin_init','home_init','send_mobile_verification_code','body_start','before_head_end','footer_start','before_footer','before_footer_end','before_body_end','left_sidebar_start','before_left_sidebar_end','right_sidebar_start','before_right_sidebar_end','comment','guestbook','switch_theme','after_content','before_content','log_write_done','switch_admin_theme','captcha_image') ORDER BY `list_order` ASC [ RunTime:0.000691s ]
[2024-12-06T13:02:41+08:00][sql] CONNECT:[ UseTime:0.002013s ] mysql:host=127.0.0.1;port=3306;dbname=zhibo;charset=utf8mb4
[2024-12-06T13:02:41+08:00][sql] SHOW FULL COLUMNS FROM `cmf_hook` [ RunTime:0.001594s ]
[2024-12-06T13:02:41+08:00][sql] SELECT `hook`,`id` FROM `cmf_hook` WHERE  (  (  `app` = '' OR `app` = 'cmf' )  AND `type` = 3 ) OR `type` = 1 [ RunTime:0.000621s ]
[2024-12-06T13:02:41+08:00][sql] SHOW FULL COLUMNS FROM `cmf_hook_plugin` [ RunTime:0.001299s ]
[2024-12-06T13:02:41+08:00][sql] SELECT `hook`,`plugin` FROM `cmf_hook_plugin` WHERE  `status` = 1  AND `hook` IN ('app_begin','module_init','action_begin','view_filter','app_end','log_write','response_end','admin_init','home_init','send_mobile_verification_code','body_start','before_head_end','footer_start','before_footer','before_footer_end','before_body_end','left_sidebar_start','before_left_sidebar_end','right_sidebar_start','before_right_sidebar_end','comment','guestbook','switch_theme','after_content','before_content','log_write_done','switch_admin_theme','captcha_image') ORDER BY `list_order` ASC [ RunTime:0.000690s ]
[2024-12-06T13:02:41+08:00][sql] SHOW FULL COLUMNS FROM `cmf_user` [ RunTime:0.002009s ]
[2024-12-06T13:02:41+08:00][sql] SELECT * FROM `cmf_user` WHERE  `id` = 1 LIMIT 1 [ RunTime:0.000819s ]
[2024-12-06T13:02:41+08:00][sql] CONNECT:[ UseTime:0.000636s ] mysql:host=127.0.0.1;port=3306;dbname=zhibo;charset=utf8mb4
[2024-12-06T13:02:41+08:00][sql] SHOW FULL COLUMNS FROM `cmf_hook` [ RunTime:0.001592s ]
[2024-12-06T13:02:41+08:00][sql] SELECT `hook`,`id` FROM `cmf_hook` WHERE  (  (  `app` = '' OR `app` = 'cmf' )  AND `type` = 3 ) OR `type` = 1 [ RunTime:0.000657s ]
[2024-12-06T13:02:41+08:00][sql] SHOW FULL COLUMNS FROM `cmf_hook_plugin` [ RunTime:0.001267s ]
[2024-12-06T13:02:41+08:00][sql] SELECT `hook`,`plugin` FROM `cmf_hook_plugin` WHERE  `status` = 1  AND `hook` IN ('app_begin','module_init','action_begin','view_filter','app_end','log_write','response_end','admin_init','home_init','send_mobile_verification_code','body_start','before_head_end','footer_start','before_footer','before_footer_end','before_body_end','left_sidebar_start','before_left_sidebar_end','right_sidebar_start','before_right_sidebar_end','comment','guestbook','switch_theme','after_content','before_content','log_write_done','switch_admin_theme','captcha_image') ORDER BY `list_order` ASC [ RunTime:0.000671s ]
[2024-12-06T13:02:42+08:00][sql] CONNECT:[ UseTime:0.000634s ] mysql:host=127.0.0.1;port=3306;dbname=zhibo;charset=utf8mb4
[2024-12-06T13:02:42+08:00][sql] SHOW FULL COLUMNS FROM `cmf_hook` [ RunTime:0.001573s ]
[2024-12-06T13:02:42+08:00][sql] SELECT `hook`,`id` FROM `cmf_hook` WHERE  (  (  `app` = '' OR `app` = 'cmf' )  AND `type` = 3 ) OR `type` = 1 [ RunTime:0.000645s ]
[2024-12-06T13:02:42+08:00][sql] SHOW FULL COLUMNS FROM `cmf_hook_plugin` [ RunTime:0.001260s ]
[2024-12-06T13:02:42+08:00][sql] SELECT `hook`,`plugin` FROM `cmf_hook_plugin` WHERE  `status` = 1  AND `hook` IN ('app_begin','module_init','action_begin','view_filter','app_end','log_write','response_end','admin_init','home_init','send_mobile_verification_code','body_start','before_head_end','footer_start','before_footer','before_footer_end','before_body_end','left_sidebar_start','before_left_sidebar_end','right_sidebar_start','before_right_sidebar_end','comment','guestbook','switch_theme','after_content','before_content','log_write_done','switch_admin_theme','captcha_image') ORDER BY `list_order` ASC [ RunTime:0.000714s ]
[2024-12-06T13:02:42+08:00][sql] SHOW FULL COLUMNS FROM `cmf_user` [ RunTime:0.001936s ]
[2024-12-06T13:02:42+08:00][sql] SELECT * FROM `cmf_user` WHERE  `id` = 1 LIMIT 1 [ RunTime:0.000812s ]
[2024-12-06T13:02:42+08:00][sql] SHOW FULL COLUMNS FROM `cmf_pushrecord` [ RunTime:0.001436s ]
[2024-12-06T13:02:42+08:00][sql] SELECT COUNT(*) AS think_count FROM `cmf_pushrecord` WHERE  `type` = 0 LIMIT 1 [ RunTime:0.000421s ]
[2024-12-06T13:02:42+08:00][sql] SELECT * FROM `cmf_pushrecord` WHERE  `type` = 0 ORDER BY `id` DESC LIMIT 0,20 [ RunTime:0.000371s ]
[2024-12-06T13:02:43+08:00][sql] CONNECT:[ UseTime:0.000619s ] mysql:host=127.0.0.1;port=3306;dbname=zhibo;charset=utf8mb4
[2024-12-06T13:02:43+08:00][sql] SHOW FULL COLUMNS FROM `cmf_hook` [ RunTime:0.001519s ]
[2024-12-06T13:02:43+08:00][sql] SELECT `hook`,`id` FROM `cmf_hook` WHERE  (  (  `app` = '' OR `app` = 'cmf' )  AND `type` = 3 ) OR `type` = 1 [ RunTime:0.000641s ]
[2024-12-06T13:02:43+08:00][sql] SHOW FULL COLUMNS FROM `cmf_hook_plugin` [ RunTime:0.001218s ]
[2024-12-06T13:02:43+08:00][sql] SELECT `hook`,`plugin` FROM `cmf_hook_plugin` WHERE  `status` = 1  AND `hook` IN ('app_begin','module_init','action_begin','view_filter','app_end','log_write','response_end','admin_init','home_init','send_mobile_verification_code','body_start','before_head_end','footer_start','before_footer','before_footer_end','before_body_end','left_sidebar_start','before_left_sidebar_end','right_sidebar_start','before_right_sidebar_end','comment','guestbook','switch_theme','after_content','before_content','log_write_done','switch_admin_theme','captcha_image') ORDER BY `list_order` ASC [ RunTime:0.000678s ]
[2024-12-06T13:03:05+08:00][sql] CONNECT:[ UseTime:0.000658s ] mysql:host=127.0.0.1;port=3306;dbname=zhibo;charset=utf8mb4
[2024-12-06T13:03:05+08:00][sql] SHOW FULL COLUMNS FROM `cmf_hook` [ RunTime:0.001587s ]
[2024-12-06T13:03:05+08:00][sql] SELECT `hook`,`id` FROM `cmf_hook` WHERE  (  (  `app` = '' OR `app` = 'cmf' )  AND `type` = 3 ) OR `type` = 1 [ RunTime:0.000611s ]
[2024-12-06T13:03:05+08:00][sql] SHOW FULL COLUMNS FROM `cmf_hook_plugin` [ RunTime:0.001263s ]
[2024-12-06T13:03:05+08:00][sql] SELECT `hook`,`plugin` FROM `cmf_hook_plugin` WHERE  `status` = 1  AND `hook` IN ('app_begin','module_init','action_begin','view_filter','app_end','log_write','response_end','admin_init','home_init','send_mobile_verification_code','body_start','before_head_end','footer_start','before_footer','before_footer_end','before_body_end','left_sidebar_start','before_left_sidebar_end','right_sidebar_start','before_right_sidebar_end','comment','guestbook','switch_theme','after_content','before_content','log_write_done','switch_admin_theme','captcha_image') ORDER BY `list_order` ASC [ RunTime:0.000652s ]
[2024-12-06T13:03:05+08:00][sql] SHOW FULL COLUMNS FROM `cmf_user` [ RunTime:0.001945s ]
[2024-12-06T13:03:05+08:00][sql] SELECT * FROM `cmf_user` WHERE  `id` = 1 LIMIT 1 [ RunTime:0.000787s ]
[2024-12-06T13:03:05+08:00][sql] SHOW FULL COLUMNS FROM `cmf_article` [ RunTime:0.001384s ]
[2024-12-06T13:03:05+08:00][sql] SELECT COUNT(*) AS think_count FROM `cmf_article` LIMIT 1 [ RunTime:0.000324s ]
[2024-12-06T13:03:05+08:00][sql] CONNECT:[ UseTime:0.000635s ] mysql:host=127.0.0.1;port=3306;dbname=zhibo;charset=utf8mb4
[2024-12-06T13:03:05+08:00][sql] SHOW FULL COLUMNS FROM `cmf_hook` [ RunTime:0.001501s ]
[2024-12-06T13:03:05+08:00][sql] SELECT `hook`,`id` FROM `cmf_hook` WHERE  (  (  `app` = '' OR `app` = 'cmf' )  AND `type` = 3 ) OR `type` = 1 [ RunTime:0.000667s ]
[2024-12-06T13:03:05+08:00][sql] SHOW FULL COLUMNS FROM `cmf_hook_plugin` [ RunTime:0.001249s ]
[2024-12-06T13:03:05+08:00][sql] SELECT `hook`,`plugin` FROM `cmf_hook_plugin` WHERE  `status` = 1  AND `hook` IN ('app_begin','module_init','action_begin','view_filter','app_end','log_write','response_end','admin_init','home_init','send_mobile_verification_code','body_start','before_head_end','footer_start','before_footer','before_footer_end','before_body_end','left_sidebar_start','before_left_sidebar_end','right_sidebar_start','before_right_sidebar_end','comment','guestbook','switch_theme','after_content','before_content','log_write_done','switch_admin_theme','captcha_image') ORDER BY `list_order` ASC [ RunTime:0.000708s ]
[2024-12-06T13:03:06+08:00][sql] CONNECT:[ UseTime:0.000578s ] mysql:host=127.0.0.1;port=3306;dbname=zhibo;charset=utf8mb4
[2024-12-06T13:03:06+08:00][sql] SHOW FULL COLUMNS FROM `cmf_hook` [ RunTime:0.001497s ]
[2024-12-06T13:03:06+08:00][sql] SELECT `hook`,`id` FROM `cmf_hook` WHERE  (  (  `app` = '' OR `app` = 'cmf' )  AND `type` = 3 ) OR `type` = 1 [ RunTime:0.000626s ]
[2024-12-06T13:03:06+08:00][sql] SHOW FULL COLUMNS FROM `cmf_hook_plugin` [ RunTime:0.001227s ]
[2024-12-06T13:03:06+08:00][sql] SELECT `hook`,`plugin` FROM `cmf_hook_plugin` WHERE  `status` = 1  AND `hook` IN ('app_begin','module_init','action_begin','view_filter','app_end','log_write','response_end','admin_init','home_init','send_mobile_verification_code','body_start','before_head_end','footer_start','before_footer','before_footer_end','before_body_end','left_sidebar_start','before_left_sidebar_end','right_sidebar_start','before_right_sidebar_end','comment','guestbook','switch_theme','after_content','before_content','log_write_done','switch_admin_theme','captcha_image') ORDER BY `list_order` ASC [ RunTime:0.000709s ]
[2024-12-06T13:03:06+08:00][sql] SHOW FULL COLUMNS FROM `cmf_user` [ RunTime:0.002008s ]
[2024-12-06T13:03:06+08:00][sql] SELECT * FROM `cmf_user` WHERE  `id` = 1 LIMIT 1 [ RunTime:0.000863s ]
[2024-12-06T13:03:06+08:00][sql] CONNECT:[ UseTime:0.000545s ] mysql:host=127.0.0.1;port=3306;dbname=zhibo;charset=utf8mb4
[2024-12-06T13:03:06+08:00][sql] SHOW FULL COLUMNS FROM `cmf_hook` [ RunTime:0.001509s ]
[2024-12-06T13:03:06+08:00][sql] SELECT `hook`,`id` FROM `cmf_hook` WHERE  (  (  `app` = '' OR `app` = 'cmf' )  AND `type` = 3 ) OR `type` = 1 [ RunTime:0.000635s ]
[2024-12-06T13:03:06+08:00][sql] SHOW FULL COLUMNS FROM `cmf_hook_plugin` [ RunTime:0.001331s ]
[2024-12-06T13:03:06+08:00][sql] SELECT `hook`,`plugin` FROM `cmf_hook_plugin` WHERE  `status` = 1  AND `hook` IN ('app_begin','module_init','action_begin','view_filter','app_end','log_write','response_end','admin_init','home_init','send_mobile_verification_code','body_start','before_head_end','footer_start','before_footer','before_footer_end','before_body_end','left_sidebar_start','before_left_sidebar_end','right_sidebar_start','before_right_sidebar_end','comment','guestbook','switch_theme','after_content','before_content','log_write_done','switch_admin_theme','captcha_image') ORDER BY `list_order` ASC [ RunTime:0.000721s ]
[2024-12-06T13:03:22+08:00][sql] CONNECT:[ UseTime:0.000654s ] mysql:host=127.0.0.1;port=3306;dbname=zhibo;charset=utf8mb4
[2024-12-06T13:03:22+08:00][sql] SHOW FULL COLUMNS FROM `cmf_hook` [ RunTime:0.001541s ]
[2024-12-06T13:03:22+08:00][sql] SELECT `hook`,`id` FROM `cmf_hook` WHERE  (  (  `app` = '' OR `app` = 'cmf' )  AND `type` = 3 ) OR `type` = 1 [ RunTime:0.000630s ]
[2024-12-06T13:03:22+08:00][sql] SHOW FULL COLUMNS FROM `cmf_hook_plugin` [ RunTime:0.001271s ]
[2024-12-06T13:03:22+08:00][sql] SELECT `hook`,`plugin` FROM `cmf_hook_plugin` WHERE  `status` = 1  AND `hook` IN ('app_begin','module_init','action_begin','view_filter','app_end','log_write','response_end','admin_init','home_init','send_mobile_verification_code','body_start','before_head_end','footer_start','before_footer','before_footer_end','before_body_end','left_sidebar_start','before_left_sidebar_end','right_sidebar_start','before_right_sidebar_end','comment','guestbook','switch_theme','after_content','before_content','log_write_done','switch_admin_theme','captcha_image') ORDER BY `list_order` ASC [ RunTime:0.000684s ]
[2024-12-06T13:03:22+08:00][sql] SHOW FULL COLUMNS FROM `cmf_user` [ RunTime:0.001945s ]
[2024-12-06T13:03:22+08:00][sql] SELECT * FROM `cmf_user` WHERE  `id` = 1 LIMIT 1 [ RunTime:0.000863s ]
[2024-12-06T13:03:22+08:00][sql] SHOW FULL COLUMNS FROM `cmf_article` [ RunTime:0.001407s ]
[2024-12-06T13:03:22+08:00][sql] INSERT INTO `cmf_article` SET `article_name` = '第一条' , `content` = '享趣app正在不断迭代更新中，请大家及时关注' , `addtime` = 1733461402 [ RunTime:0.005804s ]
[2024-12-06T13:03:22+08:00][sql] SHOW FULL COLUMNS FROM `cmf_admin_log` [ RunTime:0.001560s ]
[2024-12-06T13:03:22+08:00][sql] INSERT INTO `cmf_admin_log` SET `adminid` = 1 , `admin` = 'admin' , `action` = '添加文章ID: 13' , `ip` = 3747110647 , `addtime` = 1733461402 [ RunTime:0.005769s ]
[2024-12-06T13:03:22+08:00][sql] SELECT `id`,`article_name`,`content` FROM `cmf_article` ORDER BY `list_order` ASC,`id` DESC [ RunTime:0.000547s ]
[2024-12-06T13:03:25+08:00][sql] CONNECT:[ UseTime:0.000661s ] mysql:host=127.0.0.1;port=3306;dbname=zhibo;charset=utf8mb4
[2024-12-06T13:03:25+08:00][sql] SHOW FULL COLUMNS FROM `cmf_hook` [ RunTime:0.001553s ]
[2024-12-06T13:03:25+08:00][sql] SELECT `hook`,`id` FROM `cmf_hook` WHERE  (  (  `app` = '' OR `app` = 'cmf' )  AND `type` = 3 ) OR `type` = 1 [ RunTime:0.000623s ]
[2024-12-06T13:03:25+08:00][sql] SHOW FULL COLUMNS FROM `cmf_hook_plugin` [ RunTime:0.001231s ]
[2024-12-06T13:03:25+08:00][sql] SELECT `hook`,`plugin` FROM `cmf_hook_plugin` WHERE  `status` = 1  AND `hook` IN ('app_begin','module_init','action_begin','view_filter','app_end','log_write','response_end','admin_init','home_init','send_mobile_verification_code','body_start','before_head_end','footer_start','before_footer','before_footer_end','before_body_end','left_sidebar_start','before_left_sidebar_end','right_sidebar_start','before_right_sidebar_end','comment','guestbook','switch_theme','after_content','before_content','log_write_done','switch_admin_theme','captcha_image') ORDER BY `list_order` ASC [ RunTime:0.000671s ]
[2024-12-06T13:03:25+08:00][sql] SHOW FULL COLUMNS FROM `cmf_user` [ RunTime:0.001896s ]
[2024-12-06T13:03:25+08:00][sql] SELECT * FROM `cmf_user` WHERE  `id` = 1 LIMIT 1 [ RunTime:0.000825s ]
[2024-12-06T13:03:25+08:00][sql] CONNECT:[ UseTime:0.000692s ] mysql:host=127.0.0.1;port=3306;dbname=zhibo;charset=utf8mb4
[2024-12-06T13:03:25+08:00][sql] SHOW FULL COLUMNS FROM `cmf_hook` [ RunTime:0.001532s ]
[2024-12-06T13:03:25+08:00][sql] SELECT `hook`,`id` FROM `cmf_hook` WHERE  (  (  `app` = '' OR `app` = 'cmf' )  AND `type` = 3 ) OR `type` = 1 [ RunTime:0.000629s ]
[2024-12-06T13:03:25+08:00][sql] SHOW FULL COLUMNS FROM `cmf_hook_plugin` [ RunTime:0.001348s ]
[2024-12-06T13:03:25+08:00][sql] SELECT `hook`,`plugin` FROM `cmf_hook_plugin` WHERE  `status` = 1  AND `hook` IN ('app_begin','module_init','action_begin','view_filter','app_end','log_write','response_end','admin_init','home_init','send_mobile_verification_code','body_start','before_head_end','footer_start','before_footer','before_footer_end','before_body_end','left_sidebar_start','before_left_sidebar_end','right_sidebar_start','before_right_sidebar_end','comment','guestbook','switch_theme','after_content','before_content','log_write_done','switch_admin_theme','captcha_image') ORDER BY `list_order` ASC [ RunTime:0.000695s ]
[2024-12-06T13:03:26+08:00][sql] CONNECT:[ UseTime:0.000633s ] mysql:host=127.0.0.1;port=3306;dbname=zhibo;charset=utf8mb4
[2024-12-06T13:03:26+08:00][sql] SHOW FULL COLUMNS FROM `cmf_hook` [ RunTime:0.001549s ]
[2024-12-06T13:03:26+08:00][sql] SELECT `hook`,`id` FROM `cmf_hook` WHERE  (  (  `app` = '' OR `app` = 'cmf' )  AND `type` = 3 ) OR `type` = 1 [ RunTime:0.000621s ]
[2024-12-06T13:03:26+08:00][sql] SHOW FULL COLUMNS FROM `cmf_hook_plugin` [ RunTime:0.001246s ]
[2024-12-06T13:03:26+08:00][sql] SELECT `hook`,`plugin` FROM `cmf_hook_plugin` WHERE  `status` = 1  AND `hook` IN ('app_begin','module_init','action_begin','view_filter','app_end','log_write','response_end','admin_init','home_init','send_mobile_verification_code','body_start','before_head_end','footer_start','before_footer','before_footer_end','before_body_end','left_sidebar_start','before_left_sidebar_end','right_sidebar_start','before_right_sidebar_end','comment','guestbook','switch_theme','after_content','before_content','log_write_done','switch_admin_theme','captcha_image') ORDER BY `list_order` ASC [ RunTime:0.000672s ]
[2024-12-06T13:03:26+08:00][sql] SHOW FULL COLUMNS FROM `cmf_user` [ RunTime:0.001919s ]
[2024-12-06T13:03:26+08:00][sql] SELECT * FROM `cmf_user` WHERE  `id` = 1 LIMIT 1 [ RunTime:0.000866s ]
[2024-12-06T13:03:26+08:00][sql] SHOW FULL COLUMNS FROM `cmf_article` [ RunTime:0.001369s ]
[2024-12-06T13:03:26+08:00][sql] SELECT COUNT(*) AS think_count FROM `cmf_article` LIMIT 1 [ RunTime:0.000372s ]
[2024-12-06T13:03:26+08:00][sql] SELECT * FROM `cmf_article` ORDER BY `list_order` ASC,`id` DESC LIMIT 0,20 [ RunTime:0.000357s ]
[2024-12-06T13:03:26+08:00][sql] CONNECT:[ UseTime:0.000627s ] mysql:host=127.0.0.1;port=3306;dbname=zhibo;charset=utf8mb4
[2024-12-06T13:03:26+08:00][sql] SHOW FULL COLUMNS FROM `cmf_hook` [ RunTime:0.001716s ]
[2024-12-06T13:03:26+08:00][sql] SELECT `hook`,`id` FROM `cmf_hook` WHERE  (  (  `app` = '' OR `app` = 'cmf' )  AND `type` = 3 ) OR `type` = 1 [ RunTime:0.000681s ]
[2024-12-06T13:03:26+08:00][sql] SHOW FULL COLUMNS FROM `cmf_hook_plugin` [ RunTime:0.001442s ]
[2024-12-06T13:03:26+08:00][sql] SELECT `hook`,`plugin` FROM `cmf_hook_plugin` WHERE  `status` = 1  AND `hook` IN ('app_begin','module_init','action_begin','view_filter','app_end','log_write','response_end','admin_init','home_init','send_mobile_verification_code','body_start','before_head_end','footer_start','before_footer','before_footer_end','before_body_end','left_sidebar_start','before_left_sidebar_end','right_sidebar_start','before_right_sidebar_end','comment','guestbook','switch_theme','after_content','before_content','log_write_done','switch_admin_theme','captcha_image') ORDER BY `list_order` ASC [ RunTime:0.000786s ]
[2024-12-06T13:28:11+08:00][sql] CONNECT:[ UseTime:0.000657s ] mysql:host=127.0.0.1;port=3306;dbname=zhibo;charset=utf8mb4
[2024-12-06T13:28:11+08:00][sql] SHOW FULL COLUMNS FROM `cmf_hook` [ RunTime:0.001599s ]
[2024-12-06T13:28:11+08:00][sql] SELECT `hook`,`id` FROM `cmf_hook` WHERE  (  (  `app` = '' OR `app` = 'cmf' )  AND `type` = 3 ) OR `type` = 1 [ RunTime:0.000697s ]
[2024-12-06T13:28:11+08:00][sql] SHOW FULL COLUMNS FROM `cmf_hook_plugin` [ RunTime:0.001332s ]
[2024-12-06T13:28:11+08:00][sql] SELECT `hook`,`plugin` FROM `cmf_hook_plugin` WHERE  `status` = 1  AND `hook` IN ('app_begin','module_init','action_begin','view_filter','app_end','log_write','response_end','admin_init','home_init','send_mobile_verification_code','body_start','before_head_end','footer_start','before_footer','before_footer_end','before_body_end','left_sidebar_start','before_left_sidebar_end','right_sidebar_start','before_right_sidebar_end','comment','guestbook','switch_theme','after_content','before_content','log_write_done','switch_admin_theme','captcha_image') ORDER BY `list_order` ASC [ RunTime:0.000736s ]
[2024-12-06T13:28:11+08:00][sql] SELECT `hook` FROM `cmf_hook` WHERE  `app` = 'favicon.ico' [ RunTime:0.000710s ]
[2024-12-06T13:28:11+08:00][sql] SELECT `hook`,`plugin` FROM `cmf_hook_plugin` WHERE  `status` = 1  AND 0 = 1 ORDER BY `list_order` ASC [ RunTime:0.000397s ]
[2024-12-06T13:28:11+08:00][sql] CONNECT:[ UseTime:0.000697s ] mysql:host=127.0.0.1;port=3306;dbname=zhibo;charset=utf8mb4
[2024-12-06T13:28:11+08:00][sql] SHOW FULL COLUMNS FROM `cmf_hook` [ RunTime:0.001647s ]
[2024-12-06T13:28:11+08:00][sql] SELECT `hook`,`id` FROM `cmf_hook` WHERE  (  (  `app` = '' OR `app` = 'cmf' )  AND `type` = 3 ) OR `type` = 1 [ RunTime:0.000651s ]
[2024-12-06T13:28:11+08:00][sql] SHOW FULL COLUMNS FROM `cmf_hook_plugin` [ RunTime:0.001364s ]
[2024-12-06T13:28:11+08:00][sql] SELECT `hook`,`plugin` FROM `cmf_hook_plugin` WHERE  `status` = 1  AND `hook` IN ('app_begin','module_init','action_begin','view_filter','app_end','log_write','response_end','admin_init','home_init','send_mobile_verification_code','body_start','before_head_end','footer_start','before_footer','before_footer_end','before_body_end','left_sidebar_start','before_left_sidebar_end','right_sidebar_start','before_right_sidebar_end','comment','guestbook','switch_theme','after_content','before_content','log_write_done','switch_admin_theme','captcha_image') ORDER BY `list_order` ASC [ RunTime:0.000725s ]
[2024-12-06T13:30:03+08:00][sql] CONNECT:[ UseTime:0.000652s ] mysql:host=127.0.0.1;port=3306;dbname=zhibo;charset=utf8mb4
[2024-12-06T13:30:03+08:00][sql] SHOW FULL COLUMNS FROM `cmf_hook` [ RunTime:0.001639s ]
[2024-12-06T13:30:03+08:00][sql] SELECT `hook`,`id` FROM `cmf_hook` WHERE  (  (  `app` = '' OR `app` = 'cmf' )  AND `type` = 3 ) OR `type` = 1 [ RunTime:0.000673s ]
[2024-12-06T13:30:03+08:00][sql] SHOW FULL COLUMNS FROM `cmf_hook_plugin` [ RunTime:0.001279s ]
[2024-12-06T13:30:03+08:00][sql] SELECT `hook`,`plugin` FROM `cmf_hook_plugin` WHERE  `status` = 1  AND `hook` IN ('app_begin','module_init','action_begin','view_filter','app_end','log_write','response_end','admin_init','home_init','send_mobile_verification_code','body_start','before_head_end','footer_start','before_footer','before_footer_end','before_body_end','left_sidebar_start','before_left_sidebar_end','right_sidebar_start','before_right_sidebar_end','comment','guestbook','switch_theme','after_content','before_content','log_write_done','switch_admin_theme','captcha_image') ORDER BY `list_order` ASC [ RunTime:0.000672s ]
[2024-12-06T13:30:03+08:00][sql] SELECT `hook` FROM `cmf_hook` WHERE  `app` = 'App.Article.GetList' [ RunTime:0.000734s ]
[2024-12-06T13:30:03+08:00][sql] SELECT `hook`,`plugin` FROM `cmf_hook_plugin` WHERE  `status` = 1  AND 0 = 1 ORDER BY `list_order` ASC [ RunTime:0.000349s ]
[2024-12-06T13:30:03+08:00][sql] CONNECT:[ UseTime:0.000661s ] mysql:host=127.0.0.1;port=3306;dbname=zhibo;charset=utf8mb4
[2024-12-06T13:30:03+08:00][sql] SHOW FULL COLUMNS FROM `cmf_hook` [ RunTime:0.001692s ]
[2024-12-06T13:30:03+08:00][sql] SELECT `hook`,`id` FROM `cmf_hook` WHERE  (  (  `app` = '' OR `app` = 'cmf' )  AND `type` = 3 ) OR `type` = 1 [ RunTime:0.000656s ]
[2024-12-06T13:30:03+08:00][sql] SHOW FULL COLUMNS FROM `cmf_hook_plugin` [ RunTime:0.001339s ]
[2024-12-06T13:30:03+08:00][sql] SELECT `hook`,`plugin` FROM `cmf_hook_plugin` WHERE  `status` = 1  AND `hook` IN ('app_begin','module_init','action_begin','view_filter','app_end','log_write','response_end','admin_init','home_init','send_mobile_verification_code','body_start','before_head_end','footer_start','before_footer','before_footer_end','before_body_end','left_sidebar_start','before_left_sidebar_end','right_sidebar_start','before_right_sidebar_end','comment','guestbook','switch_theme','after_content','before_content','log_write_done','switch_admin_theme','captcha_image') ORDER BY `list_order` ASC [ RunTime:0.000721s ]
[2024-12-06T13:47:06+08:00][sql] CONNECT:[ UseTime:0.000672s ] mysql:host=127.0.0.1;port=3306;dbname=zhibo;charset=utf8mb4
[2024-12-06T13:47:06+08:00][sql] SHOW FULL COLUMNS FROM `cmf_hook` [ RunTime:0.001562s ]
[2024-12-06T13:47:06+08:00][sql] SELECT `hook`,`id` FROM `cmf_hook` WHERE  (  (  `app` = '' OR `app` = 'cmf' )  AND `type` = 3 ) OR `type` = 1 [ RunTime:0.000664s ]
[2024-12-06T13:47:06+08:00][sql] SHOW FULL COLUMNS FROM `cmf_hook_plugin` [ RunTime:0.001268s ]
[2024-12-06T13:47:06+08:00][sql] SELECT `hook`,`plugin` FROM `cmf_hook_plugin` WHERE  `status` = 1  AND `hook` IN ('app_begin','module_init','action_begin','view_filter','app_end','log_write','response_end','admin_init','home_init','send_mobile_verification_code','body_start','before_head_end','footer_start','before_footer','before_footer_end','before_body_end','left_sidebar_start','before_left_sidebar_end','right_sidebar_start','before_right_sidebar_end','comment','guestbook','switch_theme','after_content','before_content','log_write_done','switch_admin_theme','captcha_image') ORDER BY `list_order` ASC [ RunTime:0.000680s ]
[2024-12-06T13:47:07+08:00][sql] CONNECT:[ UseTime:0.000668s ] mysql:host=127.0.0.1;port=3306;dbname=zhibo;charset=utf8mb4
[2024-12-06T13:47:07+08:00][sql] SHOW FULL COLUMNS FROM `cmf_hook` [ RunTime:0.001604s ]
[2024-12-06T13:47:07+08:00][sql] SELECT `hook`,`id` FROM `cmf_hook` WHERE  (  (  `app` = '' OR `app` = 'cmf' )  AND `type` = 3 ) OR `type` = 1 [ RunTime:0.000651s ]
[2024-12-06T13:47:07+08:00][sql] SHOW FULL COLUMNS FROM `cmf_hook_plugin` [ RunTime:0.001322s ]
[2024-12-06T13:47:07+08:00][sql] SELECT `hook`,`plugin` FROM `cmf_hook_plugin` WHERE  `status` = 1  AND `hook` IN ('app_begin','module_init','action_begin','view_filter','app_end','log_write','response_end','admin_init','home_init','send_mobile_verification_code','body_start','before_head_end','footer_start','before_footer','before_footer_end','before_body_end','left_sidebar_start','before_left_sidebar_end','right_sidebar_start','before_right_sidebar_end','comment','guestbook','switch_theme','after_content','before_content','log_write_done','switch_admin_theme','captcha_image') ORDER BY `list_order` ASC [ RunTime:0.000735s ]
[2024-12-06T14:14:47+08:00][sql] CONNECT:[ UseTime:0.000625s ] mysql:host=127.0.0.1;port=3306;dbname=zhibo;charset=utf8mb4
[2024-12-06T14:14:47+08:00][sql] SHOW FULL COLUMNS FROM `cmf_hook` [ RunTime:0.001526s ]
[2024-12-06T14:14:47+08:00][sql] SELECT `hook`,`id` FROM `cmf_hook` WHERE  (  (  `app` = '' OR `app` = 'cmf' )  AND `type` = 3 ) OR `type` = 1 [ RunTime:0.000608s ]
[2024-12-06T14:14:47+08:00][sql] SHOW FULL COLUMNS FROM `cmf_hook_plugin` [ RunTime:0.001254s ]
[2024-12-06T14:14:47+08:00][sql] SELECT `hook`,`plugin` FROM `cmf_hook_plugin` WHERE  `status` = 1  AND `hook` IN ('app_begin','module_init','action_begin','view_filter','app_end','log_write','response_end','admin_init','home_init','send_mobile_verification_code','body_start','before_head_end','footer_start','before_footer','before_footer_end','before_body_end','left_sidebar_start','before_left_sidebar_end','right_sidebar_start','before_right_sidebar_end','comment','guestbook','switch_theme','after_content','before_content','log_write_done','switch_admin_theme','captcha_image') ORDER BY `list_order` ASC [ RunTime:0.000679s ]
[2024-12-06T14:14:47+08:00][sql] SHOW FULL COLUMNS FROM `cmf_user` [ RunTime:0.001945s ]
[2024-12-06T14:14:47+08:00][sql] SELECT * FROM `cmf_user` WHERE  `id` = 1 LIMIT 1 [ RunTime:0.000871s ]
[2024-12-06T14:14:47+08:00][sql] SHOW FULL COLUMNS FROM `cmf_option` [ RunTime:0.001917s ]
[2024-12-06T14:14:47+08:00][sql] SELECT `option_value` FROM `cmf_option` WHERE  `option_name` = 'cmf_settings' LIMIT 1 [ RunTime:0.000518s ]
[2024-12-06T14:14:47+08:00][sql] CONNECT:[ UseTime:0.000648s ] mysql:host=127.0.0.1;port=3306;dbname=zhibo;charset=utf8mb4
[2024-12-06T14:14:47+08:00][sql] SHOW FULL COLUMNS FROM `cmf_hook` [ RunTime:0.001600s ]
[2024-12-06T14:14:47+08:00][sql] SELECT `hook`,`id` FROM `cmf_hook` WHERE  (  (  `app` = '' OR `app` = 'cmf' )  AND `type` = 3 ) OR `type` = 1 [ RunTime:0.000643s ]
[2024-12-06T14:14:47+08:00][sql] SHOW FULL COLUMNS FROM `cmf_hook_plugin` [ RunTime:0.001256s ]
[2024-12-06T14:14:47+08:00][sql] SELECT `hook`,`plugin` FROM `cmf_hook_plugin` WHERE  `status` = 1  AND `hook` IN ('app_begin','module_init','action_begin','view_filter','app_end','log_write','response_end','admin_init','home_init','send_mobile_verification_code','body_start','before_head_end','footer_start','before_footer','before_footer_end','before_body_end','left_sidebar_start','before_left_sidebar_end','right_sidebar_start','before_right_sidebar_end','comment','guestbook','switch_theme','after_content','before_content','log_write_done','switch_admin_theme','captcha_image') ORDER BY `list_order` ASC [ RunTime:0.000678s ]
[2024-12-06T14:14:48+08:00][sql] CONNECT:[ UseTime:0.000636s ] mysql:host=127.0.0.1;port=3306;dbname=zhibo;charset=utf8mb4
[2024-12-06T14:14:48+08:00][sql] SHOW FULL COLUMNS FROM `cmf_hook` [ RunTime:0.001678s ]
[2024-12-06T14:14:48+08:00][sql] SELECT `hook`,`id` FROM `cmf_hook` WHERE  (  (  `app` = '' OR `app` = 'cmf' )  AND `type` = 3 ) OR `type` = 1 [ RunTime:0.000702s ]
[2024-12-06T14:14:48+08:00][sql] SHOW FULL COLUMNS FROM `cmf_hook_plugin` [ RunTime:0.001398s ]
[2024-12-06T14:14:48+08:00][sql] SELECT `hook`,`plugin` FROM `cmf_hook_plugin` WHERE  `status` = 1  AND `hook` IN ('app_begin','module_init','action_begin','view_filter','app_end','log_write','response_end','admin_init','home_init','send_mobile_verification_code','body_start','before_head_end','footer_start','before_footer','before_footer_end','before_body_end','left_sidebar_start','before_left_sidebar_end','right_sidebar_start','before_right_sidebar_end','comment','guestbook','switch_theme','after_content','before_content','log_write_done','switch_admin_theme','captcha_image') ORDER BY `list_order` ASC [ RunTime:0.000802s ]
[2024-12-06T14:14:48+08:00][sql] SHOW FULL COLUMNS FROM `cmf_user` [ RunTime:0.002407s ]
[2024-12-06T14:14:48+08:00][sql] SELECT * FROM `cmf_user` WHERE  `id` = 1 LIMIT 1 [ RunTime:0.000965s ]
[2024-12-06T14:14:48+08:00][sql] SHOW FULL COLUMNS FROM `cmf_option` [ RunTime:0.001891s ]
[2024-12-06T14:14:48+08:00][sql] SELECT `option_value` FROM `cmf_option` WHERE  `option_name` = 'configpri' LIMIT 1 [ RunTime:0.000519s ]
[2024-12-06T14:14:48+08:00][sql] CONNECT:[ UseTime:0.000635s ] mysql:host=127.0.0.1;port=3306;dbname=zhibo;charset=utf8mb4
[2024-12-06T14:14:48+08:00][sql] SHOW FULL COLUMNS FROM `cmf_hook` [ RunTime:0.001550s ]
[2024-12-06T14:14:48+08:00][sql] SELECT `hook`,`id` FROM `cmf_hook` WHERE  (  (  `app` = '' OR `app` = 'cmf' )  AND `type` = 3 ) OR `type` = 1 [ RunTime:0.000585s ]
[2024-12-06T14:14:48+08:00][sql] SHOW FULL COLUMNS FROM `cmf_hook_plugin` [ RunTime:0.001235s ]
[2024-12-06T14:14:48+08:00][sql] SELECT `hook`,`plugin` FROM `cmf_hook_plugin` WHERE  `status` = 1  AND `hook` IN ('app_begin','module_init','action_begin','view_filter','app_end','log_write','response_end','admin_init','home_init','send_mobile_verification_code','body_start','before_head_end','footer_start','before_footer','before_footer_end','before_body_end','left_sidebar_start','before_left_sidebar_end','right_sidebar_start','before_right_sidebar_end','comment','guestbook','switch_theme','after_content','before_content','log_write_done','switch_admin_theme','captcha_image') ORDER BY `list_order` ASC [ RunTime:0.000668s ]
[2024-12-06T14:20:13+08:00][sql] CONNECT:[ UseTime:0.000639s ] mysql:host=127.0.0.1;port=3306;dbname=zhibo;charset=utf8mb4
[2024-12-06T14:20:13+08:00][sql] SHOW FULL COLUMNS FROM `cmf_hook` [ RunTime:0.001496s ]
[2024-12-06T14:20:13+08:00][sql] SELECT `hook`,`id` FROM `cmf_hook` WHERE  (  (  `app` = '' OR `app` = 'cmf' )  AND `type` = 3 ) OR `type` = 1 [ RunTime:0.000633s ]
[2024-12-06T14:20:13+08:00][sql] SHOW FULL COLUMNS FROM `cmf_hook_plugin` [ RunTime:0.001278s ]
[2024-12-06T14:20:13+08:00][sql] SELECT `hook`,`plugin` FROM `cmf_hook_plugin` WHERE  `status` = 1  AND `hook` IN ('app_begin','module_init','action_begin','view_filter','app_end','log_write','response_end','admin_init','home_init','send_mobile_verification_code','body_start','before_head_end','footer_start','before_footer','before_footer_end','before_body_end','left_sidebar_start','before_left_sidebar_end','right_sidebar_start','before_right_sidebar_end','comment','guestbook','switch_theme','after_content','before_content','log_write_done','switch_admin_theme','captcha_image') ORDER BY `list_order` ASC [ RunTime:0.000686s ]
[2024-12-06T14:20:13+08:00][sql] CONNECT:[ UseTime:0.000654s ] mysql:host=127.0.0.1;port=3306;dbname=zhibo;charset=utf8mb4
[2024-12-06T14:20:13+08:00][sql] SHOW FULL COLUMNS FROM `cmf_hook` [ RunTime:0.001564s ]
[2024-12-06T14:20:13+08:00][sql] SELECT `hook`,`id` FROM `cmf_hook` WHERE  (  (  `app` = '' OR `app` = 'cmf' )  AND `type` = 3 ) OR `type` = 1 [ RunTime:0.000600s ]
[2024-12-06T14:20:13+08:00][sql] SHOW FULL COLUMNS FROM `cmf_hook_plugin` [ RunTime:0.001204s ]
[2024-12-06T14:20:13+08:00][sql] SELECT `hook`,`plugin` FROM `cmf_hook_plugin` WHERE  `status` = 1  AND `hook` IN ('app_begin','module_init','action_begin','view_filter','app_end','log_write','response_end','admin_init','home_init','send_mobile_verification_code','body_start','before_head_end','footer_start','before_footer','before_footer_end','before_body_end','left_sidebar_start','before_left_sidebar_end','right_sidebar_start','before_right_sidebar_end','comment','guestbook','switch_theme','after_content','before_content','log_write_done','switch_admin_theme','captcha_image') ORDER BY `list_order` ASC [ RunTime:0.000655s ]
[2024-12-06T14:20:14+08:00][sql] CONNECT:[ UseTime:0.000607s ] mysql:host=127.0.0.1;port=3306;dbname=zhibo;charset=utf8mb4
[2024-12-06T14:20:14+08:00][sql] SHOW FULL COLUMNS FROM `cmf_hook` [ RunTime:0.001517s ]
[2024-12-06T14:20:14+08:00][sql] SELECT `hook`,`id` FROM `cmf_hook` WHERE  (  (  `app` = '' OR `app` = 'cmf' )  AND `type` = 3 ) OR `type` = 1 [ RunTime:0.000611s ]
[2024-12-06T14:20:14+08:00][sql] SHOW FULL COLUMNS FROM `cmf_hook_plugin` [ RunTime:0.001197s ]
[2024-12-06T14:20:14+08:00][sql] SELECT `hook`,`plugin` FROM `cmf_hook_plugin` WHERE  `status` = 1  AND `hook` IN ('app_begin','module_init','action_begin','view_filter','app_end','log_write','response_end','admin_init','home_init','send_mobile_verification_code','body_start','before_head_end','footer_start','before_footer','before_footer_end','before_body_end','left_sidebar_start','before_left_sidebar_end','right_sidebar_start','before_right_sidebar_end','comment','guestbook','switch_theme','after_content','before_content','log_write_done','switch_admin_theme','captcha_image') ORDER BY `list_order` ASC [ RunTime:0.000692s ]
[2024-12-06T14:20:14+08:00][sql] CONNECT:[ UseTime:0.000623s ] mysql:host=127.0.0.1;port=3306;dbname=zhibo;charset=utf8mb4
[2024-12-06T14:20:14+08:00][sql] SHOW FULL COLUMNS FROM `cmf_hook` [ RunTime:0.001544s ]
[2024-12-06T14:20:14+08:00][sql] SELECT `hook`,`id` FROM `cmf_hook` WHERE  (  (  `app` = '' OR `app` = 'cmf' )  AND `type` = 3 ) OR `type` = 1 [ RunTime:0.000620s ]
[2024-12-06T14:20:14+08:00][sql] SHOW FULL COLUMNS FROM `cmf_hook_plugin` [ RunTime:0.001243s ]
[2024-12-06T14:20:14+08:00][sql] SELECT `hook`,`plugin` FROM `cmf_hook_plugin` WHERE  `status` = 1  AND `hook` IN ('app_begin','module_init','action_begin','view_filter','app_end','log_write','response_end','admin_init','home_init','send_mobile_verification_code','body_start','before_head_end','footer_start','before_footer','before_footer_end','before_body_end','left_sidebar_start','before_left_sidebar_end','right_sidebar_start','before_right_sidebar_end','comment','guestbook','switch_theme','after_content','before_content','log_write_done','switch_admin_theme','captcha_image') ORDER BY `list_order` ASC [ RunTime:0.000688s ]
[2024-12-06T14:20:14+08:00][sql] CONNECT:[ UseTime:0.000642s ] mysql:host=127.0.0.1;port=3306;dbname=zhibo;charset=utf8mb4
[2024-12-06T14:20:14+08:00][sql] SHOW FULL COLUMNS FROM `cmf_hook` [ RunTime:0.001554s ]
[2024-12-06T14:20:14+08:00][sql] SELECT `hook`,`id` FROM `cmf_hook` WHERE  (  (  `app` = '' OR `app` = 'cmf' )  AND `type` = 3 ) OR `type` = 1 [ RunTime:0.000669s ]
[2024-12-06T14:20:14+08:00][sql] SHOW FULL COLUMNS FROM `cmf_hook_plugin` [ RunTime:0.001272s ]
[2024-12-06T14:20:14+08:00][sql] SELECT `hook`,`plugin` FROM `cmf_hook_plugin` WHERE  `status` = 1  AND `hook` IN ('app_begin','module_init','action_begin','view_filter','app_end','log_write','response_end','admin_init','home_init','send_mobile_verification_code','body_start','before_head_end','footer_start','before_footer','before_footer_end','before_body_end','left_sidebar_start','before_left_sidebar_end','right_sidebar_start','before_right_sidebar_end','comment','guestbook','switch_theme','after_content','before_content','log_write_done','switch_admin_theme','captcha_image') ORDER BY `list_order` ASC [ RunTime:0.000752s ]
[2024-12-06T14:20:23+08:00][sql] CONNECT:[ UseTime:0.000626s ] mysql:host=127.0.0.1;port=3306;dbname=zhibo;charset=utf8mb4
[2024-12-06T14:20:23+08:00][sql] SHOW FULL COLUMNS FROM `cmf_hook` [ RunTime:0.001506s ]
[2024-12-06T14:20:23+08:00][sql] SELECT `hook`,`id` FROM `cmf_hook` WHERE  (  (  `app` = '' OR `app` = 'cmf' )  AND `type` = 3 ) OR `type` = 1 [ RunTime:0.000625s ]
[2024-12-06T14:20:23+08:00][sql] SHOW FULL COLUMNS FROM `cmf_hook_plugin` [ RunTime:0.001239s ]
[2024-12-06T14:20:23+08:00][sql] SELECT `hook`,`plugin` FROM `cmf_hook_plugin` WHERE  `status` = 1  AND `hook` IN ('app_begin','module_init','action_begin','view_filter','app_end','log_write','response_end','admin_init','home_init','send_mobile_verification_code','body_start','before_head_end','footer_start','before_footer','before_footer_end','before_body_end','left_sidebar_start','before_left_sidebar_end','right_sidebar_start','before_right_sidebar_end','comment','guestbook','switch_theme','after_content','before_content','log_write_done','switch_admin_theme','captcha_image') ORDER BY `list_order` ASC [ RunTime:0.000680s ]
[2024-12-06T14:20:23+08:00][sql] SHOW FULL COLUMNS FROM `cmf_user` [ RunTime:0.002014s ]
[2024-12-06T14:20:23+08:00][sql] SELECT * FROM `cmf_user` WHERE  `user_login` = 'admin' LIMIT 1 [ RunTime:0.000938s ]
[2024-12-06T14:20:24+08:00][sql] CONNECT:[ UseTime:0.000657s ] mysql:host=127.0.0.1;port=3306;dbname=zhibo;charset=utf8mb4
[2024-12-06T14:20:24+08:00][sql] SHOW FULL COLUMNS FROM `cmf_hook` [ RunTime:0.001522s ]
[2024-12-06T14:20:24+08:00][sql] SELECT `hook`,`id` FROM `cmf_hook` WHERE  (  (  `app` = '' OR `app` = 'cmf' )  AND `type` = 3 ) OR `type` = 1 [ RunTime:0.000687s ]
[2024-12-06T14:20:24+08:00][sql] SHOW FULL COLUMNS FROM `cmf_hook_plugin` [ RunTime:0.001304s ]
[2024-12-06T14:20:24+08:00][sql] SELECT `hook`,`plugin` FROM `cmf_hook_plugin` WHERE  `status` = 1  AND `hook` IN ('app_begin','module_init','action_begin','view_filter','app_end','log_write','response_end','admin_init','home_init','send_mobile_verification_code','body_start','before_head_end','footer_start','before_footer','before_footer_end','before_body_end','left_sidebar_start','before_left_sidebar_end','right_sidebar_start','before_right_sidebar_end','comment','guestbook','switch_theme','after_content','before_content','log_write_done','switch_admin_theme','captcha_image') ORDER BY `list_order` ASC [ RunTime:0.000712s ]
[2024-12-06T14:20:31+08:00][sql] CONNECT:[ UseTime:0.000661s ] mysql:host=127.0.0.1;port=3306;dbname=zhibo;charset=utf8mb4
[2024-12-06T14:20:31+08:00][sql] SHOW FULL COLUMNS FROM `cmf_hook` [ RunTime:0.001549s ]
[2024-12-06T14:20:31+08:00][sql] SELECT `hook`,`id` FROM `cmf_hook` WHERE  (  (  `app` = '' OR `app` = 'cmf' )  AND `type` = 3 ) OR `type` = 1 [ RunTime:0.000592s ]
[2024-12-06T14:20:31+08:00][sql] SHOW FULL COLUMNS FROM `cmf_hook_plugin` [ RunTime:0.001291s ]
[2024-12-06T14:20:31+08:00][sql] SELECT `hook`,`plugin` FROM `cmf_hook_plugin` WHERE  `status` = 1  AND `hook` IN ('app_begin','module_init','action_begin','view_filter','app_end','log_write','response_end','admin_init','home_init','send_mobile_verification_code','body_start','before_head_end','footer_start','before_footer','before_footer_end','before_body_end','left_sidebar_start','before_left_sidebar_end','right_sidebar_start','before_right_sidebar_end','comment','guestbook','switch_theme','after_content','before_content','log_write_done','switch_admin_theme','captcha_image') ORDER BY `list_order` ASC [ RunTime:0.000656s ]
[2024-12-06T14:20:31+08:00][sql] SHOW FULL COLUMNS FROM `cmf_user` [ RunTime:0.002030s ]
[2024-12-06T14:20:31+08:00][sql] SELECT * FROM `cmf_user` WHERE  `user_login` = 'admin' LIMIT 1 [ RunTime:0.000971s ]
[2024-12-06T14:20:32+08:00][sql] CONNECT:[ UseTime:0.000659s ] mysql:host=127.0.0.1;port=3306;dbname=zhibo;charset=utf8mb4
[2024-12-06T14:20:32+08:00][sql] SHOW FULL COLUMNS FROM `cmf_hook` [ RunTime:0.001622s ]
[2024-12-06T14:20:32+08:00][sql] SELECT `hook`,`id` FROM `cmf_hook` WHERE  (  (  `app` = '' OR `app` = 'cmf' )  AND `type` = 3 ) OR `type` = 1 [ RunTime:0.000670s ]
[2024-12-06T14:20:32+08:00][sql] SHOW FULL COLUMNS FROM `cmf_hook_plugin` [ RunTime:0.001342s ]
[2024-12-06T14:20:32+08:00][sql] SELECT `hook`,`plugin` FROM `cmf_hook_plugin` WHERE  `status` = 1  AND `hook` IN ('app_begin','module_init','action_begin','view_filter','app_end','log_write','response_end','admin_init','home_init','send_mobile_verification_code','body_start','before_head_end','footer_start','before_footer','before_footer_end','before_body_end','left_sidebar_start','before_left_sidebar_end','right_sidebar_start','before_right_sidebar_end','comment','guestbook','switch_theme','after_content','before_content','log_write_done','switch_admin_theme','captcha_image') ORDER BY `list_order` ASC [ RunTime:0.000715s ]
[2024-12-06T14:20:47+08:00][sql] CONNECT:[ UseTime:0.000628s ] mysql:host=127.0.0.1;port=3306;dbname=zhibo;charset=utf8mb4
[2024-12-06T14:20:47+08:00][sql] SHOW FULL COLUMNS FROM `cmf_hook` [ RunTime:0.001484s ]
[2024-12-06T14:20:47+08:00][sql] SELECT `hook`,`id` FROM `cmf_hook` WHERE  (  (  `app` = '' OR `app` = 'cmf' )  AND `type` = 3 ) OR `type` = 1 [ RunTime:0.000620s ]
[2024-12-06T14:20:47+08:00][sql] SHOW FULL COLUMNS FROM `cmf_hook_plugin` [ RunTime:0.001208s ]
[2024-12-06T14:20:47+08:00][sql] SELECT `hook`,`plugin` FROM `cmf_hook_plugin` WHERE  `status` = 1  AND `hook` IN ('app_begin','module_init','action_begin','view_filter','app_end','log_write','response_end','admin_init','home_init','send_mobile_verification_code','body_start','before_head_end','footer_start','before_footer','before_footer_end','before_body_end','left_sidebar_start','before_left_sidebar_end','right_sidebar_start','before_right_sidebar_end','comment','guestbook','switch_theme','after_content','before_content','log_write_done','switch_admin_theme','captcha_image') ORDER BY `list_order` ASC [ RunTime:0.000669s ]
[2024-12-06T14:20:47+08:00][sql] SHOW FULL COLUMNS FROM `cmf_user` [ RunTime:0.002042s ]
[2024-12-06T14:20:47+08:00][sql] SELECT * FROM `cmf_user` WHERE  `user_login` = 'admin' LIMIT 1 [ RunTime:0.000936s ]
[2024-12-06T14:20:47+08:00][sql] SHOW FULL COLUMNS FROM `cmf_role_user` [ RunTime:0.001276s ]
[2024-12-06T14:20:47+08:00][sql] SELECT `role_id` FROM `cmf_role_user` `a` INNER JOIN `cmf_role` `b` ON `a`.`role_id`=`b`.`id` WHERE  `user_id` = 1  AND `status` = '1' LIMIT 1 [ RunTime:0.000583s ]
[2024-12-06T14:20:47+08:00][sql] SHOW FULL COLUMNS FROM `cmf_user_token` [ RunTime:0.001150s ]
[2024-12-06T14:20:47+08:00][sql] SELECT * FROM `cmf_user_token` WHERE  `user_id` = 1  AND `device_type` = 'web' LIMIT 1 [ RunTime:0.000435s ]
[2024-12-06T14:20:47+08:00][sql] UPDATE `cmf_user`  SET `last_login_ip` = '39.162.141.199' , `last_login_time` = 1733466047  WHERE  `id` = 1 [ RunTime:0.006891s ]
[2024-12-06T14:20:49+08:00][sql] CONNECT:[ UseTime:0.000651s ] mysql:host=127.0.0.1;port=3306;dbname=zhibo;charset=utf8mb4
[2024-12-06T14:20:49+08:00][sql] SHOW FULL COLUMNS FROM `cmf_hook` [ RunTime:0.001510s ]
[2024-12-06T14:20:49+08:00][sql] SELECT `hook`,`id` FROM `cmf_hook` WHERE  (  (  `app` = '' OR `app` = 'cmf' )  AND `type` = 3 ) OR `type` = 1 [ RunTime:0.000594s ]
[2024-12-06T14:20:49+08:00][sql] SHOW FULL COLUMNS FROM `cmf_hook_plugin` [ RunTime:0.001232s ]
[2024-12-06T14:20:49+08:00][sql] SELECT `hook`,`plugin` FROM `cmf_hook_plugin` WHERE  `status` = 1  AND `hook` IN ('app_begin','module_init','action_begin','view_filter','app_end','log_write','response_end','admin_init','home_init','send_mobile_verification_code','body_start','before_head_end','footer_start','before_footer','before_footer_end','before_body_end','left_sidebar_start','before_left_sidebar_end','right_sidebar_start','before_right_sidebar_end','comment','guestbook','switch_theme','after_content','before_content','log_write_done','switch_admin_theme','captcha_image') ORDER BY `list_order` ASC [ RunTime:0.000692s ]
[2024-12-06T14:20:49+08:00][sql] SHOW FULL COLUMNS FROM `cmf_user` [ RunTime:0.001860s ]
[2024-12-06T14:20:49+08:00][sql] SELECT * FROM `cmf_user` WHERE  `id` = 1 LIMIT 1 [ RunTime:0.000818s ]
[2024-12-06T14:20:49+08:00][sql] SHOW FULL COLUMNS FROM `cmf_admin_menu` [ RunTime:0.001674s ]
[2024-12-06T14:20:49+08:00][sql] SELECT * FROM `cmf_admin_menu` ORDER BY `app` ASC,`controller` ASC,`action` ASC [ RunTime:0.007391s ]
[2024-12-06T14:20:49+08:00][sql] CONNECT:[ UseTime:0.000652s ] mysql:host=127.0.0.1;port=3306;dbname=zhibo;charset=utf8mb4
[2024-12-06T14:20:49+08:00][sql] SHOW FULL COLUMNS FROM `cmf_hook` [ RunTime:0.001501s ]
[2024-12-06T14:20:49+08:00][sql] SELECT `hook`,`id` FROM `cmf_hook` WHERE  (  (  `app` = '' OR `app` = 'cmf' )  AND `type` = 3 ) OR `type` = 1 [ RunTime:0.000658s ]
[2024-12-06T14:20:49+08:00][sql] SHOW FULL COLUMNS FROM `cmf_hook_plugin` [ RunTime:0.001265s ]
[2024-12-06T14:20:49+08:00][sql] SELECT `hook`,`plugin` FROM `cmf_hook_plugin` WHERE  `status` = 1  AND `hook` IN ('app_begin','module_init','action_begin','view_filter','app_end','log_write','response_end','admin_init','home_init','send_mobile_verification_code','body_start','before_head_end','footer_start','before_footer','before_footer_end','before_body_end','left_sidebar_start','before_left_sidebar_end','right_sidebar_start','before_right_sidebar_end','comment','guestbook','switch_theme','after_content','before_content','log_write_done','switch_admin_theme','captcha_image') ORDER BY `list_order` ASC [ RunTime:0.000681s ]
[2024-12-06T14:20:49+08:00][sql] SHOW FULL COLUMNS FROM `cmf_user` [ RunTime:0.001939s ]
[2024-12-06T14:20:49+08:00][sql] SELECT * FROM `cmf_user` WHERE  `id` = 1 LIMIT 1 [ RunTime:0.000838s ]
[2024-12-06T14:20:49+08:00][sql] SELECT COUNT(*) AS think_count FROM `cmf_user` WHERE  ( user_type=2 ) LIMIT 1 [ RunTime:0.000591s ]
[2024-12-06T14:20:49+08:00][sql] SELECT count(id) as nums,source FROM `cmf_user` WHERE  ( user_type=2 ) GROUP BY `source` [ RunTime:0.001074s ]
[2024-12-06T14:20:49+08:00][sql] SELECT count(id) as nums,login_type FROM `cmf_user` WHERE  ( user_type=2 ) GROUP BY `login_type` ORDER BY `nums` DESC [ RunTime:0.000541s ]
[2024-12-06T14:20:49+08:00][sql] SELECT COUNT(*) AS think_count FROM `cmf_user` WHERE  ( user_type=2 ) LIMIT 1 [ RunTime:0.000795s ]
[2024-12-06T14:20:49+08:00][sql] SHOW FULL COLUMNS FROM `cmf_live` [ RunTime:0.001679s ]
[2024-12-06T14:20:49+08:00][sql] SELECT COUNT(*) AS think_count FROM `cmf_live` WHERE  ( islive=1 ) LIMIT 1 [ RunTime:0.000519s ]
[2024-12-06T14:20:49+08:00][sql] select sum(endtime - starttime) as times from cmf_live_record [ RunTime:0.000400s ]
[2024-12-06T14:20:49+08:00][sql] SHOW FULL COLUMNS FROM `cmf_live_record` [ RunTime:0.001581s ]
[2024-12-06T14:20:49+08:00][sql] SELECT COUNT(*) AS think_count FROM ( SELECT count(*) AS think_count FROM `cmf_live_record` WHERE  ( starttime >= 1733414400 and starttime<1733500800 ) GROUP BY `uid` ) `_group_count_` LIMIT 1 [ RunTime:0.000620s ]
[2024-12-06T14:20:49+08:00][sql] SELECT COUNT(*) AS think_count FROM `cmf_live_record` WHERE  ( starttime >= 1733414400 and starttime<1733500800 ) LIMIT 1 [ RunTime:0.000391s ]
[2024-12-06T14:20:49+08:00][sql] select sum(endtime - starttime) as times from cmf_live_record where starttime >= 1733414400 and starttime<1733500800 [ RunTime:0.000361s ]
[2024-12-06T14:20:49+08:00][sql] SELECT `id`,`user_nickname`,`avatar`,`avatar_thumb`,`votestotal` FROM `cmf_user` WHERE  ( user_type=2 ) ORDER BY `votestotal` DESC LIMIT 0,3 [ RunTime:0.000473s ]
[2024-12-06T14:20:49+08:00][sql] SELECT `id`,`user_nickname`,`avatar`,`avatar_thumb`,`consumption` FROM `cmf_user` WHERE  ( user_type=2 ) ORDER BY `consumption` DESC LIMIT 0,3 [ RunTime:0.000542s ]
[2024-12-06T14:20:49+08:00][sql] SHOW FULL COLUMNS FROM `cmf_charge_user` [ RunTime:0.001557s ]
[2024-12-06T14:20:49+08:00][sql] SELECT SUM(`money`) AS think_sum FROM `cmf_charge_user` WHERE  ( status=1 ) LIMIT 1 [ RunTime:0.000400s ]
[2024-12-06T14:20:49+08:00][sql] SELECT SUM(`money`) AS think_sum FROM `cmf_charge_user` WHERE  ( status=1 and addtime>=1733414400 and addtime<1733500800 ) LIMIT 1 [ RunTime:0.000334s ]
[2024-12-06T14:20:49+08:00][sql] SELECT SUM(`money`) AS think_sum FROM `cmf_charge_user` WHERE  ( status=1 and type=1 and addtime>=1733414400 and addtime<1733500800 ) LIMIT 1 [ RunTime:0.000296s ]
[2024-12-06T14:20:49+08:00][sql] SELECT SUM(`money`) AS think_sum FROM `cmf_charge_user` WHERE  ( status=1 and type=2 and addtime>=1733414400 and addtime<1733500800 ) LIMIT 1 [ RunTime:0.000316s ]
[2024-12-06T14:20:49+08:00][sql] SELECT SUM(`money`) AS think_sum FROM `cmf_charge_user` WHERE  ( status=1 and type=3 and addtime>=1733414400 and addtime<1733500800 ) LIMIT 1 [ RunTime:0.000275s ]
[2024-12-06T14:20:49+08:00][sql] SHOW FULL COLUMNS FROM `cmf_cash_record` [ RunTime:0.001352s ]
[2024-12-06T14:20:49+08:00][sql] SELECT SUM(`money`) AS think_sum FROM `cmf_cash_record` WHERE  ( status=0 and addtime>=1733414400 and addtime<1733500800 ) LIMIT 1 [ RunTime:0.000409s ]
[2024-12-06T14:20:49+08:00][sql] SELECT SUM(`money`) AS think_sum FROM `cmf_cash_record` WHERE  ( status=1 and addtime>=1733414400 and addtime<1733500800 ) LIMIT 1 [ RunTime:0.000292s ]
[2024-12-06T14:20:49+08:00][sql] SELECT COUNT(*) AS think_count FROM ( SELECT count(*) AS think_count FROM `cmf_cash_record` WHERE  ( addtime>=1733414400 and addtime<1733500800 ) GROUP BY `uid` ) `_group_count_` LIMIT 1 [ RunTime:0.000407s ]
[2024-12-06T14:20:49+08:00][sql] SELECT SUM(`money`) AS think_sum FROM `cmf_cash_record` WHERE  ( status=1 ) LIMIT 1 [ RunTime:0.000299s ]
[2024-12-06T14:20:49+08:00][sql] SHOW FULL COLUMNS FROM `cmf_shop_apply` [ RunTime:0.001563s ]
[2024-12-06T14:20:49+08:00][sql] SELECT COUNT(*) AS think_count FROM `cmf_shop_apply` WHERE  ( status=0 ) LIMIT 1 [ RunTime:0.000431s ]
[2024-12-06T14:20:49+08:00][sql] SHOW FULL COLUMNS FROM `cmf_shop_goods` [ RunTime:0.001459s ]
[2024-12-06T14:20:49+08:00][sql] SELECT COUNT(*) AS think_count FROM `cmf_shop_goods` WHERE  ( status=0 ) LIMIT 1 [ RunTime:0.000389s ]
[2024-12-06T14:20:49+08:00][sql] SHOW FULL COLUMNS FROM `cmf_shop_order_refund` [ RunTime:0.001399s ]
[2024-12-06T14:20:49+08:00][sql] SELECT COUNT(*) AS think_count FROM `cmf_shop_order_refund` WHERE  ( is_platform_interpose=1 and platform_result=0 ) LIMIT 1 [ RunTime:0.000410s ]
[2024-12-06T14:20:49+08:00][sql] SHOW FULL COLUMNS FROM `cmf_paidprogram` [ RunTime:0.001197s ]
[2024-12-06T14:20:49+08:00][sql] SELECT COUNT(*) AS think_count FROM `cmf_paidprogram` WHERE  ( status=0 ) LIMIT 1 [ RunTime:0.000350s ]
[2024-12-06T14:20:49+08:00][sql] SHOW FULL COLUMNS FROM `cmf_paidprogram_apply` [ RunTime:0.001115s ]
[2024-12-06T14:20:49+08:00][sql] SELECT COUNT(*) AS think_count FROM `cmf_paidprogram_apply` WHERE  ( status=0 ) LIMIT 1 [ RunTime:0.000326s ]
[2024-12-06T14:20:49+08:00][sql] SHOW FULL COLUMNS FROM `cmf_report` [ RunTime:0.001099s ]
[2024-12-06T14:20:49+08:00][sql] SELECT COUNT(*) AS think_count FROM `cmf_report` WHERE  ( status=0 ) LIMIT 1 [ RunTime:0.000338s ]
[2024-12-06T14:20:49+08:00][sql] SHOW FULL COLUMNS FROM `cmf_dynamic` [ RunTime:0.001246s ]
[2024-12-06T14:20:49+08:00][sql] SELECT COUNT(*) AS think_count FROM `cmf_dynamic` WHERE  ( isdel=0 and status=0 ) LIMIT 1 [ RunTime:0.000400s ]
[2024-12-06T14:20:49+08:00][sql] SHOW FULL COLUMNS FROM `cmf_dynamic_report` [ RunTime:0.001178s ]
[2024-12-06T14:20:49+08:00][sql] SELECT COUNT(*) AS think_count FROM `cmf_dynamic_report` WHERE  ( status=0 ) LIMIT 1 [ RunTime:0.000350s ]
[2024-12-06T14:20:49+08:00][sql] SHOW FULL COLUMNS FROM `cmf_video` [ RunTime:0.001320s ]
[2024-12-06T14:20:49+08:00][sql] SELECT COUNT(*) AS think_count FROM `cmf_video` WHERE  ( isdel=0 and status=0 ) LIMIT 1 [ RunTime:0.000405s ]
[2024-12-06T14:20:49+08:00][sql] SHOW FULL COLUMNS FROM `cmf_video_report` [ RunTime:0.001201s ]
[2024-12-06T14:20:49+08:00][sql] SELECT COUNT(*) AS think_count FROM `cmf_video_report` WHERE  ( status=0 ) LIMIT 1 [ RunTime:0.000335s ]
[2024-12-06T14:20:49+08:00][sql] SHOW FULL COLUMNS FROM `cmf_family` [ RunTime:0.001154s ]
[2024-12-06T14:20:49+08:00][sql] SELECT COUNT(*) AS think_count FROM `cmf_family` WHERE  ( state=0 ) LIMIT 1 [ RunTime:0.000385s ]
[2024-12-06T14:20:49+08:00][sql] SHOW FULL COLUMNS FROM `cmf_family_user_divide_apply` [ RunTime:0.001121s ]
[2024-12-06T14:20:49+08:00][sql] SELECT COUNT(*) AS think_count FROM `cmf_family_user_divide_apply` WHERE  ( status=0 ) LIMIT 1 [ RunTime:0.000321s ]
[2024-12-06T14:20:49+08:00][sql] SHOW FULL COLUMNS FROM `cmf_user_auth` [ RunTime:0.001158s ]
[2024-12-06T14:20:49+08:00][sql] SELECT COUNT(*) AS think_count FROM `cmf_user_auth` WHERE  ( status=0 ) LIMIT 1 [ RunTime:0.000349s ]
[2024-12-06T14:20:50+08:00][sql] CONNECT:[ UseTime:0.000627s ] mysql:host=127.0.0.1;port=3306;dbname=zhibo;charset=utf8mb4
[2024-12-06T14:20:50+08:00][sql] SHOW FULL COLUMNS FROM `cmf_hook` [ RunTime:0.001525s ]
[2024-12-06T14:20:50+08:00][sql] SELECT `hook`,`id` FROM `cmf_hook` WHERE  (  (  `app` = '' OR `app` = 'cmf' )  AND `type` = 3 ) OR `type` = 1 [ RunTime:0.000651s ]
[2024-12-06T14:20:50+08:00][sql] SHOW FULL COLUMNS FROM `cmf_hook_plugin` [ RunTime:0.001264s ]
[2024-12-06T14:20:50+08:00][sql] SELECT `hook`,`plugin` FROM `cmf_hook_plugin` WHERE  `status` = 1  AND `hook` IN ('app_begin','module_init','action_begin','view_filter','app_end','log_write','response_end','admin_init','home_init','send_mobile_verification_code','body_start','before_head_end','footer_start','before_footer','before_footer_end','before_body_end','left_sidebar_start','before_left_sidebar_end','right_sidebar_start','before_right_sidebar_end','comment','guestbook','switch_theme','after_content','before_content','log_write_done','switch_admin_theme','captcha_image') ORDER BY `list_order` ASC [ RunTime:0.000669s ]
[2024-12-06T14:20:55+08:00][sql] CONNECT:[ UseTime:0.000625s ] mysql:host=127.0.0.1;port=3306;dbname=zhibo;charset=utf8mb4
[2024-12-06T14:20:55+08:00][sql] SHOW FULL COLUMNS FROM `cmf_hook` [ RunTime:0.001548s ]
[2024-12-06T14:20:55+08:00][sql] SELECT `hook`,`id` FROM `cmf_hook` WHERE  (  (  `app` = '' OR `app` = 'cmf' )  AND `type` = 3 ) OR `type` = 1 [ RunTime:0.000639s ]
[2024-12-06T14:20:55+08:00][sql] SHOW FULL COLUMNS FROM `cmf_hook_plugin` [ RunTime:0.001317s ]
[2024-12-06T14:20:55+08:00][sql] SELECT `hook`,`plugin` FROM `cmf_hook_plugin` WHERE  `status` = 1  AND `hook` IN ('app_begin','module_init','action_begin','view_filter','app_end','log_write','response_end','admin_init','home_init','send_mobile_verification_code','body_start','before_head_end','footer_start','before_footer','before_footer_end','before_body_end','left_sidebar_start','before_left_sidebar_end','right_sidebar_start','before_right_sidebar_end','comment','guestbook','switch_theme','after_content','before_content','log_write_done','switch_admin_theme','captcha_image') ORDER BY `list_order` ASC [ RunTime:0.000681s ]
[2024-12-06T14:20:55+08:00][sql] SHOW FULL COLUMNS FROM `cmf_user` [ RunTime:0.001987s ]
[2024-12-06T14:20:55+08:00][sql] SELECT * FROM `cmf_user` WHERE  `id` = 1 LIMIT 1 [ RunTime:0.000803s ]
[2024-12-06T14:20:55+08:00][sql] CONNECT:[ UseTime:0.000679s ] mysql:host=127.0.0.1;port=3306;dbname=zhibo;charset=utf8mb4
[2024-12-06T14:20:55+08:00][sql] SHOW FULL COLUMNS FROM `cmf_hook` [ RunTime:0.001567s ]
[2024-12-06T14:20:55+08:00][sql] SELECT `hook`,`id` FROM `cmf_hook` WHERE  (  (  `app` = '' OR `app` = 'cmf' )  AND `type` = 3 ) OR `type` = 1 [ RunTime:0.000667s ]
[2024-12-06T14:20:55+08:00][sql] SHOW FULL COLUMNS FROM `cmf_hook_plugin` [ RunTime:0.001286s ]
[2024-12-06T14:20:55+08:00][sql] SELECT `hook`,`plugin` FROM `cmf_hook_plugin` WHERE  `status` = 1  AND `hook` IN ('app_begin','module_init','action_begin','view_filter','app_end','log_write','response_end','admin_init','home_init','send_mobile_verification_code','body_start','before_head_end','footer_start','before_footer','before_footer_end','before_body_end','left_sidebar_start','before_left_sidebar_end','right_sidebar_start','before_right_sidebar_end','comment','guestbook','switch_theme','after_content','before_content','log_write_done','switch_admin_theme','captcha_image') ORDER BY `list_order` ASC [ RunTime:0.000758s ]
[2024-12-06T14:20:57+08:00][sql] CONNECT:[ UseTime:0.000667s ] mysql:host=127.0.0.1;port=3306;dbname=zhibo;charset=utf8mb4
[2024-12-06T14:20:57+08:00][sql] SHOW FULL COLUMNS FROM `cmf_hook` [ RunTime:0.001593s ]
[2024-12-06T14:20:57+08:00][sql] SELECT `hook`,`id` FROM `cmf_hook` WHERE  (  (  `app` = '' OR `app` = 'cmf' )  AND `type` = 3 ) OR `type` = 1 [ RunTime:0.000666s ]
[2024-12-06T14:20:57+08:00][sql] SHOW FULL COLUMNS FROM `cmf_hook_plugin` [ RunTime:0.001263s ]
[2024-12-06T14:20:57+08:00][sql] SELECT `hook`,`plugin` FROM `cmf_hook_plugin` WHERE  `status` = 1  AND `hook` IN ('app_begin','module_init','action_begin','view_filter','app_end','log_write','response_end','admin_init','home_init','send_mobile_verification_code','body_start','before_head_end','footer_start','before_footer','before_footer_end','before_body_end','left_sidebar_start','before_left_sidebar_end','right_sidebar_start','before_right_sidebar_end','comment','guestbook','switch_theme','after_content','before_content','log_write_done','switch_admin_theme','captcha_image') ORDER BY `list_order` ASC [ RunTime:0.000777s ]
[2024-12-06T14:20:57+08:00][sql] SHOW FULL COLUMNS FROM `cmf_user` [ RunTime:0.002108s ]
[2024-12-06T14:20:57+08:00][sql] SELECT * FROM `cmf_user` WHERE  `id` = 1 LIMIT 1 [ RunTime:0.000859s ]
[2024-12-06T14:20:57+08:00][sql] CONNECT:[ UseTime:0.000724s ] mysql:host=127.0.0.1;port=3306;dbname=zhibo;charset=utf8mb4
[2024-12-06T14:20:57+08:00][sql] SHOW FULL COLUMNS FROM `cmf_hook` [ RunTime:0.001506s ]
[2024-12-06T14:20:57+08:00][sql] SELECT `hook`,`id` FROM `cmf_hook` WHERE  (  (  `app` = '' OR `app` = 'cmf' )  AND `type` = 3 ) OR `type` = 1 [ RunTime:0.000641s ]
[2024-12-06T14:20:57+08:00][sql] SHOW FULL COLUMNS FROM `cmf_hook_plugin` [ RunTime:0.001276s ]
[2024-12-06T14:20:57+08:00][sql] SELECT `hook`,`plugin` FROM `cmf_hook_plugin` WHERE  `status` = 1  AND `hook` IN ('app_begin','module_init','action_begin','view_filter','app_end','log_write','response_end','admin_init','home_init','send_mobile_verification_code','body_start','before_head_end','footer_start','before_footer','before_footer_end','before_body_end','left_sidebar_start','before_left_sidebar_end','right_sidebar_start','before_right_sidebar_end','comment','guestbook','switch_theme','after_content','before_content','log_write_done','switch_admin_theme','captcha_image') ORDER BY `list_order` ASC [ RunTime:0.000698s ]
[2024-12-06T14:20:57+08:00][sql] CONNECT:[ UseTime:0.000658s ] mysql:host=127.0.0.1;port=3306;dbname=zhibo;charset=utf8mb4
[2024-12-06T14:20:57+08:00][sql] SHOW FULL COLUMNS FROM `cmf_hook` [ RunTime:0.001524s ]
[2024-12-06T14:20:57+08:00][sql] SELECT `hook`,`id` FROM `cmf_hook` WHERE  (  (  `app` = '' OR `app` = 'cmf' )  AND `type` = 3 ) OR `type` = 1 [ RunTime:0.000672s ]
[2024-12-06T14:20:57+08:00][sql] SHOW FULL COLUMNS FROM `cmf_hook_plugin` [ RunTime:0.001286s ]
[2024-12-06T14:20:57+08:00][sql] SELECT `hook`,`plugin` FROM `cmf_hook_plugin` WHERE  `status` = 1  AND `hook` IN ('app_begin','module_init','action_begin','view_filter','app_end','log_write','response_end','admin_init','home_init','send_mobile_verification_code','body_start','before_head_end','footer_start','before_footer','before_footer_end','before_body_end','left_sidebar_start','before_left_sidebar_end','right_sidebar_start','before_right_sidebar_end','comment','guestbook','switch_theme','after_content','before_content','log_write_done','switch_admin_theme','captcha_image') ORDER BY `list_order` ASC [ RunTime:0.000748s ]
[2024-12-06T14:20:57+08:00][sql] SHOW FULL COLUMNS FROM `cmf_user` [ RunTime:0.001970s ]
[2024-12-06T14:20:57+08:00][sql] SELECT * FROM `cmf_user` WHERE  `id` = 1 LIMIT 1 [ RunTime:0.000878s ]
[2024-12-06T14:20:58+08:00][sql] CONNECT:[ UseTime:0.000640s ] mysql:host=127.0.0.1;port=3306;dbname=zhibo;charset=utf8mb4
[2024-12-06T14:20:58+08:00][sql] SHOW FULL COLUMNS FROM `cmf_hook` [ RunTime:0.001499s ]
[2024-12-06T14:20:58+08:00][sql] SELECT `hook`,`id` FROM `cmf_hook` WHERE  (  (  `app` = '' OR `app` = 'cmf' )  AND `type` = 3 ) OR `type` = 1 [ RunTime:0.000631s ]
[2024-12-06T14:20:58+08:00][sql] SHOW FULL COLUMNS FROM `cmf_hook_plugin` [ RunTime:0.001247s ]
[2024-12-06T14:20:58+08:00][sql] SELECT `hook`,`plugin` FROM `cmf_hook_plugin` WHERE  `status` = 1  AND `hook` IN ('app_begin','module_init','action_begin','view_filter','app_end','log_write','response_end','admin_init','home_init','send_mobile_verification_code','body_start','before_head_end','footer_start','before_footer','before_footer_end','before_body_end','left_sidebar_start','before_left_sidebar_end','right_sidebar_start','before_right_sidebar_end','comment','guestbook','switch_theme','after_content','before_content','log_write_done','switch_admin_theme','captcha_image') ORDER BY `list_order` ASC [ RunTime:0.000682s ]
[2024-12-06T14:21:23+08:00][sql] CONNECT:[ UseTime:0.000680s ] mysql:host=127.0.0.1;port=3306;dbname=zhibo;charset=utf8mb4
[2024-12-06T14:21:23+08:00][sql] SHOW FULL COLUMNS FROM `cmf_hook` [ RunTime:0.001557s ]
[2024-12-06T14:21:23+08:00][sql] SELECT `hook`,`id` FROM `cmf_hook` WHERE  (  (  `app` = '' OR `app` = 'cmf' )  AND `type` = 3 ) OR `type` = 1 [ RunTime:0.000646s ]
[2024-12-06T14:21:23+08:00][sql] SHOW FULL COLUMNS FROM `cmf_hook_plugin` [ RunTime:0.001237s ]
[2024-12-06T14:21:23+08:00][sql] SELECT `hook`,`plugin` FROM `cmf_hook_plugin` WHERE  `status` = 1  AND `hook` IN ('app_begin','module_init','action_begin','view_filter','app_end','log_write','response_end','admin_init','home_init','send_mobile_verification_code','body_start','before_head_end','footer_start','before_footer','before_footer_end','before_body_end','left_sidebar_start','before_left_sidebar_end','right_sidebar_start','before_right_sidebar_end','comment','guestbook','switch_theme','after_content','before_content','log_write_done','switch_admin_theme','captcha_image') ORDER BY `list_order` ASC [ RunTime:0.000700s ]
[2024-12-06T14:21:23+08:00][sql] SHOW FULL COLUMNS FROM `cmf_user` [ RunTime:0.001926s ]
[2024-12-06T14:21:23+08:00][sql] SELECT * FROM `cmf_user` WHERE  `id` = 1 LIMIT 1 [ RunTime:0.000844s ]
[2024-12-06T14:21:23+08:00][sql] SHOW FULL COLUMNS FROM `cmf_option` [ RunTime:0.001492s ]
[2024-12-06T14:21:23+08:00][sql] SELECT * FROM `cmf_option` WHERE  `option_name` = 'configpri' LIMIT 1 [ RunTime:0.000469s ]
[2024-12-06T14:21:23+08:00][sql] UPDATE `cmf_option`  SET `option_value` = '{"family_switch":"1","family_member_divide_switch":"1","service_switch":"1","service_url":"","list_coin_switch":"1","sensitive_words":"毛泽东,习近平,胡锦涛,江泽民,朱镕基,且,weixin,qq,微信,QQ,流流","reg_reward":"0","bonus_switch":"1","login_wx_pc_appid":"","login_wx_pc_appsecret":"","login_wx_appid":"","login_wx_appsecret":"","login_qq_appid":"","sendcode_switch":"0","typecode_switch":"1","aly_keyid":"","aly_secret":"","aly_sendcode_type":"3","aly_signName":"","aly_templateCode":"","aly_hw_signName":"","aly_hw_templateCode":"","ccp_sid":"","ccp_token":"","ccp_appid":"","ccp_tempid":"","tencent_sendcode_type":"3","tencent_sms_appid":"","tencent_sms_appkey":"","tencent_sms_signName":"","tencent_sms_templateCode":"","tencent_sms_hw_signName":"","tencent_sms_hw_templateCode":"","iplimit_switch":"0","iplimit_times":"10","chatserver":"http:\/\/lk.xiangqu8.com:19967","auth_islimit":"0","level_islimit":"1","level_limit":"0","speak_limit":"0","barrage_limit":"0","barrage_fee":"10","userlist_time":"15","mic_limit":"0","cdn_switch":"2","tx_appid":"","tx_bizid":"","tx_push":"","tx_api_key":"","tx_push_key":"","tx_acc_key":"","tx_pull":"","tx_play_key_switch":"0","tx_play_key":"","tx_play_time":"","sw_app_id":"ea815278448146a0b66aa03f02a5be39","sw_media_region":"cn","sw_app_certificate":"65142d8a0395467782f127314199ba5f","sw_key_id":"3df0e17368e949c8b4c7f60af352ed2a","sw_key_secret":"efa7d23fadb44c8c80304a7b358b516e","sw_push_url":"","sw_push_key":"","sw_push_length":"5","sw_pull_url":"","sw_pull_key":"","sw_pull_length":"5","cash_rate":"100","cash_take":"10","cash_min":"1","cash_start":"1","cash_end":"30","cash_max_times":"0","letter_switch":"1","tencentIM_area":"china","tencentIM_appid":"1600064849","tencentIM_appkey":"be9fb99ea861cd6835259a39ada72cb152823f495815238d8857f75a7af27b77","tencentTpns_area":"shanghai","tencentTpns_accessid_android":"","tencentTpns_secretkey_android":"","tencentTpns_accessid_ios":"","tencentTpns_secretkey_ios":"","tencentTpns_ios_environment":"1","aliapp_partner":"","aliapp_seller_id":"","aliapp_key_android":"","aliapp_key_ios":"","aliapp_check":"","alipay_pc_type":"1","ali_application_appid":"","ali_key_pc":"","wx_appid":"","wx_appsecret":"","wx_mchid":"","wx_key":"","braintree_paypal_environment":"0","braintree_merchantid_sandbox":"","braintree_publickey_sandbox":"","braintree_privatekey_sandbox":"","braintree_merchantid_product":"","braintree_publickey_product":"","braintree_privatekey_product":"","wx_mini_appid":"","wx_mini_appsecret":"","wx_mini_mchid":"","wx_mini_key":"","wx_h5_appid":"","wx_h5_appsecret":"","wx_h5_mchid":"","wx_h5_key":"","aliapp_switch":"1","wx_switch":"1","aliapp_pc":"1","wx_switch_pc":"1","wx_mini_switch":"1","braintree_paypal_switch":"1","alih5_switch":"1","wxh5_switch":"1","wxgzh_switch":"0","firstcharge_repeatedly":"0","shop_aliapp_switch":"1","shop_wx_switch":"1","shop_wxmini_switch":"1","shop_balance_switch":"1","shop_braintree_paypal_switch":"1","shop_wxmini_balance_switch":"1","paidprogram_aliapp_switch":"1","paidprogram_wx_switch":"1","paidprogram_balance_switch":"1","paidprogram_braintree_paypal_switch":"1","agent_switch":"1","agent_must":"0","distribut1":"10","um_apikey":"","um_apisecurity":"","um_appkey_android":"","um_appkey_ios":"","video_audit_switch":"0","video_watermark":"","ad_video_switch":"1","ad_video_loop":"1","video_ad_num":"10","shop_system_name":"直播小店","shop_system_name_en":"Livestore","shop_bond":"100","show_switch":"1","show_category_switch":"1","shoporder_percent":"10","goods_switch":"1","shop_certificate_desc":"以下营业执照信息来源于买家自行申报或工商系统数据，具体以工商部门登记为准，经营者需要确保信息真实有效，平台也将定期核查。如与实际不符，为避免违规，请联系当地工商部门或平台客服更新。","shop_certificate_desc_en":"Thefollowingbusinesslicenseinformationcomesfrombuyers\'self-declarationorindustrialandcommercialsystemdata.Thespecificinformationissubjecttoregistrationwiththeindustrialandcommercialdepartment.Operatorsneedtoensurethattheinformationistrueandvalid,andtheplatformwillalsocheckitregularly.Ifitisinconsistentwiththeactualsituation,toavoidviolations,pleasecontactthelocalindustrialandcommercialdepartmentorplatformcustomerserviceforupdates.","shop_payment_time":"3","shop_shipment_time":"1","shop_receive_time":"1","shop_refund_time":"1","shop_refund_finish_time":"1","shop_receive_refund_time":"1","shop_settlement_time":"0","balance_cash_min":"1","balance_cash_start":"1","balance_cash_end":"30","balance_cash_max_times":"0","dynamic_auth":"0","dynamic_switch":"0","comment_weight":"100","like_weight":"200","game_banker_limit":"100","game_odds":"80","game_odds_p":"100","game_odds_u":"30","game_pump":"20","turntable_switch":"1","express_type":"0","express_id_dev":"","express_appkey_dev":"","express_id":"","express_appkey":"","dailytask_switch":"1","watch_live_term":"1","watch_live_coin":"100","watch_video_term":"1","watch_video_coin":"200","open_live_term":"0.1","open_live_coin":"300","award_live_term":"100","award_live_coin":"100","share_live_term":"1","share_live_coin":"200","cloudtype":"1","aws_bucket":"","aws_region":"","aws_hosturl":"","aws_identitypoolid":"","openinstall_switch":"1","openinstall_appkey":"","game_xqtb_switch":"1","xqtb_mwx_price":"10","xqtb_twx_price":"100","xqtb_hwx_price":"500","game_xydzp_switch":"1","xydzp_one_price":"100","xydzp_ten_price":"400","xydzp_hundred_price":"2000","game_switch":"1,3"}'  WHERE  `option_name` = 'configpri' [ RunTime:0.006297s ]
[2024-12-06T14:52:25+08:00][sql] CONNECT:[ UseTime:0.000660s ] mysql:host=127.0.0.1;port=3306;dbname=zhibo;charset=utf8mb4
[2024-12-06T14:52:25+08:00][sql] SHOW FULL COLUMNS FROM `cmf_hook` [ RunTime:0.001456s ]
[2024-12-06T14:52:25+08:00][sql] SELECT `hook`,`id` FROM `cmf_hook` WHERE  (  (  `app` = '' OR `app` = 'cmf' )  AND `type` = 3 ) OR `type` = 1 [ RunTime:0.000634s ]
[2024-12-06T14:52:25+08:00][sql] SHOW FULL COLUMNS FROM `cmf_hook_plugin` [ RunTime:0.001221s ]
[2024-12-06T14:52:25+08:00][sql] SELECT `hook`,`plugin` FROM `cmf_hook_plugin` WHERE  `status` = 1  AND `hook` IN ('app_begin','module_init','action_begin','view_filter','app_end','log_write','response_end','admin_init','home_init','send_mobile_verification_code','body_start','before_head_end','footer_start','before_footer','before_footer_end','before_body_end','left_sidebar_start','before_left_sidebar_end','right_sidebar_start','before_right_sidebar_end','comment','guestbook','switch_theme','after_content','before_content','log_write_done','switch_admin_theme','captcha_image') ORDER BY `list_order` ASC [ RunTime:0.000681s ]
[2024-12-06T14:52:25+08:00][sql] SHOW FULL COLUMNS FROM `cmf_user` [ RunTime:0.001908s ]
[2024-12-06T14:52:25+08:00][sql] SELECT * FROM `cmf_user` WHERE  `id` = 1 LIMIT 1 [ RunTime:0.000872s ]
[2024-12-06T14:52:25+08:00][sql] SHOW FULL COLUMNS FROM `cmf_option` [ RunTime:0.001768s ]
[2024-12-06T14:52:25+08:00][sql] SELECT `option_value` FROM `cmf_option` WHERE  `option_name` = 'configpri' LIMIT 1 [ RunTime:0.000501s ]
[2024-12-06T14:52:25+08:00][sql] CONNECT:[ UseTime:0.000620s ] mysql:host=127.0.0.1;port=3306;dbname=zhibo;charset=utf8mb4
[2024-12-06T14:52:25+08:00][sql] SHOW FULL COLUMNS FROM `cmf_hook` [ RunTime:0.001589s ]
[2024-12-06T14:52:25+08:00][sql] SELECT `hook`,`id` FROM `cmf_hook` WHERE  (  (  `app` = '' OR `app` = 'cmf' )  AND `type` = 3 ) OR `type` = 1 [ RunTime:0.000618s ]
[2024-12-06T14:52:25+08:00][sql] SHOW FULL COLUMNS FROM `cmf_hook_plugin` [ RunTime:0.001258s ]
[2024-12-06T14:52:25+08:00][sql] SELECT `hook`,`plugin` FROM `cmf_hook_plugin` WHERE  `status` = 1  AND `hook` IN ('app_begin','module_init','action_begin','view_filter','app_end','log_write','response_end','admin_init','home_init','send_mobile_verification_code','body_start','before_head_end','footer_start','before_footer','before_footer_end','before_body_end','left_sidebar_start','before_left_sidebar_end','right_sidebar_start','before_right_sidebar_end','comment','guestbook','switch_theme','after_content','before_content','log_write_done','switch_admin_theme','captcha_image') ORDER BY `list_order` ASC [ RunTime:0.000738s ]
[2024-12-06T14:56:34+08:00][sql] CONNECT:[ UseTime:0.000644s ] mysql:host=127.0.0.1;port=3306;dbname=zhibo;charset=utf8mb4
[2024-12-06T14:56:34+08:00][sql] SHOW FULL COLUMNS FROM `cmf_hook` [ RunTime:0.001617s ]
[2024-12-06T14:56:34+08:00][sql] SELECT `hook`,`id` FROM `cmf_hook` WHERE  (  (  `app` = '' OR `app` = 'cmf' )  AND `type` = 3 ) OR `type` = 1 [ RunTime:0.000683s ]
[2024-12-06T14:56:34+08:00][sql] SHOW FULL COLUMNS FROM `cmf_hook_plugin` [ RunTime:0.001310s ]
[2024-12-06T14:56:34+08:00][sql] SELECT `hook`,`plugin` FROM `cmf_hook_plugin` WHERE  `status` = 1  AND `hook` IN ('app_begin','module_init','action_begin','view_filter','app_end','log_write','response_end','admin_init','home_init','send_mobile_verification_code','body_start','before_head_end','footer_start','before_footer','before_footer_end','before_body_end','left_sidebar_start','before_left_sidebar_end','right_sidebar_start','before_right_sidebar_end','comment','guestbook','switch_theme','after_content','before_content','log_write_done','switch_admin_theme','captcha_image') ORDER BY `list_order` ASC [ RunTime:0.000753s ]
[2024-12-06T14:56:34+08:00][sql] SELECT `hook` FROM `cmf_hook` WHERE  `app` = 'home' [ RunTime:0.000732s ]
[2024-12-06T14:56:34+08:00][sql] SELECT `hook`,`plugin` FROM `cmf_hook_plugin` WHERE  `status` = 1  AND 0 = 1 ORDER BY `list_order` ASC [ RunTime:0.000404s ]
[2024-12-06T14:56:34+08:00][sql] SHOW FULL COLUMNS FROM `cmf_option` [ RunTime:0.001620s ]
[2024-12-06T14:56:34+08:00][sql] SELECT `option_value` FROM `cmf_option` WHERE  `option_name` = 'storage' LIMIT 1 [ RunTime:0.000449s ]
[2024-12-06T14:56:34+08:00][sql] SHOW FULL COLUMNS FROM `cmf_plugin` [ RunTime:0.001726s ]
[2024-12-06T14:56:34+08:00][sql] SELECT `config` FROM `cmf_plugin` WHERE  `name` = 'Qiniu' LIMIT 1 [ RunTime:0.000507s ]
[2024-12-06T14:56:34+08:00][sql] SHOW FULL COLUMNS FROM `cmf_live` [ RunTime:0.001918s ]
[2024-12-06T14:56:34+08:00][sql] SELECT * FROM `cmf_live` WHERE  ( islive='1' and isrecommend='1' and type='0' and live_type=0 ) [ RunTime:0.000769s ]
[2024-12-06T14:56:34+08:00][sql] SHOW FULL COLUMNS FROM `cmf_slide_item` [ RunTime:0.001482s ]
[2024-12-06T14:56:34+08:00][sql] SELECT * FROM `cmf_slide_item` WHERE  ( status='1' and slide_id='1' ) ORDER BY `list_order` ASC [ RunTime:0.000598s ]
[2024-12-06T14:56:34+08:00][sql] SHOW FULL COLUMNS FROM `cmf_live_class` [ RunTime:0.001302s ]
[2024-12-06T14:56:34+08:00][sql] SELECT * FROM `cmf_live_class` ORDER BY `list_order` LIMIT 5 [ RunTime:0.000441s ]
[2024-12-06T14:56:34+08:00][sql] SELECT * FROM `cmf_live` WHERE  `islive` = 1  AND `live_type` = 0  AND `liveclassid` = 8 ORDER BY `recommend_time` DESC,`starttime` DESC LIMIT 5 [ RunTime:0.000757s ]
[2024-12-06T14:56:34+08:00][sql] SELECT `uid`,`thumb`,`stream`,`title`,`city`,`islive`,`type` FROM `cmf_live` WHERE  ( islive='1' and ishot='1' and live_type=0 ) ORDER BY `isrecommend` DESC,`recommend_time` DESC,`hotvotes` DESC,`starttime` DESC LIMIT 5 [ RunTime:0.000552s ]
[2024-12-06T14:56:34+08:00][sql] SELECT `uid`,`thumb`,`stream`,`title`,`city`,`islive`,`type` FROM `cmf_live` WHERE  ( islive='1' and live_type=0 ) ORDER BY `starttime` DESC LIMIT 5 [ RunTime:0.000397s ]
[2024-12-06T14:56:34+08:00][sql] SHOW FULL COLUMNS FROM `cmf_theme_file` [ RunTime:0.001543s ]
[2024-12-06T14:56:34+08:00][sql] SELECT `more` FROM `cmf_theme_file` WHERE  `theme` = 'default'  AND (  `is_public` = 1 OR `file` = '../home/index/index' ) [ RunTime:0.000548s ]
[2024-12-06T14:56:35+08:00][sql] CONNECT:[ UseTime:0.000650s ] mysql:host=127.0.0.1;port=3306;dbname=zhibo;charset=utf8mb4
[2024-12-06T14:56:35+08:00][sql] SHOW FULL COLUMNS FROM `cmf_hook` [ RunTime:0.001655s ]
[2024-12-06T14:56:35+08:00][sql] SELECT `hook`,`id` FROM `cmf_hook` WHERE  (  (  `app` = '' OR `app` = 'cmf' )  AND `type` = 3 ) OR `type` = 1 [ RunTime:0.000627s ]
[2024-12-06T14:56:35+08:00][sql] SHOW FULL COLUMNS FROM `cmf_hook_plugin` [ RunTime:0.001374s ]
[2024-12-06T14:56:35+08:00][sql] SELECT `hook`,`plugin` FROM `cmf_hook_plugin` WHERE  `status` = 1  AND `hook` IN ('app_begin','module_init','action_begin','view_filter','app_end','log_write','response_end','admin_init','home_init','send_mobile_verification_code','body_start','before_head_end','footer_start','before_footer','before_footer_end','before_body_end','left_sidebar_start','before_left_sidebar_end','right_sidebar_start','before_right_sidebar_end','comment','guestbook','switch_theme','after_content','before_content','log_write_done','switch_admin_theme','captcha_image') ORDER BY `list_order` ASC [ RunTime:0.000679s ]
[2024-12-06T14:56:35+08:00][sql] CONNECT:[ UseTime:0.000429s ] mysql:host=127.0.0.1;port=3306;dbname=zhibo;charset=utf8mb4
[2024-12-06T14:56:35+08:00][sql] SHOW FULL COLUMNS FROM `cmf_hook` [ RunTime:0.001512s ]
[2024-12-06T14:56:35+08:00][sql] SELECT `hook`,`id` FROM `cmf_hook` WHERE  (  (  `app` = '' OR `app` = 'cmf' )  AND `type` = 3 ) OR `type` = 1 [ RunTime:0.000629s ]
[2024-12-06T14:56:35+08:00][sql] SHOW FULL COLUMNS FROM `cmf_hook_plugin` [ RunTime:0.001529s ]
[2024-12-06T14:56:35+08:00][sql] SELECT `hook`,`plugin` FROM `cmf_hook_plugin` WHERE  `status` = 1  AND `hook` IN ('app_begin','module_init','action_begin','view_filter','app_end','log_write','response_end','admin_init','home_init','send_mobile_verification_code','body_start','before_head_end','footer_start','before_footer','before_footer_end','before_body_end','left_sidebar_start','before_left_sidebar_end','right_sidebar_start','before_right_sidebar_end','comment','guestbook','switch_theme','after_content','before_content','log_write_done','switch_admin_theme','captcha_image') ORDER BY `list_order` ASC [ RunTime:0.000683s ]
[2024-12-06T14:56:35+08:00][sql] CONNECT:[ UseTime:0.000601s ] mysql:host=127.0.0.1;port=3306;dbname=zhibo;charset=utf8mb4
[2024-12-06T14:56:35+08:00][sql] SHOW FULL COLUMNS FROM `cmf_hook` [ RunTime:0.001492s ]
[2024-12-06T14:56:35+08:00][sql] SELECT `hook`,`id` FROM `cmf_hook` WHERE  (  (  `app` = '' OR `app` = 'cmf' )  AND `type` = 3 ) OR `type` = 1 [ RunTime:0.000609s ]
[2024-12-06T14:56:35+08:00][sql] SHOW FULL COLUMNS FROM `cmf_hook_plugin` [ RunTime:0.001315s ]
[2024-12-06T14:56:35+08:00][sql] SELECT `hook`,`plugin` FROM `cmf_hook_plugin` WHERE  `status` = 1  AND `hook` IN ('app_begin','module_init','action_begin','view_filter','app_end','log_write','response_end','admin_init','home_init','send_mobile_verification_code','body_start','before_head_end','footer_start','before_footer','before_footer_end','before_body_end','left_sidebar_start','before_left_sidebar_end','right_sidebar_start','before_right_sidebar_end','comment','guestbook','switch_theme','after_content','before_content','log_write_done','switch_admin_theme','captcha_image') ORDER BY `list_order` ASC [ RunTime:0.000671s ]
[2024-12-06T14:56:35+08:00][sql] SELECT `hook` FROM `cmf_hook` WHERE  `app` = 'static' [ RunTime:0.000763s ]
[2024-12-06T14:56:35+08:00][sql] SELECT `hook`,`plugin` FROM `cmf_hook_plugin` WHERE  `status` = 1  AND 0 = 1 ORDER BY `list_order` ASC [ RunTime:0.000346s ]
[2024-12-06T14:56:35+08:00][sql] CONNECT:[ UseTime:0.000686s ] mysql:host=127.0.0.1;port=3306;dbname=zhibo;charset=utf8mb4
[2024-12-06T14:56:35+08:00][sql] SHOW FULL COLUMNS FROM `cmf_hook` [ RunTime:0.001672s ]
[2024-12-06T14:56:35+08:00][sql] SELECT `hook`,`id` FROM `cmf_hook` WHERE  (  (  `app` = '' OR `app` = 'cmf' )  AND `type` = 3 ) OR `type` = 1 [ RunTime:0.000662s ]
[2024-12-06T14:56:35+08:00][sql] SHOW FULL COLUMNS FROM `cmf_hook_plugin` [ RunTime:0.001318s ]
[2024-12-06T14:56:35+08:00][sql] SELECT `hook`,`plugin` FROM `cmf_hook_plugin` WHERE  `status` = 1  AND `hook` IN ('app_begin','module_init','action_begin','view_filter','app_end','log_write','response_end','admin_init','home_init','send_mobile_verification_code','body_start','before_head_end','footer_start','before_footer','before_footer_end','before_body_end','left_sidebar_start','before_left_sidebar_end','right_sidebar_start','before_right_sidebar_end','comment','guestbook','switch_theme','after_content','before_content','log_write_done','switch_admin_theme','captcha_image') ORDER BY `list_order` ASC [ RunTime:0.000620s ]
[2024-12-06T14:56:35+08:00][sql] CONNECT:[ UseTime:0.000496s ] mysql:host=127.0.0.1;port=3306;dbname=zhibo;charset=utf8mb4
[2024-12-06T14:56:35+08:00][sql] SHOW FULL COLUMNS FROM `cmf_hook` [ RunTime:0.001725s ]
[2024-12-06T14:56:35+08:00][sql] SELECT `hook`,`id` FROM `cmf_hook` WHERE  (  (  `app` = '' OR `app` = 'cmf' )  AND `type` = 3 ) OR `type` = 1 [ RunTime:0.000722s ]
[2024-12-06T14:56:35+08:00][sql] SHOW FULL COLUMNS FROM `cmf_hook_plugin` [ RunTime:0.001476s ]
[2024-12-06T14:56:35+08:00][sql] SELECT `hook`,`plugin` FROM `cmf_hook_plugin` WHERE  `status` = 1  AND `hook` IN ('app_begin','module_init','action_begin','view_filter','app_end','log_write','response_end','admin_init','home_init','send_mobile_verification_code','body_start','before_head_end','footer_start','before_footer','before_footer_end','before_body_end','left_sidebar_start','before_left_sidebar_end','right_sidebar_start','before_right_sidebar_end','comment','guestbook','switch_theme','after_content','before_content','log_write_done','switch_admin_theme','captcha_image') ORDER BY `list_order` ASC [ RunTime:0.000686s ]
[2024-12-06T14:56:35+08:00][sql] CONNECT:[ UseTime:0.000413s ] mysql:host=127.0.0.1;port=3306;dbname=zhibo;charset=utf8mb4
[2024-12-06T14:56:35+08:00][sql] SHOW FULL COLUMNS FROM `cmf_hook` [ RunTime:0.001564s ]
[2024-12-06T14:56:35+08:00][sql] SELECT `hook`,`id` FROM `cmf_hook` WHERE  (  (  `app` = '' OR `app` = 'cmf' )  AND `type` = 3 ) OR `type` = 1 [ RunTime:0.000542s ]
[2024-12-06T14:56:35+08:00][sql] SHOW FULL COLUMNS FROM `cmf_hook_plugin` [ RunTime:0.001313s ]
[2024-12-06T14:56:35+08:00][sql] SELECT `hook`,`plugin` FROM `cmf_hook_plugin` WHERE  `status` = 1  AND `hook` IN ('app_begin','module_init','action_begin','view_filter','app_end','log_write','response_end','admin_init','home_init','send_mobile_verification_code','body_start','before_head_end','footer_start','before_footer','before_footer_end','before_body_end','left_sidebar_start','before_left_sidebar_end','right_sidebar_start','before_right_sidebar_end','comment','guestbook','switch_theme','after_content','before_content','log_write_done','switch_admin_theme','captcha_image') ORDER BY `list_order` ASC [ RunTime:0.000616s ]
[2024-12-06T14:56:35+08:00][sql] CONNECT:[ UseTime:0.000549s ] mysql:host=127.0.0.1;port=3306;dbname=zhibo;charset=utf8mb4
[2024-12-06T14:56:35+08:00][sql] SHOW FULL COLUMNS FROM `cmf_hook` [ RunTime:0.001736s ]
[2024-12-06T14:56:35+08:00][sql] SELECT `hook`,`id` FROM `cmf_hook` WHERE  (  (  `app` = '' OR `app` = 'cmf' )  AND `type` = 3 ) OR `type` = 1 [ RunTime:0.000611s ]
[2024-12-06T14:56:35+08:00][sql] SHOW FULL COLUMNS FROM `cmf_hook_plugin` [ RunTime:0.001434s ]
[2024-12-06T14:56:35+08:00][sql] SELECT `hook`,`plugin` FROM `cmf_hook_plugin` WHERE  `status` = 1  AND `hook` IN ('app_begin','module_init','action_begin','view_filter','app_end','log_write','response_end','admin_init','home_init','send_mobile_verification_code','body_start','before_head_end','footer_start','before_footer','before_footer_end','before_body_end','left_sidebar_start','before_left_sidebar_end','right_sidebar_start','before_right_sidebar_end','comment','guestbook','switch_theme','after_content','before_content','log_write_done','switch_admin_theme','captcha_image') ORDER BY `list_order` ASC [ RunTime:0.000684s ]
[2024-12-06T14:56:35+08:00][sql] CONNECT:[ UseTime:0.000681s ] mysql:host=127.0.0.1;port=3306;dbname=zhibo;charset=utf8mb4
[2024-12-06T14:56:35+08:00][sql] SHOW FULL COLUMNS FROM `cmf_hook` [ RunTime:0.001745s ]
[2024-12-06T14:56:35+08:00][sql] SELECT `hook`,`id` FROM `cmf_hook` WHERE  (  (  `app` = '' OR `app` = 'cmf' )  AND `type` = 3 ) OR `type` = 1 [ RunTime:0.000753s ]
[2024-12-06T14:56:35+08:00][sql] SHOW FULL COLUMNS FROM `cmf_hook_plugin` [ RunTime:0.001670s ]
[2024-12-06T14:56:35+08:00][sql] SELECT `hook`,`plugin` FROM `cmf_hook_plugin` WHERE  `status` = 1  AND `hook` IN ('app_begin','module_init','action_begin','view_filter','app_end','log_write','response_end','admin_init','home_init','send_mobile_verification_code','body_start','before_head_end','footer_start','before_footer','before_footer_end','before_body_end','left_sidebar_start','before_left_sidebar_end','right_sidebar_start','before_right_sidebar_end','comment','guestbook','switch_theme','after_content','before_content','log_write_done','switch_admin_theme','captcha_image') ORDER BY `list_order` ASC [ RunTime:0.000801s ]
[2024-12-06T14:56:35+08:00][sql] SHOW FULL COLUMNS FROM `cmf_plugin` [ RunTime:0.001747s ]
[2024-12-06T14:56:35+08:00][sql] SELECT `config` FROM `cmf_plugin` WHERE  `name` = 'Qiniu' LIMIT 1 [ RunTime:0.000509s ]
[2024-12-06T14:56:35+08:00][sql] CONNECT:[ UseTime:0.000630s ] mysql:host=127.0.0.1;port=3306;dbname=zhibo;charset=utf8mb4
[2024-12-06T14:56:35+08:00][sql] SHOW FULL COLUMNS FROM `cmf_hook` [ RunTime:0.001568s ]
[2024-12-06T14:56:35+08:00][sql] SELECT `hook`,`id` FROM `cmf_hook` WHERE  (  (  `app` = '' OR `app` = 'cmf' )  AND `type` = 3 ) OR `type` = 1 [ RunTime:0.000595s ]
[2024-12-06T14:56:35+08:00][sql] SHOW FULL COLUMNS FROM `cmf_hook_plugin` [ RunTime:0.001238s ]
[2024-12-06T14:56:35+08:00][sql] SELECT `hook`,`plugin` FROM `cmf_hook_plugin` WHERE  `status` = 1  AND `hook` IN ('app_begin','module_init','action_begin','view_filter','app_end','log_write','response_end','admin_init','home_init','send_mobile_verification_code','body_start','before_head_end','footer_start','before_footer','before_footer_end','before_body_end','left_sidebar_start','before_left_sidebar_end','right_sidebar_start','before_right_sidebar_end','comment','guestbook','switch_theme','after_content','before_content','log_write_done','switch_admin_theme','captcha_image') ORDER BY `list_order` ASC [ RunTime:0.000711s ]
[2024-12-06T14:56:35+08:00][sql] CONNECT:[ UseTime:0.000640s ] mysql:host=127.0.0.1;port=3306;dbname=zhibo;charset=utf8mb4
[2024-12-06T14:56:35+08:00][sql] SHOW FULL COLUMNS FROM `cmf_hook` [ RunTime:0.001581s ]
[2024-12-06T14:56:35+08:00][sql] SELECT `hook`,`id` FROM `cmf_hook` WHERE  (  (  `app` = '' OR `app` = 'cmf' )  AND `type` = 3 ) OR `type` = 1 [ RunTime:0.000600s ]
[2024-12-06T14:56:35+08:00][sql] SHOW FULL COLUMNS FROM `cmf_hook_plugin` [ RunTime:0.001331s ]
[2024-12-06T14:56:35+08:00][sql] SELECT `hook`,`plugin` FROM `cmf_hook_plugin` WHERE  `status` = 1  AND `hook` IN ('app_begin','module_init','action_begin','view_filter','app_end','log_write','response_end','admin_init','home_init','send_mobile_verification_code','body_start','before_head_end','footer_start','before_footer','before_footer_end','before_body_end','left_sidebar_start','before_left_sidebar_end','right_sidebar_start','before_right_sidebar_end','comment','guestbook','switch_theme','after_content','before_content','log_write_done','switch_admin_theme','captcha_image') ORDER BY `list_order` ASC [ RunTime:0.000713s ]
[2024-12-06T14:56:35+08:00][sql] CONNECT:[ UseTime:0.000639s ] mysql:host=127.0.0.1;port=3306;dbname=zhibo;charset=utf8mb4
[2024-12-06T14:56:35+08:00][sql] SHOW FULL COLUMNS FROM `cmf_hook` [ RunTime:0.001601s ]
[2024-12-06T14:56:35+08:00][sql] SELECT `hook`,`id` FROM `cmf_hook` WHERE  (  (  `app` = '' OR `app` = 'cmf' )  AND `type` = 3 ) OR `type` = 1 [ RunTime:0.000598s ]
[2024-12-06T14:56:35+08:00][sql] SHOW FULL COLUMNS FROM `cmf_hook_plugin` [ RunTime:0.001385s ]
[2024-12-06T14:56:35+08:00][sql] SELECT `hook`,`plugin` FROM `cmf_hook_plugin` WHERE  `status` = 1  AND `hook` IN ('app_begin','module_init','action_begin','view_filter','app_end','log_write','response_end','admin_init','home_init','send_mobile_verification_code','body_start','before_head_end','footer_start','before_footer','before_footer_end','before_body_end','left_sidebar_start','before_left_sidebar_end','right_sidebar_start','before_right_sidebar_end','comment','guestbook','switch_theme','after_content','before_content','log_write_done','switch_admin_theme','captcha_image') ORDER BY `list_order` ASC [ RunTime:0.000650s ]
[2024-12-06T14:56:35+08:00][sql] CONNECT:[ UseTime:0.000658s ] mysql:host=127.0.0.1;port=3306;dbname=zhibo;charset=utf8mb4
[2024-12-06T14:56:35+08:00][sql] SHOW FULL COLUMNS FROM `cmf_hook` [ RunTime:0.001547s ]
[2024-12-06T14:56:35+08:00][sql] SELECT `hook`,`id` FROM `cmf_hook` WHERE  (  (  `app` = '' OR `app` = 'cmf' )  AND `type` = 3 ) OR `type` = 1 [ RunTime:0.000705s ]
[2024-12-06T14:56:35+08:00][sql] SHOW FULL COLUMNS FROM `cmf_hook_plugin` [ RunTime:0.001444s ]
[2024-12-06T14:56:35+08:00][sql] SELECT `hook`,`plugin` FROM `cmf_hook_plugin` WHERE  `status` = 1  AND `hook` IN ('app_begin','module_init','action_begin','view_filter','app_end','log_write','response_end','admin_init','home_init','send_mobile_verification_code','body_start','before_head_end','footer_start','before_footer','before_footer_end','before_body_end','left_sidebar_start','before_left_sidebar_end','right_sidebar_start','before_right_sidebar_end','comment','guestbook','switch_theme','after_content','before_content','log_write_done','switch_admin_theme','captcha_image') ORDER BY `list_order` ASC [ RunTime:0.000705s ]
[2024-12-06T14:56:35+08:00][sql] CONNECT:[ UseTime:0.000598s ] mysql:host=127.0.0.1;port=3306;dbname=zhibo;charset=utf8mb4
[2024-12-06T14:56:35+08:00][sql] SHOW FULL COLUMNS FROM `cmf_hook` [ RunTime:0.001516s ]
[2024-12-06T14:56:35+08:00][sql] SELECT `hook`,`id` FROM `cmf_hook` WHERE  (  (  `app` = '' OR `app` = 'cmf' )  AND `type` = 3 ) OR `type` = 1 [ RunTime:0.000599s ]
[2024-12-06T14:56:35+08:00][sql] SHOW FULL COLUMNS FROM `cmf_hook_plugin` [ RunTime:0.001227s ]
[2024-12-06T14:56:35+08:00][sql] SELECT `hook`,`plugin` FROM `cmf_hook_plugin` WHERE  `status` = 1  AND `hook` IN ('app_begin','module_init','action_begin','view_filter','app_end','log_write','response_end','admin_init','home_init','send_mobile_verification_code','body_start','before_head_end','footer_start','before_footer','before_footer_end','before_body_end','left_sidebar_start','before_left_sidebar_end','right_sidebar_start','before_right_sidebar_end','comment','guestbook','switch_theme','after_content','before_content','log_write_done','switch_admin_theme','captcha_image') ORDER BY `list_order` ASC [ RunTime:0.000716s ]
[2024-12-06T15:18:10+08:00][sql] CONNECT:[ UseTime:0.000656s ] mysql:host=127.0.0.1;port=3306;dbname=zhibo;charset=utf8mb4
[2024-12-06T15:18:10+08:00][sql] SHOW FULL COLUMNS FROM `cmf_hook` [ RunTime:0.001514s ]
[2024-12-06T15:18:10+08:00][sql] SELECT `hook`,`id` FROM `cmf_hook` WHERE  (  (  `app` = '' OR `app` = 'cmf' )  AND `type` = 3 ) OR `type` = 1 [ RunTime:0.000620s ]
[2024-12-06T15:18:10+08:00][sql] SHOW FULL COLUMNS FROM `cmf_hook_plugin` [ RunTime:0.001221s ]
[2024-12-06T15:18:10+08:00][sql] SELECT `hook`,`plugin` FROM `cmf_hook_plugin` WHERE  `status` = 1  AND `hook` IN ('app_begin','module_init','action_begin','view_filter','app_end','log_write','response_end','admin_init','home_init','send_mobile_verification_code','body_start','before_head_end','footer_start','before_footer','before_footer_end','before_body_end','left_sidebar_start','before_left_sidebar_end','right_sidebar_start','before_right_sidebar_end','comment','guestbook','switch_theme','after_content','before_content','log_write_done','switch_admin_theme','captcha_image') ORDER BY `list_order` ASC [ RunTime:0.000660s ]
[2024-12-06T15:18:10+08:00][sql] SHOW FULL COLUMNS FROM `cmf_user` [ RunTime:0.001906s ]
[2024-12-06T15:18:10+08:00][sql] SELECT * FROM `cmf_user` WHERE  `id` = 1 LIMIT 1 [ RunTime:0.000848s ]
[2024-12-06T15:18:10+08:00][sql] SHOW FULL COLUMNS FROM `cmf_option` [ RunTime:0.001796s ]
[2024-12-06T15:18:10+08:00][sql] SELECT `option_value` FROM `cmf_option` WHERE  `option_name` = 'cmf_settings' LIMIT 1 [ RunTime:0.000476s ]
[2024-12-06T15:18:11+08:00][sql] CONNECT:[ UseTime:0.000654s ] mysql:host=127.0.0.1;port=3306;dbname=zhibo;charset=utf8mb4
[2024-12-06T15:18:11+08:00][sql] SHOW FULL COLUMNS FROM `cmf_hook` [ RunTime:0.001643s ]
[2024-12-06T15:18:11+08:00][sql] SELECT `hook`,`id` FROM `cmf_hook` WHERE  (  (  `app` = '' OR `app` = 'cmf' )  AND `type` = 3 ) OR `type` = 1 [ RunTime:0.000687s ]
[2024-12-06T15:18:11+08:00][sql] SHOW FULL COLUMNS FROM `cmf_hook_plugin` [ RunTime:0.001285s ]
[2024-12-06T15:18:11+08:00][sql] SELECT `hook`,`plugin` FROM `cmf_hook_plugin` WHERE  `status` = 1  AND `hook` IN ('app_begin','module_init','action_begin','view_filter','app_end','log_write','response_end','admin_init','home_init','send_mobile_verification_code','body_start','before_head_end','footer_start','before_footer','before_footer_end','before_body_end','left_sidebar_start','before_left_sidebar_end','right_sidebar_start','before_right_sidebar_end','comment','guestbook','switch_theme','after_content','before_content','log_write_done','switch_admin_theme','captcha_image') ORDER BY `list_order` ASC [ RunTime:0.000725s ]
[2024-12-06T15:18:39+08:00][sql] CONNECT:[ UseTime:0.000657s ] mysql:host=127.0.0.1;port=3306;dbname=zhibo;charset=utf8mb4
[2024-12-06T15:18:39+08:00][sql] SHOW FULL COLUMNS FROM `cmf_hook` [ RunTime:0.001546s ]
[2024-12-06T15:18:39+08:00][sql] SELECT `hook`,`id` FROM `cmf_hook` WHERE  (  (  `app` = '' OR `app` = 'cmf' )  AND `type` = 3 ) OR `type` = 1 [ RunTime:0.000630s ]
[2024-12-06T15:18:39+08:00][sql] SHOW FULL COLUMNS FROM `cmf_hook_plugin` [ RunTime:0.001255s ]
[2024-12-06T15:18:39+08:00][sql] SELECT `hook`,`plugin` FROM `cmf_hook_plugin` WHERE  `status` = 1  AND `hook` IN ('app_begin','module_init','action_begin','view_filter','app_end','log_write','response_end','admin_init','home_init','send_mobile_verification_code','body_start','before_head_end','footer_start','before_footer','before_footer_end','before_body_end','left_sidebar_start','before_left_sidebar_end','right_sidebar_start','before_right_sidebar_end','comment','guestbook','switch_theme','after_content','before_content','log_write_done','switch_admin_theme','captcha_image') ORDER BY `list_order` ASC [ RunTime:0.000691s ]
[2024-12-06T15:18:39+08:00][sql] SHOW FULL COLUMNS FROM `cmf_user` [ RunTime:0.002021s ]
[2024-12-06T15:18:39+08:00][sql] SELECT * FROM `cmf_user` WHERE  `id` = 1 LIMIT 1 [ RunTime:0.000825s ]
[2024-12-06T15:18:39+08:00][sql] SHOW FULL COLUMNS FROM `cmf_option` [ RunTime:0.001532s ]
[2024-12-06T15:18:39+08:00][sql] SELECT * FROM `cmf_option` WHERE  `option_name` = 'site_info' LIMIT 1 [ RunTime:0.000454s ]
[2024-12-06T15:18:39+08:00][sql] UPDATE `cmf_option`  SET `option_value` = '{"site_name":"享趣APP","site_seo_title":"","site_seo_keywords":"","site_seo_description":"","maintain_switch":"0","maintain_tips":"维护通知：为了更好的为您服务，本站正在升级维护中，因此带来不便深表歉意","company_name":"晋江市享趣网络科技有限公司","company_desc":"专注于音视频软件开发，提供软件源码、开发及售后服务，为客户打造多样化软件，公司秉承&quot;专注专业，永争第一，用心服务&quot;的企业理念，自主研发了享誉行业的&quot;直播系统&quot;，努力为客户提供更好的产品。rn","site":"http:\/\/lk.xiangqu8.com","copyright":"晋江市享趣网络科技有限公司","copyright_url":"","name_coin":"金币","name_score":"积分","name_votes":"金币","mobile":"","address":"晋江市享趣网络科技有限公司","apk_ewm":"","ipa_ewm":"","wechat_ewm":"","voicelive_icon":"","voicelive_name":"","isup":"0","apk_ver":"","apk_url":"","apk_des":"","ipa_ver":"","ios_shelves":"0","ipa_url":"","ipa_des":"","qr_url":"","wx_siteurl":"http:\/\/x.com\/wxshare\/Share\/show?roomnum=","share_title":"分享了{username}的精彩直播！","share_des":"我看到一个很好看的直播，快来跟我一起围观吧","app_android":"","app_ios":"","video_share_title":"分享了{username}的精彩视频！","video_share_des":"我看到一个很好看的视频，快来跟我一起围观吧","live_time_coin":"20,30,40,50,60,70,80","sprout_appid":"","sprout_key":"","sprout_appid_ios":"","sprout_key_ios":"","skin_whiting":"4","skin_smooth":"4","skin_tenderness":"5","brightness":"60","eye_brow":"20","big_eye":"20","eye_length":"30","eye_corner":"60","eye_alat":"30","face_lift":"40","face_shave":"10","mouse_lift":"10","nose_lift":"10","chin_lift":"30","forehead_lift":"50","lengthen_noseLift":"60","payment_des":"1.付费内容必须符合中华人民共和国法律法规，不得涉及国家法律法规禁止的一切违法内容。rn2.平台有权对用户上传的付费内容进行监管及审核。rn3.如发现违反国家法律的内容，平台有权向相关部门上报，并删除相关违规信息，封禁违规帐号。rn4.请仔细阅读","payment_time":"1","payment_percent":"15","login_alert_title":"服务协议和隐私政策","login_alert_content":"请您务必仔细阅读，充分理解服务协议和隐私政策各条款，包括但不限于为了向您提供即时通讯，内容分享等服务，我们需要收集您设备信息和个人信息，您可以在设置中查看，管理您的授权。您可阅读《隐私政策》和《服务协议》了解详细信息，如您同意，请点击同意接受我们的服务。","login_clause_title":"我已详细阅读并同意《隐私政策》和《服务协议》","login_private_title":"《隐私政策》","login_private_url":"\/portal\/page\/index?id=3","login_service_title":"《服务协议》","login_service_url":"\/portal\/page\/index?id=4","wxmini_version":"2.2.0","wxmini_shelves_version":"2.2.1","wxmini_des":"","teenager_des":"为呵护未成年人健康成长，特别推出青少年模式，该模式下部分功能无法正常使用。请监护人主动选择并设置监护密码。","leaderboard_switch":"1","login_type":"wx","share_type":"qq,qzone,wx,wchat","live_type":"0;普通房间,1;密码房间,2;门票房间,3;计时房间","login_img":"","login_img_old":"","site_name_en":"Yunbaolivebroadcastsystem","maintain_tips_en":"MaintenanceNotice:Inordertobetterserveyou,thissiteisbeingupgradedandmaintained,soweapologizefortheinconvenience.","name_coin_en":"Coin","name_score_en":"Integral","name_votes_en":"Ticket","login_img_en":"","apk_des_en":"24.03.02rnAddvoicenetworkpushpullstreamingSDKrnrnOfficialwebsitewww.yunbaokj.com","ipa_des_en":"24.03.07rnFixknownbugsrnrnOfficialwebsitewww.yunbaokj.comrnrn","share_title_en":"Shared{username}\'swonderfullivebroadcast!","share_des_en":"Isawaveryinterestinglivebroadcast,comeandwatchitwithme","video_share_title_en":"Shared{username}\'swonderfulvideo!","video_share_des_en":"Isawaveryinterestingvideo,comeandwatchitwithme","payment_des_en":"1.PaidcontentmustcomplywiththelawsandregulationsofthePeople\'sRepublicofChinaandmustnotinvolveanyillegalcontentprohibitedbynationallawsandregulations.rn2.Theplatformhastherighttosuperviseandreviewpaidcontentuploadedbyusers.rn3.Ifcontentthatviolatesnationallawsisdiscovered,theplatformhastherighttoreportittorelevantdepartments,deleterelevantillegalinformation,andbanillegalaccounts.rn4.Pleasereadcarefully","login_alert_title_en":"ServiceAgreementandPrivacyPolicy","login_alert_content_en":"Pleasebesuretoreaditcarefullyandfullyunderstandthetermsoftheserviceagreementandprivacypolicy,includingbutnotlimitedto,inordertoprovideyouwithinstantmessaging,contentsharingandotherservices,weneedtocollectyourdeviceinformationandpersonalinformation.Youcanviewandmanageitinthesettings.YourAuthorization.YoucanreadthePrivacyPolicyandServiceAgreementfordetailedinformation.Ifyouagree,pleaseclicktoagreetoacceptourservices.","login_clause_title_en":"Ihavereadindetailandagreetothe《PrivacyPolicy》and《ServiceAgreement》","login_private_title_en":"PrivacyPolicy","login_service_title_en":"ServiceAgreement","teenager_des_en":"Inordertoprotectthehealthygrowthofminors,ayouthmodeisspeciallylaunched.Inthismode,somefunctionscannotbeusednormally.Guardiansareaskedtoactivelychooseandsetaguardianshippassword."}'  WHERE  `option_name` = 'site_info' [ RunTime:0.007918s ]
[2024-12-06T15:18:39+08:00][sql] SELECT * FROM `cmf_option` WHERE  `option_name` = 'cdn_settings' LIMIT 1 [ RunTime:0.000571s ]
[2024-12-06T15:18:39+08:00][sql] UPDATE `cmf_option`  SET `option_value` = '{"cdn_static_root":""}'  WHERE  `option_name` = 'cdn_settings' [ RunTime:0.005956s ]
[2024-12-06T15:18:39+08:00][sql] SHOW FULL COLUMNS FROM `cmf_route` [ RunTime:0.001526s ]
[2024-12-06T15:18:39+08:00][sql] DELETE FROM `cmf_route` WHERE  `full_url` = 'admin/Index/index' [ RunTime:0.000411s ]
[2024-12-06T15:18:39+08:00][sql] SELECT * FROM `cmf_route` WHERE  `status` = 1 ORDER BY `list_order` ASC [ RunTime:0.000454s ]
[2024-12-06T15:18:39+08:00][sql] SELECT * FROM `cmf_option` WHERE  `option_name` = 'admin_settings' LIMIT 1 [ RunTime:0.000662s ]
[2024-12-06T15:18:39+08:00][sql] UPDATE `cmf_option`  SET `option_value` = '{"admin_password":"","admin_theme":"admin_simpleboot3","admin_style":"flatadmin"}'  WHERE  `option_name` = 'admin_settings' [ RunTime:0.012093s ]
[2024-12-06T15:18:39+08:00][sql] SHOW FULL COLUMNS FROM `cmf_admin_log` [ RunTime:0.001451s ]
[2024-12-06T15:18:39+08:00][sql] INSERT INTO `cmf_admin_log` SET `adminid` = 1 , `admin` = 'admin' , `action` = '修改公共配置 钻石名称 金币 映票名称 金币 ' , `ip` = 3747110647 , `addtime` = 1733469519 [ RunTime:0.006685s ]
[2024-12-06T15:18:41+08:00][sql] CONNECT:[ UseTime:0.000673s ] mysql:host=127.0.0.1;port=3306;dbname=zhibo;charset=utf8mb4
[2024-12-06T15:18:41+08:00][sql] SHOW FULL COLUMNS FROM `cmf_hook` [ RunTime:0.001597s ]
[2024-12-06T15:18:41+08:00][sql] SELECT `hook`,`id` FROM `cmf_hook` WHERE  (  (  `app` = '' OR `app` = 'cmf' )  AND `type` = 3 ) OR `type` = 1 [ RunTime:0.000630s ]
[2024-12-06T15:18:41+08:00][sql] SHOW FULL COLUMNS FROM `cmf_hook_plugin` [ RunTime:0.001313s ]
[2024-12-06T15:18:41+08:00][sql] SELECT `hook`,`plugin` FROM `cmf_hook_plugin` WHERE  `status` = 1  AND `hook` IN ('app_begin','module_init','action_begin','view_filter','app_end','log_write','response_end','admin_init','home_init','send_mobile_verification_code','body_start','before_head_end','footer_start','before_footer','before_footer_end','before_body_end','left_sidebar_start','before_left_sidebar_end','right_sidebar_start','before_right_sidebar_end','comment','guestbook','switch_theme','after_content','before_content','log_write_done','switch_admin_theme','captcha_image') ORDER BY `list_order` ASC [ RunTime:0.000706s ]
[2024-12-06T15:18:41+08:00][sql] SELECT `hook` FROM `cmf_hook` WHERE  `app` = 'admin' [ RunTime:0.000758s ]
[2024-12-06T15:18:41+08:00][sql] SELECT `hook`,`plugin` FROM `cmf_hook_plugin` WHERE  `status` = 1  AND `hook` IN ('admin_dashboard','admin_login','admin_theme_design_view','admin_setting_site_view','admin_setting_clear_cache_view','admin_nav_index_view','admin_link_index_view','admin_slide_index_view','admin_user_index_view','admin_rbac_index_view','admin_index_index_view','admin_recycle_bin_index_view','admin_menu_index_view','admin_custom_login_open','admin_slide_item_index_view','admin_slide_item_add_view','admin_slide_item_edit_view','admin_user_add_view','admin_user_edit_view','admin_rbac_role_add_view','admin_rbac_role_edit_view','admin_rbac_authorize_view') ORDER BY `list_order` ASC [ RunTime:0.000599s ]
[2024-12-06T15:18:41+08:00][sql] SHOW FULL COLUMNS FROM `cmf_option` [ RunTime:0.001563s ]
[2024-12-06T15:18:41+08:00][sql] SELECT `option_value` FROM `cmf_option` WHERE  `option_name` = 'cdn_settings' LIMIT 1 [ RunTime:0.000451s ]
[2024-12-06T15:18:41+08:00][sql] SELECT `option_value` FROM `cmf_option` WHERE  `option_name` = 'site_info' LIMIT 1 [ RunTime:0.000696s ]
[2024-12-06T15:18:41+08:00][sql] SHOW FULL COLUMNS FROM `cmf_user` [ RunTime:0.001801s ]
[2024-12-06T15:18:41+08:00][sql] SELECT * FROM `cmf_user` WHERE  `id` = 1 LIMIT 1 [ RunTime:0.000847s ]
[2024-12-06T15:18:41+08:00][sql] SELECT `option_value` FROM `cmf_option` WHERE  `option_name` = 'cmf_settings' LIMIT 1 [ RunTime:0.001280s ]
[2024-12-06T15:18:41+08:00][sql] SELECT `option_value` FROM `cmf_option` WHERE  `option_name` = 'admin_settings' LIMIT 1 [ RunTime:0.000392s ]
[2024-12-06T15:18:41+08:00][sql] CONNECT:[ UseTime:0.000827s ] mysql:host=127.0.0.1;port=3306;dbname=zhibo;charset=utf8mb4
[2024-12-06T15:18:41+08:00][sql] SHOW FULL COLUMNS FROM `cmf_hook` [ RunTime:0.001732s ]
[2024-12-06T15:18:41+08:00][sql] SELECT `hook`,`id` FROM `cmf_hook` WHERE  (  (  `app` = '' OR `app` = 'cmf' )  AND `type` = 3 ) OR `type` = 1 [ RunTime:0.000657s ]
[2024-12-06T15:18:41+08:00][sql] SHOW FULL COLUMNS FROM `cmf_hook_plugin` [ RunTime:0.001287s ]
[2024-12-06T15:18:41+08:00][sql] SELECT `hook`,`plugin` FROM `cmf_hook_plugin` WHERE  `status` = 1  AND `hook` IN ('app_begin','module_init','action_begin','view_filter','app_end','log_write','response_end','admin_init','home_init','send_mobile_verification_code','body_start','before_head_end','footer_start','before_footer','before_footer_end','before_body_end','left_sidebar_start','before_left_sidebar_end','right_sidebar_start','before_right_sidebar_end','comment','guestbook','switch_theme','after_content','before_content','log_write_done','switch_admin_theme','captcha_image') ORDER BY `list_order` ASC [ RunTime:0.000692s ]
[2024-12-06T15:18:41+08:00][sql] SELECT `hook` FROM `cmf_hook` WHERE  `app` = '404' [ RunTime:0.000708s ]
[2024-12-06T15:18:41+08:00][sql] SELECT `hook`,`plugin` FROM `cmf_hook_plugin` WHERE  `status` = 1  AND 0 = 1 ORDER BY `list_order` ASC [ RunTime:0.000362s ]
[2024-12-06T15:27:53+08:00][sql] CONNECT:[ UseTime:0.000625s ] mysql:host=127.0.0.1;port=3306;dbname=zhibo;charset=utf8mb4
[2024-12-06T15:27:53+08:00][sql] SHOW FULL COLUMNS FROM `cmf_hook` [ RunTime:0.001645s ]
[2024-12-06T15:27:53+08:00][sql] SELECT `hook`,`id` FROM `cmf_hook` WHERE  (  (  `app` = '' OR `app` = 'cmf' )  AND `type` = 3 ) OR `type` = 1 [ RunTime:0.000623s ]
[2024-12-06T15:27:53+08:00][sql] SHOW FULL COLUMNS FROM `cmf_hook_plugin` [ RunTime:0.001269s ]
[2024-12-06T15:27:53+08:00][sql] SELECT `hook`,`plugin` FROM `cmf_hook_plugin` WHERE  `status` = 1  AND `hook` IN ('app_begin','module_init','action_begin','view_filter','app_end','log_write','response_end','admin_init','home_init','send_mobile_verification_code','body_start','before_head_end','footer_start','before_footer','before_footer_end','before_body_end','left_sidebar_start','before_left_sidebar_end','right_sidebar_start','before_right_sidebar_end','comment','guestbook','switch_theme','after_content','before_content','log_write_done','switch_admin_theme','captcha_image') ORDER BY `list_order` ASC [ RunTime:0.000703s ]
[2024-12-06T15:27:53+08:00][sql] SHOW FULL COLUMNS FROM `cmf_user` [ RunTime:0.002251s ]
[2024-12-06T15:27:53+08:00][sql] SELECT * FROM `cmf_user` WHERE  `id` = 1 LIMIT 1 [ RunTime:0.000936s ]
[2024-12-06T15:27:53+08:00][sql] SHOW FULL COLUMNS FROM `cmf_admin_menu` [ RunTime:0.001578s ]
[2024-12-06T15:27:53+08:00][sql] SELECT * FROM `cmf_admin_menu` WHERE  `parent_id` = 0  AND `status` = 1 ORDER BY `list_order` ASC [ RunTime:0.001014s ]
[2024-12-06T15:27:53+08:00][sql] SELECT * FROM `cmf_admin_menu` WHERE  `parent_id` = 6  AND `status` = 1 ORDER BY `list_order` ASC [ RunTime:0.001046s ]
[2024-12-06T15:27:53+08:00][sql] SELECT * FROM `cmf_admin_menu` WHERE  `parent_id` = 71  AND `status` = 1 ORDER BY `list_order` ASC [ RunTime:0.000660s ]
[2024-12-06T15:27:53+08:00][sql] SELECT * FROM `cmf_admin_menu` WHERE  `parent_id` = 169  AND `status` = 1 ORDER BY `list_order` ASC [ RunTime:0.000525s ]
[2024-12-06T15:27:53+08:00][sql] SELECT * FROM `cmf_admin_menu` WHERE  `parent_id` = 78  AND `status` = 1 ORDER BY `list_order` ASC [ RunTime:0.000581s ]
[2024-12-06T15:27:53+08:00][sql] SELECT * FROM `cmf_admin_menu` WHERE  `parent_id` = 75  AND `status` = 1 ORDER BY `list_order` ASC [ RunTime:0.000502s ]
[2024-12-06T15:27:53+08:00][sql] SELECT * FROM `cmf_admin_menu` WHERE  `parent_id` = 171  AND `status` = 1 ORDER BY `list_order` ASC [ RunTime:0.000555s ]
[2024-12-06T15:27:53+08:00][sql] SELECT * FROM `cmf_admin_menu` WHERE  `parent_id` = 110  AND `status` = 1 ORDER BY `list_order` ASC [ RunTime:0.000604s ]
[2024-12-06T15:27:53+08:00][sql] SELECT * FROM `cmf_admin_menu` WHERE  `parent_id` = 49  AND `status` = 1 ORDER BY `list_order` ASC [ RunTime:0.000576s ]
[2024-12-06T15:27:53+08:00][sql] SELECT * FROM `cmf_admin_menu` WHERE  `parent_id` = 50  AND `status` = 1 ORDER BY `list_order` ASC [ RunTime:0.000584s ]
[2024-12-06T15:27:53+08:00][sql] SELECT * FROM `cmf_admin_menu` WHERE  `parent_id` = 111  AND `status` = 1 ORDER BY `list_order` ASC [ RunTime:0.000543s ]
[2024-12-06T15:27:53+08:00][sql] SELECT * FROM `cmf_admin_menu` WHERE  `parent_id` = 180  AND `status` = 1 ORDER BY `list_order` ASC [ RunTime:0.000538s ]
[2024-12-06T15:27:53+08:00][sql] SELECT * FROM `cmf_admin_menu` WHERE  `parent_id` = 123  AND `status` = 1 ORDER BY `list_order` ASC [ RunTime:0.000556s ]
[2024-12-06T15:27:53+08:00][sql] SELECT * FROM `cmf_admin_menu` WHERE  `parent_id` = 124  AND `status` = 1 ORDER BY `list_order` ASC [ RunTime:0.000553s ]
[2024-12-06T15:27:53+08:00][sql] SELECT * FROM `cmf_admin_menu` WHERE  `parent_id` = 199  AND `status` = 1 ORDER BY `list_order` ASC [ RunTime:0.000554s ]
[2024-12-06T15:27:53+08:00][sql] SELECT * FROM `cmf_admin_menu` WHERE  `parent_id` = 206  AND `status` = 1 ORDER BY `list_order` ASC [ RunTime:0.000559s ]
[2024-12-06T15:27:53+08:00][sql] SELECT * FROM `cmf_admin_menu` WHERE  `parent_id` = 214  AND `status` = 1 ORDER BY `list_order` ASC [ RunTime:0.000528s ]
[2024-12-06T15:27:53+08:00][sql] SELECT * FROM `cmf_admin_menu` WHERE  `parent_id` = 218  AND `status` = 1 ORDER BY `list_order` ASC [ RunTime:0.000676s ]
[2024-12-06T15:27:53+08:00][sql] SELECT * FROM `cmf_admin_menu` WHERE  `parent_id` = 219  AND `status` = 1 ORDER BY `list_order` ASC [ RunTime:0.000611s ]
[2024-12-06T15:27:53+08:00][sql] SELECT * FROM `cmf_admin_menu` WHERE  `parent_id` = 226  AND `status` = 1 ORDER BY `list_order` ASC [ RunTime:0.000499s ]
[2024-12-06T15:27:53+08:00][sql] SELECT * FROM `cmf_admin_menu` WHERE  `parent_id` = 228  AND `status` = 1 ORDER BY `list_order` ASC [ RunTime:0.000476s ]
[2024-12-06T15:27:53+08:00][sql] SELECT * FROM `cmf_admin_menu` WHERE  `parent_id` = 229  AND `status` = 1 ORDER BY `list_order` ASC [ RunTime:0.000496s ]
[2024-12-06T15:27:53+08:00][sql] SELECT * FROM `cmf_admin_menu` WHERE  `parent_id` = 232  AND `status` = 1 ORDER BY `list_order` ASC [ RunTime:0.000558s ]
[2024-12-06T15:27:53+08:00][sql] SELECT * FROM `cmf_admin_menu` WHERE  `parent_id` = 238  AND `status` = 1 ORDER BY `list_order` ASC [ RunTime:0.000527s ]
[2024-12-06T15:27:53+08:00][sql] SELECT * FROM `cmf_admin_menu` WHERE  `parent_id` = 241  AND `status` = 1 ORDER BY `list_order` ASC [ RunTime:0.000578s ]
[2024-12-06T15:27:53+08:00][sql] SELECT * FROM `cmf_admin_menu` WHERE  `parent_id` = 261  AND `status` = 1 ORDER BY `list_order` ASC [ RunTime:0.000528s ]
[2024-12-06T15:27:53+08:00][sql] SELECT * FROM `cmf_admin_menu` WHERE  `parent_id` = 268  AND `status` = 1 ORDER BY `list_order` ASC [ RunTime:0.000594s ]
[2024-12-06T15:27:53+08:00][sql] SELECT * FROM `cmf_admin_menu` WHERE  `parent_id` = 269  AND `status` = 1 ORDER BY `list_order` ASC [ RunTime:0.000545s ]
[2024-12-06T15:27:53+08:00][sql] SELECT * FROM `cmf_admin_menu` WHERE  `parent_id` = 276  AND `status` = 1 ORDER BY `list_order` ASC [ RunTime:0.000579s ]
[2024-12-06T15:27:53+08:00][sql] SELECT * FROM `cmf_admin_menu` WHERE  `parent_id` = 279  AND `status` = 1 ORDER BY `list_order` ASC [ RunTime:0.000473s ]
[2024-12-06T15:27:53+08:00][sql] SELECT * FROM `cmf_admin_menu` WHERE  `parent_id` = 598  AND `status` = 1 ORDER BY `list_order` ASC [ RunTime:0.000469s ]
[2024-12-06T15:27:53+08:00][sql] SELECT * FROM `cmf_admin_menu` WHERE  `parent_id` = 281  AND `status` = 1 ORDER BY `list_order` ASC [ RunTime:0.000616s ]
[2024-12-06T15:27:53+08:00][sql] SELECT * FROM `cmf_admin_menu` WHERE  `parent_id` = 282  AND `status` = 1 ORDER BY `list_order` ASC [ RunTime:0.000557s ]
[2024-12-06T15:27:53+08:00][sql] SELECT * FROM `cmf_admin_menu` WHERE  `parent_id` = 290  AND `status` = 1 ORDER BY `list_order` ASC [ RunTime:0.000618s ]
[2024-12-06T15:27:53+08:00][sql] SELECT * FROM `cmf_admin_menu` WHERE  `parent_id` = 291  AND `status` = 1 ORDER BY `list_order` ASC [ RunTime:0.000492s ]
[2024-12-06T15:27:53+08:00][sql] SELECT * FROM `cmf_admin_menu` WHERE  `parent_id` = 292  AND `status` = 1 ORDER BY `list_order` ASC [ RunTime:0.000509s ]
[2024-12-06T15:27:53+08:00][sql] SELECT * FROM `cmf_admin_menu` WHERE  `parent_id` = 293  AND `status` = 1 ORDER BY `list_order` ASC [ RunTime:0.000449s ]
[2024-12-06T15:27:53+08:00][sql] SELECT * FROM `cmf_admin_menu` WHERE  `parent_id` = 294  AND `status` = 1 ORDER BY `list_order` ASC [ RunTime:0.000440s ]
[2024-12-06T15:27:53+08:00][sql] SELECT * FROM `cmf_admin_menu` WHERE  `parent_id` = 302  AND `status` = 1 ORDER BY `list_order` ASC [ RunTime:0.000596s ]
[2024-12-06T15:27:53+08:00][sql] SELECT * FROM `cmf_admin_menu` WHERE  `parent_id` = 309  AND `status` = 1 ORDER BY `list_order` ASC [ RunTime:0.000566s ]
[2024-12-06T15:27:53+08:00][sql] SELECT * FROM `cmf_admin_menu` WHERE  `parent_id` = 312  AND `status` = 1 ORDER BY `list_order` ASC [ RunTime:0.000607s ]
[2024-12-06T15:27:53+08:00][sql] SELECT * FROM `cmf_admin_menu` WHERE  `parent_id` = 313  AND `status` = 1 ORDER BY `list_order` ASC [ RunTime:0.000591s ]
[2024-12-06T15:27:53+08:00][sql] SELECT * FROM `cmf_admin_menu` WHERE  `parent_id` = 321  AND `status` = 1 ORDER BY `list_order` ASC [ RunTime:0.000564s ]
[2024-12-06T15:27:53+08:00][sql] SELECT * FROM `cmf_admin_menu` WHERE  `parent_id` = 336  AND `status` = 1 ORDER BY `list_order` ASC [ RunTime:0.000602s ]
[2024-12-06T15:27:53+08:00][sql] SELECT * FROM `cmf_admin_menu` WHERE  `parent_id` = 337  AND `status` = 1 ORDER BY `list_order` ASC [ RunTime:0.000501s ]
[2024-12-06T15:27:53+08:00][sql] SELECT * FROM `cmf_admin_menu` WHERE  `parent_id` = 338  AND `status` = 1 ORDER BY `list_order` ASC [ RunTime:0.000575s ]
[2024-12-06T15:27:53+08:00][sql] SELECT * FROM `cmf_admin_menu` WHERE  `parent_id` = 339  AND `status` = 1 ORDER BY `list_order` ASC [ RunTime:0.000439s ]
[2024-12-06T15:27:53+08:00][sql] SELECT * FROM `cmf_admin_menu` WHERE  `parent_id` = 340  AND `status` = 1 ORDER BY `list_order` ASC [ RunTime:0.000437s ]
[2024-12-06T15:27:53+08:00][sql] SELECT * FROM `cmf_admin_menu` WHERE  `parent_id` = 351  AND `status` = 1 ORDER BY `list_order` ASC [ RunTime:0.000570s ]
[2024-12-06T15:27:53+08:00][sql] SELECT * FROM `cmf_admin_menu` WHERE  `parent_id` = 358  AND `status` = 1 ORDER BY `list_order` ASC [ RunTime:0.000468s ]
[2024-12-06T15:27:53+08:00][sql] SELECT * FROM `cmf_admin_menu` WHERE  `parent_id` = 360  AND `status` = 1 ORDER BY `list_order` ASC [ RunTime:0.000622s ]
[2024-12-06T15:27:53+08:00][sql] SELECT * FROM `cmf_admin_menu` WHERE  `parent_id` = 365  AND `status` = 1 ORDER BY `list_order` ASC [ RunTime:0.000477s ]
[2024-12-06T15:27:53+08:00][sql] SELECT * FROM `cmf_admin_menu` WHERE  `parent_id` = 366  AND `status` = 1 ORDER BY `list_order` ASC [ RunTime:0.000462s ]
[2024-12-06T15:27:53+08:00][sql] SELECT * FROM `cmf_admin_menu` WHERE  `parent_id` = 371  AND `status` = 1 ORDER BY `list_order` ASC [ RunTime:0.000618s ]
[2024-12-06T15:27:53+08:00][sql] SELECT * FROM `cmf_admin_menu` WHERE  `parent_id` = 372  AND `status` = 1 ORDER BY `list_order` ASC [ RunTime:0.000615s ]
[2024-12-06T15:27:53+08:00][sql] SELECT * FROM `cmf_admin_menu` WHERE  `parent_id` = 373  AND `status` = 1 ORDER BY `list_order` ASC [ RunTime:0.000455s ]
[2024-12-06T15:27:53+08:00][sql] SELECT * FROM `cmf_admin_menu` WHERE  `parent_id` = 374  AND `status` = 1 ORDER BY `list_order` ASC [ RunTime:0.000443s ]
[2024-12-06T15:27:53+08:00][sql] SELECT * FROM `cmf_admin_menu` WHERE  `parent_id` = 381  AND `status` = 1 ORDER BY `list_order` ASC [ RunTime:0.000587s ]
[2024-12-06T15:27:53+08:00][sql] SELECT * FROM `cmf_admin_menu` WHERE  `parent_id` = 384  AND `status` = 1 ORDER BY `list_order` ASC [ RunTime:0.000543s ]
[2024-12-06T15:27:53+08:00][sql] SELECT * FROM `cmf_admin_menu` WHERE  `parent_id` = 388  AND `status` = 1 ORDER BY `list_order` ASC [ RunTime:0.000468s ]
[2024-12-06T15:27:53+08:00][sql] SELECT * FROM `cmf_admin_menu` WHERE  `parent_id` = 390  AND `status` = 1 ORDER BY `list_order` ASC [ RunTime:0.000543s ]
[2024-12-06T15:27:53+08:00][sql] SELECT * FROM `cmf_admin_menu` WHERE  `parent_id` = 394  AND `status` = 1 ORDER BY `list_order` ASC [ RunTime:0.000444s ]
[2024-12-06T15:27:53+08:00][sql] SELECT * FROM `cmf_admin_menu` WHERE  `parent_id` = 395  AND `status` = 1 ORDER BY `list_order` ASC [ RunTime:0.000641s ]
[2024-12-06T15:27:53+08:00][sql] SELECT * FROM `cmf_admin_menu` WHERE  `parent_id` = 396  AND `status` = 1 ORDER BY `list_order` ASC [ RunTime:0.000554s ]
[2024-12-06T15:27:53+08:00][sql] SELECT * FROM `cmf_admin_menu` WHERE  `parent_id` = 404  AND `status` = 1 ORDER BY `list_order` ASC [ RunTime:0.000528s ]
[2024-12-06T15:27:53+08:00][sql] SELECT * FROM `cmf_admin_menu` WHERE  `parent_id` = 410  AND `status` = 1 ORDER BY `list_order` ASC [ RunTime:0.000540s ]
[2024-12-06T15:27:53+08:00][sql] SELECT * FROM `cmf_admin_menu` WHERE  `parent_id` = 414  AND `status` = 1 ORDER BY `list_order` ASC [ RunTime:0.000592s ]
[2024-12-06T15:27:53+08:00][sql] SELECT * FROM `cmf_admin_menu` WHERE  `parent_id` = 415  AND `status` = 1 ORDER BY `list_order` ASC [ RunTime:0.000592s ]
[2024-12-06T15:27:53+08:00][sql] SELECT * FROM `cmf_admin_menu` WHERE  `parent_id` = 422  AND `status` = 1 ORDER BY `list_order` ASC [ RunTime:0.000557s ]
[2024-12-06T15:27:53+08:00][sql] SELECT * FROM `cmf_admin_menu` WHERE  `parent_id` = 430  AND `status` = 1 ORDER BY `list_order` ASC [ RunTime:0.000596s ]
[2024-12-06T15:27:53+08:00][sql] SELECT * FROM `cmf_admin_menu` WHERE  `parent_id` = 591  AND `status` = 1 ORDER BY `list_order` ASC [ RunTime:0.000569s ]
[2024-12-06T15:27:53+08:00][sql] SELECT * FROM `cmf_admin_menu` WHERE  `parent_id` = 592  AND `status` = 1 ORDER BY `list_order` ASC [ RunTime:0.000605s ]
[2024-12-06T15:27:53+08:00][sql] SELECT * FROM `cmf_admin_menu` WHERE  `parent_id` = 437  AND `status` = 1 ORDER BY `list_order` ASC [ RunTime:0.000485s ]
[2024-12-06T15:27:53+08:00][sql] SELECT * FROM `cmf_admin_menu` WHERE  `parent_id` = 439  AND `status` = 1 ORDER BY `list_order` ASC [ RunTime:0.000558s ]
[2024-12-06T15:27:53+08:00][sql] SELECT * FROM `cmf_admin_menu` WHERE  `parent_id` = 446  AND `status` = 1 ORDER BY `list_order` ASC [ RunTime:0.000579s ]
[2024-12-06T15:27:53+08:00][sql] SELECT * FROM `cmf_admin_menu` WHERE  `parent_id` = 447  AND `status` = 1 ORDER BY `list_order` ASC [ RunTime:0.000584s ]
[2024-12-06T15:27:53+08:00][sql] SELECT * FROM `cmf_admin_menu` WHERE  `parent_id` = 448  AND `status` = 1 ORDER BY `list_order` ASC [ RunTime:0.000542s ]
[2024-12-06T15:27:53+08:00][sql] SELECT * FROM `cmf_admin_menu` WHERE  `parent_id` = 459  AND `status` = 1 ORDER BY `list_order` ASC [ RunTime:0.000593s ]
[2024-12-06T15:27:53+08:00][sql] SELECT * FROM `cmf_admin_menu` WHERE  `parent_id` = 460  AND `status` = 1 ORDER BY `list_order` ASC [ RunTime:0.000458s ]
[2024-12-06T15:27:53+08:00][sql] SELECT * FROM `cmf_admin_menu` WHERE  `parent_id` = 461  AND `status` = 1 ORDER BY `list_order` ASC [ RunTime:0.000422s ]
[2024-12-06T15:27:53+08:00][sql] SELECT * FROM `cmf_admin_menu` WHERE  `parent_id` = 462  AND `status` = 1 ORDER BY `list_order` ASC [ RunTime:0.000700s ]
[2024-12-06T15:27:53+08:00][sql] SELECT * FROM `cmf_admin_menu` WHERE  `parent_id` = 463  AND `status` = 1 ORDER BY `list_order` ASC [ RunTime:0.000665s ]
[2024-12-06T15:27:53+08:00][sql] SELECT * FROM `cmf_admin_menu` WHERE  `parent_id` = 469  AND `status` = 1 ORDER BY `list_order` ASC [ RunTime:0.000504s ]
[2024-12-06T15:27:53+08:00][sql] SELECT * FROM `cmf_admin_menu` WHERE  `parent_id` = 471  AND `status` = 1 ORDER BY `list_order` ASC [ RunTime:0.000598s ]
[2024-12-06T15:27:53+08:00][sql] SELECT * FROM `cmf_admin_menu` WHERE  `parent_id` = 484  AND `status` = 1 ORDER BY `list_order` ASC [ RunTime:0.000449s ]
[2024-12-06T15:27:53+08:00][sql] SELECT * FROM `cmf_admin_menu` WHERE  `parent_id` = 485  AND `status` = 1 ORDER BY `list_order` ASC [ RunTime:0.000465s ]
[2024-12-06T15:27:53+08:00][sql] SELECT * FROM `cmf_admin_menu` WHERE  `parent_id` = 487  AND `status` = 1 ORDER BY `list_order` ASC [ RunTime:0.000575s ]
[2024-12-06T15:27:53+08:00][sql] SELECT * FROM `cmf_admin_menu` WHERE  `parent_id` = 494  AND `status` = 1 ORDER BY `list_order` ASC [ RunTime:0.000540s ]
[2024-12-06T15:27:53+08:00][sql] SELECT * FROM `cmf_admin_menu` WHERE  `parent_id` = 501  AND `status` = 1 ORDER BY `list_order` ASC [ RunTime:0.000548s ]
[2024-12-06T15:27:53+08:00][sql] SELECT * FROM `cmf_admin_menu` WHERE  `parent_id` = 508  AND `status` = 1 ORDER BY `list_order` ASC [ RunTime:0.000557s ]
[2024-12-06T15:27:53+08:00][sql] SELECT * FROM `cmf_admin_menu` WHERE  `parent_id` = 515  AND `status` = 1 ORDER BY `list_order` ASC [ RunTime:0.000561s ]
[2024-12-06T15:27:53+08:00][sql] SELECT * FROM `cmf_admin_menu` WHERE  `parent_id` = 519  AND `status` = 1 ORDER BY `list_order` ASC [ RunTime:0.000579s ]
[2024-12-06T15:27:53+08:00][sql] SELECT * FROM `cmf_admin_menu` WHERE  `parent_id` = 524  AND `status` = 1 ORDER BY `list_order` ASC [ RunTime:0.000572s ]
[2024-12-06T15:27:53+08:00][sql] SELECT * FROM `cmf_admin_menu` WHERE  `parent_id` = 525  AND `status` = 1 ORDER BY `list_order` ASC [ RunTime:0.000550s ]
[2024-12-06T15:27:53+08:00][sql] SELECT * FROM `cmf_admin_menu` WHERE  `parent_id` = 532  AND `status` = 1 ORDER BY `list_order` ASC [ RunTime:0.000558s ]
[2024-12-06T15:27:53+08:00][sql] SELECT * FROM `cmf_admin_menu` WHERE  `parent_id` = 536  AND `status` = 1 ORDER BY `list_order` ASC [ RunTime:0.000595s ]
[2024-12-06T15:27:53+08:00][sql] SELECT * FROM `cmf_admin_menu` WHERE  `parent_id` = 537  AND `status` = 1 ORDER BY `list_order` ASC [ RunTime:0.000589s ]
[2024-12-06T15:27:53+08:00][sql] SELECT * FROM `cmf_admin_menu` WHERE  `parent_id` = 541  AND `status` = 1 ORDER BY `list_order` ASC [ RunTime:0.000551s ]
[2024-12-06T15:27:53+08:00][sql] SELECT * FROM `cmf_admin_menu` WHERE  `parent_id` = 542  AND `status` = 1 ORDER BY `list_order` ASC [ RunTime:0.000465s ]
[2024-12-06T15:27:53+08:00][sql] SELECT * FROM `cmf_admin_menu` WHERE  `parent_id` = 543  AND `status` = 1 ORDER BY `list_order` ASC [ RunTime:0.000448s ]
[2024-12-06T15:27:53+08:00][sql] SELECT * FROM `cmf_admin_menu` WHERE  `parent_id` = 547  AND `status` = 1 ORDER BY `list_order` ASC [ RunTime:0.000613s ]
[2024-12-06T15:27:53+08:00][sql] SELECT * FROM `cmf_admin_menu` WHERE  `parent_id` = 551  AND `status` = 1 ORDER BY `list_order` ASC [ RunTime:0.000622s ]
[2024-12-06T15:27:53+08:00][sql] SELECT * FROM `cmf_admin_menu` WHERE  `parent_id` = 552  AND `status` = 1 ORDER BY `list_order` ASC [ RunTime:0.000583s ]
[2024-12-06T15:27:53+08:00][sql] SELECT * FROM `cmf_admin_menu` WHERE  `parent_id` = 553  AND `status` = 1 ORDER BY `list_order` ASC [ RunTime:0.000551s ]
[2024-12-06T15:27:53+08:00][sql] SELECT * FROM `cmf_admin_menu` WHERE  `parent_id` = 554  AND `status` = 1 ORDER BY `list_order` ASC [ RunTime:0.000472s ]
[2024-12-06T15:27:53+08:00][sql] SELECT * FROM `cmf_admin_menu` WHERE  `parent_id` = 613  AND `status` = 1 ORDER BY `list_order` ASC [ RunTime:0.000571s ]
[2024-12-06T15:27:53+08:00][sql] SELECT * FROM `cmf_admin_menu` WHERE  `parent_id` = 572  AND `status` = 1 ORDER BY `list_order` ASC [ RunTime:0.000625s ]
[2024-12-06T15:27:53+08:00][sql] SELECT * FROM `cmf_admin_menu` WHERE  `parent_id` = 580  AND `status` = 1 ORDER BY `list_order` ASC [ RunTime:0.000571s ]
[2024-12-06T15:27:53+08:00][sql] SELECT * FROM `cmf_admin_menu` WHERE  `parent_id` = 584  AND `status` = 1 ORDER BY `list_order` ASC [ RunTime:0.000568s ]
[2024-12-06T15:27:53+08:00][sql] SELECT * FROM `cmf_admin_menu` WHERE  `parent_id` = 588  AND `status` = 1 ORDER BY `list_order` ASC [ RunTime:0.000567s ]
[2024-12-06T15:27:53+08:00][sql] SELECT * FROM `cmf_admin_menu` WHERE  `parent_id` = 561  AND `status` = 1 ORDER BY `list_order` ASC [ RunTime:0.000636s ]
[2024-12-06T15:27:53+08:00][sql] SELECT * FROM `cmf_admin_menu` WHERE  `parent_id` = 562  AND `status` = 1 ORDER BY `list_order` ASC [ RunTime:0.000584s ]
[2024-12-06T15:27:53+08:00][sql] SELECT * FROM `cmf_admin_menu` WHERE  `parent_id` = 565  AND `status` = 1 ORDER BY `list_order` ASC [ RunTime:0.000553s ]
[2024-12-06T15:27:53+08:00][sql] SELECT * FROM `cmf_admin_menu` WHERE  `parent_id` = 600  AND `status` = 1 ORDER BY `list_order` ASC [ RunTime:0.000592s ]
[2024-12-06T15:27:53+08:00][sql] SELECT * FROM `cmf_admin_menu` WHERE  `parent_id` = 601  AND `status` = 1 ORDER BY `list_order` ASC [ RunTime:0.000631s ]
[2024-12-06T15:27:53+08:00][sql] SELECT * FROM `cmf_admin_menu` WHERE  `parent_id` = 603  AND `status` = 1 ORDER BY `list_order` ASC [ RunTime:0.000585s ]
[2024-12-06T15:27:53+08:00][sql] SELECT * FROM `cmf_admin_menu` WHERE  `parent_id` = 604  AND `status` = 1 ORDER BY `list_order` ASC [ RunTime:0.000447s ]
[2024-12-06T15:27:53+08:00][sql] SELECT * FROM `cmf_admin_menu` WHERE  `parent_id` = 602  AND `status` = 1 ORDER BY `list_order` ASC [ RunTime:0.000635s ]
[2024-12-06T15:27:53+08:00][sql] SELECT * FROM `cmf_admin_menu` WHERE  `parent_id` = 605  AND `status` = 1 ORDER BY `list_order` ASC [ RunTime:0.000473s ]
[2024-12-06T15:27:53+08:00][sql] SELECT * FROM `cmf_admin_menu` WHERE  `parent_id` = 606  AND `status` = 1 ORDER BY `list_order` ASC [ RunTime:0.000432s ]
[2024-12-06T15:27:53+08:00][sql] SELECT * FROM `cmf_admin_menu` WHERE  `parent_id` = 1  AND `status` = 1 ORDER BY `list_order` ASC [ RunTime:0.000568s ]
[2024-12-06T15:27:53+08:00][sql] SELECT * FROM `cmf_admin_menu` WHERE  `parent_id` = 42  AND `status` = 1 ORDER BY `list_order` ASC [ RunTime:0.000502s ]
[2024-12-06T15:27:53+08:00][sql] SELECT * FROM `cmf_admin_menu` ORDER BY `app` ASC,`controller` ASC,`action` ASC [ RunTime:0.003954s ]
[2024-12-06T15:27:53+08:00][sql] CONNECT:[ UseTime:0.000664s ] mysql:host=127.0.0.1;port=3306;dbname=zhibo;charset=utf8mb4
[2024-12-06T15:27:53+08:00][sql] SHOW FULL COLUMNS FROM `cmf_hook` [ RunTime:0.001529s ]
[2024-12-06T15:27:53+08:00][sql] SELECT `hook`,`id` FROM `cmf_hook` WHERE  (  (  `app` = '' OR `app` = 'cmf' )  AND `type` = 3 ) OR `type` = 1 [ RunTime:0.000653s ]
[2024-12-06T15:27:53+08:00][sql] SHOW FULL COLUMNS FROM `cmf_hook_plugin` [ RunTime:0.001363s ]
[2024-12-06T15:27:53+08:00][sql] SELECT `hook`,`plugin` FROM `cmf_hook_plugin` WHERE  `status` = 1  AND `hook` IN ('app_begin','module_init','action_begin','view_filter','app_end','log_write','response_end','admin_init','home_init','send_mobile_verification_code','body_start','before_head_end','footer_start','before_footer','before_footer_end','before_body_end','left_sidebar_start','before_left_sidebar_end','right_sidebar_start','before_right_sidebar_end','comment','guestbook','switch_theme','after_content','before_content','log_write_done','switch_admin_theme','captcha_image') ORDER BY `list_order` ASC [ RunTime:0.000697s ]
[2024-12-06T15:27:53+08:00][sql] SHOW FULL COLUMNS FROM `cmf_user` [ RunTime:0.002278s ]
[2024-12-06T15:27:53+08:00][sql] SELECT * FROM `cmf_user` WHERE  `id` = 1 LIMIT 1 [ RunTime:0.000893s ]
[2024-12-06T15:27:53+08:00][sql] SELECT COUNT(*) AS think_count FROM `cmf_user` WHERE  ( user_type=2 ) LIMIT 1 [ RunTime:0.000712s ]
[2024-12-06T15:27:53+08:00][sql] SELECT count(id) as nums,source FROM `cmf_user` WHERE  ( user_type=2 ) GROUP BY `source` [ RunTime:0.001071s ]
[2024-12-06T15:27:53+08:00][sql] SELECT count(id) as nums,login_type FROM `cmf_user` WHERE  ( user_type=2 ) GROUP BY `login_type` ORDER BY `nums` DESC [ RunTime:0.000535s ]
[2024-12-06T15:27:53+08:00][sql] SELECT COUNT(*) AS think_count FROM `cmf_user` WHERE  ( user_type=2 ) LIMIT 1 [ RunTime:0.000879s ]
[2024-12-06T15:27:53+08:00][sql] SHOW FULL COLUMNS FROM `cmf_live` [ RunTime:0.001949s ]
[2024-12-06T15:27:53+08:00][sql] SELECT COUNT(*) AS think_count FROM `cmf_live` WHERE  ( islive=1 ) LIMIT 1 [ RunTime:0.000622s ]
[2024-12-06T15:27:53+08:00][sql] select sum(endtime - starttime) as times from cmf_live_record [ RunTime:0.000438s ]
[2024-12-06T15:27:53+08:00][sql] SHOW FULL COLUMNS FROM `cmf_live_record` [ RunTime:0.001721s ]
[2024-12-06T15:27:53+08:00][sql] SELECT COUNT(*) AS think_count FROM ( SELECT count(*) AS think_count FROM `cmf_live_record` WHERE  ( starttime >= 1733414400 and starttime<1733500800 ) GROUP BY `uid` ) `_group_count_` LIMIT 1 [ RunTime:0.000746s ]
[2024-12-06T15:27:53+08:00][sql] SELECT COUNT(*) AS think_count FROM `cmf_live_record` WHERE  ( starttime >= 1733414400 and starttime<1733500800 ) LIMIT 1 [ RunTime:0.000418s ]
[2024-12-06T15:27:53+08:00][sql] select sum(endtime - starttime) as times from cmf_live_record where starttime >= 1733414400 and starttime<1733500800 [ RunTime:0.000445s ]
[2024-12-06T15:27:53+08:00][sql] SELECT `id`,`user_nickname`,`avatar`,`avatar_thumb`,`votestotal` FROM `cmf_user` WHERE  ( user_type=2 ) ORDER BY `votestotal` DESC LIMIT 0,3 [ RunTime:0.000532s ]
[2024-12-06T15:27:53+08:00][sql] SELECT `id`,`user_nickname`,`avatar`,`avatar_thumb`,`consumption` FROM `cmf_user` WHERE  ( user_type=2 ) ORDER BY `consumption` DESC LIMIT 0,3 [ RunTime:0.000667s ]
[2024-12-06T15:27:53+08:00][sql] SHOW FULL COLUMNS FROM `cmf_charge_user` [ RunTime:0.001662s ]
[2024-12-06T15:27:53+08:00][sql] SELECT SUM(`money`) AS think_sum FROM `cmf_charge_user` WHERE  ( status=1 ) LIMIT 1 [ RunTime:0.000407s ]
[2024-12-06T15:27:53+08:00][sql] SELECT SUM(`money`) AS think_sum FROM `cmf_charge_user` WHERE  ( status=1 and addtime>=1733414400 and addtime<1733500800 ) LIMIT 1 [ RunTime:0.000360s ]
[2024-12-06T15:27:53+08:00][sql] SELECT SUM(`money`) AS think_sum FROM `cmf_charge_user` WHERE  ( status=1 and type=1 and addtime>=1733414400 and addtime<1733500800 ) LIMIT 1 [ RunTime:0.000330s ]
[2024-12-06T15:27:53+08:00][sql] SELECT SUM(`money`) AS think_sum FROM `cmf_charge_user` WHERE  ( status=1 and type=2 and addtime>=1733414400 and addtime<1733500800 ) LIMIT 1 [ RunTime:0.000311s ]
[2024-12-06T15:27:53+08:00][sql] SELECT SUM(`money`) AS think_sum FROM `cmf_charge_user` WHERE  ( status=1 and type=3 and addtime>=1733414400 and addtime<1733500800 ) LIMIT 1 [ RunTime:0.000296s ]
[2024-12-06T15:27:53+08:00][sql] SHOW FULL COLUMNS FROM `cmf_cash_record` [ RunTime:0.001376s ]
[2024-12-06T15:27:53+08:00][sql] SELECT SUM(`money`) AS think_sum FROM `cmf_cash_record` WHERE  ( status=0 and addtime>=1733414400 and addtime<1733500800 ) LIMIT 1 [ RunTime:0.000409s ]
[2024-12-06T15:27:53+08:00][sql] SELECT SUM(`money`) AS think_sum FROM `cmf_cash_record` WHERE  ( status=1 and addtime>=1733414400 and addtime<1733500800 ) LIMIT 1 [ RunTime:0.000326s ]
[2024-12-06T15:27:53+08:00][sql] SELECT COUNT(*) AS think_count FROM ( SELECT count(*) AS think_count FROM `cmf_cash_record` WHERE  ( addtime>=1733414400 and addtime<1733500800 ) GROUP BY `uid` ) `_group_count_` LIMIT 1 [ RunTime:0.000423s ]
[2024-12-06T15:27:53+08:00][sql] SELECT SUM(`money`) AS think_sum FROM `cmf_cash_record` WHERE  ( status=1 ) LIMIT 1 [ RunTime:0.000294s ]
[2024-12-06T15:27:53+08:00][sql] SHOW FULL COLUMNS FROM `cmf_shop_apply` [ RunTime:0.001592s ]
[2024-12-06T15:27:53+08:00][sql] SELECT COUNT(*) AS think_count FROM `cmf_shop_apply` WHERE  ( status=0 ) LIMIT 1 [ RunTime:0.000416s ]
[2024-12-06T15:27:53+08:00][sql] SHOW FULL COLUMNS FROM `cmf_shop_goods` [ RunTime:0.001487s ]
[2024-12-06T15:27:53+08:00][sql] SELECT COUNT(*) AS think_count FROM `cmf_shop_goods` WHERE  ( status=0 ) LIMIT 1 [ RunTime:0.000383s ]
[2024-12-06T15:27:53+08:00][sql] SHOW FULL COLUMNS FROM `cmf_shop_order_refund` [ RunTime:0.001452s ]
[2024-12-06T15:27:53+08:00][sql] SELECT COUNT(*) AS think_count FROM `cmf_shop_order_refund` WHERE  ( is_platform_interpose=1 and platform_result=0 ) LIMIT 1 [ RunTime:0.000411s ]
[2024-12-06T15:27:53+08:00][sql] SHOW FULL COLUMNS FROM `cmf_paidprogram` [ RunTime:0.001203s ]
[2024-12-06T15:27:53+08:00][sql] SELECT COUNT(*) AS think_count FROM `cmf_paidprogram` WHERE  ( status=0 ) LIMIT 1 [ RunTime:0.000360s ]
[2024-12-06T15:27:53+08:00][sql] SHOW FULL COLUMNS FROM `cmf_paidprogram_apply` [ RunTime:0.001276s ]
[2024-12-06T15:27:53+08:00][sql] SELECT COUNT(*) AS think_count FROM `cmf_paidprogram_apply` WHERE  ( status=0 ) LIMIT 1 [ RunTime:0.000355s ]
[2024-12-06T15:27:53+08:00][sql] SHOW FULL COLUMNS FROM `cmf_report` [ RunTime:0.001096s ]
[2024-12-06T15:27:53+08:00][sql] SELECT COUNT(*) AS think_count FROM `cmf_report` WHERE  ( status=0 ) LIMIT 1 [ RunTime:0.000382s ]
[2024-12-06T15:27:53+08:00][sql] SHOW FULL COLUMNS FROM `cmf_dynamic` [ RunTime:0.001336s ]
[2024-12-06T15:27:53+08:00][sql] SELECT COUNT(*) AS think_count FROM `cmf_dynamic` WHERE  ( isdel=0 and status=0 ) LIMIT 1 [ RunTime:0.000412s ]
[2024-12-06T15:27:53+08:00][sql] SHOW FULL COLUMNS FROM `cmf_dynamic_report` [ RunTime:0.001278s ]
[2024-12-06T15:27:53+08:00][sql] SELECT COUNT(*) AS think_count FROM `cmf_dynamic_report` WHERE  ( status=0 ) LIMIT 1 [ RunTime:0.000351s ]
[2024-12-06T15:27:53+08:00][sql] SHOW FULL COLUMNS FROM `cmf_video` [ RunTime:0.001345s ]
[2024-12-06T15:27:53+08:00][sql] SELECT COUNT(*) AS think_count FROM `cmf_video` WHERE  ( isdel=0 and status=0 ) LIMIT 1 [ RunTime:0.000427s ]
[2024-12-06T15:27:53+08:00][sql] SHOW FULL COLUMNS FROM `cmf_video_report` [ RunTime:0.001242s ]
[2024-12-06T15:27:53+08:00][sql] SELECT COUNT(*) AS think_count FROM `cmf_video_report` WHERE  ( status=0 ) LIMIT 1 [ RunTime:0.000402s ]
[2024-12-06T15:27:53+08:00][sql] SHOW FULL COLUMNS FROM `cmf_family` [ RunTime:0.001221s ]
[2024-12-06T15:27:53+08:00][sql] SELECT COUNT(*) AS think_count FROM `cmf_family` WHERE  ( state=0 ) LIMIT 1 [ RunTime:0.000378s ]
[2024-12-06T15:27:53+08:00][sql] SHOW FULL COLUMNS FROM `cmf_family_user_divide_apply` [ RunTime:0.001205s ]
[2024-12-06T15:27:53+08:00][sql] SELECT COUNT(*) AS think_count FROM `cmf_family_user_divide_apply` WHERE  ( status=0 ) LIMIT 1 [ RunTime:0.000343s ]
[2024-12-06T15:27:53+08:00][sql] SHOW FULL COLUMNS FROM `cmf_user_auth` [ RunTime:0.001142s ]
[2024-12-06T15:27:53+08:00][sql] SELECT COUNT(*) AS think_count FROM `cmf_user_auth` WHERE  ( status=0 ) LIMIT 1 [ RunTime:0.000346s ]
[2024-12-06T15:27:53+08:00][sql] CONNECT:[ UseTime:0.000663s ] mysql:host=127.0.0.1;port=3306;dbname=zhibo;charset=utf8mb4
[2024-12-06T15:27:53+08:00][sql] SHOW FULL COLUMNS FROM `cmf_hook` [ RunTime:0.001718s ]
[2024-12-06T15:27:53+08:00][sql] SELECT `hook`,`id` FROM `cmf_hook` WHERE  (  (  `app` = '' OR `app` = 'cmf' )  AND `type` = 3 ) OR `type` = 1 [ RunTime:0.000639s ]
[2024-12-06T15:27:53+08:00][sql] SHOW FULL COLUMNS FROM `cmf_hook_plugin` [ RunTime:0.001256s ]
[2024-12-06T15:27:53+08:00][sql] SELECT `hook`,`plugin` FROM `cmf_hook_plugin` WHERE  `status` = 1  AND `hook` IN ('app_begin','module_init','action_begin','view_filter','app_end','log_write','response_end','admin_init','home_init','send_mobile_verification_code','body_start','before_head_end','footer_start','before_footer','before_footer_end','before_body_end','left_sidebar_start','before_left_sidebar_end','right_sidebar_start','before_right_sidebar_end','comment','guestbook','switch_theme','after_content','before_content','log_write_done','switch_admin_theme','captcha_image') ORDER BY `list_order` ASC [ RunTime:0.000678s ]
[2024-12-06T15:39:07+08:00][sql] CONNECT:[ UseTime:0.000647s ] mysql:host=127.0.0.1;port=3306;dbname=zhibo;charset=utf8mb4
[2024-12-06T15:39:07+08:00][sql] SHOW FULL COLUMNS FROM `cmf_hook` [ RunTime:0.001535s ]
[2024-12-06T15:39:07+08:00][sql] SELECT `hook`,`id` FROM `cmf_hook` WHERE  (  (  `app` = '' OR `app` = 'cmf' )  AND `type` = 3 ) OR `type` = 1 [ RunTime:0.000683s ]
[2024-12-06T15:39:07+08:00][sql] SHOW FULL COLUMNS FROM `cmf_hook_plugin` [ RunTime:0.001290s ]
[2024-12-06T15:39:07+08:00][sql] SELECT `hook`,`plugin` FROM `cmf_hook_plugin` WHERE  `status` = 1  AND `hook` IN ('app_begin','module_init','action_begin','view_filter','app_end','log_write','response_end','admin_init','home_init','send_mobile_verification_code','body_start','before_head_end','footer_start','before_footer','before_footer_end','before_body_end','left_sidebar_start','before_left_sidebar_end','right_sidebar_start','before_right_sidebar_end','comment','guestbook','switch_theme','after_content','before_content','log_write_done','switch_admin_theme','captcha_image') ORDER BY `list_order` ASC [ RunTime:0.000734s ]
[2024-12-06T15:39:07+08:00][sql] SELECT `hook` FROM `cmf_hook` WHERE  `app` = 'home' [ RunTime:0.000714s ]
[2024-12-06T15:39:07+08:00][sql] SELECT `hook`,`plugin` FROM `cmf_hook_plugin` WHERE  `status` = 1  AND 0 = 1 ORDER BY `list_order` ASC [ RunTime:0.000371s ]
[2024-12-06T15:39:07+08:00][sql] SHOW FULL COLUMNS FROM `cmf_option` [ RunTime:0.001553s ]
[2024-12-06T15:39:07+08:00][sql] SELECT `option_value` FROM `cmf_option` WHERE  `option_name` = 'storage' LIMIT 1 [ RunTime:0.000464s ]
[2024-12-06T15:39:07+08:00][sql] SHOW FULL COLUMNS FROM `cmf_plugin` [ RunTime:0.001683s ]
[2024-12-06T15:39:07+08:00][sql] SELECT `config` FROM `cmf_plugin` WHERE  `name` = 'Qiniu' LIMIT 1 [ RunTime:0.000498s ]
[2024-12-06T15:39:07+08:00][sql] SHOW FULL COLUMNS FROM `cmf_live` [ RunTime:0.001858s ]
[2024-12-06T15:39:07+08:00][sql] SELECT * FROM `cmf_live` WHERE  ( islive='1' and isrecommend='1' and type='0' and live_type=0 ) [ RunTime:0.000804s ]
[2024-12-06T15:39:07+08:00][sql] SHOW FULL COLUMNS FROM `cmf_slide_item` [ RunTime:0.001385s ]
[2024-12-06T15:39:07+08:00][sql] SELECT * FROM `cmf_slide_item` WHERE  ( status='1' and slide_id='1' ) ORDER BY `list_order` ASC [ RunTime:0.000609s ]
[2024-12-06T15:39:07+08:00][sql] SHOW FULL COLUMNS FROM `cmf_live_class` [ RunTime:0.001232s ]
[2024-12-06T15:39:07+08:00][sql] SELECT * FROM `cmf_live_class` ORDER BY `list_order` LIMIT 5 [ RunTime:0.000446s ]
[2024-12-06T15:39:07+08:00][sql] SELECT * FROM `cmf_live` WHERE  `islive` = 1  AND `live_type` = 0  AND `liveclassid` = 8 ORDER BY `recommend_time` DESC,`starttime` DESC LIMIT 5 [ RunTime:0.000745s ]
[2024-12-06T15:39:07+08:00][sql] SELECT `uid`,`thumb`,`stream`,`title`,`city`,`islive`,`type` FROM `cmf_live` WHERE  ( islive='1' and ishot='1' and live_type=0 ) ORDER BY `isrecommend` DESC,`recommend_time` DESC,`hotvotes` DESC,`starttime` DESC LIMIT 5 [ RunTime:0.000495s ]
[2024-12-06T15:39:07+08:00][sql] SELECT `uid`,`thumb`,`stream`,`title`,`city`,`islive`,`type` FROM `cmf_live` WHERE  ( islive='1' and live_type=0 ) ORDER BY `starttime` DESC LIMIT 5 [ RunTime:0.000396s ]
[2024-12-06T15:39:07+08:00][sql] SHOW FULL COLUMNS FROM `cmf_theme_file` [ RunTime:0.001494s ]
[2024-12-06T15:39:07+08:00][sql] SELECT `more` FROM `cmf_theme_file` WHERE  `theme` = 'default'  AND (  `is_public` = 1 OR `file` = '../home/index/index' ) [ RunTime:0.000575s ]
[2024-12-06T15:39:09+08:00][sql] CONNECT:[ UseTime:0.000628s ] mysql:host=127.0.0.1;port=3306;dbname=zhibo;charset=utf8mb4
[2024-12-06T15:39:09+08:00][sql] SHOW FULL COLUMNS FROM `cmf_hook` [ RunTime:0.001506s ]
[2024-12-06T15:39:09+08:00][sql] SELECT `hook`,`id` FROM `cmf_hook` WHERE  (  (  `app` = '' OR `app` = 'cmf' )  AND `type` = 3 ) OR `type` = 1 [ RunTime:0.000613s ]
[2024-12-06T15:39:09+08:00][sql] SHOW FULL COLUMNS FROM `cmf_hook_plugin` [ RunTime:0.001211s ]
[2024-12-06T15:39:09+08:00][sql] SELECT `hook`,`plugin` FROM `cmf_hook_plugin` WHERE  `status` = 1  AND `hook` IN ('app_begin','module_init','action_begin','view_filter','app_end','log_write','response_end','admin_init','home_init','send_mobile_verification_code','body_start','before_head_end','footer_start','before_footer','before_footer_end','before_body_end','left_sidebar_start','before_left_sidebar_end','right_sidebar_start','before_right_sidebar_end','comment','guestbook','switch_theme','after_content','before_content','log_write_done','switch_admin_theme','captcha_image') ORDER BY `list_order` ASC [ RunTime:0.000714s ]
[2024-12-06T15:39:09+08:00][sql] SHOW FULL COLUMNS FROM `cmf_plugin` [ RunTime:0.001723s ]
[2024-12-06T15:39:09+08:00][sql] SELECT `config` FROM `cmf_plugin` WHERE  `name` = 'Qiniu' LIMIT 1 [ RunTime:0.000471s ]
[2024-12-06T15:39:09+08:00][sql] SHOW FULL COLUMNS FROM `cmf_live` [ RunTime:0.001759s ]
[2024-12-06T15:39:09+08:00][sql] SELECT * FROM `cmf_live` WHERE  ( islive='1' and isrecommend='1' and type='0' and live_type=0 ) [ RunTime:0.000866s ]
[2024-12-06T15:39:09+08:00][sql] SHOW FULL COLUMNS FROM `cmf_slide_item` [ RunTime:0.001421s ]
[2024-12-06T15:39:09+08:00][sql] SELECT * FROM `cmf_slide_item` WHERE  ( status='1' and slide_id='1' ) ORDER BY `list_order` ASC [ RunTime:0.000536s ]
[2024-12-06T15:39:09+08:00][sql] SHOW FULL COLUMNS FROM `cmf_live_class` [ RunTime:0.001190s ]
[2024-12-06T15:39:09+08:00][sql] SELECT * FROM `cmf_live_class` ORDER BY `list_order` LIMIT 5 [ RunTime:0.000416s ]
[2024-12-06T15:39:09+08:00][sql] SELECT * FROM `cmf_live` WHERE  `islive` = 1  AND `live_type` = 0  AND `liveclassid` = 8 ORDER BY `recommend_time` DESC,`starttime` DESC LIMIT 5 [ RunTime:0.000760s ]
[2024-12-06T15:39:09+08:00][sql] SELECT `uid`,`thumb`,`stream`,`title`,`city`,`islive`,`type` FROM `cmf_live` WHERE  ( islive='1' and ishot='1' and live_type=0 ) ORDER BY `isrecommend` DESC,`recommend_time` DESC,`hotvotes` DESC,`starttime` DESC LIMIT 5 [ RunTime:0.000435s ]
[2024-12-06T15:39:09+08:00][sql] SELECT `uid`,`thumb`,`stream`,`title`,`city`,`islive`,`type` FROM `cmf_live` WHERE  ( islive='1' and live_type=0 ) ORDER BY `starttime` DESC LIMIT 5 [ RunTime:0.000405s ]
[2024-12-06T15:39:09+08:00][sql] SHOW FULL COLUMNS FROM `cmf_theme_file` [ RunTime:0.001505s ]
[2024-12-06T15:39:09+08:00][sql] SELECT `more` FROM `cmf_theme_file` WHERE  `theme` = 'default'  AND (  `is_public` = 1 OR `file` = '../home/index/index' ) [ RunTime:0.000507s ]
[2024-12-06T15:40:33+08:00][sql] CONNECT:[ UseTime:0.000655s ] mysql:host=127.0.0.1;port=3306;dbname=zhibo;charset=utf8mb4
[2024-12-06T15:40:33+08:00][sql] SHOW FULL COLUMNS FROM `cmf_hook` [ RunTime:0.001549s ]
[2024-12-06T15:40:33+08:00][sql] SELECT `hook`,`id` FROM `cmf_hook` WHERE  (  (  `app` = '' OR `app` = 'cmf' )  AND `type` = 3 ) OR `type` = 1 [ RunTime:0.000668s ]
[2024-12-06T15:40:33+08:00][sql] SHOW FULL COLUMNS FROM `cmf_hook_plugin` [ RunTime:0.001252s ]
[2024-12-06T15:40:33+08:00][sql] SELECT `hook`,`plugin` FROM `cmf_hook_plugin` WHERE  `status` = 1  AND `hook` IN ('app_begin','module_init','action_begin','view_filter','app_end','log_write','response_end','admin_init','home_init','send_mobile_verification_code','body_start','before_head_end','footer_start','before_footer','before_footer_end','before_body_end','left_sidebar_start','before_left_sidebar_end','right_sidebar_start','before_right_sidebar_end','comment','guestbook','switch_theme','after_content','before_content','log_write_done','switch_admin_theme','captcha_image') ORDER BY `list_order` ASC [ RunTime:0.000718s ]
[2024-12-06T15:42:21+08:00][sql] CONNECT:[ UseTime:0.000612s ] mysql:host=127.0.0.1;port=3306;dbname=zhibo;charset=utf8mb4
[2024-12-06T15:42:21+08:00][sql] SHOW FULL COLUMNS FROM `cmf_hook` [ RunTime:0.001593s ]
[2024-12-06T15:42:21+08:00][sql] SELECT `hook`,`id` FROM `cmf_hook` WHERE  (  (  `app` = '' OR `app` = 'cmf' )  AND `type` = 3 ) OR `type` = 1 [ RunTime:0.000662s ]
[2024-12-06T15:42:21+08:00][sql] SHOW FULL COLUMNS FROM `cmf_hook_plugin` [ RunTime:0.001268s ]
[2024-12-06T15:42:21+08:00][sql] SELECT `hook`,`plugin` FROM `cmf_hook_plugin` WHERE  `status` = 1  AND `hook` IN ('app_begin','module_init','action_begin','view_filter','app_end','log_write','response_end','admin_init','home_init','send_mobile_verification_code','body_start','before_head_end','footer_start','before_footer','before_footer_end','before_body_end','left_sidebar_start','before_left_sidebar_end','right_sidebar_start','before_right_sidebar_end','comment','guestbook','switch_theme','after_content','before_content','log_write_done','switch_admin_theme','captcha_image') ORDER BY `list_order` ASC [ RunTime:0.000740s ]
[2024-12-06T16:24:52+08:00][sql] CONNECT:[ UseTime:0.000633s ] mysql:host=127.0.0.1;port=3306;dbname=zhibo;charset=utf8mb4
[2024-12-06T16:24:52+08:00][sql] SHOW FULL COLUMNS FROM `cmf_hook` [ RunTime:0.001770s ]
[2024-12-06T16:24:52+08:00][sql] SELECT `hook`,`id` FROM `cmf_hook` WHERE  (  (  `app` = '' OR `app` = 'cmf' )  AND `type` = 3 ) OR `type` = 1 [ RunTime:0.000704s ]
[2024-12-06T16:24:52+08:00][sql] SHOW FULL COLUMNS FROM `cmf_hook_plugin` [ RunTime:0.001437s ]
[2024-12-06T16:24:52+08:00][sql] SELECT `hook`,`plugin` FROM `cmf_hook_plugin` WHERE  `status` = 1  AND `hook` IN ('app_begin','module_init','action_begin','view_filter','app_end','log_write','response_end','admin_init','home_init','send_mobile_verification_code','body_start','before_head_end','footer_start','before_footer','before_footer_end','before_body_end','left_sidebar_start','before_left_sidebar_end','right_sidebar_start','before_right_sidebar_end','comment','guestbook','switch_theme','after_content','before_content','log_write_done','switch_admin_theme','captcha_image') ORDER BY `list_order` ASC [ RunTime:0.000734s ]
[2024-12-06T16:24:52+08:00][sql] SHOW FULL COLUMNS FROM `cmf_plugin` [ RunTime:0.001818s ]
[2024-12-06T16:24:52+08:00][sql] SELECT `config` FROM `cmf_plugin` WHERE  `name` = 'Qiniu' LIMIT 1 [ RunTime:0.000482s ]
[2024-12-06T16:24:52+08:00][sql] SHOW FULL COLUMNS FROM `cmf_live` [ RunTime:0.001806s ]
[2024-12-06T16:24:52+08:00][sql] SELECT * FROM `cmf_live` WHERE  ( islive='1' and isrecommend='1' and type='0' and live_type=0 ) [ RunTime:0.000923s ]
[2024-12-06T16:24:52+08:00][sql] SHOW FULL COLUMNS FROM `cmf_slide_item` [ RunTime:0.001571s ]
[2024-12-06T16:24:52+08:00][sql] SELECT * FROM `cmf_slide_item` WHERE  ( status='1' and slide_id='1' ) ORDER BY `list_order` ASC [ RunTime:0.000641s ]
[2024-12-06T16:24:52+08:00][sql] SHOW FULL COLUMNS FROM `cmf_live_class` [ RunTime:0.001249s ]
[2024-12-06T16:24:52+08:00][sql] SELECT * FROM `cmf_live_class` ORDER BY `list_order` LIMIT 5 [ RunTime:0.000489s ]
[2024-12-06T16:24:52+08:00][sql] SELECT * FROM `cmf_live` WHERE  `islive` = 1  AND `live_type` = 0  AND `liveclassid` = 8 ORDER BY `recommend_time` DESC,`starttime` DESC LIMIT 5 [ RunTime:0.000811s ]
[2024-12-06T16:24:52+08:00][sql] SELECT `uid`,`thumb`,`stream`,`title`,`city`,`islive`,`type` FROM `cmf_live` WHERE  ( islive='1' and ishot='1' and live_type=0 ) ORDER BY `isrecommend` DESC,`recommend_time` DESC,`hotvotes` DESC,`starttime` DESC LIMIT 5 [ RunTime:0.000501s ]
[2024-12-06T16:24:52+08:00][sql] SELECT `uid`,`thumb`,`stream`,`title`,`city`,`islive`,`type` FROM `cmf_live` WHERE  ( islive='1' and live_type=0 ) ORDER BY `starttime` DESC LIMIT 5 [ RunTime:0.000412s ]
[2024-12-06T16:24:52+08:00][sql] SHOW FULL COLUMNS FROM `cmf_theme_file` [ RunTime:0.001592s ]
[2024-12-06T16:24:52+08:00][sql] SELECT `more` FROM `cmf_theme_file` WHERE  `theme` = 'default'  AND (  `is_public` = 1 OR `file` = '../home/index/index' ) [ RunTime:0.000547s ]
[2024-12-06T16:24:52+08:00][sql] CONNECT:[ UseTime:0.000614s ] mysql:host=127.0.0.1;port=3306;dbname=zhibo;charset=utf8mb4
[2024-12-06T16:24:52+08:00][sql] SHOW FULL COLUMNS FROM `cmf_hook` [ RunTime:0.001609s ]
[2024-12-06T16:24:52+08:00][sql] SELECT `hook`,`id` FROM `cmf_hook` WHERE  (  (  `app` = '' OR `app` = 'cmf' )  AND `type` = 3 ) OR `type` = 1 [ RunTime:0.000644s ]
[2024-12-06T16:24:52+08:00][sql] SHOW FULL COLUMNS FROM `cmf_hook_plugin` [ RunTime:0.001276s ]
[2024-12-06T16:24:52+08:00][sql] SELECT `hook`,`plugin` FROM `cmf_hook_plugin` WHERE  `status` = 1  AND `hook` IN ('app_begin','module_init','action_begin','view_filter','app_end','log_write','response_end','admin_init','home_init','send_mobile_verification_code','body_start','before_head_end','footer_start','before_footer','before_footer_end','before_body_end','left_sidebar_start','before_left_sidebar_end','right_sidebar_start','before_right_sidebar_end','comment','guestbook','switch_theme','after_content','before_content','log_write_done','switch_admin_theme','captcha_image') ORDER BY `list_order` ASC [ RunTime:0.000698s ]
[2024-12-06T16:24:52+08:00][sql] SELECT `hook` FROM `cmf_hook` WHERE  `app` = 'wxshare' [ RunTime:0.000718s ]
[2024-12-06T16:24:52+08:00][sql] SELECT `hook`,`plugin` FROM `cmf_hook_plugin` WHERE  `status` = 1  AND 0 = 1 ORDER BY `list_order` ASC [ RunTime:0.000347s ]
[2024-12-06T16:24:52+08:00][sql] SHOW FULL COLUMNS FROM `cmf_plugin` [ RunTime:0.001845s ]
[2024-12-06T16:24:52+08:00][sql] SELECT `config` FROM `cmf_plugin` WHERE  `name` = 'Qiniu' LIMIT 1 [ RunTime:0.000500s ]
[2024-12-06T16:24:52+08:00][sql] SHOW FULL COLUMNS FROM `cmf_slide_item` [ RunTime:0.001649s ]
[2024-12-06T16:24:52+08:00][sql] SELECT * FROM `cmf_slide_item` WHERE  ( status='1' and slide_id='6' ) ORDER BY `list_order` ASC [ RunTime:0.000660s ]
[2024-12-06T16:24:52+08:00][sql] SHOW FULL COLUMNS FROM `cmf_live` [ RunTime:0.001672s ]
[2024-12-06T16:24:52+08:00][sql] SELECT `uid`,`title`,`city`,`stream`,`pull`,`thumb`,`type` FROM `cmf_live` WHERE  `islive` = 1  AND `live_type` = 0  AND `ishot` = 1 ORDER BY `recommend_time` DESC,`starttime` DESC LIMIT 0,20 [ RunTime:0.000750s ]
[2024-12-06T16:24:52+08:00][sql] SHOW FULL COLUMNS FROM `cmf_theme_file` [ RunTime:0.001599s ]
[2024-12-06T16:24:52+08:00][sql] SELECT `more` FROM `cmf_theme_file` WHERE  `theme` = 'default'  AND (  `is_public` = 1 OR `file` = '../wxshare/share/index' ) [ RunTime:0.000608s ]
[2024-12-06T16:24:53+08:00][sql] CONNECT:[ UseTime:0.000646s ] mysql:host=127.0.0.1;port=3306;dbname=zhibo;charset=utf8mb4
[2024-12-06T16:24:53+08:00][sql] SHOW FULL COLUMNS FROM `cmf_hook` [ RunTime:0.001534s ]
[2024-12-06T16:24:53+08:00][sql] SELECT `hook`,`id` FROM `cmf_hook` WHERE  (  (  `app` = '' OR `app` = 'cmf' )  AND `type` = 3 ) OR `type` = 1 [ RunTime:0.000615s ]
[2024-12-06T16:24:53+08:00][sql] SHOW FULL COLUMNS FROM `cmf_hook_plugin` [ RunTime:0.001254s ]
[2024-12-06T16:24:53+08:00][sql] SELECT `hook`,`plugin` FROM `cmf_hook_plugin` WHERE  `status` = 1  AND `hook` IN ('app_begin','module_init','action_begin','view_filter','app_end','log_write','response_end','admin_init','home_init','send_mobile_verification_code','body_start','before_head_end','footer_start','before_footer','before_footer_end','before_body_end','left_sidebar_start','before_left_sidebar_end','right_sidebar_start','before_right_sidebar_end','comment','guestbook','switch_theme','after_content','before_content','log_write_done','switch_admin_theme','captcha_image') ORDER BY `list_order` ASC [ RunTime:0.000690s ]
[2024-12-06T16:24:53+08:00][sql] SELECT `hook` FROM `cmf_hook` WHERE  `app` = 'favicon.ico' [ RunTime:0.000701s ]
[2024-12-06T16:24:53+08:00][sql] SELECT `hook`,`plugin` FROM `cmf_hook_plugin` WHERE  `status` = 1  AND 0 = 1 ORDER BY `list_order` ASC [ RunTime:0.000361s ]
[2024-12-06T16:24:53+08:00][sql] CONNECT:[ UseTime:0.000660s ] mysql:host=127.0.0.1;port=3306;dbname=zhibo;charset=utf8mb4
[2024-12-06T16:24:53+08:00][sql] SHOW FULL COLUMNS FROM `cmf_hook` [ RunTime:0.001569s ]
[2024-12-06T16:24:53+08:00][sql] SELECT `hook`,`id` FROM `cmf_hook` WHERE  (  (  `app` = '' OR `app` = 'cmf' )  AND `type` = 3 ) OR `type` = 1 [ RunTime:0.000648s ]
[2024-12-06T16:24:53+08:00][sql] SHOW FULL COLUMNS FROM `cmf_hook_plugin` [ RunTime:0.001266s ]
[2024-12-06T16:24:53+08:00][sql] SELECT `hook`,`plugin` FROM `cmf_hook_plugin` WHERE  `status` = 1  AND `hook` IN ('app_begin','module_init','action_begin','view_filter','app_end','log_write','response_end','admin_init','home_init','send_mobile_verification_code','body_start','before_head_end','footer_start','before_footer','before_footer_end','before_body_end','left_sidebar_start','before_left_sidebar_end','right_sidebar_start','before_right_sidebar_end','comment','guestbook','switch_theme','after_content','before_content','log_write_done','switch_admin_theme','captcha_image') ORDER BY `list_order` ASC [ RunTime:0.000706s ]
[2024-12-06T16:24:55+08:00][sql] CONNECT:[ UseTime:0.000662s ] mysql:host=127.0.0.1;port=3306;dbname=zhibo;charset=utf8mb4
[2024-12-06T16:24:55+08:00][sql] SHOW FULL COLUMNS FROM `cmf_hook` [ RunTime:0.001536s ]
[2024-12-06T16:24:55+08:00][sql] SELECT `hook`,`id` FROM `cmf_hook` WHERE  (  (  `app` = '' OR `app` = 'cmf' )  AND `type` = 3 ) OR `type` = 1 [ RunTime:0.000610s ]
[2024-12-06T16:24:55+08:00][sql] SHOW FULL COLUMNS FROM `cmf_hook_plugin` [ RunTime:0.001205s ]
[2024-12-06T16:24:55+08:00][sql] SELECT `hook`,`plugin` FROM `cmf_hook_plugin` WHERE  `status` = 1  AND `hook` IN ('app_begin','module_init','action_begin','view_filter','app_end','log_write','response_end','admin_init','home_init','send_mobile_verification_code','body_start','before_head_end','footer_start','before_footer','before_footer_end','before_body_end','left_sidebar_start','before_left_sidebar_end','right_sidebar_start','before_right_sidebar_end','comment','guestbook','switch_theme','after_content','before_content','log_write_done','switch_admin_theme','captcha_image') ORDER BY `list_order` ASC [ RunTime:0.000689s ]
[2024-12-06T16:24:55+08:00][sql] SHOW FULL COLUMNS FROM `cmf_plugin` [ RunTime:0.001672s ]
[2024-12-06T16:24:55+08:00][sql] SELECT `config` FROM `cmf_plugin` WHERE  `name` = 'Qiniu' LIMIT 1 [ RunTime:0.000439s ]
[2024-12-06T16:24:55+08:00][sql] SHOW FULL COLUMNS FROM `cmf_slide_item` [ RunTime:0.001633s ]
[2024-12-06T16:24:55+08:00][sql] SELECT * FROM `cmf_slide_item` WHERE  ( status='1' and slide_id='6' ) ORDER BY `list_order` ASC [ RunTime:0.000567s ]
[2024-12-06T16:24:55+08:00][sql] CONNECT:[ UseTime:0.000626s ] mysql:host=127.0.0.1;port=3306;dbname=zhibo;charset=utf8mb4
[2024-12-06T16:24:55+08:00][sql] SHOW FULL COLUMNS FROM `cmf_hook` [ RunTime:0.001585s ]
[2024-12-06T16:24:55+08:00][sql] SELECT `hook`,`id` FROM `cmf_hook` WHERE  (  (  `app` = '' OR `app` = 'cmf' )  AND `type` = 3 ) OR `type` = 1 [ RunTime:0.000620s ]
[2024-12-06T16:24:55+08:00][sql] SHOW FULL COLUMNS FROM `cmf_hook_plugin` [ RunTime:0.001316s ]
[2024-12-06T16:24:55+08:00][sql] SELECT `hook`,`plugin` FROM `cmf_hook_plugin` WHERE  `status` = 1  AND `hook` IN ('app_begin','module_init','action_begin','view_filter','app_end','log_write','response_end','admin_init','home_init','send_mobile_verification_code','body_start','before_head_end','footer_start','before_footer','before_footer_end','before_body_end','left_sidebar_start','before_left_sidebar_end','right_sidebar_start','before_right_sidebar_end','comment','guestbook','switch_theme','after_content','before_content','log_write_done','switch_admin_theme','captcha_image') ORDER BY `list_order` ASC [ RunTime:0.000695s ]
[2024-12-06T16:24:55+08:00][sql] SHOW FULL COLUMNS FROM `cmf_plugin` [ RunTime:0.001696s ]
[2024-12-06T16:24:55+08:00][sql] SELECT `config` FROM `cmf_plugin` WHERE  `name` = 'Qiniu' LIMIT 1 [ RunTime:0.000459s ]
[2024-12-06T16:24:55+08:00][sql] SHOW FULL COLUMNS FROM `cmf_theme_file` [ RunTime:0.001538s ]
[2024-12-06T16:24:55+08:00][sql] SELECT `more` FROM `cmf_theme_file` WHERE  `theme` = 'default'  AND (  `is_public` = 1 OR `file` = '../wxshare/user/login' ) [ RunTime:0.000511s ]
[2024-12-06T16:25:01+08:00][sql] CONNECT:[ UseTime:0.000656s ] mysql:host=127.0.0.1;port=3306;dbname=zhibo;charset=utf8mb4
[2024-12-06T16:25:01+08:00][sql] SHOW FULL COLUMNS FROM `cmf_hook` [ RunTime:0.001535s ]
[2024-12-06T16:25:01+08:00][sql] SELECT `hook`,`id` FROM `cmf_hook` WHERE  (  (  `app` = '' OR `app` = 'cmf' )  AND `type` = 3 ) OR `type` = 1 [ RunTime:0.000697s ]
[2024-12-06T16:25:01+08:00][sql] SHOW FULL COLUMNS FROM `cmf_hook_plugin` [ RunTime:0.001368s ]
[2024-12-06T16:25:01+08:00][sql] SELECT `hook`,`plugin` FROM `cmf_hook_plugin` WHERE  `status` = 1  AND `hook` IN ('app_begin','module_init','action_begin','view_filter','app_end','log_write','response_end','admin_init','home_init','send_mobile_verification_code','body_start','before_head_end','footer_start','before_footer','before_footer_end','before_body_end','left_sidebar_start','before_left_sidebar_end','right_sidebar_start','before_right_sidebar_end','comment','guestbook','switch_theme','after_content','before_content','log_write_done','switch_admin_theme','captcha_image') ORDER BY `list_order` ASC [ RunTime:0.000742s ]
[2024-12-06T16:25:01+08:00][sql] SHOW FULL COLUMNS FROM `cmf_plugin` [ RunTime:0.001693s ]
[2024-12-06T16:25:01+08:00][sql] SELECT `config` FROM `cmf_plugin` WHERE  `name` = 'Qiniu' LIMIT 1 [ RunTime:0.000474s ]
[2024-12-06T16:25:01+08:00][sql] SHOW FULL COLUMNS FROM `cmf_live` [ RunTime:0.001742s ]
[2024-12-06T16:25:01+08:00][sql] SELECT * FROM `cmf_live` WHERE  ( islive='1' and isrecommend='1' and type='0' and live_type=0 ) [ RunTime:0.000894s ]
[2024-12-06T16:25:01+08:00][sql] SHOW FULL COLUMNS FROM `cmf_slide_item` [ RunTime:0.001461s ]
[2024-12-06T16:25:01+08:00][sql] SELECT * FROM `cmf_slide_item` WHERE  ( status='1' and slide_id='1' ) ORDER BY `list_order` ASC [ RunTime:0.000558s ]
[2024-12-06T16:25:01+08:00][sql] SHOW FULL COLUMNS FROM `cmf_live_class` [ RunTime:0.001234s ]
[2024-12-06T16:25:01+08:00][sql] SELECT * FROM `cmf_live_class` ORDER BY `list_order` LIMIT 5 [ RunTime:0.000433s ]
[2024-12-06T16:25:01+08:00][sql] SELECT * FROM `cmf_live` WHERE  `islive` = 1  AND `live_type` = 0  AND `liveclassid` = 8 ORDER BY `recommend_time` DESC,`starttime` DESC LIMIT 5 [ RunTime:0.000728s ]
[2024-12-06T16:25:01+08:00][sql] SELECT `uid`,`thumb`,`stream`,`title`,`city`,`islive`,`type` FROM `cmf_live` WHERE  ( islive='1' and ishot='1' and live_type=0 ) ORDER BY `isrecommend` DESC,`recommend_time` DESC,`hotvotes` DESC,`starttime` DESC LIMIT 5 [ RunTime:0.000494s ]
[2024-12-06T16:25:01+08:00][sql] SELECT `uid`,`thumb`,`stream`,`title`,`city`,`islive`,`type` FROM `cmf_live` WHERE  ( islive='1' and live_type=0 ) ORDER BY `starttime` DESC LIMIT 5 [ RunTime:0.000415s ]
[2024-12-06T16:25:01+08:00][sql] SHOW FULL COLUMNS FROM `cmf_theme_file` [ RunTime:0.001537s ]
[2024-12-06T16:25:01+08:00][sql] SELECT `more` FROM `cmf_theme_file` WHERE  `theme` = 'default'  AND (  `is_public` = 1 OR `file` = '../home/index/index' ) [ RunTime:0.000486s ]
[2024-12-06T16:25:02+08:00][sql] CONNECT:[ UseTime:0.000698s ] mysql:host=127.0.0.1;port=3306;dbname=zhibo;charset=utf8mb4
[2024-12-06T16:25:02+08:00][sql] SHOW FULL COLUMNS FROM `cmf_hook` [ RunTime:0.001690s ]
[2024-12-06T16:25:02+08:00][sql] SELECT `hook`,`id` FROM `cmf_hook` WHERE  (  (  `app` = '' OR `app` = 'cmf' )  AND `type` = 3 ) OR `type` = 1 [ RunTime:0.000698s ]
[2024-12-06T16:25:02+08:00][sql] SHOW FULL COLUMNS FROM `cmf_hook_plugin` [ RunTime:0.001388s ]
[2024-12-06T16:25:02+08:00][sql] SELECT `hook`,`plugin` FROM `cmf_hook_plugin` WHERE  `status` = 1  AND `hook` IN ('app_begin','module_init','action_begin','view_filter','app_end','log_write','response_end','admin_init','home_init','send_mobile_verification_code','body_start','before_head_end','footer_start','before_footer','before_footer_end','before_body_end','left_sidebar_start','before_left_sidebar_end','right_sidebar_start','before_right_sidebar_end','comment','guestbook','switch_theme','after_content','before_content','log_write_done','switch_admin_theme','captcha_image') ORDER BY `list_order` ASC [ RunTime:0.000751s ]
[2024-12-06T16:25:02+08:00][sql] SHOW FULL COLUMNS FROM `cmf_plugin` [ RunTime:0.001736s ]
[2024-12-06T16:25:02+08:00][sql] SELECT `config` FROM `cmf_plugin` WHERE  `name` = 'Qiniu' LIMIT 1 [ RunTime:0.000514s ]
[2024-12-06T16:25:02+08:00][sql] CONNECT:[ UseTime:0.000620s ] mysql:host=127.0.0.1;port=3306;dbname=zhibo;charset=utf8mb4
[2024-12-06T16:25:02+08:00][sql] SHOW FULL COLUMNS FROM `cmf_hook` [ RunTime:0.001656s ]
[2024-12-06T16:25:02+08:00][sql] SELECT `hook`,`id` FROM `cmf_hook` WHERE  (  (  `app` = '' OR `app` = 'cmf' )  AND `type` = 3 ) OR `type` = 1 [ RunTime:0.000647s ]
[2024-12-06T16:25:02+08:00][sql] SHOW FULL COLUMNS FROM `cmf_hook_plugin` [ RunTime:0.001339s ]
[2024-12-06T16:25:02+08:00][sql] SELECT `hook`,`plugin` FROM `cmf_hook_plugin` WHERE  `status` = 1  AND `hook` IN ('app_begin','module_init','action_begin','view_filter','app_end','log_write','response_end','admin_init','home_init','send_mobile_verification_code','body_start','before_head_end','footer_start','before_footer','before_footer_end','before_body_end','left_sidebar_start','before_left_sidebar_end','right_sidebar_start','before_right_sidebar_end','comment','guestbook','switch_theme','after_content','before_content','log_write_done','switch_admin_theme','captcha_image') ORDER BY `list_order` ASC [ RunTime:0.000740s ]
[2024-12-06T16:25:02+08:00][sql] SHOW FULL COLUMNS FROM `cmf_plugin` [ RunTime:0.001707s ]
[2024-12-06T16:25:02+08:00][sql] SELECT `config` FROM `cmf_plugin` WHERE  `name` = 'Qiniu' LIMIT 1 [ RunTime:0.000487s ]
[2024-12-06T16:25:02+08:00][sql] SHOW FULL COLUMNS FROM `cmf_slide_item` [ RunTime:0.001618s ]
[2024-12-06T16:25:02+08:00][sql] SELECT * FROM `cmf_slide_item` WHERE  ( status='1' and slide_id='6' ) ORDER BY `list_order` ASC [ RunTime:0.000568s ]
[2024-12-06T16:25:02+08:00][sql] SHOW FULL COLUMNS FROM `cmf_live` [ RunTime:0.001617s ]
[2024-12-06T16:25:02+08:00][sql] SELECT `uid`,`title`,`city`,`stream`,`pull`,`thumb`,`type` FROM `cmf_live` WHERE  `islive` = 1  AND `live_type` = 0  AND `ishot` = 1 ORDER BY `recommend_time` DESC,`starttime` DESC LIMIT 0,20 [ RunTime:0.000697s ]
[2024-12-06T16:25:02+08:00][sql] SHOW FULL COLUMNS FROM `cmf_theme_file` [ RunTime:0.001488s ]
[2024-12-06T16:25:02+08:00][sql] SELECT `more` FROM `cmf_theme_file` WHERE  `theme` = 'default'  AND (  `is_public` = 1 OR `file` = '../wxshare/share/index' ) [ RunTime:0.000528s ]
[2024-12-06T16:25:08+08:00][sql] CONNECT:[ UseTime:0.000640s ] mysql:host=127.0.0.1;port=3306;dbname=zhibo;charset=utf8mb4
[2024-12-06T16:25:08+08:00][sql] SHOW FULL COLUMNS FROM `cmf_hook` [ RunTime:0.001639s ]
[2024-12-06T16:25:08+08:00][sql] SELECT `hook`,`id` FROM `cmf_hook` WHERE  (  (  `app` = '' OR `app` = 'cmf' )  AND `type` = 3 ) OR `type` = 1 [ RunTime:0.000622s ]
[2024-12-06T16:25:08+08:00][sql] SHOW FULL COLUMNS FROM `cmf_hook_plugin` [ RunTime:0.001208s ]
[2024-12-06T16:25:08+08:00][sql] SELECT `hook`,`plugin` FROM `cmf_hook_plugin` WHERE  `status` = 1  AND `hook` IN ('app_begin','module_init','action_begin','view_filter','app_end','log_write','response_end','admin_init','home_init','send_mobile_verification_code','body_start','before_head_end','footer_start','before_footer','before_footer_end','before_body_end','left_sidebar_start','before_left_sidebar_end','right_sidebar_start','before_right_sidebar_end','comment','guestbook','switch_theme','after_content','before_content','log_write_done','switch_admin_theme','captcha_image') ORDER BY `list_order` ASC [ RunTime:0.000684s ]
[2024-12-06T16:25:08+08:00][sql] SHOW FULL COLUMNS FROM `cmf_plugin` [ RunTime:0.001673s ]
[2024-12-06T16:25:08+08:00][sql] SELECT `config` FROM `cmf_plugin` WHERE  `name` = 'Qiniu' LIMIT 1 [ RunTime:0.000478s ]
[2024-12-06T16:25:08+08:00][sql] SHOW FULL COLUMNS FROM `cmf_slide_item` [ RunTime:0.001574s ]
[2024-12-06T16:25:08+08:00][sql] SELECT * FROM `cmf_slide_item` WHERE  ( status='1' and slide_id='6' ) ORDER BY `list_order` ASC [ RunTime:0.000553s ]
[2024-12-06T16:25:08+08:00][sql] SHOW FULL COLUMNS FROM `cmf_live` [ RunTime:0.001562s ]
[2024-12-06T16:25:08+08:00][sql] SELECT `uid`,`title`,`city`,`stream`,`pull`,`thumb`,`type` FROM `cmf_live` WHERE  `islive` = 1  AND `live_type` = 0  AND `ishot` = 1 ORDER BY `recommend_time` DESC,`starttime` DESC LIMIT 0,20 [ RunTime:0.000660s ]
[2024-12-06T16:25:08+08:00][sql] SHOW FULL COLUMNS FROM `cmf_theme_file` [ RunTime:0.001471s ]
[2024-12-06T16:25:08+08:00][sql] SELECT `more` FROM `cmf_theme_file` WHERE  `theme` = 'default'  AND (  `is_public` = 1 OR `file` = '../wxshare/share/index' ) [ RunTime:0.000490s ]
[2024-12-06T16:25:13+08:00][sql] CONNECT:[ UseTime:0.000644s ] mysql:host=127.0.0.1;port=3306;dbname=zhibo;charset=utf8mb4
[2024-12-06T16:25:13+08:00][sql] SHOW FULL COLUMNS FROM `cmf_hook` [ RunTime:0.001583s ]
[2024-12-06T16:25:13+08:00][sql] SELECT `hook`,`id` FROM `cmf_hook` WHERE  (  (  `app` = '' OR `app` = 'cmf' )  AND `type` = 3 ) OR `type` = 1 [ RunTime:0.000605s ]
[2024-12-06T16:25:13+08:00][sql] SHOW FULL COLUMNS FROM `cmf_hook_plugin` [ RunTime:0.001243s ]
[2024-12-06T16:25:13+08:00][sql] SELECT `hook`,`plugin` FROM `cmf_hook_plugin` WHERE  `status` = 1  AND `hook` IN ('app_begin','module_init','action_begin','view_filter','app_end','log_write','response_end','admin_init','home_init','send_mobile_verification_code','body_start','before_head_end','footer_start','before_footer','before_footer_end','before_body_end','left_sidebar_start','before_left_sidebar_end','right_sidebar_start','before_right_sidebar_end','comment','guestbook','switch_theme','after_content','before_content','log_write_done','switch_admin_theme','captcha_image') ORDER BY `list_order` ASC [ RunTime:0.000674s ]
[2024-12-06T16:25:13+08:00][sql] CONNECT:[ UseTime:0.000657s ] mysql:host=127.0.0.1;port=3306;dbname=zhibo;charset=utf8mb4
[2024-12-06T16:25:13+08:00][sql] SHOW FULL COLUMNS FROM `cmf_hook` [ RunTime:0.001583s ]
[2024-12-06T16:25:13+08:00][sql] SELECT `hook`,`id` FROM `cmf_hook` WHERE  (  (  `app` = '' OR `app` = 'cmf' )  AND `type` = 3 ) OR `type` = 1 [ RunTime:0.000615s ]
[2024-12-06T16:25:13+08:00][sql] SHOW FULL COLUMNS FROM `cmf_hook_plugin` [ RunTime:0.001268s ]
[2024-12-06T16:25:13+08:00][sql] SELECT `hook`,`plugin` FROM `cmf_hook_plugin` WHERE  `status` = 1  AND `hook` IN ('app_begin','module_init','action_begin','view_filter','app_end','log_write','response_end','admin_init','home_init','send_mobile_verification_code','body_start','before_head_end','footer_start','before_footer','before_footer_end','before_body_end','left_sidebar_start','before_left_sidebar_end','right_sidebar_start','before_right_sidebar_end','comment','guestbook','switch_theme','after_content','before_content','log_write_done','switch_admin_theme','captcha_image') ORDER BY `list_order` ASC [ RunTime:0.000715s ]
[2024-12-06T16:25:15+08:00][sql] CONNECT:[ UseTime:0.000636s ] mysql:host=127.0.0.1;port=3306;dbname=zhibo;charset=utf8mb4
[2024-12-06T16:25:15+08:00][sql] SHOW FULL COLUMNS FROM `cmf_hook` [ RunTime:0.001619s ]
[2024-12-06T16:25:15+08:00][sql] SELECT `hook`,`id` FROM `cmf_hook` WHERE  (  (  `app` = '' OR `app` = 'cmf' )  AND `type` = 3 ) OR `type` = 1 [ RunTime:0.000703s ]
[2024-12-06T16:25:15+08:00][sql] SHOW FULL COLUMNS FROM `cmf_hook_plugin` [ RunTime:0.001303s ]
[2024-12-06T16:25:15+08:00][sql] SELECT `hook`,`plugin` FROM `cmf_hook_plugin` WHERE  `status` = 1  AND `hook` IN ('app_begin','module_init','action_begin','view_filter','app_end','log_write','response_end','admin_init','home_init','send_mobile_verification_code','body_start','before_head_end','footer_start','before_footer','before_footer_end','before_body_end','left_sidebar_start','before_left_sidebar_end','right_sidebar_start','before_right_sidebar_end','comment','guestbook','switch_theme','after_content','before_content','log_write_done','switch_admin_theme','captcha_image') ORDER BY `list_order` ASC [ RunTime:0.000765s ]
[2024-12-06T16:25:15+08:00][sql] SHOW FULL COLUMNS FROM `cmf_plugin` [ RunTime:0.001835s ]
[2024-12-06T16:25:15+08:00][sql] SELECT `config` FROM `cmf_plugin` WHERE  `name` = 'Qiniu' LIMIT 1 [ RunTime:0.000492s ]
[2024-12-06T16:25:15+08:00][sql] SHOW FULL COLUMNS FROM `cmf_theme_file` [ RunTime:0.001725s ]
[2024-12-06T16:25:15+08:00][sql] SELECT `more` FROM `cmf_theme_file` WHERE  `theme` = 'default'  AND (  `is_public` = 1 OR `file` = '../wxshare/user/login' ) [ RunTime:0.000552s ]
[2024-12-06T16:25:17+08:00][sql] CONNECT:[ UseTime:0.000621s ] mysql:host=127.0.0.1;port=3306;dbname=zhibo;charset=utf8mb4
[2024-12-06T16:25:17+08:00][sql] SHOW FULL COLUMNS FROM `cmf_hook` [ RunTime:0.001535s ]
[2024-12-06T16:25:17+08:00][sql] SELECT `hook`,`id` FROM `cmf_hook` WHERE  (  (  `app` = '' OR `app` = 'cmf' )  AND `type` = 3 ) OR `type` = 1 [ RunTime:0.000602s ]
[2024-12-06T16:25:17+08:00][sql] SHOW FULL COLUMNS FROM `cmf_hook_plugin` [ RunTime:0.001204s ]
[2024-12-06T16:25:17+08:00][sql] SELECT `hook`,`plugin` FROM `cmf_hook_plugin` WHERE  `status` = 1  AND `hook` IN ('app_begin','module_init','action_begin','view_filter','app_end','log_write','response_end','admin_init','home_init','send_mobile_verification_code','body_start','before_head_end','footer_start','before_footer','before_footer_end','before_body_end','left_sidebar_start','before_left_sidebar_end','right_sidebar_start','before_right_sidebar_end','comment','guestbook','switch_theme','after_content','before_content','log_write_done','switch_admin_theme','captcha_image') ORDER BY `list_order` ASC [ RunTime:0.000660s ]
[2024-12-06T16:25:17+08:00][sql] SHOW FULL COLUMNS FROM `cmf_plugin` [ RunTime:0.001677s ]
[2024-12-06T16:25:17+08:00][sql] SELECT `config` FROM `cmf_plugin` WHERE  `name` = 'Qiniu' LIMIT 1 [ RunTime:0.000474s ]
[2024-12-06T16:25:17+08:00][sql] SHOW FULL COLUMNS FROM `cmf_slide_item` [ RunTime:0.001522s ]
[2024-12-06T16:25:17+08:00][sql] SELECT * FROM `cmf_slide_item` WHERE  ( status='1' and slide_id='6' ) ORDER BY `list_order` ASC [ RunTime:0.000556s ]
[2024-12-06T16:25:17+08:00][sql] SHOW FULL COLUMNS FROM `cmf_live` [ RunTime:0.001516s ]
[2024-12-06T16:25:17+08:00][sql] SELECT `uid`,`title`,`city`,`stream`,`pull`,`thumb`,`type` FROM `cmf_live` WHERE  `islive` = 1  AND `live_type` = 0  AND `ishot` = 1 ORDER BY `recommend_time` DESC,`starttime` DESC LIMIT 0,20 [ RunTime:0.000634s ]
[2024-12-06T16:25:17+08:00][sql] SHOW FULL COLUMNS FROM `cmf_theme_file` [ RunTime:0.001501s ]
[2024-12-06T16:25:17+08:00][sql] SELECT `more` FROM `cmf_theme_file` WHERE  `theme` = 'default'  AND (  `is_public` = 1 OR `file` = '../wxshare/share/index' ) [ RunTime:0.000513s ]
[2024-12-06T17:02:07+08:00][sql] CONNECT:[ UseTime:0.000634s ] mysql:host=127.0.0.1;port=3306;dbname=zhibo;charset=utf8mb4
[2024-12-06T17:02:07+08:00][sql] SHOW FULL COLUMNS FROM `cmf_hook` [ RunTime:0.001501s ]
[2024-12-06T17:02:07+08:00][sql] SELECT `hook`,`id` FROM `cmf_hook` WHERE  (  (  `app` = '' OR `app` = 'cmf' )  AND `type` = 3 ) OR `type` = 1 [ RunTime:0.000655s ]
[2024-12-06T17:02:07+08:00][sql] SHOW FULL COLUMNS FROM `cmf_hook_plugin` [ RunTime:0.001203s ]
[2024-12-06T17:02:07+08:00][sql] SELECT `hook`,`plugin` FROM `cmf_hook_plugin` WHERE  `status` = 1  AND `hook` IN ('app_begin','module_init','action_begin','view_filter','app_end','log_write','response_end','admin_init','home_init','send_mobile_verification_code','body_start','before_head_end','footer_start','before_footer','before_footer_end','before_body_end','left_sidebar_start','before_left_sidebar_end','right_sidebar_start','before_right_sidebar_end','comment','guestbook','switch_theme','after_content','before_content','log_write_done','switch_admin_theme','captcha_image') ORDER BY `list_order` ASC [ RunTime:0.000669s ]
[2024-12-06T17:02:07+08:00][sql] SELECT `hook` FROM `cmf_hook` WHERE  `app` = 'portal' [ RunTime:0.000749s ]
[2024-12-06T17:02:07+08:00][sql] SELECT `hook`,`plugin` FROM `cmf_hook_plugin` WHERE  `status` = 1  AND 0 = 1 ORDER BY `list_order` ASC [ RunTime:0.000344s ]
[2024-12-06T17:02:07+08:00][sql] SHOW FULL COLUMNS FROM `cmf_plugin` [ RunTime:0.001683s ]
[2024-12-06T17:02:07+08:00][sql] SELECT `config` FROM `cmf_plugin` WHERE  `name` = 'Qiniu' LIMIT 1 [ RunTime:0.000448s ]
[2024-12-06T17:02:07+08:00][sql] SHOW FULL COLUMNS FROM `cmf_portal_post` [ RunTime:0.001598s ]
[2024-12-06T17:02:07+08:00][sql] SELECT * FROM `cmf_portal_post` WHERE  `id` = 10 LIMIT 1 [ RunTime:0.000483s ]
[2024-12-06T17:02:07+08:00][sql] SHOW FULL COLUMNS FROM `cmf_theme_file` [ RunTime:0.001470s ]
[2024-12-06T17:02:07+08:00][sql] SELECT `more` FROM `cmf_theme_file` WHERE  `theme` = 'default'  AND (  `is_public` = 1 OR `file` = '../portal/page/index' ) [ RunTime:0.000569s ]
[2024-12-06T17:02:20+08:00][sql] CONNECT:[ UseTime:0.000644s ] mysql:host=127.0.0.1;port=3306;dbname=zhibo;charset=utf8mb4
[2024-12-06T17:02:20+08:00][sql] SHOW FULL COLUMNS FROM `cmf_hook` [ RunTime:0.001480s ]
[2024-12-06T17:02:20+08:00][sql] SELECT `hook`,`id` FROM `cmf_hook` WHERE  (  (  `app` = '' OR `app` = 'cmf' )  AND `type` = 3 ) OR `type` = 1 [ RunTime:0.000688s ]
[2024-12-06T17:02:20+08:00][sql] SHOW FULL COLUMNS FROM `cmf_hook_plugin` [ RunTime:0.001238s ]
[2024-12-06T17:02:20+08:00][sql] SELECT `hook`,`plugin` FROM `cmf_hook_plugin` WHERE  `status` = 1  AND `hook` IN ('app_begin','module_init','action_begin','view_filter','app_end','log_write','response_end','admin_init','home_init','send_mobile_verification_code','body_start','before_head_end','footer_start','before_footer','before_footer_end','before_body_end','left_sidebar_start','before_left_sidebar_end','right_sidebar_start','before_right_sidebar_end','comment','guestbook','switch_theme','after_content','before_content','log_write_done','switch_admin_theme','captcha_image') ORDER BY `list_order` ASC [ RunTime:0.000741s ]
[2024-12-06T17:02:20+08:00][sql] SHOW FULL COLUMNS FROM `cmf_plugin` [ RunTime:0.001710s ]
[2024-12-06T17:02:20+08:00][sql] SELECT `config` FROM `cmf_plugin` WHERE  `name` = 'Qiniu' LIMIT 1 [ RunTime:0.000440s ]
[2024-12-06T17:02:20+08:00][sql] SHOW FULL COLUMNS FROM `cmf_portal_post` [ RunTime:0.001581s ]
[2024-12-06T17:02:20+08:00][sql] SELECT * FROM `cmf_portal_post` WHERE  `id` = 10 LIMIT 1 [ RunTime:0.000520s ]
[2024-12-06T17:02:20+08:00][sql] SHOW FULL COLUMNS FROM `cmf_theme_file` [ RunTime:0.001534s ]
[2024-12-06T17:02:20+08:00][sql] SELECT `more` FROM `cmf_theme_file` WHERE  `theme` = 'default'  AND (  `is_public` = 1 OR `file` = '../portal/page/index' ) [ RunTime:0.000508s ]
[2024-12-06T17:02:25+08:00][sql] CONNECT:[ UseTime:0.000716s ] mysql:host=127.0.0.1;port=3306;dbname=zhibo;charset=utf8mb4
[2024-12-06T17:02:25+08:00][sql] SHOW FULL COLUMNS FROM `cmf_hook` [ RunTime:0.001535s ]
[2024-12-06T17:02:25+08:00][sql] SELECT `hook`,`id` FROM `cmf_hook` WHERE  (  (  `app` = '' OR `app` = 'cmf' )  AND `type` = 3 ) OR `type` = 1 [ RunTime:0.000604s ]
[2024-12-06T17:02:25+08:00][sql] SHOW FULL COLUMNS FROM `cmf_hook_plugin` [ RunTime:0.001251s ]
[2024-12-06T17:02:25+08:00][sql] SELECT `hook`,`plugin` FROM `cmf_hook_plugin` WHERE  `status` = 1  AND `hook` IN ('app_begin','module_init','action_begin','view_filter','app_end','log_write','response_end','admin_init','home_init','send_mobile_verification_code','body_start','before_head_end','footer_start','before_footer','before_footer_end','before_body_end','left_sidebar_start','before_left_sidebar_end','right_sidebar_start','before_right_sidebar_end','comment','guestbook','switch_theme','after_content','before_content','log_write_done','switch_admin_theme','captcha_image') ORDER BY `list_order` ASC [ RunTime:0.000663s ]
[2024-12-06T17:02:25+08:00][sql] SELECT `hook` FROM `cmf_hook` WHERE  `app` = 'appapi' [ RunTime:0.000701s ]
[2024-12-06T17:02:25+08:00][sql] SELECT `hook`,`plugin` FROM `cmf_hook_plugin` WHERE  `status` = 1  AND 0 = 1 ORDER BY `list_order` ASC [ RunTime:0.000353s ]
[2024-12-06T17:02:25+08:00][sql] SHOW FULL COLUMNS FROM `cmf_plugin` [ RunTime:0.001671s ]
[2024-12-06T17:02:25+08:00][sql] SELECT `config` FROM `cmf_plugin` WHERE  `name` = 'Qiniu' LIMIT 1 [ RunTime:0.000484s ]
[2024-12-06T17:02:25+08:00][sql] SHOW FULL COLUMNS FROM `cmf_theme_file` [ RunTime:0.001579s ]
[2024-12-06T17:02:25+08:00][sql] SELECT `more` FROM `cmf_theme_file` WHERE  `theme` = 'default'  AND (  `is_public` = 1 OR `file` = '../appapi/feedback/index' ) [ RunTime:0.000575s ]
[2024-12-06T17:02:33+08:00][sql] CONNECT:[ UseTime:0.000621s ] mysql:host=127.0.0.1;port=3306;dbname=zhibo;charset=utf8mb4
[2024-12-06T17:02:33+08:00][sql] SHOW FULL COLUMNS FROM `cmf_hook` [ RunTime:0.001592s ]
[2024-12-06T17:02:33+08:00][sql] SELECT `hook`,`id` FROM `cmf_hook` WHERE  (  (  `app` = '' OR `app` = 'cmf' )  AND `type` = 3 ) OR `type` = 1 [ RunTime:0.000601s ]
[2024-12-06T17:02:33+08:00][sql] SHOW FULL COLUMNS FROM `cmf_hook_plugin` [ RunTime:0.001242s ]
[2024-12-06T17:02:33+08:00][sql] SELECT `hook`,`plugin` FROM `cmf_hook_plugin` WHERE  `status` = 1  AND `hook` IN ('app_begin','module_init','action_begin','view_filter','app_end','log_write','response_end','admin_init','home_init','send_mobile_verification_code','body_start','before_head_end','footer_start','before_footer','before_footer_end','before_body_end','left_sidebar_start','before_left_sidebar_end','right_sidebar_start','before_right_sidebar_end','comment','guestbook','switch_theme','after_content','before_content','log_write_done','switch_admin_theme','captcha_image') ORDER BY `list_order` ASC [ RunTime:0.000668s ]
[2024-12-06T17:02:33+08:00][sql] SHOW FULL COLUMNS FROM `cmf_plugin` [ RunTime:0.001776s ]
[2024-12-06T17:02:33+08:00][sql] SELECT `config` FROM `cmf_plugin` WHERE  `name` = 'Qiniu' LIMIT 1 [ RunTime:0.000454s ]
[2024-12-06T17:02:33+08:00][sql] SHOW FULL COLUMNS FROM `cmf_portal_post` [ RunTime:0.001558s ]
[2024-12-06T17:02:33+08:00][sql] SELECT * FROM `cmf_portal_post` WHERE  `id` = 4 LIMIT 1 [ RunTime:0.000500s ]
[2024-12-06T17:02:33+08:00][sql] SHOW FULL COLUMNS FROM `cmf_theme_file` [ RunTime:0.001464s ]
[2024-12-06T17:02:33+08:00][sql] SELECT `more` FROM `cmf_theme_file` WHERE  `theme` = 'default'  AND (  `is_public` = 1 OR `file` = '../portal/page/index' ) [ RunTime:0.000502s ]
[2024-12-06T17:02:35+08:00][sql] CONNECT:[ UseTime:0.000660s ] mysql:host=127.0.0.1;port=3306;dbname=zhibo;charset=utf8mb4
[2024-12-06T17:02:35+08:00][sql] SHOW FULL COLUMNS FROM `cmf_hook` [ RunTime:0.001495s ]
[2024-12-06T17:02:35+08:00][sql] SELECT `hook`,`id` FROM `cmf_hook` WHERE  (  (  `app` = '' OR `app` = 'cmf' )  AND `type` = 3 ) OR `type` = 1 [ RunTime:0.000601s ]
[2024-12-06T17:02:35+08:00][sql] SHOW FULL COLUMNS FROM `cmf_hook_plugin` [ RunTime:0.001197s ]
[2024-12-06T17:02:35+08:00][sql] SELECT `hook`,`plugin` FROM `cmf_hook_plugin` WHERE  `status` = 1  AND `hook` IN ('app_begin','module_init','action_begin','view_filter','app_end','log_write','response_end','admin_init','home_init','send_mobile_verification_code','body_start','before_head_end','footer_start','before_footer','before_footer_end','before_body_end','left_sidebar_start','before_left_sidebar_end','right_sidebar_start','before_right_sidebar_end','comment','guestbook','switch_theme','after_content','before_content','log_write_done','switch_admin_theme','captcha_image') ORDER BY `list_order` ASC [ RunTime:0.000661s ]
[2024-12-06T17:02:35+08:00][sql] SHOW FULL COLUMNS FROM `cmf_plugin` [ RunTime:0.001691s ]
[2024-12-06T17:02:35+08:00][sql] SELECT `config` FROM `cmf_plugin` WHERE  `name` = 'Qiniu' LIMIT 1 [ RunTime:0.000420s ]
[2024-12-06T17:02:35+08:00][sql] SHOW FULL COLUMNS FROM `cmf_portal_post` [ RunTime:0.001560s ]
[2024-12-06T17:02:35+08:00][sql] SELECT * FROM `cmf_portal_post` WHERE  `id` = 3 LIMIT 1 [ RunTime:0.000536s ]
[2024-12-06T17:02:35+08:00][sql] SHOW FULL COLUMNS FROM `cmf_theme_file` [ RunTime:0.001493s ]
[2024-12-06T17:02:35+08:00][sql] SELECT `more` FROM `cmf_theme_file` WHERE  `theme` = 'default'  AND (  `is_public` = 1 OR `file` = '../portal/page/index' ) [ RunTime:0.000496s ]
[2024-12-06T17:02:37+08:00][sql] CONNECT:[ UseTime:0.000671s ] mysql:host=127.0.0.1;port=3306;dbname=zhibo;charset=utf8mb4
[2024-12-06T17:02:37+08:00][sql] SHOW FULL COLUMNS FROM `cmf_hook` [ RunTime:0.001530s ]
[2024-12-06T17:02:37+08:00][sql] SELECT `hook`,`id` FROM `cmf_hook` WHERE  (  (  `app` = '' OR `app` = 'cmf' )  AND `type` = 3 ) OR `type` = 1 [ RunTime:0.000610s ]
[2024-12-06T17:02:37+08:00][sql] SHOW FULL COLUMNS FROM `cmf_hook_plugin` [ RunTime:0.001229s ]
[2024-12-06T17:02:37+08:00][sql] SELECT `hook`,`plugin` FROM `cmf_hook_plugin` WHERE  `status` = 1  AND `hook` IN ('app_begin','module_init','action_begin','view_filter','app_end','log_write','response_end','admin_init','home_init','send_mobile_verification_code','body_start','before_head_end','footer_start','before_footer','before_footer_end','before_body_end','left_sidebar_start','before_left_sidebar_end','right_sidebar_start','before_right_sidebar_end','comment','guestbook','switch_theme','after_content','before_content','log_write_done','switch_admin_theme','captcha_image') ORDER BY `list_order` ASC [ RunTime:0.000670s ]
[2024-12-06T17:02:37+08:00][sql] SHOW FULL COLUMNS FROM `cmf_plugin` [ RunTime:0.001824s ]
[2024-12-06T17:02:37+08:00][sql] SELECT `config` FROM `cmf_plugin` WHERE  `name` = 'Qiniu' LIMIT 1 [ RunTime:0.000500s ]
[2024-12-06T17:02:37+08:00][sql] SHOW FULL COLUMNS FROM `cmf_portal_post` [ RunTime:0.001661s ]
[2024-12-06T17:02:37+08:00][sql] SELECT * FROM `cmf_portal_post` WHERE  `id` = 2 LIMIT 1 [ RunTime:0.000546s ]
[2024-12-06T17:02:37+08:00][sql] SHOW FULL COLUMNS FROM `cmf_theme_file` [ RunTime:0.001486s ]
[2024-12-06T17:02:37+08:00][sql] SELECT `more` FROM `cmf_theme_file` WHERE  `theme` = 'default'  AND (  `is_public` = 1 OR `file` = '../portal/page/index' ) [ RunTime:0.000544s ]
[2024-12-06T17:02:39+08:00][sql] CONNECT:[ UseTime:0.000647s ] mysql:host=127.0.0.1;port=3306;dbname=zhibo;charset=utf8mb4
[2024-12-06T17:02:39+08:00][sql] SHOW FULL COLUMNS FROM `cmf_hook` [ RunTime:0.001551s ]
[2024-12-06T17:02:39+08:00][sql] SELECT `hook`,`id` FROM `cmf_hook` WHERE  (  (  `app` = '' OR `app` = 'cmf' )  AND `type` = 3 ) OR `type` = 1 [ RunTime:0.000712s ]
[2024-12-06T17:02:39+08:00][sql] SHOW FULL COLUMNS FROM `cmf_hook_plugin` [ RunTime:0.001297s ]
[2024-12-06T17:02:39+08:00][sql] SELECT `hook`,`plugin` FROM `cmf_hook_plugin` WHERE  `status` = 1  AND `hook` IN ('app_begin','module_init','action_begin','view_filter','app_end','log_write','response_end','admin_init','home_init','send_mobile_verification_code','body_start','before_head_end','footer_start','before_footer','before_footer_end','before_body_end','left_sidebar_start','before_left_sidebar_end','right_sidebar_start','before_right_sidebar_end','comment','guestbook','switch_theme','after_content','before_content','log_write_done','switch_admin_theme','captcha_image') ORDER BY `list_order` ASC [ RunTime:0.000778s ]
[2024-12-06T17:02:39+08:00][sql] SHOW FULL COLUMNS FROM `cmf_plugin` [ RunTime:0.001782s ]
[2024-12-06T17:02:39+08:00][sql] SELECT `config` FROM `cmf_plugin` WHERE  `name` = 'Qiniu' LIMIT 1 [ RunTime:0.000486s ]
[2024-12-06T17:02:39+08:00][sql] SHOW FULL COLUMNS FROM `cmf_portal_post` [ RunTime:0.001614s ]
[2024-12-06T17:02:39+08:00][sql] SELECT * FROM `cmf_portal_post` WHERE  `id` = 5 LIMIT 1 [ RunTime:0.000555s ]
[2024-12-06T17:02:39+08:00][sql] SHOW FULL COLUMNS FROM `cmf_theme_file` [ RunTime:0.001522s ]
[2024-12-06T17:02:39+08:00][sql] SELECT `more` FROM `cmf_theme_file` WHERE  `theme` = 'default'  AND (  `is_public` = 1 OR `file` = '../portal/page/index' ) [ RunTime:0.000591s ]
[2024-12-06T17:02:45+08:00][sql] CONNECT:[ UseTime:0.000675s ] mysql:host=127.0.0.1;port=3306;dbname=zhibo;charset=utf8mb4
[2024-12-06T17:02:45+08:00][sql] SHOW FULL COLUMNS FROM `cmf_hook` [ RunTime:0.001522s ]
[2024-12-06T17:02:45+08:00][sql] SELECT `hook`,`id` FROM `cmf_hook` WHERE  (  (  `app` = '' OR `app` = 'cmf' )  AND `type` = 3 ) OR `type` = 1 [ RunTime:0.000640s ]
[2024-12-06T17:02:45+08:00][sql] SHOW FULL COLUMNS FROM `cmf_hook_plugin` [ RunTime:0.001240s ]
[2024-12-06T17:02:45+08:00][sql] SELECT `hook`,`plugin` FROM `cmf_hook_plugin` WHERE  `status` = 1  AND `hook` IN ('app_begin','module_init','action_begin','view_filter','app_end','log_write','response_end','admin_init','home_init','send_mobile_verification_code','body_start','before_head_end','footer_start','before_footer','before_footer_end','before_body_end','left_sidebar_start','before_left_sidebar_end','right_sidebar_start','before_right_sidebar_end','comment','guestbook','switch_theme','after_content','before_content','log_write_done','switch_admin_theme','captcha_image') ORDER BY `list_order` ASC [ RunTime:0.000717s ]
[2024-12-06T17:02:45+08:00][sql] SHOW FULL COLUMNS FROM `cmf_plugin` [ RunTime:0.001670s ]
[2024-12-06T17:02:45+08:00][sql] SELECT `config` FROM `cmf_plugin` WHERE  `name` = 'Qiniu' LIMIT 1 [ RunTime:0.000458s ]
[2024-12-06T17:02:45+08:00][sql] SHOW FULL COLUMNS FROM `cmf_portal_post` [ RunTime:0.001593s ]
[2024-12-06T17:02:45+08:00][sql] SELECT * FROM `cmf_portal_post` WHERE  `id` = 3 LIMIT 1 [ RunTime:0.000485s ]
[2024-12-06T17:02:45+08:00][sql] SHOW FULL COLUMNS FROM `cmf_theme_file` [ RunTime:0.001492s ]
[2024-12-06T17:02:45+08:00][sql] SELECT `more` FROM `cmf_theme_file` WHERE  `theme` = 'default'  AND (  `is_public` = 1 OR `file` = '../portal/page/index' ) [ RunTime:0.000556s ]
[2024-12-06T17:02:49+08:00][sql] CONNECT:[ UseTime:0.000616s ] mysql:host=127.0.0.1;port=3306;dbname=zhibo;charset=utf8mb4
[2024-12-06T17:02:49+08:00][sql] SHOW FULL COLUMNS FROM `cmf_hook` [ RunTime:0.001569s ]
[2024-12-06T17:02:49+08:00][sql] SELECT `hook`,`id` FROM `cmf_hook` WHERE  (  (  `app` = '' OR `app` = 'cmf' )  AND `type` = 3 ) OR `type` = 1 [ RunTime:0.000666s ]
[2024-12-06T17:02:49+08:00][sql] SHOW FULL COLUMNS FROM `cmf_hook_plugin` [ RunTime:0.001266s ]
[2024-12-06T17:02:49+08:00][sql] SELECT `hook`,`plugin` FROM `cmf_hook_plugin` WHERE  `status` = 1  AND `hook` IN ('app_begin','module_init','action_begin','view_filter','app_end','log_write','response_end','admin_init','home_init','send_mobile_verification_code','body_start','before_head_end','footer_start','before_footer','before_footer_end','before_body_end','left_sidebar_start','before_left_sidebar_end','right_sidebar_start','before_right_sidebar_end','comment','guestbook','switch_theme','after_content','before_content','log_write_done','switch_admin_theme','captcha_image') ORDER BY `list_order` ASC [ RunTime:0.000720s ]
[2024-12-06T17:02:49+08:00][sql] SHOW FULL COLUMNS FROM `cmf_plugin` [ RunTime:0.001718s ]
[2024-12-06T17:02:49+08:00][sql] SELECT `config` FROM `cmf_plugin` WHERE  `name` = 'Qiniu' LIMIT 1 [ RunTime:0.000513s ]
[2024-12-06T17:02:49+08:00][sql] SHOW FULL COLUMNS FROM `cmf_portal_post` [ RunTime:0.001651s ]
[2024-12-06T17:02:49+08:00][sql] SELECT * FROM `cmf_portal_post` WHERE  `id` = 2 LIMIT 1 [ RunTime:0.000556s ]
[2024-12-06T17:02:49+08:00][sql] SHOW FULL COLUMNS FROM `cmf_theme_file` [ RunTime:0.001535s ]
[2024-12-06T17:02:49+08:00][sql] SELECT `more` FROM `cmf_theme_file` WHERE  `theme` = 'default'  AND (  `is_public` = 1 OR `file` = '../portal/page/index' ) [ RunTime:0.000563s ]
[2024-12-06T17:02:51+08:00][sql] CONNECT:[ UseTime:0.000638s ] mysql:host=127.0.0.1;port=3306;dbname=zhibo;charset=utf8mb4
[2024-12-06T17:02:51+08:00][sql] SHOW FULL COLUMNS FROM `cmf_hook` [ RunTime:0.001501s ]
[2024-12-06T17:02:51+08:00][sql] SELECT `hook`,`id` FROM `cmf_hook` WHERE  (  (  `app` = '' OR `app` = 'cmf' )  AND `type` = 3 ) OR `type` = 1 [ RunTime:0.000662s ]
[2024-12-06T17:02:51+08:00][sql] SHOW FULL COLUMNS FROM `cmf_hook_plugin` [ RunTime:0.001210s ]
[2024-12-06T17:02:51+08:00][sql] SELECT `hook`,`plugin` FROM `cmf_hook_plugin` WHERE  `status` = 1  AND `hook` IN ('app_begin','module_init','action_begin','view_filter','app_end','log_write','response_end','admin_init','home_init','send_mobile_verification_code','body_start','before_head_end','footer_start','before_footer','before_footer_end','before_body_end','left_sidebar_start','before_left_sidebar_end','right_sidebar_start','before_right_sidebar_end','comment','guestbook','switch_theme','after_content','before_content','log_write_done','switch_admin_theme','captcha_image') ORDER BY `list_order` ASC [ RunTime:0.000678s ]
[2024-12-06T17:02:51+08:00][sql] SHOW FULL COLUMNS FROM `cmf_plugin` [ RunTime:0.001701s ]
[2024-12-06T17:02:51+08:00][sql] SELECT `config` FROM `cmf_plugin` WHERE  `name` = 'Qiniu' LIMIT 1 [ RunTime:0.000488s ]
[2024-12-06T17:02:51+08:00][sql] SHOW FULL COLUMNS FROM `cmf_portal_post` [ RunTime:0.001541s ]
[2024-12-06T17:02:51+08:00][sql] SELECT * FROM `cmf_portal_post` WHERE  `id` = 4 LIMIT 1 [ RunTime:0.000540s ]
[2024-12-06T17:02:51+08:00][sql] SHOW FULL COLUMNS FROM `cmf_theme_file` [ RunTime:0.001521s ]
[2024-12-06T17:02:51+08:00][sql] SELECT `more` FROM `cmf_theme_file` WHERE  `theme` = 'default'  AND (  `is_public` = 1 OR `file` = '../portal/page/index' ) [ RunTime:0.000487s ]
[2024-12-06T17:02:54+08:00][sql] CONNECT:[ UseTime:0.000673s ] mysql:host=127.0.0.1;port=3306;dbname=zhibo;charset=utf8mb4
[2024-12-06T17:02:54+08:00][sql] SHOW FULL COLUMNS FROM `cmf_hook` [ RunTime:0.001519s ]
[2024-12-06T17:02:54+08:00][sql] SELECT `hook`,`id` FROM `cmf_hook` WHERE  (  (  `app` = '' OR `app` = 'cmf' )  AND `type` = 3 ) OR `type` = 1 [ RunTime:0.000627s ]
[2024-12-06T17:02:54+08:00][sql] SHOW FULL COLUMNS FROM `cmf_hook_plugin` [ RunTime:0.001236s ]
[2024-12-06T17:02:54+08:00][sql] SELECT `hook`,`plugin` FROM `cmf_hook_plugin` WHERE  `status` = 1  AND `hook` IN ('app_begin','module_init','action_begin','view_filter','app_end','log_write','response_end','admin_init','home_init','send_mobile_verification_code','body_start','before_head_end','footer_start','before_footer','before_footer_end','before_body_end','left_sidebar_start','before_left_sidebar_end','right_sidebar_start','before_right_sidebar_end','comment','guestbook','switch_theme','after_content','before_content','log_write_done','switch_admin_theme','captcha_image') ORDER BY `list_order` ASC [ RunTime:0.000733s ]
[2024-12-06T17:02:54+08:00][sql] SHOW FULL COLUMNS FROM `cmf_plugin` [ RunTime:0.001733s ]
[2024-12-06T17:02:54+08:00][sql] SELECT `config` FROM `cmf_plugin` WHERE  `name` = 'Qiniu' LIMIT 1 [ RunTime:0.000499s ]
[2024-12-06T17:02:54+08:00][sql] SHOW FULL COLUMNS FROM `cmf_portal_post` [ RunTime:0.001531s ]
[2024-12-06T17:02:54+08:00][sql] SELECT * FROM `cmf_portal_post` WHERE  `id` = 10 LIMIT 1 [ RunTime:0.000499s ]
[2024-12-06T17:02:54+08:00][sql] SHOW FULL COLUMNS FROM `cmf_theme_file` [ RunTime:0.001517s ]
[2024-12-06T17:02:54+08:00][sql] SELECT `more` FROM `cmf_theme_file` WHERE  `theme` = 'default'  AND (  `is_public` = 1 OR `file` = '../portal/page/index' ) [ RunTime:0.000494s ]
[2024-12-06T17:02:55+08:00][sql] CONNECT:[ UseTime:0.000643s ] mysql:host=127.0.0.1;port=3306;dbname=zhibo;charset=utf8mb4
[2024-12-06T17:02:55+08:00][sql] SHOW FULL COLUMNS FROM `cmf_hook` [ RunTime:0.001538s ]
[2024-12-06T17:02:55+08:00][sql] SELECT `hook`,`id` FROM `cmf_hook` WHERE  (  (  `app` = '' OR `app` = 'cmf' )  AND `type` = 3 ) OR `type` = 1 [ RunTime:0.000616s ]
[2024-12-06T17:02:55+08:00][sql] SHOW FULL COLUMNS FROM `cmf_hook_plugin` [ RunTime:0.001288s ]
[2024-12-06T17:02:55+08:00][sql] SELECT `hook`,`plugin` FROM `cmf_hook_plugin` WHERE  `status` = 1  AND `hook` IN ('app_begin','module_init','action_begin','view_filter','app_end','log_write','response_end','admin_init','home_init','send_mobile_verification_code','body_start','before_head_end','footer_start','before_footer','before_footer_end','before_body_end','left_sidebar_start','before_left_sidebar_end','right_sidebar_start','before_right_sidebar_end','comment','guestbook','switch_theme','after_content','before_content','log_write_done','switch_admin_theme','captcha_image') ORDER BY `list_order` ASC [ RunTime:0.000664s ]
[2024-12-06T17:02:55+08:00][sql] SHOW FULL COLUMNS FROM `cmf_plugin` [ RunTime:0.001715s ]
[2024-12-06T17:02:55+08:00][sql] SELECT `config` FROM `cmf_plugin` WHERE  `name` = 'Qiniu' LIMIT 1 [ RunTime:0.000440s ]
[2024-12-06T17:02:55+08:00][sql] SHOW FULL COLUMNS FROM `cmf_theme_file` [ RunTime:0.001573s ]
[2024-12-06T17:02:55+08:00][sql] SELECT `more` FROM `cmf_theme_file` WHERE  `theme` = 'default'  AND (  `is_public` = 1 OR `file` = '../appapi/feedback/index' ) [ RunTime:0.000490s ]
[2024-12-06T17:02:58+08:00][sql] CONNECT:[ UseTime:0.000644s ] mysql:host=127.0.0.1;port=3306;dbname=zhibo;charset=utf8mb4
[2024-12-06T17:02:58+08:00][sql] SHOW FULL COLUMNS FROM `cmf_hook` [ RunTime:0.001549s ]
[2024-12-06T17:02:58+08:00][sql] SELECT `hook`,`id` FROM `cmf_hook` WHERE  (  (  `app` = '' OR `app` = 'cmf' )  AND `type` = 3 ) OR `type` = 1 [ RunTime:0.000611s ]
[2024-12-06T17:02:58+08:00][sql] SHOW FULL COLUMNS FROM `cmf_hook_plugin` [ RunTime:0.001235s ]
[2024-12-06T17:02:58+08:00][sql] SELECT `hook`,`plugin` FROM `cmf_hook_plugin` WHERE  `status` = 1  AND `hook` IN ('app_begin','module_init','action_begin','view_filter','app_end','log_write','response_end','admin_init','home_init','send_mobile_verification_code','body_start','before_head_end','footer_start','before_footer','before_footer_end','before_body_end','left_sidebar_start','before_left_sidebar_end','right_sidebar_start','before_right_sidebar_end','comment','guestbook','switch_theme','after_content','before_content','log_write_done','switch_admin_theme','captcha_image') ORDER BY `list_order` ASC [ RunTime:0.000694s ]
[2024-12-06T17:02:58+08:00][sql] SHOW FULL COLUMNS FROM `cmf_plugin` [ RunTime:0.001683s ]
[2024-12-06T17:02:58+08:00][sql] SELECT `config` FROM `cmf_plugin` WHERE  `name` = 'Qiniu' LIMIT 1 [ RunTime:0.000459s ]
[2024-12-06T17:02:58+08:00][sql] SHOW FULL COLUMNS FROM `cmf_theme_file` [ RunTime:0.001575s ]
[2024-12-06T17:02:58+08:00][sql] SELECT `more` FROM `cmf_theme_file` WHERE  `theme` = 'default'  AND (  `is_public` = 1 OR `file` = '../appapi/feedback/index' ) [ RunTime:0.000527s ]
[2024-12-06T17:03:05+08:00][sql] CONNECT:[ UseTime:0.000695s ] mysql:host=127.0.0.1;port=3306;dbname=zhibo;charset=utf8mb4
[2024-12-06T17:03:05+08:00][sql] SHOW FULL COLUMNS FROM `cmf_hook` [ RunTime:0.001485s ]
[2024-12-06T17:03:05+08:00][sql] SELECT `hook`,`id` FROM `cmf_hook` WHERE  (  (  `app` = '' OR `app` = 'cmf' )  AND `type` = 3 ) OR `type` = 1 [ RunTime:0.000615s ]
[2024-12-06T17:03:05+08:00][sql] SHOW FULL COLUMNS FROM `cmf_hook_plugin` [ RunTime:0.001176s ]
[2024-12-06T17:03:05+08:00][sql] SELECT `hook`,`plugin` FROM `cmf_hook_plugin` WHERE  `status` = 1  AND `hook` IN ('app_begin','module_init','action_begin','view_filter','app_end','log_write','response_end','admin_init','home_init','send_mobile_verification_code','body_start','before_head_end','footer_start','before_footer','before_footer_end','before_body_end','left_sidebar_start','before_left_sidebar_end','right_sidebar_start','before_right_sidebar_end','comment','guestbook','switch_theme','after_content','before_content','log_write_done','switch_admin_theme','captcha_image') ORDER BY `list_order` ASC [ RunTime:0.000700s ]
[2024-12-06T17:03:05+08:00][sql] SHOW FULL COLUMNS FROM `cmf_plugin` [ RunTime:0.001666s ]
[2024-12-06T17:03:05+08:00][sql] SELECT `config` FROM `cmf_plugin` WHERE  `name` = 'Qiniu' LIMIT 1 [ RunTime:0.000476s ]
[2024-12-06T17:03:05+08:00][sql] SHOW FULL COLUMNS FROM `cmf_theme_file` [ RunTime:0.001531s ]
[2024-12-06T17:03:05+08:00][sql] SELECT `more` FROM `cmf_theme_file` WHERE  `theme` = 'default'  AND (  `is_public` = 1 OR `file` = '../appapi/feedback/index' ) [ RunTime:0.000542s ]
[2024-12-06T17:07:10+08:00][sql] CONNECT:[ UseTime:0.000645s ] mysql:host=127.0.0.1;port=3306;dbname=zhibo;charset=utf8mb4
[2024-12-06T17:07:10+08:00][sql] SHOW FULL COLUMNS FROM `cmf_hook` [ RunTime:0.001525s ]
[2024-12-06T17:07:10+08:00][sql] SELECT `hook`,`id` FROM `cmf_hook` WHERE  (  (  `app` = '' OR `app` = 'cmf' )  AND `type` = 3 ) OR `type` = 1 [ RunTime:0.000690s ]
[2024-12-06T17:07:10+08:00][sql] SHOW FULL COLUMNS FROM `cmf_hook_plugin` [ RunTime:0.001230s ]
[2024-12-06T17:07:10+08:00][sql] SELECT `hook`,`plugin` FROM `cmf_hook_plugin` WHERE  `status` = 1  AND `hook` IN ('app_begin','module_init','action_begin','view_filter','app_end','log_write','response_end','admin_init','home_init','send_mobile_verification_code','body_start','before_head_end','footer_start','before_footer','before_footer_end','before_body_end','left_sidebar_start','before_left_sidebar_end','right_sidebar_start','before_right_sidebar_end','comment','guestbook','switch_theme','after_content','before_content','log_write_done','switch_admin_theme','captcha_image') ORDER BY `list_order` ASC [ RunTime:0.000679s ]
[2024-12-06T17:08:52+08:00][sql] CONNECT:[ UseTime:0.000621s ] mysql:host=127.0.0.1;port=3306;dbname=zhibo;charset=utf8mb4
[2024-12-06T17:08:52+08:00][sql] SHOW FULL COLUMNS FROM `cmf_hook` [ RunTime:0.001517s ]
[2024-12-06T17:08:52+08:00][sql] SELECT `hook`,`id` FROM `cmf_hook` WHERE  (  (  `app` = '' OR `app` = 'cmf' )  AND `type` = 3 ) OR `type` = 1 [ RunTime:0.000638s ]
[2024-12-06T17:08:52+08:00][sql] SHOW FULL COLUMNS FROM `cmf_hook_plugin` [ RunTime:0.001237s ]
[2024-12-06T17:08:52+08:00][sql] SELECT `hook`,`plugin` FROM `cmf_hook_plugin` WHERE  `status` = 1  AND `hook` IN ('app_begin','module_init','action_begin','view_filter','app_end','log_write','response_end','admin_init','home_init','send_mobile_verification_code','body_start','before_head_end','footer_start','before_footer','before_footer_end','before_body_end','left_sidebar_start','before_left_sidebar_end','right_sidebar_start','before_right_sidebar_end','comment','guestbook','switch_theme','after_content','before_content','log_write_done','switch_admin_theme','captcha_image') ORDER BY `list_order` ASC [ RunTime:0.000684s ]
[2024-12-06T18:01:03+08:00][sql] CONNECT:[ UseTime:0.000637s ] mysql:host=127.0.0.1;port=3306;dbname=zhibo;charset=utf8mb4
[2024-12-06T18:01:03+08:00][sql] SHOW FULL COLUMNS FROM `cmf_hook` [ RunTime:0.001669s ]
[2024-12-06T18:01:03+08:00][sql] SELECT `hook`,`id` FROM `cmf_hook` WHERE  (  (  `app` = '' OR `app` = 'cmf' )  AND `type` = 3 ) OR `type` = 1 [ RunTime:0.000670s ]
[2024-12-06T18:01:03+08:00][sql] SHOW FULL COLUMNS FROM `cmf_hook_plugin` [ RunTime:0.001298s ]
[2024-12-06T18:01:03+08:00][sql] SELECT `hook`,`plugin` FROM `cmf_hook_plugin` WHERE  `status` = 1  AND `hook` IN ('app_begin','module_init','action_begin','view_filter','app_end','log_write','response_end','admin_init','home_init','send_mobile_verification_code','body_start','before_head_end','footer_start','before_footer','before_footer_end','before_body_end','left_sidebar_start','before_left_sidebar_end','right_sidebar_start','before_right_sidebar_end','comment','guestbook','switch_theme','after_content','before_content','log_write_done','switch_admin_theme','captcha_image') ORDER BY `list_order` ASC [ RunTime:0.000702s ]
[2024-12-06T18:01:03+08:00][sql] SHOW FULL COLUMNS FROM `cmf_plugin` [ RunTime:0.001819s ]
[2024-12-06T18:01:03+08:00][sql] SELECT `config` FROM `cmf_plugin` WHERE  `name` = 'Qiniu' LIMIT 1 [ RunTime:0.000498s ]
[2024-12-06T18:01:03+08:00][sql] SHOW FULL COLUMNS FROM `cmf_live` [ RunTime:0.001853s ]
[2024-12-06T18:01:03+08:00][sql] SELECT * FROM `cmf_live` WHERE  ( islive='1' and isrecommend='1' and type='0' and live_type=0 ) [ RunTime:0.000887s ]
[2024-12-06T18:01:03+08:00][sql] SHOW FULL COLUMNS FROM `cmf_slide_item` [ RunTime:0.001494s ]
[2024-12-06T18:01:03+08:00][sql] SELECT * FROM `cmf_slide_item` WHERE  ( status='1' and slide_id='1' ) ORDER BY `list_order` ASC [ RunTime:0.000654s ]
[2024-12-06T18:01:03+08:00][sql] SHOW FULL COLUMNS FROM `cmf_live_class` [ RunTime:0.001263s ]
[2024-12-06T18:01:03+08:00][sql] SELECT * FROM `cmf_live_class` ORDER BY `list_order` LIMIT 5 [ RunTime:0.000436s ]
[2024-12-06T18:01:03+08:00][sql] SELECT * FROM `cmf_live` WHERE  `islive` = 1  AND `live_type` = 0  AND `liveclassid` = 8 ORDER BY `recommend_time` DESC,`starttime` DESC LIMIT 5 [ RunTime:0.000770s ]
[2024-12-06T18:01:03+08:00][sql] SELECT `uid`,`thumb`,`stream`,`title`,`city`,`islive`,`type` FROM `cmf_live` WHERE  ( islive='1' and ishot='1' and live_type=0 ) ORDER BY `isrecommend` DESC,`recommend_time` DESC,`hotvotes` DESC,`starttime` DESC LIMIT 5 [ RunTime:0.000494s ]
[2024-12-06T18:01:03+08:00][sql] SELECT `uid`,`thumb`,`stream`,`title`,`city`,`islive`,`type` FROM `cmf_live` WHERE  ( islive='1' and live_type=0 ) ORDER BY `starttime` DESC LIMIT 5 [ RunTime:0.000418s ]
[2024-12-06T18:01:03+08:00][sql] SHOW FULL COLUMNS FROM `cmf_theme_file` [ RunTime:0.001591s ]
[2024-12-06T18:01:03+08:00][sql] SELECT `more` FROM `cmf_theme_file` WHERE  `theme` = 'default'  AND (  `is_public` = 1 OR `file` = '../home/index/index' ) [ RunTime:0.000532s ]
[2024-12-06T18:01:05+08:00][sql] CONNECT:[ UseTime:0.000658s ] mysql:host=127.0.0.1;port=3306;dbname=zhibo;charset=utf8mb4
[2024-12-06T18:01:05+08:00][sql] SHOW FULL COLUMNS FROM `cmf_hook` [ RunTime:0.001536s ]
[2024-12-06T18:01:05+08:00][sql] SELECT `hook`,`id` FROM `cmf_hook` WHERE  (  (  `app` = '' OR `app` = 'cmf' )  AND `type` = 3 ) OR `type` = 1 [ RunTime:0.000646s ]
[2024-12-06T18:01:05+08:00][sql] SHOW FULL COLUMNS FROM `cmf_hook_plugin` [ RunTime:0.001273s ]
[2024-12-06T18:01:05+08:00][sql] SELECT `hook`,`plugin` FROM `cmf_hook_plugin` WHERE  `status` = 1  AND `hook` IN ('app_begin','module_init','action_begin','view_filter','app_end','log_write','response_end','admin_init','home_init','send_mobile_verification_code','body_start','before_head_end','footer_start','before_footer','before_footer_end','before_body_end','left_sidebar_start','before_left_sidebar_end','right_sidebar_start','before_right_sidebar_end','comment','guestbook','switch_theme','after_content','before_content','log_write_done','switch_admin_theme','captcha_image') ORDER BY `list_order` ASC [ RunTime:0.000712s ]
[2024-12-06T18:01:05+08:00][sql] SHOW FULL COLUMNS FROM `cmf_plugin` [ RunTime:0.001732s ]
[2024-12-06T18:01:05+08:00][sql] SELECT `config` FROM `cmf_plugin` WHERE  `name` = 'Qiniu' LIMIT 1 [ RunTime:0.000457s ]
[2024-12-06T18:01:05+08:00][sql] CONNECT:[ UseTime:0.000663s ] mysql:host=127.0.0.1;port=3306;dbname=zhibo;charset=utf8mb4
[2024-12-06T18:01:05+08:00][sql] SHOW FULL COLUMNS FROM `cmf_hook` [ RunTime:0.001573s ]
[2024-12-06T18:01:05+08:00][sql] SELECT `hook`,`id` FROM `cmf_hook` WHERE  (  (  `app` = '' OR `app` = 'cmf' )  AND `type` = 3 ) OR `type` = 1 [ RunTime:0.000662s ]
[2024-12-06T18:01:05+08:00][sql] SHOW FULL COLUMNS FROM `cmf_hook_plugin` [ RunTime:0.001253s ]
[2024-12-06T18:01:05+08:00][sql] SELECT `hook`,`plugin` FROM `cmf_hook_plugin` WHERE  `status` = 1  AND `hook` IN ('app_begin','module_init','action_begin','view_filter','app_end','log_write','response_end','admin_init','home_init','send_mobile_verification_code','body_start','before_head_end','footer_start','before_footer','before_footer_end','before_body_end','left_sidebar_start','before_left_sidebar_end','right_sidebar_start','before_right_sidebar_end','comment','guestbook','switch_theme','after_content','before_content','log_write_done','switch_admin_theme','captcha_image') ORDER BY `list_order` ASC [ RunTime:0.000709s ]
[2024-12-06T18:01:05+08:00][sql] SHOW FULL COLUMNS FROM `cmf_plugin` [ RunTime:0.001799s ]
[2024-12-06T18:01:05+08:00][sql] SELECT `config` FROM `cmf_plugin` WHERE  `name` = 'Qiniu' LIMIT 1 [ RunTime:0.000482s ]
[2024-12-06T18:01:05+08:00][sql] SHOW FULL COLUMNS FROM `cmf_slide_item` [ RunTime:0.001554s ]
[2024-12-06T18:01:05+08:00][sql] SELECT * FROM `cmf_slide_item` WHERE  ( status='1' and slide_id='6' ) ORDER BY `list_order` ASC [ RunTime:0.000634s ]
[2024-12-06T18:01:05+08:00][sql] SHOW FULL COLUMNS FROM `cmf_live` [ RunTime:0.001547s ]
[2024-12-06T18:01:05+08:00][sql] SELECT `uid`,`title`,`city`,`stream`,`pull`,`thumb`,`type` FROM `cmf_live` WHERE  `islive` = 1  AND `live_type` = 0  AND `ishot` = 1 ORDER BY `recommend_time` DESC,`starttime` DESC LIMIT 0,20 [ RunTime:0.000660s ]
[2024-12-06T18:01:05+08:00][sql] SHOW FULL COLUMNS FROM `cmf_theme_file` [ RunTime:0.001513s ]
[2024-12-06T18:01:05+08:00][sql] SELECT `more` FROM `cmf_theme_file` WHERE  `theme` = 'default'  AND (  `is_public` = 1 OR `file` = '../wxshare/share/index' ) [ RunTime:0.000498s ]
[2024-12-06T20:23:47+08:00][sql] CONNECT:[ UseTime:0.000866s ] mysql:host=127.0.0.1;port=3306;dbname=zhibo;charset=utf8mb4
[2024-12-06T20:23:47+08:00][sql] SHOW FULL COLUMNS FROM `cmf_hook` [ RunTime:0.001911s ]
[2024-12-06T20:23:47+08:00][sql] SELECT `hook`,`id` FROM `cmf_hook` WHERE  (  (  `app` = '' OR `app` = 'cmf' )  AND `type` = 3 ) OR `type` = 1 [ RunTime:0.000677s ]
[2024-12-06T20:23:47+08:00][sql] SHOW FULL COLUMNS FROM `cmf_hook_plugin` [ RunTime:0.001413s ]
[2024-12-06T20:23:47+08:00][sql] SELECT `hook`,`plugin` FROM `cmf_hook_plugin` WHERE  `status` = 1  AND `hook` IN ('app_begin','module_init','action_begin','view_filter','app_end','log_write','response_end','admin_init','home_init','send_mobile_verification_code','body_start','before_head_end','footer_start','before_footer','before_footer_end','before_body_end','left_sidebar_start','before_left_sidebar_end','right_sidebar_start','before_right_sidebar_end','comment','guestbook','switch_theme','after_content','before_content','log_write_done','switch_admin_theme','captcha_image') ORDER BY `list_order` ASC [ RunTime:0.000750s ]
[2024-12-06T20:23:47+08:00][sql] SHOW FULL COLUMNS FROM `cmf_plugin` [ RunTime:0.001831s ]
[2024-12-06T20:23:47+08:00][sql] SELECT `config` FROM `cmf_plugin` WHERE  `name` = 'Qiniu' LIMIT 1 [ RunTime:0.000500s ]
[2024-12-06T20:23:47+08:00][sql] SHOW FULL COLUMNS FROM `cmf_live` [ RunTime:0.001828s ]
[2024-12-06T20:23:47+08:00][sql] SELECT * FROM `cmf_live` WHERE  ( islive='1' and isrecommend='1' and type='0' and live_type=0 ) [ RunTime:0.002170s ]
[2024-12-06T20:23:47+08:00][sql] SHOW FULL COLUMNS FROM `cmf_slide_item` [ RunTime:0.001675s ]
[2024-12-06T20:23:47+08:00][sql] SELECT * FROM `cmf_slide_item` WHERE  ( status='1' and slide_id='1' ) ORDER BY `list_order` ASC [ RunTime:0.000602s ]
[2024-12-06T20:23:47+08:00][sql] SHOW FULL COLUMNS FROM `cmf_live_class` [ RunTime:0.001348s ]
[2024-12-06T20:23:47+08:00][sql] SELECT * FROM `cmf_live_class` ORDER BY `list_order` LIMIT 5 [ RunTime:0.001826s ]
[2024-12-06T20:23:47+08:00][sql] SELECT * FROM `cmf_live` WHERE  `islive` = 1  AND `live_type` = 0  AND `liveclassid` = 8 ORDER BY `recommend_time` DESC,`starttime` DESC LIMIT 5 [ RunTime:0.000840s ]
[2024-12-06T20:23:47+08:00][sql] SELECT `uid`,`thumb`,`stream`,`title`,`city`,`islive`,`type` FROM `cmf_live` WHERE  ( islive='1' and ishot='1' and live_type=0 ) ORDER BY `isrecommend` DESC,`recommend_time` DESC,`hotvotes` DESC,`starttime` DESC LIMIT 5 [ RunTime:0.000582s ]
[2024-12-06T20:23:47+08:00][sql] SELECT `uid`,`thumb`,`stream`,`title`,`city`,`islive`,`type` FROM `cmf_live` WHERE  ( islive='1' and live_type=0 ) ORDER BY `starttime` DESC LIMIT 5 [ RunTime:0.000491s ]
[2024-12-06T20:23:47+08:00][sql] SHOW FULL COLUMNS FROM `cmf_theme_file` [ RunTime:0.001886s ]
[2024-12-06T20:23:47+08:00][sql] SELECT `more` FROM `cmf_theme_file` WHERE  `theme` = 'default'  AND (  `is_public` = 1 OR `file` = '../home/index/index' ) [ RunTime:0.000618s ]
[2024-12-06T20:33:17+08:00][sql] CONNECT:[ UseTime:0.000647s ] mysql:host=127.0.0.1;port=3306;dbname=zhibo;charset=utf8mb4
[2024-12-06T20:33:17+08:00][sql] SHOW FULL COLUMNS FROM `cmf_hook` [ RunTime:0.001593s ]
[2024-12-06T20:33:17+08:00][sql] SELECT `hook`,`id` FROM `cmf_hook` WHERE  (  (  `app` = '' OR `app` = 'cmf' )  AND `type` = 3 ) OR `type` = 1 [ RunTime:0.000632s ]
[2024-12-06T20:33:17+08:00][sql] SHOW FULL COLUMNS FROM `cmf_hook_plugin` [ RunTime:0.001291s ]
[2024-12-06T20:33:17+08:00][sql] SELECT `hook`,`plugin` FROM `cmf_hook_plugin` WHERE  `status` = 1  AND `hook` IN ('app_begin','module_init','action_begin','view_filter','app_end','log_write','response_end','admin_init','home_init','send_mobile_verification_code','body_start','before_head_end','footer_start','before_footer','before_footer_end','before_body_end','left_sidebar_start','before_left_sidebar_end','right_sidebar_start','before_right_sidebar_end','comment','guestbook','switch_theme','after_content','before_content','log_write_done','switch_admin_theme','captcha_image') ORDER BY `list_order` ASC [ RunTime:0.000660s ]
[2024-12-06T20:33:17+08:00][sql] SHOW FULL COLUMNS FROM `cmf_plugin` [ RunTime:0.001737s ]
[2024-12-06T20:33:17+08:00][sql] SELECT `config` FROM `cmf_plugin` WHERE  `name` = 'Qiniu' LIMIT 1 [ RunTime:0.000446s ]
[2024-12-06T20:33:17+08:00][sql] SHOW FULL COLUMNS FROM `cmf_live` [ RunTime:0.001729s ]
[2024-12-06T20:33:17+08:00][sql] SELECT * FROM `cmf_live` WHERE  ( islive='1' and isrecommend='1' and type='0' and live_type=0 ) [ RunTime:0.000903s ]
[2024-12-06T20:33:17+08:00][sql] SHOW FULL COLUMNS FROM `cmf_slide_item` [ RunTime:0.001446s ]
[2024-12-06T20:33:17+08:00][sql] SELECT * FROM `cmf_slide_item` WHERE  ( status='1' and slide_id='1' ) ORDER BY `list_order` ASC [ RunTime:0.000530s ]
[2024-12-06T20:33:17+08:00][sql] SHOW FULL COLUMNS FROM `cmf_live_class` [ RunTime:0.001239s ]
[2024-12-06T20:33:17+08:00][sql] SELECT * FROM `cmf_live_class` ORDER BY `list_order` LIMIT 5 [ RunTime:0.000460s ]
[2024-12-06T20:33:17+08:00][sql] SELECT * FROM `cmf_live` WHERE  `islive` = 1  AND `live_type` = 0  AND `liveclassid` = 8 ORDER BY `recommend_time` DESC,`starttime` DESC LIMIT 5 [ RunTime:0.000719s ]
[2024-12-06T20:33:17+08:00][sql] SELECT `uid`,`thumb`,`stream`,`title`,`city`,`islive`,`type` FROM `cmf_live` WHERE  ( islive='1' and ishot='1' and live_type=0 ) ORDER BY `isrecommend` DESC,`recommend_time` DESC,`hotvotes` DESC,`starttime` DESC LIMIT 5 [ RunTime:0.000456s ]
[2024-12-06T20:33:17+08:00][sql] SELECT `uid`,`thumb`,`stream`,`title`,`city`,`islive`,`type` FROM `cmf_live` WHERE  ( islive='1' and live_type=0 ) ORDER BY `starttime` DESC LIMIT 5 [ RunTime:0.000386s ]
[2024-12-06T20:33:17+08:00][sql] SHOW FULL COLUMNS FROM `cmf_theme_file` [ RunTime:0.001457s ]
[2024-12-06T20:33:17+08:00][sql] SELECT `more` FROM `cmf_theme_file` WHERE  `theme` = 'default'  AND (  `is_public` = 1 OR `file` = '../home/index/index' ) [ RunTime:0.000499s ]
[2024-12-06T21:46:42+08:00][sql] CONNECT:[ UseTime:0.000655s ] mysql:host=127.0.0.1;port=3306;dbname=zhibo;charset=utf8mb4
[2024-12-06T21:46:42+08:00][sql] SHOW FULL COLUMNS FROM `cmf_hook` [ RunTime:0.001702s ]
[2024-12-06T21:46:42+08:00][sql] SELECT `hook`,`id` FROM `cmf_hook` WHERE  (  (  `app` = '' OR `app` = 'cmf' )  AND `type` = 3 ) OR `type` = 1 [ RunTime:0.000678s ]
[2024-12-06T21:46:42+08:00][sql] SHOW FULL COLUMNS FROM `cmf_hook_plugin` [ RunTime:0.001394s ]
[2024-12-06T21:46:42+08:00][sql] SELECT `hook`,`plugin` FROM `cmf_hook_plugin` WHERE  `status` = 1  AND `hook` IN ('app_begin','module_init','action_begin','view_filter','app_end','log_write','response_end','admin_init','home_init','send_mobile_verification_code','body_start','before_head_end','footer_start','before_footer','before_footer_end','before_body_end','left_sidebar_start','before_left_sidebar_end','right_sidebar_start','before_right_sidebar_end','comment','guestbook','switch_theme','after_content','before_content','log_write_done','switch_admin_theme','captcha_image') ORDER BY `list_order` ASC [ RunTime:0.000757s ]
[2024-12-06T21:46:42+08:00][sql] SHOW FULL COLUMNS FROM `cmf_plugin` [ RunTime:0.001861s ]
[2024-12-06T21:46:42+08:00][sql] SELECT `config` FROM `cmf_plugin` WHERE  `name` = 'Qiniu' LIMIT 1 [ RunTime:0.000548s ]
[2024-12-06T21:46:42+08:00][sql] SHOW FULL COLUMNS FROM `cmf_user_auth` [ RunTime:0.001655s ]
[2024-12-06T21:46:42+08:00][sql] SELECT * FROM `cmf_user_auth` WHERE  `uid` = 2 LIMIT 1 [ RunTime:0.000549s ]
[2024-12-06T21:46:42+08:00][sql] SHOW FULL COLUMNS FROM `cmf_theme_file` [ RunTime:0.001645s ]
[2024-12-06T21:46:42+08:00][sql] SELECT `more` FROM `cmf_theme_file` WHERE  `theme` = 'default'  AND (  `is_public` = 1 OR `file` = '../appapi/auth/index' ) [ RunTime:0.000623s ]
[2024-12-06T21:46:42+08:00][sql] CONNECT:[ UseTime:0.000672s ] mysql:host=127.0.0.1;port=3306;dbname=zhibo;charset=utf8mb4
[2024-12-06T21:46:42+08:00][sql] SHOW FULL COLUMNS FROM `cmf_hook` [ RunTime:0.001758s ]
[2024-12-06T21:46:42+08:00][sql] SELECT `hook`,`id` FROM `cmf_hook` WHERE  (  (  `app` = '' OR `app` = 'cmf' )  AND `type` = 3 ) OR `type` = 1 [ RunTime:0.000840s ]
[2024-12-06T21:46:42+08:00][sql] SHOW FULL COLUMNS FROM `cmf_hook_plugin` [ RunTime:0.001521s ]
[2024-12-06T21:46:42+08:00][sql] SELECT `hook`,`plugin` FROM `cmf_hook_plugin` WHERE  `status` = 1  AND `hook` IN ('app_begin','module_init','action_begin','view_filter','app_end','log_write','response_end','admin_init','home_init','send_mobile_verification_code','body_start','before_head_end','footer_start','before_footer','before_footer_end','before_body_end','left_sidebar_start','before_left_sidebar_end','right_sidebar_start','before_right_sidebar_end','comment','guestbook','switch_theme','after_content','before_content','log_write_done','switch_admin_theme','captcha_image') ORDER BY `list_order` ASC [ RunTime:0.000879s ]
[2024-12-06T21:46:42+08:00][sql] CONNECT:[ UseTime:0.000658s ] mysql:host=127.0.0.1;port=3306;dbname=zhibo;charset=utf8mb4
[2024-12-06T21:46:42+08:00][sql] SHOW FULL COLUMNS FROM `cmf_hook` [ RunTime:0.001678s ]
[2024-12-06T21:46:42+08:00][sql] SELECT `hook`,`id` FROM `cmf_hook` WHERE  (  (  `app` = '' OR `app` = 'cmf' )  AND `type` = 3 ) OR `type` = 1 [ RunTime:0.000688s ]
[2024-12-06T21:46:42+08:00][sql] SHOW FULL COLUMNS FROM `cmf_hook_plugin` [ RunTime:0.001414s ]
[2024-12-06T21:46:42+08:00][sql] SELECT `hook`,`plugin` FROM `cmf_hook_plugin` WHERE  `status` = 1  AND `hook` IN ('app_begin','module_init','action_begin','view_filter','app_end','log_write','response_end','admin_init','home_init','send_mobile_verification_code','body_start','before_head_end','footer_start','before_footer','before_footer_end','before_body_end','left_sidebar_start','before_left_sidebar_end','right_sidebar_start','before_right_sidebar_end','comment','guestbook','switch_theme','after_content','before_content','log_write_done','switch_admin_theme','captcha_image') ORDER BY `list_order` ASC [ RunTime:0.000726s ]
[2024-12-06T21:48:50+08:00][sql] CONNECT:[ UseTime:0.000661s ] mysql:host=127.0.0.1;port=3306;dbname=zhibo;charset=utf8mb4
[2024-12-06T21:48:50+08:00][sql] SHOW FULL COLUMNS FROM `cmf_hook` [ RunTime:0.001625s ]
[2024-12-06T21:48:50+08:00][sql] SELECT `hook`,`id` FROM `cmf_hook` WHERE  (  (  `app` = '' OR `app` = 'cmf' )  AND `type` = 3 ) OR `type` = 1 [ RunTime:0.000627s ]
[2024-12-06T21:48:50+08:00][sql] SHOW FULL COLUMNS FROM `cmf_hook_plugin` [ RunTime:0.001289s ]
[2024-12-06T21:48:50+08:00][sql] SELECT `hook`,`plugin` FROM `cmf_hook_plugin` WHERE  `status` = 1  AND `hook` IN ('app_begin','module_init','action_begin','view_filter','app_end','log_write','response_end','admin_init','home_init','send_mobile_verification_code','body_start','before_head_end','footer_start','before_footer','before_footer_end','before_body_end','left_sidebar_start','before_left_sidebar_end','right_sidebar_start','before_right_sidebar_end','comment','guestbook','switch_theme','after_content','before_content','log_write_done','switch_admin_theme','captcha_image') ORDER BY `list_order` ASC [ RunTime:0.000764s ]
[2024-12-06T21:48:50+08:00][sql] SHOW FULL COLUMNS FROM `cmf_plugin` [ RunTime:0.001736s ]
[2024-12-06T21:48:50+08:00][sql] SELECT `config` FROM `cmf_plugin` WHERE  `name` = 'Qiniu' LIMIT 1 [ RunTime:0.000469s ]
[2024-12-06T21:48:50+08:00][sql] SHOW FULL COLUMNS FROM `cmf_user_voterecord` [ RunTime:0.001603s ]
[2024-12-06T21:48:50+08:00][sql] SELECT fromid,actionid,sum(nums) as num,sum(total) as totalall FROM `cmf_user_voterecord` WHERE  `action` = 1  AND `uid` = 2 GROUP BY `fromid`,`actionid`,`showid` ORDER BY `addtime` DESC LIMIT 0,50 [ RunTime:0.000660s ]
[2024-12-06T21:48:50+08:00][sql] SHOW FULL COLUMNS FROM `cmf_live_record` [ RunTime:0.001322s ]
[2024-12-06T21:48:50+08:00][sql] SELECT `starttime`,`endtime` FROM `cmf_live_record` WHERE  `uid` = 2 ORDER BY `starttime` DESC LIMIT 0,50 [ RunTime:0.000522s ]
[2024-12-06T21:48:50+08:00][sql] SHOW FULL COLUMNS FROM `cmf_theme_file` [ RunTime:0.001576s ]
[2024-12-06T21:48:50+08:00][sql] SELECT `more` FROM `cmf_theme_file` WHERE  `theme` = 'default'  AND (  `is_public` = 1 OR `file` = '../appapi/detail/index' ) [ RunTime:0.000514s ]
[2024-12-06T21:48:51+08:00][sql] CONNECT:[ UseTime:0.000629s ] mysql:host=127.0.0.1;port=3306;dbname=zhibo;charset=utf8mb4
[2024-12-06T21:48:51+08:00][sql] SHOW FULL COLUMNS FROM `cmf_hook` [ RunTime:0.001612s ]
[2024-12-06T21:48:51+08:00][sql] SELECT `hook`,`id` FROM `cmf_hook` WHERE  (  (  `app` = '' OR `app` = 'cmf' )  AND `type` = 3 ) OR `type` = 1 [ RunTime:0.000685s ]
[2024-12-06T21:48:51+08:00][sql] SHOW FULL COLUMNS FROM `cmf_hook_plugin` [ RunTime:0.001266s ]
[2024-12-06T21:48:51+08:00][sql] SELECT `hook`,`plugin` FROM `cmf_hook_plugin` WHERE  `status` = 1  AND `hook` IN ('app_begin','module_init','action_begin','view_filter','app_end','log_write','response_end','admin_init','home_init','send_mobile_verification_code','body_start','before_head_end','footer_start','before_footer','before_footer_end','before_body_end','left_sidebar_start','before_left_sidebar_end','right_sidebar_start','before_right_sidebar_end','comment','guestbook','switch_theme','after_content','before_content','log_write_done','switch_admin_theme','captcha_image') ORDER BY `list_order` ASC [ RunTime:0.000771s ]
[2024-12-06T21:48:51+08:00][sql] CONNECT:[ UseTime:0.000681s ] mysql:host=127.0.0.1;port=3306;dbname=zhibo;charset=utf8mb4
[2024-12-06T21:48:51+08:00][sql] SHOW FULL COLUMNS FROM `cmf_hook` [ RunTime:0.001525s ]
[2024-12-06T21:48:51+08:00][sql] SELECT `hook`,`id` FROM `cmf_hook` WHERE  (  (  `app` = '' OR `app` = 'cmf' )  AND `type` = 3 ) OR `type` = 1 [ RunTime:0.000622s ]
[2024-12-06T21:48:51+08:00][sql] SHOW FULL COLUMNS FROM `cmf_hook_plugin` [ RunTime:0.001268s ]
[2024-12-06T21:48:51+08:00][sql] SELECT `hook`,`plugin` FROM `cmf_hook_plugin` WHERE  `status` = 1  AND `hook` IN ('app_begin','module_init','action_begin','view_filter','app_end','log_write','response_end','admin_init','home_init','send_mobile_verification_code','body_start','before_head_end','footer_start','before_footer','before_footer_end','before_body_end','left_sidebar_start','before_left_sidebar_end','right_sidebar_start','before_right_sidebar_end','comment','guestbook','switch_theme','after_content','before_content','log_write_done','switch_admin_theme','captcha_image') ORDER BY `list_order` ASC [ RunTime:0.000751s ]
[2024-12-06T21:51:04+08:00][sql] CONNECT:[ UseTime:0.000728s ] mysql:host=127.0.0.1;port=3306;dbname=zhibo;charset=utf8mb4
[2024-12-06T21:51:04+08:00][sql] SHOW FULL COLUMNS FROM `cmf_hook` [ RunTime:0.001609s ]
[2024-12-06T21:51:04+08:00][sql] SELECT `hook`,`id` FROM `cmf_hook` WHERE  (  (  `app` = '' OR `app` = 'cmf' )  AND `type` = 3 ) OR `type` = 1 [ RunTime:0.000676s ]
[2024-12-06T21:51:04+08:00][sql] SHOW FULL COLUMNS FROM `cmf_hook_plugin` [ RunTime:0.001391s ]
[2024-12-06T21:51:04+08:00][sql] SELECT `hook`,`plugin` FROM `cmf_hook_plugin` WHERE  `status` = 1  AND `hook` IN ('app_begin','module_init','action_begin','view_filter','app_end','log_write','response_end','admin_init','home_init','send_mobile_verification_code','body_start','before_head_end','footer_start','before_footer','before_footer_end','before_body_end','left_sidebar_start','before_left_sidebar_end','right_sidebar_start','before_right_sidebar_end','comment','guestbook','switch_theme','after_content','before_content','log_write_done','switch_admin_theme','captcha_image') ORDER BY `list_order` ASC [ RunTime:0.000766s ]
[2024-12-06T21:51:04+08:00][sql] SHOW FULL COLUMNS FROM `cmf_plugin` [ RunTime:0.001704s ]
[2024-12-06T21:51:04+08:00][sql] SELECT `config` FROM `cmf_plugin` WHERE  `name` = 'Qiniu' LIMIT 1 [ RunTime:0.000433s ]
[2024-12-06T21:51:04+08:00][sql] SHOW FULL COLUMNS FROM `cmf_xqtb_gift` [ RunTime:0.001560s ]
[2024-12-06T21:51:04+08:00][sql] SELECT * FROM `cmf_xqtb_gift` ORDER BY `list_order` [ RunTime:0.000515s ]
[2024-12-06T21:51:04+08:00][sql] SHOW FULL COLUMNS FROM `cmf_gift` [ RunTime:0.001306s ]
[2024-12-06T21:51:04+08:00][sql] SELECT `giftname`,`giftname_en`,`needcoin` FROM `cmf_gift` WHERE  `id` = 6 LIMIT 1 [ RunTime:0.000415s ]
[2024-12-06T21:51:04+08:00][sql] SELECT `giftname`,`giftname_en`,`needcoin` FROM `cmf_gift` WHERE  `id` = 16 LIMIT 1 [ RunTime:0.000321s ]
[2024-12-06T21:51:04+08:00][sql] SELECT `giftname`,`giftname_en`,`needcoin` FROM `cmf_gift` WHERE  `id` = 74 LIMIT 1 [ RunTime:0.000305s ]
[2024-12-06T21:51:04+08:00][sql] SELECT `giftname`,`giftname_en`,`needcoin` FROM `cmf_gift` WHERE  `id` = 21 LIMIT 1 [ RunTime:0.000307s ]
[2024-12-06T21:51:04+08:00][sql] SELECT `giftname`,`giftname_en`,`needcoin` FROM `cmf_gift` WHERE  `id` = 28 LIMIT 1 [ RunTime:0.000291s ]
[2024-12-06T21:51:04+08:00][sql] SELECT `giftname`,`giftname_en`,`needcoin` FROM `cmf_gift` WHERE  `id` = 2 LIMIT 1 [ RunTime:0.000318s ]
[2024-12-06T21:51:04+08:00][sql] SHOW FULL COLUMNS FROM `cmf_theme_file` [ RunTime:0.001452s ]
[2024-12-06T21:51:04+08:00][sql] SELECT `more` FROM `cmf_theme_file` WHERE  `theme` = 'default'  AND (  `is_public` = 1 OR `file` = '../appapi/game/xqtb' ) [ RunTime:0.000518s ]
[2024-12-06T21:51:05+08:00][sql] CONNECT:[ UseTime:0.000681s ] mysql:host=127.0.0.1;port=3306;dbname=zhibo;charset=utf8mb4
[2024-12-06T21:51:05+08:00][sql] SHOW FULL COLUMNS FROM `cmf_hook` [ RunTime:0.001659s ]
[2024-12-06T21:51:05+08:00][sql] SELECT `hook`,`id` FROM `cmf_hook` WHERE  (  (  `app` = '' OR `app` = 'cmf' )  AND `type` = 3 ) OR `type` = 1 [ RunTime:0.000608s ]
[2024-12-06T21:51:05+08:00][sql] SHOW FULL COLUMNS FROM `cmf_hook_plugin` [ RunTime:0.001291s ]
[2024-12-06T21:51:05+08:00][sql] SELECT `hook`,`plugin` FROM `cmf_hook_plugin` WHERE  `status` = 1  AND `hook` IN ('app_begin','module_init','action_begin','view_filter','app_end','log_write','response_end','admin_init','home_init','send_mobile_verification_code','body_start','before_head_end','footer_start','before_footer','before_footer_end','before_body_end','left_sidebar_start','before_left_sidebar_end','right_sidebar_start','before_right_sidebar_end','comment','guestbook','switch_theme','after_content','before_content','log_write_done','switch_admin_theme','captcha_image') ORDER BY `list_order` ASC [ RunTime:0.000727s ]
[2024-12-06T21:51:05+08:00][sql] CONNECT:[ UseTime:0.000631s ] mysql:host=127.0.0.1;port=3306;dbname=zhibo;charset=utf8mb4
[2024-12-06T21:51:05+08:00][sql] SHOW FULL COLUMNS FROM `cmf_hook` [ RunTime:0.001576s ]
[2024-12-06T21:51:05+08:00][sql] SELECT `hook`,`id` FROM `cmf_hook` WHERE  (  (  `app` = '' OR `app` = 'cmf' )  AND `type` = 3 ) OR `type` = 1 [ RunTime:0.000735s ]
[2024-12-06T21:51:05+08:00][sql] SHOW FULL COLUMNS FROM `cmf_hook_plugin` [ RunTime:0.001309s ]
[2024-12-06T21:51:05+08:00][sql] SELECT `hook`,`plugin` FROM `cmf_hook_plugin` WHERE  `status` = 1  AND `hook` IN ('app_begin','module_init','action_begin','view_filter','app_end','log_write','response_end','admin_init','home_init','send_mobile_verification_code','body_start','before_head_end','footer_start','before_footer','before_footer_end','before_body_end','left_sidebar_start','before_left_sidebar_end','right_sidebar_start','before_right_sidebar_end','comment','guestbook','switch_theme','after_content','before_content','log_write_done','switch_admin_theme','captcha_image') ORDER BY `list_order` ASC [ RunTime:0.000761s ]
[2024-12-06T22:12:52+08:00][sql] CONNECT:[ UseTime:0.000629s ] mysql:host=127.0.0.1;port=3306;dbname=zhibo;charset=utf8mb4
[2024-12-06T22:12:52+08:00][sql] SHOW FULL COLUMNS FROM `cmf_hook` [ RunTime:0.001563s ]
[2024-12-06T22:12:52+08:00][sql] SELECT `hook`,`id` FROM `cmf_hook` WHERE  (  (  `app` = '' OR `app` = 'cmf' )  AND `type` = 3 ) OR `type` = 1 [ RunTime:0.000644s ]
[2024-12-06T22:12:52+08:00][sql] SHOW FULL COLUMNS FROM `cmf_hook_plugin` [ RunTime:0.001322s ]
[2024-12-06T22:12:52+08:00][sql] SELECT `hook`,`plugin` FROM `cmf_hook_plugin` WHERE  `status` = 1  AND `hook` IN ('app_begin','module_init','action_begin','view_filter','app_end','log_write','response_end','admin_init','home_init','send_mobile_verification_code','body_start','before_head_end','footer_start','before_footer','before_footer_end','before_body_end','left_sidebar_start','before_left_sidebar_end','right_sidebar_start','before_right_sidebar_end','comment','guestbook','switch_theme','after_content','before_content','log_write_done','switch_admin_theme','captcha_image') ORDER BY `list_order` ASC [ RunTime:0.000681s ]
[2024-12-06T22:12:52+08:00][sql] SHOW FULL COLUMNS FROM `cmf_plugin` [ RunTime:0.001729s ]
[2024-12-06T22:12:52+08:00][sql] SELECT `config` FROM `cmf_plugin` WHERE  `name` = 'Qiniu' LIMIT 1 [ RunTime:0.000463s ]
[2024-12-06T22:12:52+08:00][sql] SHOW FULL COLUMNS FROM `cmf_user_voterecord` [ RunTime:0.001495s ]
[2024-12-06T22:12:52+08:00][sql] SELECT fromid,actionid,sum(nums) as num,sum(total) as totalall FROM `cmf_user_voterecord` WHERE  `action` = 1  AND `uid` = 2 GROUP BY `fromid`,`actionid`,`showid` ORDER BY `addtime` DESC LIMIT 0,50 [ RunTime:0.000664s ]
[2024-12-06T22:12:52+08:00][sql] SHOW FULL COLUMNS FROM `cmf_live_record` [ RunTime:0.001385s ]
[2024-12-06T22:12:52+08:00][sql] SELECT `starttime`,`endtime` FROM `cmf_live_record` WHERE  `uid` = 2 ORDER BY `starttime` DESC LIMIT 0,50 [ RunTime:0.000479s ]
[2024-12-06T22:12:52+08:00][sql] SHOW FULL COLUMNS FROM `cmf_theme_file` [ RunTime:0.001440s ]
[2024-12-06T22:12:52+08:00][sql] SELECT `more` FROM `cmf_theme_file` WHERE  `theme` = 'default'  AND (  `is_public` = 1 OR `file` = '../appapi/detail/index' ) [ RunTime:0.000556s ]
[2024-12-06T22:12:52+08:00][sql] CONNECT:[ UseTime:0.000660s ] mysql:host=127.0.0.1;port=3306;dbname=zhibo;charset=utf8mb4
[2024-12-06T22:12:52+08:00][sql] SHOW FULL COLUMNS FROM `cmf_hook` [ RunTime:0.001506s ]
[2024-12-06T22:12:52+08:00][sql] SELECT `hook`,`id` FROM `cmf_hook` WHERE  (  (  `app` = '' OR `app` = 'cmf' )  AND `type` = 3 ) OR `type` = 1 [ RunTime:0.000638s ]
[2024-12-06T22:12:52+08:00][sql] SHOW FULL COLUMNS FROM `cmf_hook_plugin` [ RunTime:0.001190s ]
[2024-12-06T22:12:52+08:00][sql] SELECT `hook`,`plugin` FROM `cmf_hook_plugin` WHERE  `status` = 1  AND `hook` IN ('app_begin','module_init','action_begin','view_filter','app_end','log_write','response_end','admin_init','home_init','send_mobile_verification_code','body_start','before_head_end','footer_start','before_footer','before_footer_end','before_body_end','left_sidebar_start','before_left_sidebar_end','right_sidebar_start','before_right_sidebar_end','comment','guestbook','switch_theme','after_content','before_content','log_write_done','switch_admin_theme','captcha_image') ORDER BY `list_order` ASC [ RunTime:0.000689s ]
[2024-12-06T22:12:52+08:00][sql] CONNECT:[ UseTime:0.000640s ] mysql:host=127.0.0.1;port=3306;dbname=zhibo;charset=utf8mb4
[2024-12-06T22:12:52+08:00][sql] SHOW FULL COLUMNS FROM `cmf_hook` [ RunTime:0.001455s ]
[2024-12-06T22:12:52+08:00][sql] SELECT `hook`,`id` FROM `cmf_hook` WHERE  (  (  `app` = '' OR `app` = 'cmf' )  AND `type` = 3 ) OR `type` = 1 [ RunTime:0.000640s ]
[2024-12-06T22:12:52+08:00][sql] SHOW FULL COLUMNS FROM `cmf_hook_plugin` [ RunTime:0.001233s ]
[2024-12-06T22:12:52+08:00][sql] SELECT `hook`,`plugin` FROM `cmf_hook_plugin` WHERE  `status` = 1  AND `hook` IN ('app_begin','module_init','action_begin','view_filter','app_end','log_write','response_end','admin_init','home_init','send_mobile_verification_code','body_start','before_head_end','footer_start','before_footer','before_footer_end','before_body_end','left_sidebar_start','before_left_sidebar_end','right_sidebar_start','before_right_sidebar_end','comment','guestbook','switch_theme','after_content','before_content','log_write_done','switch_admin_theme','captcha_image') ORDER BY `list_order` ASC [ RunTime:0.000690s ]
[2024-12-06T22:27:45+08:00][sql] CONNECT:[ UseTime:0.000648s ] mysql:host=127.0.0.1;port=3306;dbname=zhibo;charset=utf8mb4
[2024-12-06T22:27:45+08:00][sql] SHOW FULL COLUMNS FROM `cmf_hook` [ RunTime:0.001585s ]
[2024-12-06T22:27:45+08:00][sql] SELECT `hook`,`id` FROM `cmf_hook` WHERE  (  (  `app` = '' OR `app` = 'cmf' )  AND `type` = 3 ) OR `type` = 1 [ RunTime:0.000637s ]
[2024-12-06T22:27:45+08:00][sql] SHOW FULL COLUMNS FROM `cmf_hook_plugin` [ RunTime:0.001213s ]
[2024-12-06T22:27:45+08:00][sql] SELECT `hook`,`plugin` FROM `cmf_hook_plugin` WHERE  `status` = 1  AND `hook` IN ('app_begin','module_init','action_begin','view_filter','app_end','log_write','response_end','admin_init','home_init','send_mobile_verification_code','body_start','before_head_end','footer_start','before_footer','before_footer_end','before_body_end','left_sidebar_start','before_left_sidebar_end','right_sidebar_start','before_right_sidebar_end','comment','guestbook','switch_theme','after_content','before_content','log_write_done','switch_admin_theme','captcha_image') ORDER BY `list_order` ASC [ RunTime:0.000773s ]
[2024-12-06T22:27:45+08:00][sql] SHOW FULL COLUMNS FROM `cmf_plugin` [ RunTime:0.001755s ]
[2024-12-06T22:27:45+08:00][sql] SELECT `config` FROM `cmf_plugin` WHERE  `name` = 'Qiniu' LIMIT 1 [ RunTime:0.000463s ]
[2024-12-06T22:27:45+08:00][sql] SHOW FULL COLUMNS FROM `cmf_user_voterecord` [ RunTime:0.001513s ]
[2024-12-06T22:27:45+08:00][sql] SELECT fromid as uid,sum(total) as total FROM `cmf_user_voterecord` WHERE  (  action in (1,2) and uid='8' and addtime >=1733414400 and addtime < 1733500800  ) GROUP BY `fromid` ORDER BY `total` DESC LIMIT 20 [ RunTime:0.000755s ]
[2024-12-06T22:27:45+08:00][sql] SHOW FULL COLUMNS FROM `cmf_user` [ RunTime:0.001705s ]
[2024-12-06T22:27:45+08:00][sql] SELECT `id`,`user_nickname`,`avatar`,`avatar_thumb`,`sex`,`signature`,`consumption`,`votestotal`,`province`,`user_status`,`city`,`birthday`,`issuper`,`end_bantime` FROM `cmf_user` WHERE  `id` = 4 LIMIT 1 [ RunTime:0.000588s ]
[2024-12-06T22:27:45+08:00][sql] SHOW FULL COLUMNS FROM `cmf_vip_user` [ RunTime:0.001445s ]
[2024-12-06T22:27:45+08:00][sql] SELECT * FROM `cmf_vip_user` WHERE  `uid` = 4 LIMIT 1 [ RunTime:0.000417s ]
[2024-12-06T22:27:45+08:00][sql] SHOW FULL COLUMNS FROM `cmf_liang` [ RunTime:0.001198s ]
[2024-12-06T22:27:45+08:00][sql] SELECT * FROM `cmf_liang` WHERE  ( status=1 and state=1 )  AND `uid` = 4 LIMIT 1 [ RunTime:0.000471s ]
[2024-12-06T22:27:45+08:00][sql] SHOW FULL COLUMNS FROM `cmf_user_token` [ RunTime:0.001161s ]
[2024-12-06T22:27:45+08:00][sql] SELECT `token` FROM `cmf_user_token` WHERE  ( user_id=4 ) LIMIT 1 [ RunTime:0.000404s ]
[2024-12-06T22:27:45+08:00][sql] SELECT `id`,`user_nickname`,`avatar`,`avatar_thumb`,`sex`,`signature`,`consumption`,`votestotal`,`province`,`user_status`,`city`,`birthday`,`issuper`,`end_bantime` FROM `cmf_user` WHERE  `id` = 2 LIMIT 1 [ RunTime:0.000481s ]
[2024-12-06T22:27:45+08:00][sql] SELECT * FROM `cmf_vip_user` WHERE  `uid` = 2 LIMIT 1 [ RunTime:0.000434s ]
[2024-12-06T22:27:45+08:00][sql] SELECT * FROM `cmf_liang` WHERE  ( status=1 and state=1 )  AND `uid` = 2 LIMIT 1 [ RunTime:0.000414s ]
[2024-12-06T22:27:45+08:00][sql] SELECT `token` FROM `cmf_user_token` WHERE  ( user_id=2 ) LIMIT 1 [ RunTime:0.000305s ]
[2024-12-06T22:27:45+08:00][sql] SELECT SUM(`total`) AS think_sum FROM `cmf_user_voterecord` WHERE  (  action in (1,2) and uid='8' and addtime >=1733414400 and addtime < 1733500800  ) LIMIT 1 [ RunTime:0.000447s ]
[2024-12-06T22:27:45+08:00][sql] SELECT fromid as uid,sum(total) as total FROM `cmf_user_voterecord` WHERE  (  action in (1,2) and uid='8' and addtime >=1733068800 and addtime < 1733673600  ) GROUP BY `fromid` ORDER BY `total` DESC LIMIT 20 [ RunTime:0.000538s ]
[2024-12-06T22:27:45+08:00][sql] SELECT `id`,`user_nickname`,`avatar`,`avatar_thumb`,`sex`,`signature`,`consumption`,`votestotal`,`province`,`user_status`,`city`,`birthday`,`issuper`,`end_bantime` FROM `cmf_user` WHERE  `id` = 4 LIMIT 1 [ RunTime:0.000468s ]
[2024-12-06T22:27:45+08:00][sql] SELECT * FROM `cmf_vip_user` WHERE  `uid` = 4 LIMIT 1 [ RunTime:0.000476s ]
[2024-12-06T22:27:45+08:00][sql] SELECT * FROM `cmf_liang` WHERE  ( status=1 and state=1 )  AND `uid` = 4 LIMIT 1 [ RunTime:0.000387s ]
[2024-12-06T22:27:45+08:00][sql] SELECT `token` FROM `cmf_user_token` WHERE  ( user_id=4 ) LIMIT 1 [ RunTime:0.000310s ]
[2024-12-06T22:27:45+08:00][sql] SELECT `id`,`user_nickname`,`avatar`,`avatar_thumb`,`sex`,`signature`,`consumption`,`votestotal`,`province`,`user_status`,`city`,`birthday`,`issuper`,`end_bantime` FROM `cmf_user` WHERE  `id` = 2 LIMIT 1 [ RunTime:0.000434s ]
[2024-12-06T22:27:45+08:00][sql] SELECT * FROM `cmf_vip_user` WHERE  `uid` = 2 LIMIT 1 [ RunTime:0.000418s ]
[2024-12-06T22:27:45+08:00][sql] SELECT * FROM `cmf_liang` WHERE  ( status=1 and state=1 )  AND `uid` = 2 LIMIT 1 [ RunTime:0.000386s ]
[2024-12-06T22:27:45+08:00][sql] SELECT `token` FROM `cmf_user_token` WHERE  ( user_id=2 ) LIMIT 1 [ RunTime:0.000300s ]
[2024-12-06T22:27:45+08:00][sql] SELECT SUM(`total`) AS think_sum FROM `cmf_user_voterecord` WHERE  (  action in (1,2) and uid='8' and addtime >=1733068800 and addtime < 1733673600  ) LIMIT 1 [ RunTime:0.000444s ]
[2024-12-06T22:27:45+08:00][sql] SELECT fromid as uid,sum(total) as total FROM `cmf_user_voterecord` WHERE  (  action in (1,2) and uid='8' and addtime >=1732982400 and addtime < 1735660800  ) GROUP BY `fromid` ORDER BY `total` DESC LIMIT 20 [ RunTime:0.000490s ]
[2024-12-06T22:27:45+08:00][sql] SELECT `id`,`user_nickname`,`avatar`,`avatar_thumb`,`sex`,`signature`,`consumption`,`votestotal`,`province`,`user_status`,`city`,`birthday`,`issuper`,`end_bantime` FROM `cmf_user` WHERE  `id` = 4 LIMIT 1 [ RunTime:0.000455s ]
[2024-12-06T22:27:45+08:00][sql] SELECT * FROM `cmf_vip_user` WHERE  `uid` = 4 LIMIT 1 [ RunTime:0.000482s ]
[2024-12-06T22:27:45+08:00][sql] SELECT * FROM `cmf_liang` WHERE  ( status=1 and state=1 )  AND `uid` = 4 LIMIT 1 [ RunTime:0.000392s ]
[2024-12-06T22:27:45+08:00][sql] SELECT `token` FROM `cmf_user_token` WHERE  ( user_id=4 ) LIMIT 1 [ RunTime:0.000308s ]
[2024-12-06T22:27:45+08:00][sql] SELECT `id`,`user_nickname`,`avatar`,`avatar_thumb`,`sex`,`signature`,`consumption`,`votestotal`,`province`,`user_status`,`city`,`birthday`,`issuper`,`end_bantime` FROM `cmf_user` WHERE  `id` = 2 LIMIT 1 [ RunTime:0.000426s ]
[2024-12-06T22:27:45+08:00][sql] SELECT * FROM `cmf_vip_user` WHERE  `uid` = 2 LIMIT 1 [ RunTime:0.000405s ]
[2024-12-06T22:27:45+08:00][sql] SELECT * FROM `cmf_liang` WHERE  ( status=1 and state=1 )  AND `uid` = 2 LIMIT 1 [ RunTime:0.000380s ]
[2024-12-06T22:27:45+08:00][sql] SELECT `token` FROM `cmf_user_token` WHERE  ( user_id=2 ) LIMIT 1 [ RunTime:0.000302s ]
[2024-12-06T22:27:45+08:00][sql] SELECT SUM(`total`) AS think_sum FROM `cmf_user_voterecord` WHERE  (  action in (1,2) and uid='8' and addtime >=1732982400 and addtime < 1735660800  ) LIMIT 1 [ RunTime:0.000444s ]
[2024-12-06T22:27:45+08:00][sql] SELECT fromid as uid,sum(total) as total FROM `cmf_user_voterecord` WHERE  (  action in (1,2) and uid='8'  ) GROUP BY `fromid` ORDER BY `total` DESC LIMIT 20 [ RunTime:0.000462s ]
[2024-12-06T22:27:45+08:00][sql] SELECT `id`,`user_nickname`,`avatar`,`avatar_thumb`,`sex`,`signature`,`consumption`,`votestotal`,`province`,`user_status`,`city`,`birthday`,`issuper`,`end_bantime` FROM `cmf_user` WHERE  `id` = 4 LIMIT 1 [ RunTime:0.000430s ]
[2024-12-06T22:27:45+08:00][sql] SELECT * FROM `cmf_vip_user` WHERE  `uid` = 4 LIMIT 1 [ RunTime:0.000479s ]
[2024-12-06T22:27:45+08:00][sql] SELECT * FROM `cmf_liang` WHERE  ( status=1 and state=1 )  AND `uid` = 4 LIMIT 1 [ RunTime:0.000391s ]
[2024-12-06T22:27:45+08:00][sql] SELECT `token` FROM `cmf_user_token` WHERE  ( user_id=4 ) LIMIT 1 [ RunTime:0.000292s ]
[2024-12-06T22:27:45+08:00][sql] SELECT `id`,`user_nickname`,`avatar`,`avatar_thumb`,`sex`,`signature`,`consumption`,`votestotal`,`province`,`user_status`,`city`,`birthday`,`issuper`,`end_bantime` FROM `cmf_user` WHERE  `id` = 2 LIMIT 1 [ RunTime:0.000440s ]
[2024-12-06T22:27:45+08:00][sql] SELECT * FROM `cmf_vip_user` WHERE  `uid` = 2 LIMIT 1 [ RunTime:0.000417s ]
[2024-12-06T22:27:45+08:00][sql] SELECT * FROM `cmf_liang` WHERE  ( status=1 and state=1 )  AND `uid` = 2 LIMIT 1 [ RunTime:0.000426s ]
[2024-12-06T22:27:45+08:00][sql] SELECT `token` FROM `cmf_user_token` WHERE  ( user_id=2 ) LIMIT 1 [ RunTime:0.000311s ]
[2024-12-06T22:27:45+08:00][sql] SELECT SUM(`total`) AS think_sum FROM `cmf_user_voterecord` WHERE  (  action in (1,2) and uid='8'  ) LIMIT 1 [ RunTime:0.000438s ]
[2024-12-06T22:27:45+08:00][sql] SHOW FULL COLUMNS FROM `cmf_theme_file` [ RunTime:0.001498s ]
[2024-12-06T22:27:45+08:00][sql] SELECT `more` FROM `cmf_theme_file` WHERE  `theme` = 'default'  AND (  `is_public` = 1 OR `file` = '../appapi/contribute/index' ) [ RunTime:0.000468s ]
[2024-12-06T22:27:45+08:00][sql] CONNECT:[ UseTime:0.000629s ] mysql:host=127.0.0.1;port=3306;dbname=zhibo;charset=utf8mb4
[2024-12-06T22:27:45+08:00][sql] SHOW FULL COLUMNS FROM `cmf_hook` [ RunTime:0.001539s ]
[2024-12-06T22:27:45+08:00][sql] SELECT `hook`,`id` FROM `cmf_hook` WHERE  (  (  `app` = '' OR `app` = 'cmf' )  AND `type` = 3 ) OR `type` = 1 [ RunTime:0.000596s ]
[2024-12-06T22:27:45+08:00][sql] SHOW FULL COLUMNS FROM `cmf_hook_plugin` [ RunTime:0.001212s ]
[2024-12-06T22:27:45+08:00][sql] SELECT `hook`,`plugin` FROM `cmf_hook_plugin` WHERE  `status` = 1  AND `hook` IN ('app_begin','module_init','action_begin','view_filter','app_end','log_write','response_end','admin_init','home_init','send_mobile_verification_code','body_start','before_head_end','footer_start','before_footer','before_footer_end','before_body_end','left_sidebar_start','before_left_sidebar_end','right_sidebar_start','before_right_sidebar_end','comment','guestbook','switch_theme','after_content','before_content','log_write_done','switch_admin_theme','captcha_image') ORDER BY `list_order` ASC [ RunTime:0.000673s ]
[2024-12-06T22:27:46+08:00][sql] CONNECT:[ UseTime:0.000646s ] mysql:host=127.0.0.1;port=3306;dbname=zhibo;charset=utf8mb4
[2024-12-06T22:27:46+08:00][sql] SHOW FULL COLUMNS FROM `cmf_hook` [ RunTime:0.001523s ]
[2024-12-06T22:27:46+08:00][sql] SELECT `hook`,`id` FROM `cmf_hook` WHERE  (  (  `app` = '' OR `app` = 'cmf' )  AND `type` = 3 ) OR `type` = 1 [ RunTime:0.000648s ]
[2024-12-06T22:27:46+08:00][sql] SHOW FULL COLUMNS FROM `cmf_hook_plugin` [ RunTime:0.001294s ]
[2024-12-06T22:27:46+08:00][sql] SELECT `hook`,`plugin` FROM `cmf_hook_plugin` WHERE  `status` = 1  AND `hook` IN ('app_begin','module_init','action_begin','view_filter','app_end','log_write','response_end','admin_init','home_init','send_mobile_verification_code','body_start','before_head_end','footer_start','before_footer','before_footer_end','before_body_end','left_sidebar_start','before_left_sidebar_end','right_sidebar_start','before_right_sidebar_end','comment','guestbook','switch_theme','after_content','before_content','log_write_done','switch_admin_theme','captcha_image') ORDER BY `list_order` ASC [ RunTime:0.000716s ]
[2024-12-06T22:35:30+08:00][sql] CONNECT:[ UseTime:0.000644s ] mysql:host=127.0.0.1;port=3306;dbname=zhibo;charset=utf8mb4
[2024-12-06T22:35:30+08:00][sql] SHOW FULL COLUMNS FROM `cmf_hook` [ RunTime:0.001536s ]
[2024-12-06T22:35:30+08:00][sql] SELECT `hook`,`id` FROM `cmf_hook` WHERE  (  (  `app` = '' OR `app` = 'cmf' )  AND `type` = 3 ) OR `type` = 1 [ RunTime:0.000630s ]
[2024-12-06T22:35:30+08:00][sql] SHOW FULL COLUMNS FROM `cmf_hook_plugin` [ RunTime:0.001246s ]
[2024-12-06T22:35:30+08:00][sql] SELECT `hook`,`plugin` FROM `cmf_hook_plugin` WHERE  `status` = 1  AND `hook` IN ('app_begin','module_init','action_begin','view_filter','app_end','log_write','response_end','admin_init','home_init','send_mobile_verification_code','body_start','before_head_end','footer_start','before_footer','before_footer_end','before_body_end','left_sidebar_start','before_left_sidebar_end','right_sidebar_start','before_right_sidebar_end','comment','guestbook','switch_theme','after_content','before_content','log_write_done','switch_admin_theme','captcha_image') ORDER BY `list_order` ASC [ RunTime:0.000745s ]
[2024-12-06T22:35:30+08:00][sql] SHOW FULL COLUMNS FROM `cmf_plugin` [ RunTime:0.001519s ]
[2024-12-06T22:35:30+08:00][sql] SELECT `config` FROM `cmf_plugin` WHERE  `name` = 'Qiniu' LIMIT 1 [ RunTime:0.000437s ]
[2024-12-06T22:35:30+08:00][sql] SHOW FULL COLUMNS FROM `cmf_user_voterecord` [ RunTime:0.001523s ]
[2024-12-06T22:35:30+08:00][sql] SELECT fromid as uid,sum(total) as total FROM `cmf_user_voterecord` WHERE  (  action in (1,2) and uid='8' and addtime >=1733414400 and addtime < 1733500800  ) GROUP BY `fromid` ORDER BY `total` DESC LIMIT 20 [ RunTime:0.000719s ]
[2024-12-06T22:35:30+08:00][sql] SHOW FULL COLUMNS FROM `cmf_user` [ RunTime:0.001564s ]
[2024-12-06T22:35:30+08:00][sql] SELECT `id`,`user_nickname`,`avatar`,`avatar_thumb`,`sex`,`signature`,`consumption`,`votestotal`,`province`,`user_status`,`city`,`birthday`,`issuper`,`end_bantime` FROM `cmf_user` WHERE  `id` = 4 LIMIT 1 [ RunTime:0.000625s ]
[2024-12-06T22:35:30+08:00][sql] SHOW FULL COLUMNS FROM `cmf_vip_user` [ RunTime:0.001410s ]
[2024-12-06T22:35:30+08:00][sql] SELECT * FROM `cmf_vip_user` WHERE  `uid` = 4 LIMIT 1 [ RunTime:0.000411s ]
[2024-12-06T22:35:30+08:00][sql] SHOW FULL COLUMNS FROM `cmf_liang` [ RunTime:0.001257s ]
[2024-12-06T22:35:30+08:00][sql] SELECT * FROM `cmf_liang` WHERE  ( status=1 and state=1 )  AND `uid` = 4 LIMIT 1 [ RunTime:0.000453s ]
[2024-12-06T22:35:30+08:00][sql] SHOW FULL COLUMNS FROM `cmf_user_token` [ RunTime:0.001209s ]
[2024-12-06T22:35:30+08:00][sql] SELECT `token` FROM `cmf_user_token` WHERE  ( user_id=4 ) LIMIT 1 [ RunTime:0.000399s ]
[2024-12-06T22:35:30+08:00][sql] SELECT `id`,`user_nickname`,`avatar`,`avatar_thumb`,`sex`,`signature`,`consumption`,`votestotal`,`province`,`user_status`,`city`,`birthday`,`issuper`,`end_bantime` FROM `cmf_user` WHERE  `id` = 2 LIMIT 1 [ RunTime:0.000435s ]
[2024-12-06T22:35:30+08:00][sql] SELECT * FROM `cmf_vip_user` WHERE  `uid` = 2 LIMIT 1 [ RunTime:0.000372s ]
[2024-12-06T22:35:30+08:00][sql] SELECT * FROM `cmf_liang` WHERE  ( status=1 and state=1 )  AND `uid` = 2 LIMIT 1 [ RunTime:0.000378s ]
[2024-12-06T22:35:30+08:00][sql] SELECT `token` FROM `cmf_user_token` WHERE  ( user_id=2 ) LIMIT 1 [ RunTime:0.000295s ]
[2024-12-06T22:35:30+08:00][sql] SELECT SUM(`total`) AS think_sum FROM `cmf_user_voterecord` WHERE  (  action in (1,2) and uid='8' and addtime >=1733414400 and addtime < 1733500800  ) LIMIT 1 [ RunTime:0.000457s ]
[2024-12-06T22:35:30+08:00][sql] SELECT fromid as uid,sum(total) as total FROM `cmf_user_voterecord` WHERE  (  action in (1,2) and uid='8' and addtime >=1733068800 and addtime < 1733673600  ) GROUP BY `fromid` ORDER BY `total` DESC LIMIT 20 [ RunTime:0.000581s ]
[2024-12-06T22:35:30+08:00][sql] SELECT `id`,`user_nickname`,`avatar`,`avatar_thumb`,`sex`,`signature`,`consumption`,`votestotal`,`province`,`user_status`,`city`,`birthday`,`issuper`,`end_bantime` FROM `cmf_user` WHERE  `id` = 4 LIMIT 1 [ RunTime:0.000434s ]
[2024-12-06T22:35:30+08:00][sql] SELECT * FROM `cmf_vip_user` WHERE  `uid` = 4 LIMIT 1 [ RunTime:0.000460s ]
[2024-12-06T22:35:30+08:00][sql] SELECT * FROM `cmf_liang` WHERE  ( status=1 and state=1 )  AND `uid` = 4 LIMIT 1 [ RunTime:0.000376s ]
[2024-12-06T22:35:30+08:00][sql] SELECT `token` FROM `cmf_user_token` WHERE  ( user_id=4 ) LIMIT 1 [ RunTime:0.000311s ]
[2024-12-06T22:35:30+08:00][sql] SELECT `id`,`user_nickname`,`avatar`,`avatar_thumb`,`sex`,`signature`,`consumption`,`votestotal`,`province`,`user_status`,`city`,`birthday`,`issuper`,`end_bantime` FROM `cmf_user` WHERE  `id` = 2 LIMIT 1 [ RunTime:0.000432s ]
[2024-12-06T22:35:30+08:00][sql] SELECT * FROM `cmf_vip_user` WHERE  `uid` = 2 LIMIT 1 [ RunTime:0.000424s ]
[2024-12-06T22:35:30+08:00][sql] SELECT * FROM `cmf_liang` WHERE  ( status=1 and state=1 )  AND `uid` = 2 LIMIT 1 [ RunTime:0.000369s ]
[2024-12-06T22:35:30+08:00][sql] SELECT `token` FROM `cmf_user_token` WHERE  ( user_id=2 ) LIMIT 1 [ RunTime:0.000319s ]
[2024-12-06T22:35:30+08:00][sql] SELECT SUM(`total`) AS think_sum FROM `cmf_user_voterecord` WHERE  (  action in (1,2) and uid='8' and addtime >=1733068800 and addtime < 1733673600  ) LIMIT 1 [ RunTime:0.000456s ]
[2024-12-06T22:35:30+08:00][sql] SELECT fromid as uid,sum(total) as total FROM `cmf_user_voterecord` WHERE  (  action in (1,2) and uid='8' and addtime >=1732982400 and addtime < 1735660800  ) GROUP BY `fromid` ORDER BY `total` DESC LIMIT 20 [ RunTime:0.000524s ]
[2024-12-06T22:35:30+08:00][sql] SELECT `id`,`user_nickname`,`avatar`,`avatar_thumb`,`sex`,`signature`,`consumption`,`votestotal`,`province`,`user_status`,`city`,`birthday`,`issuper`,`end_bantime` FROM `cmf_user` WHERE  `id` = 4 LIMIT 1 [ RunTime:0.000432s ]
[2024-12-06T22:35:30+08:00][sql] SELECT * FROM `cmf_vip_user` WHERE  `uid` = 4 LIMIT 1 [ RunTime:0.000479s ]
[2024-12-06T22:35:30+08:00][sql] SELECT * FROM `cmf_liang` WHERE  ( status=1 and state=1 )  AND `uid` = 4 LIMIT 1 [ RunTime:0.000403s ]
[2024-12-06T22:35:30+08:00][sql] SELECT `token` FROM `cmf_user_token` WHERE  ( user_id=4 ) LIMIT 1 [ RunTime:0.000306s ]
[2024-12-06T22:35:30+08:00][sql] SELECT `id`,`user_nickname`,`avatar`,`avatar_thumb`,`sex`,`signature`,`consumption`,`votestotal`,`province`,`user_status`,`city`,`birthday`,`issuper`,`end_bantime` FROM `cmf_user` WHERE  `id` = 2 LIMIT 1 [ RunTime:0.000449s ]
[2024-12-06T22:35:30+08:00][sql] SELECT * FROM `cmf_vip_user` WHERE  `uid` = 2 LIMIT 1 [ RunTime:0.000417s ]
[2024-12-06T22:35:30+08:00][sql] SELECT * FROM `cmf_liang` WHERE  ( status=1 and state=1 )  AND `uid` = 2 LIMIT 1 [ RunTime:0.000399s ]
[2024-12-06T22:35:30+08:00][sql] SELECT `token` FROM `cmf_user_token` WHERE  ( user_id=2 ) LIMIT 1 [ RunTime:0.000290s ]
[2024-12-06T22:35:30+08:00][sql] SELECT SUM(`total`) AS think_sum FROM `cmf_user_voterecord` WHERE  (  action in (1,2) and uid='8' and addtime >=1732982400 and addtime < 1735660800  ) LIMIT 1 [ RunTime:0.000458s ]
[2024-12-06T22:35:30+08:00][sql] SELECT fromid as uid,sum(total) as total FROM `cmf_user_voterecord` WHERE  (  action in (1,2) and uid='8'  ) GROUP BY `fromid` ORDER BY `total` DESC LIMIT 20 [ RunTime:0.000469s ]
[2024-12-06T22:35:30+08:00][sql] SELECT `id`,`user_nickname`,`avatar`,`avatar_thumb`,`sex`,`signature`,`consumption`,`votestotal`,`province`,`user_status`,`city`,`birthday`,`issuper`,`end_bantime` FROM `cmf_user` WHERE  `id` = 4 LIMIT 1 [ RunTime:0.000475s ]
[2024-12-06T22:35:30+08:00][sql] SELECT * FROM `cmf_vip_user` WHERE  `uid` = 4 LIMIT 1 [ RunTime:0.000476s ]
[2024-12-06T22:35:30+08:00][sql] SELECT * FROM `cmf_liang` WHERE  ( status=1 and state=1 )  AND `uid` = 4 LIMIT 1 [ RunTime:0.000398s ]
[2024-12-06T22:35:30+08:00][sql] SELECT `token` FROM `cmf_user_token` WHERE  ( user_id=4 ) LIMIT 1 [ RunTime:0.000320s ]
[2024-12-06T22:35:30+08:00][sql] SELECT `id`,`user_nickname`,`avatar`,`avatar_thumb`,`sex`,`signature`,`consumption`,`votestotal`,`province`,`user_status`,`city`,`birthday`,`issuper`,`end_bantime` FROM `cmf_user` WHERE  `id` = 2 LIMIT 1 [ RunTime:0.000463s ]
[2024-12-06T22:35:30+08:00][sql] SELECT * FROM `cmf_vip_user` WHERE  `uid` = 2 LIMIT 1 [ RunTime:0.000404s ]
[2024-12-06T22:35:30+08:00][sql] SELECT * FROM `cmf_liang` WHERE  ( status=1 and state=1 )  AND `uid` = 2 LIMIT 1 [ RunTime:0.000393s ]
[2024-12-06T22:35:30+08:00][sql] SELECT `token` FROM `cmf_user_token` WHERE  ( user_id=2 ) LIMIT 1 [ RunTime:0.000288s ]
[2024-12-06T22:35:30+08:00][sql] SELECT SUM(`total`) AS think_sum FROM `cmf_user_voterecord` WHERE  (  action in (1,2) and uid='8'  ) LIMIT 1 [ RunTime:0.000444s ]
[2024-12-06T22:35:30+08:00][sql] SHOW FULL COLUMNS FROM `cmf_theme_file` [ RunTime:0.001441s ]
[2024-12-06T22:35:30+08:00][sql] SELECT `more` FROM `cmf_theme_file` WHERE  `theme` = 'default'  AND (  `is_public` = 1 OR `file` = '../appapi/contribute/index' ) [ RunTime:0.000512s ]
[2024-12-06T22:35:30+08:00][sql] CONNECT:[ UseTime:0.000633s ] mysql:host=127.0.0.1;port=3306;dbname=zhibo;charset=utf8mb4
[2024-12-06T22:35:30+08:00][sql] SHOW FULL COLUMNS FROM `cmf_hook` [ RunTime:0.001461s ]
[2024-12-06T22:35:30+08:00][sql] SELECT `hook`,`id` FROM `cmf_hook` WHERE  (  (  `app` = '' OR `app` = 'cmf' )  AND `type` = 3 ) OR `type` = 1 [ RunTime:0.000613s ]
[2024-12-06T22:35:30+08:00][sql] SHOW FULL COLUMNS FROM `cmf_hook_plugin` [ RunTime:0.001161s ]
[2024-12-06T22:35:30+08:00][sql] SELECT `hook`,`plugin` FROM `cmf_hook_plugin` WHERE  `status` = 1  AND `hook` IN ('app_begin','module_init','action_begin','view_filter','app_end','log_write','response_end','admin_init','home_init','send_mobile_verification_code','body_start','before_head_end','footer_start','before_footer','before_footer_end','before_body_end','left_sidebar_start','before_left_sidebar_end','right_sidebar_start','before_right_sidebar_end','comment','guestbook','switch_theme','after_content','before_content','log_write_done','switch_admin_theme','captcha_image') ORDER BY `list_order` ASC [ RunTime:0.000729s ]
[2024-12-06T22:35:30+08:00][sql] CONNECT:[ UseTime:0.000639s ] mysql:host=127.0.0.1;port=3306;dbname=zhibo;charset=utf8mb4
[2024-12-06T22:35:30+08:00][sql] SHOW FULL COLUMNS FROM `cmf_hook` [ RunTime:0.001615s ]
[2024-12-06T22:35:30+08:00][sql] SELECT `hook`,`id` FROM `cmf_hook` WHERE  (  (  `app` = '' OR `app` = 'cmf' )  AND `type` = 3 ) OR `type` = 1 [ RunTime:0.000704s ]
[2024-12-06T22:35:30+08:00][sql] SHOW FULL COLUMNS FROM `cmf_hook_plugin` [ RunTime:0.001369s ]
[2024-12-06T22:35:30+08:00][sql] SELECT `hook`,`plugin` FROM `cmf_hook_plugin` WHERE  `status` = 1  AND `hook` IN ('app_begin','module_init','action_begin','view_filter','app_end','log_write','response_end','admin_init','home_init','send_mobile_verification_code','body_start','before_head_end','footer_start','before_footer','before_footer_end','before_body_end','left_sidebar_start','before_left_sidebar_end','right_sidebar_start','before_right_sidebar_end','comment','guestbook','switch_theme','after_content','before_content','log_write_done','switch_admin_theme','captcha_image') ORDER BY `list_order` ASC [ RunTime:0.000690s ]
[2024-12-06T22:37:23+08:00][sql] CONNECT:[ UseTime:0.000617s ] mysql:host=127.0.0.1;port=3306;dbname=zhibo;charset=utf8mb4
[2024-12-06T22:37:23+08:00][sql] SHOW FULL COLUMNS FROM `cmf_hook` [ RunTime:0.001498s ]
[2024-12-06T22:37:23+08:00][sql] SELECT `hook`,`id` FROM `cmf_hook` WHERE  (  (  `app` = '' OR `app` = 'cmf' )  AND `type` = 3 ) OR `type` = 1 [ RunTime:0.000655s ]
[2024-12-06T22:37:23+08:00][sql] SHOW FULL COLUMNS FROM `cmf_hook_plugin` [ RunTime:0.001154s ]
[2024-12-06T22:37:23+08:00][sql] SELECT `hook`,`plugin` FROM `cmf_hook_plugin` WHERE  `status` = 1  AND `hook` IN ('app_begin','module_init','action_begin','view_filter','app_end','log_write','response_end','admin_init','home_init','send_mobile_verification_code','body_start','before_head_end','footer_start','before_footer','before_footer_end','before_body_end','left_sidebar_start','before_left_sidebar_end','right_sidebar_start','before_right_sidebar_end','comment','guestbook','switch_theme','after_content','before_content','log_write_done','switch_admin_theme','captcha_image') ORDER BY `list_order` ASC [ RunTime:0.000750s ]
[2024-12-06T22:37:23+08:00][sql] SHOW FULL COLUMNS FROM `cmf_plugin` [ RunTime:0.001662s ]
[2024-12-06T22:37:23+08:00][sql] SELECT `config` FROM `cmf_plugin` WHERE  `name` = 'Qiniu' LIMIT 1 [ RunTime:0.000412s ]
[2024-12-06T22:37:23+08:00][sql] SHOW FULL COLUMNS FROM `cmf_portal_post` [ RunTime:0.001515s ]
[2024-12-06T22:37:23+08:00][sql] SELECT * FROM `cmf_portal_post` WHERE  `id` = 26 LIMIT 1 [ RunTime:0.000500s ]
[2024-12-06T22:37:23+08:00][sql] SHOW FULL COLUMNS FROM `cmf_theme_file` [ RunTime:0.001396s ]
[2024-12-06T22:37:23+08:00][sql] SELECT `more` FROM `cmf_theme_file` WHERE  `theme` = 'default'  AND (  `is_public` = 1 OR `file` = '../portal/page/index' ) [ RunTime:0.000494s ]
[2024-12-06T22:37:23+08:00][sql] CONNECT:[ UseTime:0.000651s ] mysql:host=127.0.0.1;port=3306;dbname=zhibo;charset=utf8mb4
[2024-12-06T22:37:23+08:00][sql] SHOW FULL COLUMNS FROM `cmf_hook` [ RunTime:0.001525s ]
[2024-12-06T22:37:23+08:00][sql] SELECT `hook`,`id` FROM `cmf_hook` WHERE  (  (  `app` = '' OR `app` = 'cmf' )  AND `type` = 3 ) OR `type` = 1 [ RunTime:0.000617s ]
[2024-12-06T22:37:23+08:00][sql] SHOW FULL COLUMNS FROM `cmf_hook_plugin` [ RunTime:0.001199s ]
[2024-12-06T22:37:23+08:00][sql] SELECT `hook`,`plugin` FROM `cmf_hook_plugin` WHERE  `status` = 1  AND `hook` IN ('app_begin','module_init','action_begin','view_filter','app_end','log_write','response_end','admin_init','home_init','send_mobile_verification_code','body_start','before_head_end','footer_start','before_footer','before_footer_end','before_body_end','left_sidebar_start','before_left_sidebar_end','right_sidebar_start','before_right_sidebar_end','comment','guestbook','switch_theme','after_content','before_content','log_write_done','switch_admin_theme','captcha_image') ORDER BY `list_order` ASC [ RunTime:0.000680s ]
[2024-12-06T22:37:23+08:00][sql] CONNECT:[ UseTime:0.000639s ] mysql:host=127.0.0.1;port=3306;dbname=zhibo;charset=utf8mb4
[2024-12-06T22:37:23+08:00][sql] SHOW FULL COLUMNS FROM `cmf_hook` [ RunTime:0.001573s ]
[2024-12-06T22:37:23+08:00][sql] SELECT `hook`,`id` FROM `cmf_hook` WHERE  (  (  `app` = '' OR `app` = 'cmf' )  AND `type` = 3 ) OR `type` = 1 [ RunTime:0.000651s ]
[2024-12-06T22:37:23+08:00][sql] SHOW FULL COLUMNS FROM `cmf_hook_plugin` [ RunTime:0.001244s ]
[2024-12-06T22:37:23+08:00][sql] SELECT `hook`,`plugin` FROM `cmf_hook_plugin` WHERE  `status` = 1  AND `hook` IN ('app_begin','module_init','action_begin','view_filter','app_end','log_write','response_end','admin_init','home_init','send_mobile_verification_code','body_start','before_head_end','footer_start','before_footer','before_footer_end','before_body_end','left_sidebar_start','before_left_sidebar_end','right_sidebar_start','before_right_sidebar_end','comment','guestbook','switch_theme','after_content','before_content','log_write_done','switch_admin_theme','captcha_image') ORDER BY `list_order` ASC [ RunTime:0.000703s ]
[2024-12-06T22:39:46+08:00][sql] CONNECT:[ UseTime:0.000663s ] mysql:host=127.0.0.1;port=3306;dbname=zhibo;charset=utf8mb4
[2024-12-06T22:39:46+08:00][sql] SHOW FULL COLUMNS FROM `cmf_hook` [ RunTime:0.001523s ]
[2024-12-06T22:39:46+08:00][sql] SELECT `hook`,`id` FROM `cmf_hook` WHERE  (  (  `app` = '' OR `app` = 'cmf' )  AND `type` = 3 ) OR `type` = 1 [ RunTime:0.000693s ]
[2024-12-06T22:39:46+08:00][sql] SHOW FULL COLUMNS FROM `cmf_hook_plugin` [ RunTime:0.001231s ]
[2024-12-06T22:39:46+08:00][sql] SELECT `hook`,`plugin` FROM `cmf_hook_plugin` WHERE  `status` = 1  AND `hook` IN ('app_begin','module_init','action_begin','view_filter','app_end','log_write','response_end','admin_init','home_init','send_mobile_verification_code','body_start','before_head_end','footer_start','before_footer','before_footer_end','before_body_end','left_sidebar_start','before_left_sidebar_end','right_sidebar_start','before_right_sidebar_end','comment','guestbook','switch_theme','after_content','before_content','log_write_done','switch_admin_theme','captcha_image') ORDER BY `list_order` ASC [ RunTime:0.000729s ]
[2024-12-06T22:39:46+08:00][sql] SHOW FULL COLUMNS FROM `cmf_plugin` [ RunTime:0.001668s ]
[2024-12-06T22:39:46+08:00][sql] SELECT `config` FROM `cmf_plugin` WHERE  `name` = 'Qiniu' LIMIT 1 [ RunTime:0.000491s ]
[2024-12-06T22:39:46+08:00][sql] SHOW FULL COLUMNS FROM `cmf_user_voterecord` [ RunTime:0.001578s ]
[2024-12-06T22:39:46+08:00][sql] SELECT fromid as uid,sum(total) as total FROM `cmf_user_voterecord` WHERE  (  action in (1,2) and uid='10' and addtime >=1733414400 and addtime < 1733500800  ) GROUP BY `fromid` ORDER BY `total` DESC LIMIT 20 [ RunTime:0.000606s ]
[2024-12-06T22:39:46+08:00][sql] SELECT SUM(`total`) AS think_sum FROM `cmf_user_voterecord` WHERE  (  action in (1,2) and uid='10' and addtime >=1733414400 and addtime < 1733500800  ) LIMIT 1 [ RunTime:0.000393s ]
[2024-12-06T22:39:46+08:00][sql] SELECT fromid as uid,sum(total) as total FROM `cmf_user_voterecord` WHERE  (  action in (1,2) and uid='10' and addtime >=1733068800 and addtime < 1733673600  ) GROUP BY `fromid` ORDER BY `total` DESC LIMIT 20 [ RunTime:0.000449s ]
[2024-12-06T22:39:46+08:00][sql] SELECT SUM(`total`) AS think_sum FROM `cmf_user_voterecord` WHERE  (  action in (1,2) and uid='10' and addtime >=1733068800 and addtime < 1733673600  ) LIMIT 1 [ RunTime:0.000379s ]
[2024-12-06T22:39:46+08:00][sql] SELECT fromid as uid,sum(total) as total FROM `cmf_user_voterecord` WHERE  (  action in (1,2) and uid='10' and addtime >=1732982400 and addtime < 1735660800  ) GROUP BY `fromid` ORDER BY `total` DESC LIMIT 20 [ RunTime:0.000430s ]
[2024-12-06T22:39:46+08:00][sql] SELECT SUM(`total`) AS think_sum FROM `cmf_user_voterecord` WHERE  (  action in (1,2) and uid='10' and addtime >=1732982400 and addtime < 1735660800  ) LIMIT 1 [ RunTime:0.000366s ]
[2024-12-06T22:39:46+08:00][sql] SELECT fromid as uid,sum(total) as total FROM `cmf_user_voterecord` WHERE  (  action in (1,2) and uid='10'  ) GROUP BY `fromid` ORDER BY `total` DESC LIMIT 20 [ RunTime:0.000405s ]
[2024-12-06T22:39:46+08:00][sql] SELECT SUM(`total`) AS think_sum FROM `cmf_user_voterecord` WHERE  (  action in (1,2) and uid='10'  ) LIMIT 1 [ RunTime:0.000370s ]
[2024-12-06T22:39:46+08:00][sql] SHOW FULL COLUMNS FROM `cmf_theme_file` [ RunTime:0.001614s ]
[2024-12-06T22:39:46+08:00][sql] SELECT `more` FROM `cmf_theme_file` WHERE  `theme` = 'default'  AND (  `is_public` = 1 OR `file` = '../appapi/contribute/index' ) [ RunTime:0.000523s ]
[2024-12-06T22:39:46+08:00][sql] CONNECT:[ UseTime:0.000677s ] mysql:host=127.0.0.1;port=3306;dbname=zhibo;charset=utf8mb4
[2024-12-06T22:39:46+08:00][sql] SHOW FULL COLUMNS FROM `cmf_hook` [ RunTime:0.001537s ]
[2024-12-06T22:39:46+08:00][sql] SELECT `hook`,`id` FROM `cmf_hook` WHERE  (  (  `app` = '' OR `app` = 'cmf' )  AND `type` = 3 ) OR `type` = 1 [ RunTime:0.000641s ]
[2024-12-06T22:39:46+08:00][sql] SHOW FULL COLUMNS FROM `cmf_hook_plugin` [ RunTime:0.001222s ]
[2024-12-06T22:39:46+08:00][sql] SELECT `hook`,`plugin` FROM `cmf_hook_plugin` WHERE  `status` = 1  AND `hook` IN ('app_begin','module_init','action_begin','view_filter','app_end','log_write','response_end','admin_init','home_init','send_mobile_verification_code','body_start','before_head_end','footer_start','before_footer','before_footer_end','before_body_end','left_sidebar_start','before_left_sidebar_end','right_sidebar_start','before_right_sidebar_end','comment','guestbook','switch_theme','after_content','before_content','log_write_done','switch_admin_theme','captcha_image') ORDER BY `list_order` ASC [ RunTime:0.000671s ]
[2024-12-06T22:39:47+08:00][sql] CONNECT:[ UseTime:0.000653s ] mysql:host=127.0.0.1;port=3306;dbname=zhibo;charset=utf8mb4
[2024-12-06T22:39:47+08:00][sql] SHOW FULL COLUMNS FROM `cmf_hook` [ RunTime:0.001510s ]
[2024-12-06T22:39:47+08:00][sql] SELECT `hook`,`id` FROM `cmf_hook` WHERE  (  (  `app` = '' OR `app` = 'cmf' )  AND `type` = 3 ) OR `type` = 1 [ RunTime:0.000654s ]
[2024-12-06T22:39:47+08:00][sql] SHOW FULL COLUMNS FROM `cmf_hook_plugin` [ RunTime:0.001194s ]
[2024-12-06T22:39:47+08:00][sql] SELECT `hook`,`plugin` FROM `cmf_hook_plugin` WHERE  `status` = 1  AND `hook` IN ('app_begin','module_init','action_begin','view_filter','app_end','log_write','response_end','admin_init','home_init','send_mobile_verification_code','body_start','before_head_end','footer_start','before_footer','before_footer_end','before_body_end','left_sidebar_start','before_left_sidebar_end','right_sidebar_start','before_right_sidebar_end','comment','guestbook','switch_theme','after_content','before_content','log_write_done','switch_admin_theme','captcha_image') ORDER BY `list_order` ASC [ RunTime:0.000677s ]
[2024-12-06T22:40:28+08:00][sql] CONNECT:[ UseTime:0.000651s ] mysql:host=127.0.0.1;port=3306;dbname=zhibo;charset=utf8mb4
[2024-12-06T22:40:28+08:00][sql] SHOW FULL COLUMNS FROM `cmf_hook` [ RunTime:0.001479s ]
[2024-12-06T22:40:28+08:00][sql] SELECT `hook`,`id` FROM `cmf_hook` WHERE  (  (  `app` = '' OR `app` = 'cmf' )  AND `type` = 3 ) OR `type` = 1 [ RunTime:0.000642s ]
[2024-12-06T22:40:28+08:00][sql] SHOW FULL COLUMNS FROM `cmf_hook_plugin` [ RunTime:0.001154s ]
[2024-12-06T22:40:28+08:00][sql] SELECT `hook`,`plugin` FROM `cmf_hook_plugin` WHERE  `status` = 1  AND `hook` IN ('app_begin','module_init','action_begin','view_filter','app_end','log_write','response_end','admin_init','home_init','send_mobile_verification_code','body_start','before_head_end','footer_start','before_footer','before_footer_end','before_body_end','left_sidebar_start','before_left_sidebar_end','right_sidebar_start','before_right_sidebar_end','comment','guestbook','switch_theme','after_content','before_content','log_write_done','switch_admin_theme','captcha_image') ORDER BY `list_order` ASC [ RunTime:0.000714s ]
[2024-12-06T22:40:28+08:00][sql] SHOW FULL COLUMNS FROM `cmf_plugin` [ RunTime:0.001617s ]
[2024-12-06T22:40:28+08:00][sql] SELECT `config` FROM `cmf_plugin` WHERE  `name` = 'Qiniu' LIMIT 1 [ RunTime:0.000455s ]
[2024-12-06T22:40:28+08:00][sql] SHOW FULL COLUMNS FROM `cmf_user_voterecord` [ RunTime:0.001437s ]
[2024-12-06T22:40:28+08:00][sql] SELECT fromid,actionid,sum(nums) as num,sum(total) as totalall FROM `cmf_user_voterecord` WHERE  `action` = 1  AND `uid` = 2 GROUP BY `fromid`,`actionid`,`showid` ORDER BY `addtime` DESC LIMIT 0,50 [ RunTime:0.000687s ]
[2024-12-06T22:40:28+08:00][sql] SHOW FULL COLUMNS FROM `cmf_live_record` [ RunTime:0.001312s ]
[2024-12-06T22:40:28+08:00][sql] SELECT `starttime`,`endtime` FROM `cmf_live_record` WHERE  `uid` = 2 ORDER BY `starttime` DESC LIMIT 0,50 [ RunTime:0.000467s ]
[2024-12-06T22:40:28+08:00][sql] SHOW FULL COLUMNS FROM `cmf_theme_file` [ RunTime:0.001399s ]
[2024-12-06T22:40:28+08:00][sql] SELECT `more` FROM `cmf_theme_file` WHERE  `theme` = 'default'  AND (  `is_public` = 1 OR `file` = '../appapi/detail/index' ) [ RunTime:0.000492s ]
[2024-12-06T22:40:30+08:00][sql] CONNECT:[ UseTime:0.000599s ] mysql:host=127.0.0.1;port=3306;dbname=zhibo;charset=utf8mb4
[2024-12-06T22:40:30+08:00][sql] SHOW FULL COLUMNS FROM `cmf_hook` [ RunTime:0.001485s ]
[2024-12-06T22:40:30+08:00][sql] SELECT `hook`,`id` FROM `cmf_hook` WHERE  (  (  `app` = '' OR `app` = 'cmf' )  AND `type` = 3 ) OR `type` = 1 [ RunTime:0.000608s ]
[2024-12-06T22:40:30+08:00][sql] SHOW FULL COLUMNS FROM `cmf_hook_plugin` [ RunTime:0.001228s ]
[2024-12-06T22:40:30+08:00][sql] SELECT `hook`,`plugin` FROM `cmf_hook_plugin` WHERE  `status` = 1  AND `hook` IN ('app_begin','module_init','action_begin','view_filter','app_end','log_write','response_end','admin_init','home_init','send_mobile_verification_code','body_start','before_head_end','footer_start','before_footer','before_footer_end','before_body_end','left_sidebar_start','before_left_sidebar_end','right_sidebar_start','before_right_sidebar_end','comment','guestbook','switch_theme','after_content','before_content','log_write_done','switch_admin_theme','captcha_image') ORDER BY `list_order` ASC [ RunTime:0.000732s ]
[2024-12-06T22:40:30+08:00][sql] CONNECT:[ UseTime:0.000641s ] mysql:host=127.0.0.1;port=3306;dbname=zhibo;charset=utf8mb4
[2024-12-06T22:40:30+08:00][sql] SHOW FULL COLUMNS FROM `cmf_hook` [ RunTime:0.001569s ]
[2024-12-06T22:40:30+08:00][sql] SELECT `hook`,`id` FROM `cmf_hook` WHERE  (  (  `app` = '' OR `app` = 'cmf' )  AND `type` = 3 ) OR `type` = 1 [ RunTime:0.000635s ]
[2024-12-06T22:40:30+08:00][sql] SHOW FULL COLUMNS FROM `cmf_hook_plugin` [ RunTime:0.001293s ]
[2024-12-06T22:40:30+08:00][sql] SELECT `hook`,`plugin` FROM `cmf_hook_plugin` WHERE  `status` = 1  AND `hook` IN ('app_begin','module_init','action_begin','view_filter','app_end','log_write','response_end','admin_init','home_init','send_mobile_verification_code','body_start','before_head_end','footer_start','before_footer','before_footer_end','before_body_end','left_sidebar_start','before_left_sidebar_end','right_sidebar_start','before_right_sidebar_end','comment','guestbook','switch_theme','after_content','before_content','log_write_done','switch_admin_theme','captcha_image') ORDER BY `list_order` ASC [ RunTime:0.000709s ]
[2024-12-06T22:40:34+08:00][sql] CONNECT:[ UseTime:0.000699s ] mysql:host=127.0.0.1;port=3306;dbname=zhibo;charset=utf8mb4
[2024-12-06T22:40:34+08:00][sql] SHOW FULL COLUMNS FROM `cmf_hook` [ RunTime:0.001542s ]
[2024-12-06T22:40:34+08:00][sql] SELECT `hook`,`id` FROM `cmf_hook` WHERE  (  (  `app` = '' OR `app` = 'cmf' )  AND `type` = 3 ) OR `type` = 1 [ RunTime:0.000609s ]
[2024-12-06T22:40:34+08:00][sql] SHOW FULL COLUMNS FROM `cmf_hook_plugin` [ RunTime:0.001262s ]
[2024-12-06T22:40:34+08:00][sql] SELECT `hook`,`plugin` FROM `cmf_hook_plugin` WHERE  `status` = 1  AND `hook` IN ('app_begin','module_init','action_begin','view_filter','app_end','log_write','response_end','admin_init','home_init','send_mobile_verification_code','body_start','before_head_end','footer_start','before_footer','before_footer_end','before_body_end','left_sidebar_start','before_left_sidebar_end','right_sidebar_start','before_right_sidebar_end','comment','guestbook','switch_theme','after_content','before_content','log_write_done','switch_admin_theme','captcha_image') ORDER BY `list_order` ASC [ RunTime:0.000684s ]
[2024-12-06T22:40:34+08:00][sql] SHOW FULL COLUMNS FROM `cmf_plugin` [ RunTime:0.001648s ]
[2024-12-06T22:40:34+08:00][sql] SELECT `config` FROM `cmf_plugin` WHERE  `name` = 'Qiniu' LIMIT 1 [ RunTime:0.000464s ]
[2024-12-06T22:40:34+08:00][sql] SHOW FULL COLUMNS FROM `cmf_cash_record` [ RunTime:0.001621s ]
[2024-12-06T22:40:34+08:00][sql] SELECT * FROM `cmf_cash_record` WHERE  `uid` = 2 ORDER BY `addtime` DESC LIMIT 0,50 [ RunTime:0.000527s ]
[2024-12-06T22:40:34+08:00][sql] SHOW FULL COLUMNS FROM `cmf_theme_file` [ RunTime:0.001450s ]
[2024-12-06T22:40:34+08:00][sql] SELECT `more` FROM `cmf_theme_file` WHERE  `theme` = 'default'  AND (  `is_public` = 1 OR `file` = '../appapi/cash/index' ) [ RunTime:0.000555s ]
[2024-12-06T22:40:35+08:00][sql] CONNECT:[ UseTime:0.000673s ] mysql:host=127.0.0.1;port=3306;dbname=zhibo;charset=utf8mb4
[2024-12-06T22:40:35+08:00][sql] SHOW FULL COLUMNS FROM `cmf_hook` [ RunTime:0.001594s ]
[2024-12-06T22:40:35+08:00][sql] SELECT `hook`,`id` FROM `cmf_hook` WHERE  (  (  `app` = '' OR `app` = 'cmf' )  AND `type` = 3 ) OR `type` = 1 [ RunTime:0.000697s ]
[2024-12-06T22:40:35+08:00][sql] SHOW FULL COLUMNS FROM `cmf_hook_plugin` [ RunTime:0.001341s ]
[2024-12-06T22:40:35+08:00][sql] SELECT `hook`,`plugin` FROM `cmf_hook_plugin` WHERE  `status` = 1  AND `hook` IN ('app_begin','module_init','action_begin','view_filter','app_end','log_write','response_end','admin_init','home_init','send_mobile_verification_code','body_start','before_head_end','footer_start','before_footer','before_footer_end','before_body_end','left_sidebar_start','before_left_sidebar_end','right_sidebar_start','before_right_sidebar_end','comment','guestbook','switch_theme','after_content','before_content','log_write_done','switch_admin_theme','captcha_image') ORDER BY `list_order` ASC [ RunTime:0.000739s ]
[2024-12-06T22:40:35+08:00][sql] CONNECT:[ UseTime:0.000630s ] mysql:host=127.0.0.1;port=3306;dbname=zhibo;charset=utf8mb4
[2024-12-06T22:40:35+08:00][sql] SHOW FULL COLUMNS FROM `cmf_hook` [ RunTime:0.001536s ]
[2024-12-06T22:40:35+08:00][sql] SELECT `hook`,`id` FROM `cmf_hook` WHERE  (  (  `app` = '' OR `app` = 'cmf' )  AND `type` = 3 ) OR `type` = 1 [ RunTime:0.000646s ]
[2024-12-06T22:40:35+08:00][sql] SHOW FULL COLUMNS FROM `cmf_hook_plugin` [ RunTime:0.001235s ]
[2024-12-06T22:40:35+08:00][sql] SELECT `hook`,`plugin` FROM `cmf_hook_plugin` WHERE  `status` = 1  AND `hook` IN ('app_begin','module_init','action_begin','view_filter','app_end','log_write','response_end','admin_init','home_init','send_mobile_verification_code','body_start','before_head_end','footer_start','before_footer','before_footer_end','before_body_end','left_sidebar_start','before_left_sidebar_end','right_sidebar_start','before_right_sidebar_end','comment','guestbook','switch_theme','after_content','before_content','log_write_done','switch_admin_theme','captcha_image') ORDER BY `list_order` ASC [ RunTime:0.000691s ]
[2024-12-06T23:16:15+08:00][sql] CONNECT:[ UseTime:0.000758s ] mysql:host=127.0.0.1;port=3306;dbname=zhibo;charset=utf8mb4
[2024-12-06T23:16:15+08:00][sql] SHOW FULL COLUMNS FROM `cmf_hook` [ RunTime:0.001703s ]
[2024-12-06T23:16:15+08:00][sql] SELECT `hook`,`id` FROM `cmf_hook` WHERE  (  (  `app` = '' OR `app` = 'cmf' )  AND `type` = 3 ) OR `type` = 1 [ RunTime:0.000656s ]
[2024-12-06T23:16:15+08:00][sql] SHOW FULL COLUMNS FROM `cmf_hook_plugin` [ RunTime:0.001295s ]
[2024-12-06T23:16:15+08:00][sql] SELECT `hook`,`plugin` FROM `cmf_hook_plugin` WHERE  `status` = 1  AND `hook` IN ('app_begin','module_init','action_begin','view_filter','app_end','log_write','response_end','admin_init','home_init','send_mobile_verification_code','body_start','before_head_end','footer_start','before_footer','before_footer_end','before_body_end','left_sidebar_start','before_left_sidebar_end','right_sidebar_start','before_right_sidebar_end','comment','guestbook','switch_theme','after_content','before_content','log_write_done','switch_admin_theme','captcha_image') ORDER BY `list_order` ASC [ RunTime:0.000685s ]
[2024-12-06T23:18:27+08:00][sql] CONNECT:[ UseTime:0.000612s ] mysql:host=127.0.0.1;port=3306;dbname=zhibo;charset=utf8mb4
[2024-12-06T23:18:27+08:00][sql] SHOW FULL COLUMNS FROM `cmf_hook` [ RunTime:0.001598s ]
[2024-12-06T23:18:27+08:00][sql] SELECT `hook`,`id` FROM `cmf_hook` WHERE  (  (  `app` = '' OR `app` = 'cmf' )  AND `type` = 3 ) OR `type` = 1 [ RunTime:0.000631s ]
[2024-12-06T23:18:27+08:00][sql] SHOW FULL COLUMNS FROM `cmf_hook_plugin` [ RunTime:0.001257s ]
[2024-12-06T23:18:27+08:00][sql] SELECT `hook`,`plugin` FROM `cmf_hook_plugin` WHERE  `status` = 1  AND `hook` IN ('app_begin','module_init','action_begin','view_filter','app_end','log_write','response_end','admin_init','home_init','send_mobile_verification_code','body_start','before_head_end','footer_start','before_footer','before_footer_end','before_body_end','left_sidebar_start','before_left_sidebar_end','right_sidebar_start','before_right_sidebar_end','comment','guestbook','switch_theme','after_content','before_content','log_write_done','switch_admin_theme','captcha_image') ORDER BY `list_order` ASC [ RunTime:0.000699s ]
[2024-12-06T23:27:39+08:00][sql] CONNECT:[ UseTime:0.000641s ] mysql:host=127.0.0.1;port=3306;dbname=zhibo;charset=utf8mb4
[2024-12-06T23:27:39+08:00][sql] SHOW FULL COLUMNS FROM `cmf_hook` [ RunTime:0.001626s ]
[2024-12-06T23:27:39+08:00][sql] SELECT `hook`,`id` FROM `cmf_hook` WHERE  (  (  `app` = '' OR `app` = 'cmf' )  AND `type` = 3 ) OR `type` = 1 [ RunTime:0.000671s ]
[2024-12-06T23:27:39+08:00][sql] SHOW FULL COLUMNS FROM `cmf_hook_plugin` [ RunTime:0.001286s ]
[2024-12-06T23:27:39+08:00][sql] SELECT `hook`,`plugin` FROM `cmf_hook_plugin` WHERE  `status` = 1  AND `hook` IN ('app_begin','module_init','action_begin','view_filter','app_end','log_write','response_end','admin_init','home_init','send_mobile_verification_code','body_start','before_head_end','footer_start','before_footer','before_footer_end','before_body_end','left_sidebar_start','before_left_sidebar_end','right_sidebar_start','before_right_sidebar_end','comment','guestbook','switch_theme','after_content','before_content','log_write_done','switch_admin_theme','captcha_image') ORDER BY `list_order` ASC [ RunTime:0.000732s ]
[2024-12-06T23:27:39+08:00][sql] SHOW FULL COLUMNS FROM `cmf_plugin` [ RunTime:0.001743s ]
[2024-12-06T23:27:39+08:00][sql] SELECT `config` FROM `cmf_plugin` WHERE  `name` = 'Qiniu' LIMIT 1 [ RunTime:0.000462s ]
[2024-12-06T23:27:39+08:00][sql] SHOW FULL COLUMNS FROM `cmf_live` [ RunTime:0.001850s ]
[2024-12-06T23:27:39+08:00][sql] SELECT * FROM `cmf_live` WHERE  ( islive='1' and isrecommend='1' and type='0' and live_type=0 ) [ RunTime:0.000900s ]
[2024-12-06T23:27:39+08:00][sql] SHOW FULL COLUMNS FROM `cmf_slide_item` [ RunTime:0.001474s ]
[2024-12-06T23:27:39+08:00][sql] SELECT * FROM `cmf_slide_item` WHERE  ( status='1' and slide_id='1' ) ORDER BY `list_order` ASC [ RunTime:0.000545s ]
[2024-12-06T23:27:39+08:00][sql] SHOW FULL COLUMNS FROM `cmf_live_class` [ RunTime:0.001267s ]
[2024-12-06T23:27:39+08:00][sql] SELECT * FROM `cmf_live_class` ORDER BY `list_order` LIMIT 5 [ RunTime:0.000424s ]
[2024-12-06T23:27:39+08:00][sql] SELECT * FROM `cmf_live` WHERE  `islive` = 1  AND `live_type` = 0  AND `liveclassid` = 8 ORDER BY `recommend_time` DESC,`starttime` DESC LIMIT 5 [ RunTime:0.000734s ]
[2024-12-06T23:27:39+08:00][sql] SELECT `uid`,`thumb`,`stream`,`title`,`city`,`islive`,`type` FROM `cmf_live` WHERE  ( islive='1' and ishot='1' and live_type=0 ) ORDER BY `isrecommend` DESC,`recommend_time` DESC,`hotvotes` DESC,`starttime` DESC LIMIT 5 [ RunTime:0.000495s ]
[2024-12-06T23:27:39+08:00][sql] SELECT `uid`,`thumb`,`stream`,`title`,`city`,`islive`,`type` FROM `cmf_live` WHERE  ( islive='1' and live_type=0 ) ORDER BY `starttime` DESC LIMIT 5 [ RunTime:0.000387s ]
[2024-12-06T23:27:39+08:00][sql] SHOW FULL COLUMNS FROM `cmf_theme_file` [ RunTime:0.001501s ]
[2024-12-06T23:27:39+08:00][sql] SELECT `more` FROM `cmf_theme_file` WHERE  `theme` = 'default'  AND (  `is_public` = 1 OR `file` = '../home/index/index' ) [ RunTime:0.000527s ]
[2024-12-06T23:27:40+08:00][sql] CONNECT:[ UseTime:0.000641s ] mysql:host=127.0.0.1;port=3306;dbname=zhibo;charset=utf8mb4
[2024-12-06T23:27:40+08:00][sql] SHOW FULL COLUMNS FROM `cmf_hook` [ RunTime:0.001557s ]
[2024-12-06T23:27:40+08:00][sql] SELECT `hook`,`id` FROM `cmf_hook` WHERE  (  (  `app` = '' OR `app` = 'cmf' )  AND `type` = 3 ) OR `type` = 1 [ RunTime:0.000690s ]
[2024-12-06T23:27:40+08:00][sql] SHOW FULL COLUMNS FROM `cmf_hook_plugin` [ RunTime:0.001280s ]
[2024-12-06T23:27:40+08:00][sql] SELECT `hook`,`plugin` FROM `cmf_hook_plugin` WHERE  `status` = 1  AND `hook` IN ('app_begin','module_init','action_begin','view_filter','app_end','log_write','response_end','admin_init','home_init','send_mobile_verification_code','body_start','before_head_end','footer_start','before_footer','before_footer_end','before_body_end','left_sidebar_start','before_left_sidebar_end','right_sidebar_start','before_right_sidebar_end','comment','guestbook','switch_theme','after_content','before_content','log_write_done','switch_admin_theme','captcha_image') ORDER BY `list_order` ASC [ RunTime:0.000813s ]
[2024-12-06T23:27:40+08:00][sql] SHOW FULL COLUMNS FROM `cmf_plugin` [ RunTime:0.001722s ]
[2024-12-06T23:27:40+08:00][sql] SELECT `config` FROM `cmf_plugin` WHERE  `name` = 'Qiniu' LIMIT 1 [ RunTime:0.000491s ]
[2024-12-06T23:27:40+08:00][sql] CONNECT:[ UseTime:0.000555s ] mysql:host=127.0.0.1;port=3306;dbname=zhibo;charset=utf8mb4
[2024-12-06T23:27:40+08:00][sql] SHOW FULL COLUMNS FROM `cmf_hook` [ RunTime:0.001454s ]
[2024-12-06T23:27:40+08:00][sql] SELECT `hook`,`id` FROM `cmf_hook` WHERE  (  (  `app` = '' OR `app` = 'cmf' )  AND `type` = 3 ) OR `type` = 1 [ RunTime:0.000623s ]
[2024-12-06T23:27:40+08:00][sql] SHOW FULL COLUMNS FROM `cmf_hook_plugin` [ RunTime:0.001244s ]
[2024-12-06T23:27:40+08:00][sql] SELECT `hook`,`plugin` FROM `cmf_hook_plugin` WHERE  `status` = 1  AND `hook` IN ('app_begin','module_init','action_begin','view_filter','app_end','log_write','response_end','admin_init','home_init','send_mobile_verification_code','body_start','before_head_end','footer_start','before_footer','before_footer_end','before_body_end','left_sidebar_start','before_left_sidebar_end','right_sidebar_start','before_right_sidebar_end','comment','guestbook','switch_theme','after_content','before_content','log_write_done','switch_admin_theme','captcha_image') ORDER BY `list_order` ASC [ RunTime:0.000675s ]
[2024-12-06T23:27:40+08:00][sql] SHOW FULL COLUMNS FROM `cmf_plugin` [ RunTime:0.001711s ]
[2024-12-06T23:27:40+08:00][sql] SELECT `config` FROM `cmf_plugin` WHERE  `name` = 'Qiniu' LIMIT 1 [ RunTime:0.000426s ]
[2024-12-06T23:27:40+08:00][sql] SHOW FULL COLUMNS FROM `cmf_slide_item` [ RunTime:0.001493s ]
[2024-12-06T23:27:40+08:00][sql] SELECT * FROM `cmf_slide_item` WHERE  ( status='1' and slide_id='6' ) ORDER BY `list_order` ASC [ RunTime:0.000548s ]
[2024-12-06T23:27:40+08:00][sql] SHOW FULL COLUMNS FROM `cmf_live` [ RunTime:0.001499s ]
[2024-12-06T23:27:40+08:00][sql] SELECT `uid`,`title`,`city`,`stream`,`pull`,`thumb`,`type` FROM `cmf_live` WHERE  `islive` = 1  AND `live_type` = 0  AND `ishot` = 1 ORDER BY `recommend_time` DESC,`starttime` DESC LIMIT 0,20 [ RunTime:0.000637s ]
[2024-12-06T23:27:40+08:00][sql] SHOW FULL COLUMNS FROM `cmf_theme_file` [ RunTime:0.001460s ]
[2024-12-06T23:27:40+08:00][sql] SELECT `more` FROM `cmf_theme_file` WHERE  `theme` = 'default'  AND (  `is_public` = 1 OR `file` = '../wxshare/share/index' ) [ RunTime:0.000575s ]
[2024-12-06T23:30:10+08:00][sql] CONNECT:[ UseTime:0.000663s ] mysql:host=127.0.0.1;port=3306;dbname=zhibo;charset=utf8mb4
[2024-12-06T23:30:10+08:00][sql] SHOW FULL COLUMNS FROM `cmf_hook` [ RunTime:0.001539s ]
[2024-12-06T23:30:10+08:00][sql] SELECT `hook`,`id` FROM `cmf_hook` WHERE  (  (  `app` = '' OR `app` = 'cmf' )  AND `type` = 3 ) OR `type` = 1 [ RunTime:0.000604s ]
[2024-12-06T23:30:10+08:00][sql] SHOW FULL COLUMNS FROM `cmf_hook_plugin` [ RunTime:0.001225s ]
[2024-12-06T23:30:10+08:00][sql] SELECT `hook`,`plugin` FROM `cmf_hook_plugin` WHERE  `status` = 1  AND `hook` IN ('app_begin','module_init','action_begin','view_filter','app_end','log_write','response_end','admin_init','home_init','send_mobile_verification_code','body_start','before_head_end','footer_start','before_footer','before_footer_end','before_body_end','left_sidebar_start','before_left_sidebar_end','right_sidebar_start','before_right_sidebar_end','comment','guestbook','switch_theme','after_content','before_content','log_write_done','switch_admin_theme','captcha_image') ORDER BY `list_order` ASC [ RunTime:0.000653s ]
[2024-12-06T23:30:10+08:00][sql] SHOW FULL COLUMNS FROM `cmf_plugin` [ RunTime:0.001683s ]
[2024-12-06T23:30:10+08:00][sql] SELECT `config` FROM `cmf_plugin` WHERE  `name` = 'Qiniu' LIMIT 1 [ RunTime:0.000438s ]
[2024-12-06T23:30:10+08:00][sql] SHOW FULL COLUMNS FROM `cmf_live` [ RunTime:0.001734s ]
[2024-12-06T23:30:10+08:00][sql] SELECT COUNT(*) AS think_count FROM `cmf_live` WHERE  ( islive=1 and live_type=0 ) LIMIT 1 [ RunTime:0.000610s ]
[2024-12-06T23:30:10+08:00][sql] SHOW FULL COLUMNS FROM `cmf_theme_file` [ RunTime:0.001589s ]
[2024-12-06T23:30:10+08:00][sql] SELECT `more` FROM `cmf_theme_file` WHERE  `theme` = 'default'  AND (  `is_public` = 1 OR `file` = '../home/index/translate' ) [ RunTime:0.000501s ]
[2024-12-06T23:30:11+08:00][sql] CONNECT:[ UseTime:0.000677s ] mysql:host=127.0.0.1;port=3306;dbname=zhibo;charset=utf8mb4
[2024-12-06T23:30:11+08:00][sql] SHOW FULL COLUMNS FROM `cmf_hook` [ RunTime:0.001607s ]
[2024-12-06T23:30:11+08:00][sql] SELECT `hook`,`id` FROM `cmf_hook` WHERE  (  (  `app` = '' OR `app` = 'cmf' )  AND `type` = 3 ) OR `type` = 1 [ RunTime:0.000678s ]
[2024-12-06T23:30:11+08:00][sql] SHOW FULL COLUMNS FROM `cmf_hook_plugin` [ RunTime:0.001312s ]
[2024-12-06T23:30:11+08:00][sql] SELECT `hook`,`plugin` FROM `cmf_hook_plugin` WHERE  `status` = 1  AND `hook` IN ('app_begin','module_init','action_begin','view_filter','app_end','log_write','response_end','admin_init','home_init','send_mobile_verification_code','body_start','before_head_end','footer_start','before_footer','before_footer_end','before_body_end','left_sidebar_start','before_left_sidebar_end','right_sidebar_start','before_right_sidebar_end','comment','guestbook','switch_theme','after_content','before_content','log_write_done','switch_admin_theme','captcha_image') ORDER BY `list_order` ASC [ RunTime:0.000689s ]
[2024-12-06T23:30:11+08:00][sql] SHOW FULL COLUMNS FROM `cmf_plugin` [ RunTime:0.001764s ]
[2024-12-06T23:30:11+08:00][sql] SELECT `config` FROM `cmf_plugin` WHERE  `name` = 'Qiniu' LIMIT 1 [ RunTime:0.000507s ]
[2024-12-06T23:32:29+08:00][sql] CONNECT:[ UseTime:0.000681s ] mysql:host=127.0.0.1;port=3306;dbname=zhibo;charset=utf8mb4
[2024-12-06T23:32:29+08:00][sql] SHOW FULL COLUMNS FROM `cmf_hook` [ RunTime:0.001577s ]
[2024-12-06T23:32:29+08:00][sql] SELECT `hook`,`id` FROM `cmf_hook` WHERE  (  (  `app` = '' OR `app` = 'cmf' )  AND `type` = 3 ) OR `type` = 1 [ RunTime:0.000639s ]
[2024-12-06T23:32:29+08:00][sql] SHOW FULL COLUMNS FROM `cmf_hook_plugin` [ RunTime:0.001265s ]
[2024-12-06T23:32:29+08:00][sql] SELECT `hook`,`plugin` FROM `cmf_hook_plugin` WHERE  `status` = 1  AND `hook` IN ('app_begin','module_init','action_begin','view_filter','app_end','log_write','response_end','admin_init','home_init','send_mobile_verification_code','body_start','before_head_end','footer_start','before_footer','before_footer_end','before_body_end','left_sidebar_start','before_left_sidebar_end','right_sidebar_start','before_right_sidebar_end','comment','guestbook','switch_theme','after_content','before_content','log_write_done','switch_admin_theme','captcha_image') ORDER BY `list_order` ASC [ RunTime:0.000695s ]
[2024-12-06T23:32:29+08:00][sql] SHOW FULL COLUMNS FROM `cmf_plugin` [ RunTime:0.001660s ]
[2024-12-06T23:32:29+08:00][sql] SELECT `config` FROM `cmf_plugin` WHERE  `name` = 'Qiniu' LIMIT 1 [ RunTime:0.000428s ]
[2024-12-06T23:32:29+08:00][sql] SHOW FULL COLUMNS FROM `cmf_live` [ RunTime:0.001750s ]
[2024-12-06T23:32:29+08:00][sql] SELECT * FROM `cmf_live` WHERE  ( islive='1' and isrecommend='1' and type='0' and live_type=0 ) [ RunTime:0.000932s ]
[2024-12-06T23:32:29+08:00][sql] SHOW FULL COLUMNS FROM `cmf_slide_item` [ RunTime:0.001338s ]
[2024-12-06T23:32:29+08:00][sql] SELECT * FROM `cmf_slide_item` WHERE  ( status='1' and slide_id='1' ) ORDER BY `list_order` ASC [ RunTime:0.000509s ]
[2024-12-06T23:32:29+08:00][sql] SHOW FULL COLUMNS FROM `cmf_live_class` [ RunTime:0.001165s ]
[2024-12-06T23:32:29+08:00][sql] SELECT * FROM `cmf_live_class` ORDER BY `list_order` LIMIT 5 [ RunTime:0.000394s ]
[2024-12-06T23:32:29+08:00][sql] SELECT * FROM `cmf_live` WHERE  `islive` = 1  AND `live_type` = 0  AND `liveclassid` = 8 ORDER BY `recommend_time` DESC,`starttime` DESC LIMIT 5 [ RunTime:0.000732s ]
[2024-12-06T23:32:29+08:00][sql] SELECT `uid`,`thumb`,`stream`,`title`,`city`,`islive`,`type` FROM `cmf_live` WHERE  ( islive='1' and ishot='1' and live_type=0 ) ORDER BY `isrecommend` DESC,`recommend_time` DESC,`hotvotes` DESC,`starttime` DESC LIMIT 5 [ RunTime:0.000446s ]
[2024-12-06T23:32:29+08:00][sql] SELECT `uid`,`thumb`,`stream`,`title`,`city`,`islive`,`type` FROM `cmf_live` WHERE  ( islive='1' and live_type=0 ) ORDER BY `starttime` DESC LIMIT 5 [ RunTime:0.000365s ]
[2024-12-06T23:32:29+08:00][sql] SHOW FULL COLUMNS FROM `cmf_theme_file` [ RunTime:0.001454s ]
[2024-12-06T23:32:29+08:00][sql] SELECT `more` FROM `cmf_theme_file` WHERE  `theme` = 'default'  AND (  `is_public` = 1 OR `file` = '../home/index/index' ) [ RunTime:0.000504s ]
[2024-12-06T23:32:30+08:00][sql] CONNECT:[ UseTime:0.000657s ] mysql:host=127.0.0.1;port=3306;dbname=zhibo;charset=utf8mb4
[2024-12-06T23:32:30+08:00][sql] SHOW FULL COLUMNS FROM `cmf_hook` [ RunTime:0.001484s ]
[2024-12-06T23:32:30+08:00][sql] SELECT `hook`,`id` FROM `cmf_hook` WHERE  (  (  `app` = '' OR `app` = 'cmf' )  AND `type` = 3 ) OR `type` = 1 [ RunTime:0.000628s ]
[2024-12-06T23:32:30+08:00][sql] SHOW FULL COLUMNS FROM `cmf_hook_plugin` [ RunTime:0.001186s ]
[2024-12-06T23:32:30+08:00][sql] SELECT `hook`,`plugin` FROM `cmf_hook_plugin` WHERE  `status` = 1  AND `hook` IN ('app_begin','module_init','action_begin','view_filter','app_end','log_write','response_end','admin_init','home_init','send_mobile_verification_code','body_start','before_head_end','footer_start','before_footer','before_footer_end','before_body_end','left_sidebar_start','before_left_sidebar_end','right_sidebar_start','before_right_sidebar_end','comment','guestbook','switch_theme','after_content','before_content','log_write_done','switch_admin_theme','captcha_image') ORDER BY `list_order` ASC [ RunTime:0.000669s ]
[2024-12-06T23:32:30+08:00][sql] SHOW FULL COLUMNS FROM `cmf_plugin` [ RunTime:0.001350s ]
[2024-12-06T23:32:30+08:00][sql] SELECT `config` FROM `cmf_plugin` WHERE  `name` = 'Qiniu' LIMIT 1 [ RunTime:0.000374s ]
[2024-12-06T23:32:30+08:00][sql] CONNECT:[ UseTime:0.000517s ] mysql:host=127.0.0.1;port=3306;dbname=zhibo;charset=utf8mb4
[2024-12-06T23:32:30+08:00][sql] SHOW FULL COLUMNS FROM `cmf_hook` [ RunTime:0.001461s ]
[2024-12-06T23:32:30+08:00][sql] SELECT `hook`,`id` FROM `cmf_hook` WHERE  (  (  `app` = '' OR `app` = 'cmf' )  AND `type` = 3 ) OR `type` = 1 [ RunTime:0.000625s ]
[2024-12-06T23:32:30+08:00][sql] SHOW FULL COLUMNS FROM `cmf_hook_plugin` [ RunTime:0.001140s ]
[2024-12-06T23:32:30+08:00][sql] SELECT `hook`,`plugin` FROM `cmf_hook_plugin` WHERE  `status` = 1  AND `hook` IN ('app_begin','module_init','action_begin','view_filter','app_end','log_write','response_end','admin_init','home_init','send_mobile_verification_code','body_start','before_head_end','footer_start','before_footer','before_footer_end','before_body_end','left_sidebar_start','before_left_sidebar_end','right_sidebar_start','before_right_sidebar_end','comment','guestbook','switch_theme','after_content','before_content','log_write_done','switch_admin_theme','captcha_image') ORDER BY `list_order` ASC [ RunTime:0.000609s ]
[2024-12-06T23:32:30+08:00][sql] SHOW FULL COLUMNS FROM `cmf_plugin` [ RunTime:0.001705s ]
[2024-12-06T23:32:30+08:00][sql] SELECT `config` FROM `cmf_plugin` WHERE  `name` = 'Qiniu' LIMIT 1 [ RunTime:0.000469s ]
[2024-12-06T23:32:30+08:00][sql] SHOW FULL COLUMNS FROM `cmf_slide_item` [ RunTime:0.001488s ]
[2024-12-06T23:32:30+08:00][sql] SELECT * FROM `cmf_slide_item` WHERE  ( status='1' and slide_id='6' ) ORDER BY `list_order` ASC [ RunTime:0.000601s ]
[2024-12-06T23:32:30+08:00][sql] SHOW FULL COLUMNS FROM `cmf_live` [ RunTime:0.001424s ]
[2024-12-06T23:32:30+08:00][sql] SELECT `uid`,`title`,`city`,`stream`,`pull`,`thumb`,`type` FROM `cmf_live` WHERE  `islive` = 1  AND `live_type` = 0  AND `ishot` = 1 ORDER BY `recommend_time` DESC,`starttime` DESC LIMIT 0,20 [ RunTime:0.000695s ]
[2024-12-06T23:32:30+08:00][sql] SHOW FULL COLUMNS FROM `cmf_theme_file` [ RunTime:0.001422s ]
[2024-12-06T23:32:30+08:00][sql] SELECT `more` FROM `cmf_theme_file` WHERE  `theme` = 'default'  AND (  `is_public` = 1 OR `file` = '../wxshare/share/index' ) [ RunTime:0.000490s ]
