[2024-12-08T00:05:50+08:00][sql] CONNECT:[ UseTime:0.000706s ] mysql:host=127.0.0.1;port=3306;dbname=zhibo;charset=utf8mb4
[2024-12-08T00:05:50+08:00][sql] SHOW FULL COLUMNS FROM `cmf_hook` [ RunTime:0.001768s ]
[2024-12-08T00:05:50+08:00][sql] SELECT `hook`,`id` FROM `cmf_hook` WHERE  (  (  `app` = '' OR `app` = 'cmf' )  AND `type` = 3 ) OR `type` = 1 [ RunTime:0.000648s ]
[2024-12-08T00:05:50+08:00][sql] SHOW FULL COLUMNS FROM `cmf_hook_plugin` [ RunTime:0.001478s ]
[2024-12-08T00:05:50+08:00][sql] SELECT `hook`,`plugin` FROM `cmf_hook_plugin` WHERE  `status` = 1  AND `hook` IN ('app_begin','module_init','action_begin','view_filter','app_end','log_write','response_end','admin_init','home_init','send_mobile_verification_code','body_start','before_head_end','footer_start','before_footer','before_footer_end','before_body_end','left_sidebar_start','before_left_sidebar_end','right_sidebar_start','before_right_sidebar_end','comment','guestbook','switch_theme','after_content','before_content','log_write_done','switch_admin_theme','captcha_image') ORDER BY `list_order` ASC [ RunTime:0.000719s ]
[2024-12-08T00:05:50+08:00][sql] CONNECT:[ UseTime:0.000637s ] mysql:host=127.0.0.1;port=3306;dbname=zhibo;charset=utf8mb4
[2024-12-08T00:05:50+08:00][sql] SHOW FULL COLUMNS FROM `cmf_hook` [ RunTime:0.001750s ]
[2024-12-08T00:05:50+08:00][sql] SELECT `hook`,`id` FROM `cmf_hook` WHERE  (  (  `app` = '' OR `app` = 'cmf' )  AND `type` = 3 ) OR `type` = 1 [ RunTime:0.000624s ]
[2024-12-08T00:05:50+08:00][sql] SHOW FULL COLUMNS FROM `cmf_hook_plugin` [ RunTime:0.001521s ]
[2024-12-08T00:05:50+08:00][sql] SELECT `hook`,`plugin` FROM `cmf_hook_plugin` WHERE  `status` = 1  AND `hook` IN ('app_begin','module_init','action_begin','view_filter','app_end','log_write','response_end','admin_init','home_init','send_mobile_verification_code','body_start','before_head_end','footer_start','before_footer','before_footer_end','before_body_end','left_sidebar_start','before_left_sidebar_end','right_sidebar_start','before_right_sidebar_end','comment','guestbook','switch_theme','after_content','before_content','log_write_done','switch_admin_theme','captcha_image') ORDER BY `list_order` ASC [ RunTime:0.000678s ]
[2024-12-08T00:05:51+08:00][sql] CONNECT:[ UseTime:0.000649s ] mysql:host=127.0.0.1;port=3306;dbname=zhibo;charset=utf8mb4
[2024-12-08T00:05:51+08:00][sql] SHOW FULL COLUMNS FROM `cmf_hook` [ RunTime:0.001810s ]
[2024-12-08T00:05:51+08:00][sql] SELECT `hook`,`id` FROM `cmf_hook` WHERE  (  (  `app` = '' OR `app` = 'cmf' )  AND `type` = 3 ) OR `type` = 1 [ RunTime:0.000644s ]
[2024-12-08T00:05:51+08:00][sql] SHOW FULL COLUMNS FROM `cmf_hook_plugin` [ RunTime:0.001512s ]
[2024-12-08T00:05:51+08:00][sql] SELECT `hook`,`plugin` FROM `cmf_hook_plugin` WHERE  `status` = 1  AND `hook` IN ('app_begin','module_init','action_begin','view_filter','app_end','log_write','response_end','admin_init','home_init','send_mobile_verification_code','body_start','before_head_end','footer_start','before_footer','before_footer_end','before_body_end','left_sidebar_start','before_left_sidebar_end','right_sidebar_start','before_right_sidebar_end','comment','guestbook','switch_theme','after_content','before_content','log_write_done','switch_admin_theme','captcha_image') ORDER BY `list_order` ASC [ RunTime:0.000722s ]
[2024-12-08T00:05:51+08:00][sql] SELECT `hook` FROM `cmf_hook` WHERE  `app` = 'dede' [ RunTime:0.000728s ]
[2024-12-08T00:05:51+08:00][sql] SELECT `hook`,`plugin` FROM `cmf_hook_plugin` WHERE  `status` = 1  AND 0 = 1 ORDER BY `list_order` ASC [ RunTime:0.000382s ]
[2024-12-08T00:05:51+08:00][sql] CONNECT:[ UseTime:0.000643s ] mysql:host=127.0.0.1;port=3306;dbname=zhibo;charset=utf8mb4
[2024-12-08T00:05:51+08:00][sql] SHOW FULL COLUMNS FROM `cmf_hook` [ RunTime:0.001768s ]
[2024-12-08T00:05:51+08:00][sql] SELECT `hook`,`id` FROM `cmf_hook` WHERE  (  (  `app` = '' OR `app` = 'cmf' )  AND `type` = 3 ) OR `type` = 1 [ RunTime:0.000671s ]
[2024-12-08T00:05:51+08:00][sql] SHOW FULL COLUMNS FROM `cmf_hook_plugin` [ RunTime:0.001490s ]
[2024-12-08T00:05:51+08:00][sql] SELECT `hook`,`plugin` FROM `cmf_hook_plugin` WHERE  `status` = 1  AND `hook` IN ('app_begin','module_init','action_begin','view_filter','app_end','log_write','response_end','admin_init','home_init','send_mobile_verification_code','body_start','before_head_end','footer_start','before_footer','before_footer_end','before_body_end','left_sidebar_start','before_left_sidebar_end','right_sidebar_start','before_right_sidebar_end','comment','guestbook','switch_theme','after_content','before_content','log_write_done','switch_admin_theme','captcha_image') ORDER BY `list_order` ASC [ RunTime:0.000743s ]
[2024-12-08T00:05:51+08:00][sql] CONNECT:[ UseTime:0.000683s ] mysql:host=127.0.0.1;port=3306;dbname=zhibo;charset=utf8mb4
[2024-12-08T00:05:51+08:00][sql] SHOW FULL COLUMNS FROM `cmf_hook` [ RunTime:0.001796s ]
[2024-12-08T00:05:51+08:00][sql] SELECT `hook`,`id` FROM `cmf_hook` WHERE  (  (  `app` = '' OR `app` = 'cmf' )  AND `type` = 3 ) OR `type` = 1 [ RunTime:0.000638s ]
[2024-12-08T00:05:51+08:00][sql] SHOW FULL COLUMNS FROM `cmf_hook_plugin` [ RunTime:0.001490s ]
[2024-12-08T00:05:51+08:00][sql] SELECT `hook`,`plugin` FROM `cmf_hook_plugin` WHERE  `status` = 1  AND `hook` IN ('app_begin','module_init','action_begin','view_filter','app_end','log_write','response_end','admin_init','home_init','send_mobile_verification_code','body_start','before_head_end','footer_start','before_footer','before_footer_end','before_body_end','left_sidebar_start','before_left_sidebar_end','right_sidebar_start','before_right_sidebar_end','comment','guestbook','switch_theme','after_content','before_content','log_write_done','switch_admin_theme','captcha_image') ORDER BY `list_order` ASC [ RunTime:0.000739s ]
[2024-12-08T00:05:51+08:00][sql] SHOW FULL COLUMNS FROM `cmf_plugin` [ RunTime:0.001948s ]
[2024-12-08T00:05:51+08:00][sql] SELECT `config` FROM `cmf_plugin` WHERE  `name` = 'Qiniu' LIMIT 1 [ RunTime:0.000490s ]
[2024-12-08T00:05:51+08:00][sql] SHOW FULL COLUMNS FROM `cmf_live` [ RunTime:0.002003s ]
[2024-12-08T00:05:51+08:00][sql] SELECT * FROM `cmf_live` WHERE  ( islive='1' and isrecommend='1' and type='0' and live_type=0 ) [ RunTime:0.000938s ]
[2024-12-08T00:05:51+08:00][sql] SHOW FULL COLUMNS FROM `cmf_slide_item` [ RunTime:0.001547s ]
[2024-12-08T00:05:51+08:00][sql] SELECT * FROM `cmf_slide_item` WHERE  ( status='1' and slide_id='1' ) ORDER BY `list_order` ASC [ RunTime:0.000590s ]
[2024-12-08T00:05:51+08:00][sql] SHOW FULL COLUMNS FROM `cmf_live_class` [ RunTime:0.001230s ]
[2024-12-08T00:05:51+08:00][sql] SELECT * FROM `cmf_live_class` ORDER BY `list_order` LIMIT 5 [ RunTime:0.000509s ]
[2024-12-08T00:05:51+08:00][sql] SELECT * FROM `cmf_live` WHERE  `islive` = 1  AND `live_type` = 0  AND `liveclassid` = 8 ORDER BY `recommend_time` DESC,`starttime` DESC LIMIT 5 [ RunTime:0.000762s ]
[2024-12-08T00:05:51+08:00][sql] SELECT `uid`,`thumb`,`stream`,`title`,`city`,`islive`,`type` FROM `cmf_live` WHERE  ( islive='1' and ishot='1' and live_type=0 ) ORDER BY `isrecommend` DESC,`recommend_time` DESC,`hotvotes` DESC,`starttime` DESC LIMIT 5 [ RunTime:0.000502s ]
[2024-12-08T00:05:51+08:00][sql] SELECT `uid`,`thumb`,`stream`,`title`,`city`,`islive`,`type` FROM `cmf_live` WHERE  ( islive='1' and live_type=0 ) ORDER BY `starttime` DESC LIMIT 5 [ RunTime:0.000423s ]
[2024-12-08T00:05:51+08:00][sql] SHOW FULL COLUMNS FROM `cmf_theme_file` [ RunTime:0.001524s ]
[2024-12-08T00:05:51+08:00][sql] SELECT `more` FROM `cmf_theme_file` WHERE  `theme` = 'default'  AND (  `is_public` = 1 OR `file` = '../home/index/index' ) [ RunTime:0.000526s ]
[2024-12-08T00:05:51+08:00][sql] CONNECT:[ UseTime:0.000681s ] mysql:host=127.0.0.1;port=3306;dbname=zhibo;charset=utf8mb4
[2024-12-08T00:05:51+08:00][sql] SHOW FULL COLUMNS FROM `cmf_hook` [ RunTime:0.001661s ]
[2024-12-08T00:05:51+08:00][sql] SELECT `hook`,`id` FROM `cmf_hook` WHERE  (  (  `app` = '' OR `app` = 'cmf' )  AND `type` = 3 ) OR `type` = 1 [ RunTime:0.000682s ]
[2024-12-08T00:05:51+08:00][sql] SHOW FULL COLUMNS FROM `cmf_hook_plugin` [ RunTime:0.001363s ]
[2024-12-08T00:05:51+08:00][sql] SELECT `hook`,`plugin` FROM `cmf_hook_plugin` WHERE  `status` = 1  AND `hook` IN ('app_begin','module_init','action_begin','view_filter','app_end','log_write','response_end','admin_init','home_init','send_mobile_verification_code','body_start','before_head_end','footer_start','before_footer','before_footer_end','before_body_end','left_sidebar_start','before_left_sidebar_end','right_sidebar_start','before_right_sidebar_end','comment','guestbook','switch_theme','after_content','before_content','log_write_done','switch_admin_theme','captcha_image') ORDER BY `list_order` ASC [ RunTime:0.000742s ]
[2024-12-08T00:05:52+08:00][sql] CONNECT:[ UseTime:0.000648s ] mysql:host=127.0.0.1;port=3306;dbname=zhibo;charset=utf8mb4
[2024-12-08T00:05:52+08:00][sql] SHOW FULL COLUMNS FROM `cmf_hook` [ RunTime:0.001544s ]
[2024-12-08T00:05:52+08:00][sql] SELECT `hook`,`id` FROM `cmf_hook` WHERE  (  (  `app` = '' OR `app` = 'cmf' )  AND `type` = 3 ) OR `type` = 1 [ RunTime:0.000677s ]
[2024-12-08T00:05:52+08:00][sql] SHOW FULL COLUMNS FROM `cmf_hook_plugin` [ RunTime:0.001285s ]
[2024-12-08T00:05:52+08:00][sql] SELECT `hook`,`plugin` FROM `cmf_hook_plugin` WHERE  `status` = 1  AND `hook` IN ('app_begin','module_init','action_begin','view_filter','app_end','log_write','response_end','admin_init','home_init','send_mobile_verification_code','body_start','before_head_end','footer_start','before_footer','before_footer_end','before_body_end','left_sidebar_start','before_left_sidebar_end','right_sidebar_start','before_right_sidebar_end','comment','guestbook','switch_theme','after_content','before_content','log_write_done','switch_admin_theme','captcha_image') ORDER BY `list_order` ASC [ RunTime:0.000752s ]
[2024-12-08T00:16:44+08:00][sql] CONNECT:[ UseTime:0.000682s ] mysql:host=127.0.0.1;port=3306;dbname=zhibo;charset=utf8mb4
[2024-12-08T00:16:44+08:00][sql] SHOW FULL COLUMNS FROM `cmf_hook` [ RunTime:0.001529s ]
[2024-12-08T00:16:44+08:00][sql] SELECT `hook`,`id` FROM `cmf_hook` WHERE  (  (  `app` = '' OR `app` = 'cmf' )  AND `type` = 3 ) OR `type` = 1 [ RunTime:0.000620s ]
[2024-12-08T00:16:44+08:00][sql] SHOW FULL COLUMNS FROM `cmf_hook_plugin` [ RunTime:0.001240s ]
[2024-12-08T00:16:44+08:00][sql] SELECT `hook`,`plugin` FROM `cmf_hook_plugin` WHERE  `status` = 1  AND `hook` IN ('app_begin','module_init','action_begin','view_filter','app_end','log_write','response_end','admin_init','home_init','send_mobile_verification_code','body_start','before_head_end','footer_start','before_footer','before_footer_end','before_body_end','left_sidebar_start','before_left_sidebar_end','right_sidebar_start','before_right_sidebar_end','comment','guestbook','switch_theme','after_content','before_content','log_write_done','switch_admin_theme','captcha_image') ORDER BY `list_order` ASC [ RunTime:0.000683s ]
[2024-12-08T00:18:01+08:00][sql] CONNECT:[ UseTime:0.000654s ] mysql:host=127.0.0.1;port=3306;dbname=zhibo;charset=utf8mb4
[2024-12-08T00:18:01+08:00][sql] SHOW FULL COLUMNS FROM `cmf_hook` [ RunTime:0.001534s ]
[2024-12-08T00:18:01+08:00][sql] SELECT `hook`,`id` FROM `cmf_hook` WHERE  (  (  `app` = '' OR `app` = 'cmf' )  AND `type` = 3 ) OR `type` = 1 [ RunTime:0.000631s ]
[2024-12-08T00:18:01+08:00][sql] SHOW FULL COLUMNS FROM `cmf_hook_plugin` [ RunTime:0.001228s ]
[2024-12-08T00:18:01+08:00][sql] SELECT `hook`,`plugin` FROM `cmf_hook_plugin` WHERE  `status` = 1  AND `hook` IN ('app_begin','module_init','action_begin','view_filter','app_end','log_write','response_end','admin_init','home_init','send_mobile_verification_code','body_start','before_head_end','footer_start','before_footer','before_footer_end','before_body_end','left_sidebar_start','before_left_sidebar_end','right_sidebar_start','before_right_sidebar_end','comment','guestbook','switch_theme','after_content','before_content','log_write_done','switch_admin_theme','captcha_image') ORDER BY `list_order` ASC [ RunTime:0.000686s ]
[2024-12-08T00:59:35+08:00][sql] CONNECT:[ UseTime:0.000660s ] mysql:host=127.0.0.1;port=3306;dbname=zhibo;charset=utf8mb4
[2024-12-08T00:59:35+08:00][sql] SHOW FULL COLUMNS FROM `cmf_hook` [ RunTime:0.001741s ]
[2024-12-08T00:59:35+08:00][sql] SELECT `hook`,`id` FROM `cmf_hook` WHERE  (  (  `app` = '' OR `app` = 'cmf' )  AND `type` = 3 ) OR `type` = 1 [ RunTime:0.000625s ]
[2024-12-08T00:59:35+08:00][sql] SHOW FULL COLUMNS FROM `cmf_hook_plugin` [ RunTime:0.001477s ]
[2024-12-08T00:59:35+08:00][sql] SELECT `hook`,`plugin` FROM `cmf_hook_plugin` WHERE  `status` = 1  AND `hook` IN ('app_begin','module_init','action_begin','view_filter','app_end','log_write','response_end','admin_init','home_init','send_mobile_verification_code','body_start','before_head_end','footer_start','before_footer','before_footer_end','before_body_end','left_sidebar_start','before_left_sidebar_end','right_sidebar_start','before_right_sidebar_end','comment','guestbook','switch_theme','after_content','before_content','log_write_done','switch_admin_theme','captcha_image') ORDER BY `list_order` ASC [ RunTime:0.000712s ]
[2024-12-08T00:59:35+08:00][sql] SELECT `hook` FROM `cmf_hook` WHERE  `app` = 'plug' [ RunTime:0.000719s ]
[2024-12-08T00:59:35+08:00][sql] SELECT `hook`,`plugin` FROM `cmf_hook_plugin` WHERE  `status` = 1  AND 0 = 1 ORDER BY `list_order` ASC [ RunTime:0.000364s ]
[2024-12-08T00:59:35+08:00][sql] CONNECT:[ UseTime:0.000633s ] mysql:host=127.0.0.1;port=3306;dbname=zhibo;charset=utf8mb4
[2024-12-08T00:59:35+08:00][sql] SHOW FULL COLUMNS FROM `cmf_hook` [ RunTime:0.001734s ]
[2024-12-08T00:59:35+08:00][sql] SELECT `hook`,`id` FROM `cmf_hook` WHERE  (  (  `app` = '' OR `app` = 'cmf' )  AND `type` = 3 ) OR `type` = 1 [ RunTime:0.000692s ]
[2024-12-08T00:59:35+08:00][sql] SHOW FULL COLUMNS FROM `cmf_hook_plugin` [ RunTime:0.001570s ]
[2024-12-08T00:59:35+08:00][sql] SELECT `hook`,`plugin` FROM `cmf_hook_plugin` WHERE  `status` = 1  AND `hook` IN ('app_begin','module_init','action_begin','view_filter','app_end','log_write','response_end','admin_init','home_init','send_mobile_verification_code','body_start','before_head_end','footer_start','before_footer','before_footer_end','before_body_end','left_sidebar_start','before_left_sidebar_end','right_sidebar_start','before_right_sidebar_end','comment','guestbook','switch_theme','after_content','before_content','log_write_done','switch_admin_theme','captcha_image') ORDER BY `list_order` ASC [ RunTime:0.000718s ]
[2024-12-08T01:44:23+08:00][sql] CONNECT:[ UseTime:0.000808s ] mysql:host=127.0.0.1;port=3306;dbname=zhibo;charset=utf8mb4
[2024-12-08T01:44:23+08:00][sql] SHOW FULL COLUMNS FROM `cmf_hook` [ RunTime:0.001872s ]
[2024-12-08T01:44:23+08:00][sql] SELECT `hook`,`id` FROM `cmf_hook` WHERE  (  (  `app` = '' OR `app` = 'cmf' )  AND `type` = 3 ) OR `type` = 1 [ RunTime:0.000666s ]
[2024-12-08T01:44:23+08:00][sql] SHOW FULL COLUMNS FROM `cmf_hook_plugin` [ RunTime:0.001491s ]
[2024-12-08T01:44:23+08:00][sql] SELECT `hook`,`plugin` FROM `cmf_hook_plugin` WHERE  `status` = 1  AND `hook` IN ('app_begin','module_init','action_begin','view_filter','app_end','log_write','response_end','admin_init','home_init','send_mobile_verification_code','body_start','before_head_end','footer_start','before_footer','before_footer_end','before_body_end','left_sidebar_start','before_left_sidebar_end','right_sidebar_start','before_right_sidebar_end','comment','guestbook','switch_theme','after_content','before_content','log_write_done','switch_admin_theme','captcha_image') ORDER BY `list_order` ASC [ RunTime:0.000750s ]
[2024-12-08T01:44:23+08:00][sql] SHOW FULL COLUMNS FROM `cmf_plugin` [ RunTime:0.002063s ]
[2024-12-08T01:44:23+08:00][sql] SELECT `config` FROM `cmf_plugin` WHERE  `name` = 'Qiniu' LIMIT 1 [ RunTime:0.000522s ]
[2024-12-08T01:44:23+08:00][sql] SHOW FULL COLUMNS FROM `cmf_live` [ RunTime:0.002012s ]
[2024-12-08T01:44:23+08:00][sql] SELECT * FROM `cmf_live` WHERE  ( islive='1' and isrecommend='1' and type='0' and live_type=0 ) [ RunTime:0.000923s ]
[2024-12-08T01:44:23+08:00][sql] SHOW FULL COLUMNS FROM `cmf_slide_item` [ RunTime:0.001624s ]
[2024-12-08T01:44:23+08:00][sql] SELECT * FROM `cmf_slide_item` WHERE  ( status='1' and slide_id='1' ) ORDER BY `list_order` ASC [ RunTime:0.000630s ]
[2024-12-08T01:44:23+08:00][sql] SHOW FULL COLUMNS FROM `cmf_live_class` [ RunTime:0.001403s ]
[2024-12-08T01:44:23+08:00][sql] SELECT * FROM `cmf_live_class` ORDER BY `list_order` LIMIT 5 [ RunTime:0.000520s ]
[2024-12-08T01:44:23+08:00][sql] SELECT * FROM `cmf_live` WHERE  `islive` = 1  AND `live_type` = 0  AND `liveclassid` = 8 ORDER BY `recommend_time` DESC,`starttime` DESC LIMIT 5 [ RunTime:0.000774s ]
[2024-12-08T01:44:23+08:00][sql] SELECT `uid`,`thumb`,`stream`,`title`,`city`,`islive`,`type` FROM `cmf_live` WHERE  ( islive='1' and ishot='1' and live_type=0 ) ORDER BY `isrecommend` DESC,`recommend_time` DESC,`hotvotes` DESC,`starttime` DESC LIMIT 5 [ RunTime:0.000490s ]
[2024-12-08T01:44:23+08:00][sql] SELECT `uid`,`thumb`,`stream`,`title`,`city`,`islive`,`type` FROM `cmf_live` WHERE  ( islive='1' and live_type=0 ) ORDER BY `starttime` DESC LIMIT 5 [ RunTime:0.000420s ]
[2024-12-08T01:44:23+08:00][sql] SHOW FULL COLUMNS FROM `cmf_theme_file` [ RunTime:0.001728s ]
[2024-12-08T01:44:23+08:00][sql] SELECT `more` FROM `cmf_theme_file` WHERE  `theme` = 'default'  AND (  `is_public` = 1 OR `file` = '../home/index/index' ) [ RunTime:0.000548s ]
[2024-12-08T01:44:24+08:00][sql] CONNECT:[ UseTime:0.000730s ] mysql:host=127.0.0.1;port=3306;dbname=zhibo;charset=utf8mb4
[2024-12-08T01:44:24+08:00][sql] SHOW FULL COLUMNS FROM `cmf_hook` [ RunTime:0.002072s ]
[2024-12-08T01:44:24+08:00][sql] SELECT `hook`,`id` FROM `cmf_hook` WHERE  (  (  `app` = '' OR `app` = 'cmf' )  AND `type` = 3 ) OR `type` = 1 [ RunTime:0.000672s ]
[2024-12-08T01:44:24+08:00][sql] SHOW FULL COLUMNS FROM `cmf_hook_plugin` [ RunTime:0.001583s ]
[2024-12-08T01:44:24+08:00][sql] SELECT `hook`,`plugin` FROM `cmf_hook_plugin` WHERE  `status` = 1  AND `hook` IN ('app_begin','module_init','action_begin','view_filter','app_end','log_write','response_end','admin_init','home_init','send_mobile_verification_code','body_start','before_head_end','footer_start','before_footer','before_footer_end','before_body_end','left_sidebar_start','before_left_sidebar_end','right_sidebar_start','before_right_sidebar_end','comment','guestbook','switch_theme','after_content','before_content','log_write_done','switch_admin_theme','captcha_image') ORDER BY `list_order` ASC [ RunTime:0.000762s ]
[2024-12-08T01:44:24+08:00][sql] SHOW FULL COLUMNS FROM `cmf_plugin` [ RunTime:0.001949s ]
[2024-12-08T01:44:24+08:00][sql] SELECT `config` FROM `cmf_plugin` WHERE  `name` = 'Qiniu' LIMIT 1 [ RunTime:0.000504s ]
[2024-12-08T01:44:24+08:00][sql] SHOW FULL COLUMNS FROM `cmf_live` [ RunTime:0.002068s ]
[2024-12-08T01:44:24+08:00][sql] SELECT * FROM `cmf_live` WHERE  ( islive='1' and isrecommend='1' and type='0' and live_type=0 ) [ RunTime:0.001000s ]
[2024-12-08T01:44:24+08:00][sql] SHOW FULL COLUMNS FROM `cmf_slide_item` [ RunTime:0.001651s ]
[2024-12-08T01:44:24+08:00][sql] SELECT * FROM `cmf_slide_item` WHERE  ( status='1' and slide_id='1' ) ORDER BY `list_order` ASC [ RunTime:0.000596s ]
[2024-12-08T01:44:24+08:00][sql] SHOW FULL COLUMNS FROM `cmf_live_class` [ RunTime:0.001371s ]
[2024-12-08T01:44:24+08:00][sql] SELECT * FROM `cmf_live_class` ORDER BY `list_order` LIMIT 5 [ RunTime:0.000446s ]
[2024-12-08T01:44:24+08:00][sql] SELECT * FROM `cmf_live` WHERE  `islive` = 1  AND `live_type` = 0  AND `liveclassid` = 8 ORDER BY `recommend_time` DESC,`starttime` DESC LIMIT 5 [ RunTime:0.000807s ]
[2024-12-08T01:44:24+08:00][sql] SELECT `uid`,`thumb`,`stream`,`title`,`city`,`islive`,`type` FROM `cmf_live` WHERE  ( islive='1' and ishot='1' and live_type=0 ) ORDER BY `isrecommend` DESC,`recommend_time` DESC,`hotvotes` DESC,`starttime` DESC LIMIT 5 [ RunTime:0.000511s ]
[2024-12-08T01:44:24+08:00][sql] SELECT `uid`,`thumb`,`stream`,`title`,`city`,`islive`,`type` FROM `cmf_live` WHERE  ( islive='1' and live_type=0 ) ORDER BY `starttime` DESC LIMIT 5 [ RunTime:0.000436s ]
[2024-12-08T01:44:24+08:00][sql] SHOW FULL COLUMNS FROM `cmf_theme_file` [ RunTime:0.001500s ]
[2024-12-08T01:44:24+08:00][sql] SELECT `more` FROM `cmf_theme_file` WHERE  `theme` = 'default'  AND (  `is_public` = 1 OR `file` = '../home/index/index' ) [ RunTime:0.000552s ]
[2024-12-08T02:11:26+08:00][sql] CONNECT:[ UseTime:0.000664s ] mysql:host=127.0.0.1;port=3306;dbname=zhibo;charset=utf8mb4
[2024-12-08T02:11:26+08:00][sql] SHOW FULL COLUMNS FROM `cmf_hook` [ RunTime:0.001742s ]
[2024-12-08T02:11:26+08:00][sql] SELECT `hook`,`id` FROM `cmf_hook` WHERE  (  (  `app` = '' OR `app` = 'cmf' )  AND `type` = 3 ) OR `type` = 1 [ RunTime:0.000616s ]
[2024-12-08T02:11:26+08:00][sql] SHOW FULL COLUMNS FROM `cmf_hook_plugin` [ RunTime:0.001290s ]
[2024-12-08T02:11:26+08:00][sql] SELECT `hook`,`plugin` FROM `cmf_hook_plugin` WHERE  `status` = 1  AND `hook` IN ('app_begin','module_init','action_begin','view_filter','app_end','log_write','response_end','admin_init','home_init','send_mobile_verification_code','body_start','before_head_end','footer_start','before_footer','before_footer_end','before_body_end','left_sidebar_start','before_left_sidebar_end','right_sidebar_start','before_right_sidebar_end','comment','guestbook','switch_theme','after_content','before_content','log_write_done','switch_admin_theme','captcha_image') ORDER BY `list_order` ASC [ RunTime:0.000701s ]
[2024-12-08T02:11:26+08:00][sql] SHOW FULL COLUMNS FROM `cmf_plugin` [ RunTime:0.001763s ]
[2024-12-08T02:11:26+08:00][sql] SELECT `config` FROM `cmf_plugin` WHERE  `name` = 'Qiniu' LIMIT 1 [ RunTime:0.000488s ]
[2024-12-08T02:11:26+08:00][sql] SHOW FULL COLUMNS FROM `cmf_live` [ RunTime:0.001779s ]
[2024-12-08T02:11:26+08:00][sql] SELECT * FROM `cmf_live` WHERE  ( islive='1' and isrecommend='1' and type='0' and live_type=0 ) [ RunTime:0.000917s ]
[2024-12-08T02:11:26+08:00][sql] SHOW FULL COLUMNS FROM `cmf_slide_item` [ RunTime:0.001486s ]
[2024-12-08T02:11:26+08:00][sql] SELECT * FROM `cmf_slide_item` WHERE  ( status='1' and slide_id='1' ) ORDER BY `list_order` ASC [ RunTime:0.000603s ]
[2024-12-08T02:11:26+08:00][sql] SHOW FULL COLUMNS FROM `cmf_live_class` [ RunTime:0.001191s ]
[2024-12-08T02:11:26+08:00][sql] SELECT * FROM `cmf_live_class` ORDER BY `list_order` LIMIT 5 [ RunTime:0.000456s ]
[2024-12-08T02:11:26+08:00][sql] SELECT * FROM `cmf_live` WHERE  `islive` = 1  AND `live_type` = 0  AND `liveclassid` = 8 ORDER BY `recommend_time` DESC,`starttime` DESC LIMIT 5 [ RunTime:0.000743s ]
[2024-12-08T02:11:26+08:00][sql] SELECT `uid`,`thumb`,`stream`,`title`,`city`,`islive`,`type` FROM `cmf_live` WHERE  ( islive='1' and ishot='1' and live_type=0 ) ORDER BY `isrecommend` DESC,`recommend_time` DESC,`hotvotes` DESC,`starttime` DESC LIMIT 5 [ RunTime:0.000533s ]
[2024-12-08T02:11:26+08:00][sql] SELECT `uid`,`thumb`,`stream`,`title`,`city`,`islive`,`type` FROM `cmf_live` WHERE  ( islive='1' and live_type=0 ) ORDER BY `starttime` DESC LIMIT 5 [ RunTime:0.000445s ]
[2024-12-08T02:11:26+08:00][sql] SHOW FULL COLUMNS FROM `cmf_theme_file` [ RunTime:0.001474s ]
[2024-12-08T02:11:26+08:00][sql] SELECT `more` FROM `cmf_theme_file` WHERE  `theme` = 'default'  AND (  `is_public` = 1 OR `file` = '../home/index/index' ) [ RunTime:0.000515s ]
[2024-12-08T02:20:33+08:00][sql] CONNECT:[ UseTime:0.000702s ] mysql:host=127.0.0.1;port=3306;dbname=zhibo;charset=utf8mb4
[2024-12-08T02:20:33+08:00][sql] SHOW FULL COLUMNS FROM `cmf_hook` [ RunTime:0.001628s ]
[2024-12-08T02:20:33+08:00][sql] SELECT `hook`,`id` FROM `cmf_hook` WHERE  (  (  `app` = '' OR `app` = 'cmf' )  AND `type` = 3 ) OR `type` = 1 [ RunTime:0.000633s ]
[2024-12-08T02:20:33+08:00][sql] SHOW FULL COLUMNS FROM `cmf_hook_plugin` [ RunTime:0.001212s ]
[2024-12-08T02:20:33+08:00][sql] SELECT `hook`,`plugin` FROM `cmf_hook_plugin` WHERE  `status` = 1  AND `hook` IN ('app_begin','module_init','action_begin','view_filter','app_end','log_write','response_end','admin_init','home_init','send_mobile_verification_code','body_start','before_head_end','footer_start','before_footer','before_footer_end','before_body_end','left_sidebar_start','before_left_sidebar_end','right_sidebar_start','before_right_sidebar_end','comment','guestbook','switch_theme','after_content','before_content','log_write_done','switch_admin_theme','captcha_image') ORDER BY `list_order` ASC [ RunTime:0.000725s ]
[2024-12-08T02:21:05+08:00][sql] CONNECT:[ UseTime:0.000667s ] mysql:host=127.0.0.1;port=3306;dbname=zhibo;charset=utf8mb4
[2024-12-08T02:21:05+08:00][sql] SHOW FULL COLUMNS FROM `cmf_hook` [ RunTime:0.001625s ]
[2024-12-08T02:21:05+08:00][sql] SELECT `hook`,`id` FROM `cmf_hook` WHERE  (  (  `app` = '' OR `app` = 'cmf' )  AND `type` = 3 ) OR `type` = 1 [ RunTime:0.000653s ]
[2024-12-08T02:21:05+08:00][sql] SHOW FULL COLUMNS FROM `cmf_hook_plugin` [ RunTime:0.001349s ]
[2024-12-08T02:21:05+08:00][sql] SELECT `hook`,`plugin` FROM `cmf_hook_plugin` WHERE  `status` = 1  AND `hook` IN ('app_begin','module_init','action_begin','view_filter','app_end','log_write','response_end','admin_init','home_init','send_mobile_verification_code','body_start','before_head_end','footer_start','before_footer','before_footer_end','before_body_end','left_sidebar_start','before_left_sidebar_end','right_sidebar_start','before_right_sidebar_end','comment','guestbook','switch_theme','after_content','before_content','log_write_done','switch_admin_theme','captcha_image') ORDER BY `list_order` ASC [ RunTime:0.000713s ]
[2024-12-08T02:21:05+08:00][sql] SHOW FULL COLUMNS FROM `cmf_plugin` [ RunTime:0.001755s ]
[2024-12-08T02:21:05+08:00][sql] SELECT `config` FROM `cmf_plugin` WHERE  `name` = 'Qiniu' LIMIT 1 [ RunTime:0.000491s ]
[2024-12-08T02:21:05+08:00][sql] SHOW FULL COLUMNS FROM `cmf_live` [ RunTime:0.001783s ]
[2024-12-08T02:21:05+08:00][sql] SELECT * FROM `cmf_live` WHERE  ( islive='1' and isrecommend='1' and type='0' and live_type=0 ) [ RunTime:0.000903s ]
[2024-12-08T02:21:05+08:00][sql] SHOW FULL COLUMNS FROM `cmf_slide_item` [ RunTime:0.001405s ]
[2024-12-08T02:21:05+08:00][sql] SELECT * FROM `cmf_slide_item` WHERE  ( status='1' and slide_id='1' ) ORDER BY `list_order` ASC [ RunTime:0.000587s ]
[2024-12-08T02:21:05+08:00][sql] SHOW FULL COLUMNS FROM `cmf_live_class` [ RunTime:0.001178s ]
[2024-12-08T02:21:05+08:00][sql] SELECT * FROM `cmf_live_class` ORDER BY `list_order` LIMIT 5 [ RunTime:0.000430s ]
[2024-12-08T02:21:05+08:00][sql] SELECT * FROM `cmf_live` WHERE  `islive` = 1  AND `live_type` = 0  AND `liveclassid` = 8 ORDER BY `recommend_time` DESC,`starttime` DESC LIMIT 5 [ RunTime:0.000768s ]
[2024-12-08T02:21:05+08:00][sql] SELECT `uid`,`thumb`,`stream`,`title`,`city`,`islive`,`type` FROM `cmf_live` WHERE  ( islive='1' and ishot='1' and live_type=0 ) ORDER BY `isrecommend` DESC,`recommend_time` DESC,`hotvotes` DESC,`starttime` DESC LIMIT 5 [ RunTime:0.000494s ]
[2024-12-08T02:21:05+08:00][sql] SELECT `uid`,`thumb`,`stream`,`title`,`city`,`islive`,`type` FROM `cmf_live` WHERE  ( islive='1' and live_type=0 ) ORDER BY `starttime` DESC LIMIT 5 [ RunTime:0.000412s ]
[2024-12-08T02:21:05+08:00][sql] SHOW FULL COLUMNS FROM `cmf_theme_file` [ RunTime:0.001483s ]
[2024-12-08T02:21:05+08:00][sql] SELECT `more` FROM `cmf_theme_file` WHERE  `theme` = 'default'  AND (  `is_public` = 1 OR `file` = '../home/index/index' ) [ RunTime:0.000527s ]
[2024-12-08T02:21:14+08:00][sql] CONNECT:[ UseTime:0.000733s ] mysql:host=127.0.0.1;port=3306;dbname=zhibo;charset=utf8mb4
[2024-12-08T02:21:14+08:00][sql] SHOW FULL COLUMNS FROM `cmf_hook` [ RunTime:0.001786s ]
[2024-12-08T02:21:14+08:00][sql] SELECT `hook`,`id` FROM `cmf_hook` WHERE  (  (  `app` = '' OR `app` = 'cmf' )  AND `type` = 3 ) OR `type` = 1 [ RunTime:0.000680s ]
[2024-12-08T02:21:14+08:00][sql] SHOW FULL COLUMNS FROM `cmf_hook_plugin` [ RunTime:0.001274s ]
[2024-12-08T02:21:14+08:00][sql] SELECT `hook`,`plugin` FROM `cmf_hook_plugin` WHERE  `status` = 1  AND `hook` IN ('app_begin','module_init','action_begin','view_filter','app_end','log_write','response_end','admin_init','home_init','send_mobile_verification_code','body_start','before_head_end','footer_start','before_footer','before_footer_end','before_body_end','left_sidebar_start','before_left_sidebar_end','right_sidebar_start','before_right_sidebar_end','comment','guestbook','switch_theme','after_content','before_content','log_write_done','switch_admin_theme','captcha_image') ORDER BY `list_order` ASC [ RunTime:0.000687s ]
[2024-12-08T02:42:08+08:00][sql] CONNECT:[ UseTime:0.000662s ] mysql:host=127.0.0.1;port=3306;dbname=zhibo;charset=utf8mb4
[2024-12-08T02:42:08+08:00][sql] SHOW FULL COLUMNS FROM `cmf_hook` [ RunTime:0.001828s ]
[2024-12-08T02:42:08+08:00][sql] SELECT `hook`,`id` FROM `cmf_hook` WHERE  (  (  `app` = '' OR `app` = 'cmf' )  AND `type` = 3 ) OR `type` = 1 [ RunTime:0.000699s ]
[2024-12-08T02:42:08+08:00][sql] SHOW FULL COLUMNS FROM `cmf_hook_plugin` [ RunTime:0.001457s ]
[2024-12-08T02:42:08+08:00][sql] SELECT `hook`,`plugin` FROM `cmf_hook_plugin` WHERE  `status` = 1  AND `hook` IN ('app_begin','module_init','action_begin','view_filter','app_end','log_write','response_end','admin_init','home_init','send_mobile_verification_code','body_start','before_head_end','footer_start','before_footer','before_footer_end','before_body_end','left_sidebar_start','before_left_sidebar_end','right_sidebar_start','before_right_sidebar_end','comment','guestbook','switch_theme','after_content','before_content','log_write_done','switch_admin_theme','captcha_image') ORDER BY `list_order` ASC [ RunTime:0.000705s ]
[2024-12-08T02:42:08+08:00][sql] SHOW FULL COLUMNS FROM `cmf_plugin` [ RunTime:0.001972s ]
[2024-12-08T02:42:08+08:00][sql] SELECT `config` FROM `cmf_plugin` WHERE  `name` = 'Qiniu' LIMIT 1 [ RunTime:0.000470s ]
[2024-12-08T02:42:08+08:00][sql] SHOW FULL COLUMNS FROM `cmf_live_class` [ RunTime:0.001671s ]
[2024-12-08T02:42:08+08:00][sql] SELECT * FROM `cmf_live_class` ORDER BY `list_order` [ RunTime:0.000518s ]
[2024-12-08T02:42:08+08:00][sql] SHOW FULL COLUMNS FROM `cmf_live` [ RunTime:0.001678s ]
[2024-12-08T02:42:08+08:00][sql] SELECT COUNT(*) AS think_count FROM `cmf_live` WHERE  `islive` = 1  AND `live_type` = 0 LIMIT 1 [ RunTime:0.000722s ]
[2024-12-08T02:42:08+08:00][sql] SHOW FULL COLUMNS FROM `cmf_theme_file` [ RunTime:0.001870s ]
[2024-12-08T02:42:08+08:00][sql] SELECT `more` FROM `cmf_theme_file` WHERE  `theme` = 'default'  AND (  `is_public` = 1 OR `file` = '../home/category/classlive' ) [ RunTime:0.000524s ]
[2024-12-08T02:52:54+08:00][sql] CONNECT:[ UseTime:0.000702s ] mysql:host=127.0.0.1;port=3306;dbname=zhibo;charset=utf8mb4
[2024-12-08T02:52:54+08:00][sql] SHOW FULL COLUMNS FROM `cmf_hook` [ RunTime:0.001772s ]
[2024-12-08T02:52:54+08:00][sql] SELECT `hook`,`id` FROM `cmf_hook` WHERE  (  (  `app` = '' OR `app` = 'cmf' )  AND `type` = 3 ) OR `type` = 1 [ RunTime:0.000663s ]
[2024-12-08T02:52:54+08:00][sql] SHOW FULL COLUMNS FROM `cmf_hook_plugin` [ RunTime:0.001559s ]
[2024-12-08T02:52:54+08:00][sql] SELECT `hook`,`plugin` FROM `cmf_hook_plugin` WHERE  `status` = 1  AND `hook` IN ('app_begin','module_init','action_begin','view_filter','app_end','log_write','response_end','admin_init','home_init','send_mobile_verification_code','body_start','before_head_end','footer_start','before_footer','before_footer_end','before_body_end','left_sidebar_start','before_left_sidebar_end','right_sidebar_start','before_right_sidebar_end','comment','guestbook','switch_theme','after_content','before_content','log_write_done','switch_admin_theme','captcha_image') ORDER BY `list_order` ASC [ RunTime:0.000748s ]
[2024-12-08T02:52:54+08:00][sql] SHOW FULL COLUMNS FROM `cmf_plugin` [ RunTime:0.001980s ]
[2024-12-08T02:52:54+08:00][sql] SELECT `config` FROM `cmf_plugin` WHERE  `name` = 'Qiniu' LIMIT 1 [ RunTime:0.000520s ]
[2024-12-08T02:52:54+08:00][sql] SHOW FULL COLUMNS FROM `cmf_slide_item` [ RunTime:0.001900s ]
[2024-12-08T02:52:54+08:00][sql] SELECT * FROM `cmf_slide_item` WHERE  `slide_id` = 7  AND `status` = 1 ORDER BY `list_order` [ RunTime:0.000687s ]
[2024-12-08T02:52:54+08:00][sql] SHOW FULL COLUMNS FROM `cmf_theme_file` [ RunTime:0.001906s ]
[2024-12-08T02:52:54+08:00][sql] SELECT `more` FROM `cmf_theme_file` WHERE  `theme` = 'default'  AND (  `is_public` = 1 OR `file` = '../home/app/programe' ) [ RunTime:0.000612s ]
[2024-12-08T03:02:52+08:00][sql] CONNECT:[ UseTime:0.000676s ] mysql:host=127.0.0.1;port=3306;dbname=zhibo;charset=utf8mb4
[2024-12-08T03:02:52+08:00][sql] SHOW FULL COLUMNS FROM `cmf_hook` [ RunTime:0.001779s ]
[2024-12-08T03:02:52+08:00][sql] SELECT `hook`,`id` FROM `cmf_hook` WHERE  (  (  `app` = '' OR `app` = 'cmf' )  AND `type` = 3 ) OR `type` = 1 [ RunTime:0.000633s ]
[2024-12-08T03:02:52+08:00][sql] SHOW FULL COLUMNS FROM `cmf_hook_plugin` [ RunTime:0.001329s ]
[2024-12-08T03:02:52+08:00][sql] SELECT `hook`,`plugin` FROM `cmf_hook_plugin` WHERE  `status` = 1  AND `hook` IN ('app_begin','module_init','action_begin','view_filter','app_end','log_write','response_end','admin_init','home_init','send_mobile_verification_code','body_start','before_head_end','footer_start','before_footer','before_footer_end','before_body_end','left_sidebar_start','before_left_sidebar_end','right_sidebar_start','before_right_sidebar_end','comment','guestbook','switch_theme','after_content','before_content','log_write_done','switch_admin_theme','captcha_image') ORDER BY `list_order` ASC [ RunTime:0.000703s ]
[2024-12-08T03:02:52+08:00][sql] SHOW FULL COLUMNS FROM `cmf_plugin` [ RunTime:0.001769s ]
[2024-12-08T03:02:52+08:00][sql] SELECT `config` FROM `cmf_plugin` WHERE  `name` = 'Qiniu' LIMIT 1 [ RunTime:0.000523s ]
[2024-12-08T03:02:52+08:00][sql] SHOW FULL COLUMNS FROM `cmf_live` [ RunTime:0.001829s ]
[2024-12-08T03:02:52+08:00][sql] SELECT COUNT(*) AS think_count FROM `cmf_live` `l` LEFT JOIN `cmf_user` `u` ON `u`.`id`=`l`.`uid` WHERE  ( u.sex='2' and l.islive='1'  ) LIMIT 1 [ RunTime:0.000762s ]
[2024-12-08T03:02:52+08:00][sql] SELECT COUNT(*) AS think_count FROM `cmf_live` `l` LEFT JOIN `cmf_user` `u` ON `u`.`id`=`l`.`uid` WHERE  ( u.sex='2' and l.islive='1'  ) LIMIT 1 [ RunTime:0.000409s ]
[2024-12-08T03:02:52+08:00][sql] SHOW FULL COLUMNS FROM `cmf_theme_file` [ RunTime:0.001583s ]
[2024-12-08T03:02:52+08:00][sql] SELECT `more` FROM `cmf_theme_file` WHERE  `theme` = 'default'  AND (  `is_public` = 1 OR `file` = '../home/category/index' ) [ RunTime:0.000531s ]
[2024-12-08T03:12:39+08:00][sql] CONNECT:[ UseTime:0.000686s ] mysql:host=127.0.0.1;port=3306;dbname=zhibo;charset=utf8mb4
[2024-12-08T03:12:39+08:00][sql] SHOW FULL COLUMNS FROM `cmf_hook` [ RunTime:0.001598s ]
[2024-12-08T03:12:39+08:00][sql] SELECT `hook`,`id` FROM `cmf_hook` WHERE  (  (  `app` = '' OR `app` = 'cmf' )  AND `type` = 3 ) OR `type` = 1 [ RunTime:0.000623s ]
[2024-12-08T03:12:39+08:00][sql] SHOW FULL COLUMNS FROM `cmf_hook_plugin` [ RunTime:0.001264s ]
[2024-12-08T03:12:39+08:00][sql] SELECT `hook`,`plugin` FROM `cmf_hook_plugin` WHERE  `status` = 1  AND `hook` IN ('app_begin','module_init','action_begin','view_filter','app_end','log_write','response_end','admin_init','home_init','send_mobile_verification_code','body_start','before_head_end','footer_start','before_footer','before_footer_end','before_body_end','left_sidebar_start','before_left_sidebar_end','right_sidebar_start','before_right_sidebar_end','comment','guestbook','switch_theme','after_content','before_content','log_write_done','switch_admin_theme','captcha_image') ORDER BY `list_order` ASC [ RunTime:0.000669s ]
[2024-12-08T03:12:39+08:00][sql] SHOW FULL COLUMNS FROM `cmf_plugin` [ RunTime:0.001705s ]
[2024-12-08T03:12:39+08:00][sql] SELECT `config` FROM `cmf_plugin` WHERE  `name` = 'Qiniu' LIMIT 1 [ RunTime:0.000445s ]
[2024-12-08T03:12:39+08:00][sql] SHOW FULL COLUMNS FROM `cmf_live` [ RunTime:0.001757s ]
[2024-12-08T03:12:39+08:00][sql] SELECT COUNT(*) AS think_count FROM `cmf_live` `l` LEFT JOIN `cmf_user` `u` ON `u`.`id`=`l`.`uid` WHERE  ( u.sex='1' and l.islive='1'  ) LIMIT 1 [ RunTime:0.000680s ]
[2024-12-08T03:12:39+08:00][sql] SELECT COUNT(*) AS think_count FROM `cmf_live` `l` LEFT JOIN `cmf_user` `u` ON `u`.`id`=`l`.`uid` WHERE  ( u.sex='1' and l.islive='1'  ) LIMIT 1 [ RunTime:0.000444s ]
[2024-12-08T03:12:39+08:00][sql] SHOW FULL COLUMNS FROM `cmf_theme_file` [ RunTime:0.001565s ]
[2024-12-08T03:12:39+08:00][sql] SELECT `more` FROM `cmf_theme_file` WHERE  `theme` = 'default'  AND (  `is_public` = 1 OR `file` = '../home/category/index' ) [ RunTime:0.000520s ]
[2024-12-08T04:20:26+08:00][sql] CONNECT:[ UseTime:0.000658s ] mysql:host=127.0.0.1;port=3306;dbname=zhibo;charset=utf8mb4
[2024-12-08T04:20:26+08:00][sql] SHOW FULL COLUMNS FROM `cmf_hook` [ RunTime:0.001801s ]
[2024-12-08T04:20:26+08:00][sql] SELECT `hook`,`id` FROM `cmf_hook` WHERE  (  (  `app` = '' OR `app` = 'cmf' )  AND `type` = 3 ) OR `type` = 1 [ RunTime:0.000688s ]
[2024-12-08T04:20:26+08:00][sql] SHOW FULL COLUMNS FROM `cmf_hook_plugin` [ RunTime:0.001494s ]
[2024-12-08T04:20:26+08:00][sql] SELECT `hook`,`plugin` FROM `cmf_hook_plugin` WHERE  `status` = 1  AND `hook` IN ('app_begin','module_init','action_begin','view_filter','app_end','log_write','response_end','admin_init','home_init','send_mobile_verification_code','body_start','before_head_end','footer_start','before_footer','before_footer_end','before_body_end','left_sidebar_start','before_left_sidebar_end','right_sidebar_start','before_right_sidebar_end','comment','guestbook','switch_theme','after_content','before_content','log_write_done','switch_admin_theme','captcha_image') ORDER BY `list_order` ASC [ RunTime:0.000704s ]
[2024-12-08T04:20:26+08:00][sql] SHOW FULL COLUMNS FROM `cmf_plugin` [ RunTime:0.001921s ]
[2024-12-08T04:20:26+08:00][sql] SELECT `config` FROM `cmf_plugin` WHERE  `name` = 'Qiniu' LIMIT 1 [ RunTime:0.000521s ]
[2024-12-08T04:20:26+08:00][sql] SHOW FULL COLUMNS FROM `cmf_live` [ RunTime:0.002139s ]
[2024-12-08T04:20:26+08:00][sql] SELECT * FROM `cmf_live` WHERE  ( islive='1' and isrecommend='1' and type='0' and live_type=0 ) [ RunTime:0.000951s ]
[2024-12-08T04:20:26+08:00][sql] SHOW FULL COLUMNS FROM `cmf_slide_item` [ RunTime:0.001611s ]
[2024-12-08T04:20:26+08:00][sql] SELECT * FROM `cmf_slide_item` WHERE  ( status='1' and slide_id='1' ) ORDER BY `list_order` ASC [ RunTime:0.000575s ]
[2024-12-08T04:20:26+08:00][sql] SHOW FULL COLUMNS FROM `cmf_live_class` [ RunTime:0.001430s ]
[2024-12-08T04:20:26+08:00][sql] SELECT * FROM `cmf_live_class` ORDER BY `list_order` LIMIT 5 [ RunTime:0.000449s ]
[2024-12-08T04:20:26+08:00][sql] SELECT * FROM `cmf_live` WHERE  `islive` = 1  AND `live_type` = 0  AND `liveclassid` = 8 ORDER BY `recommend_time` DESC,`starttime` DESC LIMIT 5 [ RunTime:0.000756s ]
[2024-12-08T04:20:26+08:00][sql] SELECT `uid`,`thumb`,`stream`,`title`,`city`,`islive`,`type` FROM `cmf_live` WHERE  ( islive='1' and ishot='1' and live_type=0 ) ORDER BY `isrecommend` DESC,`recommend_time` DESC,`hotvotes` DESC,`starttime` DESC LIMIT 5 [ RunTime:0.000508s ]
[2024-12-08T04:20:26+08:00][sql] SELECT `uid`,`thumb`,`stream`,`title`,`city`,`islive`,`type` FROM `cmf_live` WHERE  ( islive='1' and live_type=0 ) ORDER BY `starttime` DESC LIMIT 5 [ RunTime:0.000484s ]
[2024-12-08T04:20:26+08:00][sql] SHOW FULL COLUMNS FROM `cmf_theme_file` [ RunTime:0.001761s ]
[2024-12-08T04:20:26+08:00][sql] SELECT `more` FROM `cmf_theme_file` WHERE  `theme` = 'default'  AND (  `is_public` = 1 OR `file` = '../home/index/index' ) [ RunTime:0.000527s ]
[2024-12-08T04:59:48+08:00][sql] CONNECT:[ UseTime:0.000750s ] mysql:host=127.0.0.1;port=3306;dbname=zhibo;charset=utf8mb4
[2024-12-08T04:59:48+08:00][sql] SHOW FULL COLUMNS FROM `cmf_hook` [ RunTime:0.001923s ]
[2024-12-08T04:59:48+08:00][sql] SELECT `hook`,`id` FROM `cmf_hook` WHERE  (  (  `app` = '' OR `app` = 'cmf' )  AND `type` = 3 ) OR `type` = 1 [ RunTime:0.000653s ]
[2024-12-08T04:59:48+08:00][sql] SHOW FULL COLUMNS FROM `cmf_hook_plugin` [ RunTime:0.001561s ]
[2024-12-08T04:59:48+08:00][sql] SELECT `hook`,`plugin` FROM `cmf_hook_plugin` WHERE  `status` = 1  AND `hook` IN ('app_begin','module_init','action_begin','view_filter','app_end','log_write','response_end','admin_init','home_init','send_mobile_verification_code','body_start','before_head_end','footer_start','before_footer','before_footer_end','before_body_end','left_sidebar_start','before_left_sidebar_end','right_sidebar_start','before_right_sidebar_end','comment','guestbook','switch_theme','after_content','before_content','log_write_done','switch_admin_theme','captcha_image') ORDER BY `list_order` ASC [ RunTime:0.000745s ]
[2024-12-08T04:59:49+08:00][sql] CONNECT:[ UseTime:0.000672s ] mysql:host=127.0.0.1;port=3306;dbname=zhibo;charset=utf8mb4
[2024-12-08T04:59:49+08:00][sql] SHOW FULL COLUMNS FROM `cmf_hook` [ RunTime:0.001828s ]
[2024-12-08T04:59:49+08:00][sql] SELECT `hook`,`id` FROM `cmf_hook` WHERE  (  (  `app` = '' OR `app` = 'cmf' )  AND `type` = 3 ) OR `type` = 1 [ RunTime:0.000676s ]
[2024-12-08T04:59:49+08:00][sql] SHOW FULL COLUMNS FROM `cmf_hook_plugin` [ RunTime:0.001524s ]
[2024-12-08T04:59:49+08:00][sql] SELECT `hook`,`plugin` FROM `cmf_hook_plugin` WHERE  `status` = 1  AND `hook` IN ('app_begin','module_init','action_begin','view_filter','app_end','log_write','response_end','admin_init','home_init','send_mobile_verification_code','body_start','before_head_end','footer_start','before_footer','before_footer_end','before_body_end','left_sidebar_start','before_left_sidebar_end','right_sidebar_start','before_right_sidebar_end','comment','guestbook','switch_theme','after_content','before_content','log_write_done','switch_admin_theme','captcha_image') ORDER BY `list_order` ASC [ RunTime:0.000737s ]
[2024-12-08T05:28:59+08:00][sql] CONNECT:[ UseTime:0.000688s ] mysql:host=127.0.0.1;port=3306;dbname=zhibo;charset=utf8mb4
[2024-12-08T05:28:59+08:00][sql] SHOW FULL COLUMNS FROM `cmf_hook` [ RunTime:0.001745s ]
[2024-12-08T05:28:59+08:00][sql] SELECT `hook`,`id` FROM `cmf_hook` WHERE  (  (  `app` = '' OR `app` = 'cmf' )  AND `type` = 3 ) OR `type` = 1 [ RunTime:0.000595s ]
[2024-12-08T05:28:59+08:00][sql] SHOW FULL COLUMNS FROM `cmf_hook_plugin` [ RunTime:0.001421s ]
[2024-12-08T05:28:59+08:00][sql] SELECT `hook`,`plugin` FROM `cmf_hook_plugin` WHERE  `status` = 1  AND `hook` IN ('app_begin','module_init','action_begin','view_filter','app_end','log_write','response_end','admin_init','home_init','send_mobile_verification_code','body_start','before_head_end','footer_start','before_footer','before_footer_end','before_body_end','left_sidebar_start','before_left_sidebar_end','right_sidebar_start','before_right_sidebar_end','comment','guestbook','switch_theme','after_content','before_content','log_write_done','switch_admin_theme','captcha_image') ORDER BY `list_order` ASC [ RunTime:0.000677s ]
[2024-12-08T05:28:59+08:00][sql] SELECT `hook` FROM `cmf_hook` WHERE  `app` = 'detail' [ RunTime:0.000740s ]
[2024-12-08T05:28:59+08:00][sql] SELECT `hook`,`plugin` FROM `cmf_hook_plugin` WHERE  `status` = 1  AND 0 = 1 ORDER BY `list_order` ASC [ RunTime:0.000334s ]
[2024-12-08T05:28:59+08:00][sql] CONNECT:[ UseTime:0.000700s ] mysql:host=127.0.0.1;port=3306;dbname=zhibo;charset=utf8mb4
[2024-12-08T05:28:59+08:00][sql] SHOW FULL COLUMNS FROM `cmf_hook` [ RunTime:0.001811s ]
[2024-12-08T05:28:59+08:00][sql] SELECT `hook`,`id` FROM `cmf_hook` WHERE  (  (  `app` = '' OR `app` = 'cmf' )  AND `type` = 3 ) OR `type` = 1 [ RunTime:0.000660s ]
[2024-12-08T05:28:59+08:00][sql] SHOW FULL COLUMNS FROM `cmf_hook_plugin` [ RunTime:0.001571s ]
[2024-12-08T05:28:59+08:00][sql] SELECT `hook`,`plugin` FROM `cmf_hook_plugin` WHERE  `status` = 1  AND `hook` IN ('app_begin','module_init','action_begin','view_filter','app_end','log_write','response_end','admin_init','home_init','send_mobile_verification_code','body_start','before_head_end','footer_start','before_footer','before_footer_end','before_body_end','left_sidebar_start','before_left_sidebar_end','right_sidebar_start','before_right_sidebar_end','comment','guestbook','switch_theme','after_content','before_content','log_write_done','switch_admin_theme','captcha_image') ORDER BY `list_order` ASC [ RunTime:0.000752s ]
[2024-12-08T06:32:55+08:00][sql] CONNECT:[ UseTime:0.000655s ] mysql:host=127.0.0.1;port=3306;dbname=zhibo;charset=utf8mb4
[2024-12-08T06:32:55+08:00][sql] SHOW FULL COLUMNS FROM `cmf_hook` [ RunTime:0.001750s ]
[2024-12-08T06:32:55+08:00][sql] SELECT `hook`,`id` FROM `cmf_hook` WHERE  (  (  `app` = '' OR `app` = 'cmf' )  AND `type` = 3 ) OR `type` = 1 [ RunTime:0.000680s ]
[2024-12-08T06:32:55+08:00][sql] SHOW FULL COLUMNS FROM `cmf_hook_plugin` [ RunTime:0.001526s ]
[2024-12-08T06:32:55+08:00][sql] SELECT `hook`,`plugin` FROM `cmf_hook_plugin` WHERE  `status` = 1  AND `hook` IN ('app_begin','module_init','action_begin','view_filter','app_end','log_write','response_end','admin_init','home_init','send_mobile_verification_code','body_start','before_head_end','footer_start','before_footer','before_footer_end','before_body_end','left_sidebar_start','before_left_sidebar_end','right_sidebar_start','before_right_sidebar_end','comment','guestbook','switch_theme','after_content','before_content','log_write_done','switch_admin_theme','captcha_image') ORDER BY `list_order` ASC [ RunTime:0.000743s ]
[2024-12-08T06:32:55+08:00][sql] SHOW FULL COLUMNS FROM `cmf_plugin` [ RunTime:0.001884s ]
[2024-12-08T06:32:55+08:00][sql] SELECT `config` FROM `cmf_plugin` WHERE  `name` = 'Qiniu' LIMIT 1 [ RunTime:0.000509s ]
[2024-12-08T06:32:55+08:00][sql] SHOW FULL COLUMNS FROM `cmf_live` [ RunTime:0.002000s ]
[2024-12-08T06:32:55+08:00][sql] SELECT * FROM `cmf_live` WHERE  ( islive='1' and isrecommend='1' and type='0' and live_type=0 ) [ RunTime:0.000915s ]
[2024-12-08T06:32:55+08:00][sql] SHOW FULL COLUMNS FROM `cmf_slide_item` [ RunTime:0.001615s ]
[2024-12-08T06:32:55+08:00][sql] SELECT * FROM `cmf_slide_item` WHERE  ( status='1' and slide_id='1' ) ORDER BY `list_order` ASC [ RunTime:0.000570s ]
[2024-12-08T06:32:55+08:00][sql] SHOW FULL COLUMNS FROM `cmf_live_class` [ RunTime:0.001406s ]
[2024-12-08T06:32:55+08:00][sql] SELECT * FROM `cmf_live_class` ORDER BY `list_order` LIMIT 5 [ RunTime:0.000449s ]
[2024-12-08T06:32:55+08:00][sql] SELECT * FROM `cmf_live` WHERE  `islive` = 1  AND `live_type` = 0  AND `liveclassid` = 8 ORDER BY `recommend_time` DESC,`starttime` DESC LIMIT 5 [ RunTime:0.000794s ]
[2024-12-08T06:32:55+08:00][sql] SELECT `uid`,`thumb`,`stream`,`title`,`city`,`islive`,`type` FROM `cmf_live` WHERE  ( islive='1' and ishot='1' and live_type=0 ) ORDER BY `isrecommend` DESC,`recommend_time` DESC,`hotvotes` DESC,`starttime` DESC LIMIT 5 [ RunTime:0.000503s ]
[2024-12-08T06:32:55+08:00][sql] SELECT `uid`,`thumb`,`stream`,`title`,`city`,`islive`,`type` FROM `cmf_live` WHERE  ( islive='1' and live_type=0 ) ORDER BY `starttime` DESC LIMIT 5 [ RunTime:0.000378s ]
[2024-12-08T06:32:55+08:00][sql] SHOW FULL COLUMNS FROM `cmf_theme_file` [ RunTime:0.001704s ]
[2024-12-08T06:32:55+08:00][sql] SELECT `more` FROM `cmf_theme_file` WHERE  `theme` = 'default'  AND (  `is_public` = 1 OR `file` = '../home/index/index' ) [ RunTime:0.000527s ]
[2024-12-08T06:32:56+08:00][sql] CONNECT:[ UseTime:0.000713s ] mysql:host=127.0.0.1;port=3306;dbname=zhibo;charset=utf8mb4
[2024-12-08T06:32:56+08:00][sql] SHOW FULL COLUMNS FROM `cmf_hook` [ RunTime:0.001990s ]
[2024-12-08T06:32:56+08:00][sql] SELECT `hook`,`id` FROM `cmf_hook` WHERE  (  (  `app` = '' OR `app` = 'cmf' )  AND `type` = 3 ) OR `type` = 1 [ RunTime:0.000650s ]
[2024-12-08T06:32:56+08:00][sql] SHOW FULL COLUMNS FROM `cmf_hook_plugin` [ RunTime:0.001549s ]
[2024-12-08T06:32:56+08:00][sql] SELECT `hook`,`plugin` FROM `cmf_hook_plugin` WHERE  `status` = 1  AND `hook` IN ('app_begin','module_init','action_begin','view_filter','app_end','log_write','response_end','admin_init','home_init','send_mobile_verification_code','body_start','before_head_end','footer_start','before_footer','before_footer_end','before_body_end','left_sidebar_start','before_left_sidebar_end','right_sidebar_start','before_right_sidebar_end','comment','guestbook','switch_theme','after_content','before_content','log_write_done','switch_admin_theme','captcha_image') ORDER BY `list_order` ASC [ RunTime:0.000720s ]
[2024-12-08T06:32:56+08:00][sql] SHOW FULL COLUMNS FROM `cmf_plugin` [ RunTime:0.001990s ]
[2024-12-08T06:32:56+08:00][sql] SELECT `config` FROM `cmf_plugin` WHERE  `name` = 'Qiniu' LIMIT 1 [ RunTime:0.000504s ]
[2024-12-08T06:32:56+08:00][sql] CONNECT:[ UseTime:0.000690s ] mysql:host=127.0.0.1;port=3306;dbname=zhibo;charset=utf8mb4
[2024-12-08T06:32:56+08:00][sql] SHOW FULL COLUMNS FROM `cmf_hook` [ RunTime:0.001945s ]
[2024-12-08T06:32:56+08:00][sql] SELECT `hook`,`id` FROM `cmf_hook` WHERE  (  (  `app` = '' OR `app` = 'cmf' )  AND `type` = 3 ) OR `type` = 1 [ RunTime:0.000605s ]
[2024-12-08T06:32:56+08:00][sql] SHOW FULL COLUMNS FROM `cmf_hook_plugin` [ RunTime:0.001453s ]
[2024-12-08T06:32:56+08:00][sql] SELECT `hook`,`plugin` FROM `cmf_hook_plugin` WHERE  `status` = 1  AND `hook` IN ('app_begin','module_init','action_begin','view_filter','app_end','log_write','response_end','admin_init','home_init','send_mobile_verification_code','body_start','before_head_end','footer_start','before_footer','before_footer_end','before_body_end','left_sidebar_start','before_left_sidebar_end','right_sidebar_start','before_right_sidebar_end','comment','guestbook','switch_theme','after_content','before_content','log_write_done','switch_admin_theme','captcha_image') ORDER BY `list_order` ASC [ RunTime:0.000666s ]
[2024-12-08T06:32:56+08:00][sql] SHOW FULL COLUMNS FROM `cmf_plugin` [ RunTime:0.001860s ]
[2024-12-08T06:32:56+08:00][sql] SELECT `config` FROM `cmf_plugin` WHERE  `name` = 'Qiniu' LIMIT 1 [ RunTime:0.000498s ]
[2024-12-08T06:32:56+08:00][sql] SHOW FULL COLUMNS FROM `cmf_slide_item` [ RunTime:0.001515s ]
[2024-12-08T06:32:56+08:00][sql] SELECT * FROM `cmf_slide_item` WHERE  ( status='1' and slide_id='6' ) ORDER BY `list_order` ASC [ RunTime:0.000688s ]
[2024-12-08T06:32:56+08:00][sql] SHOW FULL COLUMNS FROM `cmf_live` [ RunTime:0.001515s ]
[2024-12-08T06:32:56+08:00][sql] SELECT `uid`,`title`,`city`,`stream`,`pull`,`thumb`,`type` FROM `cmf_live` WHERE  `islive` = 1  AND `live_type` = 0  AND `ishot` = 1 ORDER BY `recommend_time` DESC,`starttime` DESC LIMIT 0,20 [ RunTime:0.000680s ]
[2024-12-08T06:32:56+08:00][sql] SHOW FULL COLUMNS FROM `cmf_theme_file` [ RunTime:0.001469s ]
[2024-12-08T06:32:56+08:00][sql] SELECT `more` FROM `cmf_theme_file` WHERE  `theme` = 'default'  AND (  `is_public` = 1 OR `file` = '../wxshare/share/index' ) [ RunTime:0.000554s ]
[2024-12-08T06:58:28+08:00][sql] CONNECT:[ UseTime:0.000627s ] mysql:host=127.0.0.1;port=3306;dbname=zhibo;charset=utf8mb4
[2024-12-08T06:58:28+08:00][sql] SHOW FULL COLUMNS FROM `cmf_hook` [ RunTime:0.001735s ]
[2024-12-08T06:58:28+08:00][sql] SELECT `hook`,`id` FROM `cmf_hook` WHERE  (  (  `app` = '' OR `app` = 'cmf' )  AND `type` = 3 ) OR `type` = 1 [ RunTime:0.000675s ]
[2024-12-08T06:58:28+08:00][sql] SHOW FULL COLUMNS FROM `cmf_hook_plugin` [ RunTime:0.001450s ]
[2024-12-08T06:58:28+08:00][sql] SELECT `hook`,`plugin` FROM `cmf_hook_plugin` WHERE  `status` = 1  AND `hook` IN ('app_begin','module_init','action_begin','view_filter','app_end','log_write','response_end','admin_init','home_init','send_mobile_verification_code','body_start','before_head_end','footer_start','before_footer','before_footer_end','before_body_end','left_sidebar_start','before_left_sidebar_end','right_sidebar_start','before_right_sidebar_end','comment','guestbook','switch_theme','after_content','before_content','log_write_done','switch_admin_theme','captcha_image') ORDER BY `list_order` ASC [ RunTime:0.000745s ]
[2024-12-08T06:58:28+08:00][sql] SHOW FULL COLUMNS FROM `cmf_plugin` [ RunTime:0.001654s ]
[2024-12-08T06:58:28+08:00][sql] SELECT `config` FROM `cmf_plugin` WHERE  `name` = 'Qiniu' LIMIT 1 [ RunTime:0.000405s ]
[2024-12-08T06:58:28+08:00][sql] SHOW FULL COLUMNS FROM `cmf_live` [ RunTime:0.001940s ]
[2024-12-08T06:58:28+08:00][sql] SELECT * FROM `cmf_live` WHERE  ( islive='1' and isrecommend='1' and type='0' and live_type=0 ) [ RunTime:0.000916s ]
[2024-12-08T06:58:28+08:00][sql] SHOW FULL COLUMNS FROM `cmf_slide_item` [ RunTime:0.001663s ]
[2024-12-08T06:58:28+08:00][sql] SELECT * FROM `cmf_slide_item` WHERE  ( status='1' and slide_id='1' ) ORDER BY `list_order` ASC [ RunTime:0.000566s ]
[2024-12-08T06:58:28+08:00][sql] SHOW FULL COLUMNS FROM `cmf_live_class` [ RunTime:0.001329s ]
[2024-12-08T06:58:28+08:00][sql] SELECT * FROM `cmf_live_class` ORDER BY `list_order` LIMIT 5 [ RunTime:0.000385s ]
[2024-12-08T06:58:28+08:00][sql] SELECT * FROM `cmf_live` WHERE  `islive` = 1  AND `live_type` = 0  AND `liveclassid` = 8 ORDER BY `recommend_time` DESC,`starttime` DESC LIMIT 5 [ RunTime:0.000707s ]
[2024-12-08T06:58:28+08:00][sql] SELECT `uid`,`thumb`,`stream`,`title`,`city`,`islive`,`type` FROM `cmf_live` WHERE  ( islive='1' and ishot='1' and live_type=0 ) ORDER BY `isrecommend` DESC,`recommend_time` DESC,`hotvotes` DESC,`starttime` DESC LIMIT 5 [ RunTime:0.000485s ]
[2024-12-08T06:58:28+08:00][sql] SELECT `uid`,`thumb`,`stream`,`title`,`city`,`islive`,`type` FROM `cmf_live` WHERE  ( islive='1' and live_type=0 ) ORDER BY `starttime` DESC LIMIT 5 [ RunTime:0.000379s ]
[2024-12-08T06:58:28+08:00][sql] SHOW FULL COLUMNS FROM `cmf_theme_file` [ RunTime:0.001708s ]
[2024-12-08T06:58:28+08:00][sql] SELECT `more` FROM `cmf_theme_file` WHERE  `theme` = 'default'  AND (  `is_public` = 1 OR `file` = '../home/index/index' ) [ RunTime:0.000530s ]
[2024-12-08T06:58:29+08:00][sql] CONNECT:[ UseTime:0.000536s ] mysql:host=127.0.0.1;port=3306;dbname=zhibo;charset=utf8mb4
[2024-12-08T06:58:29+08:00][sql] SHOW FULL COLUMNS FROM `cmf_hook` [ RunTime:0.001731s ]
[2024-12-08T06:58:29+08:00][sql] SELECT `hook`,`id` FROM `cmf_hook` WHERE  (  (  `app` = '' OR `app` = 'cmf' )  AND `type` = 3 ) OR `type` = 1 [ RunTime:0.000687s ]
[2024-12-08T06:58:29+08:00][sql] SHOW FULL COLUMNS FROM `cmf_hook_plugin` [ RunTime:0.001415s ]
[2024-12-08T06:58:29+08:00][sql] SELECT `hook`,`plugin` FROM `cmf_hook_plugin` WHERE  `status` = 1  AND `hook` IN ('app_begin','module_init','action_begin','view_filter','app_end','log_write','response_end','admin_init','home_init','send_mobile_verification_code','body_start','before_head_end','footer_start','before_footer','before_footer_end','before_body_end','left_sidebar_start','before_left_sidebar_end','right_sidebar_start','before_right_sidebar_end','comment','guestbook','switch_theme','after_content','before_content','log_write_done','switch_admin_theme','captcha_image') ORDER BY `list_order` ASC [ RunTime:0.000674s ]
[2024-12-08T06:58:29+08:00][sql] SHOW FULL COLUMNS FROM `cmf_plugin` [ RunTime:0.001977s ]
[2024-12-08T06:58:29+08:00][sql] SELECT `config` FROM `cmf_plugin` WHERE  `name` = 'Qiniu' LIMIT 1 [ RunTime:0.000467s ]
[2024-12-08T06:58:29+08:00][sql] SHOW FULL COLUMNS FROM `cmf_live` [ RunTime:0.001956s ]
[2024-12-08T06:58:29+08:00][sql] SELECT * FROM `cmf_live` WHERE  ( islive='1' and isrecommend='1' and type='0' and live_type=0 ) [ RunTime:0.000897s ]
[2024-12-08T06:58:29+08:00][sql] SHOW FULL COLUMNS FROM `cmf_slide_item` [ RunTime:0.001351s ]
[2024-12-08T06:58:29+08:00][sql] SELECT * FROM `cmf_slide_item` WHERE  ( status='1' and slide_id='1' ) ORDER BY `list_order` ASC [ RunTime:0.000565s ]
[2024-12-08T06:58:29+08:00][sql] SHOW FULL COLUMNS FROM `cmf_live_class` [ RunTime:0.001173s ]
[2024-12-08T06:58:29+08:00][sql] SELECT * FROM `cmf_live_class` ORDER BY `list_order` LIMIT 5 [ RunTime:0.000416s ]
[2024-12-08T06:58:29+08:00][sql] SELECT * FROM `cmf_live` WHERE  `islive` = 1  AND `live_type` = 0  AND `liveclassid` = 8 ORDER BY `recommend_time` DESC,`starttime` DESC LIMIT 5 [ RunTime:0.000736s ]
[2024-12-08T06:58:29+08:00][sql] SELECT `uid`,`thumb`,`stream`,`title`,`city`,`islive`,`type` FROM `cmf_live` WHERE  ( islive='1' and ishot='1' and live_type=0 ) ORDER BY `isrecommend` DESC,`recommend_time` DESC,`hotvotes` DESC,`starttime` DESC LIMIT 5 [ RunTime:0.000480s ]
[2024-12-08T06:58:29+08:00][sql] SELECT `uid`,`thumb`,`stream`,`title`,`city`,`islive`,`type` FROM `cmf_live` WHERE  ( islive='1' and live_type=0 ) ORDER BY `starttime` DESC LIMIT 5 [ RunTime:0.000382s ]
[2024-12-08T06:58:29+08:00][sql] SHOW FULL COLUMNS FROM `cmf_theme_file` [ RunTime:0.001488s ]
[2024-12-08T06:58:29+08:00][sql] SELECT `more` FROM `cmf_theme_file` WHERE  `theme` = 'default'  AND (  `is_public` = 1 OR `file` = '../home/index/index' ) [ RunTime:0.000527s ]
[2024-12-08T06:58:29+08:00][sql] CONNECT:[ UseTime:0.000597s ] mysql:host=127.0.0.1;port=3306;dbname=zhibo;charset=utf8mb4
[2024-12-08T06:58:29+08:00][sql] SHOW FULL COLUMNS FROM `cmf_hook` [ RunTime:0.001415s ]
[2024-12-08T06:58:29+08:00][sql] SELECT `hook`,`id` FROM `cmf_hook` WHERE  (  (  `app` = '' OR `app` = 'cmf' )  AND `type` = 3 ) OR `type` = 1 [ RunTime:0.000598s ]
[2024-12-08T06:58:29+08:00][sql] SHOW FULL COLUMNS FROM `cmf_hook_plugin` [ RunTime:0.001338s ]
[2024-12-08T06:58:29+08:00][sql] SELECT `hook`,`plugin` FROM `cmf_hook_plugin` WHERE  `status` = 1  AND `hook` IN ('app_begin','module_init','action_begin','view_filter','app_end','log_write','response_end','admin_init','home_init','send_mobile_verification_code','body_start','before_head_end','footer_start','before_footer','before_footer_end','before_body_end','left_sidebar_start','before_left_sidebar_end','right_sidebar_start','before_right_sidebar_end','comment','guestbook','switch_theme','after_content','before_content','log_write_done','switch_admin_theme','captcha_image') ORDER BY `list_order` ASC [ RunTime:0.000615s ]
[2024-12-08T06:58:29+08:00][sql] SHOW FULL COLUMNS FROM `cmf_plugin` [ RunTime:0.001296s ]
[2024-12-08T06:58:29+08:00][sql] SELECT `config` FROM `cmf_plugin` WHERE  `name` = 'Qiniu' LIMIT 1 [ RunTime:0.000363s ]
[2024-12-08T06:58:29+08:00][sql] SHOW FULL COLUMNS FROM `cmf_live` [ RunTime:0.001621s ]
[2024-12-08T06:58:29+08:00][sql] SELECT * FROM `cmf_live` WHERE  ( islive='1' and isrecommend='1' and type='0' and live_type=0 ) [ RunTime:0.000850s ]
[2024-12-08T06:58:29+08:00][sql] SHOW FULL COLUMNS FROM `cmf_slide_item` [ RunTime:0.001352s ]
[2024-12-08T06:58:29+08:00][sql] SELECT * FROM `cmf_slide_item` WHERE  ( status='1' and slide_id='1' ) ORDER BY `list_order` ASC [ RunTime:0.000547s ]
[2024-12-08T06:58:29+08:00][sql] SHOW FULL COLUMNS FROM `cmf_live_class` [ RunTime:0.001162s ]
[2024-12-08T06:58:29+08:00][sql] SELECT * FROM `cmf_live_class` ORDER BY `list_order` LIMIT 5 [ RunTime:0.000436s ]
[2024-12-08T06:58:29+08:00][sql] SELECT * FROM `cmf_live` WHERE  `islive` = 1  AND `live_type` = 0  AND `liveclassid` = 8 ORDER BY `recommend_time` DESC,`starttime` DESC LIMIT 5 [ RunTime:0.000734s ]
[2024-12-08T06:58:29+08:00][sql] SELECT `uid`,`thumb`,`stream`,`title`,`city`,`islive`,`type` FROM `cmf_live` WHERE  ( islive='1' and ishot='1' and live_type=0 ) ORDER BY `isrecommend` DESC,`recommend_time` DESC,`hotvotes` DESC,`starttime` DESC LIMIT 5 [ RunTime:0.000452s ]
[2024-12-08T06:58:29+08:00][sql] SELECT `uid`,`thumb`,`stream`,`title`,`city`,`islive`,`type` FROM `cmf_live` WHERE  ( islive='1' and live_type=0 ) ORDER BY `starttime` DESC LIMIT 5 [ RunTime:0.000388s ]
[2024-12-08T06:58:29+08:00][sql] SHOW FULL COLUMNS FROM `cmf_theme_file` [ RunTime:0.001500s ]
[2024-12-08T06:58:29+08:00][sql] SELECT `more` FROM `cmf_theme_file` WHERE  `theme` = 'default'  AND (  `is_public` = 1 OR `file` = '../home/index/index' ) [ RunTime:0.000489s ]
[2024-12-08T06:58:30+08:00][sql] CONNECT:[ UseTime:0.000654s ] mysql:host=127.0.0.1;port=3306;dbname=zhibo;charset=utf8mb4
[2024-12-08T06:58:30+08:00][sql] SHOW FULL COLUMNS FROM `cmf_hook` [ RunTime:0.001520s ]
[2024-12-08T06:58:30+08:00][sql] SELECT `hook`,`id` FROM `cmf_hook` WHERE  (  (  `app` = '' OR `app` = 'cmf' )  AND `type` = 3 ) OR `type` = 1 [ RunTime:0.000655s ]
[2024-12-08T06:58:30+08:00][sql] SHOW FULL COLUMNS FROM `cmf_hook_plugin` [ RunTime:0.001237s ]
[2024-12-08T06:58:30+08:00][sql] SELECT `hook`,`plugin` FROM `cmf_hook_plugin` WHERE  `status` = 1  AND `hook` IN ('app_begin','module_init','action_begin','view_filter','app_end','log_write','response_end','admin_init','home_init','send_mobile_verification_code','body_start','before_head_end','footer_start','before_footer','before_footer_end','before_body_end','left_sidebar_start','before_left_sidebar_end','right_sidebar_start','before_right_sidebar_end','comment','guestbook','switch_theme','after_content','before_content','log_write_done','switch_admin_theme','captcha_image') ORDER BY `list_order` ASC [ RunTime:0.000672s ]
[2024-12-08T06:58:30+08:00][sql] CONNECT:[ UseTime:0.000694s ] mysql:host=127.0.0.1;port=3306;dbname=zhibo;charset=utf8mb4
[2024-12-08T06:58:30+08:00][sql] SHOW FULL COLUMNS FROM `cmf_hook` [ RunTime:0.001642s ]
[2024-12-08T06:58:30+08:00][sql] SELECT `hook`,`id` FROM `cmf_hook` WHERE  (  (  `app` = '' OR `app` = 'cmf' )  AND `type` = 3 ) OR `type` = 1 [ RunTime:0.000664s ]
[2024-12-08T06:58:30+08:00][sql] SHOW FULL COLUMNS FROM `cmf_hook_plugin` [ RunTime:0.001344s ]
[2024-12-08T06:58:30+08:00][sql] SELECT `hook`,`plugin` FROM `cmf_hook_plugin` WHERE  `status` = 1  AND `hook` IN ('app_begin','module_init','action_begin','view_filter','app_end','log_write','response_end','admin_init','home_init','send_mobile_verification_code','body_start','before_head_end','footer_start','before_footer','before_footer_end','before_body_end','left_sidebar_start','before_left_sidebar_end','right_sidebar_start','before_right_sidebar_end','comment','guestbook','switch_theme','after_content','before_content','log_write_done','switch_admin_theme','captcha_image') ORDER BY `list_order` ASC [ RunTime:0.000721s ]
[2024-12-08T06:58:52+08:00][sql] CONNECT:[ UseTime:0.000680s ] mysql:host=127.0.0.1;port=3306;dbname=zhibo;charset=utf8mb4
[2024-12-08T06:58:52+08:00][sql] SHOW FULL COLUMNS FROM `cmf_hook` [ RunTime:0.001652s ]
[2024-12-08T06:58:52+08:00][sql] SELECT `hook`,`id` FROM `cmf_hook` WHERE  (  (  `app` = '' OR `app` = 'cmf' )  AND `type` = 3 ) OR `type` = 1 [ RunTime:0.000663s ]
[2024-12-08T06:58:52+08:00][sql] SHOW FULL COLUMNS FROM `cmf_hook_plugin` [ RunTime:0.001392s ]
[2024-12-08T06:58:52+08:00][sql] SELECT `hook`,`plugin` FROM `cmf_hook_plugin` WHERE  `status` = 1  AND `hook` IN ('app_begin','module_init','action_begin','view_filter','app_end','log_write','response_end','admin_init','home_init','send_mobile_verification_code','body_start','before_head_end','footer_start','before_footer','before_footer_end','before_body_end','left_sidebar_start','before_left_sidebar_end','right_sidebar_start','before_right_sidebar_end','comment','guestbook','switch_theme','after_content','before_content','log_write_done','switch_admin_theme','captcha_image') ORDER BY `list_order` ASC [ RunTime:0.000730s ]
[2024-12-08T06:58:52+08:00][sql] SHOW FULL COLUMNS FROM `cmf_plugin` [ RunTime:0.001878s ]
[2024-12-08T06:58:52+08:00][sql] SELECT `config` FROM `cmf_plugin` WHERE  `name` = 'Qiniu' LIMIT 1 [ RunTime:0.000509s ]
[2024-12-08T06:58:52+08:00][sql] SHOW FULL COLUMNS FROM `cmf_live` [ RunTime:0.001956s ]
[2024-12-08T06:58:52+08:00][sql] SELECT * FROM `cmf_live` WHERE  ( islive='1' and isrecommend='1' and type='0' and live_type=0 ) [ RunTime:0.001022s ]
[2024-12-08T06:58:52+08:00][sql] SHOW FULL COLUMNS FROM `cmf_slide_item` [ RunTime:0.001505s ]
[2024-12-08T06:58:52+08:00][sql] SELECT * FROM `cmf_slide_item` WHERE  ( status='1' and slide_id='1' ) ORDER BY `list_order` ASC [ RunTime:0.000562s ]
[2024-12-08T06:58:52+08:00][sql] SHOW FULL COLUMNS FROM `cmf_live_class` [ RunTime:0.001134s ]
[2024-12-08T06:58:52+08:00][sql] SELECT * FROM `cmf_live_class` ORDER BY `list_order` LIMIT 5 [ RunTime:0.000388s ]
[2024-12-08T06:58:52+08:00][sql] SELECT * FROM `cmf_live` WHERE  `islive` = 1  AND `live_type` = 0  AND `liveclassid` = 8 ORDER BY `recommend_time` DESC,`starttime` DESC LIMIT 5 [ RunTime:0.000722s ]
[2024-12-08T06:58:52+08:00][sql] SELECT `uid`,`thumb`,`stream`,`title`,`city`,`islive`,`type` FROM `cmf_live` WHERE  ( islive='1' and ishot='1' and live_type=0 ) ORDER BY `isrecommend` DESC,`recommend_time` DESC,`hotvotes` DESC,`starttime` DESC LIMIT 5 [ RunTime:0.000451s ]
[2024-12-08T06:58:52+08:00][sql] SELECT `uid`,`thumb`,`stream`,`title`,`city`,`islive`,`type` FROM `cmf_live` WHERE  ( islive='1' and live_type=0 ) ORDER BY `starttime` DESC LIMIT 5 [ RunTime:0.000382s ]
[2024-12-08T06:58:52+08:00][sql] SHOW FULL COLUMNS FROM `cmf_theme_file` [ RunTime:0.001479s ]
[2024-12-08T06:58:52+08:00][sql] SELECT `more` FROM `cmf_theme_file` WHERE  `theme` = 'default'  AND (  `is_public` = 1 OR `file` = '../home/index/index' ) [ RunTime:0.000490s ]
[2024-12-08T07:01:17+08:00][sql] CONNECT:[ UseTime:0.000628s ] mysql:host=127.0.0.1;port=3306;dbname=zhibo;charset=utf8mb4
[2024-12-08T07:01:17+08:00][sql] SHOW FULL COLUMNS FROM `cmf_hook` [ RunTime:0.001515s ]
[2024-12-08T07:01:17+08:00][sql] SELECT `hook`,`id` FROM `cmf_hook` WHERE  (  (  `app` = '' OR `app` = 'cmf' )  AND `type` = 3 ) OR `type` = 1 [ RunTime:0.000658s ]
[2024-12-08T07:01:17+08:00][sql] SHOW FULL COLUMNS FROM `cmf_hook_plugin` [ RunTime:0.001238s ]
[2024-12-08T07:01:17+08:00][sql] SELECT `hook`,`plugin` FROM `cmf_hook_plugin` WHERE  `status` = 1  AND `hook` IN ('app_begin','module_init','action_begin','view_filter','app_end','log_write','response_end','admin_init','home_init','send_mobile_verification_code','body_start','before_head_end','footer_start','before_footer','before_footer_end','before_body_end','left_sidebar_start','before_left_sidebar_end','right_sidebar_start','before_right_sidebar_end','comment','guestbook','switch_theme','after_content','before_content','log_write_done','switch_admin_theme','captcha_image') ORDER BY `list_order` ASC [ RunTime:0.000739s ]
[2024-12-08T07:01:17+08:00][sql] SHOW FULL COLUMNS FROM `cmf_plugin` [ RunTime:0.001684s ]
[2024-12-08T07:01:17+08:00][sql] SELECT `config` FROM `cmf_plugin` WHERE  `name` = 'Qiniu' LIMIT 1 [ RunTime:0.000488s ]
[2024-12-08T07:01:17+08:00][sql] SHOW FULL COLUMNS FROM `cmf_live` [ RunTime:0.001768s ]
[2024-12-08T07:01:17+08:00][sql] SELECT * FROM `cmf_live` WHERE  ( islive='1' and isrecommend='1' and type='0' and live_type=0 ) [ RunTime:0.000908s ]
[2024-12-08T07:01:17+08:00][sql] SHOW FULL COLUMNS FROM `cmf_slide_item` [ RunTime:0.001446s ]
[2024-12-08T07:01:17+08:00][sql] SELECT * FROM `cmf_slide_item` WHERE  ( status='1' and slide_id='1' ) ORDER BY `list_order` ASC [ RunTime:0.000598s ]
[2024-12-08T07:01:17+08:00][sql] SHOW FULL COLUMNS FROM `cmf_live_class` [ RunTime:0.001254s ]
[2024-12-08T07:01:17+08:00][sql] SELECT * FROM `cmf_live_class` ORDER BY `list_order` LIMIT 5 [ RunTime:0.000443s ]
[2024-12-08T07:01:17+08:00][sql] SELECT * FROM `cmf_live` WHERE  `islive` = 1  AND `live_type` = 0  AND `liveclassid` = 8 ORDER BY `recommend_time` DESC,`starttime` DESC LIMIT 5 [ RunTime:0.000742s ]
[2024-12-08T07:01:17+08:00][sql] SELECT `uid`,`thumb`,`stream`,`title`,`city`,`islive`,`type` FROM `cmf_live` WHERE  ( islive='1' and ishot='1' and live_type=0 ) ORDER BY `isrecommend` DESC,`recommend_time` DESC,`hotvotes` DESC,`starttime` DESC LIMIT 5 [ RunTime:0.000503s ]
[2024-12-08T07:01:17+08:00][sql] SELECT `uid`,`thumb`,`stream`,`title`,`city`,`islive`,`type` FROM `cmf_live` WHERE  ( islive='1' and live_type=0 ) ORDER BY `starttime` DESC LIMIT 5 [ RunTime:0.000426s ]
[2024-12-08T07:01:17+08:00][sql] SHOW FULL COLUMNS FROM `cmf_theme_file` [ RunTime:0.001513s ]
[2024-12-08T07:01:17+08:00][sql] SELECT `more` FROM `cmf_theme_file` WHERE  `theme` = 'default'  AND (  `is_public` = 1 OR `file` = '../home/index/index' ) [ RunTime:0.000527s ]
[2024-12-08T07:01:18+08:00][sql] CONNECT:[ UseTime:0.000690s ] mysql:host=127.0.0.1;port=3306;dbname=zhibo;charset=utf8mb4
[2024-12-08T07:01:18+08:00][sql] SHOW FULL COLUMNS FROM `cmf_hook` [ RunTime:0.001732s ]
[2024-12-08T07:01:18+08:00][sql] SELECT `hook`,`id` FROM `cmf_hook` WHERE  (  (  `app` = '' OR `app` = 'cmf' )  AND `type` = 3 ) OR `type` = 1 [ RunTime:0.000623s ]
[2024-12-08T07:01:18+08:00][sql] SHOW FULL COLUMNS FROM `cmf_hook_plugin` [ RunTime:0.001292s ]
[2024-12-08T07:01:18+08:00][sql] SELECT `hook`,`plugin` FROM `cmf_hook_plugin` WHERE  `status` = 1  AND `hook` IN ('app_begin','module_init','action_begin','view_filter','app_end','log_write','response_end','admin_init','home_init','send_mobile_verification_code','body_start','before_head_end','footer_start','before_footer','before_footer_end','before_body_end','left_sidebar_start','before_left_sidebar_end','right_sidebar_start','before_right_sidebar_end','comment','guestbook','switch_theme','after_content','before_content','log_write_done','switch_admin_theme','captcha_image') ORDER BY `list_order` ASC [ RunTime:0.000700s ]
[2024-12-08T07:01:18+08:00][sql] CONNECT:[ UseTime:0.000634s ] mysql:host=127.0.0.1;port=3306;dbname=zhibo;charset=utf8mb4
[2024-12-08T07:01:18+08:00][sql] SHOW FULL COLUMNS FROM `cmf_hook` [ RunTime:0.001536s ]
[2024-12-08T07:01:18+08:00][sql] SELECT `hook`,`id` FROM `cmf_hook` WHERE  (  (  `app` = '' OR `app` = 'cmf' )  AND `type` = 3 ) OR `type` = 1 [ RunTime:0.000667s ]
[2024-12-08T07:01:18+08:00][sql] SHOW FULL COLUMNS FROM `cmf_hook_plugin` [ RunTime:0.001320s ]
[2024-12-08T07:01:18+08:00][sql] SELECT `hook`,`plugin` FROM `cmf_hook_plugin` WHERE  `status` = 1  AND `hook` IN ('app_begin','module_init','action_begin','view_filter','app_end','log_write','response_end','admin_init','home_init','send_mobile_verification_code','body_start','before_head_end','footer_start','before_footer','before_footer_end','before_body_end','left_sidebar_start','before_left_sidebar_end','right_sidebar_start','before_right_sidebar_end','comment','guestbook','switch_theme','after_content','before_content','log_write_done','switch_admin_theme','captcha_image') ORDER BY `list_order` ASC [ RunTime:0.000733s ]
[2024-12-08T07:01:18+08:00][sql] CONNECT:[ UseTime:0.000654s ] mysql:host=127.0.0.1;port=3306;dbname=zhibo;charset=utf8mb4
[2024-12-08T07:01:18+08:00][sql] SHOW FULL COLUMNS FROM `cmf_hook` [ RunTime:0.001584s ]
[2024-12-08T07:01:18+08:00][sql] SELECT `hook`,`id` FROM `cmf_hook` WHERE  (  (  `app` = '' OR `app` = 'cmf' )  AND `type` = 3 ) OR `type` = 1 [ RunTime:0.000685s ]
[2024-12-08T07:01:18+08:00][sql] SHOW FULL COLUMNS FROM `cmf_hook_plugin` [ RunTime:0.001273s ]
[2024-12-08T07:01:18+08:00][sql] SELECT `hook`,`plugin` FROM `cmf_hook_plugin` WHERE  `status` = 1  AND `hook` IN ('app_begin','module_init','action_begin','view_filter','app_end','log_write','response_end','admin_init','home_init','send_mobile_verification_code','body_start','before_head_end','footer_start','before_footer','before_footer_end','before_body_end','left_sidebar_start','before_left_sidebar_end','right_sidebar_start','before_right_sidebar_end','comment','guestbook','switch_theme','after_content','before_content','log_write_done','switch_admin_theme','captcha_image') ORDER BY `list_order` ASC [ RunTime:0.000739s ]
[2024-12-08T07:01:18+08:00][sql] SHOW FULL COLUMNS FROM `cmf_plugin` [ RunTime:0.001774s ]
[2024-12-08T07:01:18+08:00][sql] SELECT `config` FROM `cmf_plugin` WHERE  `name` = 'Qiniu' LIMIT 1 [ RunTime:0.000527s ]
[2024-12-08T07:01:18+08:00][sql] SHOW FULL COLUMNS FROM `cmf_slide_item` [ RunTime:0.001513s ]
[2024-12-08T07:01:18+08:00][sql] SELECT * FROM `cmf_slide_item` WHERE  `slide_id` = 7  AND `status` = 1 ORDER BY `list_order` [ RunTime:0.000635s ]
[2024-12-08T07:01:18+08:00][sql] SHOW FULL COLUMNS FROM `cmf_theme_file` [ RunTime:0.001601s ]
[2024-12-08T07:01:18+08:00][sql] SELECT `more` FROM `cmf_theme_file` WHERE  `theme` = 'default'  AND (  `is_public` = 1 OR `file` = '../home/app/programe' ) [ RunTime:0.000594s ]
[2024-12-08T07:01:19+08:00][sql] CONNECT:[ UseTime:0.000647s ] mysql:host=127.0.0.1;port=3306;dbname=zhibo;charset=utf8mb4
[2024-12-08T07:01:19+08:00][sql] SHOW FULL COLUMNS FROM `cmf_hook` [ RunTime:0.001558s ]
[2024-12-08T07:01:19+08:00][sql] SELECT `hook`,`id` FROM `cmf_hook` WHERE  (  (  `app` = '' OR `app` = 'cmf' )  AND `type` = 3 ) OR `type` = 1 [ RunTime:0.000650s ]
[2024-12-08T07:01:19+08:00][sql] SHOW FULL COLUMNS FROM `cmf_hook_plugin` [ RunTime:0.001294s ]
[2024-12-08T07:01:19+08:00][sql] SELECT `hook`,`plugin` FROM `cmf_hook_plugin` WHERE  `status` = 1  AND `hook` IN ('app_begin','module_init','action_begin','view_filter','app_end','log_write','response_end','admin_init','home_init','send_mobile_verification_code','body_start','before_head_end','footer_start','before_footer','before_footer_end','before_body_end','left_sidebar_start','before_left_sidebar_end','right_sidebar_start','before_right_sidebar_end','comment','guestbook','switch_theme','after_content','before_content','log_write_done','switch_admin_theme','captcha_image') ORDER BY `list_order` ASC [ RunTime:0.000729s ]
[2024-12-08T07:01:19+08:00][sql] SHOW FULL COLUMNS FROM `cmf_plugin` [ RunTime:0.001710s ]
[2024-12-08T07:01:19+08:00][sql] SELECT `config` FROM `cmf_plugin` WHERE  `name` = 'Qiniu' LIMIT 1 [ RunTime:0.000476s ]
[2024-12-08T07:01:19+08:00][sql] SHOW FULL COLUMNS FROM `cmf_live` [ RunTime:0.001767s ]
[2024-12-08T07:01:19+08:00][sql] SELECT * FROM `cmf_live` WHERE  ( islive='1' and isrecommend='1' and type='0' and live_type=0 ) [ RunTime:0.000884s ]
[2024-12-08T07:01:19+08:00][sql] SHOW FULL COLUMNS FROM `cmf_slide_item` [ RunTime:0.001428s ]
[2024-12-08T07:01:19+08:00][sql] SELECT * FROM `cmf_slide_item` WHERE  ( status='1' and slide_id='1' ) ORDER BY `list_order` ASC [ RunTime:0.000585s ]
[2024-12-08T07:01:19+08:00][sql] SHOW FULL COLUMNS FROM `cmf_live_class` [ RunTime:0.001150s ]
[2024-12-08T07:01:19+08:00][sql] SELECT * FROM `cmf_live_class` ORDER BY `list_order` LIMIT 5 [ RunTime:0.000479s ]
[2024-12-08T07:01:19+08:00][sql] SELECT * FROM `cmf_live` WHERE  `islive` = 1  AND `live_type` = 0  AND `liveclassid` = 8 ORDER BY `recommend_time` DESC,`starttime` DESC LIMIT 5 [ RunTime:0.000780s ]
[2024-12-08T07:01:19+08:00][sql] SELECT `uid`,`thumb`,`stream`,`title`,`city`,`islive`,`type` FROM `cmf_live` WHERE  ( islive='1' and ishot='1' and live_type=0 ) ORDER BY `isrecommend` DESC,`recommend_time` DESC,`hotvotes` DESC,`starttime` DESC LIMIT 5 [ RunTime:0.000522s ]
[2024-12-08T07:01:19+08:00][sql] SELECT `uid`,`thumb`,`stream`,`title`,`city`,`islive`,`type` FROM `cmf_live` WHERE  ( islive='1' and live_type=0 ) ORDER BY `starttime` DESC LIMIT 5 [ RunTime:0.000400s ]
[2024-12-08T07:01:19+08:00][sql] SHOW FULL COLUMNS FROM `cmf_theme_file` [ RunTime:0.001505s ]
[2024-12-08T07:01:19+08:00][sql] SELECT `more` FROM `cmf_theme_file` WHERE  `theme` = 'default'  AND (  `is_public` = 1 OR `file` = '../home/index/index' ) [ RunTime:0.000547s ]
[2024-12-08T07:01:19+08:00][sql] CONNECT:[ UseTime:0.000622s ] mysql:host=127.0.0.1;port=3306;dbname=zhibo;charset=utf8mb4
[2024-12-08T07:01:19+08:00][sql] SHOW FULL COLUMNS FROM `cmf_hook` [ RunTime:0.001491s ]
[2024-12-08T07:01:19+08:00][sql] SELECT `hook`,`id` FROM `cmf_hook` WHERE  (  (  `app` = '' OR `app` = 'cmf' )  AND `type` = 3 ) OR `type` = 1 [ RunTime:0.000666s ]
[2024-12-08T07:01:19+08:00][sql] SHOW FULL COLUMNS FROM `cmf_hook_plugin` [ RunTime:0.001287s ]
[2024-12-08T07:01:19+08:00][sql] SELECT `hook`,`plugin` FROM `cmf_hook_plugin` WHERE  `status` = 1  AND `hook` IN ('app_begin','module_init','action_begin','view_filter','app_end','log_write','response_end','admin_init','home_init','send_mobile_verification_code','body_start','before_head_end','footer_start','before_footer','before_footer_end','before_body_end','left_sidebar_start','before_left_sidebar_end','right_sidebar_start','before_right_sidebar_end','comment','guestbook','switch_theme','after_content','before_content','log_write_done','switch_admin_theme','captcha_image') ORDER BY `list_order` ASC [ RunTime:0.000709s ]
[2024-12-08T07:01:19+08:00][sql] SHOW FULL COLUMNS FROM `cmf_plugin` [ RunTime:0.001714s ]
[2024-12-08T07:01:19+08:00][sql] SELECT `config` FROM `cmf_plugin` WHERE  `name` = 'Qiniu' LIMIT 1 [ RunTime:0.000490s ]
[2024-12-08T07:01:19+08:00][sql] SHOW FULL COLUMNS FROM `cmf_live` [ RunTime:0.001780s ]
[2024-12-08T07:01:19+08:00][sql] SELECT * FROM `cmf_live` WHERE  ( islive='1' and isrecommend='1' and type='0' and live_type=0 ) [ RunTime:0.000952s ]
[2024-12-08T07:01:19+08:00][sql] SHOW FULL COLUMNS FROM `cmf_slide_item` [ RunTime:0.001422s ]
[2024-12-08T07:01:19+08:00][sql] SELECT * FROM `cmf_slide_item` WHERE  ( status='1' and slide_id='1' ) ORDER BY `list_order` ASC [ RunTime:0.000615s ]
[2024-12-08T07:01:19+08:00][sql] SHOW FULL COLUMNS FROM `cmf_live_class` [ RunTime:0.001213s ]
[2024-12-08T07:01:19+08:00][sql] SELECT * FROM `cmf_live_class` ORDER BY `list_order` LIMIT 5 [ RunTime:0.000429s ]
[2024-12-08T07:01:19+08:00][sql] SELECT * FROM `cmf_live` WHERE  `islive` = 1  AND `live_type` = 0  AND `liveclassid` = 8 ORDER BY `recommend_time` DESC,`starttime` DESC LIMIT 5 [ RunTime:0.000734s ]
[2024-12-08T07:01:19+08:00][sql] SELECT `uid`,`thumb`,`stream`,`title`,`city`,`islive`,`type` FROM `cmf_live` WHERE  ( islive='1' and ishot='1' and live_type=0 ) ORDER BY `isrecommend` DESC,`recommend_time` DESC,`hotvotes` DESC,`starttime` DESC LIMIT 5 [ RunTime:0.000520s ]
[2024-12-08T07:01:19+08:00][sql] SELECT `uid`,`thumb`,`stream`,`title`,`city`,`islive`,`type` FROM `cmf_live` WHERE  ( islive='1' and live_type=0 ) ORDER BY `starttime` DESC LIMIT 5 [ RunTime:0.000411s ]
[2024-12-08T07:01:19+08:00][sql] SHOW FULL COLUMNS FROM `cmf_theme_file` [ RunTime:0.001546s ]
[2024-12-08T07:01:19+08:00][sql] SELECT `more` FROM `cmf_theme_file` WHERE  `theme` = 'default'  AND (  `is_public` = 1 OR `file` = '../home/index/index' ) [ RunTime:0.000515s ]
[2024-12-08T07:01:20+08:00][sql] CONNECT:[ UseTime:0.000682s ] mysql:host=127.0.0.1;port=3306;dbname=zhibo;charset=utf8mb4
[2024-12-08T07:01:20+08:00][sql] SHOW FULL COLUMNS FROM `cmf_hook` [ RunTime:0.001820s ]
[2024-12-08T07:01:20+08:00][sql] SELECT `hook`,`id` FROM `cmf_hook` WHERE  (  (  `app` = '' OR `app` = 'cmf' )  AND `type` = 3 ) OR `type` = 1 [ RunTime:0.000653s ]
[2024-12-08T07:01:20+08:00][sql] SHOW FULL COLUMNS FROM `cmf_hook_plugin` [ RunTime:0.001243s ]
[2024-12-08T07:01:20+08:00][sql] SELECT `hook`,`plugin` FROM `cmf_hook_plugin` WHERE  `status` = 1  AND `hook` IN ('app_begin','module_init','action_begin','view_filter','app_end','log_write','response_end','admin_init','home_init','send_mobile_verification_code','body_start','before_head_end','footer_start','before_footer','before_footer_end','before_body_end','left_sidebar_start','before_left_sidebar_end','right_sidebar_start','before_right_sidebar_end','comment','guestbook','switch_theme','after_content','before_content','log_write_done','switch_admin_theme','captcha_image') ORDER BY `list_order` ASC [ RunTime:0.000719s ]
[2024-12-08T07:01:20+08:00][sql] SHOW FULL COLUMNS FROM `cmf_plugin` [ RunTime:0.001748s ]
[2024-12-08T07:01:20+08:00][sql] SELECT `config` FROM `cmf_plugin` WHERE  `name` = 'Qiniu' LIMIT 1 [ RunTime:0.000460s ]
[2024-12-08T07:01:20+08:00][sql] SHOW FULL COLUMNS FROM `cmf_slide_item` [ RunTime:0.001543s ]
[2024-12-08T07:01:20+08:00][sql] SELECT * FROM `cmf_slide_item` WHERE  `slide_id` = 7  AND `status` = 1 ORDER BY `list_order` [ RunTime:0.000653s ]
[2024-12-08T07:01:20+08:00][sql] SHOW FULL COLUMNS FROM `cmf_theme_file` [ RunTime:0.001609s ]
[2024-12-08T07:01:20+08:00][sql] SELECT `more` FROM `cmf_theme_file` WHERE  `theme` = 'default'  AND (  `is_public` = 1 OR `file` = '../home/app/programe' ) [ RunTime:0.000513s ]
[2024-12-08T07:01:20+08:00][sql] CONNECT:[ UseTime:0.000660s ] mysql:host=127.0.0.1;port=3306;dbname=zhibo;charset=utf8mb4
[2024-12-08T07:01:20+08:00][sql] SHOW FULL COLUMNS FROM `cmf_hook` [ RunTime:0.001566s ]
[2024-12-08T07:01:20+08:00][sql] SELECT `hook`,`id` FROM `cmf_hook` WHERE  (  (  `app` = '' OR `app` = 'cmf' )  AND `type` = 3 ) OR `type` = 1 [ RunTime:0.000656s ]
[2024-12-08T07:01:20+08:00][sql] SHOW FULL COLUMNS FROM `cmf_hook_plugin` [ RunTime:0.001224s ]
[2024-12-08T07:01:20+08:00][sql] SELECT `hook`,`plugin` FROM `cmf_hook_plugin` WHERE  `status` = 1  AND `hook` IN ('app_begin','module_init','action_begin','view_filter','app_end','log_write','response_end','admin_init','home_init','send_mobile_verification_code','body_start','before_head_end','footer_start','before_footer','before_footer_end','before_body_end','left_sidebar_start','before_left_sidebar_end','right_sidebar_start','before_right_sidebar_end','comment','guestbook','switch_theme','after_content','before_content','log_write_done','switch_admin_theme','captcha_image') ORDER BY `list_order` ASC [ RunTime:0.000672s ]
[2024-12-08T07:01:20+08:00][sql] SHOW FULL COLUMNS FROM `cmf_plugin` [ RunTime:0.001719s ]
[2024-12-08T07:01:20+08:00][sql] SELECT `config` FROM `cmf_plugin` WHERE  `name` = 'Qiniu' LIMIT 1 [ RunTime:0.000517s ]
[2024-12-08T07:01:20+08:00][sql] SHOW FULL COLUMNS FROM `cmf_live` [ RunTime:0.001743s ]
[2024-12-08T07:01:20+08:00][sql] SELECT * FROM `cmf_live` WHERE  ( islive='1' and isrecommend='1' and type='0' and live_type=0 ) [ RunTime:0.000883s ]
[2024-12-08T07:01:20+08:00][sql] SHOW FULL COLUMNS FROM `cmf_slide_item` [ RunTime:0.001432s ]
[2024-12-08T07:01:20+08:00][sql] SELECT * FROM `cmf_slide_item` WHERE  ( status='1' and slide_id='1' ) ORDER BY `list_order` ASC [ RunTime:0.000576s ]
[2024-12-08T07:01:20+08:00][sql] SHOW FULL COLUMNS FROM `cmf_live_class` [ RunTime:0.001203s ]
[2024-12-08T07:01:20+08:00][sql] SELECT * FROM `cmf_live_class` ORDER BY `list_order` LIMIT 5 [ RunTime:0.000432s ]
[2024-12-08T07:01:20+08:00][sql] SELECT * FROM `cmf_live` WHERE  `islive` = 1  AND `live_type` = 0  AND `liveclassid` = 8 ORDER BY `recommend_time` DESC,`starttime` DESC LIMIT 5 [ RunTime:0.000776s ]
[2024-12-08T07:01:20+08:00][sql] SELECT `uid`,`thumb`,`stream`,`title`,`city`,`islive`,`type` FROM `cmf_live` WHERE  ( islive='1' and ishot='1' and live_type=0 ) ORDER BY `isrecommend` DESC,`recommend_time` DESC,`hotvotes` DESC,`starttime` DESC LIMIT 5 [ RunTime:0.000542s ]
[2024-12-08T07:01:20+08:00][sql] SELECT `uid`,`thumb`,`stream`,`title`,`city`,`islive`,`type` FROM `cmf_live` WHERE  ( islive='1' and live_type=0 ) ORDER BY `starttime` DESC LIMIT 5 [ RunTime:0.000400s ]
[2024-12-08T07:01:20+08:00][sql] SHOW FULL COLUMNS FROM `cmf_theme_file` [ RunTime:0.001486s ]
[2024-12-08T07:01:20+08:00][sql] SELECT `more` FROM `cmf_theme_file` WHERE  `theme` = 'default'  AND (  `is_public` = 1 OR `file` = '../home/index/index' ) [ RunTime:0.000537s ]
[2024-12-08T07:19:59+08:00][sql] CONNECT:[ UseTime:0.000647s ] mysql:host=127.0.0.1;port=3306;dbname=zhibo;charset=utf8mb4
[2024-12-08T07:19:59+08:00][sql] SHOW FULL COLUMNS FROM `cmf_hook` [ RunTime:0.001570s ]
[2024-12-08T07:19:59+08:00][sql] SELECT `hook`,`id` FROM `cmf_hook` WHERE  (  (  `app` = '' OR `app` = 'cmf' )  AND `type` = 3 ) OR `type` = 1 [ RunTime:0.000660s ]
[2024-12-08T07:19:59+08:00][sql] SHOW FULL COLUMNS FROM `cmf_hook_plugin` [ RunTime:0.001323s ]
[2024-12-08T07:19:59+08:00][sql] SELECT `hook`,`plugin` FROM `cmf_hook_plugin` WHERE  `status` = 1  AND `hook` IN ('app_begin','module_init','action_begin','view_filter','app_end','log_write','response_end','admin_init','home_init','send_mobile_verification_code','body_start','before_head_end','footer_start','before_footer','before_footer_end','before_body_end','left_sidebar_start','before_left_sidebar_end','right_sidebar_start','before_right_sidebar_end','comment','guestbook','switch_theme','after_content','before_content','log_write_done','switch_admin_theme','captcha_image') ORDER BY `list_order` ASC [ RunTime:0.000697s ]
[2024-12-08T07:22:54+08:00][sql] CONNECT:[ UseTime:0.000663s ] mysql:host=127.0.0.1;port=3306;dbname=zhibo;charset=utf8mb4
[2024-12-08T07:22:54+08:00][sql] SHOW FULL COLUMNS FROM `cmf_hook` [ RunTime:0.001557s ]
[2024-12-08T07:22:54+08:00][sql] SELECT `hook`,`id` FROM `cmf_hook` WHERE  (  (  `app` = '' OR `app` = 'cmf' )  AND `type` = 3 ) OR `type` = 1 [ RunTime:0.000652s ]
[2024-12-08T07:22:54+08:00][sql] SHOW FULL COLUMNS FROM `cmf_hook_plugin` [ RunTime:0.001254s ]
[2024-12-08T07:22:54+08:00][sql] SELECT `hook`,`plugin` FROM `cmf_hook_plugin` WHERE  `status` = 1  AND `hook` IN ('app_begin','module_init','action_begin','view_filter','app_end','log_write','response_end','admin_init','home_init','send_mobile_verification_code','body_start','before_head_end','footer_start','before_footer','before_footer_end','before_body_end','left_sidebar_start','before_left_sidebar_end','right_sidebar_start','before_right_sidebar_end','comment','guestbook','switch_theme','after_content','before_content','log_write_done','switch_admin_theme','captcha_image') ORDER BY `list_order` ASC [ RunTime:0.000722s ]
[2024-12-08T08:12:29+08:00][sql] CONNECT:[ UseTime:0.000628s ] mysql:host=127.0.0.1;port=3306;dbname=zhibo;charset=utf8mb4
[2024-12-08T08:12:29+08:00][sql] SHOW FULL COLUMNS FROM `cmf_hook` [ RunTime:0.001813s ]
[2024-12-08T08:12:29+08:00][sql] SELECT `hook`,`id` FROM `cmf_hook` WHERE  (  (  `app` = '' OR `app` = 'cmf' )  AND `type` = 3 ) OR `type` = 1 [ RunTime:0.000628s ]
[2024-12-08T08:12:29+08:00][sql] SHOW FULL COLUMNS FROM `cmf_hook_plugin` [ RunTime:0.001436s ]
[2024-12-08T08:12:29+08:00][sql] SELECT `hook`,`plugin` FROM `cmf_hook_plugin` WHERE  `status` = 1  AND `hook` IN ('app_begin','module_init','action_begin','view_filter','app_end','log_write','response_end','admin_init','home_init','send_mobile_verification_code','body_start','before_head_end','footer_start','before_footer','before_footer_end','before_body_end','left_sidebar_start','before_left_sidebar_end','right_sidebar_start','before_right_sidebar_end','comment','guestbook','switch_theme','after_content','before_content','log_write_done','switch_admin_theme','captcha_image') ORDER BY `list_order` ASC [ RunTime:0.000682s ]
[2024-12-08T08:12:29+08:00][sql] SHOW FULL COLUMNS FROM `cmf_plugin` [ RunTime:0.001876s ]
[2024-12-08T08:12:29+08:00][sql] SELECT `config` FROM `cmf_plugin` WHERE  `name` = 'Qiniu' LIMIT 1 [ RunTime:0.000464s ]
[2024-12-08T08:12:29+08:00][sql] SHOW FULL COLUMNS FROM `cmf_live` [ RunTime:0.001952s ]
[2024-12-08T08:12:29+08:00][sql] SELECT * FROM `cmf_live` WHERE  ( islive='1' and isrecommend='1' and type='0' and live_type=0 ) [ RunTime:0.000900s ]
[2024-12-08T08:12:29+08:00][sql] SHOW FULL COLUMNS FROM `cmf_slide_item` [ RunTime:0.001736s ]
[2024-12-08T08:12:29+08:00][sql] SELECT * FROM `cmf_slide_item` WHERE  ( status='1' and slide_id='1' ) ORDER BY `list_order` ASC [ RunTime:0.000564s ]
[2024-12-08T08:12:29+08:00][sql] SHOW FULL COLUMNS FROM `cmf_live_class` [ RunTime:0.001425s ]
[2024-12-08T08:12:29+08:00][sql] SELECT * FROM `cmf_live_class` ORDER BY `list_order` LIMIT 5 [ RunTime:0.000473s ]
[2024-12-08T08:12:29+08:00][sql] SELECT * FROM `cmf_live` WHERE  `islive` = 1  AND `live_type` = 0  AND `liveclassid` = 8 ORDER BY `recommend_time` DESC,`starttime` DESC LIMIT 5 [ RunTime:0.000801s ]
[2024-12-08T08:12:29+08:00][sql] SELECT `uid`,`thumb`,`stream`,`title`,`city`,`islive`,`type` FROM `cmf_live` WHERE  ( islive='1' and ishot='1' and live_type=0 ) ORDER BY `isrecommend` DESC,`recommend_time` DESC,`hotvotes` DESC,`starttime` DESC LIMIT 5 [ RunTime:0.000495s ]
[2024-12-08T08:12:29+08:00][sql] SELECT `uid`,`thumb`,`stream`,`title`,`city`,`islive`,`type` FROM `cmf_live` WHERE  ( islive='1' and live_type=0 ) ORDER BY `starttime` DESC LIMIT 5 [ RunTime:0.000398s ]
[2024-12-08T08:12:29+08:00][sql] SHOW FULL COLUMNS FROM `cmf_theme_file` [ RunTime:0.001763s ]
[2024-12-08T08:12:29+08:00][sql] SELECT `more` FROM `cmf_theme_file` WHERE  `theme` = 'default'  AND (  `is_public` = 1 OR `file` = '../home/index/index' ) [ RunTime:0.000595s ]
[2024-12-08T08:25:31+08:00][sql] CONNECT:[ UseTime:0.000646s ] mysql:host=127.0.0.1;port=3306;dbname=zhibo;charset=utf8mb4
[2024-12-08T08:25:31+08:00][sql] SHOW FULL COLUMNS FROM `cmf_hook` [ RunTime:0.001833s ]
[2024-12-08T08:25:31+08:00][sql] SELECT `hook`,`id` FROM `cmf_hook` WHERE  (  (  `app` = '' OR `app` = 'cmf' )  AND `type` = 3 ) OR `type` = 1 [ RunTime:0.000639s ]
[2024-12-08T08:25:31+08:00][sql] SHOW FULL COLUMNS FROM `cmf_hook_plugin` [ RunTime:0.001496s ]
[2024-12-08T08:25:31+08:00][sql] SELECT `hook`,`plugin` FROM `cmf_hook_plugin` WHERE  `status` = 1  AND `hook` IN ('app_begin','module_init','action_begin','view_filter','app_end','log_write','response_end','admin_init','home_init','send_mobile_verification_code','body_start','before_head_end','footer_start','before_footer','before_footer_end','before_body_end','left_sidebar_start','before_left_sidebar_end','right_sidebar_start','before_right_sidebar_end','comment','guestbook','switch_theme','after_content','before_content','log_write_done','switch_admin_theme','captcha_image') ORDER BY `list_order` ASC [ RunTime:0.000697s ]
[2024-12-08T08:25:43+08:00][sql] CONNECT:[ UseTime:0.000651s ] mysql:host=127.0.0.1;port=3306;dbname=zhibo;charset=utf8mb4
[2024-12-08T08:25:43+08:00][sql] SHOW FULL COLUMNS FROM `cmf_hook` [ RunTime:0.001813s ]
[2024-12-08T08:25:43+08:00][sql] SELECT `hook`,`id` FROM `cmf_hook` WHERE  (  (  `app` = '' OR `app` = 'cmf' )  AND `type` = 3 ) OR `type` = 1 [ RunTime:0.000691s ]
[2024-12-08T08:25:43+08:00][sql] SHOW FULL COLUMNS FROM `cmf_hook_plugin` [ RunTime:0.001574s ]
[2024-12-08T08:25:43+08:00][sql] SELECT `hook`,`plugin` FROM `cmf_hook_plugin` WHERE  `status` = 1  AND `hook` IN ('app_begin','module_init','action_begin','view_filter','app_end','log_write','response_end','admin_init','home_init','send_mobile_verification_code','body_start','before_head_end','footer_start','before_footer','before_footer_end','before_body_end','left_sidebar_start','before_left_sidebar_end','right_sidebar_start','before_right_sidebar_end','comment','guestbook','switch_theme','after_content','before_content','log_write_done','switch_admin_theme','captcha_image') ORDER BY `list_order` ASC [ RunTime:0.000712s ]
[2024-12-08T08:27:44+08:00][sql] CONNECT:[ UseTime:0.000664s ] mysql:host=127.0.0.1;port=3306;dbname=zhibo;charset=utf8mb4
[2024-12-08T08:27:44+08:00][sql] SHOW FULL COLUMNS FROM `cmf_hook` [ RunTime:0.001794s ]
[2024-12-08T08:27:44+08:00][sql] SELECT `hook`,`id` FROM `cmf_hook` WHERE  (  (  `app` = '' OR `app` = 'cmf' )  AND `type` = 3 ) OR `type` = 1 [ RunTime:0.000664s ]
[2024-12-08T08:27:44+08:00][sql] SHOW FULL COLUMNS FROM `cmf_hook_plugin` [ RunTime:0.001405s ]
[2024-12-08T08:27:44+08:00][sql] SELECT `hook`,`plugin` FROM `cmf_hook_plugin` WHERE  `status` = 1  AND `hook` IN ('app_begin','module_init','action_begin','view_filter','app_end','log_write','response_end','admin_init','home_init','send_mobile_verification_code','body_start','before_head_end','footer_start','before_footer','before_footer_end','before_body_end','left_sidebar_start','before_left_sidebar_end','right_sidebar_start','before_right_sidebar_end','comment','guestbook','switch_theme','after_content','before_content','log_write_done','switch_admin_theme','captcha_image') ORDER BY `list_order` ASC [ RunTime:0.000712s ]
[2024-12-08T08:27:44+08:00][sql] SHOW FULL COLUMNS FROM `cmf_plugin` [ RunTime:0.001768s ]
[2024-12-08T08:27:44+08:00][sql] SELECT `config` FROM `cmf_plugin` WHERE  `name` = 'Qiniu' LIMIT 1 [ RunTime:0.000500s ]
[2024-12-08T08:27:44+08:00][sql] SHOW FULL COLUMNS FROM `cmf_live` [ RunTime:0.001810s ]
[2024-12-08T08:27:44+08:00][sql] SELECT * FROM `cmf_live` WHERE  ( islive='1' and isrecommend='1' and type='0' and live_type=0 ) [ RunTime:0.000896s ]
[2024-12-08T08:27:44+08:00][sql] SHOW FULL COLUMNS FROM `cmf_slide_item` [ RunTime:0.001428s ]
[2024-12-08T08:27:44+08:00][sql] SELECT * FROM `cmf_slide_item` WHERE  ( status='1' and slide_id='1' ) ORDER BY `list_order` ASC [ RunTime:0.000591s ]
[2024-12-08T08:27:44+08:00][sql] SHOW FULL COLUMNS FROM `cmf_live_class` [ RunTime:0.001222s ]
[2024-12-08T08:27:44+08:00][sql] SELECT * FROM `cmf_live_class` ORDER BY `list_order` LIMIT 5 [ RunTime:0.000500s ]
[2024-12-08T08:27:44+08:00][sql] SELECT * FROM `cmf_live` WHERE  `islive` = 1  AND `live_type` = 0  AND `liveclassid` = 8 ORDER BY `recommend_time` DESC,`starttime` DESC LIMIT 5 [ RunTime:0.000793s ]
[2024-12-08T08:27:44+08:00][sql] SELECT `uid`,`thumb`,`stream`,`title`,`city`,`islive`,`type` FROM `cmf_live` WHERE  ( islive='1' and ishot='1' and live_type=0 ) ORDER BY `isrecommend` DESC,`recommend_time` DESC,`hotvotes` DESC,`starttime` DESC LIMIT 5 [ RunTime:0.000507s ]
[2024-12-08T08:27:44+08:00][sql] SELECT `uid`,`thumb`,`stream`,`title`,`city`,`islive`,`type` FROM `cmf_live` WHERE  ( islive='1' and live_type=0 ) ORDER BY `starttime` DESC LIMIT 5 [ RunTime:0.000441s ]
[2024-12-08T08:27:44+08:00][sql] SHOW FULL COLUMNS FROM `cmf_theme_file` [ RunTime:0.001557s ]
[2024-12-08T08:27:44+08:00][sql] SELECT `more` FROM `cmf_theme_file` WHERE  `theme` = 'default'  AND (  `is_public` = 1 OR `file` = '../home/index/index' ) [ RunTime:0.000557s ]
[2024-12-08T08:27:44+08:00][sql] CONNECT:[ UseTime:0.000647s ] mysql:host=127.0.0.1;port=3306;dbname=zhibo;charset=utf8mb4
[2024-12-08T08:27:44+08:00][sql] SHOW FULL COLUMNS FROM `cmf_hook` [ RunTime:0.001502s ]
[2024-12-08T08:27:44+08:00][sql] SELECT `hook`,`id` FROM `cmf_hook` WHERE  (  (  `app` = '' OR `app` = 'cmf' )  AND `type` = 3 ) OR `type` = 1 [ RunTime:0.000630s ]
[2024-12-08T08:27:44+08:00][sql] SHOW FULL COLUMNS FROM `cmf_hook_plugin` [ RunTime:0.001237s ]
[2024-12-08T08:27:44+08:00][sql] SELECT `hook`,`plugin` FROM `cmf_hook_plugin` WHERE  `status` = 1  AND `hook` IN ('app_begin','module_init','action_begin','view_filter','app_end','log_write','response_end','admin_init','home_init','send_mobile_verification_code','body_start','before_head_end','footer_start','before_footer','before_footer_end','before_body_end','left_sidebar_start','before_left_sidebar_end','right_sidebar_start','before_right_sidebar_end','comment','guestbook','switch_theme','after_content','before_content','log_write_done','switch_admin_theme','captcha_image') ORDER BY `list_order` ASC [ RunTime:0.000657s ]
[2024-12-08T08:27:45+08:00][sql] CONNECT:[ UseTime:0.000699s ] mysql:host=127.0.0.1;port=3306;dbname=zhibo;charset=utf8mb4
[2024-12-08T08:27:45+08:00][sql] SHOW FULL COLUMNS FROM `cmf_hook` [ RunTime:0.001694s ]
[2024-12-08T08:27:45+08:00][sql] SELECT `hook`,`id` FROM `cmf_hook` WHERE  (  (  `app` = '' OR `app` = 'cmf' )  AND `type` = 3 ) OR `type` = 1 [ RunTime:0.000650s ]
[2024-12-08T08:27:45+08:00][sql] SHOW FULL COLUMNS FROM `cmf_hook_plugin` [ RunTime:0.001262s ]
[2024-12-08T08:27:45+08:00][sql] SELECT `hook`,`plugin` FROM `cmf_hook_plugin` WHERE  `status` = 1  AND `hook` IN ('app_begin','module_init','action_begin','view_filter','app_end','log_write','response_end','admin_init','home_init','send_mobile_verification_code','body_start','before_head_end','footer_start','before_footer','before_footer_end','before_body_end','left_sidebar_start','before_left_sidebar_end','right_sidebar_start','before_right_sidebar_end','comment','guestbook','switch_theme','after_content','before_content','log_write_done','switch_admin_theme','captcha_image') ORDER BY `list_order` ASC [ RunTime:0.000710s ]
[2024-12-08T08:38:18+08:00][sql] CONNECT:[ UseTime:0.000642s ] mysql:host=127.0.0.1;port=3306;dbname=zhibo;charset=utf8mb4
[2024-12-08T08:38:18+08:00][sql] SHOW FULL COLUMNS FROM `cmf_hook` [ RunTime:0.001508s ]
[2024-12-08T08:38:18+08:00][sql] SELECT `hook`,`id` FROM `cmf_hook` WHERE  (  (  `app` = '' OR `app` = 'cmf' )  AND `type` = 3 ) OR `type` = 1 [ RunTime:0.000658s ]
[2024-12-08T08:38:18+08:00][sql] SHOW FULL COLUMNS FROM `cmf_hook_plugin` [ RunTime:0.001243s ]
[2024-12-08T08:38:18+08:00][sql] SELECT `hook`,`plugin` FROM `cmf_hook_plugin` WHERE  `status` = 1  AND `hook` IN ('app_begin','module_init','action_begin','view_filter','app_end','log_write','response_end','admin_init','home_init','send_mobile_verification_code','body_start','before_head_end','footer_start','before_footer','before_footer_end','before_body_end','left_sidebar_start','before_left_sidebar_end','right_sidebar_start','before_right_sidebar_end','comment','guestbook','switch_theme','after_content','before_content','log_write_done','switch_admin_theme','captcha_image') ORDER BY `list_order` ASC [ RunTime:0.000723s ]
[2024-12-08T08:38:18+08:00][sql] SHOW FULL COLUMNS FROM `cmf_plugin` [ RunTime:0.001725s ]
[2024-12-08T08:38:18+08:00][sql] SELECT `config` FROM `cmf_plugin` WHERE  `name` = 'Qiniu' LIMIT 1 [ RunTime:0.000487s ]
[2024-12-08T08:38:18+08:00][sql] SHOW FULL COLUMNS FROM `cmf_live` [ RunTime:0.001825s ]
[2024-12-08T08:38:18+08:00][sql] SELECT * FROM `cmf_live` WHERE  ( islive='1' and isrecommend='1' and type='0' and live_type=0 ) [ RunTime:0.000869s ]
[2024-12-08T08:38:18+08:00][sql] SHOW FULL COLUMNS FROM `cmf_slide_item` [ RunTime:0.001443s ]
[2024-12-08T08:38:18+08:00][sql] SELECT * FROM `cmf_slide_item` WHERE  ( status='1' and slide_id='1' ) ORDER BY `list_order` ASC [ RunTime:0.000567s ]
[2024-12-08T08:38:18+08:00][sql] SHOW FULL COLUMNS FROM `cmf_live_class` [ RunTime:0.001233s ]
[2024-12-08T08:38:18+08:00][sql] SELECT * FROM `cmf_live_class` ORDER BY `list_order` LIMIT 5 [ RunTime:0.000427s ]
[2024-12-08T08:38:18+08:00][sql] SELECT * FROM `cmf_live` WHERE  `islive` = 1  AND `live_type` = 0  AND `liveclassid` = 8 ORDER BY `recommend_time` DESC,`starttime` DESC LIMIT 5 [ RunTime:0.000770s ]
[2024-12-08T08:38:18+08:00][sql] SELECT `uid`,`thumb`,`stream`,`title`,`city`,`islive`,`type` FROM `cmf_live` WHERE  ( islive='1' and ishot='1' and live_type=0 ) ORDER BY `isrecommend` DESC,`recommend_time` DESC,`hotvotes` DESC,`starttime` DESC LIMIT 5 [ RunTime:0.000492s ]
[2024-12-08T08:38:18+08:00][sql] SELECT `uid`,`thumb`,`stream`,`title`,`city`,`islive`,`type` FROM `cmf_live` WHERE  ( islive='1' and live_type=0 ) ORDER BY `starttime` DESC LIMIT 5 [ RunTime:0.000397s ]
[2024-12-08T08:38:18+08:00][sql] SHOW FULL COLUMNS FROM `cmf_theme_file` [ RunTime:0.001483s ]
[2024-12-08T08:38:18+08:00][sql] SELECT `more` FROM `cmf_theme_file` WHERE  `theme` = 'default'  AND (  `is_public` = 1 OR `file` = '../home/index/index' ) [ RunTime:0.000556s ]
[2024-12-08T09:05:21+08:00][sql] CONNECT:[ UseTime:0.000671s ] mysql:host=127.0.0.1;port=3306;dbname=zhibo;charset=utf8mb4
[2024-12-08T09:05:21+08:00][sql] SHOW FULL COLUMNS FROM `cmf_hook` [ RunTime:0.001802s ]
[2024-12-08T09:05:21+08:00][sql] SELECT `hook`,`id` FROM `cmf_hook` WHERE  (  (  `app` = '' OR `app` = 'cmf' )  AND `type` = 3 ) OR `type` = 1 [ RunTime:0.000693s ]
[2024-12-08T09:05:21+08:00][sql] SHOW FULL COLUMNS FROM `cmf_hook_plugin` [ RunTime:0.001513s ]
[2024-12-08T09:05:21+08:00][sql] SELECT `hook`,`plugin` FROM `cmf_hook_plugin` WHERE  `status` = 1  AND `hook` IN ('app_begin','module_init','action_begin','view_filter','app_end','log_write','response_end','admin_init','home_init','send_mobile_verification_code','body_start','before_head_end','footer_start','before_footer','before_footer_end','before_body_end','left_sidebar_start','before_left_sidebar_end','right_sidebar_start','before_right_sidebar_end','comment','guestbook','switch_theme','after_content','before_content','log_write_done','switch_admin_theme','captcha_image') ORDER BY `list_order` ASC [ RunTime:0.000750s ]
[2024-12-08T09:05:21+08:00][sql] SHOW FULL COLUMNS FROM `cmf_plugin` [ RunTime:0.002032s ]
[2024-12-08T09:05:21+08:00][sql] SELECT `config` FROM `cmf_plugin` WHERE  `name` = 'Qiniu' LIMIT 1 [ RunTime:0.000478s ]
[2024-12-08T09:05:21+08:00][sql] SHOW FULL COLUMNS FROM `cmf_live` [ RunTime:0.001988s ]
[2024-12-08T09:05:21+08:00][sql] SELECT * FROM `cmf_live` WHERE  ( islive='1' and isrecommend='1' and type='0' and live_type=0 ) [ RunTime:0.000904s ]
[2024-12-08T09:05:21+08:00][sql] SHOW FULL COLUMNS FROM `cmf_slide_item` [ RunTime:0.001674s ]
[2024-12-08T09:05:21+08:00][sql] SELECT * FROM `cmf_slide_item` WHERE  ( status='1' and slide_id='1' ) ORDER BY `list_order` ASC [ RunTime:0.000597s ]
[2024-12-08T09:05:21+08:00][sql] SHOW FULL COLUMNS FROM `cmf_live_class` [ RunTime:0.001448s ]
[2024-12-08T09:05:21+08:00][sql] SELECT * FROM `cmf_live_class` ORDER BY `list_order` LIMIT 5 [ RunTime:0.000452s ]
[2024-12-08T09:05:21+08:00][sql] SELECT * FROM `cmf_live` WHERE  `islive` = 1  AND `live_type` = 0  AND `liveclassid` = 8 ORDER BY `recommend_time` DESC,`starttime` DESC LIMIT 5 [ RunTime:0.000756s ]
[2024-12-08T09:05:21+08:00][sql] SELECT `uid`,`thumb`,`stream`,`title`,`city`,`islive`,`type` FROM `cmf_live` WHERE  ( islive='1' and ishot='1' and live_type=0 ) ORDER BY `isrecommend` DESC,`recommend_time` DESC,`hotvotes` DESC,`starttime` DESC LIMIT 5 [ RunTime:0.000533s ]
[2024-12-08T09:05:21+08:00][sql] SELECT `uid`,`thumb`,`stream`,`title`,`city`,`islive`,`type` FROM `cmf_live` WHERE  ( islive='1' and live_type=0 ) ORDER BY `starttime` DESC LIMIT 5 [ RunTime:0.000401s ]
[2024-12-08T09:05:21+08:00][sql] SHOW FULL COLUMNS FROM `cmf_theme_file` [ RunTime:0.001724s ]
[2024-12-08T09:05:21+08:00][sql] SELECT `more` FROM `cmf_theme_file` WHERE  `theme` = 'default'  AND (  `is_public` = 1 OR `file` = '../home/index/index' ) [ RunTime:0.000508s ]
[2024-12-08T09:05:21+08:00][sql] CONNECT:[ UseTime:0.000652s ] mysql:host=127.0.0.1;port=3306;dbname=zhibo;charset=utf8mb4
[2024-12-08T09:05:21+08:00][sql] SHOW FULL COLUMNS FROM `cmf_hook` [ RunTime:0.001729s ]
[2024-12-08T09:05:21+08:00][sql] SELECT `hook`,`id` FROM `cmf_hook` WHERE  (  (  `app` = '' OR `app` = 'cmf' )  AND `type` = 3 ) OR `type` = 1 [ RunTime:0.000623s ]
[2024-12-08T09:05:21+08:00][sql] SHOW FULL COLUMNS FROM `cmf_hook_plugin` [ RunTime:0.001414s ]
[2024-12-08T09:05:21+08:00][sql] SELECT `hook`,`plugin` FROM `cmf_hook_plugin` WHERE  `status` = 1  AND `hook` IN ('app_begin','module_init','action_begin','view_filter','app_end','log_write','response_end','admin_init','home_init','send_mobile_verification_code','body_start','before_head_end','footer_start','before_footer','before_footer_end','before_body_end','left_sidebar_start','before_left_sidebar_end','right_sidebar_start','before_right_sidebar_end','comment','guestbook','switch_theme','after_content','before_content','log_write_done','switch_admin_theme','captcha_image') ORDER BY `list_order` ASC [ RunTime:0.000693s ]
[2024-12-08T09:05:21+08:00][sql] SHOW FULL COLUMNS FROM `cmf_plugin` [ RunTime:0.001849s ]
[2024-12-08T09:05:21+08:00][sql] SELECT `config` FROM `cmf_plugin` WHERE  `name` = 'Qiniu' LIMIT 1 [ RunTime:0.000475s ]
[2024-12-08T09:05:24+08:00][sql] CONNECT:[ UseTime:0.000669s ] mysql:host=127.0.0.1;port=3306;dbname=zhibo;charset=utf8mb4
[2024-12-08T09:05:24+08:00][sql] SHOW FULL COLUMNS FROM `cmf_hook` [ RunTime:0.001744s ]
[2024-12-08T09:05:24+08:00][sql] SELECT `hook`,`id` FROM `cmf_hook` WHERE  (  (  `app` = '' OR `app` = 'cmf' )  AND `type` = 3 ) OR `type` = 1 [ RunTime:0.000668s ]
[2024-12-08T09:05:24+08:00][sql] SHOW FULL COLUMNS FROM `cmf_hook_plugin` [ RunTime:0.001442s ]
[2024-12-08T09:05:24+08:00][sql] SELECT `hook`,`plugin` FROM `cmf_hook_plugin` WHERE  `status` = 1  AND `hook` IN ('app_begin','module_init','action_begin','view_filter','app_end','log_write','response_end','admin_init','home_init','send_mobile_verification_code','body_start','before_head_end','footer_start','before_footer','before_footer_end','before_body_end','left_sidebar_start','before_left_sidebar_end','right_sidebar_start','before_right_sidebar_end','comment','guestbook','switch_theme','after_content','before_content','log_write_done','switch_admin_theme','captcha_image') ORDER BY `list_order` ASC [ RunTime:0.000715s ]
[2024-12-08T09:05:24+08:00][sql] SHOW FULL COLUMNS FROM `cmf_plugin` [ RunTime:0.001822s ]
[2024-12-08T09:05:24+08:00][sql] SELECT `config` FROM `cmf_plugin` WHERE  `name` = 'Qiniu' LIMIT 1 [ RunTime:0.000451s ]
[2024-12-08T09:05:24+08:00][sql] SHOW FULL COLUMNS FROM `cmf_live` [ RunTime:0.001785s ]
[2024-12-08T09:05:24+08:00][sql] SELECT * FROM `cmf_live` WHERE  ( islive='1' and isrecommend='1' and type='0' and live_type=0 ) [ RunTime:0.000881s ]
[2024-12-08T09:05:24+08:00][sql] SHOW FULL COLUMNS FROM `cmf_slide_item` [ RunTime:0.001375s ]
[2024-12-08T09:05:24+08:00][sql] SELECT * FROM `cmf_slide_item` WHERE  ( status='1' and slide_id='1' ) ORDER BY `list_order` ASC [ RunTime:0.000545s ]
[2024-12-08T09:05:24+08:00][sql] SHOW FULL COLUMNS FROM `cmf_live_class` [ RunTime:0.001208s ]
[2024-12-08T09:05:24+08:00][sql] SELECT * FROM `cmf_live_class` ORDER BY `list_order` LIMIT 5 [ RunTime:0.000420s ]
[2024-12-08T09:05:24+08:00][sql] SELECT * FROM `cmf_live` WHERE  `islive` = 1  AND `live_type` = 0  AND `liveclassid` = 8 ORDER BY `recommend_time` DESC,`starttime` DESC LIMIT 5 [ RunTime:0.000701s ]
[2024-12-08T09:05:24+08:00][sql] SELECT `uid`,`thumb`,`stream`,`title`,`city`,`islive`,`type` FROM `cmf_live` WHERE  ( islive='1' and ishot='1' and live_type=0 ) ORDER BY `isrecommend` DESC,`recommend_time` DESC,`hotvotes` DESC,`starttime` DESC LIMIT 5 [ RunTime:0.000462s ]
[2024-12-08T09:05:24+08:00][sql] SELECT `uid`,`thumb`,`stream`,`title`,`city`,`islive`,`type` FROM `cmf_live` WHERE  ( islive='1' and live_type=0 ) ORDER BY `starttime` DESC LIMIT 5 [ RunTime:0.000384s ]
[2024-12-08T09:05:24+08:00][sql] SHOW FULL COLUMNS FROM `cmf_theme_file` [ RunTime:0.001444s ]
[2024-12-08T09:05:24+08:00][sql] SELECT `more` FROM `cmf_theme_file` WHERE  `theme` = 'default'  AND (  `is_public` = 1 OR `file` = '../home/index/index' ) [ RunTime:0.000519s ]
[2024-12-08T09:05:26+08:00][sql] CONNECT:[ UseTime:0.000660s ] mysql:host=127.0.0.1;port=3306;dbname=zhibo;charset=utf8mb4
[2024-12-08T09:05:26+08:00][sql] SHOW FULL COLUMNS FROM `cmf_hook` [ RunTime:0.001610s ]
[2024-12-08T09:05:26+08:00][sql] SELECT `hook`,`id` FROM `cmf_hook` WHERE  (  (  `app` = '' OR `app` = 'cmf' )  AND `type` = 3 ) OR `type` = 1 [ RunTime:0.000670s ]
[2024-12-08T09:05:26+08:00][sql] SHOW FULL COLUMNS FROM `cmf_hook_plugin` [ RunTime:0.001327s ]
[2024-12-08T09:05:26+08:00][sql] SELECT `hook`,`plugin` FROM `cmf_hook_plugin` WHERE  `status` = 1  AND `hook` IN ('app_begin','module_init','action_begin','view_filter','app_end','log_write','response_end','admin_init','home_init','send_mobile_verification_code','body_start','before_head_end','footer_start','before_footer','before_footer_end','before_body_end','left_sidebar_start','before_left_sidebar_end','right_sidebar_start','before_right_sidebar_end','comment','guestbook','switch_theme','after_content','before_content','log_write_done','switch_admin_theme','captcha_image') ORDER BY `list_order` ASC [ RunTime:0.000732s ]
[2024-12-08T09:05:26+08:00][sql] SHOW FULL COLUMNS FROM `cmf_plugin` [ RunTime:0.001733s ]
[2024-12-08T09:05:26+08:00][sql] SELECT `config` FROM `cmf_plugin` WHERE  `name` = 'Qiniu' LIMIT 1 [ RunTime:0.000496s ]
[2024-12-08T09:05:26+08:00][sql] CONNECT:[ UseTime:0.000688s ] mysql:host=127.0.0.1;port=3306;dbname=zhibo;charset=utf8mb4
[2024-12-08T09:05:26+08:00][sql] SHOW FULL COLUMNS FROM `cmf_hook` [ RunTime:0.001560s ]
[2024-12-08T09:05:26+08:00][sql] SELECT `hook`,`id` FROM `cmf_hook` WHERE  (  (  `app` = '' OR `app` = 'cmf' )  AND `type` = 3 ) OR `type` = 1 [ RunTime:0.000653s ]
[2024-12-08T09:05:26+08:00][sql] SHOW FULL COLUMNS FROM `cmf_hook_plugin` [ RunTime:0.001251s ]
[2024-12-08T09:05:26+08:00][sql] SELECT `hook`,`plugin` FROM `cmf_hook_plugin` WHERE  `status` = 1  AND `hook` IN ('app_begin','module_init','action_begin','view_filter','app_end','log_write','response_end','admin_init','home_init','send_mobile_verification_code','body_start','before_head_end','footer_start','before_footer','before_footer_end','before_body_end','left_sidebar_start','before_left_sidebar_end','right_sidebar_start','before_right_sidebar_end','comment','guestbook','switch_theme','after_content','before_content','log_write_done','switch_admin_theme','captcha_image') ORDER BY `list_order` ASC [ RunTime:0.000686s ]
[2024-12-08T09:05:26+08:00][sql] CONNECT:[ UseTime:0.000653s ] mysql:host=127.0.0.1;port=3306;dbname=zhibo;charset=utf8mb4
[2024-12-08T09:05:26+08:00][sql] SHOW FULL COLUMNS FROM `cmf_hook` [ RunTime:0.001582s ]
[2024-12-08T09:05:26+08:00][sql] SELECT `hook`,`id` FROM `cmf_hook` WHERE  (  (  `app` = '' OR `app` = 'cmf' )  AND `type` = 3 ) OR `type` = 1 [ RunTime:0.000657s ]
[2024-12-08T09:05:26+08:00][sql] SHOW FULL COLUMNS FROM `cmf_hook_plugin` [ RunTime:0.001307s ]
[2024-12-08T09:05:26+08:00][sql] SELECT `hook`,`plugin` FROM `cmf_hook_plugin` WHERE  `status` = 1  AND `hook` IN ('app_begin','module_init','action_begin','view_filter','app_end','log_write','response_end','admin_init','home_init','send_mobile_verification_code','body_start','before_head_end','footer_start','before_footer','before_footer_end','before_body_end','left_sidebar_start','before_left_sidebar_end','right_sidebar_start','before_right_sidebar_end','comment','guestbook','switch_theme','after_content','before_content','log_write_done','switch_admin_theme','captcha_image') ORDER BY `list_order` ASC [ RunTime:0.000726s ]
[2024-12-08T09:21:50+08:00][sql] CONNECT:[ UseTime:0.000689s ] mysql:host=127.0.0.1;port=3306;dbname=zhibo;charset=utf8mb4
[2024-12-08T09:21:50+08:00][sql] SHOW FULL COLUMNS FROM `cmf_hook` [ RunTime:0.001584s ]
[2024-12-08T09:21:50+08:00][sql] SELECT `hook`,`id` FROM `cmf_hook` WHERE  (  (  `app` = '' OR `app` = 'cmf' )  AND `type` = 3 ) OR `type` = 1 [ RunTime:0.000727s ]
[2024-12-08T09:21:50+08:00][sql] SHOW FULL COLUMNS FROM `cmf_hook_plugin` [ RunTime:0.001290s ]
[2024-12-08T09:21:50+08:00][sql] SELECT `hook`,`plugin` FROM `cmf_hook_plugin` WHERE  `status` = 1  AND `hook` IN ('app_begin','module_init','action_begin','view_filter','app_end','log_write','response_end','admin_init','home_init','send_mobile_verification_code','body_start','before_head_end','footer_start','before_footer','before_footer_end','before_body_end','left_sidebar_start','before_left_sidebar_end','right_sidebar_start','before_right_sidebar_end','comment','guestbook','switch_theme','after_content','before_content','log_write_done','switch_admin_theme','captcha_image') ORDER BY `list_order` ASC [ RunTime:0.000714s ]
[2024-12-08T10:10:47+08:00][sql] CONNECT:[ UseTime:0.000791s ] mysql:host=127.0.0.1;port=3306;dbname=zhibo;charset=utf8mb4
[2024-12-08T10:10:47+08:00][sql] SHOW FULL COLUMNS FROM `cmf_hook` [ RunTime:0.001912s ]
[2024-12-08T10:10:47+08:00][sql] SELECT `hook`,`id` FROM `cmf_hook` WHERE  (  (  `app` = '' OR `app` = 'cmf' )  AND `type` = 3 ) OR `type` = 1 [ RunTime:0.000707s ]
[2024-12-08T10:10:47+08:00][sql] SHOW FULL COLUMNS FROM `cmf_hook_plugin` [ RunTime:0.001503s ]
[2024-12-08T10:10:47+08:00][sql] SELECT `hook`,`plugin` FROM `cmf_hook_plugin` WHERE  `status` = 1  AND `hook` IN ('app_begin','module_init','action_begin','view_filter','app_end','log_write','response_end','admin_init','home_init','send_mobile_verification_code','body_start','before_head_end','footer_start','before_footer','before_footer_end','before_body_end','left_sidebar_start','before_left_sidebar_end','right_sidebar_start','before_right_sidebar_end','comment','guestbook','switch_theme','after_content','before_content','log_write_done','switch_admin_theme','captcha_image') ORDER BY `list_order` ASC [ RunTime:0.000749s ]
[2024-12-08T10:10:47+08:00][sql] SHOW FULL COLUMNS FROM `cmf_plugin` [ RunTime:0.001983s ]
[2024-12-08T10:10:47+08:00][sql] SELECT `config` FROM `cmf_plugin` WHERE  `name` = 'Qiniu' LIMIT 1 [ RunTime:0.000503s ]
[2024-12-08T10:10:47+08:00][sql] SHOW FULL COLUMNS FROM `cmf_live` [ RunTime:0.002082s ]
[2024-12-08T10:10:47+08:00][sql] SELECT * FROM `cmf_live` WHERE  ( islive='1' and isrecommend='1' and type='0' and live_type=0 ) [ RunTime:0.000985s ]
[2024-12-08T10:10:47+08:00][sql] SHOW FULL COLUMNS FROM `cmf_slide_item` [ RunTime:0.001605s ]
[2024-12-08T10:10:47+08:00][sql] SELECT * FROM `cmf_slide_item` WHERE  ( status='1' and slide_id='1' ) ORDER BY `list_order` ASC [ RunTime:0.000606s ]
[2024-12-08T10:10:47+08:00][sql] SHOW FULL COLUMNS FROM `cmf_live_class` [ RunTime:0.001397s ]
[2024-12-08T10:10:47+08:00][sql] SELECT * FROM `cmf_live_class` ORDER BY `list_order` LIMIT 5 [ RunTime:0.000431s ]
[2024-12-08T10:10:47+08:00][sql] SELECT * FROM `cmf_live` WHERE  `islive` = 1  AND `live_type` = 0  AND `liveclassid` = 8 ORDER BY `recommend_time` DESC,`starttime` DESC LIMIT 5 [ RunTime:0.000733s ]
[2024-12-08T10:10:47+08:00][sql] SELECT `uid`,`thumb`,`stream`,`title`,`city`,`islive`,`type` FROM `cmf_live` WHERE  ( islive='1' and ishot='1' and live_type=0 ) ORDER BY `isrecommend` DESC,`recommend_time` DESC,`hotvotes` DESC,`starttime` DESC LIMIT 5 [ RunTime:0.000452s ]
[2024-12-08T10:10:47+08:00][sql] SELECT `uid`,`thumb`,`stream`,`title`,`city`,`islive`,`type` FROM `cmf_live` WHERE  ( islive='1' and live_type=0 ) ORDER BY `starttime` DESC LIMIT 5 [ RunTime:0.000410s ]
[2024-12-08T10:10:47+08:00][sql] SHOW FULL COLUMNS FROM `cmf_theme_file` [ RunTime:0.001804s ]
[2024-12-08T10:10:47+08:00][sql] SELECT `more` FROM `cmf_theme_file` WHERE  `theme` = 'default'  AND (  `is_public` = 1 OR `file` = '../home/index/index' ) [ RunTime:0.000519s ]
[2024-12-08T11:20:44+08:00][sql] CONNECT:[ UseTime:0.000713s ] mysql:host=127.0.0.1;port=3306;dbname=zhibo;charset=utf8mb4
[2024-12-08T11:20:44+08:00][sql] SHOW FULL COLUMNS FROM `cmf_hook` [ RunTime:0.001833s ]
[2024-12-08T11:20:44+08:00][sql] SELECT `hook`,`id` FROM `cmf_hook` WHERE  (  (  `app` = '' OR `app` = 'cmf' )  AND `type` = 3 ) OR `type` = 1 [ RunTime:0.000682s ]
[2024-12-08T11:20:44+08:00][sql] SHOW FULL COLUMNS FROM `cmf_hook_plugin` [ RunTime:0.001547s ]
[2024-12-08T11:20:44+08:00][sql] SELECT `hook`,`plugin` FROM `cmf_hook_plugin` WHERE  `status` = 1  AND `hook` IN ('app_begin','module_init','action_begin','view_filter','app_end','log_write','response_end','admin_init','home_init','send_mobile_verification_code','body_start','before_head_end','footer_start','before_footer','before_footer_end','before_body_end','left_sidebar_start','before_left_sidebar_end','right_sidebar_start','before_right_sidebar_end','comment','guestbook','switch_theme','after_content','before_content','log_write_done','switch_admin_theme','captcha_image') ORDER BY `list_order` ASC [ RunTime:0.000729s ]
[2024-12-08T11:20:44+08:00][sql] SHOW FULL COLUMNS FROM `cmf_plugin` [ RunTime:0.001990s ]
[2024-12-08T11:20:44+08:00][sql] SELECT `config` FROM `cmf_plugin` WHERE  `name` = 'Qiniu' LIMIT 1 [ RunTime:0.000515s ]
[2024-12-08T11:20:44+08:00][sql] SHOW FULL COLUMNS FROM `cmf_live` [ RunTime:0.002013s ]
[2024-12-08T11:20:44+08:00][sql] SELECT * FROM `cmf_live` WHERE  ( islive='1' and isrecommend='1' and type='0' and live_type=0 ) [ RunTime:0.000949s ]
[2024-12-08T11:20:44+08:00][sql] SHOW FULL COLUMNS FROM `cmf_slide_item` [ RunTime:0.001686s ]
[2024-12-08T11:20:44+08:00][sql] SELECT * FROM `cmf_slide_item` WHERE  ( status='1' and slide_id='1' ) ORDER BY `list_order` ASC [ RunTime:0.000607s ]
[2024-12-08T11:20:44+08:00][sql] SHOW FULL COLUMNS FROM `cmf_live_class` [ RunTime:0.001474s ]
[2024-12-08T11:20:44+08:00][sql] SELECT * FROM `cmf_live_class` ORDER BY `list_order` LIMIT 5 [ RunTime:0.000448s ]
[2024-12-08T11:20:44+08:00][sql] SELECT * FROM `cmf_live` WHERE  `islive` = 1  AND `live_type` = 0  AND `liveclassid` = 8 ORDER BY `recommend_time` DESC,`starttime` DESC LIMIT 5 [ RunTime:0.000752s ]
[2024-12-08T11:20:44+08:00][sql] SELECT `uid`,`thumb`,`stream`,`title`,`city`,`islive`,`type` FROM `cmf_live` WHERE  ( islive='1' and ishot='1' and live_type=0 ) ORDER BY `isrecommend` DESC,`recommend_time` DESC,`hotvotes` DESC,`starttime` DESC LIMIT 5 [ RunTime:0.000559s ]
[2024-12-08T11:20:44+08:00][sql] SELECT `uid`,`thumb`,`stream`,`title`,`city`,`islive`,`type` FROM `cmf_live` WHERE  ( islive='1' and live_type=0 ) ORDER BY `starttime` DESC LIMIT 5 [ RunTime:0.000418s ]
[2024-12-08T11:20:44+08:00][sql] SHOW FULL COLUMNS FROM `cmf_theme_file` [ RunTime:0.001815s ]
[2024-12-08T11:20:44+08:00][sql] SELECT `more` FROM `cmf_theme_file` WHERE  `theme` = 'default'  AND (  `is_public` = 1 OR `file` = '../home/index/index' ) [ RunTime:0.000583s ]
[2024-12-08T11:20:44+08:00][sql] CONNECT:[ UseTime:0.000739s ] mysql:host=127.0.0.1;port=3306;dbname=zhibo;charset=utf8mb4
[2024-12-08T11:20:44+08:00][sql] SHOW FULL COLUMNS FROM `cmf_hook` [ RunTime:0.001764s ]
[2024-12-08T11:20:44+08:00][sql] SELECT `hook`,`id` FROM `cmf_hook` WHERE  (  (  `app` = '' OR `app` = 'cmf' )  AND `type` = 3 ) OR `type` = 1 [ RunTime:0.000615s ]
[2024-12-08T11:20:44+08:00][sql] SHOW FULL COLUMNS FROM `cmf_hook_plugin` [ RunTime:0.001440s ]
[2024-12-08T11:20:44+08:00][sql] SELECT `hook`,`plugin` FROM `cmf_hook_plugin` WHERE  `status` = 1  AND `hook` IN ('app_begin','module_init','action_begin','view_filter','app_end','log_write','response_end','admin_init','home_init','send_mobile_verification_code','body_start','before_head_end','footer_start','before_footer','before_footer_end','before_body_end','left_sidebar_start','before_left_sidebar_end','right_sidebar_start','before_right_sidebar_end','comment','guestbook','switch_theme','after_content','before_content','log_write_done','switch_admin_theme','captcha_image') ORDER BY `list_order` ASC [ RunTime:0.000664s ]
[2024-12-08T11:20:44+08:00][sql] SHOW FULL COLUMNS FROM `cmf_plugin` [ RunTime:0.001963s ]
[2024-12-08T11:20:44+08:00][sql] SELECT `config` FROM `cmf_plugin` WHERE  `name` = 'Qiniu' LIMIT 1 [ RunTime:0.000510s ]
[2024-12-08T11:20:44+08:00][sql] SHOW FULL COLUMNS FROM `cmf_live` [ RunTime:0.002035s ]
[2024-12-08T11:20:44+08:00][sql] SELECT * FROM `cmf_live` WHERE  ( islive='1' and isrecommend='1' and type='0' and live_type=0 ) [ RunTime:0.000897s ]
[2024-12-08T11:20:44+08:00][sql] SHOW FULL COLUMNS FROM `cmf_slide_item` [ RunTime:0.001629s ]
[2024-12-08T11:20:44+08:00][sql] SELECT * FROM `cmf_slide_item` WHERE  ( status='1' and slide_id='1' ) ORDER BY `list_order` ASC [ RunTime:0.000571s ]
[2024-12-08T11:20:44+08:00][sql] SHOW FULL COLUMNS FROM `cmf_live_class` [ RunTime:0.001258s ]
[2024-12-08T11:20:44+08:00][sql] SELECT * FROM `cmf_live_class` ORDER BY `list_order` LIMIT 5 [ RunTime:0.000432s ]
[2024-12-08T11:20:44+08:00][sql] SELECT * FROM `cmf_live` WHERE  `islive` = 1  AND `live_type` = 0  AND `liveclassid` = 8 ORDER BY `recommend_time` DESC,`starttime` DESC LIMIT 5 [ RunTime:0.000727s ]
[2024-12-08T11:20:44+08:00][sql] SELECT `uid`,`thumb`,`stream`,`title`,`city`,`islive`,`type` FROM `cmf_live` WHERE  ( islive='1' and ishot='1' and live_type=0 ) ORDER BY `isrecommend` DESC,`recommend_time` DESC,`hotvotes` DESC,`starttime` DESC LIMIT 5 [ RunTime:0.000494s ]
[2024-12-08T11:20:44+08:00][sql] SELECT `uid`,`thumb`,`stream`,`title`,`city`,`islive`,`type` FROM `cmf_live` WHERE  ( islive='1' and live_type=0 ) ORDER BY `starttime` DESC LIMIT 5 [ RunTime:0.000386s ]
[2024-12-08T11:20:44+08:00][sql] SHOW FULL COLUMNS FROM `cmf_theme_file` [ RunTime:0.001462s ]
[2024-12-08T11:20:44+08:00][sql] SELECT `more` FROM `cmf_theme_file` WHERE  `theme` = 'default'  AND (  `is_public` = 1 OR `file` = '../home/index/index' ) [ RunTime:0.000532s ]
[2024-12-08T12:46:10+08:00][sql] CONNECT:[ UseTime:0.000692s ] mysql:host=127.0.0.1;port=3306;dbname=zhibo;charset=utf8mb4
[2024-12-08T12:46:10+08:00][sql] SHOW FULL COLUMNS FROM `cmf_hook` [ RunTime:0.001735s ]
[2024-12-08T12:46:10+08:00][sql] SELECT `hook`,`id` FROM `cmf_hook` WHERE  (  (  `app` = '' OR `app` = 'cmf' )  AND `type` = 3 ) OR `type` = 1 [ RunTime:0.000656s ]
[2024-12-08T12:46:10+08:00][sql] SHOW FULL COLUMNS FROM `cmf_hook_plugin` [ RunTime:0.001412s ]
[2024-12-08T12:46:10+08:00][sql] SELECT `hook`,`plugin` FROM `cmf_hook_plugin` WHERE  `status` = 1  AND `hook` IN ('app_begin','module_init','action_begin','view_filter','app_end','log_write','response_end','admin_init','home_init','send_mobile_verification_code','body_start','before_head_end','footer_start','before_footer','before_footer_end','before_body_end','left_sidebar_start','before_left_sidebar_end','right_sidebar_start','before_right_sidebar_end','comment','guestbook','switch_theme','after_content','before_content','log_write_done','switch_admin_theme','captcha_image') ORDER BY `list_order` ASC [ RunTime:0.000697s ]
[2024-12-08T15:10:44+08:00][sql] CONNECT:[ UseTime:0.000748s ] mysql:host=127.0.0.1;port=3306;dbname=zhibo;charset=utf8mb4
[2024-12-08T15:10:44+08:00][sql] SHOW FULL COLUMNS FROM `cmf_hook` [ RunTime:0.001827s ]
[2024-12-08T15:10:44+08:00][sql] SELECT `hook`,`id` FROM `cmf_hook` WHERE  (  (  `app` = '' OR `app` = 'cmf' )  AND `type` = 3 ) OR `type` = 1 [ RunTime:0.000707s ]
[2024-12-08T15:10:44+08:00][sql] SHOW FULL COLUMNS FROM `cmf_hook_plugin` [ RunTime:0.001513s ]
[2024-12-08T15:10:44+08:00][sql] SELECT `hook`,`plugin` FROM `cmf_hook_plugin` WHERE  `status` = 1  AND `hook` IN ('app_begin','module_init','action_begin','view_filter','app_end','log_write','response_end','admin_init','home_init','send_mobile_verification_code','body_start','before_head_end','footer_start','before_footer','before_footer_end','before_body_end','left_sidebar_start','before_left_sidebar_end','right_sidebar_start','before_right_sidebar_end','comment','guestbook','switch_theme','after_content','before_content','log_write_done','switch_admin_theme','captcha_image') ORDER BY `list_order` ASC [ RunTime:0.000751s ]
[2024-12-08T15:12:08+08:00][sql] CONNECT:[ UseTime:0.000646s ] mysql:host=127.0.0.1;port=3306;dbname=zhibo;charset=utf8mb4
[2024-12-08T15:12:08+08:00][sql] SHOW FULL COLUMNS FROM `cmf_hook` [ RunTime:0.001858s ]
[2024-12-08T15:12:08+08:00][sql] SELECT `hook`,`id` FROM `cmf_hook` WHERE  (  (  `app` = '' OR `app` = 'cmf' )  AND `type` = 3 ) OR `type` = 1 [ RunTime:0.000605s ]
[2024-12-08T15:12:08+08:00][sql] SHOW FULL COLUMNS FROM `cmf_hook_plugin` [ RunTime:0.001450s ]
[2024-12-08T15:12:08+08:00][sql] SELECT `hook`,`plugin` FROM `cmf_hook_plugin` WHERE  `status` = 1  AND `hook` IN ('app_begin','module_init','action_begin','view_filter','app_end','log_write','response_end','admin_init','home_init','send_mobile_verification_code','body_start','before_head_end','footer_start','before_footer','before_footer_end','before_body_end','left_sidebar_start','before_left_sidebar_end','right_sidebar_start','before_right_sidebar_end','comment','guestbook','switch_theme','after_content','before_content','log_write_done','switch_admin_theme','captcha_image') ORDER BY `list_order` ASC [ RunTime:0.000702s ]
[2024-12-08T15:27:37+08:00][sql] CONNECT:[ UseTime:0.000639s ] mysql:host=127.0.0.1;port=3306;dbname=zhibo;charset=utf8mb4
[2024-12-08T15:27:37+08:00][sql] SHOW FULL COLUMNS FROM `cmf_hook` [ RunTime:0.001784s ]
[2024-12-08T15:27:37+08:00][sql] SELECT `hook`,`id` FROM `cmf_hook` WHERE  (  (  `app` = '' OR `app` = 'cmf' )  AND `type` = 3 ) OR `type` = 1 [ RunTime:0.000682s ]
[2024-12-08T15:27:37+08:00][sql] SHOW FULL COLUMNS FROM `cmf_hook_plugin` [ RunTime:0.001494s ]
[2024-12-08T15:27:37+08:00][sql] SELECT `hook`,`plugin` FROM `cmf_hook_plugin` WHERE  `status` = 1  AND `hook` IN ('app_begin','module_init','action_begin','view_filter','app_end','log_write','response_end','admin_init','home_init','send_mobile_verification_code','body_start','before_head_end','footer_start','before_footer','before_footer_end','before_body_end','left_sidebar_start','before_left_sidebar_end','right_sidebar_start','before_right_sidebar_end','comment','guestbook','switch_theme','after_content','before_content','log_write_done','switch_admin_theme','captcha_image') ORDER BY `list_order` ASC [ RunTime:0.000735s ]
[2024-12-08T15:27:37+08:00][sql] SHOW FULL COLUMNS FROM `cmf_plugin` [ RunTime:0.001957s ]
[2024-12-08T15:27:37+08:00][sql] SELECT `config` FROM `cmf_plugin` WHERE  `name` = 'Qiniu' LIMIT 1 [ RunTime:0.000485s ]
[2024-12-08T15:27:37+08:00][sql] SHOW FULL COLUMNS FROM `cmf_live` [ RunTime:0.002044s ]
[2024-12-08T15:27:37+08:00][sql] SELECT * FROM `cmf_live` WHERE  ( islive='1' and isrecommend='1' and type='0' and live_type=0 ) [ RunTime:0.000830s ]
[2024-12-08T15:27:37+08:00][sql] SHOW FULL COLUMNS FROM `cmf_slide_item` [ RunTime:0.001613s ]
[2024-12-08T15:27:37+08:00][sql] SELECT * FROM `cmf_slide_item` WHERE  ( status='1' and slide_id='1' ) ORDER BY `list_order` ASC [ RunTime:0.000579s ]
[2024-12-08T15:27:37+08:00][sql] SHOW FULL COLUMNS FROM `cmf_live_class` [ RunTime:0.001465s ]
[2024-12-08T15:27:37+08:00][sql] SELECT * FROM `cmf_live_class` ORDER BY `list_order` LIMIT 5 [ RunTime:0.000453s ]
[2024-12-08T15:27:37+08:00][sql] SELECT * FROM `cmf_live` WHERE  `islive` = 1  AND `live_type` = 0  AND `liveclassid` = 8 ORDER BY `recommend_time` DESC,`starttime` DESC LIMIT 5 [ RunTime:0.000789s ]
[2024-12-08T15:27:37+08:00][sql] SELECT `uid`,`thumb`,`stream`,`title`,`city`,`islive`,`type` FROM `cmf_live` WHERE  ( islive='1' and ishot='1' and live_type=0 ) ORDER BY `isrecommend` DESC,`recommend_time` DESC,`hotvotes` DESC,`starttime` DESC LIMIT 5 [ RunTime:0.000505s ]
[2024-12-08T15:27:37+08:00][sql] SELECT `uid`,`thumb`,`stream`,`title`,`city`,`islive`,`type` FROM `cmf_live` WHERE  ( islive='1' and live_type=0 ) ORDER BY `starttime` DESC LIMIT 5 [ RunTime:0.000404s ]
[2024-12-08T15:27:37+08:00][sql] SHOW FULL COLUMNS FROM `cmf_theme_file` [ RunTime:0.001721s ]
[2024-12-08T15:27:37+08:00][sql] SELECT `more` FROM `cmf_theme_file` WHERE  `theme` = 'default'  AND (  `is_public` = 1 OR `file` = '../home/index/index' ) [ RunTime:0.000550s ]
[2024-12-08T15:27:39+08:00][sql] CONNECT:[ UseTime:0.000633s ] mysql:host=127.0.0.1;port=3306;dbname=zhibo;charset=utf8mb4
[2024-12-08T15:27:39+08:00][sql] SHOW FULL COLUMNS FROM `cmf_hook` [ RunTime:0.001770s ]
[2024-12-08T15:27:39+08:00][sql] SELECT `hook`,`id` FROM `cmf_hook` WHERE  (  (  `app` = '' OR `app` = 'cmf' )  AND `type` = 3 ) OR `type` = 1 [ RunTime:0.000660s ]
[2024-12-08T15:27:39+08:00][sql] SHOW FULL COLUMNS FROM `cmf_hook_plugin` [ RunTime:0.001292s ]
[2024-12-08T15:27:39+08:00][sql] SELECT `hook`,`plugin` FROM `cmf_hook_plugin` WHERE  `status` = 1  AND `hook` IN ('app_begin','module_init','action_begin','view_filter','app_end','log_write','response_end','admin_init','home_init','send_mobile_verification_code','body_start','before_head_end','footer_start','before_footer','before_footer_end','before_body_end','left_sidebar_start','before_left_sidebar_end','right_sidebar_start','before_right_sidebar_end','comment','guestbook','switch_theme','after_content','before_content','log_write_done','switch_admin_theme','captcha_image') ORDER BY `list_order` ASC [ RunTime:0.000693s ]
[2024-12-08T15:27:39+08:00][sql] SHOW FULL COLUMNS FROM `cmf_plugin` [ RunTime:0.001741s ]
[2024-12-08T15:27:39+08:00][sql] SELECT `config` FROM `cmf_plugin` WHERE  `name` = 'Qiniu' LIMIT 1 [ RunTime:0.000472s ]
[2024-12-08T15:27:56+08:00][sql] CONNECT:[ UseTime:0.000634s ] mysql:host=127.0.0.1;port=3306;dbname=zhibo;charset=utf8mb4
[2024-12-08T15:27:56+08:00][sql] SHOW FULL COLUMNS FROM `cmf_hook` [ RunTime:0.001520s ]
[2024-12-08T15:27:56+08:00][sql] SELECT `hook`,`id` FROM `cmf_hook` WHERE  (  (  `app` = '' OR `app` = 'cmf' )  AND `type` = 3 ) OR `type` = 1 [ RunTime:0.000603s ]
[2024-12-08T15:27:56+08:00][sql] SHOW FULL COLUMNS FROM `cmf_hook_plugin` [ RunTime:0.001207s ]
[2024-12-08T15:27:56+08:00][sql] SELECT `hook`,`plugin` FROM `cmf_hook_plugin` WHERE  `status` = 1  AND `hook` IN ('app_begin','module_init','action_begin','view_filter','app_end','log_write','response_end','admin_init','home_init','send_mobile_verification_code','body_start','before_head_end','footer_start','before_footer','before_footer_end','before_body_end','left_sidebar_start','before_left_sidebar_end','right_sidebar_start','before_right_sidebar_end','comment','guestbook','switch_theme','after_content','before_content','log_write_done','switch_admin_theme','captcha_image') ORDER BY `list_order` ASC [ RunTime:0.000689s ]
[2024-12-08T15:27:56+08:00][sql] SHOW FULL COLUMNS FROM `cmf_plugin` [ RunTime:0.001657s ]
[2024-12-08T15:27:56+08:00][sql] SELECT `config` FROM `cmf_plugin` WHERE  `name` = 'Qiniu' LIMIT 1 [ RunTime:0.000453s ]
[2024-12-08T15:27:56+08:00][sql] SHOW FULL COLUMNS FROM `cmf_user_voterecord` [ RunTime:0.001551s ]
[2024-12-08T15:27:56+08:00][sql] SELECT fromid as uid,sum(total) as total FROM `cmf_user_voterecord` WHERE  (  action in (1,2) and uid='3' and addtime >=1733587200 and addtime < 1733673600  ) GROUP BY `fromid` ORDER BY `total` DESC LIMIT 20 [ RunTime:0.000730s ]
[2024-12-08T15:27:56+08:00][sql] SHOW FULL COLUMNS FROM `cmf_user` [ RunTime:0.001615s ]
[2024-12-08T15:27:56+08:00][sql] SELECT `id`,`user_nickname`,`avatar`,`avatar_thumb`,`sex`,`signature`,`consumption`,`votestotal`,`province`,`user_status`,`city`,`birthday`,`issuper`,`end_bantime` FROM `cmf_user` WHERE  `id` = 2 LIMIT 1 [ RunTime:0.000603s ]
[2024-12-08T15:27:56+08:00][sql] SHOW FULL COLUMNS FROM `cmf_vip_user` [ RunTime:0.001285s ]
[2024-12-08T15:27:56+08:00][sql] SELECT * FROM `cmf_vip_user` WHERE  `uid` = 2 LIMIT 1 [ RunTime:0.000413s ]
[2024-12-08T15:27:56+08:00][sql] SHOW FULL COLUMNS FROM `cmf_liang` [ RunTime:0.001171s ]
[2024-12-08T15:27:56+08:00][sql] SELECT * FROM `cmf_liang` WHERE  ( status=1 and state=1 )  AND `uid` = 2 LIMIT 1 [ RunTime:0.000459s ]
[2024-12-08T15:27:56+08:00][sql] SHOW FULL COLUMNS FROM `cmf_user_token` [ RunTime:0.001136s ]
[2024-12-08T15:27:56+08:00][sql] SELECT `token` FROM `cmf_user_token` WHERE  ( user_id=2 ) LIMIT 1 [ RunTime:0.000334s ]
[2024-12-08T15:27:56+08:00][sql] SELECT SUM(`total`) AS think_sum FROM `cmf_user_voterecord` WHERE  (  action in (1,2) and uid='3' and addtime >=1733587200 and addtime < 1733673600  ) LIMIT 1 [ RunTime:0.000498s ]
[2024-12-08T15:27:56+08:00][sql] SELECT fromid as uid,sum(total) as total FROM `cmf_user_voterecord` WHERE  (  action in (1,2) and uid='3' and addtime >=1733068800 and addtime < 1733673600  ) GROUP BY `fromid` ORDER BY `total` DESC LIMIT 20 [ RunTime:0.000516s ]
[2024-12-08T15:27:56+08:00][sql] SELECT `id`,`user_nickname`,`avatar`,`avatar_thumb`,`sex`,`signature`,`consumption`,`votestotal`,`province`,`user_status`,`city`,`birthday`,`issuper`,`end_bantime` FROM `cmf_user` WHERE  `id` = 2 LIMIT 1 [ RunTime:0.000426s ]
[2024-12-08T15:27:56+08:00][sql] SELECT * FROM `cmf_vip_user` WHERE  `uid` = 2 LIMIT 1 [ RunTime:0.000416s ]
[2024-12-08T15:27:56+08:00][sql] SELECT * FROM `cmf_liang` WHERE  ( status=1 and state=1 )  AND `uid` = 2 LIMIT 1 [ RunTime:0.000396s ]
[2024-12-08T15:27:56+08:00][sql] SELECT `token` FROM `cmf_user_token` WHERE  ( user_id=2 ) LIMIT 1 [ RunTime:0.000299s ]
[2024-12-08T15:27:56+08:00][sql] SELECT SUM(`total`) AS think_sum FROM `cmf_user_voterecord` WHERE  (  action in (1,2) and uid='3' and addtime >=1733068800 and addtime < 1733673600  ) LIMIT 1 [ RunTime:0.000488s ]
[2024-12-08T15:27:56+08:00][sql] SELECT fromid as uid,sum(total) as total FROM `cmf_user_voterecord` WHERE  (  action in (1,2) and uid='3' and addtime >=1732982400 and addtime < 1735660800  ) GROUP BY `fromid` ORDER BY `total` DESC LIMIT 20 [ RunTime:0.000518s ]
[2024-12-08T15:27:56+08:00][sql] SELECT `id`,`user_nickname`,`avatar`,`avatar_thumb`,`sex`,`signature`,`consumption`,`votestotal`,`province`,`user_status`,`city`,`birthday`,`issuper`,`end_bantime` FROM `cmf_user` WHERE  `id` = 2 LIMIT 1 [ RunTime:0.000441s ]
[2024-12-08T15:27:56+08:00][sql] SELECT * FROM `cmf_vip_user` WHERE  `uid` = 2 LIMIT 1 [ RunTime:0.000384s ]
[2024-12-08T15:27:56+08:00][sql] SELECT * FROM `cmf_liang` WHERE  ( status=1 and state=1 )  AND `uid` = 2 LIMIT 1 [ RunTime:0.000391s ]
[2024-12-08T15:27:56+08:00][sql] SELECT `token` FROM `cmf_user_token` WHERE  ( user_id=2 ) LIMIT 1 [ RunTime:0.000299s ]
[2024-12-08T15:27:56+08:00][sql] SELECT SUM(`total`) AS think_sum FROM `cmf_user_voterecord` WHERE  (  action in (1,2) and uid='3' and addtime >=1732982400 and addtime < 1735660800  ) LIMIT 1 [ RunTime:0.000489s ]
[2024-12-08T15:27:56+08:00][sql] SELECT fromid as uid,sum(total) as total FROM `cmf_user_voterecord` WHERE  (  action in (1,2) and uid='3'  ) GROUP BY `fromid` ORDER BY `total` DESC LIMIT 20 [ RunTime:0.000490s ]
[2024-12-08T15:27:56+08:00][sql] SELECT `id`,`user_nickname`,`avatar`,`avatar_thumb`,`sex`,`signature`,`consumption`,`votestotal`,`province`,`user_status`,`city`,`birthday`,`issuper`,`end_bantime` FROM `cmf_user` WHERE  `id` = 2 LIMIT 1 [ RunTime:0.000423s ]
[2024-12-08T15:27:56+08:00][sql] SELECT * FROM `cmf_vip_user` WHERE  `uid` = 2 LIMIT 1 [ RunTime:0.000387s ]
[2024-12-08T15:27:56+08:00][sql] SELECT * FROM `cmf_liang` WHERE  ( status=1 and state=1 )  AND `uid` = 2 LIMIT 1 [ RunTime:0.000380s ]
[2024-12-08T15:27:56+08:00][sql] SELECT `token` FROM `cmf_user_token` WHERE  ( user_id=2 ) LIMIT 1 [ RunTime:0.000302s ]
[2024-12-08T15:27:56+08:00][sql] SELECT SUM(`total`) AS think_sum FROM `cmf_user_voterecord` WHERE  (  action in (1,2) and uid='3'  ) LIMIT 1 [ RunTime:0.000464s ]
[2024-12-08T15:27:56+08:00][sql] SHOW FULL COLUMNS FROM `cmf_theme_file` [ RunTime:0.001481s ]
[2024-12-08T15:27:56+08:00][sql] SELECT `more` FROM `cmf_theme_file` WHERE  `theme` = 'default'  AND (  `is_public` = 1 OR `file` = '../appapi/contribute/index' ) [ RunTime:0.000484s ]
[2024-12-08T15:27:56+08:00][sql] CONNECT:[ UseTime:0.000668s ] mysql:host=127.0.0.1;port=3306;dbname=zhibo;charset=utf8mb4
[2024-12-08T15:27:56+08:00][sql] SHOW FULL COLUMNS FROM `cmf_hook` [ RunTime:0.001622s ]
[2024-12-08T15:27:56+08:00][sql] SELECT `hook`,`id` FROM `cmf_hook` WHERE  (  (  `app` = '' OR `app` = 'cmf' )  AND `type` = 3 ) OR `type` = 1 [ RunTime:0.000658s ]
[2024-12-08T15:27:56+08:00][sql] SHOW FULL COLUMNS FROM `cmf_hook_plugin` [ RunTime:0.001321s ]
[2024-12-08T15:27:56+08:00][sql] SELECT `hook`,`plugin` FROM `cmf_hook_plugin` WHERE  `status` = 1  AND `hook` IN ('app_begin','module_init','action_begin','view_filter','app_end','log_write','response_end','admin_init','home_init','send_mobile_verification_code','body_start','before_head_end','footer_start','before_footer','before_footer_end','before_body_end','left_sidebar_start','before_left_sidebar_end','right_sidebar_start','before_right_sidebar_end','comment','guestbook','switch_theme','after_content','before_content','log_write_done','switch_admin_theme','captcha_image') ORDER BY `list_order` ASC [ RunTime:0.000714s ]
[2024-12-08T15:28:40+08:00][sql] CONNECT:[ UseTime:0.000623s ] mysql:host=127.0.0.1;port=3306;dbname=zhibo;charset=utf8mb4
[2024-12-08T15:28:40+08:00][sql] SHOW FULL COLUMNS FROM `cmf_hook` [ RunTime:0.001521s ]
[2024-12-08T15:28:40+08:00][sql] SELECT `hook`,`id` FROM `cmf_hook` WHERE  (  (  `app` = '' OR `app` = 'cmf' )  AND `type` = 3 ) OR `type` = 1 [ RunTime:0.000683s ]
[2024-12-08T15:28:40+08:00][sql] SHOW FULL COLUMNS FROM `cmf_hook_plugin` [ RunTime:0.001244s ]
[2024-12-08T15:28:40+08:00][sql] SELECT `hook`,`plugin` FROM `cmf_hook_plugin` WHERE  `status` = 1  AND `hook` IN ('app_begin','module_init','action_begin','view_filter','app_end','log_write','response_end','admin_init','home_init','send_mobile_verification_code','body_start','before_head_end','footer_start','before_footer','before_footer_end','before_body_end','left_sidebar_start','before_left_sidebar_end','right_sidebar_start','before_right_sidebar_end','comment','guestbook','switch_theme','after_content','before_content','log_write_done','switch_admin_theme','captcha_image') ORDER BY `list_order` ASC [ RunTime:0.000726s ]
[2024-12-08T15:28:40+08:00][sql] SHOW FULL COLUMNS FROM `cmf_plugin` [ RunTime:0.001698s ]
[2024-12-08T15:28:40+08:00][sql] SELECT `config` FROM `cmf_plugin` WHERE  `name` = 'Qiniu' LIMIT 1 [ RunTime:0.000504s ]
[2024-12-08T15:28:40+08:00][sql] SHOW FULL COLUMNS FROM `cmf_user_voterecord` [ RunTime:0.001584s ]
[2024-12-08T15:28:40+08:00][sql] SELECT fromid,actionid,sum(nums) as num,sum(total) as totalall FROM `cmf_user_voterecord` WHERE  `action` = 1  AND `uid` = 2 GROUP BY `fromid`,`actionid`,`showid` ORDER BY `addtime` DESC LIMIT 0,50 [ RunTime:0.000739s ]
[2024-12-08T15:28:40+08:00][sql] SHOW FULL COLUMNS FROM `cmf_gift` [ RunTime:0.001375s ]
[2024-12-08T15:28:40+08:00][sql] SELECT `giftname`,`giftname_en` FROM `cmf_gift` WHERE  ( id=26 ) LIMIT 1 [ RunTime:0.000426s ]
[2024-12-08T15:28:40+08:00][sql] SHOW FULL COLUMNS FROM `cmf_user` [ RunTime:0.001497s ]
[2024-12-08T15:28:40+08:00][sql] SELECT `id`,`user_nickname`,`avatar`,`avatar_thumb`,`sex`,`signature`,`consumption`,`votestotal`,`province`,`user_status`,`city`,`birthday`,`issuper`,`end_bantime` FROM `cmf_user` WHERE  `id` = 4 LIMIT 1 [ RunTime:0.000599s ]
[2024-12-08T15:28:40+08:00][sql] SHOW FULL COLUMNS FROM `cmf_vip_user` [ RunTime:0.001394s ]
[2024-12-08T15:28:40+08:00][sql] SELECT * FROM `cmf_vip_user` WHERE  `uid` = 4 LIMIT 1 [ RunTime:0.000459s ]
[2024-12-08T15:28:40+08:00][sql] SHOW FULL COLUMNS FROM `cmf_liang` [ RunTime:0.001218s ]
[2024-12-08T15:28:40+08:00][sql] SELECT * FROM `cmf_liang` WHERE  ( status=1 and state=1 )  AND `uid` = 4 LIMIT 1 [ RunTime:0.000510s ]
[2024-12-08T15:28:40+08:00][sql] SHOW FULL COLUMNS FROM `cmf_user_token` [ RunTime:0.001132s ]
[2024-12-08T15:28:40+08:00][sql] SELECT `token` FROM `cmf_user_token` WHERE  ( user_id=4 ) LIMIT 1 [ RunTime:0.000369s ]
[2024-12-08T15:28:40+08:00][sql] SHOW FULL COLUMNS FROM `cmf_live_record` [ RunTime:0.001279s ]
[2024-12-08T15:28:40+08:00][sql] SELECT `starttime`,`endtime` FROM `cmf_live_record` WHERE  `uid` = 2 ORDER BY `starttime` DESC LIMIT 0,50 [ RunTime:0.000516s ]
[2024-12-08T15:28:40+08:00][sql] SHOW FULL COLUMNS FROM `cmf_theme_file` [ RunTime:0.001476s ]
[2024-12-08T15:28:40+08:00][sql] SELECT `more` FROM `cmf_theme_file` WHERE  `theme` = 'default'  AND (  `is_public` = 1 OR `file` = '../appapi/detail/index' ) [ RunTime:0.000568s ]
[2024-12-08T15:28:40+08:00][sql] CONNECT:[ UseTime:0.000650s ] mysql:host=127.0.0.1;port=3306;dbname=zhibo;charset=utf8mb4
[2024-12-08T15:28:40+08:00][sql] SHOW FULL COLUMNS FROM `cmf_hook` [ RunTime:0.001566s ]
[2024-12-08T15:28:40+08:00][sql] SELECT `hook`,`id` FROM `cmf_hook` WHERE  (  (  `app` = '' OR `app` = 'cmf' )  AND `type` = 3 ) OR `type` = 1 [ RunTime:0.000641s ]
[2024-12-08T15:28:40+08:00][sql] SHOW FULL COLUMNS FROM `cmf_hook_plugin` [ RunTime:0.001285s ]
[2024-12-08T15:28:40+08:00][sql] SELECT `hook`,`plugin` FROM `cmf_hook_plugin` WHERE  `status` = 1  AND `hook` IN ('app_begin','module_init','action_begin','view_filter','app_end','log_write','response_end','admin_init','home_init','send_mobile_verification_code','body_start','before_head_end','footer_start','before_footer','before_footer_end','before_body_end','left_sidebar_start','before_left_sidebar_end','right_sidebar_start','before_right_sidebar_end','comment','guestbook','switch_theme','after_content','before_content','log_write_done','switch_admin_theme','captcha_image') ORDER BY `list_order` ASC [ RunTime:0.000745s ]
[2024-12-08T15:28:40+08:00][sql] CONNECT:[ UseTime:0.000636s ] mysql:host=127.0.0.1;port=3306;dbname=zhibo;charset=utf8mb4
[2024-12-08T15:28:40+08:00][sql] SHOW FULL COLUMNS FROM `cmf_hook` [ RunTime:0.001521s ]
[2024-12-08T15:28:40+08:00][sql] SELECT `hook`,`id` FROM `cmf_hook` WHERE  (  (  `app` = '' OR `app` = 'cmf' )  AND `type` = 3 ) OR `type` = 1 [ RunTime:0.000644s ]
[2024-12-08T15:28:40+08:00][sql] SHOW FULL COLUMNS FROM `cmf_hook_plugin` [ RunTime:0.001247s ]
[2024-12-08T15:28:40+08:00][sql] SELECT `hook`,`plugin` FROM `cmf_hook_plugin` WHERE  `status` = 1  AND `hook` IN ('app_begin','module_init','action_begin','view_filter','app_end','log_write','response_end','admin_init','home_init','send_mobile_verification_code','body_start','before_head_end','footer_start','before_footer','before_footer_end','before_body_end','left_sidebar_start','before_left_sidebar_end','right_sidebar_start','before_right_sidebar_end','comment','guestbook','switch_theme','after_content','before_content','log_write_done','switch_admin_theme','captcha_image') ORDER BY `list_order` ASC [ RunTime:0.000698s ]
[2024-12-08T15:28:46+08:00][sql] CONNECT:[ UseTime:0.000636s ] mysql:host=127.0.0.1;port=3306;dbname=zhibo;charset=utf8mb4
[2024-12-08T15:28:46+08:00][sql] SHOW FULL COLUMNS FROM `cmf_hook` [ RunTime:0.001481s ]
[2024-12-08T15:28:46+08:00][sql] SELECT `hook`,`id` FROM `cmf_hook` WHERE  (  (  `app` = '' OR `app` = 'cmf' )  AND `type` = 3 ) OR `type` = 1 [ RunTime:0.000664s ]
[2024-12-08T15:28:46+08:00][sql] SHOW FULL COLUMNS FROM `cmf_hook_plugin` [ RunTime:0.001242s ]
[2024-12-08T15:28:46+08:00][sql] SELECT `hook`,`plugin` FROM `cmf_hook_plugin` WHERE  `status` = 1  AND `hook` IN ('app_begin','module_init','action_begin','view_filter','app_end','log_write','response_end','admin_init','home_init','send_mobile_verification_code','body_start','before_head_end','footer_start','before_footer','before_footer_end','before_body_end','left_sidebar_start','before_left_sidebar_end','right_sidebar_start','before_right_sidebar_end','comment','guestbook','switch_theme','after_content','before_content','log_write_done','switch_admin_theme','captcha_image') ORDER BY `list_order` ASC [ RunTime:0.000678s ]
[2024-12-08T15:28:46+08:00][sql] SHOW FULL COLUMNS FROM `cmf_plugin` [ RunTime:0.001689s ]
[2024-12-08T15:28:46+08:00][sql] SELECT `config` FROM `cmf_plugin` WHERE  `name` = 'Qiniu' LIMIT 1 [ RunTime:0.000453s ]
[2024-12-08T15:28:46+08:00][sql] SHOW FULL COLUMNS FROM `cmf_cash_record` [ RunTime:0.001602s ]
[2024-12-08T15:28:46+08:00][sql] SELECT * FROM `cmf_cash_record` WHERE  `uid` = 2 ORDER BY `addtime` DESC LIMIT 0,50 [ RunTime:0.000504s ]
[2024-12-08T15:28:46+08:00][sql] SHOW FULL COLUMNS FROM `cmf_theme_file` [ RunTime:0.001456s ]
[2024-12-08T15:28:46+08:00][sql] SELECT `more` FROM `cmf_theme_file` WHERE  `theme` = 'default'  AND (  `is_public` = 1 OR `file` = '../appapi/cash/index' ) [ RunTime:0.000512s ]
[2024-12-08T15:28:47+08:00][sql] CONNECT:[ UseTime:0.000637s ] mysql:host=127.0.0.1;port=3306;dbname=zhibo;charset=utf8mb4
[2024-12-08T15:28:47+08:00][sql] SHOW FULL COLUMNS FROM `cmf_hook` [ RunTime:0.001568s ]
[2024-12-08T15:28:47+08:00][sql] SELECT `hook`,`id` FROM `cmf_hook` WHERE  (  (  `app` = '' OR `app` = 'cmf' )  AND `type` = 3 ) OR `type` = 1 [ RunTime:0.000671s ]
[2024-12-08T15:28:47+08:00][sql] SHOW FULL COLUMNS FROM `cmf_hook_plugin` [ RunTime:0.001336s ]
[2024-12-08T15:28:47+08:00][sql] SELECT `hook`,`plugin` FROM `cmf_hook_plugin` WHERE  `status` = 1  AND `hook` IN ('app_begin','module_init','action_begin','view_filter','app_end','log_write','response_end','admin_init','home_init','send_mobile_verification_code','body_start','before_head_end','footer_start','before_footer','before_footer_end','before_body_end','left_sidebar_start','before_left_sidebar_end','right_sidebar_start','before_right_sidebar_end','comment','guestbook','switch_theme','after_content','before_content','log_write_done','switch_admin_theme','captcha_image') ORDER BY `list_order` ASC [ RunTime:0.000738s ]
[2024-12-08T18:06:01+08:00][sql] CONNECT:[ UseTime:0.000656s ] mysql:host=127.0.0.1;port=3306;dbname=zhibo;charset=utf8mb4
[2024-12-08T18:06:01+08:00][sql] SHOW FULL COLUMNS FROM `cmf_hook` [ RunTime:0.001940s ]
[2024-12-08T18:06:01+08:00][sql] SELECT `hook`,`id` FROM `cmf_hook` WHERE  (  (  `app` = '' OR `app` = 'cmf' )  AND `type` = 3 ) OR `type` = 1 [ RunTime:0.000678s ]
[2024-12-08T18:06:01+08:00][sql] SHOW FULL COLUMNS FROM `cmf_hook_plugin` [ RunTime:0.001508s ]
[2024-12-08T18:06:01+08:00][sql] SELECT `hook`,`plugin` FROM `cmf_hook_plugin` WHERE  `status` = 1  AND `hook` IN ('app_begin','module_init','action_begin','view_filter','app_end','log_write','response_end','admin_init','home_init','send_mobile_verification_code','body_start','before_head_end','footer_start','before_footer','before_footer_end','before_body_end','left_sidebar_start','before_left_sidebar_end','right_sidebar_start','before_right_sidebar_end','comment','guestbook','switch_theme','after_content','before_content','log_write_done','switch_admin_theme','captcha_image') ORDER BY `list_order` ASC [ RunTime:0.000713s ]
[2024-12-08T18:06:01+08:00][sql] SHOW FULL COLUMNS FROM `cmf_plugin` [ RunTime:0.002006s ]
[2024-12-08T18:06:01+08:00][sql] SELECT `config` FROM `cmf_plugin` WHERE  `name` = 'Qiniu' LIMIT 1 [ RunTime:0.000492s ]
[2024-12-08T18:06:01+08:00][sql] SHOW FULL COLUMNS FROM `cmf_live` [ RunTime:0.002055s ]
[2024-12-08T18:06:01+08:00][sql] SELECT * FROM `cmf_live` WHERE  ( islive='1' and isrecommend='1' and type='0' and live_type=0 ) [ RunTime:0.000968s ]
[2024-12-08T18:06:01+08:00][sql] SHOW FULL COLUMNS FROM `cmf_slide_item` [ RunTime:0.001661s ]
[2024-12-08T18:06:01+08:00][sql] SELECT * FROM `cmf_slide_item` WHERE  ( status='1' and slide_id='1' ) ORDER BY `list_order` ASC [ RunTime:0.000637s ]
[2024-12-08T18:06:01+08:00][sql] SHOW FULL COLUMNS FROM `cmf_live_class` [ RunTime:0.001458s ]
[2024-12-08T18:06:01+08:00][sql] SELECT * FROM `cmf_live_class` ORDER BY `list_order` LIMIT 5 [ RunTime:0.000457s ]
[2024-12-08T18:06:01+08:00][sql] SELECT * FROM `cmf_live` WHERE  `islive` = 1  AND `live_type` = 0  AND `liveclassid` = 8 ORDER BY `recommend_time` DESC,`starttime` DESC LIMIT 5 [ RunTime:0.000754s ]
[2024-12-08T18:06:01+08:00][sql] SELECT `uid`,`thumb`,`stream`,`title`,`city`,`islive`,`type` FROM `cmf_live` WHERE  ( islive='1' and ishot='1' and live_type=0 ) ORDER BY `isrecommend` DESC,`recommend_time` DESC,`hotvotes` DESC,`starttime` DESC LIMIT 5 [ RunTime:0.000494s ]
[2024-12-08T18:06:01+08:00][sql] SELECT `uid`,`thumb`,`stream`,`title`,`city`,`islive`,`type` FROM `cmf_live` WHERE  ( islive='1' and live_type=0 ) ORDER BY `starttime` DESC LIMIT 5 [ RunTime:0.000446s ]
[2024-12-08T18:06:01+08:00][sql] SHOW FULL COLUMNS FROM `cmf_theme_file` [ RunTime:0.001809s ]
[2024-12-08T18:06:01+08:00][sql] SELECT `more` FROM `cmf_theme_file` WHERE  `theme` = 'default'  AND (  `is_public` = 1 OR `file` = '../home/index/index' ) [ RunTime:0.000533s ]
[2024-12-08T18:32:27+08:00][sql] CONNECT:[ UseTime:0.000685s ] mysql:host=127.0.0.1;port=3306;dbname=zhibo;charset=utf8mb4
[2024-12-08T18:32:27+08:00][sql] SHOW FULL COLUMNS FROM `cmf_hook` [ RunTime:0.001819s ]
[2024-12-08T18:32:27+08:00][sql] SELECT `hook`,`id` FROM `cmf_hook` WHERE  (  (  `app` = '' OR `app` = 'cmf' )  AND `type` = 3 ) OR `type` = 1 [ RunTime:0.000673s ]
[2024-12-08T18:32:27+08:00][sql] SHOW FULL COLUMNS FROM `cmf_hook_plugin` [ RunTime:0.001509s ]
[2024-12-08T18:32:27+08:00][sql] SELECT `hook`,`plugin` FROM `cmf_hook_plugin` WHERE  `status` = 1  AND `hook` IN ('app_begin','module_init','action_begin','view_filter','app_end','log_write','response_end','admin_init','home_init','send_mobile_verification_code','body_start','before_head_end','footer_start','before_footer','before_footer_end','before_body_end','left_sidebar_start','before_left_sidebar_end','right_sidebar_start','before_right_sidebar_end','comment','guestbook','switch_theme','after_content','before_content','log_write_done','switch_admin_theme','captcha_image') ORDER BY `list_order` ASC [ RunTime:0.000696s ]
[2024-12-08T18:33:14+08:00][sql] CONNECT:[ UseTime:0.000629s ] mysql:host=127.0.0.1;port=3306;dbname=zhibo;charset=utf8mb4
[2024-12-08T18:33:14+08:00][sql] SHOW FULL COLUMNS FROM `cmf_hook` [ RunTime:0.001958s ]
[2024-12-08T18:33:14+08:00][sql] SELECT `hook`,`id` FROM `cmf_hook` WHERE  (  (  `app` = '' OR `app` = 'cmf' )  AND `type` = 3 ) OR `type` = 1 [ RunTime:0.000668s ]
[2024-12-08T18:33:14+08:00][sql] SHOW FULL COLUMNS FROM `cmf_hook_plugin` [ RunTime:0.001566s ]
[2024-12-08T18:33:14+08:00][sql] SELECT `hook`,`plugin` FROM `cmf_hook_plugin` WHERE  `status` = 1  AND `hook` IN ('app_begin','module_init','action_begin','view_filter','app_end','log_write','response_end','admin_init','home_init','send_mobile_verification_code','body_start','before_head_end','footer_start','before_footer','before_footer_end','before_body_end','left_sidebar_start','before_left_sidebar_end','right_sidebar_start','before_right_sidebar_end','comment','guestbook','switch_theme','after_content','before_content','log_write_done','switch_admin_theme','captcha_image') ORDER BY `list_order` ASC [ RunTime:0.000727s ]
[2024-12-08T19:07:01+08:00][sql] CONNECT:[ UseTime:0.000660s ] mysql:host=127.0.0.1;port=3306;dbname=zhibo;charset=utf8mb4
[2024-12-08T19:07:01+08:00][sql] SHOW FULL COLUMNS FROM `cmf_hook` [ RunTime:0.001836s ]
[2024-12-08T19:07:01+08:00][sql] SELECT `hook`,`id` FROM `cmf_hook` WHERE  (  (  `app` = '' OR `app` = 'cmf' )  AND `type` = 3 ) OR `type` = 1 [ RunTime:0.000647s ]
[2024-12-08T19:07:01+08:00][sql] SHOW FULL COLUMNS FROM `cmf_hook_plugin` [ RunTime:0.001478s ]
[2024-12-08T19:07:01+08:00][sql] SELECT `hook`,`plugin` FROM `cmf_hook_plugin` WHERE  `status` = 1  AND `hook` IN ('app_begin','module_init','action_begin','view_filter','app_end','log_write','response_end','admin_init','home_init','send_mobile_verification_code','body_start','before_head_end','footer_start','before_footer','before_footer_end','before_body_end','left_sidebar_start','before_left_sidebar_end','right_sidebar_start','before_right_sidebar_end','comment','guestbook','switch_theme','after_content','before_content','log_write_done','switch_admin_theme','captcha_image') ORDER BY `list_order` ASC [ RunTime:0.000723s ]
[2024-12-08T19:07:01+08:00][sql] SHOW FULL COLUMNS FROM `cmf_plugin` [ RunTime:0.001971s ]
[2024-12-08T19:07:01+08:00][sql] SELECT `config` FROM `cmf_plugin` WHERE  `name` = 'Qiniu' LIMIT 1 [ RunTime:0.000473s ]
[2024-12-08T19:07:01+08:00][sql] SHOW FULL COLUMNS FROM `cmf_live` [ RunTime:0.001963s ]
[2024-12-08T19:07:01+08:00][sql] SELECT * FROM `cmf_live` WHERE  ( islive='1' and isrecommend='1' and type='0' and live_type=0 ) [ RunTime:0.000880s ]
[2024-12-08T19:07:01+08:00][sql] SHOW FULL COLUMNS FROM `cmf_slide_item` [ RunTime:0.001600s ]
[2024-12-08T19:07:01+08:00][sql] SELECT * FROM `cmf_slide_item` WHERE  ( status='1' and slide_id='1' ) ORDER BY `list_order` ASC [ RunTime:0.000578s ]
[2024-12-08T19:07:01+08:00][sql] SHOW FULL COLUMNS FROM `cmf_live_class` [ RunTime:0.001467s ]
[2024-12-08T19:07:01+08:00][sql] SELECT * FROM `cmf_live_class` ORDER BY `list_order` LIMIT 5 [ RunTime:0.000458s ]
[2024-12-08T19:07:01+08:00][sql] SELECT * FROM `cmf_live` WHERE  `islive` = 1  AND `live_type` = 0  AND `liveclassid` = 8 ORDER BY `recommend_time` DESC,`starttime` DESC LIMIT 5 [ RunTime:0.000749s ]
[2024-12-08T19:07:01+08:00][sql] SELECT `uid`,`thumb`,`stream`,`title`,`city`,`islive`,`type` FROM `cmf_live` WHERE  ( islive='1' and ishot='1' and live_type=0 ) ORDER BY `isrecommend` DESC,`recommend_time` DESC,`hotvotes` DESC,`starttime` DESC LIMIT 5 [ RunTime:0.000502s ]
[2024-12-08T19:07:01+08:00][sql] SELECT `uid`,`thumb`,`stream`,`title`,`city`,`islive`,`type` FROM `cmf_live` WHERE  ( islive='1' and live_type=0 ) ORDER BY `starttime` DESC LIMIT 5 [ RunTime:0.000405s ]
[2024-12-08T19:07:01+08:00][sql] SHOW FULL COLUMNS FROM `cmf_theme_file` [ RunTime:0.001745s ]
[2024-12-08T19:07:01+08:00][sql] SELECT `more` FROM `cmf_theme_file` WHERE  `theme` = 'default'  AND (  `is_public` = 1 OR `file` = '../home/index/index' ) [ RunTime:0.000485s ]
[2024-12-08T19:07:02+08:00][sql] CONNECT:[ UseTime:0.000643s ] mysql:host=127.0.0.1;port=3306;dbname=zhibo;charset=utf8mb4
[2024-12-08T19:07:02+08:00][sql] SHOW FULL COLUMNS FROM `cmf_hook` [ RunTime:0.001799s ]
[2024-12-08T19:07:02+08:00][sql] SELECT `hook`,`id` FROM `cmf_hook` WHERE  (  (  `app` = '' OR `app` = 'cmf' )  AND `type` = 3 ) OR `type` = 1 [ RunTime:0.000635s ]
[2024-12-08T19:07:02+08:00][sql] SHOW FULL COLUMNS FROM `cmf_hook_plugin` [ RunTime:0.001492s ]
[2024-12-08T19:07:02+08:00][sql] SELECT `hook`,`plugin` FROM `cmf_hook_plugin` WHERE  `status` = 1  AND `hook` IN ('app_begin','module_init','action_begin','view_filter','app_end','log_write','response_end','admin_init','home_init','send_mobile_verification_code','body_start','before_head_end','footer_start','before_footer','before_footer_end','before_body_end','left_sidebar_start','before_left_sidebar_end','right_sidebar_start','before_right_sidebar_end','comment','guestbook','switch_theme','after_content','before_content','log_write_done','switch_admin_theme','captcha_image') ORDER BY `list_order` ASC [ RunTime:0.000676s ]
[2024-12-08T19:07:02+08:00][sql] SHOW FULL COLUMNS FROM `cmf_plugin` [ RunTime:0.001998s ]
[2024-12-08T19:07:02+08:00][sql] SELECT `config` FROM `cmf_plugin` WHERE  `name` = 'Qiniu' LIMIT 1 [ RunTime:0.000489s ]
[2024-12-08T19:07:02+08:00][sql] SHOW FULL COLUMNS FROM `cmf_live` [ RunTime:0.001962s ]
[2024-12-08T19:07:02+08:00][sql] SELECT * FROM `cmf_live` WHERE  ( islive='1' and isrecommend='1' and type='0' and live_type=0 ) [ RunTime:0.000925s ]
[2024-12-08T19:07:02+08:00][sql] SHOW FULL COLUMNS FROM `cmf_slide_item` [ RunTime:0.001633s ]
[2024-12-08T19:07:02+08:00][sql] SELECT * FROM `cmf_slide_item` WHERE  ( status='1' and slide_id='1' ) ORDER BY `list_order` ASC [ RunTime:0.000606s ]
[2024-12-08T19:07:02+08:00][sql] SHOW FULL COLUMNS FROM `cmf_live_class` [ RunTime:0.001530s ]
[2024-12-08T19:07:02+08:00][sql] SELECT * FROM `cmf_live_class` ORDER BY `list_order` LIMIT 5 [ RunTime:0.000477s ]
[2024-12-08T19:07:02+08:00][sql] SELECT * FROM `cmf_live` WHERE  `islive` = 1  AND `live_type` = 0  AND `liveclassid` = 8 ORDER BY `recommend_time` DESC,`starttime` DESC LIMIT 5 [ RunTime:0.000798s ]
[2024-12-08T19:07:02+08:00][sql] SELECT `uid`,`thumb`,`stream`,`title`,`city`,`islive`,`type` FROM `cmf_live` WHERE  ( islive='1' and ishot='1' and live_type=0 ) ORDER BY `isrecommend` DESC,`recommend_time` DESC,`hotvotes` DESC,`starttime` DESC LIMIT 5 [ RunTime:0.000555s ]
[2024-12-08T19:07:02+08:00][sql] SELECT `uid`,`thumb`,`stream`,`title`,`city`,`islive`,`type` FROM `cmf_live` WHERE  ( islive='1' and live_type=0 ) ORDER BY `starttime` DESC LIMIT 5 [ RunTime:0.000442s ]
[2024-12-08T19:07:02+08:00][sql] SHOW FULL COLUMNS FROM `cmf_theme_file` [ RunTime:0.001513s ]
[2024-12-08T19:07:02+08:00][sql] SELECT `more` FROM `cmf_theme_file` WHERE  `theme` = 'default'  AND (  `is_public` = 1 OR `file` = '../home/index/index' ) [ RunTime:0.000541s ]
[2024-12-08T20:15:46+08:00][sql] CONNECT:[ UseTime:0.000753s ] mysql:host=127.0.0.1;port=3306;dbname=zhibo;charset=utf8mb4
[2024-12-08T20:15:46+08:00][sql] SHOW FULL COLUMNS FROM `cmf_hook` [ RunTime:0.001847s ]
[2024-12-08T20:15:46+08:00][sql] SELECT `hook`,`id` FROM `cmf_hook` WHERE  (  (  `app` = '' OR `app` = 'cmf' )  AND `type` = 3 ) OR `type` = 1 [ RunTime:0.000644s ]
[2024-12-08T20:15:46+08:00][sql] SHOW FULL COLUMNS FROM `cmf_hook_plugin` [ RunTime:0.001430s ]
[2024-12-08T20:15:46+08:00][sql] SELECT `hook`,`plugin` FROM `cmf_hook_plugin` WHERE  `status` = 1  AND `hook` IN ('app_begin','module_init','action_begin','view_filter','app_end','log_write','response_end','admin_init','home_init','send_mobile_verification_code','body_start','before_head_end','footer_start','before_footer','before_footer_end','before_body_end','left_sidebar_start','before_left_sidebar_end','right_sidebar_start','before_right_sidebar_end','comment','guestbook','switch_theme','after_content','before_content','log_write_done','switch_admin_theme','captcha_image') ORDER BY `list_order` ASC [ RunTime:0.000677s ]
[2024-12-08T20:15:46+08:00][sql] SHOW FULL COLUMNS FROM `cmf_plugin` [ RunTime:0.002012s ]
[2024-12-08T20:15:46+08:00][sql] SELECT `config` FROM `cmf_plugin` WHERE  `name` = 'Qiniu' LIMIT 1 [ RunTime:0.000505s ]
[2024-12-08T20:15:46+08:00][sql] SHOW FULL COLUMNS FROM `cmf_live` [ RunTime:0.002062s ]
[2024-12-08T20:15:46+08:00][sql] SELECT * FROM `cmf_live` WHERE  ( islive='1' and isrecommend='1' and type='0' and live_type=0 ) [ RunTime:0.000942s ]
[2024-12-08T20:15:46+08:00][sql] SHOW FULL COLUMNS FROM `cmf_slide_item` [ RunTime:0.001642s ]
[2024-12-08T20:15:46+08:00][sql] SELECT * FROM `cmf_slide_item` WHERE  ( status='1' and slide_id='1' ) ORDER BY `list_order` ASC [ RunTime:0.000596s ]
[2024-12-08T20:15:46+08:00][sql] SHOW FULL COLUMNS FROM `cmf_live_class` [ RunTime:0.001412s ]
[2024-12-08T20:15:46+08:00][sql] SELECT * FROM `cmf_live_class` ORDER BY `list_order` LIMIT 5 [ RunTime:0.000439s ]
[2024-12-08T20:15:46+08:00][sql] SELECT * FROM `cmf_live` WHERE  `islive` = 1  AND `live_type` = 0  AND `liveclassid` = 8 ORDER BY `recommend_time` DESC,`starttime` DESC LIMIT 5 [ RunTime:0.000776s ]
[2024-12-08T20:15:46+08:00][sql] SELECT `uid`,`thumb`,`stream`,`title`,`city`,`islive`,`type` FROM `cmf_live` WHERE  ( islive='1' and ishot='1' and live_type=0 ) ORDER BY `isrecommend` DESC,`recommend_time` DESC,`hotvotes` DESC,`starttime` DESC LIMIT 5 [ RunTime:0.000486s ]
[2024-12-08T20:15:46+08:00][sql] SELECT `uid`,`thumb`,`stream`,`title`,`city`,`islive`,`type` FROM `cmf_live` WHERE  ( islive='1' and live_type=0 ) ORDER BY `starttime` DESC LIMIT 5 [ RunTime:0.000425s ]
[2024-12-08T20:15:46+08:00][sql] SHOW FULL COLUMNS FROM `cmf_theme_file` [ RunTime:0.001886s ]
[2024-12-08T20:15:46+08:00][sql] SELECT `more` FROM `cmf_theme_file` WHERE  `theme` = 'default'  AND (  `is_public` = 1 OR `file` = '../home/index/index' ) [ RunTime:0.000546s ]
[2024-12-08T20:15:47+08:00][sql] CONNECT:[ UseTime:0.000666s ] mysql:host=127.0.0.1;port=3306;dbname=zhibo;charset=utf8mb4
[2024-12-08T20:15:47+08:00][sql] SHOW FULL COLUMNS FROM `cmf_hook` [ RunTime:0.001816s ]
[2024-12-08T20:15:47+08:00][sql] SELECT `hook`,`id` FROM `cmf_hook` WHERE  (  (  `app` = '' OR `app` = 'cmf' )  AND `type` = 3 ) OR `type` = 1 [ RunTime:0.000657s ]
[2024-12-08T20:15:47+08:00][sql] SHOW FULL COLUMNS FROM `cmf_hook_plugin` [ RunTime:0.001491s ]
[2024-12-08T20:15:47+08:00][sql] SELECT `hook`,`plugin` FROM `cmf_hook_plugin` WHERE  `status` = 1  AND `hook` IN ('app_begin','module_init','action_begin','view_filter','app_end','log_write','response_end','admin_init','home_init','send_mobile_verification_code','body_start','before_head_end','footer_start','before_footer','before_footer_end','before_body_end','left_sidebar_start','before_left_sidebar_end','right_sidebar_start','before_right_sidebar_end','comment','guestbook','switch_theme','after_content','before_content','log_write_done','switch_admin_theme','captcha_image') ORDER BY `list_order` ASC [ RunTime:0.000711s ]
[2024-12-08T20:15:47+08:00][sql] CONNECT:[ UseTime:0.000656s ] mysql:host=127.0.0.1;port=3306;dbname=zhibo;charset=utf8mb4
[2024-12-08T20:15:47+08:00][sql] SHOW FULL COLUMNS FROM `cmf_hook` [ RunTime:0.001803s ]
[2024-12-08T20:15:47+08:00][sql] SELECT `hook`,`id` FROM `cmf_hook` WHERE  (  (  `app` = '' OR `app` = 'cmf' )  AND `type` = 3 ) OR `type` = 1 [ RunTime:0.000686s ]
[2024-12-08T20:15:47+08:00][sql] SHOW FULL COLUMNS FROM `cmf_hook_plugin` [ RunTime:0.001479s ]
[2024-12-08T20:15:47+08:00][sql] SELECT `hook`,`plugin` FROM `cmf_hook_plugin` WHERE  `status` = 1  AND `hook` IN ('app_begin','module_init','action_begin','view_filter','app_end','log_write','response_end','admin_init','home_init','send_mobile_verification_code','body_start','before_head_end','footer_start','before_footer','before_footer_end','before_body_end','left_sidebar_start','before_left_sidebar_end','right_sidebar_start','before_right_sidebar_end','comment','guestbook','switch_theme','after_content','before_content','log_write_done','switch_admin_theme','captcha_image') ORDER BY `list_order` ASC [ RunTime:0.000741s ]
[2024-12-08T20:15:47+08:00][sql] CONNECT:[ UseTime:0.000669s ] mysql:host=127.0.0.1;port=3306;dbname=zhibo;charset=utf8mb4
[2024-12-08T20:15:47+08:00][sql] SHOW FULL COLUMNS FROM `cmf_hook` [ RunTime:0.001777s ]
[2024-12-08T20:15:47+08:00][sql] SELECT `hook`,`id` FROM `cmf_hook` WHERE  (  (  `app` = '' OR `app` = 'cmf' )  AND `type` = 3 ) OR `type` = 1 [ RunTime:0.000662s ]
[2024-12-08T20:15:47+08:00][sql] SHOW FULL COLUMNS FROM `cmf_hook_plugin` [ RunTime:0.001395s ]
[2024-12-08T20:15:47+08:00][sql] SELECT `hook`,`plugin` FROM `cmf_hook_plugin` WHERE  `status` = 1  AND `hook` IN ('app_begin','module_init','action_begin','view_filter','app_end','log_write','response_end','admin_init','home_init','send_mobile_verification_code','body_start','before_head_end','footer_start','before_footer','before_footer_end','before_body_end','left_sidebar_start','before_left_sidebar_end','right_sidebar_start','before_right_sidebar_end','comment','guestbook','switch_theme','after_content','before_content','log_write_done','switch_admin_theme','captcha_image') ORDER BY `list_order` ASC [ RunTime:0.000723s ]
[2024-12-08T20:15:47+08:00][sql] CONNECT:[ UseTime:0.000636s ] mysql:host=127.0.0.1;port=3306;dbname=zhibo;charset=utf8mb4
[2024-12-08T20:15:47+08:00][sql] SHOW FULL COLUMNS FROM `cmf_hook` [ RunTime:0.001592s ]
[2024-12-08T20:15:47+08:00][sql] SELECT `hook`,`id` FROM `cmf_hook` WHERE  (  (  `app` = '' OR `app` = 'cmf' )  AND `type` = 3 ) OR `type` = 1 [ RunTime:0.000651s ]
[2024-12-08T20:15:47+08:00][sql] SHOW FULL COLUMNS FROM `cmf_hook_plugin` [ RunTime:0.001304s ]
[2024-12-08T20:15:47+08:00][sql] SELECT `hook`,`plugin` FROM `cmf_hook_plugin` WHERE  `status` = 1  AND `hook` IN ('app_begin','module_init','action_begin','view_filter','app_end','log_write','response_end','admin_init','home_init','send_mobile_verification_code','body_start','before_head_end','footer_start','before_footer','before_footer_end','before_body_end','left_sidebar_start','before_left_sidebar_end','right_sidebar_start','before_right_sidebar_end','comment','guestbook','switch_theme','after_content','before_content','log_write_done','switch_admin_theme','captcha_image') ORDER BY `list_order` ASC [ RunTime:0.000716s ]
[2024-12-08T20:15:48+08:00][sql] CONNECT:[ UseTime:0.000637s ] mysql:host=127.0.0.1;port=3306;dbname=zhibo;charset=utf8mb4
[2024-12-08T20:15:48+08:00][sql] SHOW FULL COLUMNS FROM `cmf_hook` [ RunTime:0.001548s ]
[2024-12-08T20:15:48+08:00][sql] SELECT `hook`,`id` FROM `cmf_hook` WHERE  (  (  `app` = '' OR `app` = 'cmf' )  AND `type` = 3 ) OR `type` = 1 [ RunTime:0.000638s ]
[2024-12-08T20:15:48+08:00][sql] SHOW FULL COLUMNS FROM `cmf_hook_plugin` [ RunTime:0.001321s ]
[2024-12-08T20:15:48+08:00][sql] SELECT `hook`,`plugin` FROM `cmf_hook_plugin` WHERE  `status` = 1  AND `hook` IN ('app_begin','module_init','action_begin','view_filter','app_end','log_write','response_end','admin_init','home_init','send_mobile_verification_code','body_start','before_head_end','footer_start','before_footer','before_footer_end','before_body_end','left_sidebar_start','before_left_sidebar_end','right_sidebar_start','before_right_sidebar_end','comment','guestbook','switch_theme','after_content','before_content','log_write_done','switch_admin_theme','captcha_image') ORDER BY `list_order` ASC [ RunTime:0.000728s ]
[2024-12-08T20:15:48+08:00][sql] CONNECT:[ UseTime:0.000645s ] mysql:host=127.0.0.1;port=3306;dbname=zhibo;charset=utf8mb4
[2024-12-08T20:15:48+08:00][sql] SHOW FULL COLUMNS FROM `cmf_hook` [ RunTime:0.001563s ]
[2024-12-08T20:15:48+08:00][sql] SELECT `hook`,`id` FROM `cmf_hook` WHERE  (  (  `app` = '' OR `app` = 'cmf' )  AND `type` = 3 ) OR `type` = 1 [ RunTime:0.000623s ]
[2024-12-08T20:15:48+08:00][sql] SHOW FULL COLUMNS FROM `cmf_hook_plugin` [ RunTime:0.001244s ]
[2024-12-08T20:15:48+08:00][sql] SELECT `hook`,`plugin` FROM `cmf_hook_plugin` WHERE  `status` = 1  AND `hook` IN ('app_begin','module_init','action_begin','view_filter','app_end','log_write','response_end','admin_init','home_init','send_mobile_verification_code','body_start','before_head_end','footer_start','before_footer','before_footer_end','before_body_end','left_sidebar_start','before_left_sidebar_end','right_sidebar_start','before_right_sidebar_end','comment','guestbook','switch_theme','after_content','before_content','log_write_done','switch_admin_theme','captcha_image') ORDER BY `list_order` ASC [ RunTime:0.000670s ]
[2024-12-08T20:15:48+08:00][sql] CONNECT:[ UseTime:0.000660s ] mysql:host=127.0.0.1;port=3306;dbname=zhibo;charset=utf8mb4
[2024-12-08T20:15:48+08:00][sql] SHOW FULL COLUMNS FROM `cmf_hook` [ RunTime:0.001575s ]
[2024-12-08T20:15:48+08:00][sql] SELECT `hook`,`id` FROM `cmf_hook` WHERE  (  (  `app` = '' OR `app` = 'cmf' )  AND `type` = 3 ) OR `type` = 1 [ RunTime:0.000655s ]
[2024-12-08T20:15:48+08:00][sql] SHOW FULL COLUMNS FROM `cmf_hook_plugin` [ RunTime:0.001270s ]
[2024-12-08T20:15:48+08:00][sql] SELECT `hook`,`plugin` FROM `cmf_hook_plugin` WHERE  `status` = 1  AND `hook` IN ('app_begin','module_init','action_begin','view_filter','app_end','log_write','response_end','admin_init','home_init','send_mobile_verification_code','body_start','before_head_end','footer_start','before_footer','before_footer_end','before_body_end','left_sidebar_start','before_left_sidebar_end','right_sidebar_start','before_right_sidebar_end','comment','guestbook','switch_theme','after_content','before_content','log_write_done','switch_admin_theme','captcha_image') ORDER BY `list_order` ASC [ RunTime:0.000762s ]
[2024-12-08T20:15:49+08:00][sql] CONNECT:[ UseTime:0.000676s ] mysql:host=127.0.0.1;port=3306;dbname=zhibo;charset=utf8mb4
[2024-12-08T20:15:49+08:00][sql] SHOW FULL COLUMNS FROM `cmf_hook` [ RunTime:0.001627s ]
[2024-12-08T20:15:49+08:00][sql] SELECT `hook`,`id` FROM `cmf_hook` WHERE  (  (  `app` = '' OR `app` = 'cmf' )  AND `type` = 3 ) OR `type` = 1 [ RunTime:0.000667s ]
[2024-12-08T20:15:49+08:00][sql] SHOW FULL COLUMNS FROM `cmf_hook_plugin` [ RunTime:0.001287s ]
[2024-12-08T20:15:49+08:00][sql] SELECT `hook`,`plugin` FROM `cmf_hook_plugin` WHERE  `status` = 1  AND `hook` IN ('app_begin','module_init','action_begin','view_filter','app_end','log_write','response_end','admin_init','home_init','send_mobile_verification_code','body_start','before_head_end','footer_start','before_footer','before_footer_end','before_body_end','left_sidebar_start','before_left_sidebar_end','right_sidebar_start','before_right_sidebar_end','comment','guestbook','switch_theme','after_content','before_content','log_write_done','switch_admin_theme','captcha_image') ORDER BY `list_order` ASC [ RunTime:0.000719s ]
[2024-12-08T20:15:49+08:00][sql] CONNECT:[ UseTime:0.000678s ] mysql:host=127.0.0.1;port=3306;dbname=zhibo;charset=utf8mb4
[2024-12-08T20:15:49+08:00][sql] SHOW FULL COLUMNS FROM `cmf_hook` [ RunTime:0.001598s ]
[2024-12-08T20:15:49+08:00][sql] SELECT `hook`,`id` FROM `cmf_hook` WHERE  (  (  `app` = '' OR `app` = 'cmf' )  AND `type` = 3 ) OR `type` = 1 [ RunTime:0.000673s ]
[2024-12-08T20:15:49+08:00][sql] SHOW FULL COLUMNS FROM `cmf_hook_plugin` [ RunTime:0.001339s ]
[2024-12-08T20:15:49+08:00][sql] SELECT `hook`,`plugin` FROM `cmf_hook_plugin` WHERE  `status` = 1  AND `hook` IN ('app_begin','module_init','action_begin','view_filter','app_end','log_write','response_end','admin_init','home_init','send_mobile_verification_code','body_start','before_head_end','footer_start','before_footer','before_footer_end','before_body_end','left_sidebar_start','before_left_sidebar_end','right_sidebar_start','before_right_sidebar_end','comment','guestbook','switch_theme','after_content','before_content','log_write_done','switch_admin_theme','captcha_image') ORDER BY `list_order` ASC [ RunTime:0.000844s ]
[2024-12-08T20:15:50+08:00][sql] CONNECT:[ UseTime:0.000654s ] mysql:host=127.0.0.1;port=3306;dbname=zhibo;charset=utf8mb4
[2024-12-08T20:15:50+08:00][sql] SHOW FULL COLUMNS FROM `cmf_hook` [ RunTime:0.001616s ]
[2024-12-08T20:15:50+08:00][sql] SELECT `hook`,`id` FROM `cmf_hook` WHERE  (  (  `app` = '' OR `app` = 'cmf' )  AND `type` = 3 ) OR `type` = 1 [ RunTime:0.000662s ]
[2024-12-08T20:15:50+08:00][sql] SHOW FULL COLUMNS FROM `cmf_hook_plugin` [ RunTime:0.001278s ]
[2024-12-08T20:15:50+08:00][sql] SELECT `hook`,`plugin` FROM `cmf_hook_plugin` WHERE  `status` = 1  AND `hook` IN ('app_begin','module_init','action_begin','view_filter','app_end','log_write','response_end','admin_init','home_init','send_mobile_verification_code','body_start','before_head_end','footer_start','before_footer','before_footer_end','before_body_end','left_sidebar_start','before_left_sidebar_end','right_sidebar_start','before_right_sidebar_end','comment','guestbook','switch_theme','after_content','before_content','log_write_done','switch_admin_theme','captcha_image') ORDER BY `list_order` ASC [ RunTime:0.000707s ]
[2024-12-08T20:15:50+08:00][sql] CONNECT:[ UseTime:0.000659s ] mysql:host=127.0.0.1;port=3306;dbname=zhibo;charset=utf8mb4
[2024-12-08T20:15:50+08:00][sql] SHOW FULL COLUMNS FROM `cmf_hook` [ RunTime:0.001621s ]
[2024-12-08T20:15:50+08:00][sql] SELECT `hook`,`id` FROM `cmf_hook` WHERE  (  (  `app` = '' OR `app` = 'cmf' )  AND `type` = 3 ) OR `type` = 1 [ RunTime:0.000678s ]
[2024-12-08T20:15:50+08:00][sql] SHOW FULL COLUMNS FROM `cmf_hook_plugin` [ RunTime:0.001309s ]
[2024-12-08T20:15:50+08:00][sql] SELECT `hook`,`plugin` FROM `cmf_hook_plugin` WHERE  `status` = 1  AND `hook` IN ('app_begin','module_init','action_begin','view_filter','app_end','log_write','response_end','admin_init','home_init','send_mobile_verification_code','body_start','before_head_end','footer_start','before_footer','before_footer_end','before_body_end','left_sidebar_start','before_left_sidebar_end','right_sidebar_start','before_right_sidebar_end','comment','guestbook','switch_theme','after_content','before_content','log_write_done','switch_admin_theme','captcha_image') ORDER BY `list_order` ASC [ RunTime:0.000736s ]
[2024-12-08T20:15:50+08:00][sql] CONNECT:[ UseTime:0.000657s ] mysql:host=127.0.0.1;port=3306;dbname=zhibo;charset=utf8mb4
[2024-12-08T20:15:50+08:00][sql] SHOW FULL COLUMNS FROM `cmf_hook` [ RunTime:0.001651s ]
[2024-12-08T20:15:50+08:00][sql] SELECT `hook`,`id` FROM `cmf_hook` WHERE  (  (  `app` = '' OR `app` = 'cmf' )  AND `type` = 3 ) OR `type` = 1 [ RunTime:0.000652s ]
[2024-12-08T20:15:50+08:00][sql] SHOW FULL COLUMNS FROM `cmf_hook_plugin` [ RunTime:0.001248s ]
[2024-12-08T20:15:50+08:00][sql] SELECT `hook`,`plugin` FROM `cmf_hook_plugin` WHERE  `status` = 1  AND `hook` IN ('app_begin','module_init','action_begin','view_filter','app_end','log_write','response_end','admin_init','home_init','send_mobile_verification_code','body_start','before_head_end','footer_start','before_footer','before_footer_end','before_body_end','left_sidebar_start','before_left_sidebar_end','right_sidebar_start','before_right_sidebar_end','comment','guestbook','switch_theme','after_content','before_content','log_write_done','switch_admin_theme','captcha_image') ORDER BY `list_order` ASC [ RunTime:0.000706s ]
[2024-12-08T20:15:51+08:00][sql] CONNECT:[ UseTime:0.000694s ] mysql:host=127.0.0.1;port=3306;dbname=zhibo;charset=utf8mb4
[2024-12-08T20:15:51+08:00][sql] SHOW FULL COLUMNS FROM `cmf_hook` [ RunTime:0.001562s ]
[2024-12-08T20:15:51+08:00][sql] SELECT `hook`,`id` FROM `cmf_hook` WHERE  (  (  `app` = '' OR `app` = 'cmf' )  AND `type` = 3 ) OR `type` = 1 [ RunTime:0.000644s ]
[2024-12-08T20:15:51+08:00][sql] SHOW FULL COLUMNS FROM `cmf_hook_plugin` [ RunTime:0.001306s ]
[2024-12-08T20:15:51+08:00][sql] SELECT `hook`,`plugin` FROM `cmf_hook_plugin` WHERE  `status` = 1  AND `hook` IN ('app_begin','module_init','action_begin','view_filter','app_end','log_write','response_end','admin_init','home_init','send_mobile_verification_code','body_start','before_head_end','footer_start','before_footer','before_footer_end','before_body_end','left_sidebar_start','before_left_sidebar_end','right_sidebar_start','before_right_sidebar_end','comment','guestbook','switch_theme','after_content','before_content','log_write_done','switch_admin_theme','captcha_image') ORDER BY `list_order` ASC [ RunTime:0.000712s ]
[2024-12-08T20:15:51+08:00][sql] CONNECT:[ UseTime:0.000747s ] mysql:host=127.0.0.1;port=3306;dbname=zhibo;charset=utf8mb4
[2024-12-08T20:15:51+08:00][sql] SHOW FULL COLUMNS FROM `cmf_hook` [ RunTime:0.001640s ]
[2024-12-08T20:15:51+08:00][sql] SELECT `hook`,`id` FROM `cmf_hook` WHERE  (  (  `app` = '' OR `app` = 'cmf' )  AND `type` = 3 ) OR `type` = 1 [ RunTime:0.000675s ]
[2024-12-08T20:15:51+08:00][sql] SHOW FULL COLUMNS FROM `cmf_hook_plugin` [ RunTime:0.001330s ]
[2024-12-08T20:15:51+08:00][sql] SELECT `hook`,`plugin` FROM `cmf_hook_plugin` WHERE  `status` = 1  AND `hook` IN ('app_begin','module_init','action_begin','view_filter','app_end','log_write','response_end','admin_init','home_init','send_mobile_verification_code','body_start','before_head_end','footer_start','before_footer','before_footer_end','before_body_end','left_sidebar_start','before_left_sidebar_end','right_sidebar_start','before_right_sidebar_end','comment','guestbook','switch_theme','after_content','before_content','log_write_done','switch_admin_theme','captcha_image') ORDER BY `list_order` ASC [ RunTime:0.000713s ]
[2024-12-08T20:15:51+08:00][sql] CONNECT:[ UseTime:0.000667s ] mysql:host=127.0.0.1;port=3306;dbname=zhibo;charset=utf8mb4
[2024-12-08T20:15:51+08:00][sql] SHOW FULL COLUMNS FROM `cmf_hook` [ RunTime:0.001644s ]
[2024-12-08T20:15:51+08:00][sql] SELECT `hook`,`id` FROM `cmf_hook` WHERE  (  (  `app` = '' OR `app` = 'cmf' )  AND `type` = 3 ) OR `type` = 1 [ RunTime:0.000631s ]
[2024-12-08T20:15:51+08:00][sql] SHOW FULL COLUMNS FROM `cmf_hook_plugin` [ RunTime:0.001313s ]
[2024-12-08T20:15:51+08:00][sql] SELECT `hook`,`plugin` FROM `cmf_hook_plugin` WHERE  `status` = 1  AND `hook` IN ('app_begin','module_init','action_begin','view_filter','app_end','log_write','response_end','admin_init','home_init','send_mobile_verification_code','body_start','before_head_end','footer_start','before_footer','before_footer_end','before_body_end','left_sidebar_start','before_left_sidebar_end','right_sidebar_start','before_right_sidebar_end','comment','guestbook','switch_theme','after_content','before_content','log_write_done','switch_admin_theme','captcha_image') ORDER BY `list_order` ASC [ RunTime:0.000692s ]
[2024-12-08T20:15:52+08:00][sql] CONNECT:[ UseTime:0.000649s ] mysql:host=127.0.0.1;port=3306;dbname=zhibo;charset=utf8mb4
[2024-12-08T20:15:52+08:00][sql] SHOW FULL COLUMNS FROM `cmf_hook` [ RunTime:0.001689s ]
[2024-12-08T20:15:52+08:00][sql] SELECT `hook`,`id` FROM `cmf_hook` WHERE  (  (  `app` = '' OR `app` = 'cmf' )  AND `type` = 3 ) OR `type` = 1 [ RunTime:0.000643s ]
[2024-12-08T20:15:52+08:00][sql] SHOW FULL COLUMNS FROM `cmf_hook_plugin` [ RunTime:0.001355s ]
[2024-12-08T20:15:52+08:00][sql] SELECT `hook`,`plugin` FROM `cmf_hook_plugin` WHERE  `status` = 1  AND `hook` IN ('app_begin','module_init','action_begin','view_filter','app_end','log_write','response_end','admin_init','home_init','send_mobile_verification_code','body_start','before_head_end','footer_start','before_footer','before_footer_end','before_body_end','left_sidebar_start','before_left_sidebar_end','right_sidebar_start','before_right_sidebar_end','comment','guestbook','switch_theme','after_content','before_content','log_write_done','switch_admin_theme','captcha_image') ORDER BY `list_order` ASC [ RunTime:0.000703s ]
[2024-12-08T20:15:52+08:00][sql] CONNECT:[ UseTime:0.000655s ] mysql:host=127.0.0.1;port=3306;dbname=zhibo;charset=utf8mb4
[2024-12-08T20:15:52+08:00][sql] SHOW FULL COLUMNS FROM `cmf_hook` [ RunTime:0.001560s ]
[2024-12-08T20:15:52+08:00][sql] SELECT `hook`,`id` FROM `cmf_hook` WHERE  (  (  `app` = '' OR `app` = 'cmf' )  AND `type` = 3 ) OR `type` = 1 [ RunTime:0.000722s ]
[2024-12-08T20:15:52+08:00][sql] SHOW FULL COLUMNS FROM `cmf_hook_plugin` [ RunTime:0.001273s ]
[2024-12-08T20:15:52+08:00][sql] SELECT `hook`,`plugin` FROM `cmf_hook_plugin` WHERE  `status` = 1  AND `hook` IN ('app_begin','module_init','action_begin','view_filter','app_end','log_write','response_end','admin_init','home_init','send_mobile_verification_code','body_start','before_head_end','footer_start','before_footer','before_footer_end','before_body_end','left_sidebar_start','before_left_sidebar_end','right_sidebar_start','before_right_sidebar_end','comment','guestbook','switch_theme','after_content','before_content','log_write_done','switch_admin_theme','captcha_image') ORDER BY `list_order` ASC [ RunTime:0.000697s ]
[2024-12-08T20:15:52+08:00][sql] CONNECT:[ UseTime:0.000677s ] mysql:host=127.0.0.1;port=3306;dbname=zhibo;charset=utf8mb4
[2024-12-08T20:15:52+08:00][sql] SHOW FULL COLUMNS FROM `cmf_hook` [ RunTime:0.001606s ]
[2024-12-08T20:15:52+08:00][sql] SELECT `hook`,`id` FROM `cmf_hook` WHERE  (  (  `app` = '' OR `app` = 'cmf' )  AND `type` = 3 ) OR `type` = 1 [ RunTime:0.000620s ]
[2024-12-08T20:15:52+08:00][sql] SHOW FULL COLUMNS FROM `cmf_hook_plugin` [ RunTime:0.001241s ]
[2024-12-08T20:15:52+08:00][sql] SELECT `hook`,`plugin` FROM `cmf_hook_plugin` WHERE  `status` = 1  AND `hook` IN ('app_begin','module_init','action_begin','view_filter','app_end','log_write','response_end','admin_init','home_init','send_mobile_verification_code','body_start','before_head_end','footer_start','before_footer','before_footer_end','before_body_end','left_sidebar_start','before_left_sidebar_end','right_sidebar_start','before_right_sidebar_end','comment','guestbook','switch_theme','after_content','before_content','log_write_done','switch_admin_theme','captcha_image') ORDER BY `list_order` ASC [ RunTime:0.000665s ]
[2024-12-08T20:15:53+08:00][sql] CONNECT:[ UseTime:0.000638s ] mysql:host=127.0.0.1;port=3306;dbname=zhibo;charset=utf8mb4
[2024-12-08T20:15:53+08:00][sql] SHOW FULL COLUMNS FROM `cmf_hook` [ RunTime:0.001499s ]
[2024-12-08T20:15:53+08:00][sql] SELECT `hook`,`id` FROM `cmf_hook` WHERE  (  (  `app` = '' OR `app` = 'cmf' )  AND `type` = 3 ) OR `type` = 1 [ RunTime:0.000630s ]
[2024-12-08T20:15:53+08:00][sql] SHOW FULL COLUMNS FROM `cmf_hook_plugin` [ RunTime:0.001208s ]
[2024-12-08T20:15:53+08:00][sql] SELECT `hook`,`plugin` FROM `cmf_hook_plugin` WHERE  `status` = 1  AND `hook` IN ('app_begin','module_init','action_begin','view_filter','app_end','log_write','response_end','admin_init','home_init','send_mobile_verification_code','body_start','before_head_end','footer_start','before_footer','before_footer_end','before_body_end','left_sidebar_start','before_left_sidebar_end','right_sidebar_start','before_right_sidebar_end','comment','guestbook','switch_theme','after_content','before_content','log_write_done','switch_admin_theme','captcha_image') ORDER BY `list_order` ASC [ RunTime:0.000730s ]
[2024-12-08T20:15:53+08:00][sql] CONNECT:[ UseTime:0.000679s ] mysql:host=127.0.0.1;port=3306;dbname=zhibo;charset=utf8mb4
[2024-12-08T20:15:53+08:00][sql] SHOW FULL COLUMNS FROM `cmf_hook` [ RunTime:0.001623s ]
[2024-12-08T20:15:53+08:00][sql] SELECT `hook`,`id` FROM `cmf_hook` WHERE  (  (  `app` = '' OR `app` = 'cmf' )  AND `type` = 3 ) OR `type` = 1 [ RunTime:0.000653s ]
[2024-12-08T20:15:53+08:00][sql] SHOW FULL COLUMNS FROM `cmf_hook_plugin` [ RunTime:0.001332s ]
[2024-12-08T20:15:53+08:00][sql] SELECT `hook`,`plugin` FROM `cmf_hook_plugin` WHERE  `status` = 1  AND `hook` IN ('app_begin','module_init','action_begin','view_filter','app_end','log_write','response_end','admin_init','home_init','send_mobile_verification_code','body_start','before_head_end','footer_start','before_footer','before_footer_end','before_body_end','left_sidebar_start','before_left_sidebar_end','right_sidebar_start','before_right_sidebar_end','comment','guestbook','switch_theme','after_content','before_content','log_write_done','switch_admin_theme','captcha_image') ORDER BY `list_order` ASC [ RunTime:0.000706s ]
[2024-12-08T20:15:53+08:00][sql] CONNECT:[ UseTime:0.000671s ] mysql:host=127.0.0.1;port=3306;dbname=zhibo;charset=utf8mb4
[2024-12-08T20:15:53+08:00][sql] SHOW FULL COLUMNS FROM `cmf_hook` [ RunTime:0.001598s ]
[2024-12-08T20:15:53+08:00][sql] SELECT `hook`,`id` FROM `cmf_hook` WHERE  (  (  `app` = '' OR `app` = 'cmf' )  AND `type` = 3 ) OR `type` = 1 [ RunTime:0.000681s ]
[2024-12-08T20:15:53+08:00][sql] SHOW FULL COLUMNS FROM `cmf_hook_plugin` [ RunTime:0.001273s ]
[2024-12-08T20:15:53+08:00][sql] SELECT `hook`,`plugin` FROM `cmf_hook_plugin` WHERE  `status` = 1  AND `hook` IN ('app_begin','module_init','action_begin','view_filter','app_end','log_write','response_end','admin_init','home_init','send_mobile_verification_code','body_start','before_head_end','footer_start','before_footer','before_footer_end','before_body_end','left_sidebar_start','before_left_sidebar_end','right_sidebar_start','before_right_sidebar_end','comment','guestbook','switch_theme','after_content','before_content','log_write_done','switch_admin_theme','captcha_image') ORDER BY `list_order` ASC [ RunTime:0.000745s ]
[2024-12-08T20:15:53+08:00][sql] CONNECT:[ UseTime:0.000767s ] mysql:host=127.0.0.1;port=3306;dbname=zhibo;charset=utf8mb4
[2024-12-08T20:15:53+08:00][sql] SHOW FULL COLUMNS FROM `cmf_hook` [ RunTime:0.001803s ]
[2024-12-08T20:15:53+08:00][sql] SELECT `hook`,`id` FROM `cmf_hook` WHERE  (  (  `app` = '' OR `app` = 'cmf' )  AND `type` = 3 ) OR `type` = 1 [ RunTime:0.000668s ]
[2024-12-08T20:15:53+08:00][sql] SHOW FULL COLUMNS FROM `cmf_hook_plugin` [ RunTime:0.001331s ]
[2024-12-08T20:15:53+08:00][sql] SELECT `hook`,`plugin` FROM `cmf_hook_plugin` WHERE  `status` = 1  AND `hook` IN ('app_begin','module_init','action_begin','view_filter','app_end','log_write','response_end','admin_init','home_init','send_mobile_verification_code','body_start','before_head_end','footer_start','before_footer','before_footer_end','before_body_end','left_sidebar_start','before_left_sidebar_end','right_sidebar_start','before_right_sidebar_end','comment','guestbook','switch_theme','after_content','before_content','log_write_done','switch_admin_theme','captcha_image') ORDER BY `list_order` ASC [ RunTime:0.000755s ]
[2024-12-08T20:15:54+08:00][sql] CONNECT:[ UseTime:0.000660s ] mysql:host=127.0.0.1;port=3306;dbname=zhibo;charset=utf8mb4
[2024-12-08T20:15:54+08:00][sql] SHOW FULL COLUMNS FROM `cmf_hook` [ RunTime:0.001590s ]
[2024-12-08T20:15:54+08:00][sql] SELECT `hook`,`id` FROM `cmf_hook` WHERE  (  (  `app` = '' OR `app` = 'cmf' )  AND `type` = 3 ) OR `type` = 1 [ RunTime:0.000656s ]
[2024-12-08T20:15:54+08:00][sql] SHOW FULL COLUMNS FROM `cmf_hook_plugin` [ RunTime:0.001290s ]
[2024-12-08T20:15:54+08:00][sql] SELECT `hook`,`plugin` FROM `cmf_hook_plugin` WHERE  `status` = 1  AND `hook` IN ('app_begin','module_init','action_begin','view_filter','app_end','log_write','response_end','admin_init','home_init','send_mobile_verification_code','body_start','before_head_end','footer_start','before_footer','before_footer_end','before_body_end','left_sidebar_start','before_left_sidebar_end','right_sidebar_start','before_right_sidebar_end','comment','guestbook','switch_theme','after_content','before_content','log_write_done','switch_admin_theme','captcha_image') ORDER BY `list_order` ASC [ RunTime:0.000724s ]
[2024-12-08T20:15:54+08:00][sql] CONNECT:[ UseTime:0.000682s ] mysql:host=127.0.0.1;port=3306;dbname=zhibo;charset=utf8mb4
[2024-12-08T20:15:54+08:00][sql] SHOW FULL COLUMNS FROM `cmf_hook` [ RunTime:0.001597s ]
[2024-12-08T20:15:54+08:00][sql] SELECT `hook`,`id` FROM `cmf_hook` WHERE  (  (  `app` = '' OR `app` = 'cmf' )  AND `type` = 3 ) OR `type` = 1 [ RunTime:0.000653s ]
[2024-12-08T20:15:54+08:00][sql] SHOW FULL COLUMNS FROM `cmf_hook_plugin` [ RunTime:0.001322s ]
[2024-12-08T20:15:54+08:00][sql] SELECT `hook`,`plugin` FROM `cmf_hook_plugin` WHERE  `status` = 1  AND `hook` IN ('app_begin','module_init','action_begin','view_filter','app_end','log_write','response_end','admin_init','home_init','send_mobile_verification_code','body_start','before_head_end','footer_start','before_footer','before_footer_end','before_body_end','left_sidebar_start','before_left_sidebar_end','right_sidebar_start','before_right_sidebar_end','comment','guestbook','switch_theme','after_content','before_content','log_write_done','switch_admin_theme','captcha_image') ORDER BY `list_order` ASC [ RunTime:0.000728s ]
[2024-12-08T20:15:55+08:00][sql] CONNECT:[ UseTime:0.000694s ] mysql:host=127.0.0.1;port=3306;dbname=zhibo;charset=utf8mb4
[2024-12-08T20:15:55+08:00][sql] SHOW FULL COLUMNS FROM `cmf_hook` [ RunTime:0.001552s ]
[2024-12-08T20:15:55+08:00][sql] SELECT `hook`,`id` FROM `cmf_hook` WHERE  (  (  `app` = '' OR `app` = 'cmf' )  AND `type` = 3 ) OR `type` = 1 [ RunTime:0.000670s ]
[2024-12-08T20:15:55+08:00][sql] SHOW FULL COLUMNS FROM `cmf_hook_plugin` [ RunTime:0.001263s ]
[2024-12-08T20:15:55+08:00][sql] SELECT `hook`,`plugin` FROM `cmf_hook_plugin` WHERE  `status` = 1  AND `hook` IN ('app_begin','module_init','action_begin','view_filter','app_end','log_write','response_end','admin_init','home_init','send_mobile_verification_code','body_start','before_head_end','footer_start','before_footer','before_footer_end','before_body_end','left_sidebar_start','before_left_sidebar_end','right_sidebar_start','before_right_sidebar_end','comment','guestbook','switch_theme','after_content','before_content','log_write_done','switch_admin_theme','captcha_image') ORDER BY `list_order` ASC [ RunTime:0.000702s ]
[2024-12-08T20:15:55+08:00][sql] CONNECT:[ UseTime:0.000637s ] mysql:host=127.0.0.1;port=3306;dbname=zhibo;charset=utf8mb4
[2024-12-08T20:15:55+08:00][sql] SHOW FULL COLUMNS FROM `cmf_hook` [ RunTime:0.001635s ]
[2024-12-08T20:15:55+08:00][sql] SELECT `hook`,`id` FROM `cmf_hook` WHERE  (  (  `app` = '' OR `app` = 'cmf' )  AND `type` = 3 ) OR `type` = 1 [ RunTime:0.000652s ]
[2024-12-08T20:15:55+08:00][sql] SHOW FULL COLUMNS FROM `cmf_hook_plugin` [ RunTime:0.001279s ]
[2024-12-08T20:15:55+08:00][sql] SELECT `hook`,`plugin` FROM `cmf_hook_plugin` WHERE  `status` = 1  AND `hook` IN ('app_begin','module_init','action_begin','view_filter','app_end','log_write','response_end','admin_init','home_init','send_mobile_verification_code','body_start','before_head_end','footer_start','before_footer','before_footer_end','before_body_end','left_sidebar_start','before_left_sidebar_end','right_sidebar_start','before_right_sidebar_end','comment','guestbook','switch_theme','after_content','before_content','log_write_done','switch_admin_theme','captcha_image') ORDER BY `list_order` ASC [ RunTime:0.000709s ]
[2024-12-08T20:15:56+08:00][sql] CONNECT:[ UseTime:0.000680s ] mysql:host=127.0.0.1;port=3306;dbname=zhibo;charset=utf8mb4
[2024-12-08T20:15:56+08:00][sql] SHOW FULL COLUMNS FROM `cmf_hook` [ RunTime:0.001650s ]
[2024-12-08T20:15:56+08:00][sql] SELECT `hook`,`id` FROM `cmf_hook` WHERE  (  (  `app` = '' OR `app` = 'cmf' )  AND `type` = 3 ) OR `type` = 1 [ RunTime:0.000701s ]
[2024-12-08T20:15:56+08:00][sql] SHOW FULL COLUMNS FROM `cmf_hook_plugin` [ RunTime:0.001410s ]
[2024-12-08T20:15:56+08:00][sql] SELECT `hook`,`plugin` FROM `cmf_hook_plugin` WHERE  `status` = 1  AND `hook` IN ('app_begin','module_init','action_begin','view_filter','app_end','log_write','response_end','admin_init','home_init','send_mobile_verification_code','body_start','before_head_end','footer_start','before_footer','before_footer_end','before_body_end','left_sidebar_start','before_left_sidebar_end','right_sidebar_start','before_right_sidebar_end','comment','guestbook','switch_theme','after_content','before_content','log_write_done','switch_admin_theme','captcha_image') ORDER BY `list_order` ASC [ RunTime:0.000735s ]
[2024-12-08T20:15:56+08:00][sql] CONNECT:[ UseTime:0.000658s ] mysql:host=127.0.0.1;port=3306;dbname=zhibo;charset=utf8mb4
[2024-12-08T20:15:56+08:00][sql] SHOW FULL COLUMNS FROM `cmf_hook` [ RunTime:0.001642s ]
[2024-12-08T20:15:56+08:00][sql] SELECT `hook`,`id` FROM `cmf_hook` WHERE  (  (  `app` = '' OR `app` = 'cmf' )  AND `type` = 3 ) OR `type` = 1 [ RunTime:0.000693s ]
[2024-12-08T20:15:56+08:00][sql] SHOW FULL COLUMNS FROM `cmf_hook_plugin` [ RunTime:0.001276s ]
[2024-12-08T20:15:56+08:00][sql] SELECT `hook`,`plugin` FROM `cmf_hook_plugin` WHERE  `status` = 1  AND `hook` IN ('app_begin','module_init','action_begin','view_filter','app_end','log_write','response_end','admin_init','home_init','send_mobile_verification_code','body_start','before_head_end','footer_start','before_footer','before_footer_end','before_body_end','left_sidebar_start','before_left_sidebar_end','right_sidebar_start','before_right_sidebar_end','comment','guestbook','switch_theme','after_content','before_content','log_write_done','switch_admin_theme','captcha_image') ORDER BY `list_order` ASC [ RunTime:0.000760s ]
[2024-12-08T21:56:13+08:00][sql] CONNECT:[ UseTime:0.000678s ] mysql:host=127.0.0.1;port=3306;dbname=zhibo;charset=utf8mb4
[2024-12-08T21:56:13+08:00][sql] SHOW FULL COLUMNS FROM `cmf_hook` [ RunTime:0.001809s ]
[2024-12-08T21:56:13+08:00][sql] SELECT `hook`,`id` FROM `cmf_hook` WHERE  (  (  `app` = '' OR `app` = 'cmf' )  AND `type` = 3 ) OR `type` = 1 [ RunTime:0.000615s ]
[2024-12-08T21:56:13+08:00][sql] SHOW FULL COLUMNS FROM `cmf_hook_plugin` [ RunTime:0.001522s ]
[2024-12-08T21:56:13+08:00][sql] SELECT `hook`,`plugin` FROM `cmf_hook_plugin` WHERE  `status` = 1  AND `hook` IN ('app_begin','module_init','action_begin','view_filter','app_end','log_write','response_end','admin_init','home_init','send_mobile_verification_code','body_start','before_head_end','footer_start','before_footer','before_footer_end','before_body_end','left_sidebar_start','before_left_sidebar_end','right_sidebar_start','before_right_sidebar_end','comment','guestbook','switch_theme','after_content','before_content','log_write_done','switch_admin_theme','captcha_image') ORDER BY `list_order` ASC [ RunTime:0.000751s ]
[2024-12-08T22:08:09+08:00][sql] CONNECT:[ UseTime:0.000656s ] mysql:host=127.0.0.1;port=3306;dbname=zhibo;charset=utf8mb4
[2024-12-08T22:08:09+08:00][sql] SHOW FULL COLUMNS FROM `cmf_hook` [ RunTime:0.001850s ]
[2024-12-08T22:08:09+08:00][sql] SELECT `hook`,`id` FROM `cmf_hook` WHERE  (  (  `app` = '' OR `app` = 'cmf' )  AND `type` = 3 ) OR `type` = 1 [ RunTime:0.000695s ]
[2024-12-08T22:08:09+08:00][sql] SHOW FULL COLUMNS FROM `cmf_hook_plugin` [ RunTime:0.001552s ]
[2024-12-08T22:08:09+08:00][sql] SELECT `hook`,`plugin` FROM `cmf_hook_plugin` WHERE  `status` = 1  AND `hook` IN ('app_begin','module_init','action_begin','view_filter','app_end','log_write','response_end','admin_init','home_init','send_mobile_verification_code','body_start','before_head_end','footer_start','before_footer','before_footer_end','before_body_end','left_sidebar_start','before_left_sidebar_end','right_sidebar_start','before_right_sidebar_end','comment','guestbook','switch_theme','after_content','before_content','log_write_done','switch_admin_theme','captcha_image') ORDER BY `list_order` ASC [ RunTime:0.000718s ]
[2024-12-08T22:08:19+08:00][sql] CONNECT:[ UseTime:0.000665s ] mysql:host=127.0.0.1;port=3306;dbname=zhibo;charset=utf8mb4
[2024-12-08T22:08:19+08:00][sql] SHOW FULL COLUMNS FROM `cmf_hook` [ RunTime:0.001798s ]
[2024-12-08T22:08:19+08:00][sql] SELECT `hook`,`id` FROM `cmf_hook` WHERE  (  (  `app` = '' OR `app` = 'cmf' )  AND `type` = 3 ) OR `type` = 1 [ RunTime:0.000687s ]
[2024-12-08T22:08:19+08:00][sql] SHOW FULL COLUMNS FROM `cmf_hook_plugin` [ RunTime:0.001569s ]
[2024-12-08T22:08:19+08:00][sql] SELECT `hook`,`plugin` FROM `cmf_hook_plugin` WHERE  `status` = 1  AND `hook` IN ('app_begin','module_init','action_begin','view_filter','app_end','log_write','response_end','admin_init','home_init','send_mobile_verification_code','body_start','before_head_end','footer_start','before_footer','before_footer_end','before_body_end','left_sidebar_start','before_left_sidebar_end','right_sidebar_start','before_right_sidebar_end','comment','guestbook','switch_theme','after_content','before_content','log_write_done','switch_admin_theme','captcha_image') ORDER BY `list_order` ASC [ RunTime:0.000755s ]
[2024-12-08T22:35:16+08:00][sql] CONNECT:[ UseTime:0.000657s ] mysql:host=127.0.0.1;port=3306;dbname=zhibo;charset=utf8mb4
[2024-12-08T22:35:16+08:00][sql] SHOW FULL COLUMNS FROM `cmf_hook` [ RunTime:0.001781s ]
[2024-12-08T22:35:16+08:00][sql] SELECT `hook`,`id` FROM `cmf_hook` WHERE  (  (  `app` = '' OR `app` = 'cmf' )  AND `type` = 3 ) OR `type` = 1 [ RunTime:0.000677s ]
[2024-12-08T22:35:16+08:00][sql] SHOW FULL COLUMNS FROM `cmf_hook_plugin` [ RunTime:0.001521s ]
[2024-12-08T22:35:16+08:00][sql] SELECT `hook`,`plugin` FROM `cmf_hook_plugin` WHERE  `status` = 1  AND `hook` IN ('app_begin','module_init','action_begin','view_filter','app_end','log_write','response_end','admin_init','home_init','send_mobile_verification_code','body_start','before_head_end','footer_start','before_footer','before_footer_end','before_body_end','left_sidebar_start','before_left_sidebar_end','right_sidebar_start','before_right_sidebar_end','comment','guestbook','switch_theme','after_content','before_content','log_write_done','switch_admin_theme','captcha_image') ORDER BY `list_order` ASC [ RunTime:0.000736s ]
[2024-12-08T22:35:16+08:00][sql] SHOW FULL COLUMNS FROM `cmf_plugin` [ RunTime:0.001938s ]
[2024-12-08T22:35:16+08:00][sql] SELECT `config` FROM `cmf_plugin` WHERE  `name` = 'Qiniu' LIMIT 1 [ RunTime:0.000544s ]
[2024-12-08T22:35:16+08:00][sql] SHOW FULL COLUMNS FROM `cmf_live` [ RunTime:0.002046s ]
[2024-12-08T22:35:16+08:00][sql] SELECT * FROM `cmf_live` WHERE  ( islive='1' and isrecommend='1' and type='0' and live_type=0 ) [ RunTime:0.000925s ]
[2024-12-08T22:35:16+08:00][sql] SHOW FULL COLUMNS FROM `cmf_slide_item` [ RunTime:0.001554s ]
[2024-12-08T22:35:16+08:00][sql] SELECT * FROM `cmf_slide_item` WHERE  ( status='1' and slide_id='1' ) ORDER BY `list_order` ASC [ RunTime:0.000622s ]
[2024-12-08T22:35:16+08:00][sql] SHOW FULL COLUMNS FROM `cmf_live_class` [ RunTime:0.001209s ]
[2024-12-08T22:35:16+08:00][sql] SELECT * FROM `cmf_live_class` ORDER BY `list_order` LIMIT 5 [ RunTime:0.000421s ]
[2024-12-08T22:35:16+08:00][sql] SELECT * FROM `cmf_live` WHERE  `islive` = 1  AND `live_type` = 0  AND `liveclassid` = 8 ORDER BY `recommend_time` DESC,`starttime` DESC LIMIT 5 [ RunTime:0.000783s ]
[2024-12-08T22:35:16+08:00][sql] SELECT `uid`,`thumb`,`stream`,`title`,`city`,`islive`,`type` FROM `cmf_live` WHERE  ( islive='1' and ishot='1' and live_type=0 ) ORDER BY `isrecommend` DESC,`recommend_time` DESC,`hotvotes` DESC,`starttime` DESC LIMIT 5 [ RunTime:0.000527s ]
[2024-12-08T22:35:16+08:00][sql] SELECT `uid`,`thumb`,`stream`,`title`,`city`,`islive`,`type` FROM `cmf_live` WHERE  ( islive='1' and live_type=0 ) ORDER BY `starttime` DESC LIMIT 5 [ RunTime:0.000387s ]
[2024-12-08T22:35:16+08:00][sql] SHOW FULL COLUMNS FROM `cmf_theme_file` [ RunTime:0.001495s ]
[2024-12-08T22:35:16+08:00][sql] SELECT `more` FROM `cmf_theme_file` WHERE  `theme` = 'default'  AND (  `is_public` = 1 OR `file` = '../home/index/index' ) [ RunTime:0.000525s ]
[2024-12-08T22:35:16+08:00][sql] CONNECT:[ UseTime:0.000640s ] mysql:host=127.0.0.1;port=3306;dbname=zhibo;charset=utf8mb4
[2024-12-08T22:35:16+08:00][sql] SHOW FULL COLUMNS FROM `cmf_hook` [ RunTime:0.001588s ]
[2024-12-08T22:35:16+08:00][sql] SELECT `hook`,`id` FROM `cmf_hook` WHERE  (  (  `app` = '' OR `app` = 'cmf' )  AND `type` = 3 ) OR `type` = 1 [ RunTime:0.000670s ]
[2024-12-08T22:35:16+08:00][sql] SHOW FULL COLUMNS FROM `cmf_hook_plugin` [ RunTime:0.001366s ]
[2024-12-08T22:35:16+08:00][sql] SELECT `hook`,`plugin` FROM `cmf_hook_plugin` WHERE  `status` = 1  AND `hook` IN ('app_begin','module_init','action_begin','view_filter','app_end','log_write','response_end','admin_init','home_init','send_mobile_verification_code','body_start','before_head_end','footer_start','before_footer','before_footer_end','before_body_end','left_sidebar_start','before_left_sidebar_end','right_sidebar_start','before_right_sidebar_end','comment','guestbook','switch_theme','after_content','before_content','log_write_done','switch_admin_theme','captcha_image') ORDER BY `list_order` ASC [ RunTime:0.000723s ]
[2024-12-08T22:35:16+08:00][sql] SHOW FULL COLUMNS FROM `cmf_plugin` [ RunTime:0.001802s ]
[2024-12-08T22:35:16+08:00][sql] SELECT `config` FROM `cmf_plugin` WHERE  `name` = 'Qiniu' LIMIT 1 [ RunTime:0.000510s ]
[2024-12-08T22:35:16+08:00][sql] SHOW FULL COLUMNS FROM `cmf_live` [ RunTime:0.001814s ]
[2024-12-08T22:35:16+08:00][sql] SELECT * FROM `cmf_live` WHERE  ( islive='1' and isrecommend='1' and type='0' and live_type=0 ) [ RunTime:0.000918s ]
[2024-12-08T22:35:16+08:00][sql] SHOW FULL COLUMNS FROM `cmf_slide_item` [ RunTime:0.001538s ]
[2024-12-08T22:35:16+08:00][sql] SELECT * FROM `cmf_slide_item` WHERE  ( status='1' and slide_id='1' ) ORDER BY `list_order` ASC [ RunTime:0.000606s ]
[2024-12-08T22:35:16+08:00][sql] SHOW FULL COLUMNS FROM `cmf_live_class` [ RunTime:0.001257s ]
[2024-12-08T22:35:16+08:00][sql] SELECT * FROM `cmf_live_class` ORDER BY `list_order` LIMIT 5 [ RunTime:0.000448s ]
[2024-12-08T22:35:16+08:00][sql] SELECT * FROM `cmf_live` WHERE  `islive` = 1  AND `live_type` = 0  AND `liveclassid` = 8 ORDER BY `recommend_time` DESC,`starttime` DESC LIMIT 5 [ RunTime:0.000811s ]
[2024-12-08T22:35:16+08:00][sql] SELECT `uid`,`thumb`,`stream`,`title`,`city`,`islive`,`type` FROM `cmf_live` WHERE  ( islive='1' and ishot='1' and live_type=0 ) ORDER BY `isrecommend` DESC,`recommend_time` DESC,`hotvotes` DESC,`starttime` DESC LIMIT 5 [ RunTime:0.000504s ]
[2024-12-08T22:35:16+08:00][sql] SELECT `uid`,`thumb`,`stream`,`title`,`city`,`islive`,`type` FROM `cmf_live` WHERE  ( islive='1' and live_type=0 ) ORDER BY `starttime` DESC LIMIT 5 [ RunTime:0.000426s ]
[2024-12-08T22:35:16+08:00][sql] SHOW FULL COLUMNS FROM `cmf_theme_file` [ RunTime:0.001614s ]
[2024-12-08T22:35:16+08:00][sql] SELECT `more` FROM `cmf_theme_file` WHERE  `theme` = 'default'  AND (  `is_public` = 1 OR `file` = '../home/index/index' ) [ RunTime:0.000551s ]
[2024-12-08T23:03:47+08:00][sql] CONNECT:[ UseTime:0.000650s ] mysql:host=127.0.0.1;port=3306;dbname=zhibo;charset=utf8mb4
[2024-12-08T23:03:47+08:00][sql] SHOW FULL COLUMNS FROM `cmf_hook` [ RunTime:0.001766s ]
[2024-12-08T23:03:47+08:00][sql] SELECT `hook`,`id` FROM `cmf_hook` WHERE  (  (  `app` = '' OR `app` = 'cmf' )  AND `type` = 3 ) OR `type` = 1 [ RunTime:0.000653s ]
[2024-12-08T23:03:47+08:00][sql] SHOW FULL COLUMNS FROM `cmf_hook_plugin` [ RunTime:0.001490s ]
[2024-12-08T23:03:47+08:00][sql] SELECT `hook`,`plugin` FROM `cmf_hook_plugin` WHERE  `status` = 1  AND `hook` IN ('app_begin','module_init','action_begin','view_filter','app_end','log_write','response_end','admin_init','home_init','send_mobile_verification_code','body_start','before_head_end','footer_start','before_footer','before_footer_end','before_body_end','left_sidebar_start','before_left_sidebar_end','right_sidebar_start','before_right_sidebar_end','comment','guestbook','switch_theme','after_content','before_content','log_write_done','switch_admin_theme','captcha_image') ORDER BY `list_order` ASC [ RunTime:0.000710s ]
[2024-12-08T23:03:47+08:00][sql] SHOW FULL COLUMNS FROM `cmf_plugin` [ RunTime:0.001936s ]
[2024-12-08T23:03:47+08:00][sql] SELECT `config` FROM `cmf_plugin` WHERE  `name` = 'Qiniu' LIMIT 1 [ RunTime:0.000497s ]
[2024-12-08T23:03:47+08:00][sql] SHOW FULL COLUMNS FROM `cmf_live` [ RunTime:0.001985s ]
[2024-12-08T23:03:47+08:00][sql] SELECT * FROM `cmf_live` WHERE  ( islive='1' and isrecommend='1' and type='0' and live_type=0 ) [ RunTime:0.000918s ]
[2024-12-08T23:03:47+08:00][sql] SHOW FULL COLUMNS FROM `cmf_slide_item` [ RunTime:0.001614s ]
[2024-12-08T23:03:47+08:00][sql] SELECT * FROM `cmf_slide_item` WHERE  ( status='1' and slide_id='1' ) ORDER BY `list_order` ASC [ RunTime:0.000564s ]
[2024-12-08T23:03:47+08:00][sql] SHOW FULL COLUMNS FROM `cmf_live_class` [ RunTime:0.001417s ]
[2024-12-08T23:03:47+08:00][sql] SELECT * FROM `cmf_live_class` ORDER BY `list_order` LIMIT 5 [ RunTime:0.000436s ]
[2024-12-08T23:03:47+08:00][sql] SELECT * FROM `cmf_live` WHERE  `islive` = 1  AND `live_type` = 0  AND `liveclassid` = 8 ORDER BY `recommend_time` DESC,`starttime` DESC LIMIT 5 [ RunTime:0.000722s ]
[2024-12-08T23:03:47+08:00][sql] SELECT `uid`,`thumb`,`stream`,`title`,`city`,`islive`,`type` FROM `cmf_live` WHERE  ( islive='1' and ishot='1' and live_type=0 ) ORDER BY `isrecommend` DESC,`recommend_time` DESC,`hotvotes` DESC,`starttime` DESC LIMIT 5 [ RunTime:0.000480s ]
[2024-12-08T23:03:47+08:00][sql] SELECT `uid`,`thumb`,`stream`,`title`,`city`,`islive`,`type` FROM `cmf_live` WHERE  ( islive='1' and live_type=0 ) ORDER BY `starttime` DESC LIMIT 5 [ RunTime:0.000389s ]
[2024-12-08T23:03:47+08:00][sql] SHOW FULL COLUMNS FROM `cmf_theme_file` [ RunTime:0.001765s ]
[2024-12-08T23:03:47+08:00][sql] SELECT `more` FROM `cmf_theme_file` WHERE  `theme` = 'default'  AND (  `is_public` = 1 OR `file` = '../home/index/index' ) [ RunTime:0.000516s ]
[2024-12-08T23:17:41+08:00][sql] CONNECT:[ UseTime:0.000662s ] mysql:host=127.0.0.1;port=3306;dbname=zhibo;charset=utf8mb4
[2024-12-08T23:17:41+08:00][sql] SHOW FULL COLUMNS FROM `cmf_hook` [ RunTime:0.001814s ]
[2024-12-08T23:17:41+08:00][sql] SELECT `hook`,`id` FROM `cmf_hook` WHERE  (  (  `app` = '' OR `app` = 'cmf' )  AND `type` = 3 ) OR `type` = 1 [ RunTime:0.000655s ]
[2024-12-08T23:17:41+08:00][sql] SHOW FULL COLUMNS FROM `cmf_hook_plugin` [ RunTime:0.001557s ]
[2024-12-08T23:17:41+08:00][sql] SELECT `hook`,`plugin` FROM `cmf_hook_plugin` WHERE  `status` = 1  AND `hook` IN ('app_begin','module_init','action_begin','view_filter','app_end','log_write','response_end','admin_init','home_init','send_mobile_verification_code','body_start','before_head_end','footer_start','before_footer','before_footer_end','before_body_end','left_sidebar_start','before_left_sidebar_end','right_sidebar_start','before_right_sidebar_end','comment','guestbook','switch_theme','after_content','before_content','log_write_done','switch_admin_theme','captcha_image') ORDER BY `list_order` ASC [ RunTime:0.000719s ]
[2024-12-08T23:17:41+08:00][sql] SHOW FULL COLUMNS FROM `cmf_plugin` [ RunTime:0.001942s ]
[2024-12-08T23:17:41+08:00][sql] SELECT `config` FROM `cmf_plugin` WHERE  `name` = 'Qiniu' LIMIT 1 [ RunTime:0.000478s ]
[2024-12-08T23:17:41+08:00][sql] SHOW FULL COLUMNS FROM `cmf_live` [ RunTime:0.002018s ]
[2024-12-08T23:17:41+08:00][sql] SELECT * FROM `cmf_live` WHERE  ( islive='1' and isrecommend='1' and type='0' and live_type=0 ) [ RunTime:0.000900s ]
[2024-12-08T23:17:41+08:00][sql] SHOW FULL COLUMNS FROM `cmf_slide_item` [ RunTime:0.001628s ]
[2024-12-08T23:17:41+08:00][sql] SELECT * FROM `cmf_slide_item` WHERE  ( status='1' and slide_id='1' ) ORDER BY `list_order` ASC [ RunTime:0.000575s ]
[2024-12-08T23:17:41+08:00][sql] SHOW FULL COLUMNS FROM `cmf_live_class` [ RunTime:0.001326s ]
[2024-12-08T23:17:41+08:00][sql] SELECT * FROM `cmf_live_class` ORDER BY `list_order` LIMIT 5 [ RunTime:0.000432s ]
[2024-12-08T23:17:41+08:00][sql] SELECT * FROM `cmf_live` WHERE  `islive` = 1  AND `live_type` = 0  AND `liveclassid` = 8 ORDER BY `recommend_time` DESC,`starttime` DESC LIMIT 5 [ RunTime:0.000736s ]
[2024-12-08T23:17:41+08:00][sql] SELECT `uid`,`thumb`,`stream`,`title`,`city`,`islive`,`type` FROM `cmf_live` WHERE  ( islive='1' and ishot='1' and live_type=0 ) ORDER BY `isrecommend` DESC,`recommend_time` DESC,`hotvotes` DESC,`starttime` DESC LIMIT 5 [ RunTime:0.000483s ]
[2024-12-08T23:17:41+08:00][sql] SELECT `uid`,`thumb`,`stream`,`title`,`city`,`islive`,`type` FROM `cmf_live` WHERE  ( islive='1' and live_type=0 ) ORDER BY `starttime` DESC LIMIT 5 [ RunTime:0.000418s ]
[2024-12-08T23:17:41+08:00][sql] SHOW FULL COLUMNS FROM `cmf_theme_file` [ RunTime:0.001515s ]
[2024-12-08T23:17:41+08:00][sql] SELECT `more` FROM `cmf_theme_file` WHERE  `theme` = 'default'  AND (  `is_public` = 1 OR `file` = '../home/index/index' ) [ RunTime:0.000558s ]
[2024-12-08T23:43:23+08:00][sql] CONNECT:[ UseTime:0.000682s ] mysql:host=127.0.0.1;port=3306;dbname=zhibo;charset=utf8mb4
[2024-12-08T23:43:23+08:00][sql] SHOW FULL COLUMNS FROM `cmf_hook` [ RunTime:0.001590s ]
[2024-12-08T23:43:23+08:00][sql] SELECT `hook`,`id` FROM `cmf_hook` WHERE  (  (  `app` = '' OR `app` = 'cmf' )  AND `type` = 3 ) OR `type` = 1 [ RunTime:0.000686s ]
[2024-12-08T23:43:23+08:00][sql] SHOW FULL COLUMNS FROM `cmf_hook_plugin` [ RunTime:0.001289s ]
[2024-12-08T23:43:23+08:00][sql] SELECT `hook`,`plugin` FROM `cmf_hook_plugin` WHERE  `status` = 1  AND `hook` IN ('app_begin','module_init','action_begin','view_filter','app_end','log_write','response_end','admin_init','home_init','send_mobile_verification_code','body_start','before_head_end','footer_start','before_footer','before_footer_end','before_body_end','left_sidebar_start','before_left_sidebar_end','right_sidebar_start','before_right_sidebar_end','comment','guestbook','switch_theme','after_content','before_content','log_write_done','switch_admin_theme','captcha_image') ORDER BY `list_order` ASC [ RunTime:0.000743s ]
[2024-12-08T23:44:32+08:00][sql] CONNECT:[ UseTime:0.000684s ] mysql:host=127.0.0.1;port=3306;dbname=zhibo;charset=utf8mb4
[2024-12-08T23:44:32+08:00][sql] SHOW FULL COLUMNS FROM `cmf_hook` [ RunTime:0.001609s ]
[2024-12-08T23:44:32+08:00][sql] SELECT `hook`,`id` FROM `cmf_hook` WHERE  (  (  `app` = '' OR `app` = 'cmf' )  AND `type` = 3 ) OR `type` = 1 [ RunTime:0.000698s ]
[2024-12-08T23:44:32+08:00][sql] SHOW FULL COLUMNS FROM `cmf_hook_plugin` [ RunTime:0.001320s ]
[2024-12-08T23:44:32+08:00][sql] SELECT `hook`,`plugin` FROM `cmf_hook_plugin` WHERE  `status` = 1  AND `hook` IN ('app_begin','module_init','action_begin','view_filter','app_end','log_write','response_end','admin_init','home_init','send_mobile_verification_code','body_start','before_head_end','footer_start','before_footer','before_footer_end','before_body_end','left_sidebar_start','before_left_sidebar_end','right_sidebar_start','before_right_sidebar_end','comment','guestbook','switch_theme','after_content','before_content','log_write_done','switch_admin_theme','captcha_image') ORDER BY `list_order` ASC [ RunTime:0.000821s ]
