[2024-12-09T00:40:10+08:00][sql] CONNECT:[ UseTime:0.000777s ] mysql:host=127.0.0.1;port=3306;dbname=zhibo;charset=utf8mb4
[2024-12-09T00:40:10+08:00][sql] SHOW FULL COLUMNS FROM `cmf_hook` [ RunTime:0.001900s ]
[2024-12-09T00:40:10+08:00][sql] SELECT `hook`,`id` FROM `cmf_hook` WHERE  (  (  `app` = '' OR `app` = 'cmf' )  AND `type` = 3 ) OR `type` = 1 [ RunTime:0.000653s ]
[2024-12-09T00:40:10+08:00][sql] SHOW FULL COLUMNS FROM `cmf_hook_plugin` [ RunTime:0.001491s ]
[2024-12-09T00:40:10+08:00][sql] SELECT `hook`,`plugin` FROM `cmf_hook_plugin` WHERE  `status` = 1  AND `hook` IN ('app_begin','module_init','action_begin','view_filter','app_end','log_write','response_end','admin_init','home_init','send_mobile_verification_code','body_start','before_head_end','footer_start','before_footer','before_footer_end','before_body_end','left_sidebar_start','before_left_sidebar_end','right_sidebar_start','before_right_sidebar_end','comment','guestbook','switch_theme','after_content','before_content','log_write_done','switch_admin_theme','captcha_image') ORDER BY `list_order` ASC [ RunTime:0.000707s ]
[2024-12-09T00:40:10+08:00][sql] SHOW FULL COLUMNS FROM `cmf_plugin` [ RunTime:0.001940s ]
[2024-12-09T00:40:10+08:00][sql] SELECT `config` FROM `cmf_plugin` WHERE  `name` = 'Qiniu' LIMIT 1 [ RunTime:0.000473s ]
[2024-12-09T00:40:10+08:00][sql] SHOW FULL COLUMNS FROM `cmf_live` [ RunTime:0.001968s ]
[2024-12-09T00:40:10+08:00][sql] SELECT * FROM `cmf_live` WHERE  ( islive='1' and isrecommend='1' and type='0' and live_type=0 ) [ RunTime:0.000921s ]
[2024-12-09T00:40:10+08:00][sql] SHOW FULL COLUMNS FROM `cmf_slide_item` [ RunTime:0.001681s ]
[2024-12-09T00:40:10+08:00][sql] SELECT * FROM `cmf_slide_item` WHERE  ( status='1' and slide_id='1' ) ORDER BY `list_order` ASC [ RunTime:0.000619s ]
[2024-12-09T00:40:10+08:00][sql] SHOW FULL COLUMNS FROM `cmf_live_class` [ RunTime:0.001440s ]
[2024-12-09T00:40:10+08:00][sql] SELECT * FROM `cmf_live_class` ORDER BY `list_order` LIMIT 5 [ RunTime:0.000459s ]
[2024-12-09T00:40:10+08:00][sql] SELECT * FROM `cmf_live` WHERE  `islive` = 1  AND `live_type` = 0  AND `liveclassid` = 8 ORDER BY `recommend_time` DESC,`starttime` DESC LIMIT 5 [ RunTime:0.000747s ]
[2024-12-09T00:40:10+08:00][sql] SELECT `uid`,`thumb`,`stream`,`title`,`city`,`islive`,`type` FROM `cmf_live` WHERE  ( islive='1' and ishot='1' and live_type=0 ) ORDER BY `isrecommend` DESC,`recommend_time` DESC,`hotvotes` DESC,`starttime` DESC LIMIT 5 [ RunTime:0.000496s ]
[2024-12-09T00:40:10+08:00][sql] SELECT `uid`,`thumb`,`stream`,`title`,`city`,`islive`,`type` FROM `cmf_live` WHERE  ( islive='1' and live_type=0 ) ORDER BY `starttime` DESC LIMIT 5 [ RunTime:0.000386s ]
[2024-12-09T00:40:10+08:00][sql] SHOW FULL COLUMNS FROM `cmf_theme_file` [ RunTime:0.001734s ]
[2024-12-09T00:40:10+08:00][sql] SELECT `more` FROM `cmf_theme_file` WHERE  `theme` = 'default'  AND (  `is_public` = 1 OR `file` = '../home/index/index' ) [ RunTime:0.000510s ]
[2024-12-09T01:34:29+08:00][sql] CONNECT:[ UseTime:0.000703s ] mysql:host=127.0.0.1;port=3306;dbname=zhibo;charset=utf8mb4
[2024-12-09T01:34:29+08:00][sql] SHOW FULL COLUMNS FROM `cmf_hook` [ RunTime:0.001860s ]
[2024-12-09T01:34:29+08:00][sql] SELECT `hook`,`id` FROM `cmf_hook` WHERE  (  (  `app` = '' OR `app` = 'cmf' )  AND `type` = 3 ) OR `type` = 1 [ RunTime:0.000650s ]
[2024-12-09T01:34:29+08:00][sql] SHOW FULL COLUMNS FROM `cmf_hook_plugin` [ RunTime:0.001521s ]
[2024-12-09T01:34:29+08:00][sql] SELECT `hook`,`plugin` FROM `cmf_hook_plugin` WHERE  `status` = 1  AND `hook` IN ('app_begin','module_init','action_begin','view_filter','app_end','log_write','response_end','admin_init','home_init','send_mobile_verification_code','body_start','before_head_end','footer_start','before_footer','before_footer_end','before_body_end','left_sidebar_start','before_left_sidebar_end','right_sidebar_start','before_right_sidebar_end','comment','guestbook','switch_theme','after_content','before_content','log_write_done','switch_admin_theme','captcha_image') ORDER BY `list_order` ASC [ RunTime:0.000704s ]
[2024-12-09T01:42:33+08:00][sql] CONNECT:[ UseTime:0.000697s ] mysql:host=127.0.0.1;port=3306;dbname=zhibo;charset=utf8mb4
[2024-12-09T01:42:33+08:00][sql] SHOW FULL COLUMNS FROM `cmf_hook` [ RunTime:0.001810s ]
[2024-12-09T01:42:33+08:00][sql] SELECT `hook`,`id` FROM `cmf_hook` WHERE  (  (  `app` = '' OR `app` = 'cmf' )  AND `type` = 3 ) OR `type` = 1 [ RunTime:0.000674s ]
[2024-12-09T01:42:33+08:00][sql] SHOW FULL COLUMNS FROM `cmf_hook_plugin` [ RunTime:0.001458s ]
[2024-12-09T01:42:33+08:00][sql] SELECT `hook`,`plugin` FROM `cmf_hook_plugin` WHERE  `status` = 1  AND `hook` IN ('app_begin','module_init','action_begin','view_filter','app_end','log_write','response_end','admin_init','home_init','send_mobile_verification_code','body_start','before_head_end','footer_start','before_footer','before_footer_end','before_body_end','left_sidebar_start','before_left_sidebar_end','right_sidebar_start','before_right_sidebar_end','comment','guestbook','switch_theme','after_content','before_content','log_write_done','switch_admin_theme','captcha_image') ORDER BY `list_order` ASC [ RunTime:0.000717s ]
[2024-12-09T01:43:54+08:00][sql] CONNECT:[ UseTime:0.000695s ] mysql:host=127.0.0.1;port=3306;dbname=zhibo;charset=utf8mb4
[2024-12-09T01:43:54+08:00][sql] SHOW FULL COLUMNS FROM `cmf_hook` [ RunTime:0.001794s ]
[2024-12-09T01:43:54+08:00][sql] SELECT `hook`,`id` FROM `cmf_hook` WHERE  (  (  `app` = '' OR `app` = 'cmf' )  AND `type` = 3 ) OR `type` = 1 [ RunTime:0.000627s ]
[2024-12-09T01:43:54+08:00][sql] SHOW FULL COLUMNS FROM `cmf_hook_plugin` [ RunTime:0.001506s ]
[2024-12-09T01:43:54+08:00][sql] SELECT `hook`,`plugin` FROM `cmf_hook_plugin` WHERE  `status` = 1  AND `hook` IN ('app_begin','module_init','action_begin','view_filter','app_end','log_write','response_end','admin_init','home_init','send_mobile_verification_code','body_start','before_head_end','footer_start','before_footer','before_footer_end','before_body_end','left_sidebar_start','before_left_sidebar_end','right_sidebar_start','before_right_sidebar_end','comment','guestbook','switch_theme','after_content','before_content','log_write_done','switch_admin_theme','captcha_image') ORDER BY `list_order` ASC [ RunTime:0.000704s ]
[2024-12-09T01:54:31+08:00][sql] CONNECT:[ UseTime:0.000775s ] mysql:host=127.0.0.1;port=3306;dbname=zhibo;charset=utf8mb4
[2024-12-09T01:54:31+08:00][sql] SHOW FULL COLUMNS FROM `cmf_hook` [ RunTime:0.001857s ]
[2024-12-09T01:54:31+08:00][sql] SELECT `hook`,`id` FROM `cmf_hook` WHERE  (  (  `app` = '' OR `app` = 'cmf' )  AND `type` = 3 ) OR `type` = 1 [ RunTime:0.000673s ]
[2024-12-09T01:54:31+08:00][sql] SHOW FULL COLUMNS FROM `cmf_hook_plugin` [ RunTime:0.001492s ]
[2024-12-09T01:54:31+08:00][sql] SELECT `hook`,`plugin` FROM `cmf_hook_plugin` WHERE  `status` = 1  AND `hook` IN ('app_begin','module_init','action_begin','view_filter','app_end','log_write','response_end','admin_init','home_init','send_mobile_verification_code','body_start','before_head_end','footer_start','before_footer','before_footer_end','before_body_end','left_sidebar_start','before_left_sidebar_end','right_sidebar_start','before_right_sidebar_end','comment','guestbook','switch_theme','after_content','before_content','log_write_done','switch_admin_theme','captcha_image') ORDER BY `list_order` ASC [ RunTime:0.000719s ]
[2024-12-09T01:54:31+08:00][sql] SHOW FULL COLUMNS FROM `cmf_plugin` [ RunTime:0.001968s ]
[2024-12-09T01:54:31+08:00][sql] SELECT `config` FROM `cmf_plugin` WHERE  `name` = 'Qiniu' LIMIT 1 [ RunTime:0.000490s ]
[2024-12-09T01:54:31+08:00][sql] SHOW FULL COLUMNS FROM `cmf_live` [ RunTime:0.002013s ]
[2024-12-09T01:54:31+08:00][sql] SELECT * FROM `cmf_live` WHERE  ( islive='1' and isrecommend='1' and type='0' and live_type=0 ) [ RunTime:0.000916s ]
[2024-12-09T01:54:31+08:00][sql] SHOW FULL COLUMNS FROM `cmf_slide_item` [ RunTime:0.001568s ]
[2024-12-09T01:54:31+08:00][sql] SELECT * FROM `cmf_slide_item` WHERE  ( status='1' and slide_id='1' ) ORDER BY `list_order` ASC [ RunTime:0.000615s ]
[2024-12-09T01:54:31+08:00][sql] SHOW FULL COLUMNS FROM `cmf_live_class` [ RunTime:0.001370s ]
[2024-12-09T01:54:31+08:00][sql] SELECT * FROM `cmf_live_class` ORDER BY `list_order` LIMIT 5 [ RunTime:0.000433s ]
[2024-12-09T01:54:31+08:00][sql] SELECT * FROM `cmf_live` WHERE  `islive` = 1  AND `live_type` = 0  AND `liveclassid` = 8 ORDER BY `recommend_time` DESC,`starttime` DESC LIMIT 5 [ RunTime:0.000716s ]
[2024-12-09T01:54:31+08:00][sql] SELECT `uid`,`thumb`,`stream`,`title`,`city`,`islive`,`type` FROM `cmf_live` WHERE  ( islive='1' and ishot='1' and live_type=0 ) ORDER BY `isrecommend` DESC,`recommend_time` DESC,`hotvotes` DESC,`starttime` DESC LIMIT 5 [ RunTime:0.000489s ]
[2024-12-09T01:54:31+08:00][sql] SELECT `uid`,`thumb`,`stream`,`title`,`city`,`islive`,`type` FROM `cmf_live` WHERE  ( islive='1' and live_type=0 ) ORDER BY `starttime` DESC LIMIT 5 [ RunTime:0.000393s ]
[2024-12-09T01:54:31+08:00][sql] SHOW FULL COLUMNS FROM `cmf_theme_file` [ RunTime:0.001640s ]
[2024-12-09T01:54:31+08:00][sql] SELECT `more` FROM `cmf_theme_file` WHERE  `theme` = 'default'  AND (  `is_public` = 1 OR `file` = '../home/index/index' ) [ RunTime:0.000536s ]
[2024-12-09T02:09:57+08:00][sql] CONNECT:[ UseTime:0.000747s ] mysql:host=127.0.0.1;port=3306;dbname=zhibo;charset=utf8mb4
[2024-12-09T02:09:57+08:00][sql] SHOW FULL COLUMNS FROM `cmf_hook` [ RunTime:0.001952s ]
[2024-12-09T02:09:57+08:00][sql] SELECT `hook`,`id` FROM `cmf_hook` WHERE  (  (  `app` = '' OR `app` = 'cmf' )  AND `type` = 3 ) OR `type` = 1 [ RunTime:0.000654s ]
[2024-12-09T02:09:57+08:00][sql] SHOW FULL COLUMNS FROM `cmf_hook_plugin` [ RunTime:0.001505s ]
[2024-12-09T02:09:57+08:00][sql] SELECT `hook`,`plugin` FROM `cmf_hook_plugin` WHERE  `status` = 1  AND `hook` IN ('app_begin','module_init','action_begin','view_filter','app_end','log_write','response_end','admin_init','home_init','send_mobile_verification_code','body_start','before_head_end','footer_start','before_footer','before_footer_end','before_body_end','left_sidebar_start','before_left_sidebar_end','right_sidebar_start','before_right_sidebar_end','comment','guestbook','switch_theme','after_content','before_content','log_write_done','switch_admin_theme','captcha_image') ORDER BY `list_order` ASC [ RunTime:0.000714s ]
[2024-12-09T02:09:57+08:00][sql] SHOW FULL COLUMNS FROM `cmf_plugin` [ RunTime:0.001982s ]
[2024-12-09T02:09:57+08:00][sql] SELECT `config` FROM `cmf_plugin` WHERE  `name` = 'Qiniu' LIMIT 1 [ RunTime:0.000476s ]
[2024-12-09T02:09:57+08:00][sql] SHOW FULL COLUMNS FROM `cmf_live` [ RunTime:0.002011s ]
[2024-12-09T02:09:57+08:00][sql] SELECT * FROM `cmf_live` WHERE  ( islive='1' and isrecommend='1' and type='0' and live_type=0 ) [ RunTime:0.000881s ]
[2024-12-09T02:09:57+08:00][sql] SHOW FULL COLUMNS FROM `cmf_slide_item` [ RunTime:0.001658s ]
[2024-12-09T02:09:57+08:00][sql] SELECT * FROM `cmf_slide_item` WHERE  ( status='1' and slide_id='1' ) ORDER BY `list_order` ASC [ RunTime:0.000567s ]
[2024-12-09T02:09:57+08:00][sql] SHOW FULL COLUMNS FROM `cmf_live_class` [ RunTime:0.001405s ]
[2024-12-09T02:09:57+08:00][sql] SELECT * FROM `cmf_live_class` ORDER BY `list_order` LIMIT 5 [ RunTime:0.000432s ]
[2024-12-09T02:09:57+08:00][sql] SELECT * FROM `cmf_live` WHERE  `islive` = 1  AND `live_type` = 0  AND `liveclassid` = 8 ORDER BY `recommend_time` DESC,`starttime` DESC LIMIT 5 [ RunTime:0.000752s ]
[2024-12-09T02:09:57+08:00][sql] SELECT `uid`,`thumb`,`stream`,`title`,`city`,`islive`,`type` FROM `cmf_live` WHERE  ( islive='1' and ishot='1' and live_type=0 ) ORDER BY `isrecommend` DESC,`recommend_time` DESC,`hotvotes` DESC,`starttime` DESC LIMIT 5 [ RunTime:0.000494s ]
[2024-12-09T02:09:57+08:00][sql] SELECT `uid`,`thumb`,`stream`,`title`,`city`,`islive`,`type` FROM `cmf_live` WHERE  ( islive='1' and live_type=0 ) ORDER BY `starttime` DESC LIMIT 5 [ RunTime:0.000391s ]
[2024-12-09T02:09:57+08:00][sql] SHOW FULL COLUMNS FROM `cmf_theme_file` [ RunTime:0.001739s ]
[2024-12-09T02:09:57+08:00][sql] SELECT `more` FROM `cmf_theme_file` WHERE  `theme` = 'default'  AND (  `is_public` = 1 OR `file` = '../home/index/index' ) [ RunTime:0.000484s ]
[2024-12-09T02:48:29+08:00][sql] CONNECT:[ UseTime:0.000637s ] mysql:host=127.0.0.1;port=3306;dbname=zhibo;charset=utf8mb4
[2024-12-09T02:48:29+08:00][sql] SHOW FULL COLUMNS FROM `cmf_hook` [ RunTime:0.001933s ]
[2024-12-09T02:48:29+08:00][sql] SELECT `hook`,`id` FROM `cmf_hook` WHERE  (  (  `app` = '' OR `app` = 'cmf' )  AND `type` = 3 ) OR `type` = 1 [ RunTime:0.000650s ]
[2024-12-09T02:48:29+08:00][sql] SHOW FULL COLUMNS FROM `cmf_hook_plugin` [ RunTime:0.001542s ]
[2024-12-09T02:48:29+08:00][sql] SELECT `hook`,`plugin` FROM `cmf_hook_plugin` WHERE  `status` = 1  AND `hook` IN ('app_begin','module_init','action_begin','view_filter','app_end','log_write','response_end','admin_init','home_init','send_mobile_verification_code','body_start','before_head_end','footer_start','before_footer','before_footer_end','before_body_end','left_sidebar_start','before_left_sidebar_end','right_sidebar_start','before_right_sidebar_end','comment','guestbook','switch_theme','after_content','before_content','log_write_done','switch_admin_theme','captcha_image') ORDER BY `list_order` ASC [ RunTime:0.000693s ]
[2024-12-09T02:48:29+08:00][sql] SHOW FULL COLUMNS FROM `cmf_plugin` [ RunTime:0.001984s ]
[2024-12-09T02:48:29+08:00][sql] SELECT `config` FROM `cmf_plugin` WHERE  `name` = 'Qiniu' LIMIT 1 [ RunTime:0.000492s ]
[2024-12-09T02:48:29+08:00][sql] SHOW FULL COLUMNS FROM `cmf_live` [ RunTime:0.002005s ]
[2024-12-09T02:48:29+08:00][sql] SELECT * FROM `cmf_live` WHERE  ( islive='1' and isrecommend='1' and type='0' and live_type=0 ) [ RunTime:0.000908s ]
[2024-12-09T02:48:29+08:00][sql] SHOW FULL COLUMNS FROM `cmf_slide_item` [ RunTime:0.001636s ]
[2024-12-09T02:48:29+08:00][sql] SELECT * FROM `cmf_slide_item` WHERE  ( status='1' and slide_id='1' ) ORDER BY `list_order` ASC [ RunTime:0.000572s ]
[2024-12-09T02:48:29+08:00][sql] SHOW FULL COLUMNS FROM `cmf_live_class` [ RunTime:0.001415s ]
[2024-12-09T02:48:29+08:00][sql] SELECT * FROM `cmf_live_class` ORDER BY `list_order` LIMIT 5 [ RunTime:0.000414s ]
[2024-12-09T02:48:29+08:00][sql] SELECT * FROM `cmf_live` WHERE  `islive` = 1  AND `live_type` = 0  AND `liveclassid` = 8 ORDER BY `recommend_time` DESC,`starttime` DESC LIMIT 5 [ RunTime:0.000715s ]
[2024-12-09T02:48:29+08:00][sql] SELECT `uid`,`thumb`,`stream`,`title`,`city`,`islive`,`type` FROM `cmf_live` WHERE  ( islive='1' and ishot='1' and live_type=0 ) ORDER BY `isrecommend` DESC,`recommend_time` DESC,`hotvotes` DESC,`starttime` DESC LIMIT 5 [ RunTime:0.000490s ]
[2024-12-09T02:48:29+08:00][sql] SELECT `uid`,`thumb`,`stream`,`title`,`city`,`islive`,`type` FROM `cmf_live` WHERE  ( islive='1' and live_type=0 ) ORDER BY `starttime` DESC LIMIT 5 [ RunTime:0.000386s ]
[2024-12-09T02:48:29+08:00][sql] SHOW FULL COLUMNS FROM `cmf_theme_file` [ RunTime:0.001746s ]
[2024-12-09T02:48:29+08:00][sql] SELECT `more` FROM `cmf_theme_file` WHERE  `theme` = 'default'  AND (  `is_public` = 1 OR `file` = '../home/index/index' ) [ RunTime:0.000502s ]
[2024-12-09T04:57:09+08:00][sql] CONNECT:[ UseTime:0.000667s ] mysql:host=127.0.0.1;port=3306;dbname=zhibo;charset=utf8mb4
[2024-12-09T04:57:09+08:00][sql] SHOW FULL COLUMNS FROM `cmf_hook` [ RunTime:0.001862s ]
[2024-12-09T04:57:09+08:00][sql] SELECT `hook`,`id` FROM `cmf_hook` WHERE  (  (  `app` = '' OR `app` = 'cmf' )  AND `type` = 3 ) OR `type` = 1 [ RunTime:0.000676s ]
[2024-12-09T04:57:09+08:00][sql] SHOW FULL COLUMNS FROM `cmf_hook_plugin` [ RunTime:0.001533s ]
[2024-12-09T04:57:09+08:00][sql] SELECT `hook`,`plugin` FROM `cmf_hook_plugin` WHERE  `status` = 1  AND `hook` IN ('app_begin','module_init','action_begin','view_filter','app_end','log_write','response_end','admin_init','home_init','send_mobile_verification_code','body_start','before_head_end','footer_start','before_footer','before_footer_end','before_body_end','left_sidebar_start','before_left_sidebar_end','right_sidebar_start','before_right_sidebar_end','comment','guestbook','switch_theme','after_content','before_content','log_write_done','switch_admin_theme','captcha_image') ORDER BY `list_order` ASC [ RunTime:0.000773s ]
[2024-12-09T04:58:06+08:00][sql] CONNECT:[ UseTime:0.000663s ] mysql:host=127.0.0.1;port=3306;dbname=zhibo;charset=utf8mb4
[2024-12-09T04:58:06+08:00][sql] SHOW FULL COLUMNS FROM `cmf_hook` [ RunTime:0.001862s ]
[2024-12-09T04:58:06+08:00][sql] SELECT `hook`,`id` FROM `cmf_hook` WHERE  (  (  `app` = '' OR `app` = 'cmf' )  AND `type` = 3 ) OR `type` = 1 [ RunTime:0.000664s ]
[2024-12-09T04:58:06+08:00][sql] SHOW FULL COLUMNS FROM `cmf_hook_plugin` [ RunTime:0.001511s ]
[2024-12-09T04:58:06+08:00][sql] SELECT `hook`,`plugin` FROM `cmf_hook_plugin` WHERE  `status` = 1  AND `hook` IN ('app_begin','module_init','action_begin','view_filter','app_end','log_write','response_end','admin_init','home_init','send_mobile_verification_code','body_start','before_head_end','footer_start','before_footer','before_footer_end','before_body_end','left_sidebar_start','before_left_sidebar_end','right_sidebar_start','before_right_sidebar_end','comment','guestbook','switch_theme','after_content','before_content','log_write_done','switch_admin_theme','captcha_image') ORDER BY `list_order` ASC [ RunTime:0.000689s ]
[2024-12-09T06:00:02+08:00][sql] CONNECT:[ UseTime:0.000752s ] mysql:host=127.0.0.1;port=3306;dbname=zhibo;charset=utf8mb4
[2024-12-09T06:00:02+08:00][sql] SHOW FULL COLUMNS FROM `cmf_hook` [ RunTime:0.001943s ]
[2024-12-09T06:00:02+08:00][sql] SELECT `hook`,`id` FROM `cmf_hook` WHERE  (  (  `app` = '' OR `app` = 'cmf' )  AND `type` = 3 ) OR `type` = 1 [ RunTime:0.000729s ]
[2024-12-09T06:00:02+08:00][sql] SHOW FULL COLUMNS FROM `cmf_hook_plugin` [ RunTime:0.001605s ]
[2024-12-09T06:00:02+08:00][sql] SELECT `hook`,`plugin` FROM `cmf_hook_plugin` WHERE  `status` = 1  AND `hook` IN ('app_begin','module_init','action_begin','view_filter','app_end','log_write','response_end','admin_init','home_init','send_mobile_verification_code','body_start','before_head_end','footer_start','before_footer','before_footer_end','before_body_end','left_sidebar_start','before_left_sidebar_end','right_sidebar_start','before_right_sidebar_end','comment','guestbook','switch_theme','after_content','before_content','log_write_done','switch_admin_theme','captcha_image') ORDER BY `list_order` ASC [ RunTime:0.000725s ]
[2024-12-09T06:00:02+08:00][sql] SHOW FULL COLUMNS FROM `cmf_plugin` [ RunTime:0.002123s ]
[2024-12-09T06:00:02+08:00][sql] SELECT `config` FROM `cmf_plugin` WHERE  `name` = 'Qiniu' LIMIT 1 [ RunTime:0.000563s ]
[2024-12-09T06:00:02+08:00][sql] SHOW FULL COLUMNS FROM `cmf_live` [ RunTime:0.002124s ]
[2024-12-09T06:00:02+08:00][sql] SELECT * FROM `cmf_live` WHERE  ( islive='1' and isrecommend='1' and type='0' and live_type=0 ) [ RunTime:0.001037s ]
[2024-12-09T06:00:02+08:00][sql] SHOW FULL COLUMNS FROM `cmf_slide_item` [ RunTime:0.001714s ]
[2024-12-09T06:00:02+08:00][sql] SELECT * FROM `cmf_slide_item` WHERE  ( status='1' and slide_id='1' ) ORDER BY `list_order` ASC [ RunTime:0.000664s ]
[2024-12-09T06:00:02+08:00][sql] SHOW FULL COLUMNS FROM `cmf_live_class` [ RunTime:0.001516s ]
[2024-12-09T06:00:02+08:00][sql] SELECT * FROM `cmf_live_class` ORDER BY `list_order` LIMIT 5 [ RunTime:0.000484s ]
[2024-12-09T06:00:02+08:00][sql] SELECT * FROM `cmf_live` WHERE  `islive` = 1  AND `live_type` = 0  AND `liveclassid` = 8 ORDER BY `recommend_time` DESC,`starttime` DESC LIMIT 5 [ RunTime:0.000810s ]
[2024-12-09T06:00:02+08:00][sql] SELECT `uid`,`thumb`,`stream`,`title`,`city`,`islive`,`type` FROM `cmf_live` WHERE  ( islive='1' and ishot='1' and live_type=0 ) ORDER BY `isrecommend` DESC,`recommend_time` DESC,`hotvotes` DESC,`starttime` DESC LIMIT 5 [ RunTime:0.000542s ]
[2024-12-09T06:00:02+08:00][sql] SELECT `uid`,`thumb`,`stream`,`title`,`city`,`islive`,`type` FROM `cmf_live` WHERE  ( islive='1' and live_type=0 ) ORDER BY `starttime` DESC LIMIT 5 [ RunTime:0.000455s ]
[2024-12-09T06:00:02+08:00][sql] SHOW FULL COLUMNS FROM `cmf_theme_file` [ RunTime:0.001894s ]
[2024-12-09T06:00:02+08:00][sql] SELECT `more` FROM `cmf_theme_file` WHERE  `theme` = 'default'  AND (  `is_public` = 1 OR `file` = '../home/index/index' ) [ RunTime:0.000615s ]
[2024-12-09T06:00:03+08:00][sql] CONNECT:[ UseTime:0.000685s ] mysql:host=127.0.0.1;port=3306;dbname=zhibo;charset=utf8mb4
[2024-12-09T06:00:03+08:00][sql] SHOW FULL COLUMNS FROM `cmf_hook` [ RunTime:0.001752s ]
[2024-12-09T06:00:03+08:00][sql] SELECT `hook`,`id` FROM `cmf_hook` WHERE  (  (  `app` = '' OR `app` = 'cmf' )  AND `type` = 3 ) OR `type` = 1 [ RunTime:0.000663s ]
[2024-12-09T06:00:03+08:00][sql] SHOW FULL COLUMNS FROM `cmf_hook_plugin` [ RunTime:0.001436s ]
[2024-12-09T06:00:03+08:00][sql] SELECT `hook`,`plugin` FROM `cmf_hook_plugin` WHERE  `status` = 1  AND `hook` IN ('app_begin','module_init','action_begin','view_filter','app_end','log_write','response_end','admin_init','home_init','send_mobile_verification_code','body_start','before_head_end','footer_start','before_footer','before_footer_end','before_body_end','left_sidebar_start','before_left_sidebar_end','right_sidebar_start','before_right_sidebar_end','comment','guestbook','switch_theme','after_content','before_content','log_write_done','switch_admin_theme','captcha_image') ORDER BY `list_order` ASC [ RunTime:0.000688s ]
[2024-12-09T06:00:03+08:00][sql] CONNECT:[ UseTime:0.000691s ] mysql:host=127.0.0.1;port=3306;dbname=zhibo;charset=utf8mb4
[2024-12-09T06:00:03+08:00][sql] SHOW FULL COLUMNS FROM `cmf_hook` [ RunTime:0.001828s ]
[2024-12-09T06:00:03+08:00][sql] SELECT `hook`,`id` FROM `cmf_hook` WHERE  (  (  `app` = '' OR `app` = 'cmf' )  AND `type` = 3 ) OR `type` = 1 [ RunTime:0.000647s ]
[2024-12-09T06:00:03+08:00][sql] SHOW FULL COLUMNS FROM `cmf_hook_plugin` [ RunTime:0.001502s ]
[2024-12-09T06:00:03+08:00][sql] SELECT `hook`,`plugin` FROM `cmf_hook_plugin` WHERE  `status` = 1  AND `hook` IN ('app_begin','module_init','action_begin','view_filter','app_end','log_write','response_end','admin_init','home_init','send_mobile_verification_code','body_start','before_head_end','footer_start','before_footer','before_footer_end','before_body_end','left_sidebar_start','before_left_sidebar_end','right_sidebar_start','before_right_sidebar_end','comment','guestbook','switch_theme','after_content','before_content','log_write_done','switch_admin_theme','captcha_image') ORDER BY `list_order` ASC [ RunTime:0.000720s ]
[2024-12-09T06:00:04+08:00][sql] CONNECT:[ UseTime:0.000658s ] mysql:host=127.0.0.1;port=3306;dbname=zhibo;charset=utf8mb4
[2024-12-09T06:00:04+08:00][sql] SHOW FULL COLUMNS FROM `cmf_hook` [ RunTime:0.001868s ]
[2024-12-09T06:00:04+08:00][sql] SELECT `hook`,`id` FROM `cmf_hook` WHERE  (  (  `app` = '' OR `app` = 'cmf' )  AND `type` = 3 ) OR `type` = 1 [ RunTime:0.000662s ]
[2024-12-09T06:00:04+08:00][sql] SHOW FULL COLUMNS FROM `cmf_hook_plugin` [ RunTime:0.001397s ]
[2024-12-09T06:00:04+08:00][sql] SELECT `hook`,`plugin` FROM `cmf_hook_plugin` WHERE  `status` = 1  AND `hook` IN ('app_begin','module_init','action_begin','view_filter','app_end','log_write','response_end','admin_init','home_init','send_mobile_verification_code','body_start','before_head_end','footer_start','before_footer','before_footer_end','before_body_end','left_sidebar_start','before_left_sidebar_end','right_sidebar_start','before_right_sidebar_end','comment','guestbook','switch_theme','after_content','before_content','log_write_done','switch_admin_theme','captcha_image') ORDER BY `list_order` ASC [ RunTime:0.000759s ]
[2024-12-09T06:00:04+08:00][sql] CONNECT:[ UseTime:0.000700s ] mysql:host=127.0.0.1;port=3306;dbname=zhibo;charset=utf8mb4
[2024-12-09T06:00:04+08:00][sql] SHOW FULL COLUMNS FROM `cmf_hook` [ RunTime:0.001760s ]
[2024-12-09T06:00:04+08:00][sql] SELECT `hook`,`id` FROM `cmf_hook` WHERE  (  (  `app` = '' OR `app` = 'cmf' )  AND `type` = 3 ) OR `type` = 1 [ RunTime:0.000741s ]
[2024-12-09T06:00:04+08:00][sql] SHOW FULL COLUMNS FROM `cmf_hook_plugin` [ RunTime:0.001436s ]
[2024-12-09T06:00:04+08:00][sql] SELECT `hook`,`plugin` FROM `cmf_hook_plugin` WHERE  `status` = 1  AND `hook` IN ('app_begin','module_init','action_begin','view_filter','app_end','log_write','response_end','admin_init','home_init','send_mobile_verification_code','body_start','before_head_end','footer_start','before_footer','before_footer_end','before_body_end','left_sidebar_start','before_left_sidebar_end','right_sidebar_start','before_right_sidebar_end','comment','guestbook','switch_theme','after_content','before_content','log_write_done','switch_admin_theme','captcha_image') ORDER BY `list_order` ASC [ RunTime:0.000832s ]
[2024-12-09T06:00:04+08:00][sql] CONNECT:[ UseTime:0.000688s ] mysql:host=127.0.0.1;port=3306;dbname=zhibo;charset=utf8mb4
[2024-12-09T06:00:04+08:00][sql] SHOW FULL COLUMNS FROM `cmf_hook` [ RunTime:0.001614s ]
[2024-12-09T06:00:04+08:00][sql] SELECT `hook`,`id` FROM `cmf_hook` WHERE  (  (  `app` = '' OR `app` = 'cmf' )  AND `type` = 3 ) OR `type` = 1 [ RunTime:0.000706s ]
[2024-12-09T06:00:04+08:00][sql] SHOW FULL COLUMNS FROM `cmf_hook_plugin` [ RunTime:0.001355s ]
[2024-12-09T06:00:04+08:00][sql] SELECT `hook`,`plugin` FROM `cmf_hook_plugin` WHERE  `status` = 1  AND `hook` IN ('app_begin','module_init','action_begin','view_filter','app_end','log_write','response_end','admin_init','home_init','send_mobile_verification_code','body_start','before_head_end','footer_start','before_footer','before_footer_end','before_body_end','left_sidebar_start','before_left_sidebar_end','right_sidebar_start','before_right_sidebar_end','comment','guestbook','switch_theme','after_content','before_content','log_write_done','switch_admin_theme','captcha_image') ORDER BY `list_order` ASC [ RunTime:0.000752s ]
[2024-12-09T06:00:04+08:00][sql] CONNECT:[ UseTime:0.000722s ] mysql:host=127.0.0.1;port=3306;dbname=zhibo;charset=utf8mb4
[2024-12-09T06:00:04+08:00][sql] SHOW FULL COLUMNS FROM `cmf_hook` [ RunTime:0.001678s ]
[2024-12-09T06:00:04+08:00][sql] SELECT `hook`,`id` FROM `cmf_hook` WHERE  (  (  `app` = '' OR `app` = 'cmf' )  AND `type` = 3 ) OR `type` = 1 [ RunTime:0.000691s ]
[2024-12-09T06:00:04+08:00][sql] SHOW FULL COLUMNS FROM `cmf_hook_plugin` [ RunTime:0.001328s ]
[2024-12-09T06:00:04+08:00][sql] SELECT `hook`,`plugin` FROM `cmf_hook_plugin` WHERE  `status` = 1  AND `hook` IN ('app_begin','module_init','action_begin','view_filter','app_end','log_write','response_end','admin_init','home_init','send_mobile_verification_code','body_start','before_head_end','footer_start','before_footer','before_footer_end','before_body_end','left_sidebar_start','before_left_sidebar_end','right_sidebar_start','before_right_sidebar_end','comment','guestbook','switch_theme','after_content','before_content','log_write_done','switch_admin_theme','captcha_image') ORDER BY `list_order` ASC [ RunTime:0.000730s ]
[2024-12-09T06:00:04+08:00][sql] CONNECT:[ UseTime:0.000687s ] mysql:host=127.0.0.1;port=3306;dbname=zhibo;charset=utf8mb4
[2024-12-09T06:00:04+08:00][sql] SHOW FULL COLUMNS FROM `cmf_hook` [ RunTime:0.001582s ]
[2024-12-09T06:00:04+08:00][sql] SELECT `hook`,`id` FROM `cmf_hook` WHERE  (  (  `app` = '' OR `app` = 'cmf' )  AND `type` = 3 ) OR `type` = 1 [ RunTime:0.000705s ]
[2024-12-09T06:00:04+08:00][sql] SHOW FULL COLUMNS FROM `cmf_hook_plugin` [ RunTime:0.001298s ]
[2024-12-09T06:00:04+08:00][sql] SELECT `hook`,`plugin` FROM `cmf_hook_plugin` WHERE  `status` = 1  AND `hook` IN ('app_begin','module_init','action_begin','view_filter','app_end','log_write','response_end','admin_init','home_init','send_mobile_verification_code','body_start','before_head_end','footer_start','before_footer','before_footer_end','before_body_end','left_sidebar_start','before_left_sidebar_end','right_sidebar_start','before_right_sidebar_end','comment','guestbook','switch_theme','after_content','before_content','log_write_done','switch_admin_theme','captcha_image') ORDER BY `list_order` ASC [ RunTime:0.000689s ]
[2024-12-09T06:00:04+08:00][sql] SHOW FULL COLUMNS FROM `cmf_plugin` [ RunTime:0.001885s ]
[2024-12-09T06:00:04+08:00][sql] SELECT `config` FROM `cmf_plugin` WHERE  `name` = 'Qiniu' LIMIT 1 [ RunTime:0.000528s ]
[2024-12-09T06:00:04+08:00][sql] SHOW FULL COLUMNS FROM `cmf_live` [ RunTime:0.002323s ]
[2024-12-09T06:00:04+08:00][sql] SELECT * FROM `cmf_live` WHERE  ( islive='1' and isrecommend='1' and type='0' and live_type=0 ) [ RunTime:0.001022s ]
[2024-12-09T06:00:04+08:00][sql] SHOW FULL COLUMNS FROM `cmf_slide_item` [ RunTime:0.001483s ]
[2024-12-09T06:00:04+08:00][sql] SELECT * FROM `cmf_slide_item` WHERE  ( status='1' and slide_id='1' ) ORDER BY `list_order` ASC [ RunTime:0.000649s ]
[2024-12-09T06:00:04+08:00][sql] SHOW FULL COLUMNS FROM `cmf_live_class` [ RunTime:0.001269s ]
[2024-12-09T06:00:04+08:00][sql] SELECT * FROM `cmf_live_class` ORDER BY `list_order` LIMIT 5 [ RunTime:0.000474s ]
[2024-12-09T06:00:04+08:00][sql] SELECT * FROM `cmf_live` WHERE  `islive` = 1  AND `live_type` = 0  AND `liveclassid` = 8 ORDER BY `recommend_time` DESC,`starttime` DESC LIMIT 5 [ RunTime:0.000810s ]
[2024-12-09T06:00:04+08:00][sql] SELECT `uid`,`thumb`,`stream`,`title`,`city`,`islive`,`type` FROM `cmf_live` WHERE  ( islive='1' and ishot='1' and live_type=0 ) ORDER BY `isrecommend` DESC,`recommend_time` DESC,`hotvotes` DESC,`starttime` DESC LIMIT 5 [ RunTime:0.000525s ]
[2024-12-09T06:00:04+08:00][sql] SELECT `uid`,`thumb`,`stream`,`title`,`city`,`islive`,`type` FROM `cmf_live` WHERE  ( islive='1' and live_type=0 ) ORDER BY `starttime` DESC LIMIT 5 [ RunTime:0.000422s ]
[2024-12-09T06:00:04+08:00][sql] SHOW FULL COLUMNS FROM `cmf_theme_file` [ RunTime:0.001616s ]
[2024-12-09T06:00:04+08:00][sql] SELECT `more` FROM `cmf_theme_file` WHERE  `theme` = 'default'  AND (  `is_public` = 1 OR `file` = '../home/index/index' ) [ RunTime:0.000598s ]
[2024-12-09T06:00:04+08:00][sql] CONNECT:[ UseTime:0.000688s ] mysql:host=127.0.0.1;port=3306;dbname=zhibo;charset=utf8mb4
[2024-12-09T06:00:04+08:00][sql] SHOW FULL COLUMNS FROM `cmf_hook` [ RunTime:0.001602s ]
[2024-12-09T06:00:04+08:00][sql] SELECT `hook`,`id` FROM `cmf_hook` WHERE  (  (  `app` = '' OR `app` = 'cmf' )  AND `type` = 3 ) OR `type` = 1 [ RunTime:0.000674s ]
[2024-12-09T06:00:04+08:00][sql] SHOW FULL COLUMNS FROM `cmf_hook_plugin` [ RunTime:0.001287s ]
[2024-12-09T06:00:04+08:00][sql] SELECT `hook`,`plugin` FROM `cmf_hook_plugin` WHERE  `status` = 1  AND `hook` IN ('app_begin','module_init','action_begin','view_filter','app_end','log_write','response_end','admin_init','home_init','send_mobile_verification_code','body_start','before_head_end','footer_start','before_footer','before_footer_end','before_body_end','left_sidebar_start','before_left_sidebar_end','right_sidebar_start','before_right_sidebar_end','comment','guestbook','switch_theme','after_content','before_content','log_write_done','switch_admin_theme','captcha_image') ORDER BY `list_order` ASC [ RunTime:0.000734s ]
[2024-12-09T06:00:05+08:00][sql] CONNECT:[ UseTime:0.000672s ] mysql:host=127.0.0.1;port=3306;dbname=zhibo;charset=utf8mb4
[2024-12-09T06:00:05+08:00][sql] SHOW FULL COLUMNS FROM `cmf_hook` [ RunTime:0.001623s ]
[2024-12-09T06:00:05+08:00][sql] SELECT `hook`,`id` FROM `cmf_hook` WHERE  (  (  `app` = '' OR `app` = 'cmf' )  AND `type` = 3 ) OR `type` = 1 [ RunTime:0.000672s ]
[2024-12-09T06:00:05+08:00][sql] SHOW FULL COLUMNS FROM `cmf_hook_plugin` [ RunTime:0.001329s ]
[2024-12-09T06:00:05+08:00][sql] SELECT `hook`,`plugin` FROM `cmf_hook_plugin` WHERE  `status` = 1  AND `hook` IN ('app_begin','module_init','action_begin','view_filter','app_end','log_write','response_end','admin_init','home_init','send_mobile_verification_code','body_start','before_head_end','footer_start','before_footer','before_footer_end','before_body_end','left_sidebar_start','before_left_sidebar_end','right_sidebar_start','before_right_sidebar_end','comment','guestbook','switch_theme','after_content','before_content','log_write_done','switch_admin_theme','captcha_image') ORDER BY `list_order` ASC [ RunTime:0.000721s ]
[2024-12-09T06:00:05+08:00][sql] CONNECT:[ UseTime:0.000700s ] mysql:host=127.0.0.1;port=3306;dbname=zhibo;charset=utf8mb4
[2024-12-09T06:00:05+08:00][sql] SHOW FULL COLUMNS FROM `cmf_hook` [ RunTime:0.001577s ]
[2024-12-09T06:00:05+08:00][sql] SELECT `hook`,`id` FROM `cmf_hook` WHERE  (  (  `app` = '' OR `app` = 'cmf' )  AND `type` = 3 ) OR `type` = 1 [ RunTime:0.000632s ]
[2024-12-09T06:00:05+08:00][sql] SHOW FULL COLUMNS FROM `cmf_hook_plugin` [ RunTime:0.001335s ]
[2024-12-09T06:00:05+08:00][sql] SELECT `hook`,`plugin` FROM `cmf_hook_plugin` WHERE  `status` = 1  AND `hook` IN ('app_begin','module_init','action_begin','view_filter','app_end','log_write','response_end','admin_init','home_init','send_mobile_verification_code','body_start','before_head_end','footer_start','before_footer','before_footer_end','before_body_end','left_sidebar_start','before_left_sidebar_end','right_sidebar_start','before_right_sidebar_end','comment','guestbook','switch_theme','after_content','before_content','log_write_done','switch_admin_theme','captcha_image') ORDER BY `list_order` ASC [ RunTime:0.000702s ]
[2024-12-09T06:00:05+08:00][sql] CONNECT:[ UseTime:0.000682s ] mysql:host=127.0.0.1;port=3306;dbname=zhibo;charset=utf8mb4
[2024-12-09T06:00:05+08:00][sql] SHOW FULL COLUMNS FROM `cmf_hook` [ RunTime:0.001695s ]
[2024-12-09T06:00:05+08:00][sql] SELECT `hook`,`id` FROM `cmf_hook` WHERE  (  (  `app` = '' OR `app` = 'cmf' )  AND `type` = 3 ) OR `type` = 1 [ RunTime:0.000683s ]
[2024-12-09T06:00:05+08:00][sql] SHOW FULL COLUMNS FROM `cmf_hook_plugin` [ RunTime:0.001334s ]
[2024-12-09T06:00:05+08:00][sql] SELECT `hook`,`plugin` FROM `cmf_hook_plugin` WHERE  `status` = 1  AND `hook` IN ('app_begin','module_init','action_begin','view_filter','app_end','log_write','response_end','admin_init','home_init','send_mobile_verification_code','body_start','before_head_end','footer_start','before_footer','before_footer_end','before_body_end','left_sidebar_start','before_left_sidebar_end','right_sidebar_start','before_right_sidebar_end','comment','guestbook','switch_theme','after_content','before_content','log_write_done','switch_admin_theme','captcha_image') ORDER BY `list_order` ASC [ RunTime:0.000791s ]
[2024-12-09T06:00:05+08:00][sql] CONNECT:[ UseTime:0.000895s ] mysql:host=127.0.0.1;port=3306;dbname=zhibo;charset=utf8mb4
[2024-12-09T06:00:05+08:00][sql] SHOW FULL COLUMNS FROM `cmf_hook` [ RunTime:0.001782s ]
[2024-12-09T06:00:05+08:00][sql] SELECT `hook`,`id` FROM `cmf_hook` WHERE  (  (  `app` = '' OR `app` = 'cmf' )  AND `type` = 3 ) OR `type` = 1 [ RunTime:0.000667s ]
[2024-12-09T06:00:05+08:00][sql] SHOW FULL COLUMNS FROM `cmf_hook_plugin` [ RunTime:0.001384s ]
[2024-12-09T06:00:05+08:00][sql] SELECT `hook`,`plugin` FROM `cmf_hook_plugin` WHERE  `status` = 1  AND `hook` IN ('app_begin','module_init','action_begin','view_filter','app_end','log_write','response_end','admin_init','home_init','send_mobile_verification_code','body_start','before_head_end','footer_start','before_footer','before_footer_end','before_body_end','left_sidebar_start','before_left_sidebar_end','right_sidebar_start','before_right_sidebar_end','comment','guestbook','switch_theme','after_content','before_content','log_write_done','switch_admin_theme','captcha_image') ORDER BY `list_order` ASC [ RunTime:0.000709s ]
[2024-12-09T06:00:05+08:00][sql] CONNECT:[ UseTime:0.000663s ] mysql:host=127.0.0.1;port=3306;dbname=zhibo;charset=utf8mb4
[2024-12-09T06:00:05+08:00][sql] SHOW FULL COLUMNS FROM `cmf_hook` [ RunTime:0.001567s ]
[2024-12-09T06:00:05+08:00][sql] SELECT `hook`,`id` FROM `cmf_hook` WHERE  (  (  `app` = '' OR `app` = 'cmf' )  AND `type` = 3 ) OR `type` = 1 [ RunTime:0.000700s ]
[2024-12-09T06:00:05+08:00][sql] SHOW FULL COLUMNS FROM `cmf_hook_plugin` [ RunTime:0.001323s ]
[2024-12-09T06:00:05+08:00][sql] SELECT `hook`,`plugin` FROM `cmf_hook_plugin` WHERE  `status` = 1  AND `hook` IN ('app_begin','module_init','action_begin','view_filter','app_end','log_write','response_end','admin_init','home_init','send_mobile_verification_code','body_start','before_head_end','footer_start','before_footer','before_footer_end','before_body_end','left_sidebar_start','before_left_sidebar_end','right_sidebar_start','before_right_sidebar_end','comment','guestbook','switch_theme','after_content','before_content','log_write_done','switch_admin_theme','captcha_image') ORDER BY `list_order` ASC [ RunTime:0.000755s ]
[2024-12-09T06:00:05+08:00][sql] CONNECT:[ UseTime:0.000905s ] mysql:host=127.0.0.1;port=3306;dbname=zhibo;charset=utf8mb4
[2024-12-09T06:00:05+08:00][sql] SHOW FULL COLUMNS FROM `cmf_hook` [ RunTime:0.001798s ]
[2024-12-09T06:00:05+08:00][sql] SELECT `hook`,`id` FROM `cmf_hook` WHERE  (  (  `app` = '' OR `app` = 'cmf' )  AND `type` = 3 ) OR `type` = 1 [ RunTime:0.000818s ]
[2024-12-09T06:00:05+08:00][sql] SHOW FULL COLUMNS FROM `cmf_hook_plugin` [ RunTime:0.001531s ]
[2024-12-09T06:00:05+08:00][sql] SELECT `hook`,`plugin` FROM `cmf_hook_plugin` WHERE  `status` = 1  AND `hook` IN ('app_begin','module_init','action_begin','view_filter','app_end','log_write','response_end','admin_init','home_init','send_mobile_verification_code','body_start','before_head_end','footer_start','before_footer','before_footer_end','before_body_end','left_sidebar_start','before_left_sidebar_end','right_sidebar_start','before_right_sidebar_end','comment','guestbook','switch_theme','after_content','before_content','log_write_done','switch_admin_theme','captcha_image') ORDER BY `list_order` ASC [ RunTime:0.000783s ]
[2024-12-09T06:00:05+08:00][sql] CONNECT:[ UseTime:0.000724s ] mysql:host=127.0.0.1;port=3306;dbname=zhibo;charset=utf8mb4
[2024-12-09T06:00:05+08:00][sql] SHOW FULL COLUMNS FROM `cmf_hook` [ RunTime:0.001717s ]
[2024-12-09T06:00:05+08:00][sql] SELECT `hook`,`id` FROM `cmf_hook` WHERE  (  (  `app` = '' OR `app` = 'cmf' )  AND `type` = 3 ) OR `type` = 1 [ RunTime:0.000682s ]
[2024-12-09T06:00:05+08:00][sql] SHOW FULL COLUMNS FROM `cmf_hook_plugin` [ RunTime:0.001420s ]
[2024-12-09T06:00:05+08:00][sql] SELECT `hook`,`plugin` FROM `cmf_hook_plugin` WHERE  `status` = 1  AND `hook` IN ('app_begin','module_init','action_begin','view_filter','app_end','log_write','response_end','admin_init','home_init','send_mobile_verification_code','body_start','before_head_end','footer_start','before_footer','before_footer_end','before_body_end','left_sidebar_start','before_left_sidebar_end','right_sidebar_start','before_right_sidebar_end','comment','guestbook','switch_theme','after_content','before_content','log_write_done','switch_admin_theme','captcha_image') ORDER BY `list_order` ASC [ RunTime:0.000711s ]
[2024-12-09T06:01:26+08:00][sql] CONNECT:[ UseTime:0.000680s ] mysql:host=127.0.0.1;port=3306;dbname=zhibo;charset=utf8mb4
[2024-12-09T06:01:26+08:00][sql] SHOW FULL COLUMNS FROM `cmf_hook` [ RunTime:0.001565s ]
[2024-12-09T06:01:26+08:00][sql] SELECT `hook`,`id` FROM `cmf_hook` WHERE  (  (  `app` = '' OR `app` = 'cmf' )  AND `type` = 3 ) OR `type` = 1 [ RunTime:0.000615s ]
[2024-12-09T06:01:26+08:00][sql] SHOW FULL COLUMNS FROM `cmf_hook_plugin` [ RunTime:0.001229s ]
[2024-12-09T06:01:26+08:00][sql] SELECT `hook`,`plugin` FROM `cmf_hook_plugin` WHERE  `status` = 1  AND `hook` IN ('app_begin','module_init','action_begin','view_filter','app_end','log_write','response_end','admin_init','home_init','send_mobile_verification_code','body_start','before_head_end','footer_start','before_footer','before_footer_end','before_body_end','left_sidebar_start','before_left_sidebar_end','right_sidebar_start','before_right_sidebar_end','comment','guestbook','switch_theme','after_content','before_content','log_write_done','switch_admin_theme','captcha_image') ORDER BY `list_order` ASC [ RunTime:0.000718s ]
[2024-12-09T06:03:03+08:00][sql] CONNECT:[ UseTime:0.000687s ] mysql:host=127.0.0.1;port=3306;dbname=zhibo;charset=utf8mb4
[2024-12-09T06:03:03+08:00][sql] SHOW FULL COLUMNS FROM `cmf_hook` [ RunTime:0.001582s ]
[2024-12-09T06:03:03+08:00][sql] SELECT `hook`,`id` FROM `cmf_hook` WHERE  (  (  `app` = '' OR `app` = 'cmf' )  AND `type` = 3 ) OR `type` = 1 [ RunTime:0.000696s ]
[2024-12-09T06:03:03+08:00][sql] SHOW FULL COLUMNS FROM `cmf_hook_plugin` [ RunTime:0.001296s ]
[2024-12-09T06:03:03+08:00][sql] SELECT `hook`,`plugin` FROM `cmf_hook_plugin` WHERE  `status` = 1  AND `hook` IN ('app_begin','module_init','action_begin','view_filter','app_end','log_write','response_end','admin_init','home_init','send_mobile_verification_code','body_start','before_head_end','footer_start','before_footer','before_footer_end','before_body_end','left_sidebar_start','before_left_sidebar_end','right_sidebar_start','before_right_sidebar_end','comment','guestbook','switch_theme','after_content','before_content','log_write_done','switch_admin_theme','captcha_image') ORDER BY `list_order` ASC [ RunTime:0.000732s ]
[2024-12-09T06:19:51+08:00][sql] CONNECT:[ UseTime:0.000696s ] mysql:host=127.0.0.1;port=3306;dbname=zhibo;charset=utf8mb4
[2024-12-09T06:19:51+08:00][sql] SHOW FULL COLUMNS FROM `cmf_hook` [ RunTime:0.001618s ]
[2024-12-09T06:19:51+08:00][sql] SELECT `hook`,`id` FROM `cmf_hook` WHERE  (  (  `app` = '' OR `app` = 'cmf' )  AND `type` = 3 ) OR `type` = 1 [ RunTime:0.000624s ]
[2024-12-09T06:19:51+08:00][sql] SHOW FULL COLUMNS FROM `cmf_hook_plugin` [ RunTime:0.001272s ]
[2024-12-09T06:19:51+08:00][sql] SELECT `hook`,`plugin` FROM `cmf_hook_plugin` WHERE  `status` = 1  AND `hook` IN ('app_begin','module_init','action_begin','view_filter','app_end','log_write','response_end','admin_init','home_init','send_mobile_verification_code','body_start','before_head_end','footer_start','before_footer','before_footer_end','before_body_end','left_sidebar_start','before_left_sidebar_end','right_sidebar_start','before_right_sidebar_end','comment','guestbook','switch_theme','after_content','before_content','log_write_done','switch_admin_theme','captcha_image') ORDER BY `list_order` ASC [ RunTime:0.000737s ]
[2024-12-09T06:20:01+08:00][sql] CONNECT:[ UseTime:0.000700s ] mysql:host=127.0.0.1;port=3306;dbname=zhibo;charset=utf8mb4
[2024-12-09T06:20:01+08:00][sql] SHOW FULL COLUMNS FROM `cmf_hook` [ RunTime:0.001675s ]
[2024-12-09T06:20:01+08:00][sql] SELECT `hook`,`id` FROM `cmf_hook` WHERE  (  (  `app` = '' OR `app` = 'cmf' )  AND `type` = 3 ) OR `type` = 1 [ RunTime:0.000634s ]
[2024-12-09T06:20:01+08:00][sql] SHOW FULL COLUMNS FROM `cmf_hook_plugin` [ RunTime:0.001339s ]
[2024-12-09T06:20:01+08:00][sql] SELECT `hook`,`plugin` FROM `cmf_hook_plugin` WHERE  `status` = 1  AND `hook` IN ('app_begin','module_init','action_begin','view_filter','app_end','log_write','response_end','admin_init','home_init','send_mobile_verification_code','body_start','before_head_end','footer_start','before_footer','before_footer_end','before_body_end','left_sidebar_start','before_left_sidebar_end','right_sidebar_start','before_right_sidebar_end','comment','guestbook','switch_theme','after_content','before_content','log_write_done','switch_admin_theme','captcha_image') ORDER BY `list_order` ASC [ RunTime:0.000704s ]
[2024-12-09T07:04:37+08:00][sql] CONNECT:[ UseTime:0.000695s ] mysql:host=127.0.0.1;port=3306;dbname=zhibo;charset=utf8mb4
[2024-12-09T07:04:37+08:00][sql] SHOW FULL COLUMNS FROM `cmf_hook` [ RunTime:0.001648s ]
[2024-12-09T07:04:37+08:00][sql] SELECT `hook`,`id` FROM `cmf_hook` WHERE  (  (  `app` = '' OR `app` = 'cmf' )  AND `type` = 3 ) OR `type` = 1 [ RunTime:0.000645s ]
[2024-12-09T07:04:37+08:00][sql] SHOW FULL COLUMNS FROM `cmf_hook_plugin` [ RunTime:0.001313s ]
[2024-12-09T07:04:37+08:00][sql] SELECT `hook`,`plugin` FROM `cmf_hook_plugin` WHERE  `status` = 1  AND `hook` IN ('app_begin','module_init','action_begin','view_filter','app_end','log_write','response_end','admin_init','home_init','send_mobile_verification_code','body_start','before_head_end','footer_start','before_footer','before_footer_end','before_body_end','left_sidebar_start','before_left_sidebar_end','right_sidebar_start','before_right_sidebar_end','comment','guestbook','switch_theme','after_content','before_content','log_write_done','switch_admin_theme','captcha_image') ORDER BY `list_order` ASC [ RunTime:0.000689s ]
[2024-12-09T07:04:37+08:00][sql] SHOW FULL COLUMNS FROM `cmf_plugin` [ RunTime:0.001703s ]
[2024-12-09T07:04:37+08:00][sql] SELECT `config` FROM `cmf_plugin` WHERE  `name` = 'Qiniu' LIMIT 1 [ RunTime:0.000503s ]
[2024-12-09T07:04:37+08:00][sql] SHOW FULL COLUMNS FROM `cmf_live` [ RunTime:0.001818s ]
[2024-12-09T07:04:37+08:00][sql] SELECT * FROM `cmf_live` WHERE  ( islive='1' and isrecommend='1' and type='0' and live_type=0 ) [ RunTime:0.000887s ]
[2024-12-09T07:04:37+08:00][sql] SHOW FULL COLUMNS FROM `cmf_slide_item` [ RunTime:0.001450s ]
[2024-12-09T07:04:37+08:00][sql] SELECT * FROM `cmf_slide_item` WHERE  ( status='1' and slide_id='1' ) ORDER BY `list_order` ASC [ RunTime:0.000536s ]
[2024-12-09T07:04:37+08:00][sql] SHOW FULL COLUMNS FROM `cmf_live_class` [ RunTime:0.001257s ]
[2024-12-09T07:04:37+08:00][sql] SELECT * FROM `cmf_live_class` ORDER BY `list_order` LIMIT 5 [ RunTime:0.000437s ]
[2024-12-09T07:04:37+08:00][sql] SELECT * FROM `cmf_live` WHERE  `islive` = 1  AND `live_type` = 0  AND `liveclassid` = 8 ORDER BY `recommend_time` DESC,`starttime` DESC LIMIT 5 [ RunTime:0.000751s ]
[2024-12-09T07:04:37+08:00][sql] SELECT `uid`,`thumb`,`stream`,`title`,`city`,`islive`,`type` FROM `cmf_live` WHERE  ( islive='1' and ishot='1' and live_type=0 ) ORDER BY `isrecommend` DESC,`recommend_time` DESC,`hotvotes` DESC,`starttime` DESC LIMIT 5 [ RunTime:0.000480s ]
[2024-12-09T07:04:37+08:00][sql] SELECT `uid`,`thumb`,`stream`,`title`,`city`,`islive`,`type` FROM `cmf_live` WHERE  ( islive='1' and live_type=0 ) ORDER BY `starttime` DESC LIMIT 5 [ RunTime:0.000390s ]
[2024-12-09T07:04:37+08:00][sql] SHOW FULL COLUMNS FROM `cmf_theme_file` [ RunTime:0.001558s ]
[2024-12-09T07:04:37+08:00][sql] SELECT `more` FROM `cmf_theme_file` WHERE  `theme` = 'default'  AND (  `is_public` = 1 OR `file` = '../home/index/index' ) [ RunTime:0.000502s ]
[2024-12-09T07:06:51+08:00][sql] CONNECT:[ UseTime:0.000646s ] mysql:host=127.0.0.1;port=3306;dbname=zhibo;charset=utf8mb4
[2024-12-09T07:06:51+08:00][sql] SHOW FULL COLUMNS FROM `cmf_hook` [ RunTime:0.001612s ]
[2024-12-09T07:06:51+08:00][sql] SELECT `hook`,`id` FROM `cmf_hook` WHERE  (  (  `app` = '' OR `app` = 'cmf' )  AND `type` = 3 ) OR `type` = 1 [ RunTime:0.000681s ]
[2024-12-09T07:06:51+08:00][sql] SHOW FULL COLUMNS FROM `cmf_hook_plugin` [ RunTime:0.001299s ]
[2024-12-09T07:06:51+08:00][sql] SELECT `hook`,`plugin` FROM `cmf_hook_plugin` WHERE  `status` = 1  AND `hook` IN ('app_begin','module_init','action_begin','view_filter','app_end','log_write','response_end','admin_init','home_init','send_mobile_verification_code','body_start','before_head_end','footer_start','before_footer','before_footer_end','before_body_end','left_sidebar_start','before_left_sidebar_end','right_sidebar_start','before_right_sidebar_end','comment','guestbook','switch_theme','after_content','before_content','log_write_done','switch_admin_theme','captcha_image') ORDER BY `list_order` ASC [ RunTime:0.000739s ]
[2024-12-09T07:06:51+08:00][sql] SHOW FULL COLUMNS FROM `cmf_plugin` [ RunTime:0.001684s ]
[2024-12-09T07:06:51+08:00][sql] SELECT `config` FROM `cmf_plugin` WHERE  `name` = 'Qiniu' LIMIT 1 [ RunTime:0.000495s ]
[2024-12-09T07:06:51+08:00][sql] SHOW FULL COLUMNS FROM `cmf_live` [ RunTime:0.001794s ]
[2024-12-09T07:06:51+08:00][sql] SELECT * FROM `cmf_live` WHERE  ( islive='1' and isrecommend='1' and type='0' and live_type=0 ) [ RunTime:0.000924s ]
[2024-12-09T07:06:51+08:00][sql] SHOW FULL COLUMNS FROM `cmf_slide_item` [ RunTime:0.001442s ]
[2024-12-09T07:06:51+08:00][sql] SELECT * FROM `cmf_slide_item` WHERE  ( status='1' and slide_id='1' ) ORDER BY `list_order` ASC [ RunTime:0.000599s ]
[2024-12-09T07:06:51+08:00][sql] SHOW FULL COLUMNS FROM `cmf_live_class` [ RunTime:0.001216s ]
[2024-12-09T07:06:51+08:00][sql] SELECT * FROM `cmf_live_class` ORDER BY `list_order` LIMIT 5 [ RunTime:0.000463s ]
[2024-12-09T07:06:51+08:00][sql] SELECT * FROM `cmf_live` WHERE  `islive` = 1  AND `live_type` = 0  AND `liveclassid` = 8 ORDER BY `recommend_time` DESC,`starttime` DESC LIMIT 5 [ RunTime:0.000744s ]
[2024-12-09T07:06:51+08:00][sql] SELECT `uid`,`thumb`,`stream`,`title`,`city`,`islive`,`type` FROM `cmf_live` WHERE  ( islive='1' and ishot='1' and live_type=0 ) ORDER BY `isrecommend` DESC,`recommend_time` DESC,`hotvotes` DESC,`starttime` DESC LIMIT 5 [ RunTime:0.000503s ]
[2024-12-09T07:06:51+08:00][sql] SELECT `uid`,`thumb`,`stream`,`title`,`city`,`islive`,`type` FROM `cmf_live` WHERE  ( islive='1' and live_type=0 ) ORDER BY `starttime` DESC LIMIT 5 [ RunTime:0.000407s ]
[2024-12-09T07:06:51+08:00][sql] SHOW FULL COLUMNS FROM `cmf_theme_file` [ RunTime:0.001565s ]
[2024-12-09T07:06:51+08:00][sql] SELECT `more` FROM `cmf_theme_file` WHERE  `theme` = 'default'  AND (  `is_public` = 1 OR `file` = '../home/index/index' ) [ RunTime:0.000541s ]
[2024-12-09T07:07:20+08:00][sql] CONNECT:[ UseTime:0.000684s ] mysql:host=127.0.0.1;port=3306;dbname=zhibo;charset=utf8mb4
[2024-12-09T07:07:20+08:00][sql] SHOW FULL COLUMNS FROM `cmf_hook` [ RunTime:0.001609s ]
[2024-12-09T07:07:20+08:00][sql] SELECT `hook`,`id` FROM `cmf_hook` WHERE  (  (  `app` = '' OR `app` = 'cmf' )  AND `type` = 3 ) OR `type` = 1 [ RunTime:0.000615s ]
[2024-12-09T07:07:20+08:00][sql] SHOW FULL COLUMNS FROM `cmf_hook_plugin` [ RunTime:0.001250s ]
[2024-12-09T07:07:20+08:00][sql] SELECT `hook`,`plugin` FROM `cmf_hook_plugin` WHERE  `status` = 1  AND `hook` IN ('app_begin','module_init','action_begin','view_filter','app_end','log_write','response_end','admin_init','home_init','send_mobile_verification_code','body_start','before_head_end','footer_start','before_footer','before_footer_end','before_body_end','left_sidebar_start','before_left_sidebar_end','right_sidebar_start','before_right_sidebar_end','comment','guestbook','switch_theme','after_content','before_content','log_write_done','switch_admin_theme','captcha_image') ORDER BY `list_order` ASC [ RunTime:0.000679s ]
[2024-12-09T07:07:20+08:00][sql] SHOW FULL COLUMNS FROM `cmf_plugin` [ RunTime:0.001652s ]
[2024-12-09T07:07:20+08:00][sql] SELECT `config` FROM `cmf_plugin` WHERE  `name` = 'Qiniu' LIMIT 1 [ RunTime:0.000457s ]
[2024-12-09T07:07:20+08:00][sql] SHOW FULL COLUMNS FROM `cmf_live` [ RunTime:0.001763s ]
[2024-12-09T07:07:20+08:00][sql] SELECT * FROM `cmf_live` WHERE  ( islive='1' and isrecommend='1' and type='0' and live_type=0 ) [ RunTime:0.000867s ]
[2024-12-09T07:07:20+08:00][sql] SHOW FULL COLUMNS FROM `cmf_slide_item` [ RunTime:0.001371s ]
[2024-12-09T07:07:20+08:00][sql] SELECT * FROM `cmf_slide_item` WHERE  ( status='1' and slide_id='1' ) ORDER BY `list_order` ASC [ RunTime:0.000559s ]
[2024-12-09T07:07:20+08:00][sql] SHOW FULL COLUMNS FROM `cmf_live_class` [ RunTime:0.001152s ]
[2024-12-09T07:07:20+08:00][sql] SELECT * FROM `cmf_live_class` ORDER BY `list_order` LIMIT 5 [ RunTime:0.000426s ]
[2024-12-09T07:07:20+08:00][sql] SELECT * FROM `cmf_live` WHERE  `islive` = 1  AND `live_type` = 0  AND `liveclassid` = 8 ORDER BY `recommend_time` DESC,`starttime` DESC LIMIT 5 [ RunTime:0.000734s ]
[2024-12-09T07:07:20+08:00][sql] SELECT `uid`,`thumb`,`stream`,`title`,`city`,`islive`,`type` FROM `cmf_live` WHERE  ( islive='1' and ishot='1' and live_type=0 ) ORDER BY `isrecommend` DESC,`recommend_time` DESC,`hotvotes` DESC,`starttime` DESC LIMIT 5 [ RunTime:0.000455s ]
[2024-12-09T07:07:20+08:00][sql] SELECT `uid`,`thumb`,`stream`,`title`,`city`,`islive`,`type` FROM `cmf_live` WHERE  ( islive='1' and live_type=0 ) ORDER BY `starttime` DESC LIMIT 5 [ RunTime:0.000396s ]
[2024-12-09T07:07:20+08:00][sql] SHOW FULL COLUMNS FROM `cmf_theme_file` [ RunTime:0.001617s ]
[2024-12-09T07:07:20+08:00][sql] SELECT `more` FROM `cmf_theme_file` WHERE  `theme` = 'default'  AND (  `is_public` = 1 OR `file` = '../home/index/index' ) [ RunTime:0.000570s ]
[2024-12-09T07:09:07+08:00][sql] CONNECT:[ UseTime:0.000697s ] mysql:host=127.0.0.1;port=3306;dbname=zhibo;charset=utf8mb4
[2024-12-09T07:09:07+08:00][sql] SHOW FULL COLUMNS FROM `cmf_hook` [ RunTime:0.001628s ]
[2024-12-09T07:09:07+08:00][sql] SELECT `hook`,`id` FROM `cmf_hook` WHERE  (  (  `app` = '' OR `app` = 'cmf' )  AND `type` = 3 ) OR `type` = 1 [ RunTime:0.000627s ]
[2024-12-09T07:09:07+08:00][sql] SHOW FULL COLUMNS FROM `cmf_hook_plugin` [ RunTime:0.001297s ]
[2024-12-09T07:09:07+08:00][sql] SELECT `hook`,`plugin` FROM `cmf_hook_plugin` WHERE  `status` = 1  AND `hook` IN ('app_begin','module_init','action_begin','view_filter','app_end','log_write','response_end','admin_init','home_init','send_mobile_verification_code','body_start','before_head_end','footer_start','before_footer','before_footer_end','before_body_end','left_sidebar_start','before_left_sidebar_end','right_sidebar_start','before_right_sidebar_end','comment','guestbook','switch_theme','after_content','before_content','log_write_done','switch_admin_theme','captcha_image') ORDER BY `list_order` ASC [ RunTime:0.000681s ]
[2024-12-09T07:09:21+08:00][sql] CONNECT:[ UseTime:0.000652s ] mysql:host=127.0.0.1;port=3306;dbname=zhibo;charset=utf8mb4
[2024-12-09T07:09:21+08:00][sql] SHOW FULL COLUMNS FROM `cmf_hook` [ RunTime:0.001643s ]
[2024-12-09T07:09:21+08:00][sql] SELECT `hook`,`id` FROM `cmf_hook` WHERE  (  (  `app` = '' OR `app` = 'cmf' )  AND `type` = 3 ) OR `type` = 1 [ RunTime:0.000615s ]
[2024-12-09T07:09:21+08:00][sql] SHOW FULL COLUMNS FROM `cmf_hook_plugin` [ RunTime:0.001295s ]
[2024-12-09T07:09:21+08:00][sql] SELECT `hook`,`plugin` FROM `cmf_hook_plugin` WHERE  `status` = 1  AND `hook` IN ('app_begin','module_init','action_begin','view_filter','app_end','log_write','response_end','admin_init','home_init','send_mobile_verification_code','body_start','before_head_end','footer_start','before_footer','before_footer_end','before_body_end','left_sidebar_start','before_left_sidebar_end','right_sidebar_start','before_right_sidebar_end','comment','guestbook','switch_theme','after_content','before_content','log_write_done','switch_admin_theme','captcha_image') ORDER BY `list_order` ASC [ RunTime:0.000676s ]
[2024-12-09T07:11:28+08:00][sql] CONNECT:[ UseTime:0.000648s ] mysql:host=127.0.0.1;port=3306;dbname=zhibo;charset=utf8mb4
[2024-12-09T07:11:28+08:00][sql] SHOW FULL COLUMNS FROM `cmf_hook` [ RunTime:0.001549s ]
[2024-12-09T07:11:28+08:00][sql] SELECT `hook`,`id` FROM `cmf_hook` WHERE  (  (  `app` = '' OR `app` = 'cmf' )  AND `type` = 3 ) OR `type` = 1 [ RunTime:0.000647s ]
[2024-12-09T07:11:28+08:00][sql] SHOW FULL COLUMNS FROM `cmf_hook_plugin` [ RunTime:0.001254s ]
[2024-12-09T07:11:28+08:00][sql] SELECT `hook`,`plugin` FROM `cmf_hook_plugin` WHERE  `status` = 1  AND `hook` IN ('app_begin','module_init','action_begin','view_filter','app_end','log_write','response_end','admin_init','home_init','send_mobile_verification_code','body_start','before_head_end','footer_start','before_footer','before_footer_end','before_body_end','left_sidebar_start','before_left_sidebar_end','right_sidebar_start','before_right_sidebar_end','comment','guestbook','switch_theme','after_content','before_content','log_write_done','switch_admin_theme','captcha_image') ORDER BY `list_order` ASC [ RunTime:0.000711s ]
[2024-12-09T07:11:28+08:00][sql] SHOW FULL COLUMNS FROM `cmf_plugin` [ RunTime:0.001681s ]
[2024-12-09T07:11:28+08:00][sql] SELECT `config` FROM `cmf_plugin` WHERE  `name` = 'Qiniu' LIMIT 1 [ RunTime:0.000457s ]
[2024-12-09T07:11:28+08:00][sql] SHOW FULL COLUMNS FROM `cmf_live` [ RunTime:0.001738s ]
[2024-12-09T07:11:28+08:00][sql] SELECT * FROM `cmf_live` WHERE  ( islive='1' and isrecommend='1' and type='0' and live_type=0 ) [ RunTime:0.000906s ]
[2024-12-09T07:11:28+08:00][sql] SHOW FULL COLUMNS FROM `cmf_slide_item` [ RunTime:0.001407s ]
[2024-12-09T07:11:28+08:00][sql] SELECT * FROM `cmf_slide_item` WHERE  ( status='1' and slide_id='1' ) ORDER BY `list_order` ASC [ RunTime:0.000546s ]
[2024-12-09T07:11:28+08:00][sql] SHOW FULL COLUMNS FROM `cmf_live_class` [ RunTime:0.001154s ]
[2024-12-09T07:11:28+08:00][sql] SELECT * FROM `cmf_live_class` ORDER BY `list_order` LIMIT 5 [ RunTime:0.000452s ]
[2024-12-09T07:11:28+08:00][sql] SELECT * FROM `cmf_live` WHERE  `islive` = 1  AND `live_type` = 0  AND `liveclassid` = 8 ORDER BY `recommend_time` DESC,`starttime` DESC LIMIT 5 [ RunTime:0.000735s ]
[2024-12-09T07:11:28+08:00][sql] SELECT `uid`,`thumb`,`stream`,`title`,`city`,`islive`,`type` FROM `cmf_live` WHERE  ( islive='1' and ishot='1' and live_type=0 ) ORDER BY `isrecommend` DESC,`recommend_time` DESC,`hotvotes` DESC,`starttime` DESC LIMIT 5 [ RunTime:0.000449s ]
[2024-12-09T07:11:28+08:00][sql] SELECT `uid`,`thumb`,`stream`,`title`,`city`,`islive`,`type` FROM `cmf_live` WHERE  ( islive='1' and live_type=0 ) ORDER BY `starttime` DESC LIMIT 5 [ RunTime:0.000403s ]
[2024-12-09T07:11:28+08:00][sql] SHOW FULL COLUMNS FROM `cmf_theme_file` [ RunTime:0.001558s ]
[2024-12-09T07:11:28+08:00][sql] SELECT `more` FROM `cmf_theme_file` WHERE  `theme` = 'default'  AND (  `is_public` = 1 OR `file` = '../home/index/index' ) [ RunTime:0.000521s ]
[2024-12-09T08:20:04+08:00][sql] CONNECT:[ UseTime:0.000678s ] mysql:host=127.0.0.1;port=3306;dbname=zhibo;charset=utf8mb4
[2024-12-09T08:20:04+08:00][sql] SHOW FULL COLUMNS FROM `cmf_hook` [ RunTime:0.001684s ]
[2024-12-09T08:20:04+08:00][sql] SELECT `hook`,`id` FROM `cmf_hook` WHERE  (  (  `app` = '' OR `app` = 'cmf' )  AND `type` = 3 ) OR `type` = 1 [ RunTime:0.000645s ]
[2024-12-09T08:20:04+08:00][sql] SHOW FULL COLUMNS FROM `cmf_hook_plugin` [ RunTime:0.001308s ]
[2024-12-09T08:20:04+08:00][sql] SELECT `hook`,`plugin` FROM `cmf_hook_plugin` WHERE  `status` = 1  AND `hook` IN ('app_begin','module_init','action_begin','view_filter','app_end','log_write','response_end','admin_init','home_init','send_mobile_verification_code','body_start','before_head_end','footer_start','before_footer','before_footer_end','before_body_end','left_sidebar_start','before_left_sidebar_end','right_sidebar_start','before_right_sidebar_end','comment','guestbook','switch_theme','after_content','before_content','log_write_done','switch_admin_theme','captcha_image') ORDER BY `list_order` ASC [ RunTime:0.000701s ]
[2024-12-09T08:20:04+08:00][sql] SHOW FULL COLUMNS FROM `cmf_plugin` [ RunTime:0.001706s ]
[2024-12-09T08:20:04+08:00][sql] SELECT `config` FROM `cmf_plugin` WHERE  `name` = 'Qiniu' LIMIT 1 [ RunTime:0.000488s ]
[2024-12-09T08:20:04+08:00][sql] SHOW FULL COLUMNS FROM `cmf_live` [ RunTime:0.001851s ]
[2024-12-09T08:20:04+08:00][sql] SELECT * FROM `cmf_live` WHERE  ( islive='1' and isrecommend='1' and type='0' and live_type=0 ) [ RunTime:0.000915s ]
[2024-12-09T08:20:04+08:00][sql] SHOW FULL COLUMNS FROM `cmf_slide_item` [ RunTime:0.001443s ]
[2024-12-09T08:20:04+08:00][sql] SELECT * FROM `cmf_slide_item` WHERE  ( status='1' and slide_id='1' ) ORDER BY `list_order` ASC [ RunTime:0.000559s ]
[2024-12-09T08:20:04+08:00][sql] SHOW FULL COLUMNS FROM `cmf_live_class` [ RunTime:0.001219s ]
[2024-12-09T08:20:04+08:00][sql] SELECT * FROM `cmf_live_class` ORDER BY `list_order` LIMIT 5 [ RunTime:0.000465s ]
[2024-12-09T08:20:04+08:00][sql] SELECT * FROM `cmf_live` WHERE  `islive` = 1  AND `live_type` = 0  AND `liveclassid` = 8 ORDER BY `recommend_time` DESC,`starttime` DESC LIMIT 5 [ RunTime:0.000723s ]
[2024-12-09T08:20:04+08:00][sql] SELECT `uid`,`thumb`,`stream`,`title`,`city`,`islive`,`type` FROM `cmf_live` WHERE  ( islive='1' and ishot='1' and live_type=0 ) ORDER BY `isrecommend` DESC,`recommend_time` DESC,`hotvotes` DESC,`starttime` DESC LIMIT 5 [ RunTime:0.000470s ]
[2024-12-09T08:20:04+08:00][sql] SELECT `uid`,`thumb`,`stream`,`title`,`city`,`islive`,`type` FROM `cmf_live` WHERE  ( islive='1' and live_type=0 ) ORDER BY `starttime` DESC LIMIT 5 [ RunTime:0.000392s ]
[2024-12-09T08:20:04+08:00][sql] SHOW FULL COLUMNS FROM `cmf_theme_file` [ RunTime:0.001520s ]
[2024-12-09T08:20:04+08:00][sql] SELECT `more` FROM `cmf_theme_file` WHERE  `theme` = 'default'  AND (  `is_public` = 1 OR `file` = '../home/index/index' ) [ RunTime:0.000583s ]
[2024-12-09T09:24:07+08:00][sql] CONNECT:[ UseTime:0.000646s ] mysql:host=127.0.0.1;port=3306;dbname=zhibo;charset=utf8mb4
[2024-12-09T09:24:07+08:00][sql] SHOW FULL COLUMNS FROM `cmf_hook` [ RunTime:0.001756s ]
[2024-12-09T09:24:07+08:00][sql] SELECT `hook`,`id` FROM `cmf_hook` WHERE  (  (  `app` = '' OR `app` = 'cmf' )  AND `type` = 3 ) OR `type` = 1 [ RunTime:0.000660s ]
[2024-12-09T09:24:07+08:00][sql] SHOW FULL COLUMNS FROM `cmf_hook_plugin` [ RunTime:0.001463s ]
[2024-12-09T09:24:07+08:00][sql] SELECT `hook`,`plugin` FROM `cmf_hook_plugin` WHERE  `status` = 1  AND `hook` IN ('app_begin','module_init','action_begin','view_filter','app_end','log_write','response_end','admin_init','home_init','send_mobile_verification_code','body_start','before_head_end','footer_start','before_footer','before_footer_end','before_body_end','left_sidebar_start','before_left_sidebar_end','right_sidebar_start','before_right_sidebar_end','comment','guestbook','switch_theme','after_content','before_content','log_write_done','switch_admin_theme','captcha_image') ORDER BY `list_order` ASC [ RunTime:0.000738s ]
[2024-12-09T09:24:07+08:00][sql] SHOW FULL COLUMNS FROM `cmf_plugin` [ RunTime:0.001974s ]
[2024-12-09T09:24:07+08:00][sql] SELECT `config` FROM `cmf_plugin` WHERE  `name` = 'Qiniu' LIMIT 1 [ RunTime:0.000449s ]
[2024-12-09T09:24:07+08:00][sql] SHOW FULL COLUMNS FROM `cmf_live` [ RunTime:0.001953s ]
[2024-12-09T09:24:07+08:00][sql] SELECT * FROM `cmf_live` WHERE  ( islive='1' and isrecommend='1' and type='0' and live_type=0 ) [ RunTime:0.000902s ]
[2024-12-09T09:24:07+08:00][sql] SHOW FULL COLUMNS FROM `cmf_slide_item` [ RunTime:0.001642s ]
[2024-12-09T09:24:07+08:00][sql] SELECT * FROM `cmf_slide_item` WHERE  ( status='1' and slide_id='1' ) ORDER BY `list_order` ASC [ RunTime:0.000578s ]
[2024-12-09T09:24:07+08:00][sql] SHOW FULL COLUMNS FROM `cmf_live_class` [ RunTime:0.001481s ]
[2024-12-09T09:24:07+08:00][sql] SELECT * FROM `cmf_live_class` ORDER BY `list_order` LIMIT 5 [ RunTime:0.000446s ]
[2024-12-09T09:24:07+08:00][sql] SELECT * FROM `cmf_live` WHERE  `islive` = 1  AND `live_type` = 0  AND `liveclassid` = 8 ORDER BY `recommend_time` DESC,`starttime` DESC LIMIT 5 [ RunTime:0.000724s ]
[2024-12-09T09:24:07+08:00][sql] SELECT `uid`,`thumb`,`stream`,`title`,`city`,`islive`,`type` FROM `cmf_live` WHERE  ( islive='1' and ishot='1' and live_type=0 ) ORDER BY `isrecommend` DESC,`recommend_time` DESC,`hotvotes` DESC,`starttime` DESC LIMIT 5 [ RunTime:0.000447s ]
[2024-12-09T09:24:07+08:00][sql] SELECT `uid`,`thumb`,`stream`,`title`,`city`,`islive`,`type` FROM `cmf_live` WHERE  ( islive='1' and live_type=0 ) ORDER BY `starttime` DESC LIMIT 5 [ RunTime:0.000422s ]
[2024-12-09T09:24:07+08:00][sql] SHOW FULL COLUMNS FROM `cmf_theme_file` [ RunTime:0.001707s ]
[2024-12-09T09:24:07+08:00][sql] SELECT `more` FROM `cmf_theme_file` WHERE  `theme` = 'default'  AND (  `is_public` = 1 OR `file` = '../home/index/index' ) [ RunTime:0.000565s ]
[2024-12-09T09:24:07+08:00][sql] CONNECT:[ UseTime:0.000621s ] mysql:host=127.0.0.1;port=3306;dbname=zhibo;charset=utf8mb4
[2024-12-09T09:24:07+08:00][sql] SHOW FULL COLUMNS FROM `cmf_hook` [ RunTime:0.001806s ]
[2024-12-09T09:24:07+08:00][sql] SELECT `hook`,`id` FROM `cmf_hook` WHERE  (  (  `app` = '' OR `app` = 'cmf' )  AND `type` = 3 ) OR `type` = 1 [ RunTime:0.000669s ]
[2024-12-09T09:24:07+08:00][sql] SHOW FULL COLUMNS FROM `cmf_hook_plugin` [ RunTime:0.001522s ]
[2024-12-09T09:24:07+08:00][sql] SELECT `hook`,`plugin` FROM `cmf_hook_plugin` WHERE  `status` = 1  AND `hook` IN ('app_begin','module_init','action_begin','view_filter','app_end','log_write','response_end','admin_init','home_init','send_mobile_verification_code','body_start','before_head_end','footer_start','before_footer','before_footer_end','before_body_end','left_sidebar_start','before_left_sidebar_end','right_sidebar_start','before_right_sidebar_end','comment','guestbook','switch_theme','after_content','before_content','log_write_done','switch_admin_theme','captcha_image') ORDER BY `list_order` ASC [ RunTime:0.000713s ]
[2024-12-09T09:24:07+08:00][sql] SHOW FULL COLUMNS FROM `cmf_plugin` [ RunTime:0.002004s ]
[2024-12-09T09:24:07+08:00][sql] SELECT `config` FROM `cmf_plugin` WHERE  `name` = 'Qiniu' LIMIT 1 [ RunTime:0.000528s ]
[2024-12-09T09:24:07+08:00][sql] SHOW FULL COLUMNS FROM `cmf_live` [ RunTime:0.002033s ]
[2024-12-09T09:24:07+08:00][sql] SELECT * FROM `cmf_live` WHERE  ( islive='1' and isrecommend='1' and type='0' and live_type=0 ) [ RunTime:0.000895s ]
[2024-12-09T09:24:07+08:00][sql] SHOW FULL COLUMNS FROM `cmf_slide_item` [ RunTime:0.001741s ]
[2024-12-09T09:24:07+08:00][sql] SELECT * FROM `cmf_slide_item` WHERE  ( status='1' and slide_id='1' ) ORDER BY `list_order` ASC [ RunTime:0.000619s ]
[2024-12-09T09:24:07+08:00][sql] SHOW FULL COLUMNS FROM `cmf_live_class` [ RunTime:0.001495s ]
[2024-12-09T09:24:07+08:00][sql] SELECT * FROM `cmf_live_class` ORDER BY `list_order` LIMIT 5 [ RunTime:0.000456s ]
[2024-12-09T09:24:07+08:00][sql] SELECT * FROM `cmf_live` WHERE  `islive` = 1  AND `live_type` = 0  AND `liveclassid` = 8 ORDER BY `recommend_time` DESC,`starttime` DESC LIMIT 5 [ RunTime:0.000766s ]
[2024-12-09T09:24:07+08:00][sql] SELECT `uid`,`thumb`,`stream`,`title`,`city`,`islive`,`type` FROM `cmf_live` WHERE  ( islive='1' and ishot='1' and live_type=0 ) ORDER BY `isrecommend` DESC,`recommend_time` DESC,`hotvotes` DESC,`starttime` DESC LIMIT 5 [ RunTime:0.000523s ]
[2024-12-09T09:24:07+08:00][sql] SELECT `uid`,`thumb`,`stream`,`title`,`city`,`islive`,`type` FROM `cmf_live` WHERE  ( islive='1' and live_type=0 ) ORDER BY `starttime` DESC LIMIT 5 [ RunTime:0.000417s ]
[2024-12-09T09:24:07+08:00][sql] SHOW FULL COLUMNS FROM `cmf_theme_file` [ RunTime:0.001700s ]
[2024-12-09T09:24:07+08:00][sql] SELECT `more` FROM `cmf_theme_file` WHERE  `theme` = 'default'  AND (  `is_public` = 1 OR `file` = '../home/index/index' ) [ RunTime:0.000581s ]
[2024-12-09T09:58:44+08:00][sql] CONNECT:[ UseTime:0.000690s ] mysql:host=127.0.0.1;port=3306;dbname=zhibo;charset=utf8mb4
[2024-12-09T09:58:44+08:00][sql] SHOW FULL COLUMNS FROM `cmf_hook` [ RunTime:0.001657s ]
[2024-12-09T09:58:44+08:00][sql] SELECT `hook`,`id` FROM `cmf_hook` WHERE  (  (  `app` = '' OR `app` = 'cmf' )  AND `type` = 3 ) OR `type` = 1 [ RunTime:0.000667s ]
[2024-12-09T09:58:44+08:00][sql] SHOW FULL COLUMNS FROM `cmf_hook_plugin` [ RunTime:0.001406s ]
[2024-12-09T09:58:44+08:00][sql] SELECT `hook`,`plugin` FROM `cmf_hook_plugin` WHERE  `status` = 1  AND `hook` IN ('app_begin','module_init','action_begin','view_filter','app_end','log_write','response_end','admin_init','home_init','send_mobile_verification_code','body_start','before_head_end','footer_start','before_footer','before_footer_end','before_body_end','left_sidebar_start','before_left_sidebar_end','right_sidebar_start','before_right_sidebar_end','comment','guestbook','switch_theme','after_content','before_content','log_write_done','switch_admin_theme','captcha_image') ORDER BY `list_order` ASC [ RunTime:0.000761s ]
[2024-12-09T09:58:44+08:00][sql] CONNECT:[ UseTime:0.000664s ] mysql:host=127.0.0.1;port=3306;dbname=zhibo;charset=utf8mb4
[2024-12-09T09:58:44+08:00][sql] SHOW FULL COLUMNS FROM `cmf_hook` [ RunTime:0.001540s ]
[2024-12-09T09:58:44+08:00][sql] SELECT `hook`,`id` FROM `cmf_hook` WHERE  (  (  `app` = '' OR `app` = 'cmf' )  AND `type` = 3 ) OR `type` = 1 [ RunTime:0.000689s ]
[2024-12-09T09:58:44+08:00][sql] SHOW FULL COLUMNS FROM `cmf_hook_plugin` [ RunTime:0.001314s ]
[2024-12-09T09:58:44+08:00][sql] SELECT `hook`,`plugin` FROM `cmf_hook_plugin` WHERE  `status` = 1  AND `hook` IN ('app_begin','module_init','action_begin','view_filter','app_end','log_write','response_end','admin_init','home_init','send_mobile_verification_code','body_start','before_head_end','footer_start','before_footer','before_footer_end','before_body_end','left_sidebar_start','before_left_sidebar_end','right_sidebar_start','before_right_sidebar_end','comment','guestbook','switch_theme','after_content','before_content','log_write_done','switch_admin_theme','captcha_image') ORDER BY `list_order` ASC [ RunTime:0.000756s ]
[2024-12-09T10:05:57+08:00][sql] CONNECT:[ UseTime:0.000693s ] mysql:host=127.0.0.1;port=3306;dbname=zhibo;charset=utf8mb4
[2024-12-09T10:05:57+08:00][sql] SHOW FULL COLUMNS FROM `cmf_hook` [ RunTime:0.001547s ]
[2024-12-09T10:05:57+08:00][sql] SELECT `hook`,`id` FROM `cmf_hook` WHERE  (  (  `app` = '' OR `app` = 'cmf' )  AND `type` = 3 ) OR `type` = 1 [ RunTime:0.000628s ]
[2024-12-09T10:05:57+08:00][sql] SHOW FULL COLUMNS FROM `cmf_hook_plugin` [ RunTime:0.001249s ]
[2024-12-09T10:05:57+08:00][sql] SELECT `hook`,`plugin` FROM `cmf_hook_plugin` WHERE  `status` = 1  AND `hook` IN ('app_begin','module_init','action_begin','view_filter','app_end','log_write','response_end','admin_init','home_init','send_mobile_verification_code','body_start','before_head_end','footer_start','before_footer','before_footer_end','before_body_end','left_sidebar_start','before_left_sidebar_end','right_sidebar_start','before_right_sidebar_end','comment','guestbook','switch_theme','after_content','before_content','log_write_done','switch_admin_theme','captcha_image') ORDER BY `list_order` ASC [ RunTime:0.000724s ]
[2024-12-09T10:05:57+08:00][sql] SHOW FULL COLUMNS FROM `cmf_plugin` [ RunTime:0.001900s ]
[2024-12-09T10:05:57+08:00][sql] SELECT `config` FROM `cmf_plugin` WHERE  `name` = 'Qiniu' LIMIT 1 [ RunTime:0.000541s ]
[2024-12-09T10:05:57+08:00][sql] SHOW FULL COLUMNS FROM `cmf_live` [ RunTime:0.001964s ]
[2024-12-09T10:05:57+08:00][sql] SELECT * FROM `cmf_live` WHERE  ( islive='1' and isrecommend='1' and type='0' and live_type=0 ) [ RunTime:0.001053s ]
[2024-12-09T10:05:57+08:00][sql] SHOW FULL COLUMNS FROM `cmf_slide_item` [ RunTime:0.001495s ]
[2024-12-09T10:05:57+08:00][sql] SELECT * FROM `cmf_slide_item` WHERE  ( status='1' and slide_id='1' ) ORDER BY `list_order` ASC [ RunTime:0.000640s ]
[2024-12-09T10:05:57+08:00][sql] SHOW FULL COLUMNS FROM `cmf_live_class` [ RunTime:0.001277s ]
[2024-12-09T10:05:57+08:00][sql] SELECT * FROM `cmf_live_class` ORDER BY `list_order` LIMIT 5 [ RunTime:0.000472s ]
[2024-12-09T10:05:57+08:00][sql] SELECT * FROM `cmf_live` WHERE  `islive` = 1  AND `live_type` = 0  AND `liveclassid` = 8 ORDER BY `recommend_time` DESC,`starttime` DESC LIMIT 5 [ RunTime:0.000847s ]
[2024-12-09T10:05:57+08:00][sql] SELECT `uid`,`thumb`,`stream`,`title`,`city`,`islive`,`type` FROM `cmf_live` WHERE  ( islive='1' and ishot='1' and live_type=0 ) ORDER BY `isrecommend` DESC,`recommend_time` DESC,`hotvotes` DESC,`starttime` DESC LIMIT 5 [ RunTime:0.000535s ]
[2024-12-09T10:05:57+08:00][sql] SELECT `uid`,`thumb`,`stream`,`title`,`city`,`islive`,`type` FROM `cmf_live` WHERE  ( islive='1' and live_type=0 ) ORDER BY `starttime` DESC LIMIT 5 [ RunTime:0.000440s ]
[2024-12-09T10:05:57+08:00][sql] SHOW FULL COLUMNS FROM `cmf_theme_file` [ RunTime:0.001639s ]
[2024-12-09T10:05:57+08:00][sql] SELECT `more` FROM `cmf_theme_file` WHERE  `theme` = 'default'  AND (  `is_public` = 1 OR `file` = '../home/index/index' ) [ RunTime:0.000629s ]
[2024-12-09T11:31:30+08:00][sql] CONNECT:[ UseTime:0.000669s ] mysql:host=127.0.0.1;port=3306;dbname=zhibo;charset=utf8mb4
[2024-12-09T11:31:30+08:00][sql] SHOW FULL COLUMNS FROM `cmf_hook` [ RunTime:0.001563s ]
[2024-12-09T11:31:30+08:00][sql] SELECT `hook`,`id` FROM `cmf_hook` WHERE  (  (  `app` = '' OR `app` = 'cmf' )  AND `type` = 3 ) OR `type` = 1 [ RunTime:0.000632s ]
[2024-12-09T11:31:30+08:00][sql] SHOW FULL COLUMNS FROM `cmf_hook_plugin` [ RunTime:0.001247s ]
[2024-12-09T11:31:30+08:00][sql] SELECT `hook`,`plugin` FROM `cmf_hook_plugin` WHERE  `status` = 1  AND `hook` IN ('app_begin','module_init','action_begin','view_filter','app_end','log_write','response_end','admin_init','home_init','send_mobile_verification_code','body_start','before_head_end','footer_start','before_footer','before_footer_end','before_body_end','left_sidebar_start','before_left_sidebar_end','right_sidebar_start','before_right_sidebar_end','comment','guestbook','switch_theme','after_content','before_content','log_write_done','switch_admin_theme','captcha_image') ORDER BY `list_order` ASC [ RunTime:0.000752s ]
[2024-12-09T11:41:11+08:00][sql] CONNECT:[ UseTime:0.000626s ] mysql:host=127.0.0.1;port=3306;dbname=zhibo;charset=utf8mb4
[2024-12-09T11:41:11+08:00][sql] SHOW FULL COLUMNS FROM `cmf_hook` [ RunTime:0.001664s ]
[2024-12-09T11:41:11+08:00][sql] SELECT `hook`,`id` FROM `cmf_hook` WHERE  (  (  `app` = '' OR `app` = 'cmf' )  AND `type` = 3 ) OR `type` = 1 [ RunTime:0.000589s ]
[2024-12-09T11:41:11+08:00][sql] SHOW FULL COLUMNS FROM `cmf_hook_plugin` [ RunTime:0.001371s ]
[2024-12-09T11:41:11+08:00][sql] SELECT `hook`,`plugin` FROM `cmf_hook_plugin` WHERE  `status` = 1  AND `hook` IN ('app_begin','module_init','action_begin','view_filter','app_end','log_write','response_end','admin_init','home_init','send_mobile_verification_code','body_start','before_head_end','footer_start','before_footer','before_footer_end','before_body_end','left_sidebar_start','before_left_sidebar_end','right_sidebar_start','before_right_sidebar_end','comment','guestbook','switch_theme','after_content','before_content','log_write_done','switch_admin_theme','captcha_image') ORDER BY `list_order` ASC [ RunTime:0.000672s ]
[2024-12-09T11:41:11+08:00][sql] SHOW FULL COLUMNS FROM `cmf_plugin` [ RunTime:0.001768s ]
[2024-12-09T11:41:11+08:00][sql] SELECT `config` FROM `cmf_plugin` WHERE  `name` = 'Qiniu' LIMIT 1 [ RunTime:0.000426s ]
[2024-12-09T11:41:11+08:00][sql] SHOW FULL COLUMNS FROM `cmf_live` [ RunTime:0.001819s ]
[2024-12-09T11:41:11+08:00][sql] SELECT * FROM `cmf_live` WHERE  ( islive='1' and isrecommend='1' and type='0' and live_type=0 ) [ RunTime:0.000845s ]
[2024-12-09T11:41:11+08:00][sql] SHOW FULL COLUMNS FROM `cmf_slide_item` [ RunTime:0.001516s ]
[2024-12-09T11:41:11+08:00][sql] SELECT * FROM `cmf_slide_item` WHERE  ( status='1' and slide_id='1' ) ORDER BY `list_order` ASC [ RunTime:0.000567s ]
[2024-12-09T11:41:11+08:00][sql] SHOW FULL COLUMNS FROM `cmf_live_class` [ RunTime:0.001203s ]
[2024-12-09T11:41:11+08:00][sql] SELECT * FROM `cmf_live_class` ORDER BY `list_order` LIMIT 5 [ RunTime:0.000462s ]
[2024-12-09T11:41:11+08:00][sql] SELECT * FROM `cmf_live` WHERE  `islive` = 1  AND `live_type` = 0  AND `liveclassid` = 8 ORDER BY `recommend_time` DESC,`starttime` DESC LIMIT 5 [ RunTime:0.000749s ]
[2024-12-09T11:41:11+08:00][sql] SELECT `uid`,`thumb`,`stream`,`title`,`city`,`islive`,`type` FROM `cmf_live` WHERE  ( islive='1' and ishot='1' and live_type=0 ) ORDER BY `isrecommend` DESC,`recommend_time` DESC,`hotvotes` DESC,`starttime` DESC LIMIT 5 [ RunTime:0.000439s ]
[2024-12-09T11:41:11+08:00][sql] SELECT `uid`,`thumb`,`stream`,`title`,`city`,`islive`,`type` FROM `cmf_live` WHERE  ( islive='1' and live_type=0 ) ORDER BY `starttime` DESC LIMIT 5 [ RunTime:0.000443s ]
[2024-12-09T11:41:11+08:00][sql] SHOW FULL COLUMNS FROM `cmf_theme_file` [ RunTime:0.001543s ]
[2024-12-09T11:41:11+08:00][sql] SELECT `more` FROM `cmf_theme_file` WHERE  `theme` = 'default'  AND (  `is_public` = 1 OR `file` = '../home/index/index' ) [ RunTime:0.000503s ]
[2024-12-09T13:39:17+08:00][sql] CONNECT:[ UseTime:0.000670s ] mysql:host=127.0.0.1;port=3306;dbname=zhibo;charset=utf8mb4
[2024-12-09T13:39:17+08:00][sql] SHOW FULL COLUMNS FROM `cmf_hook` [ RunTime:0.001759s ]
[2024-12-09T13:39:17+08:00][sql] SELECT `hook`,`id` FROM `cmf_hook` WHERE  (  (  `app` = '' OR `app` = 'cmf' )  AND `type` = 3 ) OR `type` = 1 [ RunTime:0.000668s ]
[2024-12-09T13:39:17+08:00][sql] SHOW FULL COLUMNS FROM `cmf_hook_plugin` [ RunTime:0.001381s ]
[2024-12-09T13:39:17+08:00][sql] SELECT `hook`,`plugin` FROM `cmf_hook_plugin` WHERE  `status` = 1  AND `hook` IN ('app_begin','module_init','action_begin','view_filter','app_end','log_write','response_end','admin_init','home_init','send_mobile_verification_code','body_start','before_head_end','footer_start','before_footer','before_footer_end','before_body_end','left_sidebar_start','before_left_sidebar_end','right_sidebar_start','before_right_sidebar_end','comment','guestbook','switch_theme','after_content','before_content','log_write_done','switch_admin_theme','captcha_image') ORDER BY `list_order` ASC [ RunTime:0.000719s ]
[2024-12-09T13:39:17+08:00][sql] SHOW FULL COLUMNS FROM `cmf_plugin` [ RunTime:0.001810s ]
[2024-12-09T13:39:17+08:00][sql] SELECT `config` FROM `cmf_plugin` WHERE  `name` = 'Qiniu' LIMIT 1 [ RunTime:0.000547s ]
[2024-12-09T13:39:17+08:00][sql] SHOW FULL COLUMNS FROM `cmf_live` [ RunTime:0.001896s ]
[2024-12-09T13:39:17+08:00][sql] SELECT * FROM `cmf_live` WHERE  ( islive='1' and isrecommend='1' and type='0' and live_type=0 ) [ RunTime:0.000964s ]
[2024-12-09T13:39:17+08:00][sql] SHOW FULL COLUMNS FROM `cmf_slide_item` [ RunTime:0.001543s ]
[2024-12-09T13:39:17+08:00][sql] SELECT * FROM `cmf_slide_item` WHERE  ( status='1' and slide_id='1' ) ORDER BY `list_order` ASC [ RunTime:0.000607s ]
[2024-12-09T13:39:17+08:00][sql] SHOW FULL COLUMNS FROM `cmf_live_class` [ RunTime:0.001367s ]
[2024-12-09T13:39:17+08:00][sql] SELECT * FROM `cmf_live_class` ORDER BY `list_order` LIMIT 5 [ RunTime:0.000500s ]
[2024-12-09T13:39:17+08:00][sql] SELECT * FROM `cmf_live` WHERE  `islive` = 1  AND `live_type` = 0  AND `liveclassid` = 8 ORDER BY `recommend_time` DESC,`starttime` DESC LIMIT 5 [ RunTime:0.000773s ]
[2024-12-09T13:39:17+08:00][sql] SELECT `uid`,`thumb`,`stream`,`title`,`city`,`islive`,`type` FROM `cmf_live` WHERE  ( islive='1' and ishot='1' and live_type=0 ) ORDER BY `isrecommend` DESC,`recommend_time` DESC,`hotvotes` DESC,`starttime` DESC LIMIT 5 [ RunTime:0.000518s ]
[2024-12-09T13:39:17+08:00][sql] SELECT `uid`,`thumb`,`stream`,`title`,`city`,`islive`,`type` FROM `cmf_live` WHERE  ( islive='1' and live_type=0 ) ORDER BY `starttime` DESC LIMIT 5 [ RunTime:0.000434s ]
[2024-12-09T13:39:17+08:00][sql] SHOW FULL COLUMNS FROM `cmf_theme_file` [ RunTime:0.001592s ]
[2024-12-09T13:39:17+08:00][sql] SELECT `more` FROM `cmf_theme_file` WHERE  `theme` = 'default'  AND (  `is_public` = 1 OR `file` = '../home/index/index' ) [ RunTime:0.000578s ]
[2024-12-09T13:48:38+08:00][sql] CONNECT:[ UseTime:0.000673s ] mysql:host=127.0.0.1;port=3306;dbname=zhibo;charset=utf8mb4
[2024-12-09T13:48:38+08:00][sql] SHOW FULL COLUMNS FROM `cmf_hook` [ RunTime:0.001597s ]
[2024-12-09T13:48:38+08:00][sql] SELECT `hook`,`id` FROM `cmf_hook` WHERE  (  (  `app` = '' OR `app` = 'cmf' )  AND `type` = 3 ) OR `type` = 1 [ RunTime:0.000630s ]
[2024-12-09T13:48:38+08:00][sql] SHOW FULL COLUMNS FROM `cmf_hook_plugin` [ RunTime:0.001288s ]
[2024-12-09T13:48:38+08:00][sql] SELECT `hook`,`plugin` FROM `cmf_hook_plugin` WHERE  `status` = 1  AND `hook` IN ('app_begin','module_init','action_begin','view_filter','app_end','log_write','response_end','admin_init','home_init','send_mobile_verification_code','body_start','before_head_end','footer_start','before_footer','before_footer_end','before_body_end','left_sidebar_start','before_left_sidebar_end','right_sidebar_start','before_right_sidebar_end','comment','guestbook','switch_theme','after_content','before_content','log_write_done','switch_admin_theme','captcha_image') ORDER BY `list_order` ASC [ RunTime:0.000746s ]
[2024-12-09T13:49:26+08:00][sql] CONNECT:[ UseTime:0.000642s ] mysql:host=127.0.0.1;port=3306;dbname=zhibo;charset=utf8mb4
[2024-12-09T13:49:26+08:00][sql] SHOW FULL COLUMNS FROM `cmf_hook` [ RunTime:0.001621s ]
[2024-12-09T13:49:26+08:00][sql] SELECT `hook`,`id` FROM `cmf_hook` WHERE  (  (  `app` = '' OR `app` = 'cmf' )  AND `type` = 3 ) OR `type` = 1 [ RunTime:0.000635s ]
[2024-12-09T13:49:26+08:00][sql] SHOW FULL COLUMNS FROM `cmf_hook_plugin` [ RunTime:0.001284s ]
[2024-12-09T13:49:26+08:00][sql] SELECT `hook`,`plugin` FROM `cmf_hook_plugin` WHERE  `status` = 1  AND `hook` IN ('app_begin','module_init','action_begin','view_filter','app_end','log_write','response_end','admin_init','home_init','send_mobile_verification_code','body_start','before_head_end','footer_start','before_footer','before_footer_end','before_body_end','left_sidebar_start','before_left_sidebar_end','right_sidebar_start','before_right_sidebar_end','comment','guestbook','switch_theme','after_content','before_content','log_write_done','switch_admin_theme','captcha_image') ORDER BY `list_order` ASC [ RunTime:0.000783s ]
[2024-12-09T14:12:11+08:00][sql] CONNECT:[ UseTime:0.000650s ] mysql:host=127.0.0.1;port=3306;dbname=zhibo;charset=utf8mb4
[2024-12-09T14:12:11+08:00][sql] SHOW FULL COLUMNS FROM `cmf_hook` [ RunTime:0.001597s ]
[2024-12-09T14:12:11+08:00][sql] SELECT `hook`,`id` FROM `cmf_hook` WHERE  (  (  `app` = '' OR `app` = 'cmf' )  AND `type` = 3 ) OR `type` = 1 [ RunTime:0.000685s ]
[2024-12-09T14:12:11+08:00][sql] SHOW FULL COLUMNS FROM `cmf_hook_plugin` [ RunTime:0.001278s ]
[2024-12-09T14:12:11+08:00][sql] SELECT `hook`,`plugin` FROM `cmf_hook_plugin` WHERE  `status` = 1  AND `hook` IN ('app_begin','module_init','action_begin','view_filter','app_end','log_write','response_end','admin_init','home_init','send_mobile_verification_code','body_start','before_head_end','footer_start','before_footer','before_footer_end','before_body_end','left_sidebar_start','before_left_sidebar_end','right_sidebar_start','before_right_sidebar_end','comment','guestbook','switch_theme','after_content','before_content','log_write_done','switch_admin_theme','captcha_image') ORDER BY `list_order` ASC [ RunTime:0.000735s ]
[2024-12-09T14:12:11+08:00][sql] SHOW FULL COLUMNS FROM `cmf_plugin` [ RunTime:0.001752s ]
[2024-12-09T14:12:11+08:00][sql] SELECT `config` FROM `cmf_plugin` WHERE  `name` = 'Qiniu' LIMIT 1 [ RunTime:0.000519s ]
[2024-12-09T14:12:11+08:00][sql] SHOW FULL COLUMNS FROM `cmf_family_user` [ RunTime:0.001549s ]
[2024-12-09T14:12:11+08:00][sql] SELECT * FROM `cmf_family_user` WHERE  `uid` = 4 LIMIT 1 [ RunTime:0.000543s ]
[2024-12-09T14:12:11+08:00][sql] SHOW FULL COLUMNS FROM `cmf_family` [ RunTime:0.001337s ]
[2024-12-09T14:12:11+08:00][sql] SELECT * FROM `cmf_family` WHERE  ( disable=0 and state=2 ) ORDER BY `addtime` ASC LIMIT 0,50 [ RunTime:0.000519s ]
[2024-12-09T14:12:11+08:00][sql] SHOW FULL COLUMNS FROM `cmf_theme_file` [ RunTime:0.001526s ]
[2024-12-09T14:12:11+08:00][sql] SELECT `more` FROM `cmf_theme_file` WHERE  `theme` = 'default'  AND (  `is_public` = 1 OR `file` = '../appapi/family/index' ) [ RunTime:0.000524s ]
[2024-12-09T14:12:12+08:00][sql] CONNECT:[ UseTime:0.000701s ] mysql:host=127.0.0.1;port=3306;dbname=zhibo;charset=utf8mb4
[2024-12-09T14:12:12+08:00][sql] SHOW FULL COLUMNS FROM `cmf_hook` [ RunTime:0.001643s ]
[2024-12-09T14:12:12+08:00][sql] SELECT `hook`,`id` FROM `cmf_hook` WHERE  (  (  `app` = '' OR `app` = 'cmf' )  AND `type` = 3 ) OR `type` = 1 [ RunTime:0.000632s ]
[2024-12-09T14:12:12+08:00][sql] SHOW FULL COLUMNS FROM `cmf_hook_plugin` [ RunTime:0.001347s ]
[2024-12-09T14:12:12+08:00][sql] SELECT `hook`,`plugin` FROM `cmf_hook_plugin` WHERE  `status` = 1  AND `hook` IN ('app_begin','module_init','action_begin','view_filter','app_end','log_write','response_end','admin_init','home_init','send_mobile_verification_code','body_start','before_head_end','footer_start','before_footer','before_footer_end','before_body_end','left_sidebar_start','before_left_sidebar_end','right_sidebar_start','before_right_sidebar_end','comment','guestbook','switch_theme','after_content','before_content','log_write_done','switch_admin_theme','captcha_image') ORDER BY `list_order` ASC [ RunTime:0.000705s ]
[2024-12-09T14:12:12+08:00][sql] CONNECT:[ UseTime:0.000620s ] mysql:host=127.0.0.1;port=3306;dbname=zhibo;charset=utf8mb4
[2024-12-09T14:12:12+08:00][sql] SHOW FULL COLUMNS FROM `cmf_hook` [ RunTime:0.001556s ]
[2024-12-09T14:12:12+08:00][sql] SELECT `hook`,`id` FROM `cmf_hook` WHERE  (  (  `app` = '' OR `app` = 'cmf' )  AND `type` = 3 ) OR `type` = 1 [ RunTime:0.000649s ]
[2024-12-09T14:12:12+08:00][sql] SHOW FULL COLUMNS FROM `cmf_hook_plugin` [ RunTime:0.001258s ]
[2024-12-09T14:12:12+08:00][sql] SELECT `hook`,`plugin` FROM `cmf_hook_plugin` WHERE  `status` = 1  AND `hook` IN ('app_begin','module_init','action_begin','view_filter','app_end','log_write','response_end','admin_init','home_init','send_mobile_verification_code','body_start','before_head_end','footer_start','before_footer','before_footer_end','before_body_end','left_sidebar_start','before_left_sidebar_end','right_sidebar_start','before_right_sidebar_end','comment','guestbook','switch_theme','after_content','before_content','log_write_done','switch_admin_theme','captcha_image') ORDER BY `list_order` ASC [ RunTime:0.000758s ]
[2024-12-09T14:14:34+08:00][sql] CONNECT:[ UseTime:0.000614s ] mysql:host=127.0.0.1;port=3306;dbname=zhibo;charset=utf8mb4
[2024-12-09T14:14:34+08:00][sql] SHOW FULL COLUMNS FROM `cmf_hook` [ RunTime:0.001595s ]
[2024-12-09T14:14:34+08:00][sql] SELECT `hook`,`id` FROM `cmf_hook` WHERE  (  (  `app` = '' OR `app` = 'cmf' )  AND `type` = 3 ) OR `type` = 1 [ RunTime:0.000646s ]
[2024-12-09T14:14:34+08:00][sql] SHOW FULL COLUMNS FROM `cmf_hook_plugin` [ RunTime:0.001288s ]
[2024-12-09T14:14:34+08:00][sql] SELECT `hook`,`plugin` FROM `cmf_hook_plugin` WHERE  `status` = 1  AND `hook` IN ('app_begin','module_init','action_begin','view_filter','app_end','log_write','response_end','admin_init','home_init','send_mobile_verification_code','body_start','before_head_end','footer_start','before_footer','before_footer_end','before_body_end','left_sidebar_start','before_left_sidebar_end','right_sidebar_start','before_right_sidebar_end','comment','guestbook','switch_theme','after_content','before_content','log_write_done','switch_admin_theme','captcha_image') ORDER BY `list_order` ASC [ RunTime:0.000732s ]
[2024-12-09T14:14:34+08:00][sql] SHOW FULL COLUMNS FROM `cmf_plugin` [ RunTime:0.001796s ]
[2024-12-09T14:14:34+08:00][sql] SELECT `config` FROM `cmf_plugin` WHERE  `name` = 'Qiniu' LIMIT 1 [ RunTime:0.000513s ]
[2024-12-09T14:14:34+08:00][sql] SHOW FULL COLUMNS FROM `cmf_family` [ RunTime:0.001629s ]
[2024-12-09T14:14:34+08:00][sql] SELECT * FROM `cmf_family` WHERE  `uid` = 4 LIMIT 1 [ RunTime:0.000622s ]
[2024-12-09T14:14:34+08:00][sql] SHOW FULL COLUMNS FROM `cmf_family_user` [ RunTime:0.001343s ]
[2024-12-09T14:14:34+08:00][sql] SELECT * FROM `cmf_family_user` WHERE  `uid` = 4 LIMIT 1 [ RunTime:0.000495s ]
[2024-12-09T14:14:34+08:00][sql] SHOW FULL COLUMNS FROM `cmf_theme_file` [ RunTime:0.001562s ]
[2024-12-09T14:14:34+08:00][sql] SELECT `more` FROM `cmf_theme_file` WHERE  `theme` = 'default'  AND (  `is_public` = 1 OR `file` = '../appapi/family/apply_wait' ) [ RunTime:0.000559s ]
[2024-12-09T14:14:35+08:00][sql] CONNECT:[ UseTime:0.000643s ] mysql:host=127.0.0.1;port=3306;dbname=zhibo;charset=utf8mb4
[2024-12-09T14:14:35+08:00][sql] SHOW FULL COLUMNS FROM `cmf_hook` [ RunTime:0.001678s ]
[2024-12-09T14:14:35+08:00][sql] SELECT `hook`,`id` FROM `cmf_hook` WHERE  (  (  `app` = '' OR `app` = 'cmf' )  AND `type` = 3 ) OR `type` = 1 [ RunTime:0.000732s ]
[2024-12-09T14:14:35+08:00][sql] SHOW FULL COLUMNS FROM `cmf_hook_plugin` [ RunTime:0.001343s ]
[2024-12-09T14:14:35+08:00][sql] SELECT `hook`,`plugin` FROM `cmf_hook_plugin` WHERE  `status` = 1  AND `hook` IN ('app_begin','module_init','action_begin','view_filter','app_end','log_write','response_end','admin_init','home_init','send_mobile_verification_code','body_start','before_head_end','footer_start','before_footer','before_footer_end','before_body_end','left_sidebar_start','before_left_sidebar_end','right_sidebar_start','before_right_sidebar_end','comment','guestbook','switch_theme','after_content','before_content','log_write_done','switch_admin_theme','captcha_image') ORDER BY `list_order` ASC [ RunTime:0.000709s ]
[2024-12-09T14:14:35+08:00][sql] CONNECT:[ UseTime:0.000620s ] mysql:host=127.0.0.1;port=3306;dbname=zhibo;charset=utf8mb4
[2024-12-09T14:14:35+08:00][sql] SHOW FULL COLUMNS FROM `cmf_hook` [ RunTime:0.001542s ]
[2024-12-09T14:14:35+08:00][sql] SELECT `hook`,`id` FROM `cmf_hook` WHERE  (  (  `app` = '' OR `app` = 'cmf' )  AND `type` = 3 ) OR `type` = 1 [ RunTime:0.000639s ]
[2024-12-09T14:14:35+08:00][sql] SHOW FULL COLUMNS FROM `cmf_hook_plugin` [ RunTime:0.001324s ]
[2024-12-09T14:14:35+08:00][sql] SELECT `hook`,`plugin` FROM `cmf_hook_plugin` WHERE  `status` = 1  AND `hook` IN ('app_begin','module_init','action_begin','view_filter','app_end','log_write','response_end','admin_init','home_init','send_mobile_verification_code','body_start','before_head_end','footer_start','before_footer','before_footer_end','before_body_end','left_sidebar_start','before_left_sidebar_end','right_sidebar_start','before_right_sidebar_end','comment','guestbook','switch_theme','after_content','before_content','log_write_done','switch_admin_theme','captcha_image') ORDER BY `list_order` ASC [ RunTime:0.001000s ]
[2024-12-09T14:54:42+08:00][sql] CONNECT:[ UseTime:0.000633s ] mysql:host=127.0.0.1;port=3306;dbname=zhibo;charset=utf8mb4
[2024-12-09T14:54:42+08:00][sql] SHOW FULL COLUMNS FROM `cmf_hook` [ RunTime:0.001623s ]
[2024-12-09T14:54:42+08:00][sql] SELECT `hook`,`id` FROM `cmf_hook` WHERE  (  (  `app` = '' OR `app` = 'cmf' )  AND `type` = 3 ) OR `type` = 1 [ RunTime:0.000608s ]
[2024-12-09T14:54:42+08:00][sql] SHOW FULL COLUMNS FROM `cmf_hook_plugin` [ RunTime:0.001279s ]
[2024-12-09T14:54:42+08:00][sql] SELECT `hook`,`plugin` FROM `cmf_hook_plugin` WHERE  `status` = 1  AND `hook` IN ('app_begin','module_init','action_begin','view_filter','app_end','log_write','response_end','admin_init','home_init','send_mobile_verification_code','body_start','before_head_end','footer_start','before_footer','before_footer_end','before_body_end','left_sidebar_start','before_left_sidebar_end','right_sidebar_start','before_right_sidebar_end','comment','guestbook','switch_theme','after_content','before_content','log_write_done','switch_admin_theme','captcha_image') ORDER BY `list_order` ASC [ RunTime:0.000687s ]
[2024-12-09T15:02:50+08:00][sql] CONNECT:[ UseTime:0.000648s ] mysql:host=127.0.0.1;port=3306;dbname=zhibo;charset=utf8mb4
[2024-12-09T15:02:50+08:00][sql] SHOW FULL COLUMNS FROM `cmf_hook` [ RunTime:0.001586s ]
[2024-12-09T15:02:50+08:00][sql] SELECT `hook`,`id` FROM `cmf_hook` WHERE  (  (  `app` = '' OR `app` = 'cmf' )  AND `type` = 3 ) OR `type` = 1 [ RunTime:0.000677s ]
[2024-12-09T15:02:50+08:00][sql] SHOW FULL COLUMNS FROM `cmf_hook_plugin` [ RunTime:0.001263s ]
[2024-12-09T15:02:50+08:00][sql] SELECT `hook`,`plugin` FROM `cmf_hook_plugin` WHERE  `status` = 1  AND `hook` IN ('app_begin','module_init','action_begin','view_filter','app_end','log_write','response_end','admin_init','home_init','send_mobile_verification_code','body_start','before_head_end','footer_start','before_footer','before_footer_end','before_body_end','left_sidebar_start','before_left_sidebar_end','right_sidebar_start','before_right_sidebar_end','comment','guestbook','switch_theme','after_content','before_content','log_write_done','switch_admin_theme','captcha_image') ORDER BY `list_order` ASC [ RunTime:0.000685s ]
[2024-12-09T15:40:37+08:00][sql] CONNECT:[ UseTime:0.000669s ] mysql:host=127.0.0.1;port=3306;dbname=zhibo;charset=utf8mb4
[2024-12-09T15:40:37+08:00][sql] SHOW FULL COLUMNS FROM `cmf_hook` [ RunTime:0.001634s ]
[2024-12-09T15:40:37+08:00][sql] SELECT `hook`,`id` FROM `cmf_hook` WHERE  (  (  `app` = '' OR `app` = 'cmf' )  AND `type` = 3 ) OR `type` = 1 [ RunTime:0.000636s ]
[2024-12-09T15:40:37+08:00][sql] SHOW FULL COLUMNS FROM `cmf_hook_plugin` [ RunTime:0.001321s ]
[2024-12-09T15:40:37+08:00][sql] SELECT `hook`,`plugin` FROM `cmf_hook_plugin` WHERE  `status` = 1  AND `hook` IN ('app_begin','module_init','action_begin','view_filter','app_end','log_write','response_end','admin_init','home_init','send_mobile_verification_code','body_start','before_head_end','footer_start','before_footer','before_footer_end','before_body_end','left_sidebar_start','before_left_sidebar_end','right_sidebar_start','before_right_sidebar_end','comment','guestbook','switch_theme','after_content','before_content','log_write_done','switch_admin_theme','captcha_image') ORDER BY `list_order` ASC [ RunTime:0.000738s ]
[2024-12-09T15:40:37+08:00][sql] SHOW FULL COLUMNS FROM `cmf_plugin` [ RunTime:0.001700s ]
[2024-12-09T15:40:37+08:00][sql] SELECT `config` FROM `cmf_plugin` WHERE  `name` = 'Qiniu' LIMIT 1 [ RunTime:0.000484s ]
[2024-12-09T15:40:37+08:00][sql] SHOW FULL COLUMNS FROM `cmf_live` [ RunTime:0.001950s ]
[2024-12-09T15:40:37+08:00][sql] SELECT * FROM `cmf_live` WHERE  ( islive='1' and isrecommend='1' and type='0' and live_type=0 ) [ RunTime:0.000897s ]
[2024-12-09T15:40:37+08:00][sql] SHOW FULL COLUMNS FROM `cmf_slide_item` [ RunTime:0.001466s ]
[2024-12-09T15:40:37+08:00][sql] SELECT * FROM `cmf_slide_item` WHERE  ( status='1' and slide_id='1' ) ORDER BY `list_order` ASC [ RunTime:0.000599s ]
[2024-12-09T15:40:37+08:00][sql] SHOW FULL COLUMNS FROM `cmf_live_class` [ RunTime:0.001215s ]
[2024-12-09T15:40:37+08:00][sql] SELECT * FROM `cmf_live_class` ORDER BY `list_order` LIMIT 5 [ RunTime:0.000441s ]
[2024-12-09T15:40:37+08:00][sql] SELECT * FROM `cmf_live` WHERE  `islive` = 1  AND `live_type` = 0  AND `liveclassid` = 8 ORDER BY `recommend_time` DESC,`starttime` DESC LIMIT 5 [ RunTime:0.000739s ]
[2024-12-09T15:40:37+08:00][sql] SELECT `uid`,`thumb`,`stream`,`title`,`city`,`islive`,`type` FROM `cmf_live` WHERE  ( islive='1' and ishot='1' and live_type=0 ) ORDER BY `isrecommend` DESC,`recommend_time` DESC,`hotvotes` DESC,`starttime` DESC LIMIT 5 [ RunTime:0.000477s ]
[2024-12-09T15:40:37+08:00][sql] SELECT `uid`,`thumb`,`stream`,`title`,`city`,`islive`,`type` FROM `cmf_live` WHERE  ( islive='1' and live_type=0 ) ORDER BY `starttime` DESC LIMIT 5 [ RunTime:0.000401s ]
[2024-12-09T15:40:37+08:00][sql] SHOW FULL COLUMNS FROM `cmf_theme_file` [ RunTime:0.001556s ]
[2024-12-09T15:40:37+08:00][sql] SELECT `more` FROM `cmf_theme_file` WHERE  `theme` = 'default'  AND (  `is_public` = 1 OR `file` = '../home/index/index' ) [ RunTime:0.000508s ]
[2024-12-09T18:05:20+08:00][sql] CONNECT:[ UseTime:0.000633s ] mysql:host=127.0.0.1;port=3306;dbname=zhibo;charset=utf8mb4
[2024-12-09T18:05:20+08:00][sql] SHOW FULL COLUMNS FROM `cmf_hook` [ RunTime:0.001590s ]
[2024-12-09T18:05:20+08:00][sql] SELECT `hook`,`id` FROM `cmf_hook` WHERE  (  (  `app` = '' OR `app` = 'cmf' )  AND `type` = 3 ) OR `type` = 1 [ RunTime:0.000675s ]
[2024-12-09T18:05:20+08:00][sql] SHOW FULL COLUMNS FROM `cmf_hook_plugin` [ RunTime:0.001265s ]
[2024-12-09T18:05:20+08:00][sql] SELECT `hook`,`plugin` FROM `cmf_hook_plugin` WHERE  `status` = 1  AND `hook` IN ('app_begin','module_init','action_begin','view_filter','app_end','log_write','response_end','admin_init','home_init','send_mobile_verification_code','body_start','before_head_end','footer_start','before_footer','before_footer_end','before_body_end','left_sidebar_start','before_left_sidebar_end','right_sidebar_start','before_right_sidebar_end','comment','guestbook','switch_theme','after_content','before_content','log_write_done','switch_admin_theme','captcha_image') ORDER BY `list_order` ASC [ RunTime:0.000750s ]
[2024-12-09T18:10:28+08:00][sql] CONNECT:[ UseTime:0.000621s ] mysql:host=127.0.0.1;port=3306;dbname=zhibo;charset=utf8mb4
[2024-12-09T18:10:28+08:00][sql] SHOW FULL COLUMNS FROM `cmf_hook` [ RunTime:0.001637s ]
[2024-12-09T18:10:28+08:00][sql] SELECT `hook`,`id` FROM `cmf_hook` WHERE  (  (  `app` = '' OR `app` = 'cmf' )  AND `type` = 3 ) OR `type` = 1 [ RunTime:0.000637s ]
[2024-12-09T18:10:28+08:00][sql] SHOW FULL COLUMNS FROM `cmf_hook_plugin` [ RunTime:0.001332s ]
[2024-12-09T18:10:28+08:00][sql] SELECT `hook`,`plugin` FROM `cmf_hook_plugin` WHERE  `status` = 1  AND `hook` IN ('app_begin','module_init','action_begin','view_filter','app_end','log_write','response_end','admin_init','home_init','send_mobile_verification_code','body_start','before_head_end','footer_start','before_footer','before_footer_end','before_body_end','left_sidebar_start','before_left_sidebar_end','right_sidebar_start','before_right_sidebar_end','comment','guestbook','switch_theme','after_content','before_content','log_write_done','switch_admin_theme','captcha_image') ORDER BY `list_order` ASC [ RunTime:0.000717s ]
[2024-12-09T18:10:28+08:00][sql] SHOW FULL COLUMNS FROM `cmf_plugin` [ RunTime:0.001805s ]
[2024-12-09T18:10:28+08:00][sql] SELECT `config` FROM `cmf_plugin` WHERE  `name` = 'Qiniu' LIMIT 1 [ RunTime:0.000533s ]
[2024-12-09T18:10:28+08:00][sql] SHOW FULL COLUMNS FROM `cmf_live` [ RunTime:0.001900s ]
[2024-12-09T18:10:28+08:00][sql] SELECT * FROM `cmf_live` WHERE  ( islive='1' and isrecommend='1' and type='0' and live_type=0 ) [ RunTime:0.000885s ]
[2024-12-09T18:10:28+08:00][sql] SHOW FULL COLUMNS FROM `cmf_slide_item` [ RunTime:0.001552s ]
[2024-12-09T18:10:28+08:00][sql] SELECT * FROM `cmf_slide_item` WHERE  ( status='1' and slide_id='1' ) ORDER BY `list_order` ASC [ RunTime:0.000598s ]
[2024-12-09T18:10:28+08:00][sql] SHOW FULL COLUMNS FROM `cmf_live_class` [ RunTime:0.001278s ]
[2024-12-09T18:10:28+08:00][sql] SELECT * FROM `cmf_live_class` ORDER BY `list_order` LIMIT 5 [ RunTime:0.000444s ]
[2024-12-09T18:10:28+08:00][sql] SELECT * FROM `cmf_live` WHERE  `islive` = 1  AND `live_type` = 0  AND `liveclassid` = 8 ORDER BY `recommend_time` DESC,`starttime` DESC LIMIT 5 [ RunTime:0.000738s ]
[2024-12-09T18:10:28+08:00][sql] SELECT `uid`,`thumb`,`stream`,`title`,`city`,`islive`,`type` FROM `cmf_live` WHERE  ( islive='1' and ishot='1' and live_type=0 ) ORDER BY `isrecommend` DESC,`recommend_time` DESC,`hotvotes` DESC,`starttime` DESC LIMIT 5 [ RunTime:0.000502s ]
[2024-12-09T18:10:28+08:00][sql] SELECT `uid`,`thumb`,`stream`,`title`,`city`,`islive`,`type` FROM `cmf_live` WHERE  ( islive='1' and live_type=0 ) ORDER BY `starttime` DESC LIMIT 5 [ RunTime:0.000402s ]
[2024-12-09T18:10:28+08:00][sql] SHOW FULL COLUMNS FROM `cmf_theme_file` [ RunTime:0.001564s ]
[2024-12-09T18:10:28+08:00][sql] SELECT `more` FROM `cmf_theme_file` WHERE  `theme` = 'default'  AND (  `is_public` = 1 OR `file` = '../home/index/index' ) [ RunTime:0.000522s ]
[2024-12-09T18:31:35+08:00][sql] CONNECT:[ UseTime:0.000657s ] mysql:host=127.0.0.1;port=3306;dbname=zhibo;charset=utf8mb4
[2024-12-09T18:31:35+08:00][sql] SHOW FULL COLUMNS FROM `cmf_hook` [ RunTime:0.001720s ]
[2024-12-09T18:31:35+08:00][sql] SELECT `hook`,`id` FROM `cmf_hook` WHERE  (  (  `app` = '' OR `app` = 'cmf' )  AND `type` = 3 ) OR `type` = 1 [ RunTime:0.000686s ]
[2024-12-09T18:31:35+08:00][sql] SHOW FULL COLUMNS FROM `cmf_hook_plugin` [ RunTime:0.001264s ]
[2024-12-09T18:31:35+08:00][sql] SELECT `hook`,`plugin` FROM `cmf_hook_plugin` WHERE  `status` = 1  AND `hook` IN ('app_begin','module_init','action_begin','view_filter','app_end','log_write','response_end','admin_init','home_init','send_mobile_verification_code','body_start','before_head_end','footer_start','before_footer','before_footer_end','before_body_end','left_sidebar_start','before_left_sidebar_end','right_sidebar_start','before_right_sidebar_end','comment','guestbook','switch_theme','after_content','before_content','log_write_done','switch_admin_theme','captcha_image') ORDER BY `list_order` ASC [ RunTime:0.000717s ]
[2024-12-09T18:31:46+08:00][sql] CONNECT:[ UseTime:0.000657s ] mysql:host=127.0.0.1;port=3306;dbname=zhibo;charset=utf8mb4
[2024-12-09T18:31:46+08:00][sql] SHOW FULL COLUMNS FROM `cmf_hook` [ RunTime:0.001574s ]
[2024-12-09T18:31:46+08:00][sql] SELECT `hook`,`id` FROM `cmf_hook` WHERE  (  (  `app` = '' OR `app` = 'cmf' )  AND `type` = 3 ) OR `type` = 1 [ RunTime:0.000683s ]
[2024-12-09T18:31:46+08:00][sql] SHOW FULL COLUMNS FROM `cmf_hook_plugin` [ RunTime:0.001263s ]
[2024-12-09T18:31:46+08:00][sql] SELECT `hook`,`plugin` FROM `cmf_hook_plugin` WHERE  `status` = 1  AND `hook` IN ('app_begin','module_init','action_begin','view_filter','app_end','log_write','response_end','admin_init','home_init','send_mobile_verification_code','body_start','before_head_end','footer_start','before_footer','before_footer_end','before_body_end','left_sidebar_start','before_left_sidebar_end','right_sidebar_start','before_right_sidebar_end','comment','guestbook','switch_theme','after_content','before_content','log_write_done','switch_admin_theme','captcha_image') ORDER BY `list_order` ASC [ RunTime:0.000723s ]
[2024-12-09T18:42:30+08:00][sql] CONNECT:[ UseTime:0.000639s ] mysql:host=127.0.0.1;port=3306;dbname=zhibo;charset=utf8mb4
[2024-12-09T18:42:30+08:00][sql] SHOW FULL COLUMNS FROM `cmf_hook` [ RunTime:0.001615s ]
[2024-12-09T18:42:30+08:00][sql] SELECT `hook`,`id` FROM `cmf_hook` WHERE  (  (  `app` = '' OR `app` = 'cmf' )  AND `type` = 3 ) OR `type` = 1 [ RunTime:0.000658s ]
[2024-12-09T18:42:30+08:00][sql] SHOW FULL COLUMNS FROM `cmf_hook_plugin` [ RunTime:0.001218s ]
[2024-12-09T18:42:30+08:00][sql] SELECT `hook`,`plugin` FROM `cmf_hook_plugin` WHERE  `status` = 1  AND `hook` IN ('app_begin','module_init','action_begin','view_filter','app_end','log_write','response_end','admin_init','home_init','send_mobile_verification_code','body_start','before_head_end','footer_start','before_footer','before_footer_end','before_body_end','left_sidebar_start','before_left_sidebar_end','right_sidebar_start','before_right_sidebar_end','comment','guestbook','switch_theme','after_content','before_content','log_write_done','switch_admin_theme','captcha_image') ORDER BY `list_order` ASC [ RunTime:0.000770s ]
[2024-12-09T18:44:29+08:00][sql] CONNECT:[ UseTime:0.000641s ] mysql:host=127.0.0.1;port=3306;dbname=zhibo;charset=utf8mb4
[2024-12-09T18:44:29+08:00][sql] SHOW FULL COLUMNS FROM `cmf_hook` [ RunTime:0.001689s ]
[2024-12-09T18:44:29+08:00][sql] SELECT `hook`,`id` FROM `cmf_hook` WHERE  (  (  `app` = '' OR `app` = 'cmf' )  AND `type` = 3 ) OR `type` = 1 [ RunTime:0.000621s ]
[2024-12-09T18:44:29+08:00][sql] SHOW FULL COLUMNS FROM `cmf_hook_plugin` [ RunTime:0.001334s ]
[2024-12-09T18:44:29+08:00][sql] SELECT `hook`,`plugin` FROM `cmf_hook_plugin` WHERE  `status` = 1  AND `hook` IN ('app_begin','module_init','action_begin','view_filter','app_end','log_write','response_end','admin_init','home_init','send_mobile_verification_code','body_start','before_head_end','footer_start','before_footer','before_footer_end','before_body_end','left_sidebar_start','before_left_sidebar_end','right_sidebar_start','before_right_sidebar_end','comment','guestbook','switch_theme','after_content','before_content','log_write_done','switch_admin_theme','captcha_image') ORDER BY `list_order` ASC [ RunTime:0.000727s ]
[2024-12-09T20:07:41+08:00][sql] CONNECT:[ UseTime:0.000619s ] mysql:host=127.0.0.1;port=3306;dbname=zhibo;charset=utf8mb4
[2024-12-09T20:07:41+08:00][sql] SHOW FULL COLUMNS FROM `cmf_hook` [ RunTime:0.001619s ]
[2024-12-09T20:07:41+08:00][sql] SELECT `hook`,`id` FROM `cmf_hook` WHERE  (  (  `app` = '' OR `app` = 'cmf' )  AND `type` = 3 ) OR `type` = 1 [ RunTime:0.000627s ]
[2024-12-09T20:07:41+08:00][sql] SHOW FULL COLUMNS FROM `cmf_hook_plugin` [ RunTime:0.001266s ]
[2024-12-09T20:07:41+08:00][sql] SELECT `hook`,`plugin` FROM `cmf_hook_plugin` WHERE  `status` = 1  AND `hook` IN ('app_begin','module_init','action_begin','view_filter','app_end','log_write','response_end','admin_init','home_init','send_mobile_verification_code','body_start','before_head_end','footer_start','before_footer','before_footer_end','before_body_end','left_sidebar_start','before_left_sidebar_end','right_sidebar_start','before_right_sidebar_end','comment','guestbook','switch_theme','after_content','before_content','log_write_done','switch_admin_theme','captcha_image') ORDER BY `list_order` ASC [ RunTime:0.000695s ]
[2024-12-09T20:07:41+08:00][sql] SHOW FULL COLUMNS FROM `cmf_plugin` [ RunTime:0.001776s ]
[2024-12-09T20:07:41+08:00][sql] SELECT `config` FROM `cmf_plugin` WHERE  `name` = 'Qiniu' LIMIT 1 [ RunTime:0.000488s ]
[2024-12-09T20:07:41+08:00][sql] SHOW FULL COLUMNS FROM `cmf_live` [ RunTime:0.001746s ]
[2024-12-09T20:07:41+08:00][sql] SELECT * FROM `cmf_live` WHERE  ( islive='1' and isrecommend='1' and type='0' and live_type=0 ) [ RunTime:0.000897s ]
[2024-12-09T20:07:41+08:00][sql] SHOW FULL COLUMNS FROM `cmf_slide_item` [ RunTime:0.001423s ]
[2024-12-09T20:07:41+08:00][sql] SELECT * FROM `cmf_slide_item` WHERE  ( status='1' and slide_id='1' ) ORDER BY `list_order` ASC [ RunTime:0.000581s ]
[2024-12-09T20:07:41+08:00][sql] SHOW FULL COLUMNS FROM `cmf_live_class` [ RunTime:0.001166s ]
[2024-12-09T20:07:41+08:00][sql] SELECT * FROM `cmf_live_class` ORDER BY `list_order` LIMIT 5 [ RunTime:0.000448s ]
[2024-12-09T20:07:41+08:00][sql] SELECT * FROM `cmf_live` WHERE  `islive` = 1  AND `live_type` = 0  AND `liveclassid` = 8 ORDER BY `recommend_time` DESC,`starttime` DESC LIMIT 5 [ RunTime:0.000700s ]
[2024-12-09T20:07:41+08:00][sql] SELECT `uid`,`thumb`,`stream`,`title`,`city`,`islive`,`type` FROM `cmf_live` WHERE  ( islive='1' and ishot='1' and live_type=0 ) ORDER BY `isrecommend` DESC,`recommend_time` DESC,`hotvotes` DESC,`starttime` DESC LIMIT 5 [ RunTime:0.000423s ]
[2024-12-09T20:07:41+08:00][sql] SELECT `uid`,`thumb`,`stream`,`title`,`city`,`islive`,`type` FROM `cmf_live` WHERE  ( islive='1' and live_type=0 ) ORDER BY `starttime` DESC LIMIT 5 [ RunTime:0.000393s ]
[2024-12-09T20:07:41+08:00][sql] SHOW FULL COLUMNS FROM `cmf_theme_file` [ RunTime:0.001513s ]
[2024-12-09T20:07:41+08:00][sql] SELECT `more` FROM `cmf_theme_file` WHERE  `theme` = 'default'  AND (  `is_public` = 1 OR `file` = '../home/index/index' ) [ RunTime:0.000495s ]
[2024-12-09T20:07:41+08:00][sql] CONNECT:[ UseTime:0.000623s ] mysql:host=127.0.0.1;port=3306;dbname=zhibo;charset=utf8mb4
[2024-12-09T20:07:41+08:00][sql] SHOW FULL COLUMNS FROM `cmf_hook` [ RunTime:0.001592s ]
[2024-12-09T20:07:41+08:00][sql] SELECT `hook`,`id` FROM `cmf_hook` WHERE  (  (  `app` = '' OR `app` = 'cmf' )  AND `type` = 3 ) OR `type` = 1 [ RunTime:0.000618s ]
[2024-12-09T20:07:41+08:00][sql] SHOW FULL COLUMNS FROM `cmf_hook_plugin` [ RunTime:0.001315s ]
[2024-12-09T20:07:41+08:00][sql] SELECT `hook`,`plugin` FROM `cmf_hook_plugin` WHERE  `status` = 1  AND `hook` IN ('app_begin','module_init','action_begin','view_filter','app_end','log_write','response_end','admin_init','home_init','send_mobile_verification_code','body_start','before_head_end','footer_start','before_footer','before_footer_end','before_body_end','left_sidebar_start','before_left_sidebar_end','right_sidebar_start','before_right_sidebar_end','comment','guestbook','switch_theme','after_content','before_content','log_write_done','switch_admin_theme','captcha_image') ORDER BY `list_order` ASC [ RunTime:0.000652s ]
[2024-12-09T20:07:41+08:00][sql] SHOW FULL COLUMNS FROM `cmf_plugin` [ RunTime:0.001734s ]
[2024-12-09T20:07:41+08:00][sql] SELECT `config` FROM `cmf_plugin` WHERE  `name` = 'Qiniu' LIMIT 1 [ RunTime:0.000469s ]
[2024-12-09T20:07:41+08:00][sql] SHOW FULL COLUMNS FROM `cmf_live` [ RunTime:0.001801s ]
[2024-12-09T20:07:41+08:00][sql] SELECT * FROM `cmf_live` WHERE  ( islive='1' and isrecommend='1' and type='0' and live_type=0 ) [ RunTime:0.000932s ]
[2024-12-09T20:07:41+08:00][sql] SHOW FULL COLUMNS FROM `cmf_slide_item` [ RunTime:0.001544s ]
[2024-12-09T20:07:41+08:00][sql] SELECT * FROM `cmf_slide_item` WHERE  ( status='1' and slide_id='1' ) ORDER BY `list_order` ASC [ RunTime:0.000616s ]
[2024-12-09T20:07:41+08:00][sql] SHOW FULL COLUMNS FROM `cmf_live_class` [ RunTime:0.001260s ]
[2024-12-09T20:07:41+08:00][sql] SELECT * FROM `cmf_live_class` ORDER BY `list_order` LIMIT 5 [ RunTime:0.000402s ]
[2024-12-09T20:07:41+08:00][sql] SELECT * FROM `cmf_live` WHERE  `islive` = 1  AND `live_type` = 0  AND `liveclassid` = 8 ORDER BY `recommend_time` DESC,`starttime` DESC LIMIT 5 [ RunTime:0.000706s ]
[2024-12-09T20:07:41+08:00][sql] SELECT `uid`,`thumb`,`stream`,`title`,`city`,`islive`,`type` FROM `cmf_live` WHERE  ( islive='1' and ishot='1' and live_type=0 ) ORDER BY `isrecommend` DESC,`recommend_time` DESC,`hotvotes` DESC,`starttime` DESC LIMIT 5 [ RunTime:0.000495s ]
[2024-12-09T20:07:41+08:00][sql] SELECT `uid`,`thumb`,`stream`,`title`,`city`,`islive`,`type` FROM `cmf_live` WHERE  ( islive='1' and live_type=0 ) ORDER BY `starttime` DESC LIMIT 5 [ RunTime:0.000367s ]
[2024-12-09T20:07:41+08:00][sql] SHOW FULL COLUMNS FROM `cmf_theme_file` [ RunTime:0.001508s ]
[2024-12-09T20:07:41+08:00][sql] SELECT `more` FROM `cmf_theme_file` WHERE  `theme` = 'default'  AND (  `is_public` = 1 OR `file` = '../home/index/index' ) [ RunTime:0.000492s ]
[2024-12-09T20:20:35+08:00][sql] CONNECT:[ UseTime:0.000688s ] mysql:host=127.0.0.1;port=3306;dbname=zhibo;charset=utf8mb4
[2024-12-09T20:20:35+08:00][sql] SHOW FULL COLUMNS FROM `cmf_hook` [ RunTime:0.001606s ]
[2024-12-09T20:20:35+08:00][sql] SELECT `hook`,`id` FROM `cmf_hook` WHERE  (  (  `app` = '' OR `app` = 'cmf' )  AND `type` = 3 ) OR `type` = 1 [ RunTime:0.000666s ]
[2024-12-09T20:20:35+08:00][sql] SHOW FULL COLUMNS FROM `cmf_hook_plugin` [ RunTime:0.001293s ]
[2024-12-09T20:20:35+08:00][sql] SELECT `hook`,`plugin` FROM `cmf_hook_plugin` WHERE  `status` = 1  AND `hook` IN ('app_begin','module_init','action_begin','view_filter','app_end','log_write','response_end','admin_init','home_init','send_mobile_verification_code','body_start','before_head_end','footer_start','before_footer','before_footer_end','before_body_end','left_sidebar_start','before_left_sidebar_end','right_sidebar_start','before_right_sidebar_end','comment','guestbook','switch_theme','after_content','before_content','log_write_done','switch_admin_theme','captcha_image') ORDER BY `list_order` ASC [ RunTime:0.000714s ]
[2024-12-09T20:20:35+08:00][sql] SHOW FULL COLUMNS FROM `cmf_plugin` [ RunTime:0.001702s ]
[2024-12-09T20:20:35+08:00][sql] SELECT `config` FROM `cmf_plugin` WHERE  `name` = 'Qiniu' LIMIT 1 [ RunTime:0.000470s ]
[2024-12-09T20:20:35+08:00][sql] SHOW FULL COLUMNS FROM `cmf_live` [ RunTime:0.001743s ]
[2024-12-09T20:20:35+08:00][sql] SELECT * FROM `cmf_live` WHERE  ( islive='1' and isrecommend='1' and type='0' and live_type=0 ) [ RunTime:0.000859s ]
[2024-12-09T20:20:35+08:00][sql] SHOW FULL COLUMNS FROM `cmf_slide_item` [ RunTime:0.001479s ]
[2024-12-09T20:20:35+08:00][sql] SELECT * FROM `cmf_slide_item` WHERE  ( status='1' and slide_id='1' ) ORDER BY `list_order` ASC [ RunTime:0.000575s ]
[2024-12-09T20:20:35+08:00][sql] SHOW FULL COLUMNS FROM `cmf_live_class` [ RunTime:0.001228s ]
[2024-12-09T20:20:35+08:00][sql] SELECT * FROM `cmf_live_class` ORDER BY `list_order` LIMIT 5 [ RunTime:0.000451s ]
[2024-12-09T20:20:35+08:00][sql] SELECT * FROM `cmf_live` WHERE  `islive` = 1  AND `live_type` = 0  AND `liveclassid` = 8 ORDER BY `recommend_time` DESC,`starttime` DESC LIMIT 5 [ RunTime:0.000725s ]
[2024-12-09T20:20:35+08:00][sql] SELECT `uid`,`thumb`,`stream`,`title`,`city`,`islive`,`type` FROM `cmf_live` WHERE  ( islive='1' and ishot='1' and live_type=0 ) ORDER BY `isrecommend` DESC,`recommend_time` DESC,`hotvotes` DESC,`starttime` DESC LIMIT 5 [ RunTime:0.000504s ]
[2024-12-09T20:20:35+08:00][sql] SELECT `uid`,`thumb`,`stream`,`title`,`city`,`islive`,`type` FROM `cmf_live` WHERE  ( islive='1' and live_type=0 ) ORDER BY `starttime` DESC LIMIT 5 [ RunTime:0.000407s ]
[2024-12-09T20:20:35+08:00][sql] SHOW FULL COLUMNS FROM `cmf_theme_file` [ RunTime:0.001672s ]
[2024-12-09T20:20:35+08:00][sql] SELECT `more` FROM `cmf_theme_file` WHERE  `theme` = 'default'  AND (  `is_public` = 1 OR `file` = '../home/index/index' ) [ RunTime:0.000562s ]
[2024-12-09T21:41:28+08:00][sql] CONNECT:[ UseTime:0.000614s ] mysql:host=127.0.0.1;port=3306;dbname=zhibo;charset=utf8mb4
[2024-12-09T21:41:28+08:00][sql] SHOW FULL COLUMNS FROM `cmf_hook` [ RunTime:0.001552s ]
[2024-12-09T21:41:28+08:00][sql] SELECT `hook`,`id` FROM `cmf_hook` WHERE  (  (  `app` = '' OR `app` = 'cmf' )  AND `type` = 3 ) OR `type` = 1 [ RunTime:0.000657s ]
[2024-12-09T21:41:28+08:00][sql] SHOW FULL COLUMNS FROM `cmf_hook_plugin` [ RunTime:0.001318s ]
[2024-12-09T21:41:28+08:00][sql] SELECT `hook`,`plugin` FROM `cmf_hook_plugin` WHERE  `status` = 1  AND `hook` IN ('app_begin','module_init','action_begin','view_filter','app_end','log_write','response_end','admin_init','home_init','send_mobile_verification_code','body_start','before_head_end','footer_start','before_footer','before_footer_end','before_body_end','left_sidebar_start','before_left_sidebar_end','right_sidebar_start','before_right_sidebar_end','comment','guestbook','switch_theme','after_content','before_content','log_write_done','switch_admin_theme','captcha_image') ORDER BY `list_order` ASC [ RunTime:0.000758s ]
[2024-12-09T21:42:48+08:00][sql] CONNECT:[ UseTime:0.000648s ] mysql:host=127.0.0.1;port=3306;dbname=zhibo;charset=utf8mb4
[2024-12-09T21:42:48+08:00][sql] SHOW FULL COLUMNS FROM `cmf_hook` [ RunTime:0.001572s ]
[2024-12-09T21:42:48+08:00][sql] SELECT `hook`,`id` FROM `cmf_hook` WHERE  (  (  `app` = '' OR `app` = 'cmf' )  AND `type` = 3 ) OR `type` = 1 [ RunTime:0.000630s ]
[2024-12-09T21:42:48+08:00][sql] SHOW FULL COLUMNS FROM `cmf_hook_plugin` [ RunTime:0.001259s ]
[2024-12-09T21:42:48+08:00][sql] SELECT `hook`,`plugin` FROM `cmf_hook_plugin` WHERE  `status` = 1  AND `hook` IN ('app_begin','module_init','action_begin','view_filter','app_end','log_write','response_end','admin_init','home_init','send_mobile_verification_code','body_start','before_head_end','footer_start','before_footer','before_footer_end','before_body_end','left_sidebar_start','before_left_sidebar_end','right_sidebar_start','before_right_sidebar_end','comment','guestbook','switch_theme','after_content','before_content','log_write_done','switch_admin_theme','captcha_image') ORDER BY `list_order` ASC [ RunTime:0.000708s ]
[2024-12-09T21:47:06+08:00][sql] CONNECT:[ UseTime:0.000634s ] mysql:host=127.0.0.1;port=3306;dbname=zhibo;charset=utf8mb4
[2024-12-09T21:47:06+08:00][sql] SHOW FULL COLUMNS FROM `cmf_hook` [ RunTime:0.001546s ]
[2024-12-09T21:47:06+08:00][sql] SELECT `hook`,`id` FROM `cmf_hook` WHERE  (  (  `app` = '' OR `app` = 'cmf' )  AND `type` = 3 ) OR `type` = 1 [ RunTime:0.000682s ]
[2024-12-09T21:47:06+08:00][sql] SHOW FULL COLUMNS FROM `cmf_hook_plugin` [ RunTime:0.001257s ]
[2024-12-09T21:47:06+08:00][sql] SELECT `hook`,`plugin` FROM `cmf_hook_plugin` WHERE  `status` = 1  AND `hook` IN ('app_begin','module_init','action_begin','view_filter','app_end','log_write','response_end','admin_init','home_init','send_mobile_verification_code','body_start','before_head_end','footer_start','before_footer','before_footer_end','before_body_end','left_sidebar_start','before_left_sidebar_end','right_sidebar_start','before_right_sidebar_end','comment','guestbook','switch_theme','after_content','before_content','log_write_done','switch_admin_theme','captcha_image') ORDER BY `list_order` ASC [ RunTime:0.000712s ]
[2024-12-09T21:47:06+08:00][sql] SHOW FULL COLUMNS FROM `cmf_plugin` [ RunTime:0.001824s ]
[2024-12-09T21:47:06+08:00][sql] SELECT `config` FROM `cmf_plugin` WHERE  `name` = 'Qiniu' LIMIT 1 [ RunTime:0.000475s ]
[2024-12-09T21:47:06+08:00][sql] SHOW FULL COLUMNS FROM `cmf_live` [ RunTime:0.001834s ]
[2024-12-09T21:47:06+08:00][sql] SELECT * FROM `cmf_live` WHERE  ( islive='1' and isrecommend='1' and type='0' and live_type=0 ) [ RunTime:0.000925s ]
[2024-12-09T21:47:06+08:00][sql] SHOW FULL COLUMNS FROM `cmf_slide_item` [ RunTime:0.001496s ]
[2024-12-09T21:47:06+08:00][sql] SELECT * FROM `cmf_slide_item` WHERE  ( status='1' and slide_id='1' ) ORDER BY `list_order` ASC [ RunTime:0.000611s ]
[2024-12-09T21:47:06+08:00][sql] SHOW FULL COLUMNS FROM `cmf_live_class` [ RunTime:0.001268s ]
[2024-12-09T21:47:06+08:00][sql] SELECT * FROM `cmf_live_class` ORDER BY `list_order` LIMIT 5 [ RunTime:0.000433s ]
[2024-12-09T21:47:06+08:00][sql] SELECT * FROM `cmf_live` WHERE  `islive` = 1  AND `live_type` = 0  AND `liveclassid` = 8 ORDER BY `recommend_time` DESC,`starttime` DESC LIMIT 5 [ RunTime:0.000726s ]
[2024-12-09T21:47:06+08:00][sql] SELECT `uid`,`thumb`,`stream`,`title`,`city`,`islive`,`type` FROM `cmf_live` WHERE  ( islive='1' and ishot='1' and live_type=0 ) ORDER BY `isrecommend` DESC,`recommend_time` DESC,`hotvotes` DESC,`starttime` DESC LIMIT 5 [ RunTime:0.000495s ]
[2024-12-09T21:47:06+08:00][sql] SELECT `uid`,`thumb`,`stream`,`title`,`city`,`islive`,`type` FROM `cmf_live` WHERE  ( islive='1' and live_type=0 ) ORDER BY `starttime` DESC LIMIT 5 [ RunTime:0.000468s ]
[2024-12-09T21:47:06+08:00][sql] SHOW FULL COLUMNS FROM `cmf_theme_file` [ RunTime:0.001590s ]
[2024-12-09T21:47:06+08:00][sql] SELECT `more` FROM `cmf_theme_file` WHERE  `theme` = 'default'  AND (  `is_public` = 1 OR `file` = '../home/index/index' ) [ RunTime:0.000510s ]
[2024-12-09T21:48:41+08:00][sql] CONNECT:[ UseTime:0.000611s ] mysql:host=127.0.0.1;port=3306;dbname=zhibo;charset=utf8mb4
[2024-12-09T21:48:41+08:00][sql] SHOW FULL COLUMNS FROM `cmf_hook` [ RunTime:0.001638s ]
[2024-12-09T21:48:41+08:00][sql] SELECT `hook`,`id` FROM `cmf_hook` WHERE  (  (  `app` = '' OR `app` = 'cmf' )  AND `type` = 3 ) OR `type` = 1 [ RunTime:0.000639s ]
[2024-12-09T21:48:41+08:00][sql] SHOW FULL COLUMNS FROM `cmf_hook_plugin` [ RunTime:0.001322s ]
[2024-12-09T21:48:41+08:00][sql] SELECT `hook`,`plugin` FROM `cmf_hook_plugin` WHERE  `status` = 1  AND `hook` IN ('app_begin','module_init','action_begin','view_filter','app_end','log_write','response_end','admin_init','home_init','send_mobile_verification_code','body_start','before_head_end','footer_start','before_footer','before_footer_end','before_body_end','left_sidebar_start','before_left_sidebar_end','right_sidebar_start','before_right_sidebar_end','comment','guestbook','switch_theme','after_content','before_content','log_write_done','switch_admin_theme','captcha_image') ORDER BY `list_order` ASC [ RunTime:0.000716s ]
[2024-12-09T21:48:41+08:00][sql] CONNECT:[ UseTime:0.000661s ] mysql:host=127.0.0.1;port=3306;dbname=zhibo;charset=utf8mb4
[2024-12-09T21:48:41+08:00][sql] SHOW FULL COLUMNS FROM `cmf_hook` [ RunTime:0.001607s ]
[2024-12-09T21:48:41+08:00][sql] SELECT `hook`,`id` FROM `cmf_hook` WHERE  (  (  `app` = '' OR `app` = 'cmf' )  AND `type` = 3 ) OR `type` = 1 [ RunTime:0.000653s ]
[2024-12-09T21:48:41+08:00][sql] SHOW FULL COLUMNS FROM `cmf_hook_plugin` [ RunTime:0.001285s ]
[2024-12-09T21:48:41+08:00][sql] SELECT `hook`,`plugin` FROM `cmf_hook_plugin` WHERE  `status` = 1  AND `hook` IN ('app_begin','module_init','action_begin','view_filter','app_end','log_write','response_end','admin_init','home_init','send_mobile_verification_code','body_start','before_head_end','footer_start','before_footer','before_footer_end','before_body_end','left_sidebar_start','before_left_sidebar_end','right_sidebar_start','before_right_sidebar_end','comment','guestbook','switch_theme','after_content','before_content','log_write_done','switch_admin_theme','captcha_image') ORDER BY `list_order` ASC [ RunTime:0.000697s ]
[2024-12-09T21:48:43+08:00][sql] CONNECT:[ UseTime:0.000621s ] mysql:host=127.0.0.1;port=3306;dbname=zhibo;charset=utf8mb4
[2024-12-09T21:48:43+08:00][sql] SHOW FULL COLUMNS FROM `cmf_hook` [ RunTime:0.001578s ]
[2024-12-09T21:48:43+08:00][sql] SELECT `hook`,`id` FROM `cmf_hook` WHERE  (  (  `app` = '' OR `app` = 'cmf' )  AND `type` = 3 ) OR `type` = 1 [ RunTime:0.000649s ]
[2024-12-09T21:48:43+08:00][sql] SHOW FULL COLUMNS FROM `cmf_hook_plugin` [ RunTime:0.001300s ]
[2024-12-09T21:48:43+08:00][sql] SELECT `hook`,`plugin` FROM `cmf_hook_plugin` WHERE  `status` = 1  AND `hook` IN ('app_begin','module_init','action_begin','view_filter','app_end','log_write','response_end','admin_init','home_init','send_mobile_verification_code','body_start','before_head_end','footer_start','before_footer','before_footer_end','before_body_end','left_sidebar_start','before_left_sidebar_end','right_sidebar_start','before_right_sidebar_end','comment','guestbook','switch_theme','after_content','before_content','log_write_done','switch_admin_theme','captcha_image') ORDER BY `list_order` ASC [ RunTime:0.000739s ]
[2024-12-09T21:48:43+08:00][sql] CONNECT:[ UseTime:0.000644s ] mysql:host=127.0.0.1;port=3306;dbname=zhibo;charset=utf8mb4
[2024-12-09T21:48:43+08:00][sql] SHOW FULL COLUMNS FROM `cmf_hook` [ RunTime:0.001628s ]
[2024-12-09T21:48:43+08:00][sql] SELECT `hook`,`id` FROM `cmf_hook` WHERE  (  (  `app` = '' OR `app` = 'cmf' )  AND `type` = 3 ) OR `type` = 1 [ RunTime:0.000641s ]
[2024-12-09T21:48:43+08:00][sql] SHOW FULL COLUMNS FROM `cmf_hook_plugin` [ RunTime:0.001349s ]
[2024-12-09T21:48:43+08:00][sql] SELECT `hook`,`plugin` FROM `cmf_hook_plugin` WHERE  `status` = 1  AND `hook` IN ('app_begin','module_init','action_begin','view_filter','app_end','log_write','response_end','admin_init','home_init','send_mobile_verification_code','body_start','before_head_end','footer_start','before_footer','before_footer_end','before_body_end','left_sidebar_start','before_left_sidebar_end','right_sidebar_start','before_right_sidebar_end','comment','guestbook','switch_theme','after_content','before_content','log_write_done','switch_admin_theme','captcha_image') ORDER BY `list_order` ASC [ RunTime:0.000719s ]
[2024-12-09T21:48:45+08:00][sql] CONNECT:[ UseTime:0.000663s ] mysql:host=127.0.0.1;port=3306;dbname=zhibo;charset=utf8mb4
[2024-12-09T21:48:45+08:00][sql] SHOW FULL COLUMNS FROM `cmf_hook` [ RunTime:0.001586s ]
[2024-12-09T21:48:45+08:00][sql] SELECT `hook`,`id` FROM `cmf_hook` WHERE  (  (  `app` = '' OR `app` = 'cmf' )  AND `type` = 3 ) OR `type` = 1 [ RunTime:0.000611s ]
[2024-12-09T21:48:45+08:00][sql] SHOW FULL COLUMNS FROM `cmf_hook_plugin` [ RunTime:0.001295s ]
[2024-12-09T21:48:45+08:00][sql] SELECT `hook`,`plugin` FROM `cmf_hook_plugin` WHERE  `status` = 1  AND `hook` IN ('app_begin','module_init','action_begin','view_filter','app_end','log_write','response_end','admin_init','home_init','send_mobile_verification_code','body_start','before_head_end','footer_start','before_footer','before_footer_end','before_body_end','left_sidebar_start','before_left_sidebar_end','right_sidebar_start','before_right_sidebar_end','comment','guestbook','switch_theme','after_content','before_content','log_write_done','switch_admin_theme','captcha_image') ORDER BY `list_order` ASC [ RunTime:0.000674s ]
[2024-12-09T21:48:46+08:00][sql] CONNECT:[ UseTime:0.000642s ] mysql:host=127.0.0.1;port=3306;dbname=zhibo;charset=utf8mb4
[2024-12-09T21:48:46+08:00][sql] SHOW FULL COLUMNS FROM `cmf_hook` [ RunTime:0.001721s ]
[2024-12-09T21:48:46+08:00][sql] SELECT `hook`,`id` FROM `cmf_hook` WHERE  (  (  `app` = '' OR `app` = 'cmf' )  AND `type` = 3 ) OR `type` = 1 [ RunTime:0.000746s ]
[2024-12-09T21:48:46+08:00][sql] SHOW FULL COLUMNS FROM `cmf_hook_plugin` [ RunTime:0.001426s ]
[2024-12-09T21:48:46+08:00][sql] SELECT `hook`,`plugin` FROM `cmf_hook_plugin` WHERE  `status` = 1  AND `hook` IN ('app_begin','module_init','action_begin','view_filter','app_end','log_write','response_end','admin_init','home_init','send_mobile_verification_code','body_start','before_head_end','footer_start','before_footer','before_footer_end','before_body_end','left_sidebar_start','before_left_sidebar_end','right_sidebar_start','before_right_sidebar_end','comment','guestbook','switch_theme','after_content','before_content','log_write_done','switch_admin_theme','captcha_image') ORDER BY `list_order` ASC [ RunTime:0.000801s ]
[2024-12-09T21:48:47+08:00][sql] CONNECT:[ UseTime:0.000649s ] mysql:host=127.0.0.1;port=3306;dbname=zhibo;charset=utf8mb4
[2024-12-09T21:48:47+08:00][sql] SHOW FULL COLUMNS FROM `cmf_hook` [ RunTime:0.001539s ]
[2024-12-09T21:48:47+08:00][sql] SELECT `hook`,`id` FROM `cmf_hook` WHERE  (  (  `app` = '' OR `app` = 'cmf' )  AND `type` = 3 ) OR `type` = 1 [ RunTime:0.000634s ]
[2024-12-09T21:48:47+08:00][sql] SHOW FULL COLUMNS FROM `cmf_hook_plugin` [ RunTime:0.001237s ]
[2024-12-09T21:48:47+08:00][sql] SELECT `hook`,`plugin` FROM `cmf_hook_plugin` WHERE  `status` = 1  AND `hook` IN ('app_begin','module_init','action_begin','view_filter','app_end','log_write','response_end','admin_init','home_init','send_mobile_verification_code','body_start','before_head_end','footer_start','before_footer','before_footer_end','before_body_end','left_sidebar_start','before_left_sidebar_end','right_sidebar_start','before_right_sidebar_end','comment','guestbook','switch_theme','after_content','before_content','log_write_done','switch_admin_theme','captcha_image') ORDER BY `list_order` ASC [ RunTime:0.000726s ]
[2024-12-09T21:48:47+08:00][sql] CONNECT:[ UseTime:0.000638s ] mysql:host=127.0.0.1;port=3306;dbname=zhibo;charset=utf8mb4
[2024-12-09T21:48:47+08:00][sql] SHOW FULL COLUMNS FROM `cmf_hook` [ RunTime:0.001579s ]
[2024-12-09T21:48:47+08:00][sql] SELECT `hook`,`id` FROM `cmf_hook` WHERE  (  (  `app` = '' OR `app` = 'cmf' )  AND `type` = 3 ) OR `type` = 1 [ RunTime:0.000666s ]
[2024-12-09T21:48:47+08:00][sql] SHOW FULL COLUMNS FROM `cmf_hook_plugin` [ RunTime:0.001304s ]
[2024-12-09T21:48:47+08:00][sql] SELECT `hook`,`plugin` FROM `cmf_hook_plugin` WHERE  `status` = 1  AND `hook` IN ('app_begin','module_init','action_begin','view_filter','app_end','log_write','response_end','admin_init','home_init','send_mobile_verification_code','body_start','before_head_end','footer_start','before_footer','before_footer_end','before_body_end','left_sidebar_start','before_left_sidebar_end','right_sidebar_start','before_right_sidebar_end','comment','guestbook','switch_theme','after_content','before_content','log_write_done','switch_admin_theme','captcha_image') ORDER BY `list_order` ASC [ RunTime:0.000718s ]
[2024-12-09T21:48:49+08:00][sql] CONNECT:[ UseTime:0.000629s ] mysql:host=127.0.0.1;port=3306;dbname=zhibo;charset=utf8mb4
[2024-12-09T21:48:49+08:00][sql] SHOW FULL COLUMNS FROM `cmf_hook` [ RunTime:0.001520s ]
[2024-12-09T21:48:49+08:00][sql] SELECT `hook`,`id` FROM `cmf_hook` WHERE  (  (  `app` = '' OR `app` = 'cmf' )  AND `type` = 3 ) OR `type` = 1 [ RunTime:0.000637s ]
[2024-12-09T21:48:49+08:00][sql] SHOW FULL COLUMNS FROM `cmf_hook_plugin` [ RunTime:0.001252s ]
[2024-12-09T21:48:49+08:00][sql] SELECT `hook`,`plugin` FROM `cmf_hook_plugin` WHERE  `status` = 1  AND `hook` IN ('app_begin','module_init','action_begin','view_filter','app_end','log_write','response_end','admin_init','home_init','send_mobile_verification_code','body_start','before_head_end','footer_start','before_footer','before_footer_end','before_body_end','left_sidebar_start','before_left_sidebar_end','right_sidebar_start','before_right_sidebar_end','comment','guestbook','switch_theme','after_content','before_content','log_write_done','switch_admin_theme','captcha_image') ORDER BY `list_order` ASC [ RunTime:0.000723s ]
[2024-12-09T21:48:49+08:00][sql] CONNECT:[ UseTime:0.000615s ] mysql:host=127.0.0.1;port=3306;dbname=zhibo;charset=utf8mb4
[2024-12-09T21:48:49+08:00][sql] SHOW FULL COLUMNS FROM `cmf_hook` [ RunTime:0.001553s ]
[2024-12-09T21:48:49+08:00][sql] SELECT `hook`,`id` FROM `cmf_hook` WHERE  (  (  `app` = '' OR `app` = 'cmf' )  AND `type` = 3 ) OR `type` = 1 [ RunTime:0.000666s ]
[2024-12-09T21:48:49+08:00][sql] SHOW FULL COLUMNS FROM `cmf_hook_plugin` [ RunTime:0.001312s ]
[2024-12-09T21:48:49+08:00][sql] SELECT `hook`,`plugin` FROM `cmf_hook_plugin` WHERE  `status` = 1  AND `hook` IN ('app_begin','module_init','action_begin','view_filter','app_end','log_write','response_end','admin_init','home_init','send_mobile_verification_code','body_start','before_head_end','footer_start','before_footer','before_footer_end','before_body_end','left_sidebar_start','before_left_sidebar_end','right_sidebar_start','before_right_sidebar_end','comment','guestbook','switch_theme','after_content','before_content','log_write_done','switch_admin_theme','captcha_image') ORDER BY `list_order` ASC [ RunTime:0.000720s ]
[2024-12-09T21:48:51+08:00][sql] CONNECT:[ UseTime:0.000652s ] mysql:host=127.0.0.1;port=3306;dbname=zhibo;charset=utf8mb4
[2024-12-09T21:48:51+08:00][sql] SHOW FULL COLUMNS FROM `cmf_hook` [ RunTime:0.001555s ]
[2024-12-09T21:48:51+08:00][sql] SELECT `hook`,`id` FROM `cmf_hook` WHERE  (  (  `app` = '' OR `app` = 'cmf' )  AND `type` = 3 ) OR `type` = 1 [ RunTime:0.000668s ]
[2024-12-09T21:48:51+08:00][sql] SHOW FULL COLUMNS FROM `cmf_hook_plugin` [ RunTime:0.001297s ]
[2024-12-09T21:48:51+08:00][sql] SELECT `hook`,`plugin` FROM `cmf_hook_plugin` WHERE  `status` = 1  AND `hook` IN ('app_begin','module_init','action_begin','view_filter','app_end','log_write','response_end','admin_init','home_init','send_mobile_verification_code','body_start','before_head_end','footer_start','before_footer','before_footer_end','before_body_end','left_sidebar_start','before_left_sidebar_end','right_sidebar_start','before_right_sidebar_end','comment','guestbook','switch_theme','after_content','before_content','log_write_done','switch_admin_theme','captcha_image') ORDER BY `list_order` ASC [ RunTime:0.000742s ]
[2024-12-09T21:48:51+08:00][sql] CONNECT:[ UseTime:0.000645s ] mysql:host=127.0.0.1;port=3306;dbname=zhibo;charset=utf8mb4
[2024-12-09T21:48:51+08:00][sql] SHOW FULL COLUMNS FROM `cmf_hook` [ RunTime:0.001535s ]
[2024-12-09T21:48:51+08:00][sql] SELECT `hook`,`id` FROM `cmf_hook` WHERE  (  (  `app` = '' OR `app` = 'cmf' )  AND `type` = 3 ) OR `type` = 1 [ RunTime:0.000639s ]
[2024-12-09T21:48:51+08:00][sql] SHOW FULL COLUMNS FROM `cmf_hook_plugin` [ RunTime:0.001282s ]
[2024-12-09T21:48:51+08:00][sql] SELECT `hook`,`plugin` FROM `cmf_hook_plugin` WHERE  `status` = 1  AND `hook` IN ('app_begin','module_init','action_begin','view_filter','app_end','log_write','response_end','admin_init','home_init','send_mobile_verification_code','body_start','before_head_end','footer_start','before_footer','before_footer_end','before_body_end','left_sidebar_start','before_left_sidebar_end','right_sidebar_start','before_right_sidebar_end','comment','guestbook','switch_theme','after_content','before_content','log_write_done','switch_admin_theme','captcha_image') ORDER BY `list_order` ASC [ RunTime:0.000727s ]
[2024-12-09T21:48:53+08:00][sql] CONNECT:[ UseTime:0.000642s ] mysql:host=127.0.0.1;port=3306;dbname=zhibo;charset=utf8mb4
[2024-12-09T21:48:53+08:00][sql] SHOW FULL COLUMNS FROM `cmf_hook` [ RunTime:0.001569s ]
[2024-12-09T21:48:53+08:00][sql] SELECT `hook`,`id` FROM `cmf_hook` WHERE  (  (  `app` = '' OR `app` = 'cmf' )  AND `type` = 3 ) OR `type` = 1 [ RunTime:0.000709s ]
[2024-12-09T21:48:53+08:00][sql] SHOW FULL COLUMNS FROM `cmf_hook_plugin` [ RunTime:0.001256s ]
[2024-12-09T21:48:53+08:00][sql] SELECT `hook`,`plugin` FROM `cmf_hook_plugin` WHERE  `status` = 1  AND `hook` IN ('app_begin','module_init','action_begin','view_filter','app_end','log_write','response_end','admin_init','home_init','send_mobile_verification_code','body_start','before_head_end','footer_start','before_footer','before_footer_end','before_body_end','left_sidebar_start','before_left_sidebar_end','right_sidebar_start','before_right_sidebar_end','comment','guestbook','switch_theme','after_content','before_content','log_write_done','switch_admin_theme','captcha_image') ORDER BY `list_order` ASC [ RunTime:0.000727s ]
[2024-12-09T21:48:53+08:00][sql] CONNECT:[ UseTime:0.000623s ] mysql:host=127.0.0.1;port=3306;dbname=zhibo;charset=utf8mb4
[2024-12-09T21:48:53+08:00][sql] SHOW FULL COLUMNS FROM `cmf_hook` [ RunTime:0.001572s ]
[2024-12-09T21:48:53+08:00][sql] SELECT `hook`,`id` FROM `cmf_hook` WHERE  (  (  `app` = '' OR `app` = 'cmf' )  AND `type` = 3 ) OR `type` = 1 [ RunTime:0.000708s ]
[2024-12-09T21:48:53+08:00][sql] SHOW FULL COLUMNS FROM `cmf_hook_plugin` [ RunTime:0.001296s ]
[2024-12-09T21:48:53+08:00][sql] SELECT `hook`,`plugin` FROM `cmf_hook_plugin` WHERE  `status` = 1  AND `hook` IN ('app_begin','module_init','action_begin','view_filter','app_end','log_write','response_end','admin_init','home_init','send_mobile_verification_code','body_start','before_head_end','footer_start','before_footer','before_footer_end','before_body_end','left_sidebar_start','before_left_sidebar_end','right_sidebar_start','before_right_sidebar_end','comment','guestbook','switch_theme','after_content','before_content','log_write_done','switch_admin_theme','captcha_image') ORDER BY `list_order` ASC [ RunTime:0.000738s ]
[2024-12-09T21:48:55+08:00][sql] CONNECT:[ UseTime:0.000651s ] mysql:host=127.0.0.1;port=3306;dbname=zhibo;charset=utf8mb4
[2024-12-09T21:48:55+08:00][sql] SHOW FULL COLUMNS FROM `cmf_hook` [ RunTime:0.001614s ]
[2024-12-09T21:48:55+08:00][sql] SELECT `hook`,`id` FROM `cmf_hook` WHERE  (  (  `app` = '' OR `app` = 'cmf' )  AND `type` = 3 ) OR `type` = 1 [ RunTime:0.000650s ]
[2024-12-09T21:48:55+08:00][sql] SHOW FULL COLUMNS FROM `cmf_hook_plugin` [ RunTime:0.001340s ]
[2024-12-09T21:48:55+08:00][sql] SELECT `hook`,`plugin` FROM `cmf_hook_plugin` WHERE  `status` = 1  AND `hook` IN ('app_begin','module_init','action_begin','view_filter','app_end','log_write','response_end','admin_init','home_init','send_mobile_verification_code','body_start','before_head_end','footer_start','before_footer','before_footer_end','before_body_end','left_sidebar_start','before_left_sidebar_end','right_sidebar_start','before_right_sidebar_end','comment','guestbook','switch_theme','after_content','before_content','log_write_done','switch_admin_theme','captcha_image') ORDER BY `list_order` ASC [ RunTime:0.000719s ]
[2024-12-09T21:48:55+08:00][sql] CONNECT:[ UseTime:0.000625s ] mysql:host=127.0.0.1;port=3306;dbname=zhibo;charset=utf8mb4
[2024-12-09T21:48:55+08:00][sql] SHOW FULL COLUMNS FROM `cmf_hook` [ RunTime:0.001596s ]
[2024-12-09T21:48:55+08:00][sql] SELECT `hook`,`id` FROM `cmf_hook` WHERE  (  (  `app` = '' OR `app` = 'cmf' )  AND `type` = 3 ) OR `type` = 1 [ RunTime:0.000680s ]
[2024-12-09T21:48:55+08:00][sql] SHOW FULL COLUMNS FROM `cmf_hook_plugin` [ RunTime:0.001314s ]
[2024-12-09T21:48:55+08:00][sql] SELECT `hook`,`plugin` FROM `cmf_hook_plugin` WHERE  `status` = 1  AND `hook` IN ('app_begin','module_init','action_begin','view_filter','app_end','log_write','response_end','admin_init','home_init','send_mobile_verification_code','body_start','before_head_end','footer_start','before_footer','before_footer_end','before_body_end','left_sidebar_start','before_left_sidebar_end','right_sidebar_start','before_right_sidebar_end','comment','guestbook','switch_theme','after_content','before_content','log_write_done','switch_admin_theme','captcha_image') ORDER BY `list_order` ASC [ RunTime:0.000740s ]
[2024-12-09T21:48:57+08:00][sql] CONNECT:[ UseTime:0.000639s ] mysql:host=127.0.0.1;port=3306;dbname=zhibo;charset=utf8mb4
[2024-12-09T21:48:57+08:00][sql] SHOW FULL COLUMNS FROM `cmf_hook` [ RunTime:0.001617s ]
[2024-12-09T21:48:57+08:00][sql] SELECT `hook`,`id` FROM `cmf_hook` WHERE  (  (  `app` = '' OR `app` = 'cmf' )  AND `type` = 3 ) OR `type` = 1 [ RunTime:0.000670s ]
[2024-12-09T21:48:57+08:00][sql] SHOW FULL COLUMNS FROM `cmf_hook_plugin` [ RunTime:0.001324s ]
[2024-12-09T21:48:57+08:00][sql] SELECT `hook`,`plugin` FROM `cmf_hook_plugin` WHERE  `status` = 1  AND `hook` IN ('app_begin','module_init','action_begin','view_filter','app_end','log_write','response_end','admin_init','home_init','send_mobile_verification_code','body_start','before_head_end','footer_start','before_footer','before_footer_end','before_body_end','left_sidebar_start','before_left_sidebar_end','right_sidebar_start','before_right_sidebar_end','comment','guestbook','switch_theme','after_content','before_content','log_write_done','switch_admin_theme','captcha_image') ORDER BY `list_order` ASC [ RunTime:0.000737s ]
[2024-12-09T21:48:58+08:00][sql] CONNECT:[ UseTime:0.000680s ] mysql:host=127.0.0.1;port=3306;dbname=zhibo;charset=utf8mb4
[2024-12-09T21:48:58+08:00][sql] SHOW FULL COLUMNS FROM `cmf_hook` [ RunTime:0.001630s ]
[2024-12-09T21:48:58+08:00][sql] SELECT `hook`,`id` FROM `cmf_hook` WHERE  (  (  `app` = '' OR `app` = 'cmf' )  AND `type` = 3 ) OR `type` = 1 [ RunTime:0.000674s ]
[2024-12-09T21:48:58+08:00][sql] SHOW FULL COLUMNS FROM `cmf_hook_plugin` [ RunTime:0.001307s ]
[2024-12-09T21:48:58+08:00][sql] SELECT `hook`,`plugin` FROM `cmf_hook_plugin` WHERE  `status` = 1  AND `hook` IN ('app_begin','module_init','action_begin','view_filter','app_end','log_write','response_end','admin_init','home_init','send_mobile_verification_code','body_start','before_head_end','footer_start','before_footer','before_footer_end','before_body_end','left_sidebar_start','before_left_sidebar_end','right_sidebar_start','before_right_sidebar_end','comment','guestbook','switch_theme','after_content','before_content','log_write_done','switch_admin_theme','captcha_image') ORDER BY `list_order` ASC [ RunTime:0.000761s ]
[2024-12-09T21:48:59+08:00][sql] CONNECT:[ UseTime:0.000643s ] mysql:host=127.0.0.1;port=3306;dbname=zhibo;charset=utf8mb4
[2024-12-09T21:48:59+08:00][sql] SHOW FULL COLUMNS FROM `cmf_hook` [ RunTime:0.001588s ]
[2024-12-09T21:48:59+08:00][sql] SELECT `hook`,`id` FROM `cmf_hook` WHERE  (  (  `app` = '' OR `app` = 'cmf' )  AND `type` = 3 ) OR `type` = 1 [ RunTime:0.000621s ]
[2024-12-09T21:48:59+08:00][sql] SHOW FULL COLUMNS FROM `cmf_hook_plugin` [ RunTime:0.001241s ]
[2024-12-09T21:48:59+08:00][sql] SELECT `hook`,`plugin` FROM `cmf_hook_plugin` WHERE  `status` = 1  AND `hook` IN ('app_begin','module_init','action_begin','view_filter','app_end','log_write','response_end','admin_init','home_init','send_mobile_verification_code','body_start','before_head_end','footer_start','before_footer','before_footer_end','before_body_end','left_sidebar_start','before_left_sidebar_end','right_sidebar_start','before_right_sidebar_end','comment','guestbook','switch_theme','after_content','before_content','log_write_done','switch_admin_theme','captcha_image') ORDER BY `list_order` ASC [ RunTime:0.000782s ]
[2024-12-09T21:48:59+08:00][sql] CONNECT:[ UseTime:0.000622s ] mysql:host=127.0.0.1;port=3306;dbname=zhibo;charset=utf8mb4
[2024-12-09T21:48:59+08:00][sql] SHOW FULL COLUMNS FROM `cmf_hook` [ RunTime:0.001531s ]
[2024-12-09T21:48:59+08:00][sql] SELECT `hook`,`id` FROM `cmf_hook` WHERE  (  (  `app` = '' OR `app` = 'cmf' )  AND `type` = 3 ) OR `type` = 1 [ RunTime:0.000619s ]
[2024-12-09T21:48:59+08:00][sql] SHOW FULL COLUMNS FROM `cmf_hook_plugin` [ RunTime:0.001255s ]
[2024-12-09T21:48:59+08:00][sql] SELECT `hook`,`plugin` FROM `cmf_hook_plugin` WHERE  `status` = 1  AND `hook` IN ('app_begin','module_init','action_begin','view_filter','app_end','log_write','response_end','admin_init','home_init','send_mobile_verification_code','body_start','before_head_end','footer_start','before_footer','before_footer_end','before_body_end','left_sidebar_start','before_left_sidebar_end','right_sidebar_start','before_right_sidebar_end','comment','guestbook','switch_theme','after_content','before_content','log_write_done','switch_admin_theme','captcha_image') ORDER BY `list_order` ASC [ RunTime:0.000680s ]
[2024-12-09T21:49:01+08:00][sql] CONNECT:[ UseTime:0.000661s ] mysql:host=127.0.0.1;port=3306;dbname=zhibo;charset=utf8mb4
[2024-12-09T21:49:01+08:00][sql] SHOW FULL COLUMNS FROM `cmf_hook` [ RunTime:0.001526s ]
[2024-12-09T21:49:01+08:00][sql] SELECT `hook`,`id` FROM `cmf_hook` WHERE  (  (  `app` = '' OR `app` = 'cmf' )  AND `type` = 3 ) OR `type` = 1 [ RunTime:0.000624s ]
[2024-12-09T21:49:01+08:00][sql] SHOW FULL COLUMNS FROM `cmf_hook_plugin` [ RunTime:0.001218s ]
[2024-12-09T21:49:01+08:00][sql] SELECT `hook`,`plugin` FROM `cmf_hook_plugin` WHERE  `status` = 1  AND `hook` IN ('app_begin','module_init','action_begin','view_filter','app_end','log_write','response_end','admin_init','home_init','send_mobile_verification_code','body_start','before_head_end','footer_start','before_footer','before_footer_end','before_body_end','left_sidebar_start','before_left_sidebar_end','right_sidebar_start','before_right_sidebar_end','comment','guestbook','switch_theme','after_content','before_content','log_write_done','switch_admin_theme','captcha_image') ORDER BY `list_order` ASC [ RunTime:0.000671s ]
[2024-12-09T21:49:01+08:00][sql] CONNECT:[ UseTime:0.000635s ] mysql:host=127.0.0.1;port=3306;dbname=zhibo;charset=utf8mb4
[2024-12-09T21:49:01+08:00][sql] SHOW FULL COLUMNS FROM `cmf_hook` [ RunTime:0.001590s ]
[2024-12-09T21:49:01+08:00][sql] SELECT `hook`,`id` FROM `cmf_hook` WHERE  (  (  `app` = '' OR `app` = 'cmf' )  AND `type` = 3 ) OR `type` = 1 [ RunTime:0.000698s ]
[2024-12-09T21:49:01+08:00][sql] SHOW FULL COLUMNS FROM `cmf_hook_plugin` [ RunTime:0.001319s ]
[2024-12-09T21:49:01+08:00][sql] SELECT `hook`,`plugin` FROM `cmf_hook_plugin` WHERE  `status` = 1  AND `hook` IN ('app_begin','module_init','action_begin','view_filter','app_end','log_write','response_end','admin_init','home_init','send_mobile_verification_code','body_start','before_head_end','footer_start','before_footer','before_footer_end','before_body_end','left_sidebar_start','before_left_sidebar_end','right_sidebar_start','before_right_sidebar_end','comment','guestbook','switch_theme','after_content','before_content','log_write_done','switch_admin_theme','captcha_image') ORDER BY `list_order` ASC [ RunTime:0.000740s ]
[2024-12-09T21:49:03+08:00][sql] CONNECT:[ UseTime:0.000637s ] mysql:host=127.0.0.1;port=3306;dbname=zhibo;charset=utf8mb4
[2024-12-09T21:49:03+08:00][sql] SHOW FULL COLUMNS FROM `cmf_hook` [ RunTime:0.001525s ]
[2024-12-09T21:49:03+08:00][sql] SELECT `hook`,`id` FROM `cmf_hook` WHERE  (  (  `app` = '' OR `app` = 'cmf' )  AND `type` = 3 ) OR `type` = 1 [ RunTime:0.000630s ]
[2024-12-09T21:49:03+08:00][sql] SHOW FULL COLUMNS FROM `cmf_hook_plugin` [ RunTime:0.001229s ]
[2024-12-09T21:49:03+08:00][sql] SELECT `hook`,`plugin` FROM `cmf_hook_plugin` WHERE  `status` = 1  AND `hook` IN ('app_begin','module_init','action_begin','view_filter','app_end','log_write','response_end','admin_init','home_init','send_mobile_verification_code','body_start','before_head_end','footer_start','before_footer','before_footer_end','before_body_end','left_sidebar_start','before_left_sidebar_end','right_sidebar_start','before_right_sidebar_end','comment','guestbook','switch_theme','after_content','before_content','log_write_done','switch_admin_theme','captcha_image') ORDER BY `list_order` ASC [ RunTime:0.000698s ]
[2024-12-09T21:49:03+08:00][sql] CONNECT:[ UseTime:0.000615s ] mysql:host=127.0.0.1;port=3306;dbname=zhibo;charset=utf8mb4
[2024-12-09T21:49:03+08:00][sql] SHOW FULL COLUMNS FROM `cmf_hook` [ RunTime:0.001626s ]
[2024-12-09T21:49:03+08:00][sql] SELECT `hook`,`id` FROM `cmf_hook` WHERE  (  (  `app` = '' OR `app` = 'cmf' )  AND `type` = 3 ) OR `type` = 1 [ RunTime:0.000654s ]
[2024-12-09T21:49:03+08:00][sql] SHOW FULL COLUMNS FROM `cmf_hook_plugin` [ RunTime:0.001400s ]
[2024-12-09T21:49:03+08:00][sql] SELECT `hook`,`plugin` FROM `cmf_hook_plugin` WHERE  `status` = 1  AND `hook` IN ('app_begin','module_init','action_begin','view_filter','app_end','log_write','response_end','admin_init','home_init','send_mobile_verification_code','body_start','before_head_end','footer_start','before_footer','before_footer_end','before_body_end','left_sidebar_start','before_left_sidebar_end','right_sidebar_start','before_right_sidebar_end','comment','guestbook','switch_theme','after_content','before_content','log_write_done','switch_admin_theme','captcha_image') ORDER BY `list_order` ASC [ RunTime:0.000738s ]
[2024-12-09T21:49:06+08:00][sql] CONNECT:[ UseTime:0.000649s ] mysql:host=127.0.0.1;port=3306;dbname=zhibo;charset=utf8mb4
[2024-12-09T21:49:06+08:00][sql] SHOW FULL COLUMNS FROM `cmf_hook` [ RunTime:0.001559s ]
[2024-12-09T21:49:06+08:00][sql] SELECT `hook`,`id` FROM `cmf_hook` WHERE  (  (  `app` = '' OR `app` = 'cmf' )  AND `type` = 3 ) OR `type` = 1 [ RunTime:0.000648s ]
[2024-12-09T21:49:06+08:00][sql] SHOW FULL COLUMNS FROM `cmf_hook_plugin` [ RunTime:0.001326s ]
[2024-12-09T21:49:06+08:00][sql] SELECT `hook`,`plugin` FROM `cmf_hook_plugin` WHERE  `status` = 1  AND `hook` IN ('app_begin','module_init','action_begin','view_filter','app_end','log_write','response_end','admin_init','home_init','send_mobile_verification_code','body_start','before_head_end','footer_start','before_footer','before_footer_end','before_body_end','left_sidebar_start','before_left_sidebar_end','right_sidebar_start','before_right_sidebar_end','comment','guestbook','switch_theme','after_content','before_content','log_write_done','switch_admin_theme','captcha_image') ORDER BY `list_order` ASC [ RunTime:0.000726s ]
[2024-12-09T21:49:06+08:00][sql] CONNECT:[ UseTime:0.000637s ] mysql:host=127.0.0.1;port=3306;dbname=zhibo;charset=utf8mb4
[2024-12-09T21:49:06+08:00][sql] SHOW FULL COLUMNS FROM `cmf_hook` [ RunTime:0.001592s ]
[2024-12-09T21:49:06+08:00][sql] SELECT `hook`,`id` FROM `cmf_hook` WHERE  (  (  `app` = '' OR `app` = 'cmf' )  AND `type` = 3 ) OR `type` = 1 [ RunTime:0.000697s ]
[2024-12-09T21:49:06+08:00][sql] SHOW FULL COLUMNS FROM `cmf_hook_plugin` [ RunTime:0.001319s ]
[2024-12-09T21:49:06+08:00][sql] SELECT `hook`,`plugin` FROM `cmf_hook_plugin` WHERE  `status` = 1  AND `hook` IN ('app_begin','module_init','action_begin','view_filter','app_end','log_write','response_end','admin_init','home_init','send_mobile_verification_code','body_start','before_head_end','footer_start','before_footer','before_footer_end','before_body_end','left_sidebar_start','before_left_sidebar_end','right_sidebar_start','before_right_sidebar_end','comment','guestbook','switch_theme','after_content','before_content','log_write_done','switch_admin_theme','captcha_image') ORDER BY `list_order` ASC [ RunTime:0.000709s ]
[2024-12-09T21:49:08+08:00][sql] CONNECT:[ UseTime:0.000617s ] mysql:host=127.0.0.1;port=3306;dbname=zhibo;charset=utf8mb4
[2024-12-09T21:49:08+08:00][sql] SHOW FULL COLUMNS FROM `cmf_hook` [ RunTime:0.001548s ]
[2024-12-09T21:49:08+08:00][sql] SELECT `hook`,`id` FROM `cmf_hook` WHERE  (  (  `app` = '' OR `app` = 'cmf' )  AND `type` = 3 ) OR `type` = 1 [ RunTime:0.000643s ]
[2024-12-09T21:49:08+08:00][sql] SHOW FULL COLUMNS FROM `cmf_hook_plugin` [ RunTime:0.001310s ]
[2024-12-09T21:49:08+08:00][sql] SELECT `hook`,`plugin` FROM `cmf_hook_plugin` WHERE  `status` = 1  AND `hook` IN ('app_begin','module_init','action_begin','view_filter','app_end','log_write','response_end','admin_init','home_init','send_mobile_verification_code','body_start','before_head_end','footer_start','before_footer','before_footer_end','before_body_end','left_sidebar_start','before_left_sidebar_end','right_sidebar_start','before_right_sidebar_end','comment','guestbook','switch_theme','after_content','before_content','log_write_done','switch_admin_theme','captcha_image') ORDER BY `list_order` ASC [ RunTime:0.000706s ]
[2024-12-09T21:49:08+08:00][sql] CONNECT:[ UseTime:0.000611s ] mysql:host=127.0.0.1;port=3306;dbname=zhibo;charset=utf8mb4
[2024-12-09T21:49:08+08:00][sql] SHOW FULL COLUMNS FROM `cmf_hook` [ RunTime:0.001502s ]
[2024-12-09T21:49:08+08:00][sql] SELECT `hook`,`id` FROM `cmf_hook` WHERE  (  (  `app` = '' OR `app` = 'cmf' )  AND `type` = 3 ) OR `type` = 1 [ RunTime:0.000701s ]
[2024-12-09T21:49:08+08:00][sql] SHOW FULL COLUMNS FROM `cmf_hook_plugin` [ RunTime:0.001250s ]
[2024-12-09T21:49:08+08:00][sql] SELECT `hook`,`plugin` FROM `cmf_hook_plugin` WHERE  `status` = 1  AND `hook` IN ('app_begin','module_init','action_begin','view_filter','app_end','log_write','response_end','admin_init','home_init','send_mobile_verification_code','body_start','before_head_end','footer_start','before_footer','before_footer_end','before_body_end','left_sidebar_start','before_left_sidebar_end','right_sidebar_start','before_right_sidebar_end','comment','guestbook','switch_theme','after_content','before_content','log_write_done','switch_admin_theme','captcha_image') ORDER BY `list_order` ASC [ RunTime:0.000739s ]
[2024-12-09T21:49:10+08:00][sql] CONNECT:[ UseTime:0.000625s ] mysql:host=127.0.0.1;port=3306;dbname=zhibo;charset=utf8mb4
[2024-12-09T21:49:10+08:00][sql] SHOW FULL COLUMNS FROM `cmf_hook` [ RunTime:0.001522s ]
[2024-12-09T21:49:10+08:00][sql] SELECT `hook`,`id` FROM `cmf_hook` WHERE  (  (  `app` = '' OR `app` = 'cmf' )  AND `type` = 3 ) OR `type` = 1 [ RunTime:0.000668s ]
[2024-12-09T21:49:10+08:00][sql] SHOW FULL COLUMNS FROM `cmf_hook_plugin` [ RunTime:0.001263s ]
[2024-12-09T21:49:10+08:00][sql] SELECT `hook`,`plugin` FROM `cmf_hook_plugin` WHERE  `status` = 1  AND `hook` IN ('app_begin','module_init','action_begin','view_filter','app_end','log_write','response_end','admin_init','home_init','send_mobile_verification_code','body_start','before_head_end','footer_start','before_footer','before_footer_end','before_body_end','left_sidebar_start','before_left_sidebar_end','right_sidebar_start','before_right_sidebar_end','comment','guestbook','switch_theme','after_content','before_content','log_write_done','switch_admin_theme','captcha_image') ORDER BY `list_order` ASC [ RunTime:0.000726s ]
[2024-12-09T21:49:10+08:00][sql] CONNECT:[ UseTime:0.000652s ] mysql:host=127.0.0.1;port=3306;dbname=zhibo;charset=utf8mb4
[2024-12-09T21:49:10+08:00][sql] SHOW FULL COLUMNS FROM `cmf_hook` [ RunTime:0.001525s ]
[2024-12-09T21:49:10+08:00][sql] SELECT `hook`,`id` FROM `cmf_hook` WHERE  (  (  `app` = '' OR `app` = 'cmf' )  AND `type` = 3 ) OR `type` = 1 [ RunTime:0.000666s ]
[2024-12-09T21:49:10+08:00][sql] SHOW FULL COLUMNS FROM `cmf_hook_plugin` [ RunTime:0.001283s ]
[2024-12-09T21:49:10+08:00][sql] SELECT `hook`,`plugin` FROM `cmf_hook_plugin` WHERE  `status` = 1  AND `hook` IN ('app_begin','module_init','action_begin','view_filter','app_end','log_write','response_end','admin_init','home_init','send_mobile_verification_code','body_start','before_head_end','footer_start','before_footer','before_footer_end','before_body_end','left_sidebar_start','before_left_sidebar_end','right_sidebar_start','before_right_sidebar_end','comment','guestbook','switch_theme','after_content','before_content','log_write_done','switch_admin_theme','captcha_image') ORDER BY `list_order` ASC [ RunTime:0.000711s ]
[2024-12-09T21:49:12+08:00][sql] CONNECT:[ UseTime:0.000655s ] mysql:host=127.0.0.1;port=3306;dbname=zhibo;charset=utf8mb4
[2024-12-09T21:49:12+08:00][sql] SHOW FULL COLUMNS FROM `cmf_hook` [ RunTime:0.001606s ]
[2024-12-09T21:49:12+08:00][sql] SELECT `hook`,`id` FROM `cmf_hook` WHERE  (  (  `app` = '' OR `app` = 'cmf' )  AND `type` = 3 ) OR `type` = 1 [ RunTime:0.000665s ]
[2024-12-09T21:49:12+08:00][sql] SHOW FULL COLUMNS FROM `cmf_hook_plugin` [ RunTime:0.001353s ]
[2024-12-09T21:49:12+08:00][sql] SELECT `hook`,`plugin` FROM `cmf_hook_plugin` WHERE  `status` = 1  AND `hook` IN ('app_begin','module_init','action_begin','view_filter','app_end','log_write','response_end','admin_init','home_init','send_mobile_verification_code','body_start','before_head_end','footer_start','before_footer','before_footer_end','before_body_end','left_sidebar_start','before_left_sidebar_end','right_sidebar_start','before_right_sidebar_end','comment','guestbook','switch_theme','after_content','before_content','log_write_done','switch_admin_theme','captcha_image') ORDER BY `list_order` ASC [ RunTime:0.000741s ]
[2024-12-09T21:49:12+08:00][sql] CONNECT:[ UseTime:0.000642s ] mysql:host=127.0.0.1;port=3306;dbname=zhibo;charset=utf8mb4
[2024-12-09T21:49:12+08:00][sql] SHOW FULL COLUMNS FROM `cmf_hook` [ RunTime:0.001594s ]
[2024-12-09T21:49:12+08:00][sql] SELECT `hook`,`id` FROM `cmf_hook` WHERE  (  (  `app` = '' OR `app` = 'cmf' )  AND `type` = 3 ) OR `type` = 1 [ RunTime:0.000623s ]
[2024-12-09T21:49:12+08:00][sql] SHOW FULL COLUMNS FROM `cmf_hook_plugin` [ RunTime:0.001283s ]
[2024-12-09T21:49:12+08:00][sql] SELECT `hook`,`plugin` FROM `cmf_hook_plugin` WHERE  `status` = 1  AND `hook` IN ('app_begin','module_init','action_begin','view_filter','app_end','log_write','response_end','admin_init','home_init','send_mobile_verification_code','body_start','before_head_end','footer_start','before_footer','before_footer_end','before_body_end','left_sidebar_start','before_left_sidebar_end','right_sidebar_start','before_right_sidebar_end','comment','guestbook','switch_theme','after_content','before_content','log_write_done','switch_admin_theme','captcha_image') ORDER BY `list_order` ASC [ RunTime:0.000696s ]
[2024-12-09T21:49:14+08:00][sql] CONNECT:[ UseTime:0.000622s ] mysql:host=127.0.0.1;port=3306;dbname=zhibo;charset=utf8mb4
[2024-12-09T21:49:14+08:00][sql] SHOW FULL COLUMNS FROM `cmf_hook` [ RunTime:0.001556s ]
[2024-12-09T21:49:14+08:00][sql] SELECT `hook`,`id` FROM `cmf_hook` WHERE  (  (  `app` = '' OR `app` = 'cmf' )  AND `type` = 3 ) OR `type` = 1 [ RunTime:0.000657s ]
[2024-12-09T21:49:14+08:00][sql] SHOW FULL COLUMNS FROM `cmf_hook_plugin` [ RunTime:0.001240s ]
[2024-12-09T21:49:14+08:00][sql] SELECT `hook`,`plugin` FROM `cmf_hook_plugin` WHERE  `status` = 1  AND `hook` IN ('app_begin','module_init','action_begin','view_filter','app_end','log_write','response_end','admin_init','home_init','send_mobile_verification_code','body_start','before_head_end','footer_start','before_footer','before_footer_end','before_body_end','left_sidebar_start','before_left_sidebar_end','right_sidebar_start','before_right_sidebar_end','comment','guestbook','switch_theme','after_content','before_content','log_write_done','switch_admin_theme','captcha_image') ORDER BY `list_order` ASC [ RunTime:0.000766s ]
[2024-12-09T21:49:15+08:00][sql] CONNECT:[ UseTime:0.000687s ] mysql:host=127.0.0.1;port=3306;dbname=zhibo;charset=utf8mb4
[2024-12-09T21:49:15+08:00][sql] SHOW FULL COLUMNS FROM `cmf_hook` [ RunTime:0.001562s ]
[2024-12-09T21:49:15+08:00][sql] SELECT `hook`,`id` FROM `cmf_hook` WHERE  (  (  `app` = '' OR `app` = 'cmf' )  AND `type` = 3 ) OR `type` = 1 [ RunTime:0.000750s ]
[2024-12-09T21:49:15+08:00][sql] SHOW FULL COLUMNS FROM `cmf_hook_plugin` [ RunTime:0.001396s ]
[2024-12-09T21:49:15+08:00][sql] SELECT `hook`,`plugin` FROM `cmf_hook_plugin` WHERE  `status` = 1  AND `hook` IN ('app_begin','module_init','action_begin','view_filter','app_end','log_write','response_end','admin_init','home_init','send_mobile_verification_code','body_start','before_head_end','footer_start','before_footer','before_footer_end','before_body_end','left_sidebar_start','before_left_sidebar_end','right_sidebar_start','before_right_sidebar_end','comment','guestbook','switch_theme','after_content','before_content','log_write_done','switch_admin_theme','captcha_image') ORDER BY `list_order` ASC [ RunTime:0.000747s ]
[2024-12-09T21:49:16+08:00][sql] CONNECT:[ UseTime:0.000623s ] mysql:host=127.0.0.1;port=3306;dbname=zhibo;charset=utf8mb4
[2024-12-09T21:49:16+08:00][sql] SHOW FULL COLUMNS FROM `cmf_hook` [ RunTime:0.001560s ]
[2024-12-09T21:49:16+08:00][sql] SELECT `hook`,`id` FROM `cmf_hook` WHERE  (  (  `app` = '' OR `app` = 'cmf' )  AND `type` = 3 ) OR `type` = 1 [ RunTime:0.000664s ]
[2024-12-09T21:49:16+08:00][sql] SHOW FULL COLUMNS FROM `cmf_hook_plugin` [ RunTime:0.001289s ]
[2024-12-09T21:49:16+08:00][sql] SELECT `hook`,`plugin` FROM `cmf_hook_plugin` WHERE  `status` = 1  AND `hook` IN ('app_begin','module_init','action_begin','view_filter','app_end','log_write','response_end','admin_init','home_init','send_mobile_verification_code','body_start','before_head_end','footer_start','before_footer','before_footer_end','before_body_end','left_sidebar_start','before_left_sidebar_end','right_sidebar_start','before_right_sidebar_end','comment','guestbook','switch_theme','after_content','before_content','log_write_done','switch_admin_theme','captcha_image') ORDER BY `list_order` ASC [ RunTime:0.000730s ]
[2024-12-09T21:49:17+08:00][sql] CONNECT:[ UseTime:0.000648s ] mysql:host=127.0.0.1;port=3306;dbname=zhibo;charset=utf8mb4
[2024-12-09T21:49:17+08:00][sql] SHOW FULL COLUMNS FROM `cmf_hook` [ RunTime:0.001629s ]
[2024-12-09T21:49:17+08:00][sql] SELECT `hook`,`id` FROM `cmf_hook` WHERE  (  (  `app` = '' OR `app` = 'cmf' )  AND `type` = 3 ) OR `type` = 1 [ RunTime:0.000648s ]
[2024-12-09T21:49:17+08:00][sql] SHOW FULL COLUMNS FROM `cmf_hook_plugin` [ RunTime:0.001335s ]
[2024-12-09T21:49:17+08:00][sql] SELECT `hook`,`plugin` FROM `cmf_hook_plugin` WHERE  `status` = 1  AND `hook` IN ('app_begin','module_init','action_begin','view_filter','app_end','log_write','response_end','admin_init','home_init','send_mobile_verification_code','body_start','before_head_end','footer_start','before_footer','before_footer_end','before_body_end','left_sidebar_start','before_left_sidebar_end','right_sidebar_start','before_right_sidebar_end','comment','guestbook','switch_theme','after_content','before_content','log_write_done','switch_admin_theme','captcha_image') ORDER BY `list_order` ASC [ RunTime:0.000705s ]
[2024-12-09T21:49:18+08:00][sql] CONNECT:[ UseTime:0.000649s ] mysql:host=127.0.0.1;port=3306;dbname=zhibo;charset=utf8mb4
[2024-12-09T21:49:18+08:00][sql] SHOW FULL COLUMNS FROM `cmf_hook` [ RunTime:0.001541s ]
[2024-12-09T21:49:18+08:00][sql] SELECT `hook`,`id` FROM `cmf_hook` WHERE  (  (  `app` = '' OR `app` = 'cmf' )  AND `type` = 3 ) OR `type` = 1 [ RunTime:0.000655s ]
[2024-12-09T21:49:18+08:00][sql] SHOW FULL COLUMNS FROM `cmf_hook_plugin` [ RunTime:0.001271s ]
[2024-12-09T21:49:18+08:00][sql] SELECT `hook`,`plugin` FROM `cmf_hook_plugin` WHERE  `status` = 1  AND `hook` IN ('app_begin','module_init','action_begin','view_filter','app_end','log_write','response_end','admin_init','home_init','send_mobile_verification_code','body_start','before_head_end','footer_start','before_footer','before_footer_end','before_body_end','left_sidebar_start','before_left_sidebar_end','right_sidebar_start','before_right_sidebar_end','comment','guestbook','switch_theme','after_content','before_content','log_write_done','switch_admin_theme','captcha_image') ORDER BY `list_order` ASC [ RunTime:0.000701s ]
[2024-12-09T21:49:18+08:00][sql] CONNECT:[ UseTime:0.000632s ] mysql:host=127.0.0.1;port=3306;dbname=zhibo;charset=utf8mb4
[2024-12-09T21:49:18+08:00][sql] SHOW FULL COLUMNS FROM `cmf_hook` [ RunTime:0.001526s ]
[2024-12-09T21:49:18+08:00][sql] SELECT `hook`,`id` FROM `cmf_hook` WHERE  (  (  `app` = '' OR `app` = 'cmf' )  AND `type` = 3 ) OR `type` = 1 [ RunTime:0.000651s ]
[2024-12-09T21:49:18+08:00][sql] SHOW FULL COLUMNS FROM `cmf_hook_plugin` [ RunTime:0.001275s ]
[2024-12-09T21:49:18+08:00][sql] SELECT `hook`,`plugin` FROM `cmf_hook_plugin` WHERE  `status` = 1  AND `hook` IN ('app_begin','module_init','action_begin','view_filter','app_end','log_write','response_end','admin_init','home_init','send_mobile_verification_code','body_start','before_head_end','footer_start','before_footer','before_footer_end','before_body_end','left_sidebar_start','before_left_sidebar_end','right_sidebar_start','before_right_sidebar_end','comment','guestbook','switch_theme','after_content','before_content','log_write_done','switch_admin_theme','captcha_image') ORDER BY `list_order` ASC [ RunTime:0.000755s ]
[2024-12-09T21:49:20+08:00][sql] CONNECT:[ UseTime:0.000627s ] mysql:host=127.0.0.1;port=3306;dbname=zhibo;charset=utf8mb4
[2024-12-09T21:49:20+08:00][sql] SHOW FULL COLUMNS FROM `cmf_hook` [ RunTime:0.001499s ]
[2024-12-09T21:49:20+08:00][sql] SELECT `hook`,`id` FROM `cmf_hook` WHERE  (  (  `app` = '' OR `app` = 'cmf' )  AND `type` = 3 ) OR `type` = 1 [ RunTime:0.000690s ]
[2024-12-09T21:49:20+08:00][sql] SHOW FULL COLUMNS FROM `cmf_hook_plugin` [ RunTime:0.001245s ]
[2024-12-09T21:49:20+08:00][sql] SELECT `hook`,`plugin` FROM `cmf_hook_plugin` WHERE  `status` = 1  AND `hook` IN ('app_begin','module_init','action_begin','view_filter','app_end','log_write','response_end','admin_init','home_init','send_mobile_verification_code','body_start','before_head_end','footer_start','before_footer','before_footer_end','before_body_end','left_sidebar_start','before_left_sidebar_end','right_sidebar_start','before_right_sidebar_end','comment','guestbook','switch_theme','after_content','before_content','log_write_done','switch_admin_theme','captcha_image') ORDER BY `list_order` ASC [ RunTime:0.000731s ]
[2024-12-09T21:49:21+08:00][sql] CONNECT:[ UseTime:0.000690s ] mysql:host=127.0.0.1;port=3306;dbname=zhibo;charset=utf8mb4
[2024-12-09T21:49:21+08:00][sql] SHOW FULL COLUMNS FROM `cmf_hook` [ RunTime:0.001494s ]
[2024-12-09T21:49:21+08:00][sql] SELECT `hook`,`id` FROM `cmf_hook` WHERE  (  (  `app` = '' OR `app` = 'cmf' )  AND `type` = 3 ) OR `type` = 1 [ RunTime:0.000651s ]
[2024-12-09T21:49:21+08:00][sql] SHOW FULL COLUMNS FROM `cmf_hook_plugin` [ RunTime:0.001312s ]
[2024-12-09T21:49:21+08:00][sql] SELECT `hook`,`plugin` FROM `cmf_hook_plugin` WHERE  `status` = 1  AND `hook` IN ('app_begin','module_init','action_begin','view_filter','app_end','log_write','response_end','admin_init','home_init','send_mobile_verification_code','body_start','before_head_end','footer_start','before_footer','before_footer_end','before_body_end','left_sidebar_start','before_left_sidebar_end','right_sidebar_start','before_right_sidebar_end','comment','guestbook','switch_theme','after_content','before_content','log_write_done','switch_admin_theme','captcha_image') ORDER BY `list_order` ASC [ RunTime:0.000714s ]
[2024-12-09T21:49:22+08:00][sql] CONNECT:[ UseTime:0.000666s ] mysql:host=127.0.0.1;port=3306;dbname=zhibo;charset=utf8mb4
[2024-12-09T21:49:22+08:00][sql] SHOW FULL COLUMNS FROM `cmf_hook` [ RunTime:0.001560s ]
[2024-12-09T21:49:22+08:00][sql] SELECT `hook`,`id` FROM `cmf_hook` WHERE  (  (  `app` = '' OR `app` = 'cmf' )  AND `type` = 3 ) OR `type` = 1 [ RunTime:0.000613s ]
[2024-12-09T21:49:22+08:00][sql] SHOW FULL COLUMNS FROM `cmf_hook_plugin` [ RunTime:0.001255s ]
[2024-12-09T21:49:22+08:00][sql] SELECT `hook`,`plugin` FROM `cmf_hook_plugin` WHERE  `status` = 1  AND `hook` IN ('app_begin','module_init','action_begin','view_filter','app_end','log_write','response_end','admin_init','home_init','send_mobile_verification_code','body_start','before_head_end','footer_start','before_footer','before_footer_end','before_body_end','left_sidebar_start','before_left_sidebar_end','right_sidebar_start','before_right_sidebar_end','comment','guestbook','switch_theme','after_content','before_content','log_write_done','switch_admin_theme','captcha_image') ORDER BY `list_order` ASC [ RunTime:0.000675s ]
[2024-12-09T21:49:22+08:00][sql] CONNECT:[ UseTime:0.000632s ] mysql:host=127.0.0.1;port=3306;dbname=zhibo;charset=utf8mb4
[2024-12-09T21:49:22+08:00][sql] SHOW FULL COLUMNS FROM `cmf_hook` [ RunTime:0.001507s ]
[2024-12-09T21:49:22+08:00][sql] SELECT `hook`,`id` FROM `cmf_hook` WHERE  (  (  `app` = '' OR `app` = 'cmf' )  AND `type` = 3 ) OR `type` = 1 [ RunTime:0.000669s ]
[2024-12-09T21:49:22+08:00][sql] SHOW FULL COLUMNS FROM `cmf_hook_plugin` [ RunTime:0.001331s ]
[2024-12-09T21:49:22+08:00][sql] SELECT `hook`,`plugin` FROM `cmf_hook_plugin` WHERE  `status` = 1  AND `hook` IN ('app_begin','module_init','action_begin','view_filter','app_end','log_write','response_end','admin_init','home_init','send_mobile_verification_code','body_start','before_head_end','footer_start','before_footer','before_footer_end','before_body_end','left_sidebar_start','before_left_sidebar_end','right_sidebar_start','before_right_sidebar_end','comment','guestbook','switch_theme','after_content','before_content','log_write_done','switch_admin_theme','captcha_image') ORDER BY `list_order` ASC [ RunTime:0.000711s ]
[2024-12-09T21:49:24+08:00][sql] CONNECT:[ UseTime:0.000625s ] mysql:host=127.0.0.1;port=3306;dbname=zhibo;charset=utf8mb4
[2024-12-09T21:49:24+08:00][sql] SHOW FULL COLUMNS FROM `cmf_hook` [ RunTime:0.001470s ]
[2024-12-09T21:49:24+08:00][sql] SELECT `hook`,`id` FROM `cmf_hook` WHERE  (  (  `app` = '' OR `app` = 'cmf' )  AND `type` = 3 ) OR `type` = 1 [ RunTime:0.000603s ]
[2024-12-09T21:49:24+08:00][sql] SHOW FULL COLUMNS FROM `cmf_hook_plugin` [ RunTime:0.001230s ]
[2024-12-09T21:49:24+08:00][sql] SELECT `hook`,`plugin` FROM `cmf_hook_plugin` WHERE  `status` = 1  AND `hook` IN ('app_begin','module_init','action_begin','view_filter','app_end','log_write','response_end','admin_init','home_init','send_mobile_verification_code','body_start','before_head_end','footer_start','before_footer','before_footer_end','before_body_end','left_sidebar_start','before_left_sidebar_end','right_sidebar_start','before_right_sidebar_end','comment','guestbook','switch_theme','after_content','before_content','log_write_done','switch_admin_theme','captcha_image') ORDER BY `list_order` ASC [ RunTime:0.000666s ]
[2024-12-09T21:49:24+08:00][sql] CONNECT:[ UseTime:0.000714s ] mysql:host=127.0.0.1;port=3306;dbname=zhibo;charset=utf8mb4
[2024-12-09T21:49:24+08:00][sql] SHOW FULL COLUMNS FROM `cmf_hook` [ RunTime:0.001560s ]
[2024-12-09T21:49:24+08:00][sql] SELECT `hook`,`id` FROM `cmf_hook` WHERE  (  (  `app` = '' OR `app` = 'cmf' )  AND `type` = 3 ) OR `type` = 1 [ RunTime:0.000686s ]
[2024-12-09T21:49:24+08:00][sql] SHOW FULL COLUMNS FROM `cmf_hook_plugin` [ RunTime:0.001302s ]
[2024-12-09T21:49:24+08:00][sql] SELECT `hook`,`plugin` FROM `cmf_hook_plugin` WHERE  `status` = 1  AND `hook` IN ('app_begin','module_init','action_begin','view_filter','app_end','log_write','response_end','admin_init','home_init','send_mobile_verification_code','body_start','before_head_end','footer_start','before_footer','before_footer_end','before_body_end','left_sidebar_start','before_left_sidebar_end','right_sidebar_start','before_right_sidebar_end','comment','guestbook','switch_theme','after_content','before_content','log_write_done','switch_admin_theme','captcha_image') ORDER BY `list_order` ASC [ RunTime:0.000766s ]
[2024-12-09T21:49:26+08:00][sql] CONNECT:[ UseTime:0.000661s ] mysql:host=127.0.0.1;port=3306;dbname=zhibo;charset=utf8mb4
[2024-12-09T21:49:26+08:00][sql] SHOW FULL COLUMNS FROM `cmf_hook` [ RunTime:0.001579s ]
[2024-12-09T21:49:26+08:00][sql] SELECT `hook`,`id` FROM `cmf_hook` WHERE  (  (  `app` = '' OR `app` = 'cmf' )  AND `type` = 3 ) OR `type` = 1 [ RunTime:0.000685s ]
[2024-12-09T21:49:26+08:00][sql] SHOW FULL COLUMNS FROM `cmf_hook_plugin` [ RunTime:0.001286s ]
[2024-12-09T21:49:26+08:00][sql] SELECT `hook`,`plugin` FROM `cmf_hook_plugin` WHERE  `status` = 1  AND `hook` IN ('app_begin','module_init','action_begin','view_filter','app_end','log_write','response_end','admin_init','home_init','send_mobile_verification_code','body_start','before_head_end','footer_start','before_footer','before_footer_end','before_body_end','left_sidebar_start','before_left_sidebar_end','right_sidebar_start','before_right_sidebar_end','comment','guestbook','switch_theme','after_content','before_content','log_write_done','switch_admin_theme','captcha_image') ORDER BY `list_order` ASC [ RunTime:0.000730s ]
[2024-12-09T21:49:28+08:00][sql] CONNECT:[ UseTime:0.000640s ] mysql:host=127.0.0.1;port=3306;dbname=zhibo;charset=utf8mb4
[2024-12-09T21:49:28+08:00][sql] SHOW FULL COLUMNS FROM `cmf_hook` [ RunTime:0.001547s ]
[2024-12-09T21:49:28+08:00][sql] SELECT `hook`,`id` FROM `cmf_hook` WHERE  (  (  `app` = '' OR `app` = 'cmf' )  AND `type` = 3 ) OR `type` = 1 [ RunTime:0.000663s ]
[2024-12-09T21:49:28+08:00][sql] SHOW FULL COLUMNS FROM `cmf_hook_plugin` [ RunTime:0.001300s ]
[2024-12-09T21:49:28+08:00][sql] SELECT `hook`,`plugin` FROM `cmf_hook_plugin` WHERE  `status` = 1  AND `hook` IN ('app_begin','module_init','action_begin','view_filter','app_end','log_write','response_end','admin_init','home_init','send_mobile_verification_code','body_start','before_head_end','footer_start','before_footer','before_footer_end','before_body_end','left_sidebar_start','before_left_sidebar_end','right_sidebar_start','before_right_sidebar_end','comment','guestbook','switch_theme','after_content','before_content','log_write_done','switch_admin_theme','captcha_image') ORDER BY `list_order` ASC [ RunTime:0.000717s ]
[2024-12-09T21:49:28+08:00][sql] CONNECT:[ UseTime:0.000616s ] mysql:host=127.0.0.1;port=3306;dbname=zhibo;charset=utf8mb4
[2024-12-09T21:49:28+08:00][sql] SHOW FULL COLUMNS FROM `cmf_hook` [ RunTime:0.001640s ]
[2024-12-09T21:49:28+08:00][sql] SELECT `hook`,`id` FROM `cmf_hook` WHERE  (  (  `app` = '' OR `app` = 'cmf' )  AND `type` = 3 ) OR `type` = 1 [ RunTime:0.000621s ]
[2024-12-09T21:49:28+08:00][sql] SHOW FULL COLUMNS FROM `cmf_hook_plugin` [ RunTime:0.001302s ]
[2024-12-09T21:49:28+08:00][sql] SELECT `hook`,`plugin` FROM `cmf_hook_plugin` WHERE  `status` = 1  AND `hook` IN ('app_begin','module_init','action_begin','view_filter','app_end','log_write','response_end','admin_init','home_init','send_mobile_verification_code','body_start','before_head_end','footer_start','before_footer','before_footer_end','before_body_end','left_sidebar_start','before_left_sidebar_end','right_sidebar_start','before_right_sidebar_end','comment','guestbook','switch_theme','after_content','before_content','log_write_done','switch_admin_theme','captcha_image') ORDER BY `list_order` ASC [ RunTime:0.000694s ]
[2024-12-09T21:49:31+08:00][sql] CONNECT:[ UseTime:0.000657s ] mysql:host=127.0.0.1;port=3306;dbname=zhibo;charset=utf8mb4
[2024-12-09T21:49:31+08:00][sql] SHOW FULL COLUMNS FROM `cmf_hook` [ RunTime:0.001554s ]
[2024-12-09T21:49:31+08:00][sql] SELECT `hook`,`id` FROM `cmf_hook` WHERE  (  (  `app` = '' OR `app` = 'cmf' )  AND `type` = 3 ) OR `type` = 1 [ RunTime:0.000634s ]
[2024-12-09T21:49:31+08:00][sql] SHOW FULL COLUMNS FROM `cmf_hook_plugin` [ RunTime:0.001308s ]
[2024-12-09T21:49:31+08:00][sql] SELECT `hook`,`plugin` FROM `cmf_hook_plugin` WHERE  `status` = 1  AND `hook` IN ('app_begin','module_init','action_begin','view_filter','app_end','log_write','response_end','admin_init','home_init','send_mobile_verification_code','body_start','before_head_end','footer_start','before_footer','before_footer_end','before_body_end','left_sidebar_start','before_left_sidebar_end','right_sidebar_start','before_right_sidebar_end','comment','guestbook','switch_theme','after_content','before_content','log_write_done','switch_admin_theme','captcha_image') ORDER BY `list_order` ASC [ RunTime:0.000688s ]
[2024-12-09T21:49:31+08:00][sql] CONNECT:[ UseTime:0.000641s ] mysql:host=127.0.0.1;port=3306;dbname=zhibo;charset=utf8mb4
[2024-12-09T21:49:31+08:00][sql] SHOW FULL COLUMNS FROM `cmf_hook` [ RunTime:0.001620s ]
[2024-12-09T21:49:31+08:00][sql] SELECT `hook`,`id` FROM `cmf_hook` WHERE  (  (  `app` = '' OR `app` = 'cmf' )  AND `type` = 3 ) OR `type` = 1 [ RunTime:0.000689s ]
[2024-12-09T21:49:31+08:00][sql] SHOW FULL COLUMNS FROM `cmf_hook_plugin` [ RunTime:0.001304s ]
[2024-12-09T21:49:31+08:00][sql] SELECT `hook`,`plugin` FROM `cmf_hook_plugin` WHERE  `status` = 1  AND `hook` IN ('app_begin','module_init','action_begin','view_filter','app_end','log_write','response_end','admin_init','home_init','send_mobile_verification_code','body_start','before_head_end','footer_start','before_footer','before_footer_end','before_body_end','left_sidebar_start','before_left_sidebar_end','right_sidebar_start','before_right_sidebar_end','comment','guestbook','switch_theme','after_content','before_content','log_write_done','switch_admin_theme','captcha_image') ORDER BY `list_order` ASC [ RunTime:0.000749s ]
[2024-12-09T21:49:33+08:00][sql] CONNECT:[ UseTime:0.000677s ] mysql:host=127.0.0.1;port=3306;dbname=zhibo;charset=utf8mb4
[2024-12-09T21:49:33+08:00][sql] SHOW FULL COLUMNS FROM `cmf_hook` [ RunTime:0.001583s ]
[2024-12-09T21:49:33+08:00][sql] SELECT `hook`,`id` FROM `cmf_hook` WHERE  (  (  `app` = '' OR `app` = 'cmf' )  AND `type` = 3 ) OR `type` = 1 [ RunTime:0.000656s ]
[2024-12-09T21:49:33+08:00][sql] SHOW FULL COLUMNS FROM `cmf_hook_plugin` [ RunTime:0.001359s ]
[2024-12-09T21:49:33+08:00][sql] SELECT `hook`,`plugin` FROM `cmf_hook_plugin` WHERE  `status` = 1  AND `hook` IN ('app_begin','module_init','action_begin','view_filter','app_end','log_write','response_end','admin_init','home_init','send_mobile_verification_code','body_start','before_head_end','footer_start','before_footer','before_footer_end','before_body_end','left_sidebar_start','before_left_sidebar_end','right_sidebar_start','before_right_sidebar_end','comment','guestbook','switch_theme','after_content','before_content','log_write_done','switch_admin_theme','captcha_image') ORDER BY `list_order` ASC [ RunTime:0.000717s ]
[2024-12-09T21:49:33+08:00][sql] CONNECT:[ UseTime:0.000640s ] mysql:host=127.0.0.1;port=3306;dbname=zhibo;charset=utf8mb4
[2024-12-09T21:49:33+08:00][sql] SHOW FULL COLUMNS FROM `cmf_hook` [ RunTime:0.001509s ]
[2024-12-09T21:49:33+08:00][sql] SELECT `hook`,`id` FROM `cmf_hook` WHERE  (  (  `app` = '' OR `app` = 'cmf' )  AND `type` = 3 ) OR `type` = 1 [ RunTime:0.000659s ]
[2024-12-09T21:49:33+08:00][sql] SHOW FULL COLUMNS FROM `cmf_hook_plugin` [ RunTime:0.001270s ]
[2024-12-09T21:49:33+08:00][sql] SELECT `hook`,`plugin` FROM `cmf_hook_plugin` WHERE  `status` = 1  AND `hook` IN ('app_begin','module_init','action_begin','view_filter','app_end','log_write','response_end','admin_init','home_init','send_mobile_verification_code','body_start','before_head_end','footer_start','before_footer','before_footer_end','before_body_end','left_sidebar_start','before_left_sidebar_end','right_sidebar_start','before_right_sidebar_end','comment','guestbook','switch_theme','after_content','before_content','log_write_done','switch_admin_theme','captcha_image') ORDER BY `list_order` ASC [ RunTime:0.000753s ]
[2024-12-09T21:49:35+08:00][sql] CONNECT:[ UseTime:0.000627s ] mysql:host=127.0.0.1;port=3306;dbname=zhibo;charset=utf8mb4
[2024-12-09T21:49:35+08:00][sql] SHOW FULL COLUMNS FROM `cmf_hook` [ RunTime:0.001607s ]
[2024-12-09T21:49:35+08:00][sql] SELECT `hook`,`id` FROM `cmf_hook` WHERE  (  (  `app` = '' OR `app` = 'cmf' )  AND `type` = 3 ) OR `type` = 1 [ RunTime:0.000637s ]
[2024-12-09T21:49:35+08:00][sql] SHOW FULL COLUMNS FROM `cmf_hook_plugin` [ RunTime:0.001301s ]
[2024-12-09T21:49:35+08:00][sql] SELECT `hook`,`plugin` FROM `cmf_hook_plugin` WHERE  `status` = 1  AND `hook` IN ('app_begin','module_init','action_begin','view_filter','app_end','log_write','response_end','admin_init','home_init','send_mobile_verification_code','body_start','before_head_end','footer_start','before_footer','before_footer_end','before_body_end','left_sidebar_start','before_left_sidebar_end','right_sidebar_start','before_right_sidebar_end','comment','guestbook','switch_theme','after_content','before_content','log_write_done','switch_admin_theme','captcha_image') ORDER BY `list_order` ASC [ RunTime:0.000702s ]
[2024-12-09T21:49:35+08:00][sql] CONNECT:[ UseTime:0.000610s ] mysql:host=127.0.0.1;port=3306;dbname=zhibo;charset=utf8mb4
[2024-12-09T21:49:35+08:00][sql] SHOW FULL COLUMNS FROM `cmf_hook` [ RunTime:0.001518s ]
[2024-12-09T21:49:35+08:00][sql] SELECT `hook`,`id` FROM `cmf_hook` WHERE  (  (  `app` = '' OR `app` = 'cmf' )  AND `type` = 3 ) OR `type` = 1 [ RunTime:0.000628s ]
[2024-12-09T21:49:35+08:00][sql] SHOW FULL COLUMNS FROM `cmf_hook_plugin` [ RunTime:0.001259s ]
[2024-12-09T21:49:35+08:00][sql] SELECT `hook`,`plugin` FROM `cmf_hook_plugin` WHERE  `status` = 1  AND `hook` IN ('app_begin','module_init','action_begin','view_filter','app_end','log_write','response_end','admin_init','home_init','send_mobile_verification_code','body_start','before_head_end','footer_start','before_footer','before_footer_end','before_body_end','left_sidebar_start','before_left_sidebar_end','right_sidebar_start','before_right_sidebar_end','comment','guestbook','switch_theme','after_content','before_content','log_write_done','switch_admin_theme','captcha_image') ORDER BY `list_order` ASC [ RunTime:0.000685s ]
[2024-12-09T21:49:37+08:00][sql] CONNECT:[ UseTime:0.000653s ] mysql:host=127.0.0.1;port=3306;dbname=zhibo;charset=utf8mb4
[2024-12-09T21:49:37+08:00][sql] SHOW FULL COLUMNS FROM `cmf_hook` [ RunTime:0.001525s ]
[2024-12-09T21:49:37+08:00][sql] SELECT `hook`,`id` FROM `cmf_hook` WHERE  (  (  `app` = '' OR `app` = 'cmf' )  AND `type` = 3 ) OR `type` = 1 [ RunTime:0.000645s ]
[2024-12-09T21:49:37+08:00][sql] SHOW FULL COLUMNS FROM `cmf_hook_plugin` [ RunTime:0.001310s ]
[2024-12-09T21:49:37+08:00][sql] SELECT `hook`,`plugin` FROM `cmf_hook_plugin` WHERE  `status` = 1  AND `hook` IN ('app_begin','module_init','action_begin','view_filter','app_end','log_write','response_end','admin_init','home_init','send_mobile_verification_code','body_start','before_head_end','footer_start','before_footer','before_footer_end','before_body_end','left_sidebar_start','before_left_sidebar_end','right_sidebar_start','before_right_sidebar_end','comment','guestbook','switch_theme','after_content','before_content','log_write_done','switch_admin_theme','captcha_image') ORDER BY `list_order` ASC [ RunTime:0.000695s ]
[2024-12-09T21:49:37+08:00][sql] CONNECT:[ UseTime:0.000693s ] mysql:host=127.0.0.1;port=3306;dbname=zhibo;charset=utf8mb4
[2024-12-09T21:49:37+08:00][sql] SHOW FULL COLUMNS FROM `cmf_hook` [ RunTime:0.001562s ]
[2024-12-09T21:49:37+08:00][sql] SELECT `hook`,`id` FROM `cmf_hook` WHERE  (  (  `app` = '' OR `app` = 'cmf' )  AND `type` = 3 ) OR `type` = 1 [ RunTime:0.000653s ]
[2024-12-09T21:49:37+08:00][sql] SHOW FULL COLUMNS FROM `cmf_hook_plugin` [ RunTime:0.001288s ]
[2024-12-09T21:49:37+08:00][sql] SELECT `hook`,`plugin` FROM `cmf_hook_plugin` WHERE  `status` = 1  AND `hook` IN ('app_begin','module_init','action_begin','view_filter','app_end','log_write','response_end','admin_init','home_init','send_mobile_verification_code','body_start','before_head_end','footer_start','before_footer','before_footer_end','before_body_end','left_sidebar_start','before_left_sidebar_end','right_sidebar_start','before_right_sidebar_end','comment','guestbook','switch_theme','after_content','before_content','log_write_done','switch_admin_theme','captcha_image') ORDER BY `list_order` ASC [ RunTime:0.000739s ]
[2024-12-09T21:49:39+08:00][sql] CONNECT:[ UseTime:0.000657s ] mysql:host=127.0.0.1;port=3306;dbname=zhibo;charset=utf8mb4
[2024-12-09T21:49:39+08:00][sql] SHOW FULL COLUMNS FROM `cmf_hook` [ RunTime:0.001533s ]
[2024-12-09T21:49:39+08:00][sql] SELECT `hook`,`id` FROM `cmf_hook` WHERE  (  (  `app` = '' OR `app` = 'cmf' )  AND `type` = 3 ) OR `type` = 1 [ RunTime:0.000674s ]
[2024-12-09T21:49:39+08:00][sql] SHOW FULL COLUMNS FROM `cmf_hook_plugin` [ RunTime:0.001300s ]
[2024-12-09T21:49:39+08:00][sql] SELECT `hook`,`plugin` FROM `cmf_hook_plugin` WHERE  `status` = 1  AND `hook` IN ('app_begin','module_init','action_begin','view_filter','app_end','log_write','response_end','admin_init','home_init','send_mobile_verification_code','body_start','before_head_end','footer_start','before_footer','before_footer_end','before_body_end','left_sidebar_start','before_left_sidebar_end','right_sidebar_start','before_right_sidebar_end','comment','guestbook','switch_theme','after_content','before_content','log_write_done','switch_admin_theme','captcha_image') ORDER BY `list_order` ASC [ RunTime:0.000737s ]
[2024-12-09T21:49:39+08:00][sql] CONNECT:[ UseTime:0.000640s ] mysql:host=127.0.0.1;port=3306;dbname=zhibo;charset=utf8mb4
[2024-12-09T21:49:39+08:00][sql] SHOW FULL COLUMNS FROM `cmf_hook` [ RunTime:0.001612s ]
[2024-12-09T21:49:39+08:00][sql] SELECT `hook`,`id` FROM `cmf_hook` WHERE  (  (  `app` = '' OR `app` = 'cmf' )  AND `type` = 3 ) OR `type` = 1 [ RunTime:0.000654s ]
[2024-12-09T21:49:39+08:00][sql] SHOW FULL COLUMNS FROM `cmf_hook_plugin` [ RunTime:0.001305s ]
[2024-12-09T21:49:39+08:00][sql] SELECT `hook`,`plugin` FROM `cmf_hook_plugin` WHERE  `status` = 1  AND `hook` IN ('app_begin','module_init','action_begin','view_filter','app_end','log_write','response_end','admin_init','home_init','send_mobile_verification_code','body_start','before_head_end','footer_start','before_footer','before_footer_end','before_body_end','left_sidebar_start','before_left_sidebar_end','right_sidebar_start','before_right_sidebar_end','comment','guestbook','switch_theme','after_content','before_content','log_write_done','switch_admin_theme','captcha_image') ORDER BY `list_order` ASC [ RunTime:0.000768s ]
[2024-12-09T21:49:41+08:00][sql] CONNECT:[ UseTime:0.000657s ] mysql:host=127.0.0.1;port=3306;dbname=zhibo;charset=utf8mb4
[2024-12-09T21:49:41+08:00][sql] SHOW FULL COLUMNS FROM `cmf_hook` [ RunTime:0.001524s ]
[2024-12-09T21:49:41+08:00][sql] SELECT `hook`,`id` FROM `cmf_hook` WHERE  (  (  `app` = '' OR `app` = 'cmf' )  AND `type` = 3 ) OR `type` = 1 [ RunTime:0.000676s ]
[2024-12-09T21:49:41+08:00][sql] SHOW FULL COLUMNS FROM `cmf_hook_plugin` [ RunTime:0.001265s ]
[2024-12-09T21:49:41+08:00][sql] SELECT `hook`,`plugin` FROM `cmf_hook_plugin` WHERE  `status` = 1  AND `hook` IN ('app_begin','module_init','action_begin','view_filter','app_end','log_write','response_end','admin_init','home_init','send_mobile_verification_code','body_start','before_head_end','footer_start','before_footer','before_footer_end','before_body_end','left_sidebar_start','before_left_sidebar_end','right_sidebar_start','before_right_sidebar_end','comment','guestbook','switch_theme','after_content','before_content','log_write_done','switch_admin_theme','captcha_image') ORDER BY `list_order` ASC [ RunTime:0.000723s ]
[2024-12-09T21:49:42+08:00][sql] CONNECT:[ UseTime:0.000639s ] mysql:host=127.0.0.1;port=3306;dbname=zhibo;charset=utf8mb4
[2024-12-09T21:49:42+08:00][sql] SHOW FULL COLUMNS FROM `cmf_hook` [ RunTime:0.001602s ]
[2024-12-09T21:49:42+08:00][sql] SELECT `hook`,`id` FROM `cmf_hook` WHERE  (  (  `app` = '' OR `app` = 'cmf' )  AND `type` = 3 ) OR `type` = 1 [ RunTime:0.000705s ]
[2024-12-09T21:49:42+08:00][sql] SHOW FULL COLUMNS FROM `cmf_hook_plugin` [ RunTime:0.001317s ]
[2024-12-09T21:49:42+08:00][sql] SELECT `hook`,`plugin` FROM `cmf_hook_plugin` WHERE  `status` = 1  AND `hook` IN ('app_begin','module_init','action_begin','view_filter','app_end','log_write','response_end','admin_init','home_init','send_mobile_verification_code','body_start','before_head_end','footer_start','before_footer','before_footer_end','before_body_end','left_sidebar_start','before_left_sidebar_end','right_sidebar_start','before_right_sidebar_end','comment','guestbook','switch_theme','after_content','before_content','log_write_done','switch_admin_theme','captcha_image') ORDER BY `list_order` ASC [ RunTime:0.000720s ]
[2024-12-09T21:49:44+08:00][sql] CONNECT:[ UseTime:0.000665s ] mysql:host=127.0.0.1;port=3306;dbname=zhibo;charset=utf8mb4
[2024-12-09T21:49:44+08:00][sql] SHOW FULL COLUMNS FROM `cmf_hook` [ RunTime:0.001577s ]
[2024-12-09T21:49:44+08:00][sql] SELECT `hook`,`id` FROM `cmf_hook` WHERE  (  (  `app` = '' OR `app` = 'cmf' )  AND `type` = 3 ) OR `type` = 1 [ RunTime:0.000640s ]
[2024-12-09T21:49:44+08:00][sql] SHOW FULL COLUMNS FROM `cmf_hook_plugin` [ RunTime:0.001290s ]
[2024-12-09T21:49:44+08:00][sql] SELECT `hook`,`plugin` FROM `cmf_hook_plugin` WHERE  `status` = 1  AND `hook` IN ('app_begin','module_init','action_begin','view_filter','app_end','log_write','response_end','admin_init','home_init','send_mobile_verification_code','body_start','before_head_end','footer_start','before_footer','before_footer_end','before_body_end','left_sidebar_start','before_left_sidebar_end','right_sidebar_start','before_right_sidebar_end','comment','guestbook','switch_theme','after_content','before_content','log_write_done','switch_admin_theme','captcha_image') ORDER BY `list_order` ASC [ RunTime:0.000730s ]
[2024-12-09T21:49:44+08:00][sql] CONNECT:[ UseTime:0.000611s ] mysql:host=127.0.0.1;port=3306;dbname=zhibo;charset=utf8mb4
[2024-12-09T21:49:44+08:00][sql] SHOW FULL COLUMNS FROM `cmf_hook` [ RunTime:0.001568s ]
[2024-12-09T21:49:44+08:00][sql] SELECT `hook`,`id` FROM `cmf_hook` WHERE  (  (  `app` = '' OR `app` = 'cmf' )  AND `type` = 3 ) OR `type` = 1 [ RunTime:0.000681s ]
[2024-12-09T21:49:44+08:00][sql] SHOW FULL COLUMNS FROM `cmf_hook_plugin` [ RunTime:0.001298s ]
[2024-12-09T21:49:44+08:00][sql] SELECT `hook`,`plugin` FROM `cmf_hook_plugin` WHERE  `status` = 1  AND `hook` IN ('app_begin','module_init','action_begin','view_filter','app_end','log_write','response_end','admin_init','home_init','send_mobile_verification_code','body_start','before_head_end','footer_start','before_footer','before_footer_end','before_body_end','left_sidebar_start','before_left_sidebar_end','right_sidebar_start','before_right_sidebar_end','comment','guestbook','switch_theme','after_content','before_content','log_write_done','switch_admin_theme','captcha_image') ORDER BY `list_order` ASC [ RunTime:0.000730s ]
[2024-12-09T21:49:46+08:00][sql] CONNECT:[ UseTime:0.000628s ] mysql:host=127.0.0.1;port=3306;dbname=zhibo;charset=utf8mb4
[2024-12-09T21:49:46+08:00][sql] SHOW FULL COLUMNS FROM `cmf_hook` [ RunTime:0.001600s ]
[2024-12-09T21:49:46+08:00][sql] SELECT `hook`,`id` FROM `cmf_hook` WHERE  (  (  `app` = '' OR `app` = 'cmf' )  AND `type` = 3 ) OR `type` = 1 [ RunTime:0.000674s ]
[2024-12-09T21:49:46+08:00][sql] SHOW FULL COLUMNS FROM `cmf_hook_plugin` [ RunTime:0.001299s ]
[2024-12-09T21:49:46+08:00][sql] SELECT `hook`,`plugin` FROM `cmf_hook_plugin` WHERE  `status` = 1  AND `hook` IN ('app_begin','module_init','action_begin','view_filter','app_end','log_write','response_end','admin_init','home_init','send_mobile_verification_code','body_start','before_head_end','footer_start','before_footer','before_footer_end','before_body_end','left_sidebar_start','before_left_sidebar_end','right_sidebar_start','before_right_sidebar_end','comment','guestbook','switch_theme','after_content','before_content','log_write_done','switch_admin_theme','captcha_image') ORDER BY `list_order` ASC [ RunTime:0.000730s ]
[2024-12-09T21:49:46+08:00][sql] CONNECT:[ UseTime:0.000639s ] mysql:host=127.0.0.1;port=3306;dbname=zhibo;charset=utf8mb4
[2024-12-09T21:49:46+08:00][sql] SHOW FULL COLUMNS FROM `cmf_hook` [ RunTime:0.001545s ]
[2024-12-09T21:49:46+08:00][sql] SELECT `hook`,`id` FROM `cmf_hook` WHERE  (  (  `app` = '' OR `app` = 'cmf' )  AND `type` = 3 ) OR `type` = 1 [ RunTime:0.000616s ]
[2024-12-09T21:49:46+08:00][sql] SHOW FULL COLUMNS FROM `cmf_hook_plugin` [ RunTime:0.001316s ]
[2024-12-09T21:49:46+08:00][sql] SELECT `hook`,`plugin` FROM `cmf_hook_plugin` WHERE  `status` = 1  AND `hook` IN ('app_begin','module_init','action_begin','view_filter','app_end','log_write','response_end','admin_init','home_init','send_mobile_verification_code','body_start','before_head_end','footer_start','before_footer','before_footer_end','before_body_end','left_sidebar_start','before_left_sidebar_end','right_sidebar_start','before_right_sidebar_end','comment','guestbook','switch_theme','after_content','before_content','log_write_done','switch_admin_theme','captcha_image') ORDER BY `list_order` ASC [ RunTime:0.000670s ]
[2024-12-09T21:49:48+08:00][sql] CONNECT:[ UseTime:0.000670s ] mysql:host=127.0.0.1;port=3306;dbname=zhibo;charset=utf8mb4
[2024-12-09T21:49:48+08:00][sql] SHOW FULL COLUMNS FROM `cmf_hook` [ RunTime:0.001598s ]
[2024-12-09T21:49:48+08:00][sql] SELECT `hook`,`id` FROM `cmf_hook` WHERE  (  (  `app` = '' OR `app` = 'cmf' )  AND `type` = 3 ) OR `type` = 1 [ RunTime:0.000676s ]
[2024-12-09T21:49:48+08:00][sql] SHOW FULL COLUMNS FROM `cmf_hook_plugin` [ RunTime:0.001364s ]
[2024-12-09T21:49:48+08:00][sql] SELECT `hook`,`plugin` FROM `cmf_hook_plugin` WHERE  `status` = 1  AND `hook` IN ('app_begin','module_init','action_begin','view_filter','app_end','log_write','response_end','admin_init','home_init','send_mobile_verification_code','body_start','before_head_end','footer_start','before_footer','before_footer_end','before_body_end','left_sidebar_start','before_left_sidebar_end','right_sidebar_start','before_right_sidebar_end','comment','guestbook','switch_theme','after_content','before_content','log_write_done','switch_admin_theme','captcha_image') ORDER BY `list_order` ASC [ RunTime:0.000702s ]
[2024-12-09T21:49:48+08:00][sql] CONNECT:[ UseTime:0.000626s ] mysql:host=127.0.0.1;port=3306;dbname=zhibo;charset=utf8mb4
[2024-12-09T21:49:48+08:00][sql] SHOW FULL COLUMNS FROM `cmf_hook` [ RunTime:0.001537s ]
[2024-12-09T21:49:48+08:00][sql] SELECT `hook`,`id` FROM `cmf_hook` WHERE  (  (  `app` = '' OR `app` = 'cmf' )  AND `type` = 3 ) OR `type` = 1 [ RunTime:0.000685s ]
[2024-12-09T21:49:48+08:00][sql] SHOW FULL COLUMNS FROM `cmf_hook_plugin` [ RunTime:0.001305s ]
[2024-12-09T21:49:48+08:00][sql] SELECT `hook`,`plugin` FROM `cmf_hook_plugin` WHERE  `status` = 1  AND `hook` IN ('app_begin','module_init','action_begin','view_filter','app_end','log_write','response_end','admin_init','home_init','send_mobile_verification_code','body_start','before_head_end','footer_start','before_footer','before_footer_end','before_body_end','left_sidebar_start','before_left_sidebar_end','right_sidebar_start','before_right_sidebar_end','comment','guestbook','switch_theme','after_content','before_content','log_write_done','switch_admin_theme','captcha_image') ORDER BY `list_order` ASC [ RunTime:0.000833s ]
[2024-12-09T21:49:50+08:00][sql] CONNECT:[ UseTime:0.000657s ] mysql:host=127.0.0.1;port=3306;dbname=zhibo;charset=utf8mb4
[2024-12-09T21:49:50+08:00][sql] SHOW FULL COLUMNS FROM `cmf_hook` [ RunTime:0.001532s ]
[2024-12-09T21:49:50+08:00][sql] SELECT `hook`,`id` FROM `cmf_hook` WHERE  (  (  `app` = '' OR `app` = 'cmf' )  AND `type` = 3 ) OR `type` = 1 [ RunTime:0.000664s ]
[2024-12-09T21:49:50+08:00][sql] SHOW FULL COLUMNS FROM `cmf_hook_plugin` [ RunTime:0.001262s ]
[2024-12-09T21:49:50+08:00][sql] SELECT `hook`,`plugin` FROM `cmf_hook_plugin` WHERE  `status` = 1  AND `hook` IN ('app_begin','module_init','action_begin','view_filter','app_end','log_write','response_end','admin_init','home_init','send_mobile_verification_code','body_start','before_head_end','footer_start','before_footer','before_footer_end','before_body_end','left_sidebar_start','before_left_sidebar_end','right_sidebar_start','before_right_sidebar_end','comment','guestbook','switch_theme','after_content','before_content','log_write_done','switch_admin_theme','captcha_image') ORDER BY `list_order` ASC [ RunTime:0.000717s ]
[2024-12-09T21:49:51+08:00][sql] CONNECT:[ UseTime:0.000667s ] mysql:host=127.0.0.1;port=3306;dbname=zhibo;charset=utf8mb4
[2024-12-09T21:49:51+08:00][sql] SHOW FULL COLUMNS FROM `cmf_hook` [ RunTime:0.001546s ]
[2024-12-09T21:49:51+08:00][sql] SELECT `hook`,`id` FROM `cmf_hook` WHERE  (  (  `app` = '' OR `app` = 'cmf' )  AND `type` = 3 ) OR `type` = 1 [ RunTime:0.000660s ]
[2024-12-09T21:49:51+08:00][sql] SHOW FULL COLUMNS FROM `cmf_hook_plugin` [ RunTime:0.001310s ]
[2024-12-09T21:49:51+08:00][sql] SELECT `hook`,`plugin` FROM `cmf_hook_plugin` WHERE  `status` = 1  AND `hook` IN ('app_begin','module_init','action_begin','view_filter','app_end','log_write','response_end','admin_init','home_init','send_mobile_verification_code','body_start','before_head_end','footer_start','before_footer','before_footer_end','before_body_end','left_sidebar_start','before_left_sidebar_end','right_sidebar_start','before_right_sidebar_end','comment','guestbook','switch_theme','after_content','before_content','log_write_done','switch_admin_theme','captcha_image') ORDER BY `list_order` ASC [ RunTime:0.000717s ]
[2024-12-09T21:49:52+08:00][sql] CONNECT:[ UseTime:0.000634s ] mysql:host=127.0.0.1;port=3306;dbname=zhibo;charset=utf8mb4
[2024-12-09T21:49:52+08:00][sql] SHOW FULL COLUMNS FROM `cmf_hook` [ RunTime:0.001516s ]
[2024-12-09T21:49:52+08:00][sql] SELECT `hook`,`id` FROM `cmf_hook` WHERE  (  (  `app` = '' OR `app` = 'cmf' )  AND `type` = 3 ) OR `type` = 1 [ RunTime:0.000695s ]
[2024-12-09T21:49:52+08:00][sql] SHOW FULL COLUMNS FROM `cmf_hook_plugin` [ RunTime:0.001294s ]
[2024-12-09T21:49:52+08:00][sql] SELECT `hook`,`plugin` FROM `cmf_hook_plugin` WHERE  `status` = 1  AND `hook` IN ('app_begin','module_init','action_begin','view_filter','app_end','log_write','response_end','admin_init','home_init','send_mobile_verification_code','body_start','before_head_end','footer_start','before_footer','before_footer_end','before_body_end','left_sidebar_start','before_left_sidebar_end','right_sidebar_start','before_right_sidebar_end','comment','guestbook','switch_theme','after_content','before_content','log_write_done','switch_admin_theme','captcha_image') ORDER BY `list_order` ASC [ RunTime:0.000735s ]
[2024-12-09T21:49:53+08:00][sql] CONNECT:[ UseTime:0.000678s ] mysql:host=127.0.0.1;port=3306;dbname=zhibo;charset=utf8mb4
[2024-12-09T21:49:53+08:00][sql] SHOW FULL COLUMNS FROM `cmf_hook` [ RunTime:0.001751s ]
[2024-12-09T21:49:53+08:00][sql] SELECT `hook`,`id` FROM `cmf_hook` WHERE  (  (  `app` = '' OR `app` = 'cmf' )  AND `type` = 3 ) OR `type` = 1 [ RunTime:0.000784s ]
[2024-12-09T21:49:53+08:00][sql] SHOW FULL COLUMNS FROM `cmf_hook_plugin` [ RunTime:0.001499s ]
[2024-12-09T21:49:53+08:00][sql] SELECT `hook`,`plugin` FROM `cmf_hook_plugin` WHERE  `status` = 1  AND `hook` IN ('app_begin','module_init','action_begin','view_filter','app_end','log_write','response_end','admin_init','home_init','send_mobile_verification_code','body_start','before_head_end','footer_start','before_footer','before_footer_end','before_body_end','left_sidebar_start','before_left_sidebar_end','right_sidebar_start','before_right_sidebar_end','comment','guestbook','switch_theme','after_content','before_content','log_write_done','switch_admin_theme','captcha_image') ORDER BY `list_order` ASC [ RunTime:0.000851s ]
[2024-12-09T21:49:54+08:00][sql] CONNECT:[ UseTime:0.000657s ] mysql:host=127.0.0.1;port=3306;dbname=zhibo;charset=utf8mb4
[2024-12-09T21:49:54+08:00][sql] SHOW FULL COLUMNS FROM `cmf_hook` [ RunTime:0.001576s ]
[2024-12-09T21:49:54+08:00][sql] SELECT `hook`,`id` FROM `cmf_hook` WHERE  (  (  `app` = '' OR `app` = 'cmf' )  AND `type` = 3 ) OR `type` = 1 [ RunTime:0.000643s ]
[2024-12-09T21:49:54+08:00][sql] SHOW FULL COLUMNS FROM `cmf_hook_plugin` [ RunTime:0.001300s ]
[2024-12-09T21:49:54+08:00][sql] SELECT `hook`,`plugin` FROM `cmf_hook_plugin` WHERE  `status` = 1  AND `hook` IN ('app_begin','module_init','action_begin','view_filter','app_end','log_write','response_end','admin_init','home_init','send_mobile_verification_code','body_start','before_head_end','footer_start','before_footer','before_footer_end','before_body_end','left_sidebar_start','before_left_sidebar_end','right_sidebar_start','before_right_sidebar_end','comment','guestbook','switch_theme','after_content','before_content','log_write_done','switch_admin_theme','captcha_image') ORDER BY `list_order` ASC [ RunTime:0.000716s ]
[2024-12-09T21:49:56+08:00][sql] CONNECT:[ UseTime:0.000713s ] mysql:host=127.0.0.1;port=3306;dbname=zhibo;charset=utf8mb4
[2024-12-09T21:49:56+08:00][sql] SHOW FULL COLUMNS FROM `cmf_hook` [ RunTime:0.001531s ]
[2024-12-09T21:49:56+08:00][sql] SELECT `hook`,`id` FROM `cmf_hook` WHERE  (  (  `app` = '' OR `app` = 'cmf' )  AND `type` = 3 ) OR `type` = 1 [ RunTime:0.000675s ]
[2024-12-09T21:49:56+08:00][sql] SHOW FULL COLUMNS FROM `cmf_hook_plugin` [ RunTime:0.001297s ]
[2024-12-09T21:49:56+08:00][sql] SELECT `hook`,`plugin` FROM `cmf_hook_plugin` WHERE  `status` = 1  AND `hook` IN ('app_begin','module_init','action_begin','view_filter','app_end','log_write','response_end','admin_init','home_init','send_mobile_verification_code','body_start','before_head_end','footer_start','before_footer','before_footer_end','before_body_end','left_sidebar_start','before_left_sidebar_end','right_sidebar_start','before_right_sidebar_end','comment','guestbook','switch_theme','after_content','before_content','log_write_done','switch_admin_theme','captcha_image') ORDER BY `list_order` ASC [ RunTime:0.000710s ]
[2024-12-09T21:49:56+08:00][sql] CONNECT:[ UseTime:0.000645s ] mysql:host=127.0.0.1;port=3306;dbname=zhibo;charset=utf8mb4
[2024-12-09T21:49:56+08:00][sql] SHOW FULL COLUMNS FROM `cmf_hook` [ RunTime:0.001568s ]
[2024-12-09T21:49:56+08:00][sql] SELECT `hook`,`id` FROM `cmf_hook` WHERE  (  (  `app` = '' OR `app` = 'cmf' )  AND `type` = 3 ) OR `type` = 1 [ RunTime:0.000644s ]
[2024-12-09T21:49:56+08:00][sql] SHOW FULL COLUMNS FROM `cmf_hook_plugin` [ RunTime:0.001280s ]
[2024-12-09T21:49:56+08:00][sql] SELECT `hook`,`plugin` FROM `cmf_hook_plugin` WHERE  `status` = 1  AND `hook` IN ('app_begin','module_init','action_begin','view_filter','app_end','log_write','response_end','admin_init','home_init','send_mobile_verification_code','body_start','before_head_end','footer_start','before_footer','before_footer_end','before_body_end','left_sidebar_start','before_left_sidebar_end','right_sidebar_start','before_right_sidebar_end','comment','guestbook','switch_theme','after_content','before_content','log_write_done','switch_admin_theme','captcha_image') ORDER BY `list_order` ASC [ RunTime:0.000709s ]
[2024-12-09T21:49:58+08:00][sql] CONNECT:[ UseTime:0.000628s ] mysql:host=127.0.0.1;port=3306;dbname=zhibo;charset=utf8mb4
[2024-12-09T21:49:58+08:00][sql] SHOW FULL COLUMNS FROM `cmf_hook` [ RunTime:0.001648s ]
[2024-12-09T21:49:58+08:00][sql] SELECT `hook`,`id` FROM `cmf_hook` WHERE  (  (  `app` = '' OR `app` = 'cmf' )  AND `type` = 3 ) OR `type` = 1 [ RunTime:0.000698s ]
[2024-12-09T21:49:58+08:00][sql] SHOW FULL COLUMNS FROM `cmf_hook_plugin` [ RunTime:0.001286s ]
[2024-12-09T21:49:58+08:00][sql] SELECT `hook`,`plugin` FROM `cmf_hook_plugin` WHERE  `status` = 1  AND `hook` IN ('app_begin','module_init','action_begin','view_filter','app_end','log_write','response_end','admin_init','home_init','send_mobile_verification_code','body_start','before_head_end','footer_start','before_footer','before_footer_end','before_body_end','left_sidebar_start','before_left_sidebar_end','right_sidebar_start','before_right_sidebar_end','comment','guestbook','switch_theme','after_content','before_content','log_write_done','switch_admin_theme','captcha_image') ORDER BY `list_order` ASC [ RunTime:0.000762s ]
[2024-12-09T21:49:58+08:00][sql] CONNECT:[ UseTime:0.000662s ] mysql:host=127.0.0.1;port=3306;dbname=zhibo;charset=utf8mb4
[2024-12-09T21:49:58+08:00][sql] SHOW FULL COLUMNS FROM `cmf_hook` [ RunTime:0.001523s ]
[2024-12-09T21:49:58+08:00][sql] SELECT `hook`,`id` FROM `cmf_hook` WHERE  (  (  `app` = '' OR `app` = 'cmf' )  AND `type` = 3 ) OR `type` = 1 [ RunTime:0.000734s ]
[2024-12-09T21:49:58+08:00][sql] SHOW FULL COLUMNS FROM `cmf_hook_plugin` [ RunTime:0.001315s ]
[2024-12-09T21:49:58+08:00][sql] SELECT `hook`,`plugin` FROM `cmf_hook_plugin` WHERE  `status` = 1  AND `hook` IN ('app_begin','module_init','action_begin','view_filter','app_end','log_write','response_end','admin_init','home_init','send_mobile_verification_code','body_start','before_head_end','footer_start','before_footer','before_footer_end','before_body_end','left_sidebar_start','before_left_sidebar_end','right_sidebar_start','before_right_sidebar_end','comment','guestbook','switch_theme','after_content','before_content','log_write_done','switch_admin_theme','captcha_image') ORDER BY `list_order` ASC [ RunTime:0.000763s ]
[2024-12-09T21:50:00+08:00][sql] CONNECT:[ UseTime:0.000628s ] mysql:host=127.0.0.1;port=3306;dbname=zhibo;charset=utf8mb4
[2024-12-09T21:50:00+08:00][sql] SHOW FULL COLUMNS FROM `cmf_hook` [ RunTime:0.001631s ]
[2024-12-09T21:50:00+08:00][sql] SELECT `hook`,`id` FROM `cmf_hook` WHERE  (  (  `app` = '' OR `app` = 'cmf' )  AND `type` = 3 ) OR `type` = 1 [ RunTime:0.000667s ]
[2024-12-09T21:50:00+08:00][sql] SHOW FULL COLUMNS FROM `cmf_hook_plugin` [ RunTime:0.001379s ]
[2024-12-09T21:50:00+08:00][sql] SELECT `hook`,`plugin` FROM `cmf_hook_plugin` WHERE  `status` = 1  AND `hook` IN ('app_begin','module_init','action_begin','view_filter','app_end','log_write','response_end','admin_init','home_init','send_mobile_verification_code','body_start','before_head_end','footer_start','before_footer','before_footer_end','before_body_end','left_sidebar_start','before_left_sidebar_end','right_sidebar_start','before_right_sidebar_end','comment','guestbook','switch_theme','after_content','before_content','log_write_done','switch_admin_theme','captcha_image') ORDER BY `list_order` ASC [ RunTime:0.000716s ]
[2024-12-09T21:50:00+08:00][sql] CONNECT:[ UseTime:0.000629s ] mysql:host=127.0.0.1;port=3306;dbname=zhibo;charset=utf8mb4
[2024-12-09T21:50:00+08:00][sql] SHOW FULL COLUMNS FROM `cmf_hook` [ RunTime:0.001624s ]
[2024-12-09T21:50:00+08:00][sql] SELECT `hook`,`id` FROM `cmf_hook` WHERE  (  (  `app` = '' OR `app` = 'cmf' )  AND `type` = 3 ) OR `type` = 1 [ RunTime:0.000662s ]
[2024-12-09T21:50:00+08:00][sql] SHOW FULL COLUMNS FROM `cmf_hook_plugin` [ RunTime:0.001370s ]
[2024-12-09T21:50:00+08:00][sql] SELECT `hook`,`plugin` FROM `cmf_hook_plugin` WHERE  `status` = 1  AND `hook` IN ('app_begin','module_init','action_begin','view_filter','app_end','log_write','response_end','admin_init','home_init','send_mobile_verification_code','body_start','before_head_end','footer_start','before_footer','before_footer_end','before_body_end','left_sidebar_start','before_left_sidebar_end','right_sidebar_start','before_right_sidebar_end','comment','guestbook','switch_theme','after_content','before_content','log_write_done','switch_admin_theme','captcha_image') ORDER BY `list_order` ASC [ RunTime:0.000717s ]
[2024-12-09T21:50:02+08:00][sql] CONNECT:[ UseTime:0.000601s ] mysql:host=127.0.0.1;port=3306;dbname=zhibo;charset=utf8mb4
[2024-12-09T21:50:02+08:00][sql] SHOW FULL COLUMNS FROM `cmf_hook` [ RunTime:0.001473s ]
[2024-12-09T21:50:02+08:00][sql] SELECT `hook`,`id` FROM `cmf_hook` WHERE  (  (  `app` = '' OR `app` = 'cmf' )  AND `type` = 3 ) OR `type` = 1 [ RunTime:0.000607s ]
[2024-12-09T21:50:02+08:00][sql] SHOW FULL COLUMNS FROM `cmf_hook_plugin` [ RunTime:0.001187s ]
[2024-12-09T21:50:02+08:00][sql] SELECT `hook`,`plugin` FROM `cmf_hook_plugin` WHERE  `status` = 1  AND `hook` IN ('app_begin','module_init','action_begin','view_filter','app_end','log_write','response_end','admin_init','home_init','send_mobile_verification_code','body_start','before_head_end','footer_start','before_footer','before_footer_end','before_body_end','left_sidebar_start','before_left_sidebar_end','right_sidebar_start','before_right_sidebar_end','comment','guestbook','switch_theme','after_content','before_content','log_write_done','switch_admin_theme','captcha_image') ORDER BY `list_order` ASC [ RunTime:0.000670s ]
[2024-12-09T21:50:02+08:00][sql] CONNECT:[ UseTime:0.000651s ] mysql:host=127.0.0.1;port=3306;dbname=zhibo;charset=utf8mb4
[2024-12-09T21:50:02+08:00][sql] SHOW FULL COLUMNS FROM `cmf_hook` [ RunTime:0.001583s ]
[2024-12-09T21:50:02+08:00][sql] SELECT `hook`,`id` FROM `cmf_hook` WHERE  (  (  `app` = '' OR `app` = 'cmf' )  AND `type` = 3 ) OR `type` = 1 [ RunTime:0.000681s ]
[2024-12-09T21:50:02+08:00][sql] SHOW FULL COLUMNS FROM `cmf_hook_plugin` [ RunTime:0.001367s ]
[2024-12-09T21:50:02+08:00][sql] SELECT `hook`,`plugin` FROM `cmf_hook_plugin` WHERE  `status` = 1  AND `hook` IN ('app_begin','module_init','action_begin','view_filter','app_end','log_write','response_end','admin_init','home_init','send_mobile_verification_code','body_start','before_head_end','footer_start','before_footer','before_footer_end','before_body_end','left_sidebar_start','before_left_sidebar_end','right_sidebar_start','before_right_sidebar_end','comment','guestbook','switch_theme','after_content','before_content','log_write_done','switch_admin_theme','captcha_image') ORDER BY `list_order` ASC [ RunTime:0.000754s ]
[2024-12-09T21:50:04+08:00][sql] CONNECT:[ UseTime:0.000654s ] mysql:host=127.0.0.1;port=3306;dbname=zhibo;charset=utf8mb4
[2024-12-09T21:50:04+08:00][sql] SHOW FULL COLUMNS FROM `cmf_hook` [ RunTime:0.001525s ]
[2024-12-09T21:50:04+08:00][sql] SELECT `hook`,`id` FROM `cmf_hook` WHERE  (  (  `app` = '' OR `app` = 'cmf' )  AND `type` = 3 ) OR `type` = 1 [ RunTime:0.000673s ]
[2024-12-09T21:50:04+08:00][sql] SHOW FULL COLUMNS FROM `cmf_hook_plugin` [ RunTime:0.001280s ]
[2024-12-09T21:50:04+08:00][sql] SELECT `hook`,`plugin` FROM `cmf_hook_plugin` WHERE  `status` = 1  AND `hook` IN ('app_begin','module_init','action_begin','view_filter','app_end','log_write','response_end','admin_init','home_init','send_mobile_verification_code','body_start','before_head_end','footer_start','before_footer','before_footer_end','before_body_end','left_sidebar_start','before_left_sidebar_end','right_sidebar_start','before_right_sidebar_end','comment','guestbook','switch_theme','after_content','before_content','log_write_done','switch_admin_theme','captcha_image') ORDER BY `list_order` ASC [ RunTime:0.000718s ]
[2024-12-09T21:50:04+08:00][sql] CONNECT:[ UseTime:0.000654s ] mysql:host=127.0.0.1;port=3306;dbname=zhibo;charset=utf8mb4
[2024-12-09T21:50:04+08:00][sql] SHOW FULL COLUMNS FROM `cmf_hook` [ RunTime:0.001539s ]
[2024-12-09T21:50:04+08:00][sql] SELECT `hook`,`id` FROM `cmf_hook` WHERE  (  (  `app` = '' OR `app` = 'cmf' )  AND `type` = 3 ) OR `type` = 1 [ RunTime:0.000629s ]
[2024-12-09T21:50:04+08:00][sql] SHOW FULL COLUMNS FROM `cmf_hook_plugin` [ RunTime:0.001304s ]
[2024-12-09T21:50:04+08:00][sql] SELECT `hook`,`plugin` FROM `cmf_hook_plugin` WHERE  `status` = 1  AND `hook` IN ('app_begin','module_init','action_begin','view_filter','app_end','log_write','response_end','admin_init','home_init','send_mobile_verification_code','body_start','before_head_end','footer_start','before_footer','before_footer_end','before_body_end','left_sidebar_start','before_left_sidebar_end','right_sidebar_start','before_right_sidebar_end','comment','guestbook','switch_theme','after_content','before_content','log_write_done','switch_admin_theme','captcha_image') ORDER BY `list_order` ASC [ RunTime:0.000711s ]
[2024-12-09T21:50:06+08:00][sql] CONNECT:[ UseTime:0.000640s ] mysql:host=127.0.0.1;port=3306;dbname=zhibo;charset=utf8mb4
[2024-12-09T21:50:06+08:00][sql] SHOW FULL COLUMNS FROM `cmf_hook` [ RunTime:0.001564s ]
[2024-12-09T21:50:06+08:00][sql] SELECT `hook`,`id` FROM `cmf_hook` WHERE  (  (  `app` = '' OR `app` = 'cmf' )  AND `type` = 3 ) OR `type` = 1 [ RunTime:0.000685s ]
[2024-12-09T21:50:06+08:00][sql] SHOW FULL COLUMNS FROM `cmf_hook_plugin` [ RunTime:0.001284s ]
[2024-12-09T21:50:06+08:00][sql] SELECT `hook`,`plugin` FROM `cmf_hook_plugin` WHERE  `status` = 1  AND `hook` IN ('app_begin','module_init','action_begin','view_filter','app_end','log_write','response_end','admin_init','home_init','send_mobile_verification_code','body_start','before_head_end','footer_start','before_footer','before_footer_end','before_body_end','left_sidebar_start','before_left_sidebar_end','right_sidebar_start','before_right_sidebar_end','comment','guestbook','switch_theme','after_content','before_content','log_write_done','switch_admin_theme','captcha_image') ORDER BY `list_order` ASC [ RunTime:0.000726s ]
[2024-12-09T21:50:06+08:00][sql] CONNECT:[ UseTime:0.000651s ] mysql:host=127.0.0.1;port=3306;dbname=zhibo;charset=utf8mb4
[2024-12-09T21:50:06+08:00][sql] SHOW FULL COLUMNS FROM `cmf_hook` [ RunTime:0.001577s ]
[2024-12-09T21:50:06+08:00][sql] SELECT `hook`,`id` FROM `cmf_hook` WHERE  (  (  `app` = '' OR `app` = 'cmf' )  AND `type` = 3 ) OR `type` = 1 [ RunTime:0.000683s ]
[2024-12-09T21:50:06+08:00][sql] SHOW FULL COLUMNS FROM `cmf_hook_plugin` [ RunTime:0.001375s ]
[2024-12-09T21:50:06+08:00][sql] SELECT `hook`,`plugin` FROM `cmf_hook_plugin` WHERE  `status` = 1  AND `hook` IN ('app_begin','module_init','action_begin','view_filter','app_end','log_write','response_end','admin_init','home_init','send_mobile_verification_code','body_start','before_head_end','footer_start','before_footer','before_footer_end','before_body_end','left_sidebar_start','before_left_sidebar_end','right_sidebar_start','before_right_sidebar_end','comment','guestbook','switch_theme','after_content','before_content','log_write_done','switch_admin_theme','captcha_image') ORDER BY `list_order` ASC [ RunTime:0.000703s ]
[2024-12-09T21:50:08+08:00][sql] CONNECT:[ UseTime:0.000654s ] mysql:host=127.0.0.1;port=3306;dbname=zhibo;charset=utf8mb4
[2024-12-09T21:50:08+08:00][sql] SHOW FULL COLUMNS FROM `cmf_hook` [ RunTime:0.001614s ]
[2024-12-09T21:50:08+08:00][sql] SELECT `hook`,`id` FROM `cmf_hook` WHERE  (  (  `app` = '' OR `app` = 'cmf' )  AND `type` = 3 ) OR `type` = 1 [ RunTime:0.000699s ]
[2024-12-09T21:50:08+08:00][sql] SHOW FULL COLUMNS FROM `cmf_hook_plugin` [ RunTime:0.001366s ]
[2024-12-09T21:50:08+08:00][sql] SELECT `hook`,`plugin` FROM `cmf_hook_plugin` WHERE  `status` = 1  AND `hook` IN ('app_begin','module_init','action_begin','view_filter','app_end','log_write','response_end','admin_init','home_init','send_mobile_verification_code','body_start','before_head_end','footer_start','before_footer','before_footer_end','before_body_end','left_sidebar_start','before_left_sidebar_end','right_sidebar_start','before_right_sidebar_end','comment','guestbook','switch_theme','after_content','before_content','log_write_done','switch_admin_theme','captcha_image') ORDER BY `list_order` ASC [ RunTime:0.000728s ]
[2024-12-09T21:50:08+08:00][sql] CONNECT:[ UseTime:0.000643s ] mysql:host=127.0.0.1;port=3306;dbname=zhibo;charset=utf8mb4
[2024-12-09T21:50:08+08:00][sql] SHOW FULL COLUMNS FROM `cmf_hook` [ RunTime:0.001521s ]
[2024-12-09T21:50:08+08:00][sql] SELECT `hook`,`id` FROM `cmf_hook` WHERE  (  (  `app` = '' OR `app` = 'cmf' )  AND `type` = 3 ) OR `type` = 1 [ RunTime:0.000648s ]
[2024-12-09T21:50:08+08:00][sql] SHOW FULL COLUMNS FROM `cmf_hook_plugin` [ RunTime:0.001348s ]
[2024-12-09T21:50:08+08:00][sql] SELECT `hook`,`plugin` FROM `cmf_hook_plugin` WHERE  `status` = 1  AND `hook` IN ('app_begin','module_init','action_begin','view_filter','app_end','log_write','response_end','admin_init','home_init','send_mobile_verification_code','body_start','before_head_end','footer_start','before_footer','before_footer_end','before_body_end','left_sidebar_start','before_left_sidebar_end','right_sidebar_start','before_right_sidebar_end','comment','guestbook','switch_theme','after_content','before_content','log_write_done','switch_admin_theme','captcha_image') ORDER BY `list_order` ASC [ RunTime:0.000704s ]
[2024-12-09T21:50:10+08:00][sql] CONNECT:[ UseTime:0.000674s ] mysql:host=127.0.0.1;port=3306;dbname=zhibo;charset=utf8mb4
[2024-12-09T21:50:10+08:00][sql] SHOW FULL COLUMNS FROM `cmf_hook` [ RunTime:0.001570s ]
[2024-12-09T21:50:10+08:00][sql] SELECT `hook`,`id` FROM `cmf_hook` WHERE  (  (  `app` = '' OR `app` = 'cmf' )  AND `type` = 3 ) OR `type` = 1 [ RunTime:0.000645s ]
[2024-12-09T21:50:10+08:00][sql] SHOW FULL COLUMNS FROM `cmf_hook_plugin` [ RunTime:0.001336s ]
[2024-12-09T21:50:10+08:00][sql] SELECT `hook`,`plugin` FROM `cmf_hook_plugin` WHERE  `status` = 1  AND `hook` IN ('app_begin','module_init','action_begin','view_filter','app_end','log_write','response_end','admin_init','home_init','send_mobile_verification_code','body_start','before_head_end','footer_start','before_footer','before_footer_end','before_body_end','left_sidebar_start','before_left_sidebar_end','right_sidebar_start','before_right_sidebar_end','comment','guestbook','switch_theme','after_content','before_content','log_write_done','switch_admin_theme','captcha_image') ORDER BY `list_order` ASC [ RunTime:0.000690s ]
[2024-12-09T21:50:10+08:00][sql] CONNECT:[ UseTime:0.000674s ] mysql:host=127.0.0.1;port=3306;dbname=zhibo;charset=utf8mb4
[2024-12-09T21:50:10+08:00][sql] SHOW FULL COLUMNS FROM `cmf_hook` [ RunTime:0.001580s ]
[2024-12-09T21:50:10+08:00][sql] SELECT `hook`,`id` FROM `cmf_hook` WHERE  (  (  `app` = '' OR `app` = 'cmf' )  AND `type` = 3 ) OR `type` = 1 [ RunTime:0.000681s ]
[2024-12-09T21:50:10+08:00][sql] SHOW FULL COLUMNS FROM `cmf_hook_plugin` [ RunTime:0.001264s ]
[2024-12-09T21:50:10+08:00][sql] SELECT `hook`,`plugin` FROM `cmf_hook_plugin` WHERE  `status` = 1  AND `hook` IN ('app_begin','module_init','action_begin','view_filter','app_end','log_write','response_end','admin_init','home_init','send_mobile_verification_code','body_start','before_head_end','footer_start','before_footer','before_footer_end','before_body_end','left_sidebar_start','before_left_sidebar_end','right_sidebar_start','before_right_sidebar_end','comment','guestbook','switch_theme','after_content','before_content','log_write_done','switch_admin_theme','captcha_image') ORDER BY `list_order` ASC [ RunTime:0.000758s ]
[2024-12-09T21:50:12+08:00][sql] CONNECT:[ UseTime:0.000677s ] mysql:host=127.0.0.1;port=3306;dbname=zhibo;charset=utf8mb4
[2024-12-09T21:50:12+08:00][sql] SHOW FULL COLUMNS FROM `cmf_hook` [ RunTime:0.001580s ]
[2024-12-09T21:50:12+08:00][sql] SELECT `hook`,`id` FROM `cmf_hook` WHERE  (  (  `app` = '' OR `app` = 'cmf' )  AND `type` = 3 ) OR `type` = 1 [ RunTime:0.000676s ]
[2024-12-09T21:50:12+08:00][sql] SHOW FULL COLUMNS FROM `cmf_hook_plugin` [ RunTime:0.001288s ]
[2024-12-09T21:50:12+08:00][sql] SELECT `hook`,`plugin` FROM `cmf_hook_plugin` WHERE  `status` = 1  AND `hook` IN ('app_begin','module_init','action_begin','view_filter','app_end','log_write','response_end','admin_init','home_init','send_mobile_verification_code','body_start','before_head_end','footer_start','before_footer','before_footer_end','before_body_end','left_sidebar_start','before_left_sidebar_end','right_sidebar_start','before_right_sidebar_end','comment','guestbook','switch_theme','after_content','before_content','log_write_done','switch_admin_theme','captcha_image') ORDER BY `list_order` ASC [ RunTime:0.000718s ]
[2024-12-09T21:50:12+08:00][sql] CONNECT:[ UseTime:0.000643s ] mysql:host=127.0.0.1;port=3306;dbname=zhibo;charset=utf8mb4
[2024-12-09T21:50:12+08:00][sql] SHOW FULL COLUMNS FROM `cmf_hook` [ RunTime:0.001579s ]
[2024-12-09T21:50:12+08:00][sql] SELECT `hook`,`id` FROM `cmf_hook` WHERE  (  (  `app` = '' OR `app` = 'cmf' )  AND `type` = 3 ) OR `type` = 1 [ RunTime:0.000648s ]
[2024-12-09T21:50:12+08:00][sql] SHOW FULL COLUMNS FROM `cmf_hook_plugin` [ RunTime:0.001352s ]
[2024-12-09T21:50:12+08:00][sql] SELECT `hook`,`plugin` FROM `cmf_hook_plugin` WHERE  `status` = 1  AND `hook` IN ('app_begin','module_init','action_begin','view_filter','app_end','log_write','response_end','admin_init','home_init','send_mobile_verification_code','body_start','before_head_end','footer_start','before_footer','before_footer_end','before_body_end','left_sidebar_start','before_left_sidebar_end','right_sidebar_start','before_right_sidebar_end','comment','guestbook','switch_theme','after_content','before_content','log_write_done','switch_admin_theme','captcha_image') ORDER BY `list_order` ASC [ RunTime:0.000747s ]
[2024-12-09T21:50:14+08:00][sql] CONNECT:[ UseTime:0.000660s ] mysql:host=127.0.0.1;port=3306;dbname=zhibo;charset=utf8mb4
[2024-12-09T21:50:14+08:00][sql] SHOW FULL COLUMNS FROM `cmf_hook` [ RunTime:0.001526s ]
[2024-12-09T21:50:14+08:00][sql] SELECT `hook`,`id` FROM `cmf_hook` WHERE  (  (  `app` = '' OR `app` = 'cmf' )  AND `type` = 3 ) OR `type` = 1 [ RunTime:0.000631s ]
[2024-12-09T21:50:14+08:00][sql] SHOW FULL COLUMNS FROM `cmf_hook_plugin` [ RunTime:0.001207s ]
[2024-12-09T21:50:14+08:00][sql] SELECT `hook`,`plugin` FROM `cmf_hook_plugin` WHERE  `status` = 1  AND `hook` IN ('app_begin','module_init','action_begin','view_filter','app_end','log_write','response_end','admin_init','home_init','send_mobile_verification_code','body_start','before_head_end','footer_start','before_footer','before_footer_end','before_body_end','left_sidebar_start','before_left_sidebar_end','right_sidebar_start','before_right_sidebar_end','comment','guestbook','switch_theme','after_content','before_content','log_write_done','switch_admin_theme','captcha_image') ORDER BY `list_order` ASC [ RunTime:0.000645s ]
[2024-12-09T21:50:14+08:00][sql] CONNECT:[ UseTime:0.000660s ] mysql:host=127.0.0.1;port=3306;dbname=zhibo;charset=utf8mb4
[2024-12-09T21:50:14+08:00][sql] SHOW FULL COLUMNS FROM `cmf_hook` [ RunTime:0.001519s ]
[2024-12-09T21:50:14+08:00][sql] SELECT `hook`,`id` FROM `cmf_hook` WHERE  (  (  `app` = '' OR `app` = 'cmf' )  AND `type` = 3 ) OR `type` = 1 [ RunTime:0.000665s ]
[2024-12-09T21:50:14+08:00][sql] SHOW FULL COLUMNS FROM `cmf_hook_plugin` [ RunTime:0.001344s ]
[2024-12-09T21:50:14+08:00][sql] SELECT `hook`,`plugin` FROM `cmf_hook_plugin` WHERE  `status` = 1  AND `hook` IN ('app_begin','module_init','action_begin','view_filter','app_end','log_write','response_end','admin_init','home_init','send_mobile_verification_code','body_start','before_head_end','footer_start','before_footer','before_footer_end','before_body_end','left_sidebar_start','before_left_sidebar_end','right_sidebar_start','before_right_sidebar_end','comment','guestbook','switch_theme','after_content','before_content','log_write_done','switch_admin_theme','captcha_image') ORDER BY `list_order` ASC [ RunTime:0.000721s ]
[2024-12-09T21:50:16+08:00][sql] CONNECT:[ UseTime:0.000634s ] mysql:host=127.0.0.1;port=3306;dbname=zhibo;charset=utf8mb4
[2024-12-09T21:50:16+08:00][sql] SHOW FULL COLUMNS FROM `cmf_hook` [ RunTime:0.001552s ]
[2024-12-09T21:50:16+08:00][sql] SELECT `hook`,`id` FROM `cmf_hook` WHERE  (  (  `app` = '' OR `app` = 'cmf' )  AND `type` = 3 ) OR `type` = 1 [ RunTime:0.000709s ]
[2024-12-09T21:50:16+08:00][sql] SHOW FULL COLUMNS FROM `cmf_hook_plugin` [ RunTime:0.001313s ]
[2024-12-09T21:50:16+08:00][sql] SELECT `hook`,`plugin` FROM `cmf_hook_plugin` WHERE  `status` = 1  AND `hook` IN ('app_begin','module_init','action_begin','view_filter','app_end','log_write','response_end','admin_init','home_init','send_mobile_verification_code','body_start','before_head_end','footer_start','before_footer','before_footer_end','before_body_end','left_sidebar_start','before_left_sidebar_end','right_sidebar_start','before_right_sidebar_end','comment','guestbook','switch_theme','after_content','before_content','log_write_done','switch_admin_theme','captcha_image') ORDER BY `list_order` ASC [ RunTime:0.000710s ]
[2024-12-09T21:50:16+08:00][sql] CONNECT:[ UseTime:0.000643s ] mysql:host=127.0.0.1;port=3306;dbname=zhibo;charset=utf8mb4
[2024-12-09T21:50:16+08:00][sql] SHOW FULL COLUMNS FROM `cmf_hook` [ RunTime:0.001516s ]
[2024-12-09T21:50:16+08:00][sql] SELECT `hook`,`id` FROM `cmf_hook` WHERE  (  (  `app` = '' OR `app` = 'cmf' )  AND `type` = 3 ) OR `type` = 1 [ RunTime:0.000657s ]
[2024-12-09T21:50:16+08:00][sql] SHOW FULL COLUMNS FROM `cmf_hook_plugin` [ RunTime:0.001297s ]
[2024-12-09T21:50:16+08:00][sql] SELECT `hook`,`plugin` FROM `cmf_hook_plugin` WHERE  `status` = 1  AND `hook` IN ('app_begin','module_init','action_begin','view_filter','app_end','log_write','response_end','admin_init','home_init','send_mobile_verification_code','body_start','before_head_end','footer_start','before_footer','before_footer_end','before_body_end','left_sidebar_start','before_left_sidebar_end','right_sidebar_start','before_right_sidebar_end','comment','guestbook','switch_theme','after_content','before_content','log_write_done','switch_admin_theme','captcha_image') ORDER BY `list_order` ASC [ RunTime:0.000738s ]
[2024-12-09T21:50:18+08:00][sql] CONNECT:[ UseTime:0.000625s ] mysql:host=127.0.0.1;port=3306;dbname=zhibo;charset=utf8mb4
[2024-12-09T21:50:18+08:00][sql] SHOW FULL COLUMNS FROM `cmf_hook` [ RunTime:0.001503s ]
[2024-12-09T21:50:18+08:00][sql] SELECT `hook`,`id` FROM `cmf_hook` WHERE  (  (  `app` = '' OR `app` = 'cmf' )  AND `type` = 3 ) OR `type` = 1 [ RunTime:0.000574s ]
[2024-12-09T21:50:18+08:00][sql] SHOW FULL COLUMNS FROM `cmf_hook_plugin` [ RunTime:0.001230s ]
[2024-12-09T21:50:18+08:00][sql] SELECT `hook`,`plugin` FROM `cmf_hook_plugin` WHERE  `status` = 1  AND `hook` IN ('app_begin','module_init','action_begin','view_filter','app_end','log_write','response_end','admin_init','home_init','send_mobile_verification_code','body_start','before_head_end','footer_start','before_footer','before_footer_end','before_body_end','left_sidebar_start','before_left_sidebar_end','right_sidebar_start','before_right_sidebar_end','comment','guestbook','switch_theme','after_content','before_content','log_write_done','switch_admin_theme','captcha_image') ORDER BY `list_order` ASC [ RunTime:0.000652s ]
[2024-12-09T21:50:19+08:00][sql] CONNECT:[ UseTime:0.000622s ] mysql:host=127.0.0.1;port=3306;dbname=zhibo;charset=utf8mb4
[2024-12-09T21:50:19+08:00][sql] SHOW FULL COLUMNS FROM `cmf_hook` [ RunTime:0.001549s ]
[2024-12-09T21:50:19+08:00][sql] SELECT `hook`,`id` FROM `cmf_hook` WHERE  (  (  `app` = '' OR `app` = 'cmf' )  AND `type` = 3 ) OR `type` = 1 [ RunTime:0.000646s ]
[2024-12-09T21:50:19+08:00][sql] SHOW FULL COLUMNS FROM `cmf_hook_plugin` [ RunTime:0.001296s ]
[2024-12-09T21:50:19+08:00][sql] SELECT `hook`,`plugin` FROM `cmf_hook_plugin` WHERE  `status` = 1  AND `hook` IN ('app_begin','module_init','action_begin','view_filter','app_end','log_write','response_end','admin_init','home_init','send_mobile_verification_code','body_start','before_head_end','footer_start','before_footer','before_footer_end','before_body_end','left_sidebar_start','before_left_sidebar_end','right_sidebar_start','before_right_sidebar_end','comment','guestbook','switch_theme','after_content','before_content','log_write_done','switch_admin_theme','captcha_image') ORDER BY `list_order` ASC [ RunTime:0.000743s ]
[2024-12-09T21:50:21+08:00][sql] CONNECT:[ UseTime:0.000651s ] mysql:host=127.0.0.1;port=3306;dbname=zhibo;charset=utf8mb4
[2024-12-09T21:50:21+08:00][sql] SHOW FULL COLUMNS FROM `cmf_hook` [ RunTime:0.001492s ]
[2024-12-09T21:50:21+08:00][sql] SELECT `hook`,`id` FROM `cmf_hook` WHERE  (  (  `app` = '' OR `app` = 'cmf' )  AND `type` = 3 ) OR `type` = 1 [ RunTime:0.000649s ]
[2024-12-09T21:50:21+08:00][sql] SHOW FULL COLUMNS FROM `cmf_hook_plugin` [ RunTime:0.001312s ]
[2024-12-09T21:50:21+08:00][sql] SELECT `hook`,`plugin` FROM `cmf_hook_plugin` WHERE  `status` = 1  AND `hook` IN ('app_begin','module_init','action_begin','view_filter','app_end','log_write','response_end','admin_init','home_init','send_mobile_verification_code','body_start','before_head_end','footer_start','before_footer','before_footer_end','before_body_end','left_sidebar_start','before_left_sidebar_end','right_sidebar_start','before_right_sidebar_end','comment','guestbook','switch_theme','after_content','before_content','log_write_done','switch_admin_theme','captcha_image') ORDER BY `list_order` ASC [ RunTime:0.000707s ]
[2024-12-09T21:50:21+08:00][sql] CONNECT:[ UseTime:0.000638s ] mysql:host=127.0.0.1;port=3306;dbname=zhibo;charset=utf8mb4
[2024-12-09T21:50:21+08:00][sql] SHOW FULL COLUMNS FROM `cmf_hook` [ RunTime:0.001606s ]
[2024-12-09T21:50:21+08:00][sql] SELECT `hook`,`id` FROM `cmf_hook` WHERE  (  (  `app` = '' OR `app` = 'cmf' )  AND `type` = 3 ) OR `type` = 1 [ RunTime:0.000651s ]
[2024-12-09T21:50:21+08:00][sql] SHOW FULL COLUMNS FROM `cmf_hook_plugin` [ RunTime:0.001329s ]
[2024-12-09T21:50:21+08:00][sql] SELECT `hook`,`plugin` FROM `cmf_hook_plugin` WHERE  `status` = 1  AND `hook` IN ('app_begin','module_init','action_begin','view_filter','app_end','log_write','response_end','admin_init','home_init','send_mobile_verification_code','body_start','before_head_end','footer_start','before_footer','before_footer_end','before_body_end','left_sidebar_start','before_left_sidebar_end','right_sidebar_start','before_right_sidebar_end','comment','guestbook','switch_theme','after_content','before_content','log_write_done','switch_admin_theme','captcha_image') ORDER BY `list_order` ASC [ RunTime:0.000721s ]
[2024-12-09T21:50:23+08:00][sql] CONNECT:[ UseTime:0.000638s ] mysql:host=127.0.0.1;port=3306;dbname=zhibo;charset=utf8mb4
[2024-12-09T21:50:23+08:00][sql] SHOW FULL COLUMNS FROM `cmf_hook` [ RunTime:0.001506s ]
[2024-12-09T21:50:23+08:00][sql] SELECT `hook`,`id` FROM `cmf_hook` WHERE  (  (  `app` = '' OR `app` = 'cmf' )  AND `type` = 3 ) OR `type` = 1 [ RunTime:0.000642s ]
[2024-12-09T21:50:23+08:00][sql] SHOW FULL COLUMNS FROM `cmf_hook_plugin` [ RunTime:0.001195s ]
[2024-12-09T21:50:23+08:00][sql] SELECT `hook`,`plugin` FROM `cmf_hook_plugin` WHERE  `status` = 1  AND `hook` IN ('app_begin','module_init','action_begin','view_filter','app_end','log_write','response_end','admin_init','home_init','send_mobile_verification_code','body_start','before_head_end','footer_start','before_footer','before_footer_end','before_body_end','left_sidebar_start','before_left_sidebar_end','right_sidebar_start','before_right_sidebar_end','comment','guestbook','switch_theme','after_content','before_content','log_write_done','switch_admin_theme','captcha_image') ORDER BY `list_order` ASC [ RunTime:0.000677s ]
[2024-12-09T21:50:23+08:00][sql] CONNECT:[ UseTime:0.000665s ] mysql:host=127.0.0.1;port=3306;dbname=zhibo;charset=utf8mb4
[2024-12-09T21:50:23+08:00][sql] SHOW FULL COLUMNS FROM `cmf_hook` [ RunTime:0.001576s ]
[2024-12-09T21:50:23+08:00][sql] SELECT `hook`,`id` FROM `cmf_hook` WHERE  (  (  `app` = '' OR `app` = 'cmf' )  AND `type` = 3 ) OR `type` = 1 [ RunTime:0.000661s ]
[2024-12-09T21:50:23+08:00][sql] SHOW FULL COLUMNS FROM `cmf_hook_plugin` [ RunTime:0.001319s ]
[2024-12-09T21:50:23+08:00][sql] SELECT `hook`,`plugin` FROM `cmf_hook_plugin` WHERE  `status` = 1  AND `hook` IN ('app_begin','module_init','action_begin','view_filter','app_end','log_write','response_end','admin_init','home_init','send_mobile_verification_code','body_start','before_head_end','footer_start','before_footer','before_footer_end','before_body_end','left_sidebar_start','before_left_sidebar_end','right_sidebar_start','before_right_sidebar_end','comment','guestbook','switch_theme','after_content','before_content','log_write_done','switch_admin_theme','captcha_image') ORDER BY `list_order` ASC [ RunTime:0.000745s ]
[2024-12-09T21:50:25+08:00][sql] CONNECT:[ UseTime:0.000650s ] mysql:host=127.0.0.1;port=3306;dbname=zhibo;charset=utf8mb4
[2024-12-09T21:50:25+08:00][sql] SHOW FULL COLUMNS FROM `cmf_hook` [ RunTime:0.001476s ]
[2024-12-09T21:50:25+08:00][sql] SELECT `hook`,`id` FROM `cmf_hook` WHERE  (  (  `app` = '' OR `app` = 'cmf' )  AND `type` = 3 ) OR `type` = 1 [ RunTime:0.000599s ]
[2024-12-09T21:50:25+08:00][sql] SHOW FULL COLUMNS FROM `cmf_hook_plugin` [ RunTime:0.001193s ]
[2024-12-09T21:50:25+08:00][sql] SELECT `hook`,`plugin` FROM `cmf_hook_plugin` WHERE  `status` = 1  AND `hook` IN ('app_begin','module_init','action_begin','view_filter','app_end','log_write','response_end','admin_init','home_init','send_mobile_verification_code','body_start','before_head_end','footer_start','before_footer','before_footer_end','before_body_end','left_sidebar_start','before_left_sidebar_end','right_sidebar_start','before_right_sidebar_end','comment','guestbook','switch_theme','after_content','before_content','log_write_done','switch_admin_theme','captcha_image') ORDER BY `list_order` ASC [ RunTime:0.000683s ]
[2024-12-09T21:50:25+08:00][sql] CONNECT:[ UseTime:0.000637s ] mysql:host=127.0.0.1;port=3306;dbname=zhibo;charset=utf8mb4
[2024-12-09T21:50:25+08:00][sql] SHOW FULL COLUMNS FROM `cmf_hook` [ RunTime:0.001539s ]
[2024-12-09T21:50:25+08:00][sql] SELECT `hook`,`id` FROM `cmf_hook` WHERE  (  (  `app` = '' OR `app` = 'cmf' )  AND `type` = 3 ) OR `type` = 1 [ RunTime:0.000663s ]
[2024-12-09T21:50:25+08:00][sql] SHOW FULL COLUMNS FROM `cmf_hook_plugin` [ RunTime:0.001302s ]
[2024-12-09T21:50:25+08:00][sql] SELECT `hook`,`plugin` FROM `cmf_hook_plugin` WHERE  `status` = 1  AND `hook` IN ('app_begin','module_init','action_begin','view_filter','app_end','log_write','response_end','admin_init','home_init','send_mobile_verification_code','body_start','before_head_end','footer_start','before_footer','before_footer_end','before_body_end','left_sidebar_start','before_left_sidebar_end','right_sidebar_start','before_right_sidebar_end','comment','guestbook','switch_theme','after_content','before_content','log_write_done','switch_admin_theme','captcha_image') ORDER BY `list_order` ASC [ RunTime:0.000729s ]
[2024-12-09T21:50:27+08:00][sql] CONNECT:[ UseTime:0.000667s ] mysql:host=127.0.0.1;port=3306;dbname=zhibo;charset=utf8mb4
[2024-12-09T21:50:27+08:00][sql] SHOW FULL COLUMNS FROM `cmf_hook` [ RunTime:0.001534s ]
[2024-12-09T21:50:27+08:00][sql] SELECT `hook`,`id` FROM `cmf_hook` WHERE  (  (  `app` = '' OR `app` = 'cmf' )  AND `type` = 3 ) OR `type` = 1 [ RunTime:0.000669s ]
[2024-12-09T21:50:27+08:00][sql] SHOW FULL COLUMNS FROM `cmf_hook_plugin` [ RunTime:0.001232s ]
[2024-12-09T21:50:27+08:00][sql] SELECT `hook`,`plugin` FROM `cmf_hook_plugin` WHERE  `status` = 1  AND `hook` IN ('app_begin','module_init','action_begin','view_filter','app_end','log_write','response_end','admin_init','home_init','send_mobile_verification_code','body_start','before_head_end','footer_start','before_footer','before_footer_end','before_body_end','left_sidebar_start','before_left_sidebar_end','right_sidebar_start','before_right_sidebar_end','comment','guestbook','switch_theme','after_content','before_content','log_write_done','switch_admin_theme','captcha_image') ORDER BY `list_order` ASC [ RunTime:0.000738s ]
[2024-12-09T21:50:27+08:00][sql] CONNECT:[ UseTime:0.000626s ] mysql:host=127.0.0.1;port=3306;dbname=zhibo;charset=utf8mb4
[2024-12-09T21:50:27+08:00][sql] SHOW FULL COLUMNS FROM `cmf_hook` [ RunTime:0.001603s ]
[2024-12-09T21:50:27+08:00][sql] SELECT `hook`,`id` FROM `cmf_hook` WHERE  (  (  `app` = '' OR `app` = 'cmf' )  AND `type` = 3 ) OR `type` = 1 [ RunTime:0.000661s ]
[2024-12-09T21:50:27+08:00][sql] SHOW FULL COLUMNS FROM `cmf_hook_plugin` [ RunTime:0.001342s ]
[2024-12-09T21:50:27+08:00][sql] SELECT `hook`,`plugin` FROM `cmf_hook_plugin` WHERE  `status` = 1  AND `hook` IN ('app_begin','module_init','action_begin','view_filter','app_end','log_write','response_end','admin_init','home_init','send_mobile_verification_code','body_start','before_head_end','footer_start','before_footer','before_footer_end','before_body_end','left_sidebar_start','before_left_sidebar_end','right_sidebar_start','before_right_sidebar_end','comment','guestbook','switch_theme','after_content','before_content','log_write_done','switch_admin_theme','captcha_image') ORDER BY `list_order` ASC [ RunTime:0.000693s ]
[2024-12-09T21:50:29+08:00][sql] CONNECT:[ UseTime:0.000673s ] mysql:host=127.0.0.1;port=3306;dbname=zhibo;charset=utf8mb4
[2024-12-09T21:50:29+08:00][sql] SHOW FULL COLUMNS FROM `cmf_hook` [ RunTime:0.001506s ]
[2024-12-09T21:50:29+08:00][sql] SELECT `hook`,`id` FROM `cmf_hook` WHERE  (  (  `app` = '' OR `app` = 'cmf' )  AND `type` = 3 ) OR `type` = 1 [ RunTime:0.000657s ]
[2024-12-09T21:50:29+08:00][sql] SHOW FULL COLUMNS FROM `cmf_hook_plugin` [ RunTime:0.001274s ]
[2024-12-09T21:50:29+08:00][sql] SELECT `hook`,`plugin` FROM `cmf_hook_plugin` WHERE  `status` = 1  AND `hook` IN ('app_begin','module_init','action_begin','view_filter','app_end','log_write','response_end','admin_init','home_init','send_mobile_verification_code','body_start','before_head_end','footer_start','before_footer','before_footer_end','before_body_end','left_sidebar_start','before_left_sidebar_end','right_sidebar_start','before_right_sidebar_end','comment','guestbook','switch_theme','after_content','before_content','log_write_done','switch_admin_theme','captcha_image') ORDER BY `list_order` ASC [ RunTime:0.000678s ]
[2024-12-09T21:50:29+08:00][sql] CONNECT:[ UseTime:0.000657s ] mysql:host=127.0.0.1;port=3306;dbname=zhibo;charset=utf8mb4
[2024-12-09T21:50:29+08:00][sql] SHOW FULL COLUMNS FROM `cmf_hook` [ RunTime:0.001627s ]
[2024-12-09T21:50:29+08:00][sql] SELECT `hook`,`id` FROM `cmf_hook` WHERE  (  (  `app` = '' OR `app` = 'cmf' )  AND `type` = 3 ) OR `type` = 1 [ RunTime:0.000651s ]
[2024-12-09T21:50:29+08:00][sql] SHOW FULL COLUMNS FROM `cmf_hook_plugin` [ RunTime:0.001322s ]
[2024-12-09T21:50:29+08:00][sql] SELECT `hook`,`plugin` FROM `cmf_hook_plugin` WHERE  `status` = 1  AND `hook` IN ('app_begin','module_init','action_begin','view_filter','app_end','log_write','response_end','admin_init','home_init','send_mobile_verification_code','body_start','before_head_end','footer_start','before_footer','before_footer_end','before_body_end','left_sidebar_start','before_left_sidebar_end','right_sidebar_start','before_right_sidebar_end','comment','guestbook','switch_theme','after_content','before_content','log_write_done','switch_admin_theme','captcha_image') ORDER BY `list_order` ASC [ RunTime:0.000723s ]
[2024-12-09T21:50:31+08:00][sql] CONNECT:[ UseTime:0.000625s ] mysql:host=127.0.0.1;port=3306;dbname=zhibo;charset=utf8mb4
[2024-12-09T21:50:31+08:00][sql] SHOW FULL COLUMNS FROM `cmf_hook` [ RunTime:0.001638s ]
[2024-12-09T21:50:31+08:00][sql] SELECT `hook`,`id` FROM `cmf_hook` WHERE  (  (  `app` = '' OR `app` = 'cmf' )  AND `type` = 3 ) OR `type` = 1 [ RunTime:0.000658s ]
[2024-12-09T21:50:31+08:00][sql] SHOW FULL COLUMNS FROM `cmf_hook_plugin` [ RunTime:0.001308s ]
[2024-12-09T21:50:31+08:00][sql] SELECT `hook`,`plugin` FROM `cmf_hook_plugin` WHERE  `status` = 1  AND `hook` IN ('app_begin','module_init','action_begin','view_filter','app_end','log_write','response_end','admin_init','home_init','send_mobile_verification_code','body_start','before_head_end','footer_start','before_footer','before_footer_end','before_body_end','left_sidebar_start','before_left_sidebar_end','right_sidebar_start','before_right_sidebar_end','comment','guestbook','switch_theme','after_content','before_content','log_write_done','switch_admin_theme','captcha_image') ORDER BY `list_order` ASC [ RunTime:0.000709s ]
[2024-12-09T21:50:31+08:00][sql] CONNECT:[ UseTime:0.000615s ] mysql:host=127.0.0.1;port=3306;dbname=zhibo;charset=utf8mb4
[2024-12-09T21:50:31+08:00][sql] SHOW FULL COLUMNS FROM `cmf_hook` [ RunTime:0.001513s ]
[2024-12-09T21:50:31+08:00][sql] SELECT `hook`,`id` FROM `cmf_hook` WHERE  (  (  `app` = '' OR `app` = 'cmf' )  AND `type` = 3 ) OR `type` = 1 [ RunTime:0.000645s ]
[2024-12-09T21:50:31+08:00][sql] SHOW FULL COLUMNS FROM `cmf_hook_plugin` [ RunTime:0.001253s ]
[2024-12-09T21:50:31+08:00][sql] SELECT `hook`,`plugin` FROM `cmf_hook_plugin` WHERE  `status` = 1  AND `hook` IN ('app_begin','module_init','action_begin','view_filter','app_end','log_write','response_end','admin_init','home_init','send_mobile_verification_code','body_start','before_head_end','footer_start','before_footer','before_footer_end','before_body_end','left_sidebar_start','before_left_sidebar_end','right_sidebar_start','before_right_sidebar_end','comment','guestbook','switch_theme','after_content','before_content','log_write_done','switch_admin_theme','captcha_image') ORDER BY `list_order` ASC [ RunTime:0.000685s ]
[2024-12-09T21:50:33+08:00][sql] CONNECT:[ UseTime:0.000644s ] mysql:host=127.0.0.1;port=3306;dbname=zhibo;charset=utf8mb4
[2024-12-09T21:50:33+08:00][sql] SHOW FULL COLUMNS FROM `cmf_hook` [ RunTime:0.001525s ]
[2024-12-09T21:50:33+08:00][sql] SELECT `hook`,`id` FROM `cmf_hook` WHERE  (  (  `app` = '' OR `app` = 'cmf' )  AND `type` = 3 ) OR `type` = 1 [ RunTime:0.000642s ]
[2024-12-09T21:50:33+08:00][sql] SHOW FULL COLUMNS FROM `cmf_hook_plugin` [ RunTime:0.001309s ]
[2024-12-09T21:50:33+08:00][sql] SELECT `hook`,`plugin` FROM `cmf_hook_plugin` WHERE  `status` = 1  AND `hook` IN ('app_begin','module_init','action_begin','view_filter','app_end','log_write','response_end','admin_init','home_init','send_mobile_verification_code','body_start','before_head_end','footer_start','before_footer','before_footer_end','before_body_end','left_sidebar_start','before_left_sidebar_end','right_sidebar_start','before_right_sidebar_end','comment','guestbook','switch_theme','after_content','before_content','log_write_done','switch_admin_theme','captcha_image') ORDER BY `list_order` ASC [ RunTime:0.000696s ]
[2024-12-09T21:50:33+08:00][sql] CONNECT:[ UseTime:0.000664s ] mysql:host=127.0.0.1;port=3306;dbname=zhibo;charset=utf8mb4
[2024-12-09T21:50:33+08:00][sql] SHOW FULL COLUMNS FROM `cmf_hook` [ RunTime:0.001563s ]
[2024-12-09T21:50:33+08:00][sql] SELECT `hook`,`id` FROM `cmf_hook` WHERE  (  (  `app` = '' OR `app` = 'cmf' )  AND `type` = 3 ) OR `type` = 1 [ RunTime:0.000667s ]
[2024-12-09T21:50:33+08:00][sql] SHOW FULL COLUMNS FROM `cmf_hook_plugin` [ RunTime:0.001333s ]
[2024-12-09T21:50:33+08:00][sql] SELECT `hook`,`plugin` FROM `cmf_hook_plugin` WHERE  `status` = 1  AND `hook` IN ('app_begin','module_init','action_begin','view_filter','app_end','log_write','response_end','admin_init','home_init','send_mobile_verification_code','body_start','before_head_end','footer_start','before_footer','before_footer_end','before_body_end','left_sidebar_start','before_left_sidebar_end','right_sidebar_start','before_right_sidebar_end','comment','guestbook','switch_theme','after_content','before_content','log_write_done','switch_admin_theme','captcha_image') ORDER BY `list_order` ASC [ RunTime:0.000718s ]
[2024-12-09T21:50:35+08:00][sql] CONNECT:[ UseTime:0.000676s ] mysql:host=127.0.0.1;port=3306;dbname=zhibo;charset=utf8mb4
[2024-12-09T21:50:35+08:00][sql] SHOW FULL COLUMNS FROM `cmf_hook` [ RunTime:0.001603s ]
[2024-12-09T21:50:35+08:00][sql] SELECT `hook`,`id` FROM `cmf_hook` WHERE  (  (  `app` = '' OR `app` = 'cmf' )  AND `type` = 3 ) OR `type` = 1 [ RunTime:0.000648s ]
[2024-12-09T21:50:35+08:00][sql] SHOW FULL COLUMNS FROM `cmf_hook_plugin` [ RunTime:0.001347s ]
[2024-12-09T21:50:35+08:00][sql] SELECT `hook`,`plugin` FROM `cmf_hook_plugin` WHERE  `status` = 1  AND `hook` IN ('app_begin','module_init','action_begin','view_filter','app_end','log_write','response_end','admin_init','home_init','send_mobile_verification_code','body_start','before_head_end','footer_start','before_footer','before_footer_end','before_body_end','left_sidebar_start','before_left_sidebar_end','right_sidebar_start','before_right_sidebar_end','comment','guestbook','switch_theme','after_content','before_content','log_write_done','switch_admin_theme','captcha_image') ORDER BY `list_order` ASC [ RunTime:0.000710s ]
[2024-12-09T21:50:35+08:00][sql] CONNECT:[ UseTime:0.000629s ] mysql:host=127.0.0.1;port=3306;dbname=zhibo;charset=utf8mb4
[2024-12-09T21:50:35+08:00][sql] SHOW FULL COLUMNS FROM `cmf_hook` [ RunTime:0.001588s ]
[2024-12-09T21:50:35+08:00][sql] SELECT `hook`,`id` FROM `cmf_hook` WHERE  (  (  `app` = '' OR `app` = 'cmf' )  AND `type` = 3 ) OR `type` = 1 [ RunTime:0.000647s ]
[2024-12-09T21:50:35+08:00][sql] SHOW FULL COLUMNS FROM `cmf_hook_plugin` [ RunTime:0.001313s ]
[2024-12-09T21:50:35+08:00][sql] SELECT `hook`,`plugin` FROM `cmf_hook_plugin` WHERE  `status` = 1  AND `hook` IN ('app_begin','module_init','action_begin','view_filter','app_end','log_write','response_end','admin_init','home_init','send_mobile_verification_code','body_start','before_head_end','footer_start','before_footer','before_footer_end','before_body_end','left_sidebar_start','before_left_sidebar_end','right_sidebar_start','before_right_sidebar_end','comment','guestbook','switch_theme','after_content','before_content','log_write_done','switch_admin_theme','captcha_image') ORDER BY `list_order` ASC [ RunTime:0.000692s ]
[2024-12-09T21:50:37+08:00][sql] CONNECT:[ UseTime:0.000619s ] mysql:host=127.0.0.1;port=3306;dbname=zhibo;charset=utf8mb4
[2024-12-09T21:50:37+08:00][sql] SHOW FULL COLUMNS FROM `cmf_hook` [ RunTime:0.001554s ]
[2024-12-09T21:50:37+08:00][sql] SELECT `hook`,`id` FROM `cmf_hook` WHERE  (  (  `app` = '' OR `app` = 'cmf' )  AND `type` = 3 ) OR `type` = 1 [ RunTime:0.000645s ]
[2024-12-09T21:50:37+08:00][sql] SHOW FULL COLUMNS FROM `cmf_hook_plugin` [ RunTime:0.001298s ]
[2024-12-09T21:50:37+08:00][sql] SELECT `hook`,`plugin` FROM `cmf_hook_plugin` WHERE  `status` = 1  AND `hook` IN ('app_begin','module_init','action_begin','view_filter','app_end','log_write','response_end','admin_init','home_init','send_mobile_verification_code','body_start','before_head_end','footer_start','before_footer','before_footer_end','before_body_end','left_sidebar_start','before_left_sidebar_end','right_sidebar_start','before_right_sidebar_end','comment','guestbook','switch_theme','after_content','before_content','log_write_done','switch_admin_theme','captcha_image') ORDER BY `list_order` ASC [ RunTime:0.000722s ]
[2024-12-09T21:50:38+08:00][sql] CONNECT:[ UseTime:0.000656s ] mysql:host=127.0.0.1;port=3306;dbname=zhibo;charset=utf8mb4
[2024-12-09T21:50:38+08:00][sql] SHOW FULL COLUMNS FROM `cmf_hook` [ RunTime:0.001568s ]
[2024-12-09T21:50:38+08:00][sql] SELECT `hook`,`id` FROM `cmf_hook` WHERE  (  (  `app` = '' OR `app` = 'cmf' )  AND `type` = 3 ) OR `type` = 1 [ RunTime:0.000627s ]
[2024-12-09T21:50:38+08:00][sql] SHOW FULL COLUMNS FROM `cmf_hook_plugin` [ RunTime:0.001307s ]
[2024-12-09T21:50:38+08:00][sql] SELECT `hook`,`plugin` FROM `cmf_hook_plugin` WHERE  `status` = 1  AND `hook` IN ('app_begin','module_init','action_begin','view_filter','app_end','log_write','response_end','admin_init','home_init','send_mobile_verification_code','body_start','before_head_end','footer_start','before_footer','before_footer_end','before_body_end','left_sidebar_start','before_left_sidebar_end','right_sidebar_start','before_right_sidebar_end','comment','guestbook','switch_theme','after_content','before_content','log_write_done','switch_admin_theme','captcha_image') ORDER BY `list_order` ASC [ RunTime:0.000704s ]
[2024-12-09T21:50:39+08:00][sql] CONNECT:[ UseTime:0.000640s ] mysql:host=127.0.0.1;port=3306;dbname=zhibo;charset=utf8mb4
[2024-12-09T21:50:39+08:00][sql] SHOW FULL COLUMNS FROM `cmf_hook` [ RunTime:0.001504s ]
[2024-12-09T21:50:39+08:00][sql] SELECT `hook`,`id` FROM `cmf_hook` WHERE  (  (  `app` = '' OR `app` = 'cmf' )  AND `type` = 3 ) OR `type` = 1 [ RunTime:0.000644s ]
[2024-12-09T21:50:39+08:00][sql] SHOW FULL COLUMNS FROM `cmf_hook_plugin` [ RunTime:0.001306s ]
[2024-12-09T21:50:39+08:00][sql] SELECT `hook`,`plugin` FROM `cmf_hook_plugin` WHERE  `status` = 1  AND `hook` IN ('app_begin','module_init','action_begin','view_filter','app_end','log_write','response_end','admin_init','home_init','send_mobile_verification_code','body_start','before_head_end','footer_start','before_footer','before_footer_end','before_body_end','left_sidebar_start','before_left_sidebar_end','right_sidebar_start','before_right_sidebar_end','comment','guestbook','switch_theme','after_content','before_content','log_write_done','switch_admin_theme','captcha_image') ORDER BY `list_order` ASC [ RunTime:0.000706s ]
[2024-12-09T21:50:40+08:00][sql] CONNECT:[ UseTime:0.000673s ] mysql:host=127.0.0.1;port=3306;dbname=zhibo;charset=utf8mb4
[2024-12-09T21:50:40+08:00][sql] SHOW FULL COLUMNS FROM `cmf_hook` [ RunTime:0.001543s ]
[2024-12-09T21:50:40+08:00][sql] SELECT `hook`,`id` FROM `cmf_hook` WHERE  (  (  `app` = '' OR `app` = 'cmf' )  AND `type` = 3 ) OR `type` = 1 [ RunTime:0.000683s ]
[2024-12-09T21:50:40+08:00][sql] SHOW FULL COLUMNS FROM `cmf_hook_plugin` [ RunTime:0.001296s ]
[2024-12-09T21:50:40+08:00][sql] SELECT `hook`,`plugin` FROM `cmf_hook_plugin` WHERE  `status` = 1  AND `hook` IN ('app_begin','module_init','action_begin','view_filter','app_end','log_write','response_end','admin_init','home_init','send_mobile_verification_code','body_start','before_head_end','footer_start','before_footer','before_footer_end','before_body_end','left_sidebar_start','before_left_sidebar_end','right_sidebar_start','before_right_sidebar_end','comment','guestbook','switch_theme','after_content','before_content','log_write_done','switch_admin_theme','captcha_image') ORDER BY `list_order` ASC [ RunTime:0.000786s ]
[2024-12-09T21:50:42+08:00][sql] CONNECT:[ UseTime:0.000657s ] mysql:host=127.0.0.1;port=3306;dbname=zhibo;charset=utf8mb4
[2024-12-09T21:50:42+08:00][sql] SHOW FULL COLUMNS FROM `cmf_hook` [ RunTime:0.001635s ]
[2024-12-09T21:50:42+08:00][sql] SELECT `hook`,`id` FROM `cmf_hook` WHERE  (  (  `app` = '' OR `app` = 'cmf' )  AND `type` = 3 ) OR `type` = 1 [ RunTime:0.000664s ]
[2024-12-09T21:50:42+08:00][sql] SHOW FULL COLUMNS FROM `cmf_hook_plugin` [ RunTime:0.001322s ]
[2024-12-09T21:50:42+08:00][sql] SELECT `hook`,`plugin` FROM `cmf_hook_plugin` WHERE  `status` = 1  AND `hook` IN ('app_begin','module_init','action_begin','view_filter','app_end','log_write','response_end','admin_init','home_init','send_mobile_verification_code','body_start','before_head_end','footer_start','before_footer','before_footer_end','before_body_end','left_sidebar_start','before_left_sidebar_end','right_sidebar_start','before_right_sidebar_end','comment','guestbook','switch_theme','after_content','before_content','log_write_done','switch_admin_theme','captcha_image') ORDER BY `list_order` ASC [ RunTime:0.000714s ]
[2024-12-09T21:50:42+08:00][sql] CONNECT:[ UseTime:0.000633s ] mysql:host=127.0.0.1;port=3306;dbname=zhibo;charset=utf8mb4
[2024-12-09T21:50:42+08:00][sql] SHOW FULL COLUMNS FROM `cmf_hook` [ RunTime:0.001536s ]
[2024-12-09T21:50:42+08:00][sql] SELECT `hook`,`id` FROM `cmf_hook` WHERE  (  (  `app` = '' OR `app` = 'cmf' )  AND `type` = 3 ) OR `type` = 1 [ RunTime:0.000654s ]
[2024-12-09T21:50:42+08:00][sql] SHOW FULL COLUMNS FROM `cmf_hook_plugin` [ RunTime:0.001265s ]
[2024-12-09T21:50:42+08:00][sql] SELECT `hook`,`plugin` FROM `cmf_hook_plugin` WHERE  `status` = 1  AND `hook` IN ('app_begin','module_init','action_begin','view_filter','app_end','log_write','response_end','admin_init','home_init','send_mobile_verification_code','body_start','before_head_end','footer_start','before_footer','before_footer_end','before_body_end','left_sidebar_start','before_left_sidebar_end','right_sidebar_start','before_right_sidebar_end','comment','guestbook','switch_theme','after_content','before_content','log_write_done','switch_admin_theme','captcha_image') ORDER BY `list_order` ASC [ RunTime:0.000715s ]
[2024-12-09T21:50:44+08:00][sql] CONNECT:[ UseTime:0.000623s ] mysql:host=127.0.0.1;port=3306;dbname=zhibo;charset=utf8mb4
[2024-12-09T21:50:44+08:00][sql] SHOW FULL COLUMNS FROM `cmf_hook` [ RunTime:0.001552s ]
[2024-12-09T21:50:44+08:00][sql] SELECT `hook`,`id` FROM `cmf_hook` WHERE  (  (  `app` = '' OR `app` = 'cmf' )  AND `type` = 3 ) OR `type` = 1 [ RunTime:0.000634s ]
[2024-12-09T21:50:44+08:00][sql] SHOW FULL COLUMNS FROM `cmf_hook_plugin` [ RunTime:0.001303s ]
[2024-12-09T21:50:44+08:00][sql] SELECT `hook`,`plugin` FROM `cmf_hook_plugin` WHERE  `status` = 1  AND `hook` IN ('app_begin','module_init','action_begin','view_filter','app_end','log_write','response_end','admin_init','home_init','send_mobile_verification_code','body_start','before_head_end','footer_start','before_footer','before_footer_end','before_body_end','left_sidebar_start','before_left_sidebar_end','right_sidebar_start','before_right_sidebar_end','comment','guestbook','switch_theme','after_content','before_content','log_write_done','switch_admin_theme','captcha_image') ORDER BY `list_order` ASC [ RunTime:0.000661s ]
[2024-12-09T21:50:44+08:00][sql] CONNECT:[ UseTime:0.000671s ] mysql:host=127.0.0.1;port=3306;dbname=zhibo;charset=utf8mb4
[2024-12-09T21:50:44+08:00][sql] SHOW FULL COLUMNS FROM `cmf_hook` [ RunTime:0.001560s ]
[2024-12-09T21:50:44+08:00][sql] SELECT `hook`,`id` FROM `cmf_hook` WHERE  (  (  `app` = '' OR `app` = 'cmf' )  AND `type` = 3 ) OR `type` = 1 [ RunTime:0.000684s ]
[2024-12-09T21:50:44+08:00][sql] SHOW FULL COLUMNS FROM `cmf_hook_plugin` [ RunTime:0.001309s ]
[2024-12-09T21:50:44+08:00][sql] SELECT `hook`,`plugin` FROM `cmf_hook_plugin` WHERE  `status` = 1  AND `hook` IN ('app_begin','module_init','action_begin','view_filter','app_end','log_write','response_end','admin_init','home_init','send_mobile_verification_code','body_start','before_head_end','footer_start','before_footer','before_footer_end','before_body_end','left_sidebar_start','before_left_sidebar_end','right_sidebar_start','before_right_sidebar_end','comment','guestbook','switch_theme','after_content','before_content','log_write_done','switch_admin_theme','captcha_image') ORDER BY `list_order` ASC [ RunTime:0.000733s ]
[2024-12-09T21:50:46+08:00][sql] CONNECT:[ UseTime:0.000699s ] mysql:host=127.0.0.1;port=3306;dbname=zhibo;charset=utf8mb4
[2024-12-09T21:50:46+08:00][sql] SHOW FULL COLUMNS FROM `cmf_hook` [ RunTime:0.001543s ]
[2024-12-09T21:50:46+08:00][sql] SELECT `hook`,`id` FROM `cmf_hook` WHERE  (  (  `app` = '' OR `app` = 'cmf' )  AND `type` = 3 ) OR `type` = 1 [ RunTime:0.000610s ]
[2024-12-09T21:50:46+08:00][sql] SHOW FULL COLUMNS FROM `cmf_hook_plugin` [ RunTime:0.001283s ]
[2024-12-09T21:50:46+08:00][sql] SELECT `hook`,`plugin` FROM `cmf_hook_plugin` WHERE  `status` = 1  AND `hook` IN ('app_begin','module_init','action_begin','view_filter','app_end','log_write','response_end','admin_init','home_init','send_mobile_verification_code','body_start','before_head_end','footer_start','before_footer','before_footer_end','before_body_end','left_sidebar_start','before_left_sidebar_end','right_sidebar_start','before_right_sidebar_end','comment','guestbook','switch_theme','after_content','before_content','log_write_done','switch_admin_theme','captcha_image') ORDER BY `list_order` ASC [ RunTime:0.000670s ]
[2024-12-09T21:50:48+08:00][sql] CONNECT:[ UseTime:0.000647s ] mysql:host=127.0.0.1;port=3306;dbname=zhibo;charset=utf8mb4
[2024-12-09T21:50:48+08:00][sql] SHOW FULL COLUMNS FROM `cmf_hook` [ RunTime:0.001599s ]
[2024-12-09T21:50:48+08:00][sql] SELECT `hook`,`id` FROM `cmf_hook` WHERE  (  (  `app` = '' OR `app` = 'cmf' )  AND `type` = 3 ) OR `type` = 1 [ RunTime:0.000648s ]
[2024-12-09T21:50:48+08:00][sql] SHOW FULL COLUMNS FROM `cmf_hook_plugin` [ RunTime:0.001326s ]
[2024-12-09T21:50:48+08:00][sql] SELECT `hook`,`plugin` FROM `cmf_hook_plugin` WHERE  `status` = 1  AND `hook` IN ('app_begin','module_init','action_begin','view_filter','app_end','log_write','response_end','admin_init','home_init','send_mobile_verification_code','body_start','before_head_end','footer_start','before_footer','before_footer_end','before_body_end','left_sidebar_start','before_left_sidebar_end','right_sidebar_start','before_right_sidebar_end','comment','guestbook','switch_theme','after_content','before_content','log_write_done','switch_admin_theme','captcha_image') ORDER BY `list_order` ASC [ RunTime:0.000719s ]
[2024-12-09T21:50:48+08:00][sql] CONNECT:[ UseTime:0.000640s ] mysql:host=127.0.0.1;port=3306;dbname=zhibo;charset=utf8mb4
[2024-12-09T21:50:48+08:00][sql] SHOW FULL COLUMNS FROM `cmf_hook` [ RunTime:0.001560s ]
[2024-12-09T21:50:48+08:00][sql] SELECT `hook`,`id` FROM `cmf_hook` WHERE  (  (  `app` = '' OR `app` = 'cmf' )  AND `type` = 3 ) OR `type` = 1 [ RunTime:0.000675s ]
[2024-12-09T21:50:48+08:00][sql] SHOW FULL COLUMNS FROM `cmf_hook_plugin` [ RunTime:0.001311s ]
[2024-12-09T21:50:48+08:00][sql] SELECT `hook`,`plugin` FROM `cmf_hook_plugin` WHERE  `status` = 1  AND `hook` IN ('app_begin','module_init','action_begin','view_filter','app_end','log_write','response_end','admin_init','home_init','send_mobile_verification_code','body_start','before_head_end','footer_start','before_footer','before_footer_end','before_body_end','left_sidebar_start','before_left_sidebar_end','right_sidebar_start','before_right_sidebar_end','comment','guestbook','switch_theme','after_content','before_content','log_write_done','switch_admin_theme','captcha_image') ORDER BY `list_order` ASC [ RunTime:0.000730s ]
[2024-12-09T21:50:50+08:00][sql] CONNECT:[ UseTime:0.000636s ] mysql:host=127.0.0.1;port=3306;dbname=zhibo;charset=utf8mb4
[2024-12-09T21:50:50+08:00][sql] SHOW FULL COLUMNS FROM `cmf_hook` [ RunTime:0.001620s ]
[2024-12-09T21:50:50+08:00][sql] SELECT `hook`,`id` FROM `cmf_hook` WHERE  (  (  `app` = '' OR `app` = 'cmf' )  AND `type` = 3 ) OR `type` = 1 [ RunTime:0.000665s ]
[2024-12-09T21:50:50+08:00][sql] SHOW FULL COLUMNS FROM `cmf_hook_plugin` [ RunTime:0.001324s ]
[2024-12-09T21:50:50+08:00][sql] SELECT `hook`,`plugin` FROM `cmf_hook_plugin` WHERE  `status` = 1  AND `hook` IN ('app_begin','module_init','action_begin','view_filter','app_end','log_write','response_end','admin_init','home_init','send_mobile_verification_code','body_start','before_head_end','footer_start','before_footer','before_footer_end','before_body_end','left_sidebar_start','before_left_sidebar_end','right_sidebar_start','before_right_sidebar_end','comment','guestbook','switch_theme','after_content','before_content','log_write_done','switch_admin_theme','captcha_image') ORDER BY `list_order` ASC [ RunTime:0.000708s ]
[2024-12-09T21:50:50+08:00][sql] CONNECT:[ UseTime:0.000664s ] mysql:host=127.0.0.1;port=3306;dbname=zhibo;charset=utf8mb4
[2024-12-09T21:50:50+08:00][sql] SHOW FULL COLUMNS FROM `cmf_hook` [ RunTime:0.001549s ]
[2024-12-09T21:50:50+08:00][sql] SELECT `hook`,`id` FROM `cmf_hook` WHERE  (  (  `app` = '' OR `app` = 'cmf' )  AND `type` = 3 ) OR `type` = 1 [ RunTime:0.000628s ]
[2024-12-09T21:50:50+08:00][sql] SHOW FULL COLUMNS FROM `cmf_hook_plugin` [ RunTime:0.001265s ]
[2024-12-09T21:50:50+08:00][sql] SELECT `hook`,`plugin` FROM `cmf_hook_plugin` WHERE  `status` = 1  AND `hook` IN ('app_begin','module_init','action_begin','view_filter','app_end','log_write','response_end','admin_init','home_init','send_mobile_verification_code','body_start','before_head_end','footer_start','before_footer','before_footer_end','before_body_end','left_sidebar_start','before_left_sidebar_end','right_sidebar_start','before_right_sidebar_end','comment','guestbook','switch_theme','after_content','before_content','log_write_done','switch_admin_theme','captcha_image') ORDER BY `list_order` ASC [ RunTime:0.000693s ]
[2024-12-09T21:50:52+08:00][sql] CONNECT:[ UseTime:0.000651s ] mysql:host=127.0.0.1;port=3306;dbname=zhibo;charset=utf8mb4
[2024-12-09T21:50:52+08:00][sql] SHOW FULL COLUMNS FROM `cmf_hook` [ RunTime:0.001590s ]
[2024-12-09T21:50:52+08:00][sql] SELECT `hook`,`id` FROM `cmf_hook` WHERE  (  (  `app` = '' OR `app` = 'cmf' )  AND `type` = 3 ) OR `type` = 1 [ RunTime:0.000690s ]
[2024-12-09T21:50:52+08:00][sql] SHOW FULL COLUMNS FROM `cmf_hook_plugin` [ RunTime:0.001329s ]
[2024-12-09T21:50:52+08:00][sql] SELECT `hook`,`plugin` FROM `cmf_hook_plugin` WHERE  `status` = 1  AND `hook` IN ('app_begin','module_init','action_begin','view_filter','app_end','log_write','response_end','admin_init','home_init','send_mobile_verification_code','body_start','before_head_end','footer_start','before_footer','before_footer_end','before_body_end','left_sidebar_start','before_left_sidebar_end','right_sidebar_start','before_right_sidebar_end','comment','guestbook','switch_theme','after_content','before_content','log_write_done','switch_admin_theme','captcha_image') ORDER BY `list_order` ASC [ RunTime:0.000729s ]
[2024-12-09T21:50:52+08:00][sql] CONNECT:[ UseTime:0.000678s ] mysql:host=127.0.0.1;port=3306;dbname=zhibo;charset=utf8mb4
[2024-12-09T21:50:52+08:00][sql] SHOW FULL COLUMNS FROM `cmf_hook` [ RunTime:0.001544s ]
[2024-12-09T21:50:52+08:00][sql] SELECT `hook`,`id` FROM `cmf_hook` WHERE  (  (  `app` = '' OR `app` = 'cmf' )  AND `type` = 3 ) OR `type` = 1 [ RunTime:0.000654s ]
[2024-12-09T21:50:52+08:00][sql] SHOW FULL COLUMNS FROM `cmf_hook_plugin` [ RunTime:0.001250s ]
[2024-12-09T21:50:52+08:00][sql] SELECT `hook`,`plugin` FROM `cmf_hook_plugin` WHERE  `status` = 1  AND `hook` IN ('app_begin','module_init','action_begin','view_filter','app_end','log_write','response_end','admin_init','home_init','send_mobile_verification_code','body_start','before_head_end','footer_start','before_footer','before_footer_end','before_body_end','left_sidebar_start','before_left_sidebar_end','right_sidebar_start','before_right_sidebar_end','comment','guestbook','switch_theme','after_content','before_content','log_write_done','switch_admin_theme','captcha_image') ORDER BY `list_order` ASC [ RunTime:0.000741s ]
[2024-12-09T21:50:54+08:00][sql] CONNECT:[ UseTime:0.000650s ] mysql:host=127.0.0.1;port=3306;dbname=zhibo;charset=utf8mb4
[2024-12-09T21:50:54+08:00][sql] SHOW FULL COLUMNS FROM `cmf_hook` [ RunTime:0.001512s ]
[2024-12-09T21:50:54+08:00][sql] SELECT `hook`,`id` FROM `cmf_hook` WHERE  (  (  `app` = '' OR `app` = 'cmf' )  AND `type` = 3 ) OR `type` = 1 [ RunTime:0.000656s ]
[2024-12-09T21:50:54+08:00][sql] SHOW FULL COLUMNS FROM `cmf_hook_plugin` [ RunTime:0.001255s ]
[2024-12-09T21:50:54+08:00][sql] SELECT `hook`,`plugin` FROM `cmf_hook_plugin` WHERE  `status` = 1  AND `hook` IN ('app_begin','module_init','action_begin','view_filter','app_end','log_write','response_end','admin_init','home_init','send_mobile_verification_code','body_start','before_head_end','footer_start','before_footer','before_footer_end','before_body_end','left_sidebar_start','before_left_sidebar_end','right_sidebar_start','before_right_sidebar_end','comment','guestbook','switch_theme','after_content','before_content','log_write_done','switch_admin_theme','captcha_image') ORDER BY `list_order` ASC [ RunTime:0.000715s ]
[2024-12-09T21:50:54+08:00][sql] CONNECT:[ UseTime:0.000743s ] mysql:host=127.0.0.1;port=3306;dbname=zhibo;charset=utf8mb4
[2024-12-09T21:50:54+08:00][sql] SHOW FULL COLUMNS FROM `cmf_hook` [ RunTime:0.001591s ]
[2024-12-09T21:50:54+08:00][sql] SELECT `hook`,`id` FROM `cmf_hook` WHERE  (  (  `app` = '' OR `app` = 'cmf' )  AND `type` = 3 ) OR `type` = 1 [ RunTime:0.000658s ]
[2024-12-09T21:50:54+08:00][sql] SHOW FULL COLUMNS FROM `cmf_hook_plugin` [ RunTime:0.001345s ]
[2024-12-09T21:50:54+08:00][sql] SELECT `hook`,`plugin` FROM `cmf_hook_plugin` WHERE  `status` = 1  AND `hook` IN ('app_begin','module_init','action_begin','view_filter','app_end','log_write','response_end','admin_init','home_init','send_mobile_verification_code','body_start','before_head_end','footer_start','before_footer','before_footer_end','before_body_end','left_sidebar_start','before_left_sidebar_end','right_sidebar_start','before_right_sidebar_end','comment','guestbook','switch_theme','after_content','before_content','log_write_done','switch_admin_theme','captcha_image') ORDER BY `list_order` ASC [ RunTime:0.000727s ]
[2024-12-09T21:50:56+08:00][sql] CONNECT:[ UseTime:0.000636s ] mysql:host=127.0.0.1;port=3306;dbname=zhibo;charset=utf8mb4
[2024-12-09T21:50:56+08:00][sql] SHOW FULL COLUMNS FROM `cmf_hook` [ RunTime:0.001642s ]
[2024-12-09T21:50:56+08:00][sql] SELECT `hook`,`id` FROM `cmf_hook` WHERE  (  (  `app` = '' OR `app` = 'cmf' )  AND `type` = 3 ) OR `type` = 1 [ RunTime:0.000657s ]
[2024-12-09T21:50:56+08:00][sql] SHOW FULL COLUMNS FROM `cmf_hook_plugin` [ RunTime:0.001384s ]
[2024-12-09T21:50:56+08:00][sql] SELECT `hook`,`plugin` FROM `cmf_hook_plugin` WHERE  `status` = 1  AND `hook` IN ('app_begin','module_init','action_begin','view_filter','app_end','log_write','response_end','admin_init','home_init','send_mobile_verification_code','body_start','before_head_end','footer_start','before_footer','before_footer_end','before_body_end','left_sidebar_start','before_left_sidebar_end','right_sidebar_start','before_right_sidebar_end','comment','guestbook','switch_theme','after_content','before_content','log_write_done','switch_admin_theme','captcha_image') ORDER BY `list_order` ASC [ RunTime:0.000716s ]
[2024-12-09T21:50:59+08:00][sql] CONNECT:[ UseTime:0.000653s ] mysql:host=127.0.0.1;port=3306;dbname=zhibo;charset=utf8mb4
[2024-12-09T21:50:59+08:00][sql] SHOW FULL COLUMNS FROM `cmf_hook` [ RunTime:0.001560s ]
[2024-12-09T21:50:59+08:00][sql] SELECT `hook`,`id` FROM `cmf_hook` WHERE  (  (  `app` = '' OR `app` = 'cmf' )  AND `type` = 3 ) OR `type` = 1 [ RunTime:0.000661s ]
[2024-12-09T21:50:59+08:00][sql] SHOW FULL COLUMNS FROM `cmf_hook_plugin` [ RunTime:0.001293s ]
[2024-12-09T21:50:59+08:00][sql] SELECT `hook`,`plugin` FROM `cmf_hook_plugin` WHERE  `status` = 1  AND `hook` IN ('app_begin','module_init','action_begin','view_filter','app_end','log_write','response_end','admin_init','home_init','send_mobile_verification_code','body_start','before_head_end','footer_start','before_footer','before_footer_end','before_body_end','left_sidebar_start','before_left_sidebar_end','right_sidebar_start','before_right_sidebar_end','comment','guestbook','switch_theme','after_content','before_content','log_write_done','switch_admin_theme','captcha_image') ORDER BY `list_order` ASC [ RunTime:0.000728s ]
[2024-12-09T21:50:59+08:00][sql] CONNECT:[ UseTime:0.000627s ] mysql:host=127.0.0.1;port=3306;dbname=zhibo;charset=utf8mb4
[2024-12-09T21:50:59+08:00][sql] SHOW FULL COLUMNS FROM `cmf_hook` [ RunTime:0.001553s ]
[2024-12-09T21:50:59+08:00][sql] SELECT `hook`,`id` FROM `cmf_hook` WHERE  (  (  `app` = '' OR `app` = 'cmf' )  AND `type` = 3 ) OR `type` = 1 [ RunTime:0.000678s ]
[2024-12-09T21:50:59+08:00][sql] SHOW FULL COLUMNS FROM `cmf_hook_plugin` [ RunTime:0.001302s ]
[2024-12-09T21:50:59+08:00][sql] SELECT `hook`,`plugin` FROM `cmf_hook_plugin` WHERE  `status` = 1  AND `hook` IN ('app_begin','module_init','action_begin','view_filter','app_end','log_write','response_end','admin_init','home_init','send_mobile_verification_code','body_start','before_head_end','footer_start','before_footer','before_footer_end','before_body_end','left_sidebar_start','before_left_sidebar_end','right_sidebar_start','before_right_sidebar_end','comment','guestbook','switch_theme','after_content','before_content','log_write_done','switch_admin_theme','captcha_image') ORDER BY `list_order` ASC [ RunTime:0.000731s ]
[2024-12-09T21:51:01+08:00][sql] CONNECT:[ UseTime:0.000677s ] mysql:host=127.0.0.1;port=3306;dbname=zhibo;charset=utf8mb4
[2024-12-09T21:51:01+08:00][sql] SHOW FULL COLUMNS FROM `cmf_hook` [ RunTime:0.001541s ]
[2024-12-09T21:51:01+08:00][sql] SELECT `hook`,`id` FROM `cmf_hook` WHERE  (  (  `app` = '' OR `app` = 'cmf' )  AND `type` = 3 ) OR `type` = 1 [ RunTime:0.000650s ]
[2024-12-09T21:51:01+08:00][sql] SHOW FULL COLUMNS FROM `cmf_hook_plugin` [ RunTime:0.001285s ]
[2024-12-09T21:51:01+08:00][sql] SELECT `hook`,`plugin` FROM `cmf_hook_plugin` WHERE  `status` = 1  AND `hook` IN ('app_begin','module_init','action_begin','view_filter','app_end','log_write','response_end','admin_init','home_init','send_mobile_verification_code','body_start','before_head_end','footer_start','before_footer','before_footer_end','before_body_end','left_sidebar_start','before_left_sidebar_end','right_sidebar_start','before_right_sidebar_end','comment','guestbook','switch_theme','after_content','before_content','log_write_done','switch_admin_theme','captcha_image') ORDER BY `list_order` ASC [ RunTime:0.000729s ]
[2024-12-09T21:51:01+08:00][sql] CONNECT:[ UseTime:0.000656s ] mysql:host=127.0.0.1;port=3306;dbname=zhibo;charset=utf8mb4
[2024-12-09T21:51:01+08:00][sql] SHOW FULL COLUMNS FROM `cmf_hook` [ RunTime:0.001554s ]
[2024-12-09T21:51:01+08:00][sql] SELECT `hook`,`id` FROM `cmf_hook` WHERE  (  (  `app` = '' OR `app` = 'cmf' )  AND `type` = 3 ) OR `type` = 1 [ RunTime:0.000637s ]
[2024-12-09T21:51:01+08:00][sql] SHOW FULL COLUMNS FROM `cmf_hook_plugin` [ RunTime:0.001286s ]
[2024-12-09T21:51:01+08:00][sql] SELECT `hook`,`plugin` FROM `cmf_hook_plugin` WHERE  `status` = 1  AND `hook` IN ('app_begin','module_init','action_begin','view_filter','app_end','log_write','response_end','admin_init','home_init','send_mobile_verification_code','body_start','before_head_end','footer_start','before_footer','before_footer_end','before_body_end','left_sidebar_start','before_left_sidebar_end','right_sidebar_start','before_right_sidebar_end','comment','guestbook','switch_theme','after_content','before_content','log_write_done','switch_admin_theme','captcha_image') ORDER BY `list_order` ASC [ RunTime:0.000729s ]
[2024-12-09T21:51:03+08:00][sql] CONNECT:[ UseTime:0.000685s ] mysql:host=127.0.0.1;port=3306;dbname=zhibo;charset=utf8mb4
[2024-12-09T21:51:03+08:00][sql] SHOW FULL COLUMNS FROM `cmf_hook` [ RunTime:0.001587s ]
[2024-12-09T21:51:03+08:00][sql] SELECT `hook`,`id` FROM `cmf_hook` WHERE  (  (  `app` = '' OR `app` = 'cmf' )  AND `type` = 3 ) OR `type` = 1 [ RunTime:0.000650s ]
[2024-12-09T21:51:03+08:00][sql] SHOW FULL COLUMNS FROM `cmf_hook_plugin` [ RunTime:0.001330s ]
[2024-12-09T21:51:03+08:00][sql] SELECT `hook`,`plugin` FROM `cmf_hook_plugin` WHERE  `status` = 1  AND `hook` IN ('app_begin','module_init','action_begin','view_filter','app_end','log_write','response_end','admin_init','home_init','send_mobile_verification_code','body_start','before_head_end','footer_start','before_footer','before_footer_end','before_body_end','left_sidebar_start','before_left_sidebar_end','right_sidebar_start','before_right_sidebar_end','comment','guestbook','switch_theme','after_content','before_content','log_write_done','switch_admin_theme','captcha_image') ORDER BY `list_order` ASC [ RunTime:0.000697s ]
[2024-12-09T21:51:03+08:00][sql] CONNECT:[ UseTime:0.000653s ] mysql:host=127.0.0.1;port=3306;dbname=zhibo;charset=utf8mb4
[2024-12-09T21:51:03+08:00][sql] SHOW FULL COLUMNS FROM `cmf_hook` [ RunTime:0.001638s ]
[2024-12-09T21:51:03+08:00][sql] SELECT `hook`,`id` FROM `cmf_hook` WHERE  (  (  `app` = '' OR `app` = 'cmf' )  AND `type` = 3 ) OR `type` = 1 [ RunTime:0.000645s ]
[2024-12-09T21:51:03+08:00][sql] SHOW FULL COLUMNS FROM `cmf_hook_plugin` [ RunTime:0.001332s ]
[2024-12-09T21:51:03+08:00][sql] SELECT `hook`,`plugin` FROM `cmf_hook_plugin` WHERE  `status` = 1  AND `hook` IN ('app_begin','module_init','action_begin','view_filter','app_end','log_write','response_end','admin_init','home_init','send_mobile_verification_code','body_start','before_head_end','footer_start','before_footer','before_footer_end','before_body_end','left_sidebar_start','before_left_sidebar_end','right_sidebar_start','before_right_sidebar_end','comment','guestbook','switch_theme','after_content','before_content','log_write_done','switch_admin_theme','captcha_image') ORDER BY `list_order` ASC [ RunTime:0.000706s ]
[2024-12-09T21:51:05+08:00][sql] CONNECT:[ UseTime:0.000617s ] mysql:host=127.0.0.1;port=3306;dbname=zhibo;charset=utf8mb4
[2024-12-09T21:51:05+08:00][sql] SHOW FULL COLUMNS FROM `cmf_hook` [ RunTime:0.001557s ]
[2024-12-09T21:51:05+08:00][sql] SELECT `hook`,`id` FROM `cmf_hook` WHERE  (  (  `app` = '' OR `app` = 'cmf' )  AND `type` = 3 ) OR `type` = 1 [ RunTime:0.000702s ]
[2024-12-09T21:51:05+08:00][sql] SHOW FULL COLUMNS FROM `cmf_hook_plugin` [ RunTime:0.001318s ]
[2024-12-09T21:51:05+08:00][sql] SELECT `hook`,`plugin` FROM `cmf_hook_plugin` WHERE  `status` = 1  AND `hook` IN ('app_begin','module_init','action_begin','view_filter','app_end','log_write','response_end','admin_init','home_init','send_mobile_verification_code','body_start','before_head_end','footer_start','before_footer','before_footer_end','before_body_end','left_sidebar_start','before_left_sidebar_end','right_sidebar_start','before_right_sidebar_end','comment','guestbook','switch_theme','after_content','before_content','log_write_done','switch_admin_theme','captcha_image') ORDER BY `list_order` ASC [ RunTime:0.000793s ]
[2024-12-09T21:51:05+08:00][sql] CONNECT:[ UseTime:0.000711s ] mysql:host=127.0.0.1;port=3306;dbname=zhibo;charset=utf8mb4
[2024-12-09T21:51:05+08:00][sql] SHOW FULL COLUMNS FROM `cmf_hook` [ RunTime:0.001552s ]
[2024-12-09T21:51:05+08:00][sql] SELECT `hook`,`id` FROM `cmf_hook` WHERE  (  (  `app` = '' OR `app` = 'cmf' )  AND `type` = 3 ) OR `type` = 1 [ RunTime:0.000649s ]
[2024-12-09T21:51:05+08:00][sql] SHOW FULL COLUMNS FROM `cmf_hook_plugin` [ RunTime:0.001337s ]
[2024-12-09T21:51:05+08:00][sql] SELECT `hook`,`plugin` FROM `cmf_hook_plugin` WHERE  `status` = 1  AND `hook` IN ('app_begin','module_init','action_begin','view_filter','app_end','log_write','response_end','admin_init','home_init','send_mobile_verification_code','body_start','before_head_end','footer_start','before_footer','before_footer_end','before_body_end','left_sidebar_start','before_left_sidebar_end','right_sidebar_start','before_right_sidebar_end','comment','guestbook','switch_theme','after_content','before_content','log_write_done','switch_admin_theme','captcha_image') ORDER BY `list_order` ASC [ RunTime:0.000689s ]
[2024-12-09T21:51:07+08:00][sql] CONNECT:[ UseTime:0.000665s ] mysql:host=127.0.0.1;port=3306;dbname=zhibo;charset=utf8mb4
[2024-12-09T21:51:07+08:00][sql] SHOW FULL COLUMNS FROM `cmf_hook` [ RunTime:0.001617s ]
[2024-12-09T21:51:07+08:00][sql] SELECT `hook`,`id` FROM `cmf_hook` WHERE  (  (  `app` = '' OR `app` = 'cmf' )  AND `type` = 3 ) OR `type` = 1 [ RunTime:0.000610s ]
[2024-12-09T21:51:07+08:00][sql] SHOW FULL COLUMNS FROM `cmf_hook_plugin` [ RunTime:0.001285s ]
[2024-12-09T21:51:07+08:00][sql] SELECT `hook`,`plugin` FROM `cmf_hook_plugin` WHERE  `status` = 1  AND `hook` IN ('app_begin','module_init','action_begin','view_filter','app_end','log_write','response_end','admin_init','home_init','send_mobile_verification_code','body_start','before_head_end','footer_start','before_footer','before_footer_end','before_body_end','left_sidebar_start','before_left_sidebar_end','right_sidebar_start','before_right_sidebar_end','comment','guestbook','switch_theme','after_content','before_content','log_write_done','switch_admin_theme','captcha_image') ORDER BY `list_order` ASC [ RunTime:0.000685s ]
[2024-12-09T21:51:07+08:00][sql] CONNECT:[ UseTime:0.000678s ] mysql:host=127.0.0.1;port=3306;dbname=zhibo;charset=utf8mb4
[2024-12-09T21:51:07+08:00][sql] SHOW FULL COLUMNS FROM `cmf_hook` [ RunTime:0.001566s ]
[2024-12-09T21:51:07+08:00][sql] SELECT `hook`,`id` FROM `cmf_hook` WHERE  (  (  `app` = '' OR `app` = 'cmf' )  AND `type` = 3 ) OR `type` = 1 [ RunTime:0.000638s ]
[2024-12-09T21:51:07+08:00][sql] SHOW FULL COLUMNS FROM `cmf_hook_plugin` [ RunTime:0.001269s ]
[2024-12-09T21:51:07+08:00][sql] SELECT `hook`,`plugin` FROM `cmf_hook_plugin` WHERE  `status` = 1  AND `hook` IN ('app_begin','module_init','action_begin','view_filter','app_end','log_write','response_end','admin_init','home_init','send_mobile_verification_code','body_start','before_head_end','footer_start','before_footer','before_footer_end','before_body_end','left_sidebar_start','before_left_sidebar_end','right_sidebar_start','before_right_sidebar_end','comment','guestbook','switch_theme','after_content','before_content','log_write_done','switch_admin_theme','captcha_image') ORDER BY `list_order` ASC [ RunTime:0.000704s ]
[2024-12-09T21:51:09+08:00][sql] CONNECT:[ UseTime:0.000639s ] mysql:host=127.0.0.1;port=3306;dbname=zhibo;charset=utf8mb4
[2024-12-09T21:51:09+08:00][sql] SHOW FULL COLUMNS FROM `cmf_hook` [ RunTime:0.001598s ]
[2024-12-09T21:51:09+08:00][sql] SELECT `hook`,`id` FROM `cmf_hook` WHERE  (  (  `app` = '' OR `app` = 'cmf' )  AND `type` = 3 ) OR `type` = 1 [ RunTime:0.000701s ]
[2024-12-09T21:51:09+08:00][sql] SHOW FULL COLUMNS FROM `cmf_hook_plugin` [ RunTime:0.001290s ]
[2024-12-09T21:51:09+08:00][sql] SELECT `hook`,`plugin` FROM `cmf_hook_plugin` WHERE  `status` = 1  AND `hook` IN ('app_begin','module_init','action_begin','view_filter','app_end','log_write','response_end','admin_init','home_init','send_mobile_verification_code','body_start','before_head_end','footer_start','before_footer','before_footer_end','before_body_end','left_sidebar_start','before_left_sidebar_end','right_sidebar_start','before_right_sidebar_end','comment','guestbook','switch_theme','after_content','before_content','log_write_done','switch_admin_theme','captcha_image') ORDER BY `list_order` ASC [ RunTime:0.000762s ]
[2024-12-09T21:51:09+08:00][sql] CONNECT:[ UseTime:0.000645s ] mysql:host=127.0.0.1;port=3306;dbname=zhibo;charset=utf8mb4
[2024-12-09T21:51:09+08:00][sql] SHOW FULL COLUMNS FROM `cmf_hook` [ RunTime:0.001577s ]
[2024-12-09T21:51:09+08:00][sql] SELECT `hook`,`id` FROM `cmf_hook` WHERE  (  (  `app` = '' OR `app` = 'cmf' )  AND `type` = 3 ) OR `type` = 1 [ RunTime:0.000658s ]
[2024-12-09T21:51:09+08:00][sql] SHOW FULL COLUMNS FROM `cmf_hook_plugin` [ RunTime:0.001422s ]
[2024-12-09T21:51:09+08:00][sql] SELECT `hook`,`plugin` FROM `cmf_hook_plugin` WHERE  `status` = 1  AND `hook` IN ('app_begin','module_init','action_begin','view_filter','app_end','log_write','response_end','admin_init','home_init','send_mobile_verification_code','body_start','before_head_end','footer_start','before_footer','before_footer_end','before_body_end','left_sidebar_start','before_left_sidebar_end','right_sidebar_start','before_right_sidebar_end','comment','guestbook','switch_theme','after_content','before_content','log_write_done','switch_admin_theme','captcha_image') ORDER BY `list_order` ASC [ RunTime:0.000737s ]
[2024-12-09T21:51:11+08:00][sql] CONNECT:[ UseTime:0.000614s ] mysql:host=127.0.0.1;port=3306;dbname=zhibo;charset=utf8mb4
[2024-12-09T21:51:11+08:00][sql] SHOW FULL COLUMNS FROM `cmf_hook` [ RunTime:0.001598s ]
[2024-12-09T21:51:11+08:00][sql] SELECT `hook`,`id` FROM `cmf_hook` WHERE  (  (  `app` = '' OR `app` = 'cmf' )  AND `type` = 3 ) OR `type` = 1 [ RunTime:0.000648s ]
[2024-12-09T21:51:11+08:00][sql] SHOW FULL COLUMNS FROM `cmf_hook_plugin` [ RunTime:0.001321s ]
[2024-12-09T21:51:11+08:00][sql] SELECT `hook`,`plugin` FROM `cmf_hook_plugin` WHERE  `status` = 1  AND `hook` IN ('app_begin','module_init','action_begin','view_filter','app_end','log_write','response_end','admin_init','home_init','send_mobile_verification_code','body_start','before_head_end','footer_start','before_footer','before_footer_end','before_body_end','left_sidebar_start','before_left_sidebar_end','right_sidebar_start','before_right_sidebar_end','comment','guestbook','switch_theme','after_content','before_content','log_write_done','switch_admin_theme','captcha_image') ORDER BY `list_order` ASC [ RunTime:0.000747s ]
[2024-12-09T21:51:11+08:00][sql] CONNECT:[ UseTime:0.000657s ] mysql:host=127.0.0.1;port=3306;dbname=zhibo;charset=utf8mb4
[2024-12-09T21:51:11+08:00][sql] SHOW FULL COLUMNS FROM `cmf_hook` [ RunTime:0.001584s ]
[2024-12-09T21:51:11+08:00][sql] SELECT `hook`,`id` FROM `cmf_hook` WHERE  (  (  `app` = '' OR `app` = 'cmf' )  AND `type` = 3 ) OR `type` = 1 [ RunTime:0.000658s ]
[2024-12-09T21:51:11+08:00][sql] SHOW FULL COLUMNS FROM `cmf_hook_plugin` [ RunTime:0.001270s ]
[2024-12-09T21:51:11+08:00][sql] SELECT `hook`,`plugin` FROM `cmf_hook_plugin` WHERE  `status` = 1  AND `hook` IN ('app_begin','module_init','action_begin','view_filter','app_end','log_write','response_end','admin_init','home_init','send_mobile_verification_code','body_start','before_head_end','footer_start','before_footer','before_footer_end','before_body_end','left_sidebar_start','before_left_sidebar_end','right_sidebar_start','before_right_sidebar_end','comment','guestbook','switch_theme','after_content','before_content','log_write_done','switch_admin_theme','captcha_image') ORDER BY `list_order` ASC [ RunTime:0.000782s ]
[2024-12-09T21:51:14+08:00][sql] CONNECT:[ UseTime:0.000659s ] mysql:host=127.0.0.1;port=3306;dbname=zhibo;charset=utf8mb4
[2024-12-09T21:51:14+08:00][sql] SHOW FULL COLUMNS FROM `cmf_hook` [ RunTime:0.001591s ]
[2024-12-09T21:51:14+08:00][sql] SELECT `hook`,`id` FROM `cmf_hook` WHERE  (  (  `app` = '' OR `app` = 'cmf' )  AND `type` = 3 ) OR `type` = 1 [ RunTime:0.000672s ]
[2024-12-09T21:51:14+08:00][sql] SHOW FULL COLUMNS FROM `cmf_hook_plugin` [ RunTime:0.001320s ]
[2024-12-09T21:51:14+08:00][sql] SELECT `hook`,`plugin` FROM `cmf_hook_plugin` WHERE  `status` = 1  AND `hook` IN ('app_begin','module_init','action_begin','view_filter','app_end','log_write','response_end','admin_init','home_init','send_mobile_verification_code','body_start','before_head_end','footer_start','before_footer','before_footer_end','before_body_end','left_sidebar_start','before_left_sidebar_end','right_sidebar_start','before_right_sidebar_end','comment','guestbook','switch_theme','after_content','before_content','log_write_done','switch_admin_theme','captcha_image') ORDER BY `list_order` ASC [ RunTime:0.000753s ]
[2024-12-09T21:51:14+08:00][sql] CONNECT:[ UseTime:0.000651s ] mysql:host=127.0.0.1;port=3306;dbname=zhibo;charset=utf8mb4
[2024-12-09T21:51:14+08:00][sql] SHOW FULL COLUMNS FROM `cmf_hook` [ RunTime:0.001495s ]
[2024-12-09T21:51:14+08:00][sql] SELECT `hook`,`id` FROM `cmf_hook` WHERE  (  (  `app` = '' OR `app` = 'cmf' )  AND `type` = 3 ) OR `type` = 1 [ RunTime:0.000667s ]
[2024-12-09T21:51:14+08:00][sql] SHOW FULL COLUMNS FROM `cmf_hook_plugin` [ RunTime:0.001259s ]
[2024-12-09T21:51:14+08:00][sql] SELECT `hook`,`plugin` FROM `cmf_hook_plugin` WHERE  `status` = 1  AND `hook` IN ('app_begin','module_init','action_begin','view_filter','app_end','log_write','response_end','admin_init','home_init','send_mobile_verification_code','body_start','before_head_end','footer_start','before_footer','before_footer_end','before_body_end','left_sidebar_start','before_left_sidebar_end','right_sidebar_start','before_right_sidebar_end','comment','guestbook','switch_theme','after_content','before_content','log_write_done','switch_admin_theme','captcha_image') ORDER BY `list_order` ASC [ RunTime:0.000681s ]
[2024-12-09T21:51:16+08:00][sql] CONNECT:[ UseTime:0.000630s ] mysql:host=127.0.0.1;port=3306;dbname=zhibo;charset=utf8mb4
[2024-12-09T21:51:16+08:00][sql] SHOW FULL COLUMNS FROM `cmf_hook` [ RunTime:0.001531s ]
[2024-12-09T21:51:16+08:00][sql] SELECT `hook`,`id` FROM `cmf_hook` WHERE  (  (  `app` = '' OR `app` = 'cmf' )  AND `type` = 3 ) OR `type` = 1 [ RunTime:0.000646s ]
[2024-12-09T21:51:16+08:00][sql] SHOW FULL COLUMNS FROM `cmf_hook_plugin` [ RunTime:0.001280s ]
[2024-12-09T21:51:16+08:00][sql] SELECT `hook`,`plugin` FROM `cmf_hook_plugin` WHERE  `status` = 1  AND `hook` IN ('app_begin','module_init','action_begin','view_filter','app_end','log_write','response_end','admin_init','home_init','send_mobile_verification_code','body_start','before_head_end','footer_start','before_footer','before_footer_end','before_body_end','left_sidebar_start','before_left_sidebar_end','right_sidebar_start','before_right_sidebar_end','comment','guestbook','switch_theme','after_content','before_content','log_write_done','switch_admin_theme','captcha_image') ORDER BY `list_order` ASC [ RunTime:0.000676s ]
[2024-12-09T21:51:16+08:00][sql] CONNECT:[ UseTime:0.000649s ] mysql:host=127.0.0.1;port=3306;dbname=zhibo;charset=utf8mb4
[2024-12-09T21:51:16+08:00][sql] SHOW FULL COLUMNS FROM `cmf_hook` [ RunTime:0.001506s ]
[2024-12-09T21:51:16+08:00][sql] SELECT `hook`,`id` FROM `cmf_hook` WHERE  (  (  `app` = '' OR `app` = 'cmf' )  AND `type` = 3 ) OR `type` = 1 [ RunTime:0.000695s ]
[2024-12-09T21:51:16+08:00][sql] SHOW FULL COLUMNS FROM `cmf_hook_plugin` [ RunTime:0.001268s ]
[2024-12-09T21:51:16+08:00][sql] SELECT `hook`,`plugin` FROM `cmf_hook_plugin` WHERE  `status` = 1  AND `hook` IN ('app_begin','module_init','action_begin','view_filter','app_end','log_write','response_end','admin_init','home_init','send_mobile_verification_code','body_start','before_head_end','footer_start','before_footer','before_footer_end','before_body_end','left_sidebar_start','before_left_sidebar_end','right_sidebar_start','before_right_sidebar_end','comment','guestbook','switch_theme','after_content','before_content','log_write_done','switch_admin_theme','captcha_image') ORDER BY `list_order` ASC [ RunTime:0.000706s ]
[2024-12-09T21:51:18+08:00][sql] CONNECT:[ UseTime:0.000619s ] mysql:host=127.0.0.1;port=3306;dbname=zhibo;charset=utf8mb4
[2024-12-09T21:51:18+08:00][sql] SHOW FULL COLUMNS FROM `cmf_hook` [ RunTime:0.001488s ]
[2024-12-09T21:51:18+08:00][sql] SELECT `hook`,`id` FROM `cmf_hook` WHERE  (  (  `app` = '' OR `app` = 'cmf' )  AND `type` = 3 ) OR `type` = 1 [ RunTime:0.000671s ]
[2024-12-09T21:51:18+08:00][sql] SHOW FULL COLUMNS FROM `cmf_hook_plugin` [ RunTime:0.001218s ]
[2024-12-09T21:51:18+08:00][sql] SELECT `hook`,`plugin` FROM `cmf_hook_plugin` WHERE  `status` = 1  AND `hook` IN ('app_begin','module_init','action_begin','view_filter','app_end','log_write','response_end','admin_init','home_init','send_mobile_verification_code','body_start','before_head_end','footer_start','before_footer','before_footer_end','before_body_end','left_sidebar_start','before_left_sidebar_end','right_sidebar_start','before_right_sidebar_end','comment','guestbook','switch_theme','after_content','before_content','log_write_done','switch_admin_theme','captcha_image') ORDER BY `list_order` ASC [ RunTime:0.000689s ]
[2024-12-09T21:51:18+08:00][sql] CONNECT:[ UseTime:0.000656s ] mysql:host=127.0.0.1;port=3306;dbname=zhibo;charset=utf8mb4
[2024-12-09T21:51:18+08:00][sql] SHOW FULL COLUMNS FROM `cmf_hook` [ RunTime:0.001542s ]
[2024-12-09T21:51:18+08:00][sql] SELECT `hook`,`id` FROM `cmf_hook` WHERE  (  (  `app` = '' OR `app` = 'cmf' )  AND `type` = 3 ) OR `type` = 1 [ RunTime:0.000651s ]
[2024-12-09T21:51:18+08:00][sql] SHOW FULL COLUMNS FROM `cmf_hook_plugin` [ RunTime:0.001289s ]
[2024-12-09T21:51:18+08:00][sql] SELECT `hook`,`plugin` FROM `cmf_hook_plugin` WHERE  `status` = 1  AND `hook` IN ('app_begin','module_init','action_begin','view_filter','app_end','log_write','response_end','admin_init','home_init','send_mobile_verification_code','body_start','before_head_end','footer_start','before_footer','before_footer_end','before_body_end','left_sidebar_start','before_left_sidebar_end','right_sidebar_start','before_right_sidebar_end','comment','guestbook','switch_theme','after_content','before_content','log_write_done','switch_admin_theme','captcha_image') ORDER BY `list_order` ASC [ RunTime:0.000736s ]
[2024-12-09T21:51:20+08:00][sql] CONNECT:[ UseTime:0.000631s ] mysql:host=127.0.0.1;port=3306;dbname=zhibo;charset=utf8mb4
[2024-12-09T21:51:20+08:00][sql] SHOW FULL COLUMNS FROM `cmf_hook` [ RunTime:0.001561s ]
[2024-12-09T21:51:20+08:00][sql] SELECT `hook`,`id` FROM `cmf_hook` WHERE  (  (  `app` = '' OR `app` = 'cmf' )  AND `type` = 3 ) OR `type` = 1 [ RunTime:0.000662s ]
[2024-12-09T21:51:20+08:00][sql] SHOW FULL COLUMNS FROM `cmf_hook_plugin` [ RunTime:0.001254s ]
[2024-12-09T21:51:20+08:00][sql] SELECT `hook`,`plugin` FROM `cmf_hook_plugin` WHERE  `status` = 1  AND `hook` IN ('app_begin','module_init','action_begin','view_filter','app_end','log_write','response_end','admin_init','home_init','send_mobile_verification_code','body_start','before_head_end','footer_start','before_footer','before_footer_end','before_body_end','left_sidebar_start','before_left_sidebar_end','right_sidebar_start','before_right_sidebar_end','comment','guestbook','switch_theme','after_content','before_content','log_write_done','switch_admin_theme','captcha_image') ORDER BY `list_order` ASC [ RunTime:0.000747s ]
[2024-12-09T21:51:20+08:00][sql] CONNECT:[ UseTime:0.000641s ] mysql:host=127.0.0.1;port=3306;dbname=zhibo;charset=utf8mb4
[2024-12-09T21:51:20+08:00][sql] SHOW FULL COLUMNS FROM `cmf_hook` [ RunTime:0.001491s ]
[2024-12-09T21:51:20+08:00][sql] SELECT `hook`,`id` FROM `cmf_hook` WHERE  (  (  `app` = '' OR `app` = 'cmf' )  AND `type` = 3 ) OR `type` = 1 [ RunTime:0.000627s ]
[2024-12-09T21:51:20+08:00][sql] SHOW FULL COLUMNS FROM `cmf_hook_plugin` [ RunTime:0.001249s ]
[2024-12-09T21:51:20+08:00][sql] SELECT `hook`,`plugin` FROM `cmf_hook_plugin` WHERE  `status` = 1  AND `hook` IN ('app_begin','module_init','action_begin','view_filter','app_end','log_write','response_end','admin_init','home_init','send_mobile_verification_code','body_start','before_head_end','footer_start','before_footer','before_footer_end','before_body_end','left_sidebar_start','before_left_sidebar_end','right_sidebar_start','before_right_sidebar_end','comment','guestbook','switch_theme','after_content','before_content','log_write_done','switch_admin_theme','captcha_image') ORDER BY `list_order` ASC [ RunTime:0.000680s ]
[2024-12-09T21:51:22+08:00][sql] CONNECT:[ UseTime:0.000635s ] mysql:host=127.0.0.1;port=3306;dbname=zhibo;charset=utf8mb4
[2024-12-09T21:51:22+08:00][sql] SHOW FULL COLUMNS FROM `cmf_hook` [ RunTime:0.001512s ]
[2024-12-09T21:51:22+08:00][sql] SELECT `hook`,`id` FROM `cmf_hook` WHERE  (  (  `app` = '' OR `app` = 'cmf' )  AND `type` = 3 ) OR `type` = 1 [ RunTime:0.000600s ]
[2024-12-09T21:51:22+08:00][sql] SHOW FULL COLUMNS FROM `cmf_hook_plugin` [ RunTime:0.001238s ]
[2024-12-09T21:51:22+08:00][sql] SELECT `hook`,`plugin` FROM `cmf_hook_plugin` WHERE  `status` = 1  AND `hook` IN ('app_begin','module_init','action_begin','view_filter','app_end','log_write','response_end','admin_init','home_init','send_mobile_verification_code','body_start','before_head_end','footer_start','before_footer','before_footer_end','before_body_end','left_sidebar_start','before_left_sidebar_end','right_sidebar_start','before_right_sidebar_end','comment','guestbook','switch_theme','after_content','before_content','log_write_done','switch_admin_theme','captcha_image') ORDER BY `list_order` ASC [ RunTime:0.000650s ]
[2024-12-09T21:51:22+08:00][sql] CONNECT:[ UseTime:0.000667s ] mysql:host=127.0.0.1;port=3306;dbname=zhibo;charset=utf8mb4
[2024-12-09T21:51:22+08:00][sql] SHOW FULL COLUMNS FROM `cmf_hook` [ RunTime:0.001635s ]
[2024-12-09T21:51:22+08:00][sql] SELECT `hook`,`id` FROM `cmf_hook` WHERE  (  (  `app` = '' OR `app` = 'cmf' )  AND `type` = 3 ) OR `type` = 1 [ RunTime:0.000700s ]
[2024-12-09T21:51:22+08:00][sql] SHOW FULL COLUMNS FROM `cmf_hook_plugin` [ RunTime:0.001376s ]
[2024-12-09T21:51:22+08:00][sql] SELECT `hook`,`plugin` FROM `cmf_hook_plugin` WHERE  `status` = 1  AND `hook` IN ('app_begin','module_init','action_begin','view_filter','app_end','log_write','response_end','admin_init','home_init','send_mobile_verification_code','body_start','before_head_end','footer_start','before_footer','before_footer_end','before_body_end','left_sidebar_start','before_left_sidebar_end','right_sidebar_start','before_right_sidebar_end','comment','guestbook','switch_theme','after_content','before_content','log_write_done','switch_admin_theme','captcha_image') ORDER BY `list_order` ASC [ RunTime:0.000725s ]
[2024-12-09T21:51:24+08:00][sql] CONNECT:[ UseTime:0.000640s ] mysql:host=127.0.0.1;port=3306;dbname=zhibo;charset=utf8mb4
[2024-12-09T21:51:24+08:00][sql] SHOW FULL COLUMNS FROM `cmf_hook` [ RunTime:0.001549s ]
[2024-12-09T21:51:24+08:00][sql] SELECT `hook`,`id` FROM `cmf_hook` WHERE  (  (  `app` = '' OR `app` = 'cmf' )  AND `type` = 3 ) OR `type` = 1 [ RunTime:0.000620s ]
[2024-12-09T21:51:24+08:00][sql] SHOW FULL COLUMNS FROM `cmf_hook_plugin` [ RunTime:0.001288s ]
[2024-12-09T21:51:24+08:00][sql] SELECT `hook`,`plugin` FROM `cmf_hook_plugin` WHERE  `status` = 1  AND `hook` IN ('app_begin','module_init','action_begin','view_filter','app_end','log_write','response_end','admin_init','home_init','send_mobile_verification_code','body_start','before_head_end','footer_start','before_footer','before_footer_end','before_body_end','left_sidebar_start','before_left_sidebar_end','right_sidebar_start','before_right_sidebar_end','comment','guestbook','switch_theme','after_content','before_content','log_write_done','switch_admin_theme','captcha_image') ORDER BY `list_order` ASC [ RunTime:0.000709s ]
[2024-12-09T21:51:24+08:00][sql] CONNECT:[ UseTime:0.000672s ] mysql:host=127.0.0.1;port=3306;dbname=zhibo;charset=utf8mb4
[2024-12-09T21:51:24+08:00][sql] SHOW FULL COLUMNS FROM `cmf_hook` [ RunTime:0.001526s ]
[2024-12-09T21:51:24+08:00][sql] SELECT `hook`,`id` FROM `cmf_hook` WHERE  (  (  `app` = '' OR `app` = 'cmf' )  AND `type` = 3 ) OR `type` = 1 [ RunTime:0.000658s ]
[2024-12-09T21:51:24+08:00][sql] SHOW FULL COLUMNS FROM `cmf_hook_plugin` [ RunTime:0.001251s ]
[2024-12-09T21:51:24+08:00][sql] SELECT `hook`,`plugin` FROM `cmf_hook_plugin` WHERE  `status` = 1  AND `hook` IN ('app_begin','module_init','action_begin','view_filter','app_end','log_write','response_end','admin_init','home_init','send_mobile_verification_code','body_start','before_head_end','footer_start','before_footer','before_footer_end','before_body_end','left_sidebar_start','before_left_sidebar_end','right_sidebar_start','before_right_sidebar_end','comment','guestbook','switch_theme','after_content','before_content','log_write_done','switch_admin_theme','captcha_image') ORDER BY `list_order` ASC [ RunTime:0.000734s ]
[2024-12-09T21:51:26+08:00][sql] CONNECT:[ UseTime:0.000714s ] mysql:host=127.0.0.1;port=3306;dbname=zhibo;charset=utf8mb4
[2024-12-09T21:51:26+08:00][sql] SHOW FULL COLUMNS FROM `cmf_hook` [ RunTime:0.001539s ]
[2024-12-09T21:51:26+08:00][sql] SELECT `hook`,`id` FROM `cmf_hook` WHERE  (  (  `app` = '' OR `app` = 'cmf' )  AND `type` = 3 ) OR `type` = 1 [ RunTime:0.000674s ]
[2024-12-09T21:51:26+08:00][sql] SHOW FULL COLUMNS FROM `cmf_hook_plugin` [ RunTime:0.001307s ]
[2024-12-09T21:51:26+08:00][sql] SELECT `hook`,`plugin` FROM `cmf_hook_plugin` WHERE  `status` = 1  AND `hook` IN ('app_begin','module_init','action_begin','view_filter','app_end','log_write','response_end','admin_init','home_init','send_mobile_verification_code','body_start','before_head_end','footer_start','before_footer','before_footer_end','before_body_end','left_sidebar_start','before_left_sidebar_end','right_sidebar_start','before_right_sidebar_end','comment','guestbook','switch_theme','after_content','before_content','log_write_done','switch_admin_theme','captcha_image') ORDER BY `list_order` ASC [ RunTime:0.000755s ]
[2024-12-09T21:51:26+08:00][sql] CONNECT:[ UseTime:0.000723s ] mysql:host=127.0.0.1;port=3306;dbname=zhibo;charset=utf8mb4
[2024-12-09T21:51:26+08:00][sql] SHOW FULL COLUMNS FROM `cmf_hook` [ RunTime:0.001575s ]
[2024-12-09T21:51:26+08:00][sql] SELECT `hook`,`id` FROM `cmf_hook` WHERE  (  (  `app` = '' OR `app` = 'cmf' )  AND `type` = 3 ) OR `type` = 1 [ RunTime:0.000714s ]
[2024-12-09T21:51:26+08:00][sql] SHOW FULL COLUMNS FROM `cmf_hook_plugin` [ RunTime:0.001357s ]
[2024-12-09T21:51:26+08:00][sql] SELECT `hook`,`plugin` FROM `cmf_hook_plugin` WHERE  `status` = 1  AND `hook` IN ('app_begin','module_init','action_begin','view_filter','app_end','log_write','response_end','admin_init','home_init','send_mobile_verification_code','body_start','before_head_end','footer_start','before_footer','before_footer_end','before_body_end','left_sidebar_start','before_left_sidebar_end','right_sidebar_start','before_right_sidebar_end','comment','guestbook','switch_theme','after_content','before_content','log_write_done','switch_admin_theme','captcha_image') ORDER BY `list_order` ASC [ RunTime:0.000722s ]
[2024-12-09T21:51:28+08:00][sql] CONNECT:[ UseTime:0.000688s ] mysql:host=127.0.0.1;port=3306;dbname=zhibo;charset=utf8mb4
[2024-12-09T21:51:28+08:00][sql] SHOW FULL COLUMNS FROM `cmf_hook` [ RunTime:0.001508s ]
[2024-12-09T21:51:28+08:00][sql] SELECT `hook`,`id` FROM `cmf_hook` WHERE  (  (  `app` = '' OR `app` = 'cmf' )  AND `type` = 3 ) OR `type` = 1 [ RunTime:0.000619s ]
[2024-12-09T21:51:28+08:00][sql] SHOW FULL COLUMNS FROM `cmf_hook_plugin` [ RunTime:0.001235s ]
[2024-12-09T21:51:28+08:00][sql] SELECT `hook`,`plugin` FROM `cmf_hook_plugin` WHERE  `status` = 1  AND `hook` IN ('app_begin','module_init','action_begin','view_filter','app_end','log_write','response_end','admin_init','home_init','send_mobile_verification_code','body_start','before_head_end','footer_start','before_footer','before_footer_end','before_body_end','left_sidebar_start','before_left_sidebar_end','right_sidebar_start','before_right_sidebar_end','comment','guestbook','switch_theme','after_content','before_content','log_write_done','switch_admin_theme','captcha_image') ORDER BY `list_order` ASC [ RunTime:0.000695s ]
[2024-12-09T21:51:28+08:00][sql] CONNECT:[ UseTime:0.000656s ] mysql:host=127.0.0.1;port=3306;dbname=zhibo;charset=utf8mb4
[2024-12-09T21:51:28+08:00][sql] SHOW FULL COLUMNS FROM `cmf_hook` [ RunTime:0.001592s ]
[2024-12-09T21:51:28+08:00][sql] SELECT `hook`,`id` FROM `cmf_hook` WHERE  (  (  `app` = '' OR `app` = 'cmf' )  AND `type` = 3 ) OR `type` = 1 [ RunTime:0.000680s ]
[2024-12-09T21:51:28+08:00][sql] SHOW FULL COLUMNS FROM `cmf_hook_plugin` [ RunTime:0.001340s ]
[2024-12-09T21:51:28+08:00][sql] SELECT `hook`,`plugin` FROM `cmf_hook_plugin` WHERE  `status` = 1  AND `hook` IN ('app_begin','module_init','action_begin','view_filter','app_end','log_write','response_end','admin_init','home_init','send_mobile_verification_code','body_start','before_head_end','footer_start','before_footer','before_footer_end','before_body_end','left_sidebar_start','before_left_sidebar_end','right_sidebar_start','before_right_sidebar_end','comment','guestbook','switch_theme','after_content','before_content','log_write_done','switch_admin_theme','captcha_image') ORDER BY `list_order` ASC [ RunTime:0.000776s ]
[2024-12-09T21:51:30+08:00][sql] CONNECT:[ UseTime:0.000646s ] mysql:host=127.0.0.1;port=3306;dbname=zhibo;charset=utf8mb4
[2024-12-09T21:51:30+08:00][sql] SHOW FULL COLUMNS FROM `cmf_hook` [ RunTime:0.001507s ]
[2024-12-09T21:51:30+08:00][sql] SELECT `hook`,`id` FROM `cmf_hook` WHERE  (  (  `app` = '' OR `app` = 'cmf' )  AND `type` = 3 ) OR `type` = 1 [ RunTime:0.000589s ]
[2024-12-09T21:51:30+08:00][sql] SHOW FULL COLUMNS FROM `cmf_hook_plugin` [ RunTime:0.001243s ]
[2024-12-09T21:51:30+08:00][sql] SELECT `hook`,`plugin` FROM `cmf_hook_plugin` WHERE  `status` = 1  AND `hook` IN ('app_begin','module_init','action_begin','view_filter','app_end','log_write','response_end','admin_init','home_init','send_mobile_verification_code','body_start','before_head_end','footer_start','before_footer','before_footer_end','before_body_end','left_sidebar_start','before_left_sidebar_end','right_sidebar_start','before_right_sidebar_end','comment','guestbook','switch_theme','after_content','before_content','log_write_done','switch_admin_theme','captcha_image') ORDER BY `list_order` ASC [ RunTime:0.000644s ]
[2024-12-09T21:51:30+08:00][sql] CONNECT:[ UseTime:0.000640s ] mysql:host=127.0.0.1;port=3306;dbname=zhibo;charset=utf8mb4
[2024-12-09T21:51:30+08:00][sql] SHOW FULL COLUMNS FROM `cmf_hook` [ RunTime:0.001584s ]
[2024-12-09T21:51:30+08:00][sql] SELECT `hook`,`id` FROM `cmf_hook` WHERE  (  (  `app` = '' OR `app` = 'cmf' )  AND `type` = 3 ) OR `type` = 1 [ RunTime:0.000665s ]
[2024-12-09T21:51:30+08:00][sql] SHOW FULL COLUMNS FROM `cmf_hook_plugin` [ RunTime:0.001338s ]
[2024-12-09T21:51:30+08:00][sql] SELECT `hook`,`plugin` FROM `cmf_hook_plugin` WHERE  `status` = 1  AND `hook` IN ('app_begin','module_init','action_begin','view_filter','app_end','log_write','response_end','admin_init','home_init','send_mobile_verification_code','body_start','before_head_end','footer_start','before_footer','before_footer_end','before_body_end','left_sidebar_start','before_left_sidebar_end','right_sidebar_start','before_right_sidebar_end','comment','guestbook','switch_theme','after_content','before_content','log_write_done','switch_admin_theme','captcha_image') ORDER BY `list_order` ASC [ RunTime:0.000711s ]
[2024-12-09T21:51:32+08:00][sql] CONNECT:[ UseTime:0.000661s ] mysql:host=127.0.0.1;port=3306;dbname=zhibo;charset=utf8mb4
[2024-12-09T21:51:32+08:00][sql] SHOW FULL COLUMNS FROM `cmf_hook` [ RunTime:0.001619s ]
[2024-12-09T21:51:32+08:00][sql] SELECT `hook`,`id` FROM `cmf_hook` WHERE  (  (  `app` = '' OR `app` = 'cmf' )  AND `type` = 3 ) OR `type` = 1 [ RunTime:0.000658s ]
[2024-12-09T21:51:32+08:00][sql] SHOW FULL COLUMNS FROM `cmf_hook_plugin` [ RunTime:0.001356s ]
[2024-12-09T21:51:32+08:00][sql] SELECT `hook`,`plugin` FROM `cmf_hook_plugin` WHERE  `status` = 1  AND `hook` IN ('app_begin','module_init','action_begin','view_filter','app_end','log_write','response_end','admin_init','home_init','send_mobile_verification_code','body_start','before_head_end','footer_start','before_footer','before_footer_end','before_body_end','left_sidebar_start','before_left_sidebar_end','right_sidebar_start','before_right_sidebar_end','comment','guestbook','switch_theme','after_content','before_content','log_write_done','switch_admin_theme','captcha_image') ORDER BY `list_order` ASC [ RunTime:0.000735s ]
[2024-12-09T21:51:32+08:00][sql] CONNECT:[ UseTime:0.000648s ] mysql:host=127.0.0.1;port=3306;dbname=zhibo;charset=utf8mb4
[2024-12-09T21:51:32+08:00][sql] SHOW FULL COLUMNS FROM `cmf_hook` [ RunTime:0.001557s ]
[2024-12-09T21:51:32+08:00][sql] SELECT `hook`,`id` FROM `cmf_hook` WHERE  (  (  `app` = '' OR `app` = 'cmf' )  AND `type` = 3 ) OR `type` = 1 [ RunTime:0.000656s ]
[2024-12-09T21:51:32+08:00][sql] SHOW FULL COLUMNS FROM `cmf_hook_plugin` [ RunTime:0.001323s ]
[2024-12-09T21:51:32+08:00][sql] SELECT `hook`,`plugin` FROM `cmf_hook_plugin` WHERE  `status` = 1  AND `hook` IN ('app_begin','module_init','action_begin','view_filter','app_end','log_write','response_end','admin_init','home_init','send_mobile_verification_code','body_start','before_head_end','footer_start','before_footer','before_footer_end','before_body_end','left_sidebar_start','before_left_sidebar_end','right_sidebar_start','before_right_sidebar_end','comment','guestbook','switch_theme','after_content','before_content','log_write_done','switch_admin_theme','captcha_image') ORDER BY `list_order` ASC [ RunTime:0.000724s ]
[2024-12-09T21:51:34+08:00][sql] CONNECT:[ UseTime:0.000599s ] mysql:host=127.0.0.1;port=3306;dbname=zhibo;charset=utf8mb4
[2024-12-09T21:51:34+08:00][sql] SHOW FULL COLUMNS FROM `cmf_hook` [ RunTime:0.001516s ]
[2024-12-09T21:51:34+08:00][sql] SELECT `hook`,`id` FROM `cmf_hook` WHERE  (  (  `app` = '' OR `app` = 'cmf' )  AND `type` = 3 ) OR `type` = 1 [ RunTime:0.000646s ]
[2024-12-09T21:51:34+08:00][sql] SHOW FULL COLUMNS FROM `cmf_hook_plugin` [ RunTime:0.001309s ]
[2024-12-09T21:51:34+08:00][sql] SELECT `hook`,`plugin` FROM `cmf_hook_plugin` WHERE  `status` = 1  AND `hook` IN ('app_begin','module_init','action_begin','view_filter','app_end','log_write','response_end','admin_init','home_init','send_mobile_verification_code','body_start','before_head_end','footer_start','before_footer','before_footer_end','before_body_end','left_sidebar_start','before_left_sidebar_end','right_sidebar_start','before_right_sidebar_end','comment','guestbook','switch_theme','after_content','before_content','log_write_done','switch_admin_theme','captcha_image') ORDER BY `list_order` ASC [ RunTime:0.000701s ]
[2024-12-09T21:51:34+08:00][sql] CONNECT:[ UseTime:0.000643s ] mysql:host=127.0.0.1;port=3306;dbname=zhibo;charset=utf8mb4
[2024-12-09T21:51:34+08:00][sql] SHOW FULL COLUMNS FROM `cmf_hook` [ RunTime:0.001490s ]
[2024-12-09T21:51:34+08:00][sql] SELECT `hook`,`id` FROM `cmf_hook` WHERE  (  (  `app` = '' OR `app` = 'cmf' )  AND `type` = 3 ) OR `type` = 1 [ RunTime:0.000632s ]
[2024-12-09T21:51:34+08:00][sql] SHOW FULL COLUMNS FROM `cmf_hook_plugin` [ RunTime:0.001255s ]
[2024-12-09T21:51:34+08:00][sql] SELECT `hook`,`plugin` FROM `cmf_hook_plugin` WHERE  `status` = 1  AND `hook` IN ('app_begin','module_init','action_begin','view_filter','app_end','log_write','response_end','admin_init','home_init','send_mobile_verification_code','body_start','before_head_end','footer_start','before_footer','before_footer_end','before_body_end','left_sidebar_start','before_left_sidebar_end','right_sidebar_start','before_right_sidebar_end','comment','guestbook','switch_theme','after_content','before_content','log_write_done','switch_admin_theme','captcha_image') ORDER BY `list_order` ASC [ RunTime:0.000723s ]
[2024-12-09T21:51:36+08:00][sql] CONNECT:[ UseTime:0.000666s ] mysql:host=127.0.0.1;port=3306;dbname=zhibo;charset=utf8mb4
[2024-12-09T21:51:36+08:00][sql] SHOW FULL COLUMNS FROM `cmf_hook` [ RunTime:0.001586s ]
[2024-12-09T21:51:36+08:00][sql] SELECT `hook`,`id` FROM `cmf_hook` WHERE  (  (  `app` = '' OR `app` = 'cmf' )  AND `type` = 3 ) OR `type` = 1 [ RunTime:0.000648s ]
[2024-12-09T21:51:36+08:00][sql] SHOW FULL COLUMNS FROM `cmf_hook_plugin` [ RunTime:0.001351s ]
[2024-12-09T21:51:36+08:00][sql] SELECT `hook`,`plugin` FROM `cmf_hook_plugin` WHERE  `status` = 1  AND `hook` IN ('app_begin','module_init','action_begin','view_filter','app_end','log_write','response_end','admin_init','home_init','send_mobile_verification_code','body_start','before_head_end','footer_start','before_footer','before_footer_end','before_body_end','left_sidebar_start','before_left_sidebar_end','right_sidebar_start','before_right_sidebar_end','comment','guestbook','switch_theme','after_content','before_content','log_write_done','switch_admin_theme','captcha_image') ORDER BY `list_order` ASC [ RunTime:0.000709s ]
[2024-12-09T21:51:38+08:00][sql] CONNECT:[ UseTime:0.000639s ] mysql:host=127.0.0.1;port=3306;dbname=zhibo;charset=utf8mb4
[2024-12-09T21:51:38+08:00][sql] SHOW FULL COLUMNS FROM `cmf_hook` [ RunTime:0.001564s ]
[2024-12-09T21:51:38+08:00][sql] SELECT `hook`,`id` FROM `cmf_hook` WHERE  (  (  `app` = '' OR `app` = 'cmf' )  AND `type` = 3 ) OR `type` = 1 [ RunTime:0.000701s ]
[2024-12-09T21:51:38+08:00][sql] SHOW FULL COLUMNS FROM `cmf_hook_plugin` [ RunTime:0.001332s ]
[2024-12-09T21:51:38+08:00][sql] SELECT `hook`,`plugin` FROM `cmf_hook_plugin` WHERE  `status` = 1  AND `hook` IN ('app_begin','module_init','action_begin','view_filter','app_end','log_write','response_end','admin_init','home_init','send_mobile_verification_code','body_start','before_head_end','footer_start','before_footer','before_footer_end','before_body_end','left_sidebar_start','before_left_sidebar_end','right_sidebar_start','before_right_sidebar_end','comment','guestbook','switch_theme','after_content','before_content','log_write_done','switch_admin_theme','captcha_image') ORDER BY `list_order` ASC [ RunTime:0.000757s ]
[2024-12-09T21:51:38+08:00][sql] CONNECT:[ UseTime:0.000640s ] mysql:host=127.0.0.1;port=3306;dbname=zhibo;charset=utf8mb4
[2024-12-09T21:51:38+08:00][sql] SHOW FULL COLUMNS FROM `cmf_hook` [ RunTime:0.001614s ]
[2024-12-09T21:51:38+08:00][sql] SELECT `hook`,`id` FROM `cmf_hook` WHERE  (  (  `app` = '' OR `app` = 'cmf' )  AND `type` = 3 ) OR `type` = 1 [ RunTime:0.000654s ]
[2024-12-09T21:51:38+08:00][sql] SHOW FULL COLUMNS FROM `cmf_hook_plugin` [ RunTime:0.001328s ]
[2024-12-09T21:51:38+08:00][sql] SELECT `hook`,`plugin` FROM `cmf_hook_plugin` WHERE  `status` = 1  AND `hook` IN ('app_begin','module_init','action_begin','view_filter','app_end','log_write','response_end','admin_init','home_init','send_mobile_verification_code','body_start','before_head_end','footer_start','before_footer','before_footer_end','before_body_end','left_sidebar_start','before_left_sidebar_end','right_sidebar_start','before_right_sidebar_end','comment','guestbook','switch_theme','after_content','before_content','log_write_done','switch_admin_theme','captcha_image') ORDER BY `list_order` ASC [ RunTime:0.000701s ]
[2024-12-09T21:51:41+08:00][sql] CONNECT:[ UseTime:0.000630s ] mysql:host=127.0.0.1;port=3306;dbname=zhibo;charset=utf8mb4
[2024-12-09T21:51:41+08:00][sql] SHOW FULL COLUMNS FROM `cmf_hook` [ RunTime:0.001504s ]
[2024-12-09T21:51:41+08:00][sql] SELECT `hook`,`id` FROM `cmf_hook` WHERE  (  (  `app` = '' OR `app` = 'cmf' )  AND `type` = 3 ) OR `type` = 1 [ RunTime:0.000640s ]
[2024-12-09T21:51:41+08:00][sql] SHOW FULL COLUMNS FROM `cmf_hook_plugin` [ RunTime:0.001264s ]
[2024-12-09T21:51:41+08:00][sql] SELECT `hook`,`plugin` FROM `cmf_hook_plugin` WHERE  `status` = 1  AND `hook` IN ('app_begin','module_init','action_begin','view_filter','app_end','log_write','response_end','admin_init','home_init','send_mobile_verification_code','body_start','before_head_end','footer_start','before_footer','before_footer_end','before_body_end','left_sidebar_start','before_left_sidebar_end','right_sidebar_start','before_right_sidebar_end','comment','guestbook','switch_theme','after_content','before_content','log_write_done','switch_admin_theme','captcha_image') ORDER BY `list_order` ASC [ RunTime:0.000678s ]
[2024-12-09T21:51:41+08:00][sql] CONNECT:[ UseTime:0.000614s ] mysql:host=127.0.0.1;port=3306;dbname=zhibo;charset=utf8mb4
[2024-12-09T21:51:41+08:00][sql] SHOW FULL COLUMNS FROM `cmf_hook` [ RunTime:0.001538s ]
[2024-12-09T21:51:41+08:00][sql] SELECT `hook`,`id` FROM `cmf_hook` WHERE  (  (  `app` = '' OR `app` = 'cmf' )  AND `type` = 3 ) OR `type` = 1 [ RunTime:0.000789s ]
[2024-12-09T21:51:41+08:00][sql] SHOW FULL COLUMNS FROM `cmf_hook_plugin` [ RunTime:0.001377s ]
[2024-12-09T21:51:41+08:00][sql] SELECT `hook`,`plugin` FROM `cmf_hook_plugin` WHERE  `status` = 1  AND `hook` IN ('app_begin','module_init','action_begin','view_filter','app_end','log_write','response_end','admin_init','home_init','send_mobile_verification_code','body_start','before_head_end','footer_start','before_footer','before_footer_end','before_body_end','left_sidebar_start','before_left_sidebar_end','right_sidebar_start','before_right_sidebar_end','comment','guestbook','switch_theme','after_content','before_content','log_write_done','switch_admin_theme','captcha_image') ORDER BY `list_order` ASC [ RunTime:0.000728s ]
[2024-12-09T21:51:43+08:00][sql] CONNECT:[ UseTime:0.000677s ] mysql:host=127.0.0.1;port=3306;dbname=zhibo;charset=utf8mb4
[2024-12-09T21:51:43+08:00][sql] SHOW FULL COLUMNS FROM `cmf_hook` [ RunTime:0.001498s ]
[2024-12-09T21:51:43+08:00][sql] SELECT `hook`,`id` FROM `cmf_hook` WHERE  (  (  `app` = '' OR `app` = 'cmf' )  AND `type` = 3 ) OR `type` = 1 [ RunTime:0.000616s ]
[2024-12-09T21:51:43+08:00][sql] SHOW FULL COLUMNS FROM `cmf_hook_plugin` [ RunTime:0.001221s ]
[2024-12-09T21:51:43+08:00][sql] SELECT `hook`,`plugin` FROM `cmf_hook_plugin` WHERE  `status` = 1  AND `hook` IN ('app_begin','module_init','action_begin','view_filter','app_end','log_write','response_end','admin_init','home_init','send_mobile_verification_code','body_start','before_head_end','footer_start','before_footer','before_footer_end','before_body_end','left_sidebar_start','before_left_sidebar_end','right_sidebar_start','before_right_sidebar_end','comment','guestbook','switch_theme','after_content','before_content','log_write_done','switch_admin_theme','captcha_image') ORDER BY `list_order` ASC [ RunTime:0.000668s ]
[2024-12-09T21:51:43+08:00][sql] CONNECT:[ UseTime:0.000637s ] mysql:host=127.0.0.1;port=3306;dbname=zhibo;charset=utf8mb4
[2024-12-09T21:51:43+08:00][sql] SHOW FULL COLUMNS FROM `cmf_hook` [ RunTime:0.001582s ]
[2024-12-09T21:51:43+08:00][sql] SELECT `hook`,`id` FROM `cmf_hook` WHERE  (  (  `app` = '' OR `app` = 'cmf' )  AND `type` = 3 ) OR `type` = 1 [ RunTime:0.000650s ]
[2024-12-09T21:51:43+08:00][sql] SHOW FULL COLUMNS FROM `cmf_hook_plugin` [ RunTime:0.001264s ]
[2024-12-09T21:51:43+08:00][sql] SELECT `hook`,`plugin` FROM `cmf_hook_plugin` WHERE  `status` = 1  AND `hook` IN ('app_begin','module_init','action_begin','view_filter','app_end','log_write','response_end','admin_init','home_init','send_mobile_verification_code','body_start','before_head_end','footer_start','before_footer','before_footer_end','before_body_end','left_sidebar_start','before_left_sidebar_end','right_sidebar_start','before_right_sidebar_end','comment','guestbook','switch_theme','after_content','before_content','log_write_done','switch_admin_theme','captcha_image') ORDER BY `list_order` ASC [ RunTime:0.000696s ]
[2024-12-09T21:51:45+08:00][sql] CONNECT:[ UseTime:0.000637s ] mysql:host=127.0.0.1;port=3306;dbname=zhibo;charset=utf8mb4
[2024-12-09T21:51:45+08:00][sql] SHOW FULL COLUMNS FROM `cmf_hook` [ RunTime:0.001510s ]
[2024-12-09T21:51:45+08:00][sql] SELECT `hook`,`id` FROM `cmf_hook` WHERE  (  (  `app` = '' OR `app` = 'cmf' )  AND `type` = 3 ) OR `type` = 1 [ RunTime:0.000626s ]
[2024-12-09T21:51:45+08:00][sql] SHOW FULL COLUMNS FROM `cmf_hook_plugin` [ RunTime:0.001234s ]
[2024-12-09T21:51:45+08:00][sql] SELECT `hook`,`plugin` FROM `cmf_hook_plugin` WHERE  `status` = 1  AND `hook` IN ('app_begin','module_init','action_begin','view_filter','app_end','log_write','response_end','admin_init','home_init','send_mobile_verification_code','body_start','before_head_end','footer_start','before_footer','before_footer_end','before_body_end','left_sidebar_start','before_left_sidebar_end','right_sidebar_start','before_right_sidebar_end','comment','guestbook','switch_theme','after_content','before_content','log_write_done','switch_admin_theme','captcha_image') ORDER BY `list_order` ASC [ RunTime:0.000697s ]
[2024-12-09T21:51:45+08:00][sql] CONNECT:[ UseTime:0.000650s ] mysql:host=127.0.0.1;port=3306;dbname=zhibo;charset=utf8mb4
[2024-12-09T21:51:45+08:00][sql] SHOW FULL COLUMNS FROM `cmf_hook` [ RunTime:0.001519s ]
[2024-12-09T21:51:45+08:00][sql] SELECT `hook`,`id` FROM `cmf_hook` WHERE  (  (  `app` = '' OR `app` = 'cmf' )  AND `type` = 3 ) OR `type` = 1 [ RunTime:0.000654s ]
[2024-12-09T21:51:45+08:00][sql] SHOW FULL COLUMNS FROM `cmf_hook_plugin` [ RunTime:0.001260s ]
[2024-12-09T21:51:45+08:00][sql] SELECT `hook`,`plugin` FROM `cmf_hook_plugin` WHERE  `status` = 1  AND `hook` IN ('app_begin','module_init','action_begin','view_filter','app_end','log_write','response_end','admin_init','home_init','send_mobile_verification_code','body_start','before_head_end','footer_start','before_footer','before_footer_end','before_body_end','left_sidebar_start','before_left_sidebar_end','right_sidebar_start','before_right_sidebar_end','comment','guestbook','switch_theme','after_content','before_content','log_write_done','switch_admin_theme','captcha_image') ORDER BY `list_order` ASC [ RunTime:0.000745s ]
[2024-12-09T21:51:47+08:00][sql] CONNECT:[ UseTime:0.000644s ] mysql:host=127.0.0.1;port=3306;dbname=zhibo;charset=utf8mb4
[2024-12-09T21:51:47+08:00][sql] SHOW FULL COLUMNS FROM `cmf_hook` [ RunTime:0.001552s ]
[2024-12-09T21:51:47+08:00][sql] SELECT `hook`,`id` FROM `cmf_hook` WHERE  (  (  `app` = '' OR `app` = 'cmf' )  AND `type` = 3 ) OR `type` = 1 [ RunTime:0.000705s ]
[2024-12-09T21:51:47+08:00][sql] SHOW FULL COLUMNS FROM `cmf_hook_plugin` [ RunTime:0.001339s ]
[2024-12-09T21:51:47+08:00][sql] SELECT `hook`,`plugin` FROM `cmf_hook_plugin` WHERE  `status` = 1  AND `hook` IN ('app_begin','module_init','action_begin','view_filter','app_end','log_write','response_end','admin_init','home_init','send_mobile_verification_code','body_start','before_head_end','footer_start','before_footer','before_footer_end','before_body_end','left_sidebar_start','before_left_sidebar_end','right_sidebar_start','before_right_sidebar_end','comment','guestbook','switch_theme','after_content','before_content','log_write_done','switch_admin_theme','captcha_image') ORDER BY `list_order` ASC [ RunTime:0.000749s ]
[2024-12-09T21:51:48+08:00][sql] CONNECT:[ UseTime:0.000623s ] mysql:host=127.0.0.1;port=3306;dbname=zhibo;charset=utf8mb4
[2024-12-09T21:51:48+08:00][sql] SHOW FULL COLUMNS FROM `cmf_hook` [ RunTime:0.001538s ]
[2024-12-09T21:51:48+08:00][sql] SELECT `hook`,`id` FROM `cmf_hook` WHERE  (  (  `app` = '' OR `app` = 'cmf' )  AND `type` = 3 ) OR `type` = 1 [ RunTime:0.000685s ]
[2024-12-09T21:51:48+08:00][sql] SHOW FULL COLUMNS FROM `cmf_hook_plugin` [ RunTime:0.001280s ]
[2024-12-09T21:51:48+08:00][sql] SELECT `hook`,`plugin` FROM `cmf_hook_plugin` WHERE  `status` = 1  AND `hook` IN ('app_begin','module_init','action_begin','view_filter','app_end','log_write','response_end','admin_init','home_init','send_mobile_verification_code','body_start','before_head_end','footer_start','before_footer','before_footer_end','before_body_end','left_sidebar_start','before_left_sidebar_end','right_sidebar_start','before_right_sidebar_end','comment','guestbook','switch_theme','after_content','before_content','log_write_done','switch_admin_theme','captcha_image') ORDER BY `list_order` ASC [ RunTime:0.000727s ]
[2024-12-09T21:51:49+08:00][sql] CONNECT:[ UseTime:0.000663s ] mysql:host=127.0.0.1;port=3306;dbname=zhibo;charset=utf8mb4
[2024-12-09T21:51:49+08:00][sql] SHOW FULL COLUMNS FROM `cmf_hook` [ RunTime:0.001565s ]
[2024-12-09T21:51:49+08:00][sql] SELECT `hook`,`id` FROM `cmf_hook` WHERE  (  (  `app` = '' OR `app` = 'cmf' )  AND `type` = 3 ) OR `type` = 1 [ RunTime:0.000638s ]
[2024-12-09T21:51:49+08:00][sql] SHOW FULL COLUMNS FROM `cmf_hook_plugin` [ RunTime:0.001292s ]
[2024-12-09T21:51:49+08:00][sql] SELECT `hook`,`plugin` FROM `cmf_hook_plugin` WHERE  `status` = 1  AND `hook` IN ('app_begin','module_init','action_begin','view_filter','app_end','log_write','response_end','admin_init','home_init','send_mobile_verification_code','body_start','before_head_end','footer_start','before_footer','before_footer_end','before_body_end','left_sidebar_start','before_left_sidebar_end','right_sidebar_start','before_right_sidebar_end','comment','guestbook','switch_theme','after_content','before_content','log_write_done','switch_admin_theme','captcha_image') ORDER BY `list_order` ASC [ RunTime:0.000711s ]
[2024-12-09T21:51:49+08:00][sql] CONNECT:[ UseTime:0.000624s ] mysql:host=127.0.0.1;port=3306;dbname=zhibo;charset=utf8mb4
[2024-12-09T21:51:49+08:00][sql] SHOW FULL COLUMNS FROM `cmf_hook` [ RunTime:0.001601s ]
[2024-12-09T21:51:49+08:00][sql] SELECT `hook`,`id` FROM `cmf_hook` WHERE  (  (  `app` = '' OR `app` = 'cmf' )  AND `type` = 3 ) OR `type` = 1 [ RunTime:0.000636s ]
[2024-12-09T21:51:49+08:00][sql] SHOW FULL COLUMNS FROM `cmf_hook_plugin` [ RunTime:0.001325s ]
[2024-12-09T21:51:49+08:00][sql] SELECT `hook`,`plugin` FROM `cmf_hook_plugin` WHERE  `status` = 1  AND `hook` IN ('app_begin','module_init','action_begin','view_filter','app_end','log_write','response_end','admin_init','home_init','send_mobile_verification_code','body_start','before_head_end','footer_start','before_footer','before_footer_end','before_body_end','left_sidebar_start','before_left_sidebar_end','right_sidebar_start','before_right_sidebar_end','comment','guestbook','switch_theme','after_content','before_content','log_write_done','switch_admin_theme','captcha_image') ORDER BY `list_order` ASC [ RunTime:0.000688s ]
[2024-12-09T21:51:51+08:00][sql] CONNECT:[ UseTime:0.000633s ] mysql:host=127.0.0.1;port=3306;dbname=zhibo;charset=utf8mb4
[2024-12-09T21:51:51+08:00][sql] SHOW FULL COLUMNS FROM `cmf_hook` [ RunTime:0.001537s ]
[2024-12-09T21:51:51+08:00][sql] SELECT `hook`,`id` FROM `cmf_hook` WHERE  (  (  `app` = '' OR `app` = 'cmf' )  AND `type` = 3 ) OR `type` = 1 [ RunTime:0.000686s ]
[2024-12-09T21:51:51+08:00][sql] SHOW FULL COLUMNS FROM `cmf_hook_plugin` [ RunTime:0.001302s ]
[2024-12-09T21:51:51+08:00][sql] SELECT `hook`,`plugin` FROM `cmf_hook_plugin` WHERE  `status` = 1  AND `hook` IN ('app_begin','module_init','action_begin','view_filter','app_end','log_write','response_end','admin_init','home_init','send_mobile_verification_code','body_start','before_head_end','footer_start','before_footer','before_footer_end','before_body_end','left_sidebar_start','before_left_sidebar_end','right_sidebar_start','before_right_sidebar_end','comment','guestbook','switch_theme','after_content','before_content','log_write_done','switch_admin_theme','captcha_image') ORDER BY `list_order` ASC [ RunTime:0.000726s ]
[2024-12-09T21:51:51+08:00][sql] CONNECT:[ UseTime:0.000615s ] mysql:host=127.0.0.1;port=3306;dbname=zhibo;charset=utf8mb4
[2024-12-09T21:51:51+08:00][sql] SHOW FULL COLUMNS FROM `cmf_hook` [ RunTime:0.001551s ]
[2024-12-09T21:51:51+08:00][sql] SELECT `hook`,`id` FROM `cmf_hook` WHERE  (  (  `app` = '' OR `app` = 'cmf' )  AND `type` = 3 ) OR `type` = 1 [ RunTime:0.000658s ]
[2024-12-09T21:51:51+08:00][sql] SHOW FULL COLUMNS FROM `cmf_hook_plugin` [ RunTime:0.001277s ]
[2024-12-09T21:51:51+08:00][sql] SELECT `hook`,`plugin` FROM `cmf_hook_plugin` WHERE  `status` = 1  AND `hook` IN ('app_begin','module_init','action_begin','view_filter','app_end','log_write','response_end','admin_init','home_init','send_mobile_verification_code','body_start','before_head_end','footer_start','before_footer','before_footer_end','before_body_end','left_sidebar_start','before_left_sidebar_end','right_sidebar_start','before_right_sidebar_end','comment','guestbook','switch_theme','after_content','before_content','log_write_done','switch_admin_theme','captcha_image') ORDER BY `list_order` ASC [ RunTime:0.000728s ]
[2024-12-09T21:51:54+08:00][sql] CONNECT:[ UseTime:0.000665s ] mysql:host=127.0.0.1;port=3306;dbname=zhibo;charset=utf8mb4
[2024-12-09T21:51:54+08:00][sql] SHOW FULL COLUMNS FROM `cmf_hook` [ RunTime:0.001631s ]
[2024-12-09T21:51:54+08:00][sql] SELECT `hook`,`id` FROM `cmf_hook` WHERE  (  (  `app` = '' OR `app` = 'cmf' )  AND `type` = 3 ) OR `type` = 1 [ RunTime:0.000670s ]
[2024-12-09T21:51:54+08:00][sql] SHOW FULL COLUMNS FROM `cmf_hook_plugin` [ RunTime:0.001295s ]
[2024-12-09T21:51:54+08:00][sql] SELECT `hook`,`plugin` FROM `cmf_hook_plugin` WHERE  `status` = 1  AND `hook` IN ('app_begin','module_init','action_begin','view_filter','app_end','log_write','response_end','admin_init','home_init','send_mobile_verification_code','body_start','before_head_end','footer_start','before_footer','before_footer_end','before_body_end','left_sidebar_start','before_left_sidebar_end','right_sidebar_start','before_right_sidebar_end','comment','guestbook','switch_theme','after_content','before_content','log_write_done','switch_admin_theme','captcha_image') ORDER BY `list_order` ASC [ RunTime:0.000697s ]
[2024-12-09T21:51:54+08:00][sql] CONNECT:[ UseTime:0.000715s ] mysql:host=127.0.0.1;port=3306;dbname=zhibo;charset=utf8mb4
[2024-12-09T21:51:54+08:00][sql] SHOW FULL COLUMNS FROM `cmf_hook` [ RunTime:0.001610s ]
[2024-12-09T21:51:54+08:00][sql] SELECT `hook`,`id` FROM `cmf_hook` WHERE  (  (  `app` = '' OR `app` = 'cmf' )  AND `type` = 3 ) OR `type` = 1 [ RunTime:0.000666s ]
[2024-12-09T21:51:54+08:00][sql] SHOW FULL COLUMNS FROM `cmf_hook_plugin` [ RunTime:0.001386s ]
[2024-12-09T21:51:54+08:00][sql] SELECT `hook`,`plugin` FROM `cmf_hook_plugin` WHERE  `status` = 1  AND `hook` IN ('app_begin','module_init','action_begin','view_filter','app_end','log_write','response_end','admin_init','home_init','send_mobile_verification_code','body_start','before_head_end','footer_start','before_footer','before_footer_end','before_body_end','left_sidebar_start','before_left_sidebar_end','right_sidebar_start','before_right_sidebar_end','comment','guestbook','switch_theme','after_content','before_content','log_write_done','switch_admin_theme','captcha_image') ORDER BY `list_order` ASC [ RunTime:0.000734s ]
[2024-12-09T21:51:56+08:00][sql] CONNECT:[ UseTime:0.000655s ] mysql:host=127.0.0.1;port=3306;dbname=zhibo;charset=utf8mb4
[2024-12-09T21:51:56+08:00][sql] SHOW FULL COLUMNS FROM `cmf_hook` [ RunTime:0.001618s ]
[2024-12-09T21:51:56+08:00][sql] SELECT `hook`,`id` FROM `cmf_hook` WHERE  (  (  `app` = '' OR `app` = 'cmf' )  AND `type` = 3 ) OR `type` = 1 [ RunTime:0.000647s ]
[2024-12-09T21:51:56+08:00][sql] SHOW FULL COLUMNS FROM `cmf_hook_plugin` [ RunTime:0.001405s ]
[2024-12-09T21:51:56+08:00][sql] SELECT `hook`,`plugin` FROM `cmf_hook_plugin` WHERE  `status` = 1  AND `hook` IN ('app_begin','module_init','action_begin','view_filter','app_end','log_write','response_end','admin_init','home_init','send_mobile_verification_code','body_start','before_head_end','footer_start','before_footer','before_footer_end','before_body_end','left_sidebar_start','before_left_sidebar_end','right_sidebar_start','before_right_sidebar_end','comment','guestbook','switch_theme','after_content','before_content','log_write_done','switch_admin_theme','captcha_image') ORDER BY `list_order` ASC [ RunTime:0.000758s ]
[2024-12-09T21:51:56+08:00][sql] CONNECT:[ UseTime:0.000641s ] mysql:host=127.0.0.1;port=3306;dbname=zhibo;charset=utf8mb4
[2024-12-09T21:51:56+08:00][sql] SHOW FULL COLUMNS FROM `cmf_hook` [ RunTime:0.001537s ]
[2024-12-09T21:51:56+08:00][sql] SELECT `hook`,`id` FROM `cmf_hook` WHERE  (  (  `app` = '' OR `app` = 'cmf' )  AND `type` = 3 ) OR `type` = 1 [ RunTime:0.000729s ]
[2024-12-09T21:51:56+08:00][sql] SHOW FULL COLUMNS FROM `cmf_hook_plugin` [ RunTime:0.001273s ]
[2024-12-09T21:51:56+08:00][sql] SELECT `hook`,`plugin` FROM `cmf_hook_plugin` WHERE  `status` = 1  AND `hook` IN ('app_begin','module_init','action_begin','view_filter','app_end','log_write','response_end','admin_init','home_init','send_mobile_verification_code','body_start','before_head_end','footer_start','before_footer','before_footer_end','before_body_end','left_sidebar_start','before_left_sidebar_end','right_sidebar_start','before_right_sidebar_end','comment','guestbook','switch_theme','after_content','before_content','log_write_done','switch_admin_theme','captcha_image') ORDER BY `list_order` ASC [ RunTime:0.000752s ]
[2024-12-09T21:51:58+08:00][sql] CONNECT:[ UseTime:0.000659s ] mysql:host=127.0.0.1;port=3306;dbname=zhibo;charset=utf8mb4
[2024-12-09T21:51:58+08:00][sql] SHOW FULL COLUMNS FROM `cmf_hook` [ RunTime:0.001581s ]
[2024-12-09T21:51:58+08:00][sql] SELECT `hook`,`id` FROM `cmf_hook` WHERE  (  (  `app` = '' OR `app` = 'cmf' )  AND `type` = 3 ) OR `type` = 1 [ RunTime:0.000605s ]
[2024-12-09T21:51:58+08:00][sql] SHOW FULL COLUMNS FROM `cmf_hook_plugin` [ RunTime:0.001293s ]
[2024-12-09T21:51:58+08:00][sql] SELECT `hook`,`plugin` FROM `cmf_hook_plugin` WHERE  `status` = 1  AND `hook` IN ('app_begin','module_init','action_begin','view_filter','app_end','log_write','response_end','admin_init','home_init','send_mobile_verification_code','body_start','before_head_end','footer_start','before_footer','before_footer_end','before_body_end','left_sidebar_start','before_left_sidebar_end','right_sidebar_start','before_right_sidebar_end','comment','guestbook','switch_theme','after_content','before_content','log_write_done','switch_admin_theme','captcha_image') ORDER BY `list_order` ASC [ RunTime:0.000676s ]
[2024-12-09T21:51:58+08:00][sql] CONNECT:[ UseTime:0.000696s ] mysql:host=127.0.0.1;port=3306;dbname=zhibo;charset=utf8mb4
[2024-12-09T21:51:58+08:00][sql] SHOW FULL COLUMNS FROM `cmf_hook` [ RunTime:0.001692s ]
[2024-12-09T21:51:58+08:00][sql] SELECT `hook`,`id` FROM `cmf_hook` WHERE  (  (  `app` = '' OR `app` = 'cmf' )  AND `type` = 3 ) OR `type` = 1 [ RunTime:0.000722s ]
[2024-12-09T21:51:58+08:00][sql] SHOW FULL COLUMNS FROM `cmf_hook_plugin` [ RunTime:0.001331s ]
[2024-12-09T21:51:58+08:00][sql] SELECT `hook`,`plugin` FROM `cmf_hook_plugin` WHERE  `status` = 1  AND `hook` IN ('app_begin','module_init','action_begin','view_filter','app_end','log_write','response_end','admin_init','home_init','send_mobile_verification_code','body_start','before_head_end','footer_start','before_footer','before_footer_end','before_body_end','left_sidebar_start','before_left_sidebar_end','right_sidebar_start','before_right_sidebar_end','comment','guestbook','switch_theme','after_content','before_content','log_write_done','switch_admin_theme','captcha_image') ORDER BY `list_order` ASC [ RunTime:0.000720s ]
[2024-12-09T21:52:00+08:00][sql] CONNECT:[ UseTime:0.000642s ] mysql:host=127.0.0.1;port=3306;dbname=zhibo;charset=utf8mb4
[2024-12-09T21:52:00+08:00][sql] SHOW FULL COLUMNS FROM `cmf_hook` [ RunTime:0.001509s ]
[2024-12-09T21:52:00+08:00][sql] SELECT `hook`,`id` FROM `cmf_hook` WHERE  (  (  `app` = '' OR `app` = 'cmf' )  AND `type` = 3 ) OR `type` = 1 [ RunTime:0.000706s ]
[2024-12-09T21:52:00+08:00][sql] SHOW FULL COLUMNS FROM `cmf_hook_plugin` [ RunTime:0.001269s ]
[2024-12-09T21:52:00+08:00][sql] SELECT `hook`,`plugin` FROM `cmf_hook_plugin` WHERE  `status` = 1  AND `hook` IN ('app_begin','module_init','action_begin','view_filter','app_end','log_write','response_end','admin_init','home_init','send_mobile_verification_code','body_start','before_head_end','footer_start','before_footer','before_footer_end','before_body_end','left_sidebar_start','before_left_sidebar_end','right_sidebar_start','before_right_sidebar_end','comment','guestbook','switch_theme','after_content','before_content','log_write_done','switch_admin_theme','captcha_image') ORDER BY `list_order` ASC [ RunTime:0.000725s ]
[2024-12-09T21:52:00+08:00][sql] CONNECT:[ UseTime:0.000646s ] mysql:host=127.0.0.1;port=3306;dbname=zhibo;charset=utf8mb4
[2024-12-09T21:52:00+08:00][sql] SHOW FULL COLUMNS FROM `cmf_hook` [ RunTime:0.001563s ]
[2024-12-09T21:52:00+08:00][sql] SELECT `hook`,`id` FROM `cmf_hook` WHERE  (  (  `app` = '' OR `app` = 'cmf' )  AND `type` = 3 ) OR `type` = 1 [ RunTime:0.000664s ]
[2024-12-09T21:52:00+08:00][sql] SHOW FULL COLUMNS FROM `cmf_hook_plugin` [ RunTime:0.001310s ]
[2024-12-09T21:52:00+08:00][sql] SELECT `hook`,`plugin` FROM `cmf_hook_plugin` WHERE  `status` = 1  AND `hook` IN ('app_begin','module_init','action_begin','view_filter','app_end','log_write','response_end','admin_init','home_init','send_mobile_verification_code','body_start','before_head_end','footer_start','before_footer','before_footer_end','before_body_end','left_sidebar_start','before_left_sidebar_end','right_sidebar_start','before_right_sidebar_end','comment','guestbook','switch_theme','after_content','before_content','log_write_done','switch_admin_theme','captcha_image') ORDER BY `list_order` ASC [ RunTime:0.000718s ]
[2024-12-09T21:52:02+08:00][sql] CONNECT:[ UseTime:0.000616s ] mysql:host=127.0.0.1;port=3306;dbname=zhibo;charset=utf8mb4
[2024-12-09T21:52:02+08:00][sql] SHOW FULL COLUMNS FROM `cmf_hook` [ RunTime:0.001542s ]
[2024-12-09T21:52:02+08:00][sql] SELECT `hook`,`id` FROM `cmf_hook` WHERE  (  (  `app` = '' OR `app` = 'cmf' )  AND `type` = 3 ) OR `type` = 1 [ RunTime:0.000641s ]
[2024-12-09T21:52:02+08:00][sql] SHOW FULL COLUMNS FROM `cmf_hook_plugin` [ RunTime:0.001303s ]
[2024-12-09T21:52:02+08:00][sql] SELECT `hook`,`plugin` FROM `cmf_hook_plugin` WHERE  `status` = 1  AND `hook` IN ('app_begin','module_init','action_begin','view_filter','app_end','log_write','response_end','admin_init','home_init','send_mobile_verification_code','body_start','before_head_end','footer_start','before_footer','before_footer_end','before_body_end','left_sidebar_start','before_left_sidebar_end','right_sidebar_start','before_right_sidebar_end','comment','guestbook','switch_theme','after_content','before_content','log_write_done','switch_admin_theme','captcha_image') ORDER BY `list_order` ASC [ RunTime:0.000700s ]
[2024-12-09T21:52:02+08:00][sql] CONNECT:[ UseTime:0.000619s ] mysql:host=127.0.0.1;port=3306;dbname=zhibo;charset=utf8mb4
[2024-12-09T21:52:02+08:00][sql] SHOW FULL COLUMNS FROM `cmf_hook` [ RunTime:0.001540s ]
[2024-12-09T21:52:02+08:00][sql] SELECT `hook`,`id` FROM `cmf_hook` WHERE  (  (  `app` = '' OR `app` = 'cmf' )  AND `type` = 3 ) OR `type` = 1 [ RunTime:0.000641s ]
[2024-12-09T21:52:02+08:00][sql] SHOW FULL COLUMNS FROM `cmf_hook_plugin` [ RunTime:0.001275s ]
[2024-12-09T21:52:02+08:00][sql] SELECT `hook`,`plugin` FROM `cmf_hook_plugin` WHERE  `status` = 1  AND `hook` IN ('app_begin','module_init','action_begin','view_filter','app_end','log_write','response_end','admin_init','home_init','send_mobile_verification_code','body_start','before_head_end','footer_start','before_footer','before_footer_end','before_body_end','left_sidebar_start','before_left_sidebar_end','right_sidebar_start','before_right_sidebar_end','comment','guestbook','switch_theme','after_content','before_content','log_write_done','switch_admin_theme','captcha_image') ORDER BY `list_order` ASC [ RunTime:0.000718s ]
[2024-12-09T21:52:04+08:00][sql] CONNECT:[ UseTime:0.000657s ] mysql:host=127.0.0.1;port=3306;dbname=zhibo;charset=utf8mb4
[2024-12-09T21:52:04+08:00][sql] SHOW FULL COLUMNS FROM `cmf_hook` [ RunTime:0.001725s ]
[2024-12-09T21:52:04+08:00][sql] SELECT `hook`,`id` FROM `cmf_hook` WHERE  (  (  `app` = '' OR `app` = 'cmf' )  AND `type` = 3 ) OR `type` = 1 [ RunTime:0.000676s ]
[2024-12-09T21:52:04+08:00][sql] SHOW FULL COLUMNS FROM `cmf_hook_plugin` [ RunTime:0.001368s ]
[2024-12-09T21:52:04+08:00][sql] SELECT `hook`,`plugin` FROM `cmf_hook_plugin` WHERE  `status` = 1  AND `hook` IN ('app_begin','module_init','action_begin','view_filter','app_end','log_write','response_end','admin_init','home_init','send_mobile_verification_code','body_start','before_head_end','footer_start','before_footer','before_footer_end','before_body_end','left_sidebar_start','before_left_sidebar_end','right_sidebar_start','before_right_sidebar_end','comment','guestbook','switch_theme','after_content','before_content','log_write_done','switch_admin_theme','captcha_image') ORDER BY `list_order` ASC [ RunTime:0.000721s ]
[2024-12-09T21:52:04+08:00][sql] CONNECT:[ UseTime:0.000644s ] mysql:host=127.0.0.1;port=3306;dbname=zhibo;charset=utf8mb4
[2024-12-09T21:52:04+08:00][sql] SHOW FULL COLUMNS FROM `cmf_hook` [ RunTime:0.001521s ]
[2024-12-09T21:52:04+08:00][sql] SELECT `hook`,`id` FROM `cmf_hook` WHERE  (  (  `app` = '' OR `app` = 'cmf' )  AND `type` = 3 ) OR `type` = 1 [ RunTime:0.000648s ]
[2024-12-09T21:52:04+08:00][sql] SHOW FULL COLUMNS FROM `cmf_hook_plugin` [ RunTime:0.001291s ]
[2024-12-09T21:52:04+08:00][sql] SELECT `hook`,`plugin` FROM `cmf_hook_plugin` WHERE  `status` = 1  AND `hook` IN ('app_begin','module_init','action_begin','view_filter','app_end','log_write','response_end','admin_init','home_init','send_mobile_verification_code','body_start','before_head_end','footer_start','before_footer','before_footer_end','before_body_end','left_sidebar_start','before_left_sidebar_end','right_sidebar_start','before_right_sidebar_end','comment','guestbook','switch_theme','after_content','before_content','log_write_done','switch_admin_theme','captcha_image') ORDER BY `list_order` ASC [ RunTime:0.000703s ]
[2024-12-09T21:52:06+08:00][sql] CONNECT:[ UseTime:0.000666s ] mysql:host=127.0.0.1;port=3306;dbname=zhibo;charset=utf8mb4
[2024-12-09T21:52:06+08:00][sql] SHOW FULL COLUMNS FROM `cmf_hook` [ RunTime:0.001548s ]
[2024-12-09T21:52:06+08:00][sql] SELECT `hook`,`id` FROM `cmf_hook` WHERE  (  (  `app` = '' OR `app` = 'cmf' )  AND `type` = 3 ) OR `type` = 1 [ RunTime:0.000657s ]
[2024-12-09T21:52:06+08:00][sql] SHOW FULL COLUMNS FROM `cmf_hook_plugin` [ RunTime:0.001264s ]
[2024-12-09T21:52:06+08:00][sql] SELECT `hook`,`plugin` FROM `cmf_hook_plugin` WHERE  `status` = 1  AND `hook` IN ('app_begin','module_init','action_begin','view_filter','app_end','log_write','response_end','admin_init','home_init','send_mobile_verification_code','body_start','before_head_end','footer_start','before_footer','before_footer_end','before_body_end','left_sidebar_start','before_left_sidebar_end','right_sidebar_start','before_right_sidebar_end','comment','guestbook','switch_theme','after_content','before_content','log_write_done','switch_admin_theme','captcha_image') ORDER BY `list_order` ASC [ RunTime:0.000703s ]
[2024-12-09T21:52:06+08:00][sql] CONNECT:[ UseTime:0.000661s ] mysql:host=127.0.0.1;port=3306;dbname=zhibo;charset=utf8mb4
[2024-12-09T21:52:06+08:00][sql] SHOW FULL COLUMNS FROM `cmf_hook` [ RunTime:0.001535s ]
[2024-12-09T21:52:06+08:00][sql] SELECT `hook`,`id` FROM `cmf_hook` WHERE  (  (  `app` = '' OR `app` = 'cmf' )  AND `type` = 3 ) OR `type` = 1 [ RunTime:0.000671s ]
[2024-12-09T21:52:06+08:00][sql] SHOW FULL COLUMNS FROM `cmf_hook_plugin` [ RunTime:0.001293s ]
[2024-12-09T21:52:06+08:00][sql] SELECT `hook`,`plugin` FROM `cmf_hook_plugin` WHERE  `status` = 1  AND `hook` IN ('app_begin','module_init','action_begin','view_filter','app_end','log_write','response_end','admin_init','home_init','send_mobile_verification_code','body_start','before_head_end','footer_start','before_footer','before_footer_end','before_body_end','left_sidebar_start','before_left_sidebar_end','right_sidebar_start','before_right_sidebar_end','comment','guestbook','switch_theme','after_content','before_content','log_write_done','switch_admin_theme','captcha_image') ORDER BY `list_order` ASC [ RunTime:0.000778s ]
[2024-12-09T21:52:08+08:00][sql] CONNECT:[ UseTime:0.000633s ] mysql:host=127.0.0.1;port=3306;dbname=zhibo;charset=utf8mb4
[2024-12-09T21:52:08+08:00][sql] SHOW FULL COLUMNS FROM `cmf_hook` [ RunTime:0.001595s ]
[2024-12-09T21:52:08+08:00][sql] SELECT `hook`,`id` FROM `cmf_hook` WHERE  (  (  `app` = '' OR `app` = 'cmf' )  AND `type` = 3 ) OR `type` = 1 [ RunTime:0.000671s ]
[2024-12-09T21:52:08+08:00][sql] SHOW FULL COLUMNS FROM `cmf_hook_plugin` [ RunTime:0.001355s ]
[2024-12-09T21:52:08+08:00][sql] SELECT `hook`,`plugin` FROM `cmf_hook_plugin` WHERE  `status` = 1  AND `hook` IN ('app_begin','module_init','action_begin','view_filter','app_end','log_write','response_end','admin_init','home_init','send_mobile_verification_code','body_start','before_head_end','footer_start','before_footer','before_footer_end','before_body_end','left_sidebar_start','before_left_sidebar_end','right_sidebar_start','before_right_sidebar_end','comment','guestbook','switch_theme','after_content','before_content','log_write_done','switch_admin_theme','captcha_image') ORDER BY `list_order` ASC [ RunTime:0.000722s ]
[2024-12-09T21:52:08+08:00][sql] CONNECT:[ UseTime:0.000656s ] mysql:host=127.0.0.1;port=3306;dbname=zhibo;charset=utf8mb4
[2024-12-09T21:52:08+08:00][sql] SHOW FULL COLUMNS FROM `cmf_hook` [ RunTime:0.001530s ]
[2024-12-09T21:52:08+08:00][sql] SELECT `hook`,`id` FROM `cmf_hook` WHERE  (  (  `app` = '' OR `app` = 'cmf' )  AND `type` = 3 ) OR `type` = 1 [ RunTime:0.000660s ]
[2024-12-09T21:52:08+08:00][sql] SHOW FULL COLUMNS FROM `cmf_hook_plugin` [ RunTime:0.001284s ]
[2024-12-09T21:52:08+08:00][sql] SELECT `hook`,`plugin` FROM `cmf_hook_plugin` WHERE  `status` = 1  AND `hook` IN ('app_begin','module_init','action_begin','view_filter','app_end','log_write','response_end','admin_init','home_init','send_mobile_verification_code','body_start','before_head_end','footer_start','before_footer','before_footer_end','before_body_end','left_sidebar_start','before_left_sidebar_end','right_sidebar_start','before_right_sidebar_end','comment','guestbook','switch_theme','after_content','before_content','log_write_done','switch_admin_theme','captcha_image') ORDER BY `list_order` ASC [ RunTime:0.000749s ]
[2024-12-09T21:52:10+08:00][sql] CONNECT:[ UseTime:0.000650s ] mysql:host=127.0.0.1;port=3306;dbname=zhibo;charset=utf8mb4
[2024-12-09T21:52:10+08:00][sql] SHOW FULL COLUMNS FROM `cmf_hook` [ RunTime:0.001597s ]
[2024-12-09T21:52:10+08:00][sql] SELECT `hook`,`id` FROM `cmf_hook` WHERE  (  (  `app` = '' OR `app` = 'cmf' )  AND `type` = 3 ) OR `type` = 1 [ RunTime:0.000687s ]
[2024-12-09T21:52:10+08:00][sql] SHOW FULL COLUMNS FROM `cmf_hook_plugin` [ RunTime:0.001295s ]
[2024-12-09T21:52:10+08:00][sql] SELECT `hook`,`plugin` FROM `cmf_hook_plugin` WHERE  `status` = 1  AND `hook` IN ('app_begin','module_init','action_begin','view_filter','app_end','log_write','response_end','admin_init','home_init','send_mobile_verification_code','body_start','before_head_end','footer_start','before_footer','before_footer_end','before_body_end','left_sidebar_start','before_left_sidebar_end','right_sidebar_start','before_right_sidebar_end','comment','guestbook','switch_theme','after_content','before_content','log_write_done','switch_admin_theme','captcha_image') ORDER BY `list_order` ASC [ RunTime:0.000747s ]
[2024-12-09T21:52:10+08:00][sql] CONNECT:[ UseTime:0.000644s ] mysql:host=127.0.0.1;port=3306;dbname=zhibo;charset=utf8mb4
[2024-12-09T21:52:10+08:00][sql] SHOW FULL COLUMNS FROM `cmf_hook` [ RunTime:0.001495s ]
[2024-12-09T21:52:10+08:00][sql] SELECT `hook`,`id` FROM `cmf_hook` WHERE  (  (  `app` = '' OR `app` = 'cmf' )  AND `type` = 3 ) OR `type` = 1 [ RunTime:0.000654s ]
[2024-12-09T21:52:10+08:00][sql] SHOW FULL COLUMNS FROM `cmf_hook_plugin` [ RunTime:0.001257s ]
[2024-12-09T21:52:10+08:00][sql] SELECT `hook`,`plugin` FROM `cmf_hook_plugin` WHERE  `status` = 1  AND `hook` IN ('app_begin','module_init','action_begin','view_filter','app_end','log_write','response_end','admin_init','home_init','send_mobile_verification_code','body_start','before_head_end','footer_start','before_footer','before_footer_end','before_body_end','left_sidebar_start','before_left_sidebar_end','right_sidebar_start','before_right_sidebar_end','comment','guestbook','switch_theme','after_content','before_content','log_write_done','switch_admin_theme','captcha_image') ORDER BY `list_order` ASC [ RunTime:0.000727s ]
[2024-12-09T21:52:12+08:00][sql] CONNECT:[ UseTime:0.000630s ] mysql:host=127.0.0.1;port=3306;dbname=zhibo;charset=utf8mb4
[2024-12-09T21:52:12+08:00][sql] SHOW FULL COLUMNS FROM `cmf_hook` [ RunTime:0.001570s ]
[2024-12-09T21:52:12+08:00][sql] SELECT `hook`,`id` FROM `cmf_hook` WHERE  (  (  `app` = '' OR `app` = 'cmf' )  AND `type` = 3 ) OR `type` = 1 [ RunTime:0.000670s ]
[2024-12-09T21:52:12+08:00][sql] SHOW FULL COLUMNS FROM `cmf_hook_plugin` [ RunTime:0.001336s ]
[2024-12-09T21:52:12+08:00][sql] SELECT `hook`,`plugin` FROM `cmf_hook_plugin` WHERE  `status` = 1  AND `hook` IN ('app_begin','module_init','action_begin','view_filter','app_end','log_write','response_end','admin_init','home_init','send_mobile_verification_code','body_start','before_head_end','footer_start','before_footer','before_footer_end','before_body_end','left_sidebar_start','before_left_sidebar_end','right_sidebar_start','before_right_sidebar_end','comment','guestbook','switch_theme','after_content','before_content','log_write_done','switch_admin_theme','captcha_image') ORDER BY `list_order` ASC [ RunTime:0.000738s ]
[2024-12-09T21:52:12+08:00][sql] CONNECT:[ UseTime:0.000627s ] mysql:host=127.0.0.1;port=3306;dbname=zhibo;charset=utf8mb4
[2024-12-09T21:52:12+08:00][sql] SHOW FULL COLUMNS FROM `cmf_hook` [ RunTime:0.001604s ]
[2024-12-09T21:52:12+08:00][sql] SELECT `hook`,`id` FROM `cmf_hook` WHERE  (  (  `app` = '' OR `app` = 'cmf' )  AND `type` = 3 ) OR `type` = 1 [ RunTime:0.000652s ]
[2024-12-09T21:52:12+08:00][sql] SHOW FULL COLUMNS FROM `cmf_hook_plugin` [ RunTime:0.001331s ]
[2024-12-09T21:52:12+08:00][sql] SELECT `hook`,`plugin` FROM `cmf_hook_plugin` WHERE  `status` = 1  AND `hook` IN ('app_begin','module_init','action_begin','view_filter','app_end','log_write','response_end','admin_init','home_init','send_mobile_verification_code','body_start','before_head_end','footer_start','before_footer','before_footer_end','before_body_end','left_sidebar_start','before_left_sidebar_end','right_sidebar_start','before_right_sidebar_end','comment','guestbook','switch_theme','after_content','before_content','log_write_done','switch_admin_theme','captcha_image') ORDER BY `list_order` ASC [ RunTime:0.000715s ]
[2024-12-09T21:52:14+08:00][sql] CONNECT:[ UseTime:0.000651s ] mysql:host=127.0.0.1;port=3306;dbname=zhibo;charset=utf8mb4
[2024-12-09T21:52:14+08:00][sql] SHOW FULL COLUMNS FROM `cmf_hook` [ RunTime:0.001475s ]
[2024-12-09T21:52:14+08:00][sql] SELECT `hook`,`id` FROM `cmf_hook` WHERE  (  (  `app` = '' OR `app` = 'cmf' )  AND `type` = 3 ) OR `type` = 1 [ RunTime:0.000659s ]
[2024-12-09T21:52:14+08:00][sql] SHOW FULL COLUMNS FROM `cmf_hook_plugin` [ RunTime:0.001274s ]
[2024-12-09T21:52:14+08:00][sql] SELECT `hook`,`plugin` FROM `cmf_hook_plugin` WHERE  `status` = 1  AND `hook` IN ('app_begin','module_init','action_begin','view_filter','app_end','log_write','response_end','admin_init','home_init','send_mobile_verification_code','body_start','before_head_end','footer_start','before_footer','before_footer_end','before_body_end','left_sidebar_start','before_left_sidebar_end','right_sidebar_start','before_right_sidebar_end','comment','guestbook','switch_theme','after_content','before_content','log_write_done','switch_admin_theme','captcha_image') ORDER BY `list_order` ASC [ RunTime:0.000718s ]
[2024-12-09T21:52:14+08:00][sql] CONNECT:[ UseTime:0.000657s ] mysql:host=127.0.0.1;port=3306;dbname=zhibo;charset=utf8mb4
[2024-12-09T21:52:14+08:00][sql] SHOW FULL COLUMNS FROM `cmf_hook` [ RunTime:0.001526s ]
[2024-12-09T21:52:14+08:00][sql] SELECT `hook`,`id` FROM `cmf_hook` WHERE  (  (  `app` = '' OR `app` = 'cmf' )  AND `type` = 3 ) OR `type` = 1 [ RunTime:0.000717s ]
[2024-12-09T21:52:14+08:00][sql] SHOW FULL COLUMNS FROM `cmf_hook_plugin` [ RunTime:0.001265s ]
[2024-12-09T21:52:14+08:00][sql] SELECT `hook`,`plugin` FROM `cmf_hook_plugin` WHERE  `status` = 1  AND `hook` IN ('app_begin','module_init','action_begin','view_filter','app_end','log_write','response_end','admin_init','home_init','send_mobile_verification_code','body_start','before_head_end','footer_start','before_footer','before_footer_end','before_body_end','left_sidebar_start','before_left_sidebar_end','right_sidebar_start','before_right_sidebar_end','comment','guestbook','switch_theme','after_content','before_content','log_write_done','switch_admin_theme','captcha_image') ORDER BY `list_order` ASC [ RunTime:0.000729s ]
[2024-12-09T21:52:16+08:00][sql] CONNECT:[ UseTime:0.000685s ] mysql:host=127.0.0.1;port=3306;dbname=zhibo;charset=utf8mb4
[2024-12-09T21:52:16+08:00][sql] SHOW FULL COLUMNS FROM `cmf_hook` [ RunTime:0.001546s ]
[2024-12-09T21:52:16+08:00][sql] SELECT `hook`,`id` FROM `cmf_hook` WHERE  (  (  `app` = '' OR `app` = 'cmf' )  AND `type` = 3 ) OR `type` = 1 [ RunTime:0.000623s ]
[2024-12-09T21:52:16+08:00][sql] SHOW FULL COLUMNS FROM `cmf_hook_plugin` [ RunTime:0.001288s ]
[2024-12-09T21:52:16+08:00][sql] SELECT `hook`,`plugin` FROM `cmf_hook_plugin` WHERE  `status` = 1  AND `hook` IN ('app_begin','module_init','action_begin','view_filter','app_end','log_write','response_end','admin_init','home_init','send_mobile_verification_code','body_start','before_head_end','footer_start','before_footer','before_footer_end','before_body_end','left_sidebar_start','before_left_sidebar_end','right_sidebar_start','before_right_sidebar_end','comment','guestbook','switch_theme','after_content','before_content','log_write_done','switch_admin_theme','captcha_image') ORDER BY `list_order` ASC [ RunTime:0.000695s ]
[2024-12-09T21:52:16+08:00][sql] CONNECT:[ UseTime:0.000676s ] mysql:host=127.0.0.1;port=3306;dbname=zhibo;charset=utf8mb4
[2024-12-09T21:52:16+08:00][sql] SHOW FULL COLUMNS FROM `cmf_hook` [ RunTime:0.001600s ]
[2024-12-09T21:52:16+08:00][sql] SELECT `hook`,`id` FROM `cmf_hook` WHERE  (  (  `app` = '' OR `app` = 'cmf' )  AND `type` = 3 ) OR `type` = 1 [ RunTime:0.000674s ]
[2024-12-09T21:52:16+08:00][sql] SHOW FULL COLUMNS FROM `cmf_hook_plugin` [ RunTime:0.001317s ]
[2024-12-09T21:52:16+08:00][sql] SELECT `hook`,`plugin` FROM `cmf_hook_plugin` WHERE  `status` = 1  AND `hook` IN ('app_begin','module_init','action_begin','view_filter','app_end','log_write','response_end','admin_init','home_init','send_mobile_verification_code','body_start','before_head_end','footer_start','before_footer','before_footer_end','before_body_end','left_sidebar_start','before_left_sidebar_end','right_sidebar_start','before_right_sidebar_end','comment','guestbook','switch_theme','after_content','before_content','log_write_done','switch_admin_theme','captcha_image') ORDER BY `list_order` ASC [ RunTime:0.000731s ]
[2024-12-09T21:52:18+08:00][sql] CONNECT:[ UseTime:0.000636s ] mysql:host=127.0.0.1;port=3306;dbname=zhibo;charset=utf8mb4
[2024-12-09T21:52:18+08:00][sql] SHOW FULL COLUMNS FROM `cmf_hook` [ RunTime:0.001532s ]
[2024-12-09T21:52:18+08:00][sql] SELECT `hook`,`id` FROM `cmf_hook` WHERE  (  (  `app` = '' OR `app` = 'cmf' )  AND `type` = 3 ) OR `type` = 1 [ RunTime:0.000695s ]
[2024-12-09T21:52:18+08:00][sql] SHOW FULL COLUMNS FROM `cmf_hook_plugin` [ RunTime:0.001280s ]
[2024-12-09T21:52:18+08:00][sql] SELECT `hook`,`plugin` FROM `cmf_hook_plugin` WHERE  `status` = 1  AND `hook` IN ('app_begin','module_init','action_begin','view_filter','app_end','log_write','response_end','admin_init','home_init','send_mobile_verification_code','body_start','before_head_end','footer_start','before_footer','before_footer_end','before_body_end','left_sidebar_start','before_left_sidebar_end','right_sidebar_start','before_right_sidebar_end','comment','guestbook','switch_theme','after_content','before_content','log_write_done','switch_admin_theme','captcha_image') ORDER BY `list_order` ASC [ RunTime:0.000727s ]
[2024-12-09T21:52:21+08:00][sql] CONNECT:[ UseTime:0.000677s ] mysql:host=127.0.0.1;port=3306;dbname=zhibo;charset=utf8mb4
[2024-12-09T21:52:21+08:00][sql] SHOW FULL COLUMNS FROM `cmf_hook` [ RunTime:0.001671s ]
[2024-12-09T21:52:21+08:00][sql] SELECT `hook`,`id` FROM `cmf_hook` WHERE  (  (  `app` = '' OR `app` = 'cmf' )  AND `type` = 3 ) OR `type` = 1 [ RunTime:0.000678s ]
[2024-12-09T21:52:21+08:00][sql] SHOW FULL COLUMNS FROM `cmf_hook_plugin` [ RunTime:0.001474s ]
[2024-12-09T21:52:21+08:00][sql] SELECT `hook`,`plugin` FROM `cmf_hook_plugin` WHERE  `status` = 1  AND `hook` IN ('app_begin','module_init','action_begin','view_filter','app_end','log_write','response_end','admin_init','home_init','send_mobile_verification_code','body_start','before_head_end','footer_start','before_footer','before_footer_end','before_body_end','left_sidebar_start','before_left_sidebar_end','right_sidebar_start','before_right_sidebar_end','comment','guestbook','switch_theme','after_content','before_content','log_write_done','switch_admin_theme','captcha_image') ORDER BY `list_order` ASC [ RunTime:0.000765s ]
[2024-12-09T21:52:21+08:00][sql] CONNECT:[ UseTime:0.000647s ] mysql:host=127.0.0.1;port=3306;dbname=zhibo;charset=utf8mb4
[2024-12-09T21:52:21+08:00][sql] SHOW FULL COLUMNS FROM `cmf_hook` [ RunTime:0.001548s ]
[2024-12-09T21:52:21+08:00][sql] SELECT `hook`,`id` FROM `cmf_hook` WHERE  (  (  `app` = '' OR `app` = 'cmf' )  AND `type` = 3 ) OR `type` = 1 [ RunTime:0.000671s ]
[2024-12-09T21:52:21+08:00][sql] SHOW FULL COLUMNS FROM `cmf_hook_plugin` [ RunTime:0.001272s ]
[2024-12-09T21:52:21+08:00][sql] SELECT `hook`,`plugin` FROM `cmf_hook_plugin` WHERE  `status` = 1  AND `hook` IN ('app_begin','module_init','action_begin','view_filter','app_end','log_write','response_end','admin_init','home_init','send_mobile_verification_code','body_start','before_head_end','footer_start','before_footer','before_footer_end','before_body_end','left_sidebar_start','before_left_sidebar_end','right_sidebar_start','before_right_sidebar_end','comment','guestbook','switch_theme','after_content','before_content','log_write_done','switch_admin_theme','captcha_image') ORDER BY `list_order` ASC [ RunTime:0.000705s ]
[2024-12-09T21:52:23+08:00][sql] CONNECT:[ UseTime:0.000687s ] mysql:host=127.0.0.1;port=3306;dbname=zhibo;charset=utf8mb4
[2024-12-09T21:52:23+08:00][sql] SHOW FULL COLUMNS FROM `cmf_hook` [ RunTime:0.001542s ]
[2024-12-09T21:52:23+08:00][sql] SELECT `hook`,`id` FROM `cmf_hook` WHERE  (  (  `app` = '' OR `app` = 'cmf' )  AND `type` = 3 ) OR `type` = 1 [ RunTime:0.000710s ]
[2024-12-09T21:52:23+08:00][sql] SHOW FULL COLUMNS FROM `cmf_hook_plugin` [ RunTime:0.001321s ]
[2024-12-09T21:52:23+08:00][sql] SELECT `hook`,`plugin` FROM `cmf_hook_plugin` WHERE  `status` = 1  AND `hook` IN ('app_begin','module_init','action_begin','view_filter','app_end','log_write','response_end','admin_init','home_init','send_mobile_verification_code','body_start','before_head_end','footer_start','before_footer','before_footer_end','before_body_end','left_sidebar_start','before_left_sidebar_end','right_sidebar_start','before_right_sidebar_end','comment','guestbook','switch_theme','after_content','before_content','log_write_done','switch_admin_theme','captcha_image') ORDER BY `list_order` ASC [ RunTime:0.000758s ]
[2024-12-09T21:52:25+08:00][sql] CONNECT:[ UseTime:0.000605s ] mysql:host=127.0.0.1;port=3306;dbname=zhibo;charset=utf8mb4
[2024-12-09T21:52:25+08:00][sql] SHOW FULL COLUMNS FROM `cmf_hook` [ RunTime:0.001486s ]
[2024-12-09T21:52:25+08:00][sql] SELECT `hook`,`id` FROM `cmf_hook` WHERE  (  (  `app` = '' OR `app` = 'cmf' )  AND `type` = 3 ) OR `type` = 1 [ RunTime:0.000648s ]
[2024-12-09T21:52:25+08:00][sql] SHOW FULL COLUMNS FROM `cmf_hook_plugin` [ RunTime:0.001208s ]
[2024-12-09T21:52:25+08:00][sql] SELECT `hook`,`plugin` FROM `cmf_hook_plugin` WHERE  `status` = 1  AND `hook` IN ('app_begin','module_init','action_begin','view_filter','app_end','log_write','response_end','admin_init','home_init','send_mobile_verification_code','body_start','before_head_end','footer_start','before_footer','before_footer_end','before_body_end','left_sidebar_start','before_left_sidebar_end','right_sidebar_start','before_right_sidebar_end','comment','guestbook','switch_theme','after_content','before_content','log_write_done','switch_admin_theme','captcha_image') ORDER BY `list_order` ASC [ RunTime:0.000673s ]
[2024-12-09T21:52:25+08:00][sql] CONNECT:[ UseTime:0.000659s ] mysql:host=127.0.0.1;port=3306;dbname=zhibo;charset=utf8mb4
[2024-12-09T21:52:25+08:00][sql] SHOW FULL COLUMNS FROM `cmf_hook` [ RunTime:0.001549s ]
[2024-12-09T21:52:25+08:00][sql] SELECT `hook`,`id` FROM `cmf_hook` WHERE  (  (  `app` = '' OR `app` = 'cmf' )  AND `type` = 3 ) OR `type` = 1 [ RunTime:0.000653s ]
[2024-12-09T21:52:25+08:00][sql] SHOW FULL COLUMNS FROM `cmf_hook_plugin` [ RunTime:0.001324s ]
[2024-12-09T21:52:25+08:00][sql] SELECT `hook`,`plugin` FROM `cmf_hook_plugin` WHERE  `status` = 1  AND `hook` IN ('app_begin','module_init','action_begin','view_filter','app_end','log_write','response_end','admin_init','home_init','send_mobile_verification_code','body_start','before_head_end','footer_start','before_footer','before_footer_end','before_body_end','left_sidebar_start','before_left_sidebar_end','right_sidebar_start','before_right_sidebar_end','comment','guestbook','switch_theme','after_content','before_content','log_write_done','switch_admin_theme','captcha_image') ORDER BY `list_order` ASC [ RunTime:0.000708s ]
[2024-12-09T21:52:27+08:00][sql] CONNECT:[ UseTime:0.000630s ] mysql:host=127.0.0.1;port=3306;dbname=zhibo;charset=utf8mb4
[2024-12-09T21:52:27+08:00][sql] SHOW FULL COLUMNS FROM `cmf_hook` [ RunTime:0.001526s ]
[2024-12-09T21:52:27+08:00][sql] SELECT `hook`,`id` FROM `cmf_hook` WHERE  (  (  `app` = '' OR `app` = 'cmf' )  AND `type` = 3 ) OR `type` = 1 [ RunTime:0.000694s ]
[2024-12-09T21:52:27+08:00][sql] SHOW FULL COLUMNS FROM `cmf_hook_plugin` [ RunTime:0.001328s ]
[2024-12-09T21:52:27+08:00][sql] SELECT `hook`,`plugin` FROM `cmf_hook_plugin` WHERE  `status` = 1  AND `hook` IN ('app_begin','module_init','action_begin','view_filter','app_end','log_write','response_end','admin_init','home_init','send_mobile_verification_code','body_start','before_head_end','footer_start','before_footer','before_footer_end','before_body_end','left_sidebar_start','before_left_sidebar_end','right_sidebar_start','before_right_sidebar_end','comment','guestbook','switch_theme','after_content','before_content','log_write_done','switch_admin_theme','captcha_image') ORDER BY `list_order` ASC [ RunTime:0.000723s ]
[2024-12-09T21:52:27+08:00][sql] CONNECT:[ UseTime:0.000671s ] mysql:host=127.0.0.1;port=3306;dbname=zhibo;charset=utf8mb4
[2024-12-09T21:52:27+08:00][sql] SHOW FULL COLUMNS FROM `cmf_hook` [ RunTime:0.001510s ]
[2024-12-09T21:52:27+08:00][sql] SELECT `hook`,`id` FROM `cmf_hook` WHERE  (  (  `app` = '' OR `app` = 'cmf' )  AND `type` = 3 ) OR `type` = 1 [ RunTime:0.000641s ]
[2024-12-09T21:52:27+08:00][sql] SHOW FULL COLUMNS FROM `cmf_hook_plugin` [ RunTime:0.001255s ]
[2024-12-09T21:52:27+08:00][sql] SELECT `hook`,`plugin` FROM `cmf_hook_plugin` WHERE  `status` = 1  AND `hook` IN ('app_begin','module_init','action_begin','view_filter','app_end','log_write','response_end','admin_init','home_init','send_mobile_verification_code','body_start','before_head_end','footer_start','before_footer','before_footer_end','before_body_end','left_sidebar_start','before_left_sidebar_end','right_sidebar_start','before_right_sidebar_end','comment','guestbook','switch_theme','after_content','before_content','log_write_done','switch_admin_theme','captcha_image') ORDER BY `list_order` ASC [ RunTime:0.000703s ]
[2024-12-09T21:52:29+08:00][sql] CONNECT:[ UseTime:0.000684s ] mysql:host=127.0.0.1;port=3306;dbname=zhibo;charset=utf8mb4
[2024-12-09T21:52:29+08:00][sql] SHOW FULL COLUMNS FROM `cmf_hook` [ RunTime:0.001605s ]
[2024-12-09T21:52:29+08:00][sql] SELECT `hook`,`id` FROM `cmf_hook` WHERE  (  (  `app` = '' OR `app` = 'cmf' )  AND `type` = 3 ) OR `type` = 1 [ RunTime:0.000683s ]
[2024-12-09T21:52:29+08:00][sql] SHOW FULL COLUMNS FROM `cmf_hook_plugin` [ RunTime:0.001306s ]
[2024-12-09T21:52:29+08:00][sql] SELECT `hook`,`plugin` FROM `cmf_hook_plugin` WHERE  `status` = 1  AND `hook` IN ('app_begin','module_init','action_begin','view_filter','app_end','log_write','response_end','admin_init','home_init','send_mobile_verification_code','body_start','before_head_end','footer_start','before_footer','before_footer_end','before_body_end','left_sidebar_start','before_left_sidebar_end','right_sidebar_start','before_right_sidebar_end','comment','guestbook','switch_theme','after_content','before_content','log_write_done','switch_admin_theme','captcha_image') ORDER BY `list_order` ASC [ RunTime:0.000701s ]
[2024-12-09T21:52:29+08:00][sql] CONNECT:[ UseTime:0.000680s ] mysql:host=127.0.0.1;port=3306;dbname=zhibo;charset=utf8mb4
[2024-12-09T21:52:29+08:00][sql] SHOW FULL COLUMNS FROM `cmf_hook` [ RunTime:0.001551s ]
[2024-12-09T21:52:29+08:00][sql] SELECT `hook`,`id` FROM `cmf_hook` WHERE  (  (  `app` = '' OR `app` = 'cmf' )  AND `type` = 3 ) OR `type` = 1 [ RunTime:0.000630s ]
[2024-12-09T21:52:29+08:00][sql] SHOW FULL COLUMNS FROM `cmf_hook_plugin` [ RunTime:0.001277s ]
[2024-12-09T21:52:29+08:00][sql] SELECT `hook`,`plugin` FROM `cmf_hook_plugin` WHERE  `status` = 1  AND `hook` IN ('app_begin','module_init','action_begin','view_filter','app_end','log_write','response_end','admin_init','home_init','send_mobile_verification_code','body_start','before_head_end','footer_start','before_footer','before_footer_end','before_body_end','left_sidebar_start','before_left_sidebar_end','right_sidebar_start','before_right_sidebar_end','comment','guestbook','switch_theme','after_content','before_content','log_write_done','switch_admin_theme','captcha_image') ORDER BY `list_order` ASC [ RunTime:0.000701s ]
[2024-12-09T21:52:31+08:00][sql] CONNECT:[ UseTime:0.000604s ] mysql:host=127.0.0.1;port=3306;dbname=zhibo;charset=utf8mb4
[2024-12-09T21:52:31+08:00][sql] SHOW FULL COLUMNS FROM `cmf_hook` [ RunTime:0.001620s ]
[2024-12-09T21:52:31+08:00][sql] SELECT `hook`,`id` FROM `cmf_hook` WHERE  (  (  `app` = '' OR `app` = 'cmf' )  AND `type` = 3 ) OR `type` = 1 [ RunTime:0.000658s ]
[2024-12-09T21:52:31+08:00][sql] SHOW FULL COLUMNS FROM `cmf_hook_plugin` [ RunTime:0.001265s ]
[2024-12-09T21:52:31+08:00][sql] SELECT `hook`,`plugin` FROM `cmf_hook_plugin` WHERE  `status` = 1  AND `hook` IN ('app_begin','module_init','action_begin','view_filter','app_end','log_write','response_end','admin_init','home_init','send_mobile_verification_code','body_start','before_head_end','footer_start','before_footer','before_footer_end','before_body_end','left_sidebar_start','before_left_sidebar_end','right_sidebar_start','before_right_sidebar_end','comment','guestbook','switch_theme','after_content','before_content','log_write_done','switch_admin_theme','captcha_image') ORDER BY `list_order` ASC [ RunTime:0.000700s ]
[2024-12-09T21:52:31+08:00][sql] CONNECT:[ UseTime:0.000646s ] mysql:host=127.0.0.1;port=3306;dbname=zhibo;charset=utf8mb4
[2024-12-09T21:52:31+08:00][sql] SHOW FULL COLUMNS FROM `cmf_hook` [ RunTime:0.001545s ]
[2024-12-09T21:52:31+08:00][sql] SELECT `hook`,`id` FROM `cmf_hook` WHERE  (  (  `app` = '' OR `app` = 'cmf' )  AND `type` = 3 ) OR `type` = 1 [ RunTime:0.000715s ]
[2024-12-09T21:52:31+08:00][sql] SHOW FULL COLUMNS FROM `cmf_hook_plugin` [ RunTime:0.001349s ]
[2024-12-09T21:52:31+08:00][sql] SELECT `hook`,`plugin` FROM `cmf_hook_plugin` WHERE  `status` = 1  AND `hook` IN ('app_begin','module_init','action_begin','view_filter','app_end','log_write','response_end','admin_init','home_init','send_mobile_verification_code','body_start','before_head_end','footer_start','before_footer','before_footer_end','before_body_end','left_sidebar_start','before_left_sidebar_end','right_sidebar_start','before_right_sidebar_end','comment','guestbook','switch_theme','after_content','before_content','log_write_done','switch_admin_theme','captcha_image') ORDER BY `list_order` ASC [ RunTime:0.000749s ]
[2024-12-09T21:52:33+08:00][sql] CONNECT:[ UseTime:0.000608s ] mysql:host=127.0.0.1;port=3306;dbname=zhibo;charset=utf8mb4
[2024-12-09T21:52:33+08:00][sql] SHOW FULL COLUMNS FROM `cmf_hook` [ RunTime:0.001526s ]
[2024-12-09T21:52:33+08:00][sql] SELECT `hook`,`id` FROM `cmf_hook` WHERE  (  (  `app` = '' OR `app` = 'cmf' )  AND `type` = 3 ) OR `type` = 1 [ RunTime:0.000644s ]
[2024-12-09T21:52:33+08:00][sql] SHOW FULL COLUMNS FROM `cmf_hook_plugin` [ RunTime:0.001339s ]
[2024-12-09T21:52:33+08:00][sql] SELECT `hook`,`plugin` FROM `cmf_hook_plugin` WHERE  `status` = 1  AND `hook` IN ('app_begin','module_init','action_begin','view_filter','app_end','log_write','response_end','admin_init','home_init','send_mobile_verification_code','body_start','before_head_end','footer_start','before_footer','before_footer_end','before_body_end','left_sidebar_start','before_left_sidebar_end','right_sidebar_start','before_right_sidebar_end','comment','guestbook','switch_theme','after_content','before_content','log_write_done','switch_admin_theme','captcha_image') ORDER BY `list_order` ASC [ RunTime:0.000708s ]
[2024-12-09T21:52:33+08:00][sql] CONNECT:[ UseTime:0.000654s ] mysql:host=127.0.0.1;port=3306;dbname=zhibo;charset=utf8mb4
[2024-12-09T21:52:33+08:00][sql] SHOW FULL COLUMNS FROM `cmf_hook` [ RunTime:0.001544s ]
[2024-12-09T21:52:33+08:00][sql] SELECT `hook`,`id` FROM `cmf_hook` WHERE  (  (  `app` = '' OR `app` = 'cmf' )  AND `type` = 3 ) OR `type` = 1 [ RunTime:0.000662s ]
[2024-12-09T21:52:33+08:00][sql] SHOW FULL COLUMNS FROM `cmf_hook_plugin` [ RunTime:0.001307s ]
[2024-12-09T21:52:33+08:00][sql] SELECT `hook`,`plugin` FROM `cmf_hook_plugin` WHERE  `status` = 1  AND `hook` IN ('app_begin','module_init','action_begin','view_filter','app_end','log_write','response_end','admin_init','home_init','send_mobile_verification_code','body_start','before_head_end','footer_start','before_footer','before_footer_end','before_body_end','left_sidebar_start','before_left_sidebar_end','right_sidebar_start','before_right_sidebar_end','comment','guestbook','switch_theme','after_content','before_content','log_write_done','switch_admin_theme','captcha_image') ORDER BY `list_order` ASC [ RunTime:0.000749s ]
[2024-12-09T21:52:35+08:00][sql] CONNECT:[ UseTime:0.000663s ] mysql:host=127.0.0.1;port=3306;dbname=zhibo;charset=utf8mb4
[2024-12-09T21:52:35+08:00][sql] SHOW FULL COLUMNS FROM `cmf_hook` [ RunTime:0.001554s ]
[2024-12-09T21:52:35+08:00][sql] SELECT `hook`,`id` FROM `cmf_hook` WHERE  (  (  `app` = '' OR `app` = 'cmf' )  AND `type` = 3 ) OR `type` = 1 [ RunTime:0.000698s ]
[2024-12-09T21:52:35+08:00][sql] SHOW FULL COLUMNS FROM `cmf_hook_plugin` [ RunTime:0.001313s ]
[2024-12-09T21:52:35+08:00][sql] SELECT `hook`,`plugin` FROM `cmf_hook_plugin` WHERE  `status` = 1  AND `hook` IN ('app_begin','module_init','action_begin','view_filter','app_end','log_write','response_end','admin_init','home_init','send_mobile_verification_code','body_start','before_head_end','footer_start','before_footer','before_footer_end','before_body_end','left_sidebar_start','before_left_sidebar_end','right_sidebar_start','before_right_sidebar_end','comment','guestbook','switch_theme','after_content','before_content','log_write_done','switch_admin_theme','captcha_image') ORDER BY `list_order` ASC [ RunTime:0.000788s ]
[2024-12-09T21:52:35+08:00][sql] CONNECT:[ UseTime:0.000620s ] mysql:host=127.0.0.1;port=3306;dbname=zhibo;charset=utf8mb4
[2024-12-09T21:52:35+08:00][sql] SHOW FULL COLUMNS FROM `cmf_hook` [ RunTime:0.001537s ]
[2024-12-09T21:52:35+08:00][sql] SELECT `hook`,`id` FROM `cmf_hook` WHERE  (  (  `app` = '' OR `app` = 'cmf' )  AND `type` = 3 ) OR `type` = 1 [ RunTime:0.000652s ]
[2024-12-09T21:52:35+08:00][sql] SHOW FULL COLUMNS FROM `cmf_hook_plugin` [ RunTime:0.001259s ]
[2024-12-09T21:52:35+08:00][sql] SELECT `hook`,`plugin` FROM `cmf_hook_plugin` WHERE  `status` = 1  AND `hook` IN ('app_begin','module_init','action_begin','view_filter','app_end','log_write','response_end','admin_init','home_init','send_mobile_verification_code','body_start','before_head_end','footer_start','before_footer','before_footer_end','before_body_end','left_sidebar_start','before_left_sidebar_end','right_sidebar_start','before_right_sidebar_end','comment','guestbook','switch_theme','after_content','before_content','log_write_done','switch_admin_theme','captcha_image') ORDER BY `list_order` ASC [ RunTime:0.000713s ]
[2024-12-09T21:52:37+08:00][sql] CONNECT:[ UseTime:0.000612s ] mysql:host=127.0.0.1;port=3306;dbname=zhibo;charset=utf8mb4
[2024-12-09T21:52:37+08:00][sql] SHOW FULL COLUMNS FROM `cmf_hook` [ RunTime:0.001509s ]
[2024-12-09T21:52:37+08:00][sql] SELECT `hook`,`id` FROM `cmf_hook` WHERE  (  (  `app` = '' OR `app` = 'cmf' )  AND `type` = 3 ) OR `type` = 1 [ RunTime:0.000604s ]
[2024-12-09T21:52:37+08:00][sql] SHOW FULL COLUMNS FROM `cmf_hook_plugin` [ RunTime:0.001278s ]
[2024-12-09T21:52:37+08:00][sql] SELECT `hook`,`plugin` FROM `cmf_hook_plugin` WHERE  `status` = 1  AND `hook` IN ('app_begin','module_init','action_begin','view_filter','app_end','log_write','response_end','admin_init','home_init','send_mobile_verification_code','body_start','before_head_end','footer_start','before_footer','before_footer_end','before_body_end','left_sidebar_start','before_left_sidebar_end','right_sidebar_start','before_right_sidebar_end','comment','guestbook','switch_theme','after_content','before_content','log_write_done','switch_admin_theme','captcha_image') ORDER BY `list_order` ASC [ RunTime:0.000673s ]
[2024-12-09T21:52:39+08:00][sql] CONNECT:[ UseTime:0.000635s ] mysql:host=127.0.0.1;port=3306;dbname=zhibo;charset=utf8mb4
[2024-12-09T21:52:39+08:00][sql] SHOW FULL COLUMNS FROM `cmf_hook` [ RunTime:0.001500s ]
[2024-12-09T21:52:39+08:00][sql] SELECT `hook`,`id` FROM `cmf_hook` WHERE  (  (  `app` = '' OR `app` = 'cmf' )  AND `type` = 3 ) OR `type` = 1 [ RunTime:0.000664s ]
[2024-12-09T21:52:39+08:00][sql] SHOW FULL COLUMNS FROM `cmf_hook_plugin` [ RunTime:0.001323s ]
[2024-12-09T21:52:39+08:00][sql] SELECT `hook`,`plugin` FROM `cmf_hook_plugin` WHERE  `status` = 1  AND `hook` IN ('app_begin','module_init','action_begin','view_filter','app_end','log_write','response_end','admin_init','home_init','send_mobile_verification_code','body_start','before_head_end','footer_start','before_footer','before_footer_end','before_body_end','left_sidebar_start','before_left_sidebar_end','right_sidebar_start','before_right_sidebar_end','comment','guestbook','switch_theme','after_content','before_content','log_write_done','switch_admin_theme','captcha_image') ORDER BY `list_order` ASC [ RunTime:0.000724s ]
[2024-12-09T21:52:39+08:00][sql] CONNECT:[ UseTime:0.000681s ] mysql:host=127.0.0.1;port=3306;dbname=zhibo;charset=utf8mb4
[2024-12-09T21:52:39+08:00][sql] SHOW FULL COLUMNS FROM `cmf_hook` [ RunTime:0.001636s ]
[2024-12-09T21:52:39+08:00][sql] SELECT `hook`,`id` FROM `cmf_hook` WHERE  (  (  `app` = '' OR `app` = 'cmf' )  AND `type` = 3 ) OR `type` = 1 [ RunTime:0.000726s ]
[2024-12-09T21:52:39+08:00][sql] SHOW FULL COLUMNS FROM `cmf_hook_plugin` [ RunTime:0.001332s ]
[2024-12-09T21:52:39+08:00][sql] SELECT `hook`,`plugin` FROM `cmf_hook_plugin` WHERE  `status` = 1  AND `hook` IN ('app_begin','module_init','action_begin','view_filter','app_end','log_write','response_end','admin_init','home_init','send_mobile_verification_code','body_start','before_head_end','footer_start','before_footer','before_footer_end','before_body_end','left_sidebar_start','before_left_sidebar_end','right_sidebar_start','before_right_sidebar_end','comment','guestbook','switch_theme','after_content','before_content','log_write_done','switch_admin_theme','captcha_image') ORDER BY `list_order` ASC [ RunTime:0.000752s ]
[2024-12-09T21:52:42+08:00][sql] CONNECT:[ UseTime:0.000645s ] mysql:host=127.0.0.1;port=3306;dbname=zhibo;charset=utf8mb4
[2024-12-09T21:52:42+08:00][sql] SHOW FULL COLUMNS FROM `cmf_hook` [ RunTime:0.001516s ]
[2024-12-09T21:52:42+08:00][sql] SELECT `hook`,`id` FROM `cmf_hook` WHERE  (  (  `app` = '' OR `app` = 'cmf' )  AND `type` = 3 ) OR `type` = 1 [ RunTime:0.000638s ]
[2024-12-09T21:52:42+08:00][sql] SHOW FULL COLUMNS FROM `cmf_hook_plugin` [ RunTime:0.001251s ]
[2024-12-09T21:52:42+08:00][sql] SELECT `hook`,`plugin` FROM `cmf_hook_plugin` WHERE  `status` = 1  AND `hook` IN ('app_begin','module_init','action_begin','view_filter','app_end','log_write','response_end','admin_init','home_init','send_mobile_verification_code','body_start','before_head_end','footer_start','before_footer','before_footer_end','before_body_end','left_sidebar_start','before_left_sidebar_end','right_sidebar_start','before_right_sidebar_end','comment','guestbook','switch_theme','after_content','before_content','log_write_done','switch_admin_theme','captcha_image') ORDER BY `list_order` ASC [ RunTime:0.000703s ]
[2024-12-09T21:52:42+08:00][sql] CONNECT:[ UseTime:0.000646s ] mysql:host=127.0.0.1;port=3306;dbname=zhibo;charset=utf8mb4
[2024-12-09T21:52:42+08:00][sql] SHOW FULL COLUMNS FROM `cmf_hook` [ RunTime:0.001492s ]
[2024-12-09T21:52:42+08:00][sql] SELECT `hook`,`id` FROM `cmf_hook` WHERE  (  (  `app` = '' OR `app` = 'cmf' )  AND `type` = 3 ) OR `type` = 1 [ RunTime:0.000664s ]
[2024-12-09T21:52:42+08:00][sql] SHOW FULL COLUMNS FROM `cmf_hook_plugin` [ RunTime:0.001282s ]
[2024-12-09T21:52:42+08:00][sql] SELECT `hook`,`plugin` FROM `cmf_hook_plugin` WHERE  `status` = 1  AND `hook` IN ('app_begin','module_init','action_begin','view_filter','app_end','log_write','response_end','admin_init','home_init','send_mobile_verification_code','body_start','before_head_end','footer_start','before_footer','before_footer_end','before_body_end','left_sidebar_start','before_left_sidebar_end','right_sidebar_start','before_right_sidebar_end','comment','guestbook','switch_theme','after_content','before_content','log_write_done','switch_admin_theme','captcha_image') ORDER BY `list_order` ASC [ RunTime:0.000739s ]
[2024-12-09T21:52:43+08:00][sql] CONNECT:[ UseTime:0.000642s ] mysql:host=127.0.0.1;port=3306;dbname=zhibo;charset=utf8mb4
[2024-12-09T21:52:43+08:00][sql] SHOW FULL COLUMNS FROM `cmf_hook` [ RunTime:0.001491s ]
[2024-12-09T21:52:43+08:00][sql] SELECT `hook`,`id` FROM `cmf_hook` WHERE  (  (  `app` = '' OR `app` = 'cmf' )  AND `type` = 3 ) OR `type` = 1 [ RunTime:0.000641s ]
[2024-12-09T21:52:43+08:00][sql] SHOW FULL COLUMNS FROM `cmf_hook_plugin` [ RunTime:0.001222s ]
[2024-12-09T21:52:43+08:00][sql] SELECT `hook`,`plugin` FROM `cmf_hook_plugin` WHERE  `status` = 1  AND `hook` IN ('app_begin','module_init','action_begin','view_filter','app_end','log_write','response_end','admin_init','home_init','send_mobile_verification_code','body_start','before_head_end','footer_start','before_footer','before_footer_end','before_body_end','left_sidebar_start','before_left_sidebar_end','right_sidebar_start','before_right_sidebar_end','comment','guestbook','switch_theme','after_content','before_content','log_write_done','switch_admin_theme','captcha_image') ORDER BY `list_order` ASC [ RunTime:0.000699s ]
[2024-12-09T21:52:44+08:00][sql] CONNECT:[ UseTime:0.000646s ] mysql:host=127.0.0.1;port=3306;dbname=zhibo;charset=utf8mb4
[2024-12-09T21:52:44+08:00][sql] SHOW FULL COLUMNS FROM `cmf_hook` [ RunTime:0.001671s ]
[2024-12-09T21:52:44+08:00][sql] SELECT `hook`,`id` FROM `cmf_hook` WHERE  (  (  `app` = '' OR `app` = 'cmf' )  AND `type` = 3 ) OR `type` = 1 [ RunTime:0.000692s ]
[2024-12-09T21:52:44+08:00][sql] SHOW FULL COLUMNS FROM `cmf_hook_plugin` [ RunTime:0.001300s ]
[2024-12-09T21:52:44+08:00][sql] SELECT `hook`,`plugin` FROM `cmf_hook_plugin` WHERE  `status` = 1  AND `hook` IN ('app_begin','module_init','action_begin','view_filter','app_end','log_write','response_end','admin_init','home_init','send_mobile_verification_code','body_start','before_head_end','footer_start','before_footer','before_footer_end','before_body_end','left_sidebar_start','before_left_sidebar_end','right_sidebar_start','before_right_sidebar_end','comment','guestbook','switch_theme','after_content','before_content','log_write_done','switch_admin_theme','captcha_image') ORDER BY `list_order` ASC [ RunTime:0.000757s ]
[2024-12-09T21:52:46+08:00][sql] CONNECT:[ UseTime:0.000609s ] mysql:host=127.0.0.1;port=3306;dbname=zhibo;charset=utf8mb4
[2024-12-09T21:52:46+08:00][sql] SHOW FULL COLUMNS FROM `cmf_hook` [ RunTime:0.001515s ]
[2024-12-09T21:52:46+08:00][sql] SELECT `hook`,`id` FROM `cmf_hook` WHERE  (  (  `app` = '' OR `app` = 'cmf' )  AND `type` = 3 ) OR `type` = 1 [ RunTime:0.000623s ]
[2024-12-09T21:52:46+08:00][sql] SHOW FULL COLUMNS FROM `cmf_hook_plugin` [ RunTime:0.001258s ]
[2024-12-09T21:52:46+08:00][sql] SELECT `hook`,`plugin` FROM `cmf_hook_plugin` WHERE  `status` = 1  AND `hook` IN ('app_begin','module_init','action_begin','view_filter','app_end','log_write','response_end','admin_init','home_init','send_mobile_verification_code','body_start','before_head_end','footer_start','before_footer','before_footer_end','before_body_end','left_sidebar_start','before_left_sidebar_end','right_sidebar_start','before_right_sidebar_end','comment','guestbook','switch_theme','after_content','before_content','log_write_done','switch_admin_theme','captcha_image') ORDER BY `list_order` ASC [ RunTime:0.000715s ]
[2024-12-09T21:52:46+08:00][sql] CONNECT:[ UseTime:0.000649s ] mysql:host=127.0.0.1;port=3306;dbname=zhibo;charset=utf8mb4
[2024-12-09T21:52:46+08:00][sql] SHOW FULL COLUMNS FROM `cmf_hook` [ RunTime:0.001609s ]
[2024-12-09T21:52:46+08:00][sql] SELECT `hook`,`id` FROM `cmf_hook` WHERE  (  (  `app` = '' OR `app` = 'cmf' )  AND `type` = 3 ) OR `type` = 1 [ RunTime:0.000678s ]
[2024-12-09T21:52:46+08:00][sql] SHOW FULL COLUMNS FROM `cmf_hook_plugin` [ RunTime:0.001338s ]
[2024-12-09T21:52:46+08:00][sql] SELECT `hook`,`plugin` FROM `cmf_hook_plugin` WHERE  `status` = 1  AND `hook` IN ('app_begin','module_init','action_begin','view_filter','app_end','log_write','response_end','admin_init','home_init','send_mobile_verification_code','body_start','before_head_end','footer_start','before_footer','before_footer_end','before_body_end','left_sidebar_start','before_left_sidebar_end','right_sidebar_start','before_right_sidebar_end','comment','guestbook','switch_theme','after_content','before_content','log_write_done','switch_admin_theme','captcha_image') ORDER BY `list_order` ASC [ RunTime:0.000732s ]
[2024-12-09T21:52:48+08:00][sql] CONNECT:[ UseTime:0.000628s ] mysql:host=127.0.0.1;port=3306;dbname=zhibo;charset=utf8mb4
[2024-12-09T21:52:48+08:00][sql] SHOW FULL COLUMNS FROM `cmf_hook` [ RunTime:0.001566s ]
[2024-12-09T21:52:48+08:00][sql] SELECT `hook`,`id` FROM `cmf_hook` WHERE  (  (  `app` = '' OR `app` = 'cmf' )  AND `type` = 3 ) OR `type` = 1 [ RunTime:0.000638s ]
[2024-12-09T21:52:48+08:00][sql] SHOW FULL COLUMNS FROM `cmf_hook_plugin` [ RunTime:0.001338s ]
[2024-12-09T21:52:48+08:00][sql] SELECT `hook`,`plugin` FROM `cmf_hook_plugin` WHERE  `status` = 1  AND `hook` IN ('app_begin','module_init','action_begin','view_filter','app_end','log_write','response_end','admin_init','home_init','send_mobile_verification_code','body_start','before_head_end','footer_start','before_footer','before_footer_end','before_body_end','left_sidebar_start','before_left_sidebar_end','right_sidebar_start','before_right_sidebar_end','comment','guestbook','switch_theme','after_content','before_content','log_write_done','switch_admin_theme','captcha_image') ORDER BY `list_order` ASC [ RunTime:0.000733s ]
[2024-12-09T21:52:48+08:00][sql] CONNECT:[ UseTime:0.000624s ] mysql:host=127.0.0.1;port=3306;dbname=zhibo;charset=utf8mb4
[2024-12-09T21:52:48+08:00][sql] SHOW FULL COLUMNS FROM `cmf_hook` [ RunTime:0.001609s ]
[2024-12-09T21:52:48+08:00][sql] SELECT `hook`,`id` FROM `cmf_hook` WHERE  (  (  `app` = '' OR `app` = 'cmf' )  AND `type` = 3 ) OR `type` = 1 [ RunTime:0.000666s ]
[2024-12-09T21:52:48+08:00][sql] SHOW FULL COLUMNS FROM `cmf_hook_plugin` [ RunTime:0.001325s ]
[2024-12-09T21:52:48+08:00][sql] SELECT `hook`,`plugin` FROM `cmf_hook_plugin` WHERE  `status` = 1  AND `hook` IN ('app_begin','module_init','action_begin','view_filter','app_end','log_write','response_end','admin_init','home_init','send_mobile_verification_code','body_start','before_head_end','footer_start','before_footer','before_footer_end','before_body_end','left_sidebar_start','before_left_sidebar_end','right_sidebar_start','before_right_sidebar_end','comment','guestbook','switch_theme','after_content','before_content','log_write_done','switch_admin_theme','captcha_image') ORDER BY `list_order` ASC [ RunTime:0.000713s ]
[2024-12-09T21:52:50+08:00][sql] CONNECT:[ UseTime:0.000632s ] mysql:host=127.0.0.1;port=3306;dbname=zhibo;charset=utf8mb4
[2024-12-09T21:52:50+08:00][sql] SHOW FULL COLUMNS FROM `cmf_hook` [ RunTime:0.001545s ]
[2024-12-09T21:52:50+08:00][sql] SELECT `hook`,`id` FROM `cmf_hook` WHERE  (  (  `app` = '' OR `app` = 'cmf' )  AND `type` = 3 ) OR `type` = 1 [ RunTime:0.000625s ]
[2024-12-09T21:52:50+08:00][sql] SHOW FULL COLUMNS FROM `cmf_hook_plugin` [ RunTime:0.001271s ]
[2024-12-09T21:52:50+08:00][sql] SELECT `hook`,`plugin` FROM `cmf_hook_plugin` WHERE  `status` = 1  AND `hook` IN ('app_begin','module_init','action_begin','view_filter','app_end','log_write','response_end','admin_init','home_init','send_mobile_verification_code','body_start','before_head_end','footer_start','before_footer','before_footer_end','before_body_end','left_sidebar_start','before_left_sidebar_end','right_sidebar_start','before_right_sidebar_end','comment','guestbook','switch_theme','after_content','before_content','log_write_done','switch_admin_theme','captcha_image') ORDER BY `list_order` ASC [ RunTime:0.000725s ]
[2024-12-09T21:52:50+08:00][sql] CONNECT:[ UseTime:0.000647s ] mysql:host=127.0.0.1;port=3306;dbname=zhibo;charset=utf8mb4
[2024-12-09T21:52:50+08:00][sql] SHOW FULL COLUMNS FROM `cmf_hook` [ RunTime:0.001591s ]
[2024-12-09T21:52:50+08:00][sql] SELECT `hook`,`id` FROM `cmf_hook` WHERE  (  (  `app` = '' OR `app` = 'cmf' )  AND `type` = 3 ) OR `type` = 1 [ RunTime:0.000665s ]
[2024-12-09T21:52:50+08:00][sql] SHOW FULL COLUMNS FROM `cmf_hook_plugin` [ RunTime:0.001313s ]
[2024-12-09T21:52:50+08:00][sql] SELECT `hook`,`plugin` FROM `cmf_hook_plugin` WHERE  `status` = 1  AND `hook` IN ('app_begin','module_init','action_begin','view_filter','app_end','log_write','response_end','admin_init','home_init','send_mobile_verification_code','body_start','before_head_end','footer_start','before_footer','before_footer_end','before_body_end','left_sidebar_start','before_left_sidebar_end','right_sidebar_start','before_right_sidebar_end','comment','guestbook','switch_theme','after_content','before_content','log_write_done','switch_admin_theme','captcha_image') ORDER BY `list_order` ASC [ RunTime:0.000725s ]
[2024-12-09T21:52:52+08:00][sql] CONNECT:[ UseTime:0.000636s ] mysql:host=127.0.0.1;port=3306;dbname=zhibo;charset=utf8mb4
[2024-12-09T21:52:52+08:00][sql] SHOW FULL COLUMNS FROM `cmf_hook` [ RunTime:0.001549s ]
[2024-12-09T21:52:52+08:00][sql] SELECT `hook`,`id` FROM `cmf_hook` WHERE  (  (  `app` = '' OR `app` = 'cmf' )  AND `type` = 3 ) OR `type` = 1 [ RunTime:0.000670s ]
[2024-12-09T21:52:52+08:00][sql] SHOW FULL COLUMNS FROM `cmf_hook_plugin` [ RunTime:0.001291s ]
[2024-12-09T21:52:52+08:00][sql] SELECT `hook`,`plugin` FROM `cmf_hook_plugin` WHERE  `status` = 1  AND `hook` IN ('app_begin','module_init','action_begin','view_filter','app_end','log_write','response_end','admin_init','home_init','send_mobile_verification_code','body_start','before_head_end','footer_start','before_footer','before_footer_end','before_body_end','left_sidebar_start','before_left_sidebar_end','right_sidebar_start','before_right_sidebar_end','comment','guestbook','switch_theme','after_content','before_content','log_write_done','switch_admin_theme','captcha_image') ORDER BY `list_order` ASC [ RunTime:0.000755s ]
[2024-12-09T21:52:52+08:00][sql] CONNECT:[ UseTime:0.000609s ] mysql:host=127.0.0.1;port=3306;dbname=zhibo;charset=utf8mb4
[2024-12-09T21:52:52+08:00][sql] SHOW FULL COLUMNS FROM `cmf_hook` [ RunTime:0.001528s ]
[2024-12-09T21:52:52+08:00][sql] SELECT `hook`,`id` FROM `cmf_hook` WHERE  (  (  `app` = '' OR `app` = 'cmf' )  AND `type` = 3 ) OR `type` = 1 [ RunTime:0.000648s ]
[2024-12-09T21:52:52+08:00][sql] SHOW FULL COLUMNS FROM `cmf_hook_plugin` [ RunTime:0.001298s ]
[2024-12-09T21:52:52+08:00][sql] SELECT `hook`,`plugin` FROM `cmf_hook_plugin` WHERE  `status` = 1  AND `hook` IN ('app_begin','module_init','action_begin','view_filter','app_end','log_write','response_end','admin_init','home_init','send_mobile_verification_code','body_start','before_head_end','footer_start','before_footer','before_footer_end','before_body_end','left_sidebar_start','before_left_sidebar_end','right_sidebar_start','before_right_sidebar_end','comment','guestbook','switch_theme','after_content','before_content','log_write_done','switch_admin_theme','captcha_image') ORDER BY `list_order` ASC [ RunTime:0.000753s ]
[2024-12-09T21:52:54+08:00][sql] CONNECT:[ UseTime:0.000663s ] mysql:host=127.0.0.1;port=3306;dbname=zhibo;charset=utf8mb4
[2024-12-09T21:52:54+08:00][sql] SHOW FULL COLUMNS FROM `cmf_hook` [ RunTime:0.001502s ]
[2024-12-09T21:52:54+08:00][sql] SELECT `hook`,`id` FROM `cmf_hook` WHERE  (  (  `app` = '' OR `app` = 'cmf' )  AND `type` = 3 ) OR `type` = 1 [ RunTime:0.000671s ]
[2024-12-09T21:52:54+08:00][sql] SHOW FULL COLUMNS FROM `cmf_hook_plugin` [ RunTime:0.001329s ]
[2024-12-09T21:52:54+08:00][sql] SELECT `hook`,`plugin` FROM `cmf_hook_plugin` WHERE  `status` = 1  AND `hook` IN ('app_begin','module_init','action_begin','view_filter','app_end','log_write','response_end','admin_init','home_init','send_mobile_verification_code','body_start','before_head_end','footer_start','before_footer','before_footer_end','before_body_end','left_sidebar_start','before_left_sidebar_end','right_sidebar_start','before_right_sidebar_end','comment','guestbook','switch_theme','after_content','before_content','log_write_done','switch_admin_theme','captcha_image') ORDER BY `list_order` ASC [ RunTime:0.000695s ]
[2024-12-09T21:52:54+08:00][sql] CONNECT:[ UseTime:0.000626s ] mysql:host=127.0.0.1;port=3306;dbname=zhibo;charset=utf8mb4
[2024-12-09T21:52:54+08:00][sql] SHOW FULL COLUMNS FROM `cmf_hook` [ RunTime:0.001521s ]
[2024-12-09T21:52:54+08:00][sql] SELECT `hook`,`id` FROM `cmf_hook` WHERE  (  (  `app` = '' OR `app` = 'cmf' )  AND `type` = 3 ) OR `type` = 1 [ RunTime:0.000661s ]
[2024-12-09T21:52:54+08:00][sql] SHOW FULL COLUMNS FROM `cmf_hook_plugin` [ RunTime:0.001248s ]
[2024-12-09T21:52:54+08:00][sql] SELECT `hook`,`plugin` FROM `cmf_hook_plugin` WHERE  `status` = 1  AND `hook` IN ('app_begin','module_init','action_begin','view_filter','app_end','log_write','response_end','admin_init','home_init','send_mobile_verification_code','body_start','before_head_end','footer_start','before_footer','before_footer_end','before_body_end','left_sidebar_start','before_left_sidebar_end','right_sidebar_start','before_right_sidebar_end','comment','guestbook','switch_theme','after_content','before_content','log_write_done','switch_admin_theme','captcha_image') ORDER BY `list_order` ASC [ RunTime:0.000705s ]
[2024-12-09T21:52:56+08:00][sql] CONNECT:[ UseTime:0.000698s ] mysql:host=127.0.0.1;port=3306;dbname=zhibo;charset=utf8mb4
[2024-12-09T21:52:56+08:00][sql] SHOW FULL COLUMNS FROM `cmf_hook` [ RunTime:0.001492s ]
[2024-12-09T21:52:56+08:00][sql] SELECT `hook`,`id` FROM `cmf_hook` WHERE  (  (  `app` = '' OR `app` = 'cmf' )  AND `type` = 3 ) OR `type` = 1 [ RunTime:0.000702s ]
[2024-12-09T21:52:56+08:00][sql] SHOW FULL COLUMNS FROM `cmf_hook_plugin` [ RunTime:0.001277s ]
[2024-12-09T21:52:56+08:00][sql] SELECT `hook`,`plugin` FROM `cmf_hook_plugin` WHERE  `status` = 1  AND `hook` IN ('app_begin','module_init','action_begin','view_filter','app_end','log_write','response_end','admin_init','home_init','send_mobile_verification_code','body_start','before_head_end','footer_start','before_footer','before_footer_end','before_body_end','left_sidebar_start','before_left_sidebar_end','right_sidebar_start','before_right_sidebar_end','comment','guestbook','switch_theme','after_content','before_content','log_write_done','switch_admin_theme','captcha_image') ORDER BY `list_order` ASC [ RunTime:0.000708s ]
[2024-12-09T21:52:56+08:00][sql] CONNECT:[ UseTime:0.000696s ] mysql:host=127.0.0.1;port=3306;dbname=zhibo;charset=utf8mb4
[2024-12-09T21:52:56+08:00][sql] SHOW FULL COLUMNS FROM `cmf_hook` [ RunTime:0.001738s ]
[2024-12-09T21:52:56+08:00][sql] SELECT `hook`,`id` FROM `cmf_hook` WHERE  (  (  `app` = '' OR `app` = 'cmf' )  AND `type` = 3 ) OR `type` = 1 [ RunTime:0.000720s ]
[2024-12-09T21:52:56+08:00][sql] SHOW FULL COLUMNS FROM `cmf_hook_plugin` [ RunTime:0.001396s ]
[2024-12-09T21:52:56+08:00][sql] SELECT `hook`,`plugin` FROM `cmf_hook_plugin` WHERE  `status` = 1  AND `hook` IN ('app_begin','module_init','action_begin','view_filter','app_end','log_write','response_end','admin_init','home_init','send_mobile_verification_code','body_start','before_head_end','footer_start','before_footer','before_footer_end','before_body_end','left_sidebar_start','before_left_sidebar_end','right_sidebar_start','before_right_sidebar_end','comment','guestbook','switch_theme','after_content','before_content','log_write_done','switch_admin_theme','captcha_image') ORDER BY `list_order` ASC [ RunTime:0.000749s ]
[2024-12-09T21:52:57+08:00][sql] CONNECT:[ UseTime:0.000664s ] mysql:host=127.0.0.1;port=3306;dbname=zhibo;charset=utf8mb4
[2024-12-09T21:52:57+08:00][sql] SHOW FULL COLUMNS FROM `cmf_hook` [ RunTime:0.001579s ]
[2024-12-09T21:52:57+08:00][sql] SELECT `hook`,`id` FROM `cmf_hook` WHERE  (  (  `app` = '' OR `app` = 'cmf' )  AND `type` = 3 ) OR `type` = 1 [ RunTime:0.000643s ]
[2024-12-09T21:52:57+08:00][sql] SHOW FULL COLUMNS FROM `cmf_hook_plugin` [ RunTime:0.001309s ]
[2024-12-09T21:52:57+08:00][sql] SELECT `hook`,`plugin` FROM `cmf_hook_plugin` WHERE  `status` = 1  AND `hook` IN ('app_begin','module_init','action_begin','view_filter','app_end','log_write','response_end','admin_init','home_init','send_mobile_verification_code','body_start','before_head_end','footer_start','before_footer','before_footer_end','before_body_end','left_sidebar_start','before_left_sidebar_end','right_sidebar_start','before_right_sidebar_end','comment','guestbook','switch_theme','after_content','before_content','log_write_done','switch_admin_theme','captcha_image') ORDER BY `list_order` ASC [ RunTime:0.000712s ]
[2024-12-09T21:52:58+08:00][sql] CONNECT:[ UseTime:0.000609s ] mysql:host=127.0.0.1;port=3306;dbname=zhibo;charset=utf8mb4
[2024-12-09T21:52:58+08:00][sql] SHOW FULL COLUMNS FROM `cmf_hook` [ RunTime:0.001566s ]
[2024-12-09T21:52:58+08:00][sql] SELECT `hook`,`id` FROM `cmf_hook` WHERE  (  (  `app` = '' OR `app` = 'cmf' )  AND `type` = 3 ) OR `type` = 1 [ RunTime:0.000668s ]
[2024-12-09T21:52:58+08:00][sql] SHOW FULL COLUMNS FROM `cmf_hook_plugin` [ RunTime:0.001314s ]
[2024-12-09T21:52:58+08:00][sql] SELECT `hook`,`plugin` FROM `cmf_hook_plugin` WHERE  `status` = 1  AND `hook` IN ('app_begin','module_init','action_begin','view_filter','app_end','log_write','response_end','admin_init','home_init','send_mobile_verification_code','body_start','before_head_end','footer_start','before_footer','before_footer_end','before_body_end','left_sidebar_start','before_left_sidebar_end','right_sidebar_start','before_right_sidebar_end','comment','guestbook','switch_theme','after_content','before_content','log_write_done','switch_admin_theme','captcha_image') ORDER BY `list_order` ASC [ RunTime:0.000740s ]
[2024-12-09T21:52:59+08:00][sql] CONNECT:[ UseTime:0.000646s ] mysql:host=127.0.0.1;port=3306;dbname=zhibo;charset=utf8mb4
[2024-12-09T21:52:59+08:00][sql] SHOW FULL COLUMNS FROM `cmf_hook` [ RunTime:0.001547s ]
[2024-12-09T21:52:59+08:00][sql] SELECT `hook`,`id` FROM `cmf_hook` WHERE  (  (  `app` = '' OR `app` = 'cmf' )  AND `type` = 3 ) OR `type` = 1 [ RunTime:0.000634s ]
[2024-12-09T21:52:59+08:00][sql] SHOW FULL COLUMNS FROM `cmf_hook_plugin` [ RunTime:0.001249s ]
[2024-12-09T21:52:59+08:00][sql] SELECT `hook`,`plugin` FROM `cmf_hook_plugin` WHERE  `status` = 1  AND `hook` IN ('app_begin','module_init','action_begin','view_filter','app_end','log_write','response_end','admin_init','home_init','send_mobile_verification_code','body_start','before_head_end','footer_start','before_footer','before_footer_end','before_body_end','left_sidebar_start','before_left_sidebar_end','right_sidebar_start','before_right_sidebar_end','comment','guestbook','switch_theme','after_content','before_content','log_write_done','switch_admin_theme','captcha_image') ORDER BY `list_order` ASC [ RunTime:0.000720s ]
[2024-12-09T21:53:00+08:00][sql] CONNECT:[ UseTime:0.000612s ] mysql:host=127.0.0.1;port=3306;dbname=zhibo;charset=utf8mb4
[2024-12-09T21:53:00+08:00][sql] SHOW FULL COLUMNS FROM `cmf_hook` [ RunTime:0.001531s ]
[2024-12-09T21:53:00+08:00][sql] SELECT `hook`,`id` FROM `cmf_hook` WHERE  (  (  `app` = '' OR `app` = 'cmf' )  AND `type` = 3 ) OR `type` = 1 [ RunTime:0.000692s ]
[2024-12-09T21:53:00+08:00][sql] SHOW FULL COLUMNS FROM `cmf_hook_plugin` [ RunTime:0.001294s ]
[2024-12-09T21:53:00+08:00][sql] SELECT `hook`,`plugin` FROM `cmf_hook_plugin` WHERE  `status` = 1  AND `hook` IN ('app_begin','module_init','action_begin','view_filter','app_end','log_write','response_end','admin_init','home_init','send_mobile_verification_code','body_start','before_head_end','footer_start','before_footer','before_footer_end','before_body_end','left_sidebar_start','before_left_sidebar_end','right_sidebar_start','before_right_sidebar_end','comment','guestbook','switch_theme','after_content','before_content','log_write_done','switch_admin_theme','captcha_image') ORDER BY `list_order` ASC [ RunTime:0.000770s ]
[2024-12-09T21:53:01+08:00][sql] CONNECT:[ UseTime:0.000631s ] mysql:host=127.0.0.1;port=3306;dbname=zhibo;charset=utf8mb4
[2024-12-09T21:53:01+08:00][sql] SHOW FULL COLUMNS FROM `cmf_hook` [ RunTime:0.001517s ]
[2024-12-09T21:53:01+08:00][sql] SELECT `hook`,`id` FROM `cmf_hook` WHERE  (  (  `app` = '' OR `app` = 'cmf' )  AND `type` = 3 ) OR `type` = 1 [ RunTime:0.000679s ]
[2024-12-09T21:53:01+08:00][sql] SHOW FULL COLUMNS FROM `cmf_hook_plugin` [ RunTime:0.001259s ]
[2024-12-09T21:53:01+08:00][sql] SELECT `hook`,`plugin` FROM `cmf_hook_plugin` WHERE  `status` = 1  AND `hook` IN ('app_begin','module_init','action_begin','view_filter','app_end','log_write','response_end','admin_init','home_init','send_mobile_verification_code','body_start','before_head_end','footer_start','before_footer','before_footer_end','before_body_end','left_sidebar_start','before_left_sidebar_end','right_sidebar_start','before_right_sidebar_end','comment','guestbook','switch_theme','after_content','before_content','log_write_done','switch_admin_theme','captcha_image') ORDER BY `list_order` ASC [ RunTime:0.000707s ]
[2024-12-09T21:53:02+08:00][sql] CONNECT:[ UseTime:0.000641s ] mysql:host=127.0.0.1;port=3306;dbname=zhibo;charset=utf8mb4
[2024-12-09T21:53:02+08:00][sql] SHOW FULL COLUMNS FROM `cmf_hook` [ RunTime:0.001526s ]
[2024-12-09T21:53:02+08:00][sql] SELECT `hook`,`id` FROM `cmf_hook` WHERE  (  (  `app` = '' OR `app` = 'cmf' )  AND `type` = 3 ) OR `type` = 1 [ RunTime:0.000665s ]
[2024-12-09T21:53:02+08:00][sql] SHOW FULL COLUMNS FROM `cmf_hook_plugin` [ RunTime:0.001321s ]
[2024-12-09T21:53:02+08:00][sql] SELECT `hook`,`plugin` FROM `cmf_hook_plugin` WHERE  `status` = 1  AND `hook` IN ('app_begin','module_init','action_begin','view_filter','app_end','log_write','response_end','admin_init','home_init','send_mobile_verification_code','body_start','before_head_end','footer_start','before_footer','before_footer_end','before_body_end','left_sidebar_start','before_left_sidebar_end','right_sidebar_start','before_right_sidebar_end','comment','guestbook','switch_theme','after_content','before_content','log_write_done','switch_admin_theme','captcha_image') ORDER BY `list_order` ASC [ RunTime:0.000783s ]
[2024-12-09T21:53:04+08:00][sql] CONNECT:[ UseTime:0.000631s ] mysql:host=127.0.0.1;port=3306;dbname=zhibo;charset=utf8mb4
[2024-12-09T21:53:04+08:00][sql] SHOW FULL COLUMNS FROM `cmf_hook` [ RunTime:0.001548s ]
[2024-12-09T21:53:04+08:00][sql] SELECT `hook`,`id` FROM `cmf_hook` WHERE  (  (  `app` = '' OR `app` = 'cmf' )  AND `type` = 3 ) OR `type` = 1 [ RunTime:0.000691s ]
[2024-12-09T21:53:04+08:00][sql] SHOW FULL COLUMNS FROM `cmf_hook_plugin` [ RunTime:0.001317s ]
[2024-12-09T21:53:04+08:00][sql] SELECT `hook`,`plugin` FROM `cmf_hook_plugin` WHERE  `status` = 1  AND `hook` IN ('app_begin','module_init','action_begin','view_filter','app_end','log_write','response_end','admin_init','home_init','send_mobile_verification_code','body_start','before_head_end','footer_start','before_footer','before_footer_end','before_body_end','left_sidebar_start','before_left_sidebar_end','right_sidebar_start','before_right_sidebar_end','comment','guestbook','switch_theme','after_content','before_content','log_write_done','switch_admin_theme','captcha_image') ORDER BY `list_order` ASC [ RunTime:0.000740s ]
[2024-12-09T21:53:05+08:00][sql] CONNECT:[ UseTime:0.000644s ] mysql:host=127.0.0.1;port=3306;dbname=zhibo;charset=utf8mb4
[2024-12-09T21:53:05+08:00][sql] SHOW FULL COLUMNS FROM `cmf_hook` [ RunTime:0.001550s ]
[2024-12-09T21:53:05+08:00][sql] SELECT `hook`,`id` FROM `cmf_hook` WHERE  (  (  `app` = '' OR `app` = 'cmf' )  AND `type` = 3 ) OR `type` = 1 [ RunTime:0.000671s ]
[2024-12-09T21:53:05+08:00][sql] SHOW FULL COLUMNS FROM `cmf_hook_plugin` [ RunTime:0.001331s ]
[2024-12-09T21:53:05+08:00][sql] SELECT `hook`,`plugin` FROM `cmf_hook_plugin` WHERE  `status` = 1  AND `hook` IN ('app_begin','module_init','action_begin','view_filter','app_end','log_write','response_end','admin_init','home_init','send_mobile_verification_code','body_start','before_head_end','footer_start','before_footer','before_footer_end','before_body_end','left_sidebar_start','before_left_sidebar_end','right_sidebar_start','before_right_sidebar_end','comment','guestbook','switch_theme','after_content','before_content','log_write_done','switch_admin_theme','captcha_image') ORDER BY `list_order` ASC [ RunTime:0.000708s ]
[2024-12-09T21:53:06+08:00][sql] CONNECT:[ UseTime:0.000602s ] mysql:host=127.0.0.1;port=3306;dbname=zhibo;charset=utf8mb4
[2024-12-09T21:53:06+08:00][sql] SHOW FULL COLUMNS FROM `cmf_hook` [ RunTime:0.001487s ]
[2024-12-09T21:53:06+08:00][sql] SELECT `hook`,`id` FROM `cmf_hook` WHERE  (  (  `app` = '' OR `app` = 'cmf' )  AND `type` = 3 ) OR `type` = 1 [ RunTime:0.000665s ]
[2024-12-09T21:53:06+08:00][sql] SHOW FULL COLUMNS FROM `cmf_hook_plugin` [ RunTime:0.001253s ]
[2024-12-09T21:53:06+08:00][sql] SELECT `hook`,`plugin` FROM `cmf_hook_plugin` WHERE  `status` = 1  AND `hook` IN ('app_begin','module_init','action_begin','view_filter','app_end','log_write','response_end','admin_init','home_init','send_mobile_verification_code','body_start','before_head_end','footer_start','before_footer','before_footer_end','before_body_end','left_sidebar_start','before_left_sidebar_end','right_sidebar_start','before_right_sidebar_end','comment','guestbook','switch_theme','after_content','before_content','log_write_done','switch_admin_theme','captcha_image') ORDER BY `list_order` ASC [ RunTime:0.000712s ]
[2024-12-09T21:53:07+08:00][sql] CONNECT:[ UseTime:0.000639s ] mysql:host=127.0.0.1;port=3306;dbname=zhibo;charset=utf8mb4
[2024-12-09T21:53:07+08:00][sql] SHOW FULL COLUMNS FROM `cmf_hook` [ RunTime:0.001493s ]
[2024-12-09T21:53:07+08:00][sql] SELECT `hook`,`id` FROM `cmf_hook` WHERE  (  (  `app` = '' OR `app` = 'cmf' )  AND `type` = 3 ) OR `type` = 1 [ RunTime:0.000650s ]
[2024-12-09T21:53:07+08:00][sql] SHOW FULL COLUMNS FROM `cmf_hook_plugin` [ RunTime:0.001253s ]
[2024-12-09T21:53:07+08:00][sql] SELECT `hook`,`plugin` FROM `cmf_hook_plugin` WHERE  `status` = 1  AND `hook` IN ('app_begin','module_init','action_begin','view_filter','app_end','log_write','response_end','admin_init','home_init','send_mobile_verification_code','body_start','before_head_end','footer_start','before_footer','before_footer_end','before_body_end','left_sidebar_start','before_left_sidebar_end','right_sidebar_start','before_right_sidebar_end','comment','guestbook','switch_theme','after_content','before_content','log_write_done','switch_admin_theme','captcha_image') ORDER BY `list_order` ASC [ RunTime:0.000738s ]
[2024-12-09T21:53:09+08:00][sql] CONNECT:[ UseTime:0.000655s ] mysql:host=127.0.0.1;port=3306;dbname=zhibo;charset=utf8mb4
[2024-12-09T21:53:09+08:00][sql] SHOW FULL COLUMNS FROM `cmf_hook` [ RunTime:0.001484s ]
[2024-12-09T21:53:09+08:00][sql] SELECT `hook`,`id` FROM `cmf_hook` WHERE  (  (  `app` = '' OR `app` = 'cmf' )  AND `type` = 3 ) OR `type` = 1 [ RunTime:0.000608s ]
[2024-12-09T21:53:09+08:00][sql] SHOW FULL COLUMNS FROM `cmf_hook_plugin` [ RunTime:0.001224s ]
[2024-12-09T21:53:09+08:00][sql] SELECT `hook`,`plugin` FROM `cmf_hook_plugin` WHERE  `status` = 1  AND `hook` IN ('app_begin','module_init','action_begin','view_filter','app_end','log_write','response_end','admin_init','home_init','send_mobile_verification_code','body_start','before_head_end','footer_start','before_footer','before_footer_end','before_body_end','left_sidebar_start','before_left_sidebar_end','right_sidebar_start','before_right_sidebar_end','comment','guestbook','switch_theme','after_content','before_content','log_write_done','switch_admin_theme','captcha_image') ORDER BY `list_order` ASC [ RunTime:0.000710s ]
[2024-12-09T21:53:09+08:00][sql] CONNECT:[ UseTime:0.000679s ] mysql:host=127.0.0.1;port=3306;dbname=zhibo;charset=utf8mb4
[2024-12-09T21:53:09+08:00][sql] SHOW FULL COLUMNS FROM `cmf_hook` [ RunTime:0.001568s ]
[2024-12-09T21:53:09+08:00][sql] SELECT `hook`,`id` FROM `cmf_hook` WHERE  (  (  `app` = '' OR `app` = 'cmf' )  AND `type` = 3 ) OR `type` = 1 [ RunTime:0.000638s ]
[2024-12-09T21:53:09+08:00][sql] SHOW FULL COLUMNS FROM `cmf_hook_plugin` [ RunTime:0.001273s ]
[2024-12-09T21:53:09+08:00][sql] SELECT `hook`,`plugin` FROM `cmf_hook_plugin` WHERE  `status` = 1  AND `hook` IN ('app_begin','module_init','action_begin','view_filter','app_end','log_write','response_end','admin_init','home_init','send_mobile_verification_code','body_start','before_head_end','footer_start','before_footer','before_footer_end','before_body_end','left_sidebar_start','before_left_sidebar_end','right_sidebar_start','before_right_sidebar_end','comment','guestbook','switch_theme','after_content','before_content','log_write_done','switch_admin_theme','captcha_image') ORDER BY `list_order` ASC [ RunTime:0.000691s ]
[2024-12-09T21:53:11+08:00][sql] CONNECT:[ UseTime:0.000632s ] mysql:host=127.0.0.1;port=3306;dbname=zhibo;charset=utf8mb4
[2024-12-09T21:53:11+08:00][sql] SHOW FULL COLUMNS FROM `cmf_hook` [ RunTime:0.001599s ]
[2024-12-09T21:53:11+08:00][sql] SELECT `hook`,`id` FROM `cmf_hook` WHERE  (  (  `app` = '' OR `app` = 'cmf' )  AND `type` = 3 ) OR `type` = 1 [ RunTime:0.000660s ]
[2024-12-09T21:53:11+08:00][sql] SHOW FULL COLUMNS FROM `cmf_hook_plugin` [ RunTime:0.001375s ]
[2024-12-09T21:53:11+08:00][sql] SELECT `hook`,`plugin` FROM `cmf_hook_plugin` WHERE  `status` = 1  AND `hook` IN ('app_begin','module_init','action_begin','view_filter','app_end','log_write','response_end','admin_init','home_init','send_mobile_verification_code','body_start','before_head_end','footer_start','before_footer','before_footer_end','before_body_end','left_sidebar_start','before_left_sidebar_end','right_sidebar_start','before_right_sidebar_end','comment','guestbook','switch_theme','after_content','before_content','log_write_done','switch_admin_theme','captcha_image') ORDER BY `list_order` ASC [ RunTime:0.000717s ]
[2024-12-09T21:53:11+08:00][sql] CONNECT:[ UseTime:0.000651s ] mysql:host=127.0.0.1;port=3306;dbname=zhibo;charset=utf8mb4
[2024-12-09T21:53:11+08:00][sql] SHOW FULL COLUMNS FROM `cmf_hook` [ RunTime:0.001554s ]
[2024-12-09T21:53:11+08:00][sql] SELECT `hook`,`id` FROM `cmf_hook` WHERE  (  (  `app` = '' OR `app` = 'cmf' )  AND `type` = 3 ) OR `type` = 1 [ RunTime:0.000669s ]
[2024-12-09T21:53:11+08:00][sql] SHOW FULL COLUMNS FROM `cmf_hook_plugin` [ RunTime:0.001280s ]
[2024-12-09T21:53:11+08:00][sql] SELECT `hook`,`plugin` FROM `cmf_hook_plugin` WHERE  `status` = 1  AND `hook` IN ('app_begin','module_init','action_begin','view_filter','app_end','log_write','response_end','admin_init','home_init','send_mobile_verification_code','body_start','before_head_end','footer_start','before_footer','before_footer_end','before_body_end','left_sidebar_start','before_left_sidebar_end','right_sidebar_start','before_right_sidebar_end','comment','guestbook','switch_theme','after_content','before_content','log_write_done','switch_admin_theme','captcha_image') ORDER BY `list_order` ASC [ RunTime:0.000726s ]
[2024-12-09T21:53:13+08:00][sql] CONNECT:[ UseTime:0.000666s ] mysql:host=127.0.0.1;port=3306;dbname=zhibo;charset=utf8mb4
[2024-12-09T21:53:13+08:00][sql] SHOW FULL COLUMNS FROM `cmf_hook` [ RunTime:0.001552s ]
[2024-12-09T21:53:13+08:00][sql] SELECT `hook`,`id` FROM `cmf_hook` WHERE  (  (  `app` = '' OR `app` = 'cmf' )  AND `type` = 3 ) OR `type` = 1 [ RunTime:0.000696s ]
[2024-12-09T21:53:13+08:00][sql] SHOW FULL COLUMNS FROM `cmf_hook_plugin` [ RunTime:0.001341s ]
[2024-12-09T21:53:13+08:00][sql] SELECT `hook`,`plugin` FROM `cmf_hook_plugin` WHERE  `status` = 1  AND `hook` IN ('app_begin','module_init','action_begin','view_filter','app_end','log_write','response_end','admin_init','home_init','send_mobile_verification_code','body_start','before_head_end','footer_start','before_footer','before_footer_end','before_body_end','left_sidebar_start','before_left_sidebar_end','right_sidebar_start','before_right_sidebar_end','comment','guestbook','switch_theme','after_content','before_content','log_write_done','switch_admin_theme','captcha_image') ORDER BY `list_order` ASC [ RunTime:0.000735s ]
[2024-12-09T21:53:15+08:00][sql] CONNECT:[ UseTime:0.000669s ] mysql:host=127.0.0.1;port=3306;dbname=zhibo;charset=utf8mb4
[2024-12-09T21:53:15+08:00][sql] SHOW FULL COLUMNS FROM `cmf_hook` [ RunTime:0.001607s ]
[2024-12-09T21:53:15+08:00][sql] SELECT `hook`,`id` FROM `cmf_hook` WHERE  (  (  `app` = '' OR `app` = 'cmf' )  AND `type` = 3 ) OR `type` = 1 [ RunTime:0.000653s ]
[2024-12-09T21:53:15+08:00][sql] SHOW FULL COLUMNS FROM `cmf_hook_plugin` [ RunTime:0.001341s ]
[2024-12-09T21:53:15+08:00][sql] SELECT `hook`,`plugin` FROM `cmf_hook_plugin` WHERE  `status` = 1  AND `hook` IN ('app_begin','module_init','action_begin','view_filter','app_end','log_write','response_end','admin_init','home_init','send_mobile_verification_code','body_start','before_head_end','footer_start','before_footer','before_footer_end','before_body_end','left_sidebar_start','before_left_sidebar_end','right_sidebar_start','before_right_sidebar_end','comment','guestbook','switch_theme','after_content','before_content','log_write_done','switch_admin_theme','captcha_image') ORDER BY `list_order` ASC [ RunTime:0.000705s ]
[2024-12-09T21:53:15+08:00][sql] CONNECT:[ UseTime:0.000673s ] mysql:host=127.0.0.1;port=3306;dbname=zhibo;charset=utf8mb4
[2024-12-09T21:53:15+08:00][sql] SHOW FULL COLUMNS FROM `cmf_hook` [ RunTime:0.001595s ]
[2024-12-09T21:53:15+08:00][sql] SELECT `hook`,`id` FROM `cmf_hook` WHERE  (  (  `app` = '' OR `app` = 'cmf' )  AND `type` = 3 ) OR `type` = 1 [ RunTime:0.000671s ]
[2024-12-09T21:53:15+08:00][sql] SHOW FULL COLUMNS FROM `cmf_hook_plugin` [ RunTime:0.001291s ]
[2024-12-09T21:53:15+08:00][sql] SELECT `hook`,`plugin` FROM `cmf_hook_plugin` WHERE  `status` = 1  AND `hook` IN ('app_begin','module_init','action_begin','view_filter','app_end','log_write','response_end','admin_init','home_init','send_mobile_verification_code','body_start','before_head_end','footer_start','before_footer','before_footer_end','before_body_end','left_sidebar_start','before_left_sidebar_end','right_sidebar_start','before_right_sidebar_end','comment','guestbook','switch_theme','after_content','before_content','log_write_done','switch_admin_theme','captcha_image') ORDER BY `list_order` ASC [ RunTime:0.000716s ]
[2024-12-09T21:53:17+08:00][sql] CONNECT:[ UseTime:0.000658s ] mysql:host=127.0.0.1;port=3306;dbname=zhibo;charset=utf8mb4
[2024-12-09T21:53:17+08:00][sql] SHOW FULL COLUMNS FROM `cmf_hook` [ RunTime:0.001534s ]
[2024-12-09T21:53:17+08:00][sql] SELECT `hook`,`id` FROM `cmf_hook` WHERE  (  (  `app` = '' OR `app` = 'cmf' )  AND `type` = 3 ) OR `type` = 1 [ RunTime:0.000646s ]
[2024-12-09T21:53:17+08:00][sql] SHOW FULL COLUMNS FROM `cmf_hook_plugin` [ RunTime:0.001348s ]
[2024-12-09T21:53:17+08:00][sql] SELECT `hook`,`plugin` FROM `cmf_hook_plugin` WHERE  `status` = 1  AND `hook` IN ('app_begin','module_init','action_begin','view_filter','app_end','log_write','response_end','admin_init','home_init','send_mobile_verification_code','body_start','before_head_end','footer_start','before_footer','before_footer_end','before_body_end','left_sidebar_start','before_left_sidebar_end','right_sidebar_start','before_right_sidebar_end','comment','guestbook','switch_theme','after_content','before_content','log_write_done','switch_admin_theme','captcha_image') ORDER BY `list_order` ASC [ RunTime:0.000777s ]
[2024-12-09T21:53:19+08:00][sql] CONNECT:[ UseTime:0.000648s ] mysql:host=127.0.0.1;port=3306;dbname=zhibo;charset=utf8mb4
[2024-12-09T21:53:19+08:00][sql] SHOW FULL COLUMNS FROM `cmf_hook` [ RunTime:0.001531s ]
[2024-12-09T21:53:19+08:00][sql] SELECT `hook`,`id` FROM `cmf_hook` WHERE  (  (  `app` = '' OR `app` = 'cmf' )  AND `type` = 3 ) OR `type` = 1 [ RunTime:0.000618s ]
[2024-12-09T21:53:19+08:00][sql] SHOW FULL COLUMNS FROM `cmf_hook_plugin` [ RunTime:0.001245s ]
[2024-12-09T21:53:19+08:00][sql] SELECT `hook`,`plugin` FROM `cmf_hook_plugin` WHERE  `status` = 1  AND `hook` IN ('app_begin','module_init','action_begin','view_filter','app_end','log_write','response_end','admin_init','home_init','send_mobile_verification_code','body_start','before_head_end','footer_start','before_footer','before_footer_end','before_body_end','left_sidebar_start','before_left_sidebar_end','right_sidebar_start','before_right_sidebar_end','comment','guestbook','switch_theme','after_content','before_content','log_write_done','switch_admin_theme','captcha_image') ORDER BY `list_order` ASC [ RunTime:0.000671s ]
[2024-12-09T21:53:19+08:00][sql] CONNECT:[ UseTime:0.000673s ] mysql:host=127.0.0.1;port=3306;dbname=zhibo;charset=utf8mb4
[2024-12-09T21:53:19+08:00][sql] SHOW FULL COLUMNS FROM `cmf_hook` [ RunTime:0.001552s ]
[2024-12-09T21:53:19+08:00][sql] SELECT `hook`,`id` FROM `cmf_hook` WHERE  (  (  `app` = '' OR `app` = 'cmf' )  AND `type` = 3 ) OR `type` = 1 [ RunTime:0.000676s ]
[2024-12-09T21:53:19+08:00][sql] SHOW FULL COLUMNS FROM `cmf_hook_plugin` [ RunTime:0.001365s ]
[2024-12-09T21:53:19+08:00][sql] SELECT `hook`,`plugin` FROM `cmf_hook_plugin` WHERE  `status` = 1  AND `hook` IN ('app_begin','module_init','action_begin','view_filter','app_end','log_write','response_end','admin_init','home_init','send_mobile_verification_code','body_start','before_head_end','footer_start','before_footer','before_footer_end','before_body_end','left_sidebar_start','before_left_sidebar_end','right_sidebar_start','before_right_sidebar_end','comment','guestbook','switch_theme','after_content','before_content','log_write_done','switch_admin_theme','captcha_image') ORDER BY `list_order` ASC [ RunTime:0.000745s ]
[2024-12-09T21:53:21+08:00][sql] CONNECT:[ UseTime:0.000607s ] mysql:host=127.0.0.1;port=3306;dbname=zhibo;charset=utf8mb4
[2024-12-09T21:53:21+08:00][sql] SHOW FULL COLUMNS FROM `cmf_hook` [ RunTime:0.001551s ]
[2024-12-09T21:53:21+08:00][sql] SELECT `hook`,`id` FROM `cmf_hook` WHERE  (  (  `app` = '' OR `app` = 'cmf' )  AND `type` = 3 ) OR `type` = 1 [ RunTime:0.000640s ]
[2024-12-09T21:53:21+08:00][sql] SHOW FULL COLUMNS FROM `cmf_hook_plugin` [ RunTime:0.001269s ]
[2024-12-09T21:53:21+08:00][sql] SELECT `hook`,`plugin` FROM `cmf_hook_plugin` WHERE  `status` = 1  AND `hook` IN ('app_begin','module_init','action_begin','view_filter','app_end','log_write','response_end','admin_init','home_init','send_mobile_verification_code','body_start','before_head_end','footer_start','before_footer','before_footer_end','before_body_end','left_sidebar_start','before_left_sidebar_end','right_sidebar_start','before_right_sidebar_end','comment','guestbook','switch_theme','after_content','before_content','log_write_done','switch_admin_theme','captcha_image') ORDER BY `list_order` ASC [ RunTime:0.000736s ]
[2024-12-09T21:53:23+08:00][sql] CONNECT:[ UseTime:0.000628s ] mysql:host=127.0.0.1;port=3306;dbname=zhibo;charset=utf8mb4
[2024-12-09T21:53:23+08:00][sql] SHOW FULL COLUMNS FROM `cmf_hook` [ RunTime:0.001556s ]
[2024-12-09T21:53:23+08:00][sql] SELECT `hook`,`id` FROM `cmf_hook` WHERE  (  (  `app` = '' OR `app` = 'cmf' )  AND `type` = 3 ) OR `type` = 1 [ RunTime:0.000655s ]
[2024-12-09T21:53:23+08:00][sql] SHOW FULL COLUMNS FROM `cmf_hook_plugin` [ RunTime:0.001277s ]
[2024-12-09T21:53:23+08:00][sql] SELECT `hook`,`plugin` FROM `cmf_hook_plugin` WHERE  `status` = 1  AND `hook` IN ('app_begin','module_init','action_begin','view_filter','app_end','log_write','response_end','admin_init','home_init','send_mobile_verification_code','body_start','before_head_end','footer_start','before_footer','before_footer_end','before_body_end','left_sidebar_start','before_left_sidebar_end','right_sidebar_start','before_right_sidebar_end','comment','guestbook','switch_theme','after_content','before_content','log_write_done','switch_admin_theme','captcha_image') ORDER BY `list_order` ASC [ RunTime:0.000694s ]
[2024-12-09T21:53:23+08:00][sql] CONNECT:[ UseTime:0.000691s ] mysql:host=127.0.0.1;port=3306;dbname=zhibo;charset=utf8mb4
[2024-12-09T21:53:23+08:00][sql] SHOW FULL COLUMNS FROM `cmf_hook` [ RunTime:0.001569s ]
[2024-12-09T21:53:23+08:00][sql] SELECT `hook`,`id` FROM `cmf_hook` WHERE  (  (  `app` = '' OR `app` = 'cmf' )  AND `type` = 3 ) OR `type` = 1 [ RunTime:0.000678s ]
[2024-12-09T21:53:23+08:00][sql] SHOW FULL COLUMNS FROM `cmf_hook_plugin` [ RunTime:0.001362s ]
[2024-12-09T21:53:23+08:00][sql] SELECT `hook`,`plugin` FROM `cmf_hook_plugin` WHERE  `status` = 1  AND `hook` IN ('app_begin','module_init','action_begin','view_filter','app_end','log_write','response_end','admin_init','home_init','send_mobile_verification_code','body_start','before_head_end','footer_start','before_footer','before_footer_end','before_body_end','left_sidebar_start','before_left_sidebar_end','right_sidebar_start','before_right_sidebar_end','comment','guestbook','switch_theme','after_content','before_content','log_write_done','switch_admin_theme','captcha_image') ORDER BY `list_order` ASC [ RunTime:0.000758s ]
[2024-12-09T21:53:25+08:00][sql] CONNECT:[ UseTime:0.000654s ] mysql:host=127.0.0.1;port=3306;dbname=zhibo;charset=utf8mb4
[2024-12-09T21:53:25+08:00][sql] SHOW FULL COLUMNS FROM `cmf_hook` [ RunTime:0.001536s ]
[2024-12-09T21:53:25+08:00][sql] SELECT `hook`,`id` FROM `cmf_hook` WHERE  (  (  `app` = '' OR `app` = 'cmf' )  AND `type` = 3 ) OR `type` = 1 [ RunTime:0.000653s ]
[2024-12-09T21:53:25+08:00][sql] SHOW FULL COLUMNS FROM `cmf_hook_plugin` [ RunTime:0.001291s ]
[2024-12-09T21:53:25+08:00][sql] SELECT `hook`,`plugin` FROM `cmf_hook_plugin` WHERE  `status` = 1  AND `hook` IN ('app_begin','module_init','action_begin','view_filter','app_end','log_write','response_end','admin_init','home_init','send_mobile_verification_code','body_start','before_head_end','footer_start','before_footer','before_footer_end','before_body_end','left_sidebar_start','before_left_sidebar_end','right_sidebar_start','before_right_sidebar_end','comment','guestbook','switch_theme','after_content','before_content','log_write_done','switch_admin_theme','captcha_image') ORDER BY `list_order` ASC [ RunTime:0.000724s ]
[2024-12-09T21:53:25+08:00][sql] CONNECT:[ UseTime:0.000620s ] mysql:host=127.0.0.1;port=3306;dbname=zhibo;charset=utf8mb4
[2024-12-09T21:53:25+08:00][sql] SHOW FULL COLUMNS FROM `cmf_hook` [ RunTime:0.001504s ]
[2024-12-09T21:53:25+08:00][sql] SELECT `hook`,`id` FROM `cmf_hook` WHERE  (  (  `app` = '' OR `app` = 'cmf' )  AND `type` = 3 ) OR `type` = 1 [ RunTime:0.000635s ]
[2024-12-09T21:53:25+08:00][sql] SHOW FULL COLUMNS FROM `cmf_hook_plugin` [ RunTime:0.001243s ]
[2024-12-09T21:53:25+08:00][sql] SELECT `hook`,`plugin` FROM `cmf_hook_plugin` WHERE  `status` = 1  AND `hook` IN ('app_begin','module_init','action_begin','view_filter','app_end','log_write','response_end','admin_init','home_init','send_mobile_verification_code','body_start','before_head_end','footer_start','before_footer','before_footer_end','before_body_end','left_sidebar_start','before_left_sidebar_end','right_sidebar_start','before_right_sidebar_end','comment','guestbook','switch_theme','after_content','before_content','log_write_done','switch_admin_theme','captcha_image') ORDER BY `list_order` ASC [ RunTime:0.000732s ]
[2024-12-09T21:53:27+08:00][sql] CONNECT:[ UseTime:0.000647s ] mysql:host=127.0.0.1;port=3306;dbname=zhibo;charset=utf8mb4
[2024-12-09T21:53:27+08:00][sql] SHOW FULL COLUMNS FROM `cmf_hook` [ RunTime:0.001540s ]
[2024-12-09T21:53:27+08:00][sql] SELECT `hook`,`id` FROM `cmf_hook` WHERE  (  (  `app` = '' OR `app` = 'cmf' )  AND `type` = 3 ) OR `type` = 1 [ RunTime:0.000621s ]
[2024-12-09T21:53:27+08:00][sql] SHOW FULL COLUMNS FROM `cmf_hook_plugin` [ RunTime:0.001245s ]
[2024-12-09T21:53:27+08:00][sql] SELECT `hook`,`plugin` FROM `cmf_hook_plugin` WHERE  `status` = 1  AND `hook` IN ('app_begin','module_init','action_begin','view_filter','app_end','log_write','response_end','admin_init','home_init','send_mobile_verification_code','body_start','before_head_end','footer_start','before_footer','before_footer_end','before_body_end','left_sidebar_start','before_left_sidebar_end','right_sidebar_start','before_right_sidebar_end','comment','guestbook','switch_theme','after_content','before_content','log_write_done','switch_admin_theme','captcha_image') ORDER BY `list_order` ASC [ RunTime:0.000695s ]
[2024-12-09T21:53:27+08:00][sql] CONNECT:[ UseTime:0.000677s ] mysql:host=127.0.0.1;port=3306;dbname=zhibo;charset=utf8mb4
[2024-12-09T21:53:27+08:00][sql] SHOW FULL COLUMNS FROM `cmf_hook` [ RunTime:0.001668s ]
[2024-12-09T21:53:27+08:00][sql] SELECT `hook`,`id` FROM `cmf_hook` WHERE  (  (  `app` = '' OR `app` = 'cmf' )  AND `type` = 3 ) OR `type` = 1 [ RunTime:0.000620s ]
[2024-12-09T21:53:27+08:00][sql] SHOW FULL COLUMNS FROM `cmf_hook_plugin` [ RunTime:0.001279s ]
[2024-12-09T21:53:27+08:00][sql] SELECT `hook`,`plugin` FROM `cmf_hook_plugin` WHERE  `status` = 1  AND `hook` IN ('app_begin','module_init','action_begin','view_filter','app_end','log_write','response_end','admin_init','home_init','send_mobile_verification_code','body_start','before_head_end','footer_start','before_footer','before_footer_end','before_body_end','left_sidebar_start','before_left_sidebar_end','right_sidebar_start','before_right_sidebar_end','comment','guestbook','switch_theme','after_content','before_content','log_write_done','switch_admin_theme','captcha_image') ORDER BY `list_order` ASC [ RunTime:0.000686s ]
[2024-12-09T21:53:29+08:00][sql] CONNECT:[ UseTime:0.000635s ] mysql:host=127.0.0.1;port=3306;dbname=zhibo;charset=utf8mb4
[2024-12-09T21:53:29+08:00][sql] SHOW FULL COLUMNS FROM `cmf_hook` [ RunTime:0.001583s ]
[2024-12-09T21:53:29+08:00][sql] SELECT `hook`,`id` FROM `cmf_hook` WHERE  (  (  `app` = '' OR `app` = 'cmf' )  AND `type` = 3 ) OR `type` = 1 [ RunTime:0.000653s ]
[2024-12-09T21:53:29+08:00][sql] SHOW FULL COLUMNS FROM `cmf_hook_plugin` [ RunTime:0.001269s ]
[2024-12-09T21:53:29+08:00][sql] SELECT `hook`,`plugin` FROM `cmf_hook_plugin` WHERE  `status` = 1  AND `hook` IN ('app_begin','module_init','action_begin','view_filter','app_end','log_write','response_end','admin_init','home_init','send_mobile_verification_code','body_start','before_head_end','footer_start','before_footer','before_footer_end','before_body_end','left_sidebar_start','before_left_sidebar_end','right_sidebar_start','before_right_sidebar_end','comment','guestbook','switch_theme','after_content','before_content','log_write_done','switch_admin_theme','captcha_image') ORDER BY `list_order` ASC [ RunTime:0.000725s ]
[2024-12-09T21:53:29+08:00][sql] CONNECT:[ UseTime:0.000622s ] mysql:host=127.0.0.1;port=3306;dbname=zhibo;charset=utf8mb4
[2024-12-09T21:53:29+08:00][sql] SHOW FULL COLUMNS FROM `cmf_hook` [ RunTime:0.001583s ]
[2024-12-09T21:53:29+08:00][sql] SELECT `hook`,`id` FROM `cmf_hook` WHERE  (  (  `app` = '' OR `app` = 'cmf' )  AND `type` = 3 ) OR `type` = 1 [ RunTime:0.000647s ]
[2024-12-09T21:53:29+08:00][sql] SHOW FULL COLUMNS FROM `cmf_hook_plugin` [ RunTime:0.001302s ]
[2024-12-09T21:53:29+08:00][sql] SELECT `hook`,`plugin` FROM `cmf_hook_plugin` WHERE  `status` = 1  AND `hook` IN ('app_begin','module_init','action_begin','view_filter','app_end','log_write','response_end','admin_init','home_init','send_mobile_verification_code','body_start','before_head_end','footer_start','before_footer','before_footer_end','before_body_end','left_sidebar_start','before_left_sidebar_end','right_sidebar_start','before_right_sidebar_end','comment','guestbook','switch_theme','after_content','before_content','log_write_done','switch_admin_theme','captcha_image') ORDER BY `list_order` ASC [ RunTime:0.000723s ]
[2024-12-09T21:53:31+08:00][sql] CONNECT:[ UseTime:0.000695s ] mysql:host=127.0.0.1;port=3306;dbname=zhibo;charset=utf8mb4
[2024-12-09T21:53:31+08:00][sql] SHOW FULL COLUMNS FROM `cmf_hook` [ RunTime:0.001547s ]
[2024-12-09T21:53:31+08:00][sql] SELECT `hook`,`id` FROM `cmf_hook` WHERE  (  (  `app` = '' OR `app` = 'cmf' )  AND `type` = 3 ) OR `type` = 1 [ RunTime:0.000612s ]
[2024-12-09T21:53:31+08:00][sql] SHOW FULL COLUMNS FROM `cmf_hook_plugin` [ RunTime:0.001219s ]
[2024-12-09T21:53:31+08:00][sql] SELECT `hook`,`plugin` FROM `cmf_hook_plugin` WHERE  `status` = 1  AND `hook` IN ('app_begin','module_init','action_begin','view_filter','app_end','log_write','response_end','admin_init','home_init','send_mobile_verification_code','body_start','before_head_end','footer_start','before_footer','before_footer_end','before_body_end','left_sidebar_start','before_left_sidebar_end','right_sidebar_start','before_right_sidebar_end','comment','guestbook','switch_theme','after_content','before_content','log_write_done','switch_admin_theme','captcha_image') ORDER BY `list_order` ASC [ RunTime:0.000695s ]
[2024-12-09T21:53:31+08:00][sql] CONNECT:[ UseTime:0.000682s ] mysql:host=127.0.0.1;port=3306;dbname=zhibo;charset=utf8mb4
[2024-12-09T21:53:31+08:00][sql] SHOW FULL COLUMNS FROM `cmf_hook` [ RunTime:0.001611s ]
[2024-12-09T21:53:31+08:00][sql] SELECT `hook`,`id` FROM `cmf_hook` WHERE  (  (  `app` = '' OR `app` = 'cmf' )  AND `type` = 3 ) OR `type` = 1 [ RunTime:0.000668s ]
[2024-12-09T21:53:31+08:00][sql] SHOW FULL COLUMNS FROM `cmf_hook_plugin` [ RunTime:0.001368s ]
[2024-12-09T21:53:31+08:00][sql] SELECT `hook`,`plugin` FROM `cmf_hook_plugin` WHERE  `status` = 1  AND `hook` IN ('app_begin','module_init','action_begin','view_filter','app_end','log_write','response_end','admin_init','home_init','send_mobile_verification_code','body_start','before_head_end','footer_start','before_footer','before_footer_end','before_body_end','left_sidebar_start','before_left_sidebar_end','right_sidebar_start','before_right_sidebar_end','comment','guestbook','switch_theme','after_content','before_content','log_write_done','switch_admin_theme','captcha_image') ORDER BY `list_order` ASC [ RunTime:0.000717s ]
[2024-12-09T21:53:33+08:00][sql] CONNECT:[ UseTime:0.000641s ] mysql:host=127.0.0.1;port=3306;dbname=zhibo;charset=utf8mb4
[2024-12-09T21:53:33+08:00][sql] SHOW FULL COLUMNS FROM `cmf_hook` [ RunTime:0.001494s ]
[2024-12-09T21:53:33+08:00][sql] SELECT `hook`,`id` FROM `cmf_hook` WHERE  (  (  `app` = '' OR `app` = 'cmf' )  AND `type` = 3 ) OR `type` = 1 [ RunTime:0.000619s ]
[2024-12-09T21:53:33+08:00][sql] SHOW FULL COLUMNS FROM `cmf_hook_plugin` [ RunTime:0.001231s ]
[2024-12-09T21:53:33+08:00][sql] SELECT `hook`,`plugin` FROM `cmf_hook_plugin` WHERE  `status` = 1  AND `hook` IN ('app_begin','module_init','action_begin','view_filter','app_end','log_write','response_end','admin_init','home_init','send_mobile_verification_code','body_start','before_head_end','footer_start','before_footer','before_footer_end','before_body_end','left_sidebar_start','before_left_sidebar_end','right_sidebar_start','before_right_sidebar_end','comment','guestbook','switch_theme','after_content','before_content','log_write_done','switch_admin_theme','captcha_image') ORDER BY `list_order` ASC [ RunTime:0.000736s ]
[2024-12-09T21:53:33+08:00][sql] CONNECT:[ UseTime:0.000649s ] mysql:host=127.0.0.1;port=3306;dbname=zhibo;charset=utf8mb4
[2024-12-09T21:53:33+08:00][sql] SHOW FULL COLUMNS FROM `cmf_hook` [ RunTime:0.001511s ]
[2024-12-09T21:53:33+08:00][sql] SELECT `hook`,`id` FROM `cmf_hook` WHERE  (  (  `app` = '' OR `app` = 'cmf' )  AND `type` = 3 ) OR `type` = 1 [ RunTime:0.000638s ]
[2024-12-09T21:53:33+08:00][sql] SHOW FULL COLUMNS FROM `cmf_hook_plugin` [ RunTime:0.001263s ]
[2024-12-09T21:53:33+08:00][sql] SELECT `hook`,`plugin` FROM `cmf_hook_plugin` WHERE  `status` = 1  AND `hook` IN ('app_begin','module_init','action_begin','view_filter','app_end','log_write','response_end','admin_init','home_init','send_mobile_verification_code','body_start','before_head_end','footer_start','before_footer','before_footer_end','before_body_end','left_sidebar_start','before_left_sidebar_end','right_sidebar_start','before_right_sidebar_end','comment','guestbook','switch_theme','after_content','before_content','log_write_done','switch_admin_theme','captcha_image') ORDER BY `list_order` ASC [ RunTime:0.000689s ]
[2024-12-09T21:53:34+08:00][sql] CONNECT:[ UseTime:0.000632s ] mysql:host=127.0.0.1;port=3306;dbname=zhibo;charset=utf8mb4
[2024-12-09T21:53:34+08:00][sql] SHOW FULL COLUMNS FROM `cmf_hook` [ RunTime:0.001486s ]
[2024-12-09T21:53:34+08:00][sql] SELECT `hook`,`id` FROM `cmf_hook` WHERE  (  (  `app` = '' OR `app` = 'cmf' )  AND `type` = 3 ) OR `type` = 1 [ RunTime:0.000604s ]
[2024-12-09T21:53:34+08:00][sql] SHOW FULL COLUMNS FROM `cmf_hook_plugin` [ RunTime:0.001266s ]
[2024-12-09T21:53:34+08:00][sql] SELECT `hook`,`plugin` FROM `cmf_hook_plugin` WHERE  `status` = 1  AND `hook` IN ('app_begin','module_init','action_begin','view_filter','app_end','log_write','response_end','admin_init','home_init','send_mobile_verification_code','body_start','before_head_end','footer_start','before_footer','before_footer_end','before_body_end','left_sidebar_start','before_left_sidebar_end','right_sidebar_start','before_right_sidebar_end','comment','guestbook','switch_theme','after_content','before_content','log_write_done','switch_admin_theme','captcha_image') ORDER BY `list_order` ASC [ RunTime:0.000676s ]
[2024-12-09T21:53:35+08:00][sql] CONNECT:[ UseTime:0.000616s ] mysql:host=127.0.0.1;port=3306;dbname=zhibo;charset=utf8mb4
[2024-12-09T21:53:35+08:00][sql] SHOW FULL COLUMNS FROM `cmf_hook` [ RunTime:0.001487s ]
[2024-12-09T21:53:35+08:00][sql] SELECT `hook`,`id` FROM `cmf_hook` WHERE  (  (  `app` = '' OR `app` = 'cmf' )  AND `type` = 3 ) OR `type` = 1 [ RunTime:0.000641s ]
[2024-12-09T21:53:35+08:00][sql] SHOW FULL COLUMNS FROM `cmf_hook_plugin` [ RunTime:0.001257s ]
[2024-12-09T21:53:35+08:00][sql] SELECT `hook`,`plugin` FROM `cmf_hook_plugin` WHERE  `status` = 1  AND `hook` IN ('app_begin','module_init','action_begin','view_filter','app_end','log_write','response_end','admin_init','home_init','send_mobile_verification_code','body_start','before_head_end','footer_start','before_footer','before_footer_end','before_body_end','left_sidebar_start','before_left_sidebar_end','right_sidebar_start','before_right_sidebar_end','comment','guestbook','switch_theme','after_content','before_content','log_write_done','switch_admin_theme','captcha_image') ORDER BY `list_order` ASC [ RunTime:0.000722s ]
[2024-12-09T21:53:36+08:00][sql] CONNECT:[ UseTime:0.000635s ] mysql:host=127.0.0.1;port=3306;dbname=zhibo;charset=utf8mb4
[2024-12-09T21:53:36+08:00][sql] SHOW FULL COLUMNS FROM `cmf_hook` [ RunTime:0.001501s ]
[2024-12-09T21:53:36+08:00][sql] SELECT `hook`,`id` FROM `cmf_hook` WHERE  (  (  `app` = '' OR `app` = 'cmf' )  AND `type` = 3 ) OR `type` = 1 [ RunTime:0.000637s ]
[2024-12-09T21:53:36+08:00][sql] SHOW FULL COLUMNS FROM `cmf_hook_plugin` [ RunTime:0.001216s ]
[2024-12-09T21:53:36+08:00][sql] SELECT `hook`,`plugin` FROM `cmf_hook_plugin` WHERE  `status` = 1  AND `hook` IN ('app_begin','module_init','action_begin','view_filter','app_end','log_write','response_end','admin_init','home_init','send_mobile_verification_code','body_start','before_head_end','footer_start','before_footer','before_footer_end','before_body_end','left_sidebar_start','before_left_sidebar_end','right_sidebar_start','before_right_sidebar_end','comment','guestbook','switch_theme','after_content','before_content','log_write_done','switch_admin_theme','captcha_image') ORDER BY `list_order` ASC [ RunTime:0.000687s ]
[2024-12-09T21:53:38+08:00][sql] CONNECT:[ UseTime:0.000609s ] mysql:host=127.0.0.1;port=3306;dbname=zhibo;charset=utf8mb4
[2024-12-09T21:53:38+08:00][sql] SHOW FULL COLUMNS FROM `cmf_hook` [ RunTime:0.001529s ]
[2024-12-09T21:53:38+08:00][sql] SELECT `hook`,`id` FROM `cmf_hook` WHERE  (  (  `app` = '' OR `app` = 'cmf' )  AND `type` = 3 ) OR `type` = 1 [ RunTime:0.000614s ]
[2024-12-09T21:53:38+08:00][sql] SHOW FULL COLUMNS FROM `cmf_hook_plugin` [ RunTime:0.001242s ]
[2024-12-09T21:53:38+08:00][sql] SELECT `hook`,`plugin` FROM `cmf_hook_plugin` WHERE  `status` = 1  AND `hook` IN ('app_begin','module_init','action_begin','view_filter','app_end','log_write','response_end','admin_init','home_init','send_mobile_verification_code','body_start','before_head_end','footer_start','before_footer','before_footer_end','before_body_end','left_sidebar_start','before_left_sidebar_end','right_sidebar_start','before_right_sidebar_end','comment','guestbook','switch_theme','after_content','before_content','log_write_done','switch_admin_theme','captcha_image') ORDER BY `list_order` ASC [ RunTime:0.000678s ]
[2024-12-09T21:53:39+08:00][sql] CONNECT:[ UseTime:0.000627s ] mysql:host=127.0.0.1;port=3306;dbname=zhibo;charset=utf8mb4
[2024-12-09T21:53:39+08:00][sql] SHOW FULL COLUMNS FROM `cmf_hook` [ RunTime:0.001521s ]
[2024-12-09T21:53:39+08:00][sql] SELECT `hook`,`id` FROM `cmf_hook` WHERE  (  (  `app` = '' OR `app` = 'cmf' )  AND `type` = 3 ) OR `type` = 1 [ RunTime:0.000724s ]
[2024-12-09T21:53:39+08:00][sql] SHOW FULL COLUMNS FROM `cmf_hook_plugin` [ RunTime:0.001345s ]
[2024-12-09T21:53:39+08:00][sql] SELECT `hook`,`plugin` FROM `cmf_hook_plugin` WHERE  `status` = 1  AND `hook` IN ('app_begin','module_init','action_begin','view_filter','app_end','log_write','response_end','admin_init','home_init','send_mobile_verification_code','body_start','before_head_end','footer_start','before_footer','before_footer_end','before_body_end','left_sidebar_start','before_left_sidebar_end','right_sidebar_start','before_right_sidebar_end','comment','guestbook','switch_theme','after_content','before_content','log_write_done','switch_admin_theme','captcha_image') ORDER BY `list_order` ASC [ RunTime:0.000758s ]
[2024-12-09T21:53:40+08:00][sql] CONNECT:[ UseTime:0.000631s ] mysql:host=127.0.0.1;port=3306;dbname=zhibo;charset=utf8mb4
[2024-12-09T21:53:40+08:00][sql] SHOW FULL COLUMNS FROM `cmf_hook` [ RunTime:0.001549s ]
[2024-12-09T21:53:40+08:00][sql] SELECT `hook`,`id` FROM `cmf_hook` WHERE  (  (  `app` = '' OR `app` = 'cmf' )  AND `type` = 3 ) OR `type` = 1 [ RunTime:0.000606s ]
[2024-12-09T21:53:40+08:00][sql] SHOW FULL COLUMNS FROM `cmf_hook_plugin` [ RunTime:0.001230s ]
[2024-12-09T21:53:40+08:00][sql] SELECT `hook`,`plugin` FROM `cmf_hook_plugin` WHERE  `status` = 1  AND `hook` IN ('app_begin','module_init','action_begin','view_filter','app_end','log_write','response_end','admin_init','home_init','send_mobile_verification_code','body_start','before_head_end','footer_start','before_footer','before_footer_end','before_body_end','left_sidebar_start','before_left_sidebar_end','right_sidebar_start','before_right_sidebar_end','comment','guestbook','switch_theme','after_content','before_content','log_write_done','switch_admin_theme','captcha_image') ORDER BY `list_order` ASC [ RunTime:0.000719s ]
[2024-12-09T21:53:40+08:00][sql] CONNECT:[ UseTime:0.000632s ] mysql:host=127.0.0.1;port=3306;dbname=zhibo;charset=utf8mb4
[2024-12-09T21:53:40+08:00][sql] SHOW FULL COLUMNS FROM `cmf_hook` [ RunTime:0.001562s ]
[2024-12-09T21:53:40+08:00][sql] SELECT `hook`,`id` FROM `cmf_hook` WHERE  (  (  `app` = '' OR `app` = 'cmf' )  AND `type` = 3 ) OR `type` = 1 [ RunTime:0.000709s ]
[2024-12-09T21:53:40+08:00][sql] SHOW FULL COLUMNS FROM `cmf_hook_plugin` [ RunTime:0.001299s ]
[2024-12-09T21:53:40+08:00][sql] SELECT `hook`,`plugin` FROM `cmf_hook_plugin` WHERE  `status` = 1  AND `hook` IN ('app_begin','module_init','action_begin','view_filter','app_end','log_write','response_end','admin_init','home_init','send_mobile_verification_code','body_start','before_head_end','footer_start','before_footer','before_footer_end','before_body_end','left_sidebar_start','before_left_sidebar_end','right_sidebar_start','before_right_sidebar_end','comment','guestbook','switch_theme','after_content','before_content','log_write_done','switch_admin_theme','captcha_image') ORDER BY `list_order` ASC [ RunTime:0.000757s ]
[2024-12-09T21:53:42+08:00][sql] CONNECT:[ UseTime:0.000646s ] mysql:host=127.0.0.1;port=3306;dbname=zhibo;charset=utf8mb4
[2024-12-09T21:53:42+08:00][sql] SHOW FULL COLUMNS FROM `cmf_hook` [ RunTime:0.001505s ]
[2024-12-09T21:53:42+08:00][sql] SELECT `hook`,`id` FROM `cmf_hook` WHERE  (  (  `app` = '' OR `app` = 'cmf' )  AND `type` = 3 ) OR `type` = 1 [ RunTime:0.000608s ]
[2024-12-09T21:53:42+08:00][sql] SHOW FULL COLUMNS FROM `cmf_hook_plugin` [ RunTime:0.001252s ]
[2024-12-09T21:53:42+08:00][sql] SELECT `hook`,`plugin` FROM `cmf_hook_plugin` WHERE  `status` = 1  AND `hook` IN ('app_begin','module_init','action_begin','view_filter','app_end','log_write','response_end','admin_init','home_init','send_mobile_verification_code','body_start','before_head_end','footer_start','before_footer','before_footer_end','before_body_end','left_sidebar_start','before_left_sidebar_end','right_sidebar_start','before_right_sidebar_end','comment','guestbook','switch_theme','after_content','before_content','log_write_done','switch_admin_theme','captcha_image') ORDER BY `list_order` ASC [ RunTime:0.000676s ]
[2024-12-09T21:53:42+08:00][sql] CONNECT:[ UseTime:0.000679s ] mysql:host=127.0.0.1;port=3306;dbname=zhibo;charset=utf8mb4
[2024-12-09T21:53:42+08:00][sql] SHOW FULL COLUMNS FROM `cmf_hook` [ RunTime:0.001636s ]
[2024-12-09T21:53:42+08:00][sql] SELECT `hook`,`id` FROM `cmf_hook` WHERE  (  (  `app` = '' OR `app` = 'cmf' )  AND `type` = 3 ) OR `type` = 1 [ RunTime:0.000669s ]
[2024-12-09T21:53:42+08:00][sql] SHOW FULL COLUMNS FROM `cmf_hook_plugin` [ RunTime:0.001294s ]
[2024-12-09T21:53:42+08:00][sql] SELECT `hook`,`plugin` FROM `cmf_hook_plugin` WHERE  `status` = 1  AND `hook` IN ('app_begin','module_init','action_begin','view_filter','app_end','log_write','response_end','admin_init','home_init','send_mobile_verification_code','body_start','before_head_end','footer_start','before_footer','before_footer_end','before_body_end','left_sidebar_start','before_left_sidebar_end','right_sidebar_start','before_right_sidebar_end','comment','guestbook','switch_theme','after_content','before_content','log_write_done','switch_admin_theme','captcha_image') ORDER BY `list_order` ASC [ RunTime:0.000716s ]
[2024-12-09T21:53:44+08:00][sql] CONNECT:[ UseTime:0.000682s ] mysql:host=127.0.0.1;port=3306;dbname=zhibo;charset=utf8mb4
[2024-12-09T21:53:44+08:00][sql] SHOW FULL COLUMNS FROM `cmf_hook` [ RunTime:0.001721s ]
[2024-12-09T21:53:44+08:00][sql] SELECT `hook`,`id` FROM `cmf_hook` WHERE  (  (  `app` = '' OR `app` = 'cmf' )  AND `type` = 3 ) OR `type` = 1 [ RunTime:0.000684s ]
[2024-12-09T21:53:44+08:00][sql] SHOW FULL COLUMNS FROM `cmf_hook_plugin` [ RunTime:0.001370s ]
[2024-12-09T21:53:44+08:00][sql] SELECT `hook`,`plugin` FROM `cmf_hook_plugin` WHERE  `status` = 1  AND `hook` IN ('app_begin','module_init','action_begin','view_filter','app_end','log_write','response_end','admin_init','home_init','send_mobile_verification_code','body_start','before_head_end','footer_start','before_footer','before_footer_end','before_body_end','left_sidebar_start','before_left_sidebar_end','right_sidebar_start','before_right_sidebar_end','comment','guestbook','switch_theme','after_content','before_content','log_write_done','switch_admin_theme','captcha_image') ORDER BY `list_order` ASC [ RunTime:0.000727s ]
[2024-12-09T21:53:44+08:00][sql] CONNECT:[ UseTime:0.000668s ] mysql:host=127.0.0.1;port=3306;dbname=zhibo;charset=utf8mb4
[2024-12-09T21:53:44+08:00][sql] SHOW FULL COLUMNS FROM `cmf_hook` [ RunTime:0.001521s ]
[2024-12-09T21:53:44+08:00][sql] SELECT `hook`,`id` FROM `cmf_hook` WHERE  (  (  `app` = '' OR `app` = 'cmf' )  AND `type` = 3 ) OR `type` = 1 [ RunTime:0.000636s ]
[2024-12-09T21:53:44+08:00][sql] SHOW FULL COLUMNS FROM `cmf_hook_plugin` [ RunTime:0.001226s ]
[2024-12-09T21:53:44+08:00][sql] SELECT `hook`,`plugin` FROM `cmf_hook_plugin` WHERE  `status` = 1  AND `hook` IN ('app_begin','module_init','action_begin','view_filter','app_end','log_write','response_end','admin_init','home_init','send_mobile_verification_code','body_start','before_head_end','footer_start','before_footer','before_footer_end','before_body_end','left_sidebar_start','before_left_sidebar_end','right_sidebar_start','before_right_sidebar_end','comment','guestbook','switch_theme','after_content','before_content','log_write_done','switch_admin_theme','captcha_image') ORDER BY `list_order` ASC [ RunTime:0.000701s ]
[2024-12-09T21:53:46+08:00][sql] CONNECT:[ UseTime:0.000632s ] mysql:host=127.0.0.1;port=3306;dbname=zhibo;charset=utf8mb4
[2024-12-09T21:53:46+08:00][sql] SHOW FULL COLUMNS FROM `cmf_hook` [ RunTime:0.001562s ]
[2024-12-09T21:53:46+08:00][sql] SELECT `hook`,`id` FROM `cmf_hook` WHERE  (  (  `app` = '' OR `app` = 'cmf' )  AND `type` = 3 ) OR `type` = 1 [ RunTime:0.000659s ]
[2024-12-09T21:53:46+08:00][sql] SHOW FULL COLUMNS FROM `cmf_hook_plugin` [ RunTime:0.001289s ]
[2024-12-09T21:53:46+08:00][sql] SELECT `hook`,`plugin` FROM `cmf_hook_plugin` WHERE  `status` = 1  AND `hook` IN ('app_begin','module_init','action_begin','view_filter','app_end','log_write','response_end','admin_init','home_init','send_mobile_verification_code','body_start','before_head_end','footer_start','before_footer','before_footer_end','before_body_end','left_sidebar_start','before_left_sidebar_end','right_sidebar_start','before_right_sidebar_end','comment','guestbook','switch_theme','after_content','before_content','log_write_done','switch_admin_theme','captcha_image') ORDER BY `list_order` ASC [ RunTime:0.000694s ]
[2024-12-09T21:53:46+08:00][sql] CONNECT:[ UseTime:0.000628s ] mysql:host=127.0.0.1;port=3306;dbname=zhibo;charset=utf8mb4
[2024-12-09T21:53:46+08:00][sql] SHOW FULL COLUMNS FROM `cmf_hook` [ RunTime:0.001552s ]
[2024-12-09T21:53:46+08:00][sql] SELECT `hook`,`id` FROM `cmf_hook` WHERE  (  (  `app` = '' OR `app` = 'cmf' )  AND `type` = 3 ) OR `type` = 1 [ RunTime:0.000643s ]
[2024-12-09T21:53:46+08:00][sql] SHOW FULL COLUMNS FROM `cmf_hook_plugin` [ RunTime:0.001299s ]
[2024-12-09T21:53:46+08:00][sql] SELECT `hook`,`plugin` FROM `cmf_hook_plugin` WHERE  `status` = 1  AND `hook` IN ('app_begin','module_init','action_begin','view_filter','app_end','log_write','response_end','admin_init','home_init','send_mobile_verification_code','body_start','before_head_end','footer_start','before_footer','before_footer_end','before_body_end','left_sidebar_start','before_left_sidebar_end','right_sidebar_start','before_right_sidebar_end','comment','guestbook','switch_theme','after_content','before_content','log_write_done','switch_admin_theme','captcha_image') ORDER BY `list_order` ASC [ RunTime:0.000702s ]
[2024-12-09T21:53:48+08:00][sql] CONNECT:[ UseTime:0.000667s ] mysql:host=127.0.0.1;port=3306;dbname=zhibo;charset=utf8mb4
[2024-12-09T21:53:48+08:00][sql] SHOW FULL COLUMNS FROM `cmf_hook` [ RunTime:0.001564s ]
[2024-12-09T21:53:48+08:00][sql] SELECT `hook`,`id` FROM `cmf_hook` WHERE  (  (  `app` = '' OR `app` = 'cmf' )  AND `type` = 3 ) OR `type` = 1 [ RunTime:0.000666s ]
[2024-12-09T21:53:48+08:00][sql] SHOW FULL COLUMNS FROM `cmf_hook_plugin` [ RunTime:0.001317s ]
[2024-12-09T21:53:48+08:00][sql] SELECT `hook`,`plugin` FROM `cmf_hook_plugin` WHERE  `status` = 1  AND `hook` IN ('app_begin','module_init','action_begin','view_filter','app_end','log_write','response_end','admin_init','home_init','send_mobile_verification_code','body_start','before_head_end','footer_start','before_footer','before_footer_end','before_body_end','left_sidebar_start','before_left_sidebar_end','right_sidebar_start','before_right_sidebar_end','comment','guestbook','switch_theme','after_content','before_content','log_write_done','switch_admin_theme','captcha_image') ORDER BY `list_order` ASC [ RunTime:0.000708s ]
[2024-12-09T21:53:48+08:00][sql] CONNECT:[ UseTime:0.000645s ] mysql:host=127.0.0.1;port=3306;dbname=zhibo;charset=utf8mb4
[2024-12-09T21:53:48+08:00][sql] SHOW FULL COLUMNS FROM `cmf_hook` [ RunTime:0.001605s ]
[2024-12-09T21:53:48+08:00][sql] SELECT `hook`,`id` FROM `cmf_hook` WHERE  (  (  `app` = '' OR `app` = 'cmf' )  AND `type` = 3 ) OR `type` = 1 [ RunTime:0.000667s ]
[2024-12-09T21:53:48+08:00][sql] SHOW FULL COLUMNS FROM `cmf_hook_plugin` [ RunTime:0.001275s ]
[2024-12-09T21:53:48+08:00][sql] SELECT `hook`,`plugin` FROM `cmf_hook_plugin` WHERE  `status` = 1  AND `hook` IN ('app_begin','module_init','action_begin','view_filter','app_end','log_write','response_end','admin_init','home_init','send_mobile_verification_code','body_start','before_head_end','footer_start','before_footer','before_footer_end','before_body_end','left_sidebar_start','before_left_sidebar_end','right_sidebar_start','before_right_sidebar_end','comment','guestbook','switch_theme','after_content','before_content','log_write_done','switch_admin_theme','captcha_image') ORDER BY `list_order` ASC [ RunTime:0.000719s ]
[2024-12-09T21:53:50+08:00][sql] CONNECT:[ UseTime:0.000626s ] mysql:host=127.0.0.1;port=3306;dbname=zhibo;charset=utf8mb4
[2024-12-09T21:53:50+08:00][sql] SHOW FULL COLUMNS FROM `cmf_hook` [ RunTime:0.001514s ]
[2024-12-09T21:53:50+08:00][sql] SELECT `hook`,`id` FROM `cmf_hook` WHERE  (  (  `app` = '' OR `app` = 'cmf' )  AND `type` = 3 ) OR `type` = 1 [ RunTime:0.000692s ]
[2024-12-09T21:53:50+08:00][sql] SHOW FULL COLUMNS FROM `cmf_hook_plugin` [ RunTime:0.001288s ]
[2024-12-09T21:53:50+08:00][sql] SELECT `hook`,`plugin` FROM `cmf_hook_plugin` WHERE  `status` = 1  AND `hook` IN ('app_begin','module_init','action_begin','view_filter','app_end','log_write','response_end','admin_init','home_init','send_mobile_verification_code','body_start','before_head_end','footer_start','before_footer','before_footer_end','before_body_end','left_sidebar_start','before_left_sidebar_end','right_sidebar_start','before_right_sidebar_end','comment','guestbook','switch_theme','after_content','before_content','log_write_done','switch_admin_theme','captcha_image') ORDER BY `list_order` ASC [ RunTime:0.000696s ]
[2024-12-09T21:53:50+08:00][sql] CONNECT:[ UseTime:0.000634s ] mysql:host=127.0.0.1;port=3306;dbname=zhibo;charset=utf8mb4
[2024-12-09T21:53:50+08:00][sql] SHOW FULL COLUMNS FROM `cmf_hook` [ RunTime:0.001558s ]
[2024-12-09T21:53:50+08:00][sql] SELECT `hook`,`id` FROM `cmf_hook` WHERE  (  (  `app` = '' OR `app` = 'cmf' )  AND `type` = 3 ) OR `type` = 1 [ RunTime:0.000664s ]
[2024-12-09T21:53:50+08:00][sql] SHOW FULL COLUMNS FROM `cmf_hook_plugin` [ RunTime:0.001294s ]
[2024-12-09T21:53:50+08:00][sql] SELECT `hook`,`plugin` FROM `cmf_hook_plugin` WHERE  `status` = 1  AND `hook` IN ('app_begin','module_init','action_begin','view_filter','app_end','log_write','response_end','admin_init','home_init','send_mobile_verification_code','body_start','before_head_end','footer_start','before_footer','before_footer_end','before_body_end','left_sidebar_start','before_left_sidebar_end','right_sidebar_start','before_right_sidebar_end','comment','guestbook','switch_theme','after_content','before_content','log_write_done','switch_admin_theme','captcha_image') ORDER BY `list_order` ASC [ RunTime:0.000747s ]
[2024-12-09T21:53:52+08:00][sql] CONNECT:[ UseTime:0.000643s ] mysql:host=127.0.0.1;port=3306;dbname=zhibo;charset=utf8mb4
[2024-12-09T21:53:52+08:00][sql] SHOW FULL COLUMNS FROM `cmf_hook` [ RunTime:0.001535s ]
[2024-12-09T21:53:52+08:00][sql] SELECT `hook`,`id` FROM `cmf_hook` WHERE  (  (  `app` = '' OR `app` = 'cmf' )  AND `type` = 3 ) OR `type` = 1 [ RunTime:0.000686s ]
[2024-12-09T21:53:52+08:00][sql] SHOW FULL COLUMNS FROM `cmf_hook_plugin` [ RunTime:0.001277s ]
[2024-12-09T21:53:52+08:00][sql] SELECT `hook`,`plugin` FROM `cmf_hook_plugin` WHERE  `status` = 1  AND `hook` IN ('app_begin','module_init','action_begin','view_filter','app_end','log_write','response_end','admin_init','home_init','send_mobile_verification_code','body_start','before_head_end','footer_start','before_footer','before_footer_end','before_body_end','left_sidebar_start','before_left_sidebar_end','right_sidebar_start','before_right_sidebar_end','comment','guestbook','switch_theme','after_content','before_content','log_write_done','switch_admin_theme','captcha_image') ORDER BY `list_order` ASC [ RunTime:0.000758s ]
[2024-12-09T21:53:52+08:00][sql] CONNECT:[ UseTime:0.000643s ] mysql:host=127.0.0.1;port=3306;dbname=zhibo;charset=utf8mb4
[2024-12-09T21:53:52+08:00][sql] SHOW FULL COLUMNS FROM `cmf_hook` [ RunTime:0.001564s ]
[2024-12-09T21:53:52+08:00][sql] SELECT `hook`,`id` FROM `cmf_hook` WHERE  (  (  `app` = '' OR `app` = 'cmf' )  AND `type` = 3 ) OR `type` = 1 [ RunTime:0.000643s ]
[2024-12-09T21:53:52+08:00][sql] SHOW FULL COLUMNS FROM `cmf_hook_plugin` [ RunTime:0.001226s ]
[2024-12-09T21:53:52+08:00][sql] SELECT `hook`,`plugin` FROM `cmf_hook_plugin` WHERE  `status` = 1  AND `hook` IN ('app_begin','module_init','action_begin','view_filter','app_end','log_write','response_end','admin_init','home_init','send_mobile_verification_code','body_start','before_head_end','footer_start','before_footer','before_footer_end','before_body_end','left_sidebar_start','before_left_sidebar_end','right_sidebar_start','before_right_sidebar_end','comment','guestbook','switch_theme','after_content','before_content','log_write_done','switch_admin_theme','captcha_image') ORDER BY `list_order` ASC [ RunTime:0.000719s ]
[2024-12-09T21:53:54+08:00][sql] CONNECT:[ UseTime:0.000626s ] mysql:host=127.0.0.1;port=3306;dbname=zhibo;charset=utf8mb4
[2024-12-09T21:53:54+08:00][sql] SHOW FULL COLUMNS FROM `cmf_hook` [ RunTime:0.001575s ]
[2024-12-09T21:53:54+08:00][sql] SELECT `hook`,`id` FROM `cmf_hook` WHERE  (  (  `app` = '' OR `app` = 'cmf' )  AND `type` = 3 ) OR `type` = 1 [ RunTime:0.000621s ]
[2024-12-09T21:53:54+08:00][sql] SHOW FULL COLUMNS FROM `cmf_hook_plugin` [ RunTime:0.001323s ]
[2024-12-09T21:53:54+08:00][sql] SELECT `hook`,`plugin` FROM `cmf_hook_plugin` WHERE  `status` = 1  AND `hook` IN ('app_begin','module_init','action_begin','view_filter','app_end','log_write','response_end','admin_init','home_init','send_mobile_verification_code','body_start','before_head_end','footer_start','before_footer','before_footer_end','before_body_end','left_sidebar_start','before_left_sidebar_end','right_sidebar_start','before_right_sidebar_end','comment','guestbook','switch_theme','after_content','before_content','log_write_done','switch_admin_theme','captcha_image') ORDER BY `list_order` ASC [ RunTime:0.000698s ]
[2024-12-09T21:53:54+08:00][sql] CONNECT:[ UseTime:0.000638s ] mysql:host=127.0.0.1;port=3306;dbname=zhibo;charset=utf8mb4
[2024-12-09T21:53:54+08:00][sql] SHOW FULL COLUMNS FROM `cmf_hook` [ RunTime:0.001504s ]
[2024-12-09T21:53:54+08:00][sql] SELECT `hook`,`id` FROM `cmf_hook` WHERE  (  (  `app` = '' OR `app` = 'cmf' )  AND `type` = 3 ) OR `type` = 1 [ RunTime:0.000624s ]
[2024-12-09T21:53:54+08:00][sql] SHOW FULL COLUMNS FROM `cmf_hook_plugin` [ RunTime:0.001255s ]
[2024-12-09T21:53:54+08:00][sql] SELECT `hook`,`plugin` FROM `cmf_hook_plugin` WHERE  `status` = 1  AND `hook` IN ('app_begin','module_init','action_begin','view_filter','app_end','log_write','response_end','admin_init','home_init','send_mobile_verification_code','body_start','before_head_end','footer_start','before_footer','before_footer_end','before_body_end','left_sidebar_start','before_left_sidebar_end','right_sidebar_start','before_right_sidebar_end','comment','guestbook','switch_theme','after_content','before_content','log_write_done','switch_admin_theme','captcha_image') ORDER BY `list_order` ASC [ RunTime:0.000708s ]
[2024-12-09T21:53:56+08:00][sql] CONNECT:[ UseTime:0.000851s ] mysql:host=127.0.0.1;port=3306;dbname=zhibo;charset=utf8mb4
[2024-12-09T21:53:56+08:00][sql] SHOW FULL COLUMNS FROM `cmf_hook` [ RunTime:0.001772s ]
[2024-12-09T21:53:56+08:00][sql] SELECT `hook`,`id` FROM `cmf_hook` WHERE  (  (  `app` = '' OR `app` = 'cmf' )  AND `type` = 3 ) OR `type` = 1 [ RunTime:0.000750s ]
[2024-12-09T21:53:56+08:00][sql] SHOW FULL COLUMNS FROM `cmf_hook_plugin` [ RunTime:0.001582s ]
[2024-12-09T21:53:56+08:00][sql] SELECT `hook`,`plugin` FROM `cmf_hook_plugin` WHERE  `status` = 1  AND `hook` IN ('app_begin','module_init','action_begin','view_filter','app_end','log_write','response_end','admin_init','home_init','send_mobile_verification_code','body_start','before_head_end','footer_start','before_footer','before_footer_end','before_body_end','left_sidebar_start','before_left_sidebar_end','right_sidebar_start','before_right_sidebar_end','comment','guestbook','switch_theme','after_content','before_content','log_write_done','switch_admin_theme','captcha_image') ORDER BY `list_order` ASC [ RunTime:0.000803s ]
[2024-12-09T21:53:56+08:00][sql] CONNECT:[ UseTime:0.000695s ] mysql:host=127.0.0.1;port=3306;dbname=zhibo;charset=utf8mb4
[2024-12-09T21:53:56+08:00][sql] SHOW FULL COLUMNS FROM `cmf_hook` [ RunTime:0.001506s ]
[2024-12-09T21:53:56+08:00][sql] SELECT `hook`,`id` FROM `cmf_hook` WHERE  (  (  `app` = '' OR `app` = 'cmf' )  AND `type` = 3 ) OR `type` = 1 [ RunTime:0.000684s ]
[2024-12-09T21:53:56+08:00][sql] SHOW FULL COLUMNS FROM `cmf_hook_plugin` [ RunTime:0.001228s ]
[2024-12-09T21:53:56+08:00][sql] SELECT `hook`,`plugin` FROM `cmf_hook_plugin` WHERE  `status` = 1  AND `hook` IN ('app_begin','module_init','action_begin','view_filter','app_end','log_write','response_end','admin_init','home_init','send_mobile_verification_code','body_start','before_head_end','footer_start','before_footer','before_footer_end','before_body_end','left_sidebar_start','before_left_sidebar_end','right_sidebar_start','before_right_sidebar_end','comment','guestbook','switch_theme','after_content','before_content','log_write_done','switch_admin_theme','captcha_image') ORDER BY `list_order` ASC [ RunTime:0.000692s ]
[2024-12-09T21:53:58+08:00][sql] CONNECT:[ UseTime:0.000922s ] mysql:host=127.0.0.1;port=3306;dbname=zhibo;charset=utf8mb4
[2024-12-09T21:53:58+08:00][sql] SHOW FULL COLUMNS FROM `cmf_hook` [ RunTime:0.001746s ]
[2024-12-09T21:53:58+08:00][sql] SELECT `hook`,`id` FROM `cmf_hook` WHERE  (  (  `app` = '' OR `app` = 'cmf' )  AND `type` = 3 ) OR `type` = 1 [ RunTime:0.000677s ]
[2024-12-09T21:53:58+08:00][sql] SHOW FULL COLUMNS FROM `cmf_hook_plugin` [ RunTime:0.001434s ]
[2024-12-09T21:53:58+08:00][sql] SELECT `hook`,`plugin` FROM `cmf_hook_plugin` WHERE  `status` = 1  AND `hook` IN ('app_begin','module_init','action_begin','view_filter','app_end','log_write','response_end','admin_init','home_init','send_mobile_verification_code','body_start','before_head_end','footer_start','before_footer','before_footer_end','before_body_end','left_sidebar_start','before_left_sidebar_end','right_sidebar_start','before_right_sidebar_end','comment','guestbook','switch_theme','after_content','before_content','log_write_done','switch_admin_theme','captcha_image') ORDER BY `list_order` ASC [ RunTime:0.000758s ]
[2024-12-09T21:53:58+08:00][sql] CONNECT:[ UseTime:0.000651s ] mysql:host=127.0.0.1;port=3306;dbname=zhibo;charset=utf8mb4
[2024-12-09T21:53:58+08:00][sql] SHOW FULL COLUMNS FROM `cmf_hook` [ RunTime:0.001655s ]
[2024-12-09T21:53:58+08:00][sql] SELECT `hook`,`id` FROM `cmf_hook` WHERE  (  (  `app` = '' OR `app` = 'cmf' )  AND `type` = 3 ) OR `type` = 1 [ RunTime:0.000722s ]
[2024-12-09T21:53:58+08:00][sql] SHOW FULL COLUMNS FROM `cmf_hook_plugin` [ RunTime:0.001339s ]
[2024-12-09T21:53:58+08:00][sql] SELECT `hook`,`plugin` FROM `cmf_hook_plugin` WHERE  `status` = 1  AND `hook` IN ('app_begin','module_init','action_begin','view_filter','app_end','log_write','response_end','admin_init','home_init','send_mobile_verification_code','body_start','before_head_end','footer_start','before_footer','before_footer_end','before_body_end','left_sidebar_start','before_left_sidebar_end','right_sidebar_start','before_right_sidebar_end','comment','guestbook','switch_theme','after_content','before_content','log_write_done','switch_admin_theme','captcha_image') ORDER BY `list_order` ASC [ RunTime:0.000754s ]
[2024-12-09T21:54:00+08:00][sql] CONNECT:[ UseTime:0.000683s ] mysql:host=127.0.0.1;port=3306;dbname=zhibo;charset=utf8mb4
[2024-12-09T21:54:00+08:00][sql] SHOW FULL COLUMNS FROM `cmf_hook` [ RunTime:0.001518s ]
[2024-12-09T21:54:00+08:00][sql] SELECT `hook`,`id` FROM `cmf_hook` WHERE  (  (  `app` = '' OR `app` = 'cmf' )  AND `type` = 3 ) OR `type` = 1 [ RunTime:0.000667s ]
[2024-12-09T21:54:00+08:00][sql] SHOW FULL COLUMNS FROM `cmf_hook_plugin` [ RunTime:0.001256s ]
[2024-12-09T21:54:00+08:00][sql] SELECT `hook`,`plugin` FROM `cmf_hook_plugin` WHERE  `status` = 1  AND `hook` IN ('app_begin','module_init','action_begin','view_filter','app_end','log_write','response_end','admin_init','home_init','send_mobile_verification_code','body_start','before_head_end','footer_start','before_footer','before_footer_end','before_body_end','left_sidebar_start','before_left_sidebar_end','right_sidebar_start','before_right_sidebar_end','comment','guestbook','switch_theme','after_content','before_content','log_write_done','switch_admin_theme','captcha_image') ORDER BY `list_order` ASC [ RunTime:0.000673s ]
[2024-12-09T21:54:00+08:00][sql] CONNECT:[ UseTime:0.000678s ] mysql:host=127.0.0.1;port=3306;dbname=zhibo;charset=utf8mb4
[2024-12-09T21:54:00+08:00][sql] SHOW FULL COLUMNS FROM `cmf_hook` [ RunTime:0.001568s ]
[2024-12-09T21:54:00+08:00][sql] SELECT `hook`,`id` FROM `cmf_hook` WHERE  (  (  `app` = '' OR `app` = 'cmf' )  AND `type` = 3 ) OR `type` = 1 [ RunTime:0.000655s ]
[2024-12-09T21:54:00+08:00][sql] SHOW FULL COLUMNS FROM `cmf_hook_plugin` [ RunTime:0.001315s ]
[2024-12-09T21:54:00+08:00][sql] SELECT `hook`,`plugin` FROM `cmf_hook_plugin` WHERE  `status` = 1  AND `hook` IN ('app_begin','module_init','action_begin','view_filter','app_end','log_write','response_end','admin_init','home_init','send_mobile_verification_code','body_start','before_head_end','footer_start','before_footer','before_footer_end','before_body_end','left_sidebar_start','before_left_sidebar_end','right_sidebar_start','before_right_sidebar_end','comment','guestbook','switch_theme','after_content','before_content','log_write_done','switch_admin_theme','captcha_image') ORDER BY `list_order` ASC [ RunTime:0.000717s ]
[2024-12-09T21:54:02+08:00][sql] CONNECT:[ UseTime:0.000645s ] mysql:host=127.0.0.1;port=3306;dbname=zhibo;charset=utf8mb4
[2024-12-09T21:54:02+08:00][sql] SHOW FULL COLUMNS FROM `cmf_hook` [ RunTime:0.001519s ]
[2024-12-09T21:54:02+08:00][sql] SELECT `hook`,`id` FROM `cmf_hook` WHERE  (  (  `app` = '' OR `app` = 'cmf' )  AND `type` = 3 ) OR `type` = 1 [ RunTime:0.000690s ]
[2024-12-09T21:54:02+08:00][sql] SHOW FULL COLUMNS FROM `cmf_hook_plugin` [ RunTime:0.001246s ]
[2024-12-09T21:54:02+08:00][sql] SELECT `hook`,`plugin` FROM `cmf_hook_plugin` WHERE  `status` = 1  AND `hook` IN ('app_begin','module_init','action_begin','view_filter','app_end','log_write','response_end','admin_init','home_init','send_mobile_verification_code','body_start','before_head_end','footer_start','before_footer','before_footer_end','before_body_end','left_sidebar_start','before_left_sidebar_end','right_sidebar_start','before_right_sidebar_end','comment','guestbook','switch_theme','after_content','before_content','log_write_done','switch_admin_theme','captcha_image') ORDER BY `list_order` ASC [ RunTime:0.000714s ]
[2024-12-09T21:54:02+08:00][sql] CONNECT:[ UseTime:0.000659s ] mysql:host=127.0.0.1;port=3306;dbname=zhibo;charset=utf8mb4
[2024-12-09T21:54:02+08:00][sql] SHOW FULL COLUMNS FROM `cmf_hook` [ RunTime:0.001550s ]
[2024-12-09T21:54:02+08:00][sql] SELECT `hook`,`id` FROM `cmf_hook` WHERE  (  (  `app` = '' OR `app` = 'cmf' )  AND `type` = 3 ) OR `type` = 1 [ RunTime:0.000614s ]
[2024-12-09T21:54:02+08:00][sql] SHOW FULL COLUMNS FROM `cmf_hook_plugin` [ RunTime:0.001247s ]
[2024-12-09T21:54:02+08:00][sql] SELECT `hook`,`plugin` FROM `cmf_hook_plugin` WHERE  `status` = 1  AND `hook` IN ('app_begin','module_init','action_begin','view_filter','app_end','log_write','response_end','admin_init','home_init','send_mobile_verification_code','body_start','before_head_end','footer_start','before_footer','before_footer_end','before_body_end','left_sidebar_start','before_left_sidebar_end','right_sidebar_start','before_right_sidebar_end','comment','guestbook','switch_theme','after_content','before_content','log_write_done','switch_admin_theme','captcha_image') ORDER BY `list_order` ASC [ RunTime:0.000691s ]
[2024-12-09T21:54:04+08:00][sql] CONNECT:[ UseTime:0.000634s ] mysql:host=127.0.0.1;port=3306;dbname=zhibo;charset=utf8mb4
[2024-12-09T21:54:04+08:00][sql] SHOW FULL COLUMNS FROM `cmf_hook` [ RunTime:0.001505s ]
[2024-12-09T21:54:04+08:00][sql] SELECT `hook`,`id` FROM `cmf_hook` WHERE  (  (  `app` = '' OR `app` = 'cmf' )  AND `type` = 3 ) OR `type` = 1 [ RunTime:0.000644s ]
[2024-12-09T21:54:04+08:00][sql] SHOW FULL COLUMNS FROM `cmf_hook_plugin` [ RunTime:0.001213s ]
[2024-12-09T21:54:04+08:00][sql] SELECT `hook`,`plugin` FROM `cmf_hook_plugin` WHERE  `status` = 1  AND `hook` IN ('app_begin','module_init','action_begin','view_filter','app_end','log_write','response_end','admin_init','home_init','send_mobile_verification_code','body_start','before_head_end','footer_start','before_footer','before_footer_end','before_body_end','left_sidebar_start','before_left_sidebar_end','right_sidebar_start','before_right_sidebar_end','comment','guestbook','switch_theme','after_content','before_content','log_write_done','switch_admin_theme','captcha_image') ORDER BY `list_order` ASC [ RunTime:0.000693s ]
[2024-12-09T21:54:04+08:00][sql] CONNECT:[ UseTime:0.000640s ] mysql:host=127.0.0.1;port=3306;dbname=zhibo;charset=utf8mb4
[2024-12-09T21:54:04+08:00][sql] SHOW FULL COLUMNS FROM `cmf_hook` [ RunTime:0.001545s ]
[2024-12-09T21:54:04+08:00][sql] SELECT `hook`,`id` FROM `cmf_hook` WHERE  (  (  `app` = '' OR `app` = 'cmf' )  AND `type` = 3 ) OR `type` = 1 [ RunTime:0.000666s ]
[2024-12-09T21:54:04+08:00][sql] SHOW FULL COLUMNS FROM `cmf_hook_plugin` [ RunTime:0.001298s ]
[2024-12-09T21:54:04+08:00][sql] SELECT `hook`,`plugin` FROM `cmf_hook_plugin` WHERE  `status` = 1  AND `hook` IN ('app_begin','module_init','action_begin','view_filter','app_end','log_write','response_end','admin_init','home_init','send_mobile_verification_code','body_start','before_head_end','footer_start','before_footer','before_footer_end','before_body_end','left_sidebar_start','before_left_sidebar_end','right_sidebar_start','before_right_sidebar_end','comment','guestbook','switch_theme','after_content','before_content','log_write_done','switch_admin_theme','captcha_image') ORDER BY `list_order` ASC [ RunTime:0.000727s ]
[2024-12-09T21:54:06+08:00][sql] CONNECT:[ UseTime:0.000655s ] mysql:host=127.0.0.1;port=3306;dbname=zhibo;charset=utf8mb4
[2024-12-09T21:54:06+08:00][sql] SHOW FULL COLUMNS FROM `cmf_hook` [ RunTime:0.001542s ]
[2024-12-09T21:54:06+08:00][sql] SELECT `hook`,`id` FROM `cmf_hook` WHERE  (  (  `app` = '' OR `app` = 'cmf' )  AND `type` = 3 ) OR `type` = 1 [ RunTime:0.000675s ]
[2024-12-09T21:54:06+08:00][sql] SHOW FULL COLUMNS FROM `cmf_hook_plugin` [ RunTime:0.001300s ]
[2024-12-09T21:54:06+08:00][sql] SELECT `hook`,`plugin` FROM `cmf_hook_plugin` WHERE  `status` = 1  AND `hook` IN ('app_begin','module_init','action_begin','view_filter','app_end','log_write','response_end','admin_init','home_init','send_mobile_verification_code','body_start','before_head_end','footer_start','before_footer','before_footer_end','before_body_end','left_sidebar_start','before_left_sidebar_end','right_sidebar_start','before_right_sidebar_end','comment','guestbook','switch_theme','after_content','before_content','log_write_done','switch_admin_theme','captcha_image') ORDER BY `list_order` ASC [ RunTime:0.000772s ]
[2024-12-09T21:54:06+08:00][sql] CONNECT:[ UseTime:0.000708s ] mysql:host=127.0.0.1;port=3306;dbname=zhibo;charset=utf8mb4
[2024-12-09T21:54:06+08:00][sql] SHOW FULL COLUMNS FROM `cmf_hook` [ RunTime:0.001621s ]
[2024-12-09T21:54:06+08:00][sql] SELECT `hook`,`id` FROM `cmf_hook` WHERE  (  (  `app` = '' OR `app` = 'cmf' )  AND `type` = 3 ) OR `type` = 1 [ RunTime:0.000671s ]
[2024-12-09T21:54:06+08:00][sql] SHOW FULL COLUMNS FROM `cmf_hook_plugin` [ RunTime:0.001399s ]
[2024-12-09T21:54:06+08:00][sql] SELECT `hook`,`plugin` FROM `cmf_hook_plugin` WHERE  `status` = 1  AND `hook` IN ('app_begin','module_init','action_begin','view_filter','app_end','log_write','response_end','admin_init','home_init','send_mobile_verification_code','body_start','before_head_end','footer_start','before_footer','before_footer_end','before_body_end','left_sidebar_start','before_left_sidebar_end','right_sidebar_start','before_right_sidebar_end','comment','guestbook','switch_theme','after_content','before_content','log_write_done','switch_admin_theme','captcha_image') ORDER BY `list_order` ASC [ RunTime:0.000732s ]
[2024-12-09T21:54:08+08:00][sql] CONNECT:[ UseTime:0.000643s ] mysql:host=127.0.0.1;port=3306;dbname=zhibo;charset=utf8mb4
[2024-12-09T21:54:08+08:00][sql] SHOW FULL COLUMNS FROM `cmf_hook` [ RunTime:0.001570s ]
[2024-12-09T21:54:08+08:00][sql] SELECT `hook`,`id` FROM `cmf_hook` WHERE  (  (  `app` = '' OR `app` = 'cmf' )  AND `type` = 3 ) OR `type` = 1 [ RunTime:0.000658s ]
[2024-12-09T21:54:08+08:00][sql] SHOW FULL COLUMNS FROM `cmf_hook_plugin` [ RunTime:0.001294s ]
[2024-12-09T21:54:08+08:00][sql] SELECT `hook`,`plugin` FROM `cmf_hook_plugin` WHERE  `status` = 1  AND `hook` IN ('app_begin','module_init','action_begin','view_filter','app_end','log_write','response_end','admin_init','home_init','send_mobile_verification_code','body_start','before_head_end','footer_start','before_footer','before_footer_end','before_body_end','left_sidebar_start','before_left_sidebar_end','right_sidebar_start','before_right_sidebar_end','comment','guestbook','switch_theme','after_content','before_content','log_write_done','switch_admin_theme','captcha_image') ORDER BY `list_order` ASC [ RunTime:0.000735s ]
[2024-12-09T21:54:08+08:00][sql] CONNECT:[ UseTime:0.000658s ] mysql:host=127.0.0.1;port=3306;dbname=zhibo;charset=utf8mb4
[2024-12-09T21:54:08+08:00][sql] SHOW FULL COLUMNS FROM `cmf_hook` [ RunTime:0.001599s ]
[2024-12-09T21:54:08+08:00][sql] SELECT `hook`,`id` FROM `cmf_hook` WHERE  (  (  `app` = '' OR `app` = 'cmf' )  AND `type` = 3 ) OR `type` = 1 [ RunTime:0.000665s ]
[2024-12-09T21:54:08+08:00][sql] SHOW FULL COLUMNS FROM `cmf_hook_plugin` [ RunTime:0.001319s ]
[2024-12-09T21:54:08+08:00][sql] SELECT `hook`,`plugin` FROM `cmf_hook_plugin` WHERE  `status` = 1  AND `hook` IN ('app_begin','module_init','action_begin','view_filter','app_end','log_write','response_end','admin_init','home_init','send_mobile_verification_code','body_start','before_head_end','footer_start','before_footer','before_footer_end','before_body_end','left_sidebar_start','before_left_sidebar_end','right_sidebar_start','before_right_sidebar_end','comment','guestbook','switch_theme','after_content','before_content','log_write_done','switch_admin_theme','captcha_image') ORDER BY `list_order` ASC [ RunTime:0.000732s ]
[2024-12-09T21:54:10+08:00][sql] CONNECT:[ UseTime:0.000638s ] mysql:host=127.0.0.1;port=3306;dbname=zhibo;charset=utf8mb4
[2024-12-09T21:54:10+08:00][sql] SHOW FULL COLUMNS FROM `cmf_hook` [ RunTime:0.001542s ]
[2024-12-09T21:54:10+08:00][sql] SELECT `hook`,`id` FROM `cmf_hook` WHERE  (  (  `app` = '' OR `app` = 'cmf' )  AND `type` = 3 ) OR `type` = 1 [ RunTime:0.000696s ]
[2024-12-09T21:54:10+08:00][sql] SHOW FULL COLUMNS FROM `cmf_hook_plugin` [ RunTime:0.001254s ]
[2024-12-09T21:54:10+08:00][sql] SELECT `hook`,`plugin` FROM `cmf_hook_plugin` WHERE  `status` = 1  AND `hook` IN ('app_begin','module_init','action_begin','view_filter','app_end','log_write','response_end','admin_init','home_init','send_mobile_verification_code','body_start','before_head_end','footer_start','before_footer','before_footer_end','before_body_end','left_sidebar_start','before_left_sidebar_end','right_sidebar_start','before_right_sidebar_end','comment','guestbook','switch_theme','after_content','before_content','log_write_done','switch_admin_theme','captcha_image') ORDER BY `list_order` ASC [ RunTime:0.000705s ]
[2024-12-09T21:54:10+08:00][sql] CONNECT:[ UseTime:0.000653s ] mysql:host=127.0.0.1;port=3306;dbname=zhibo;charset=utf8mb4
[2024-12-09T21:54:10+08:00][sql] SHOW FULL COLUMNS FROM `cmf_hook` [ RunTime:0.001483s ]
[2024-12-09T21:54:10+08:00][sql] SELECT `hook`,`id` FROM `cmf_hook` WHERE  (  (  `app` = '' OR `app` = 'cmf' )  AND `type` = 3 ) OR `type` = 1 [ RunTime:0.000656s ]
[2024-12-09T21:54:10+08:00][sql] SHOW FULL COLUMNS FROM `cmf_hook_plugin` [ RunTime:0.001322s ]
[2024-12-09T21:54:10+08:00][sql] SELECT `hook`,`plugin` FROM `cmf_hook_plugin` WHERE  `status` = 1  AND `hook` IN ('app_begin','module_init','action_begin','view_filter','app_end','log_write','response_end','admin_init','home_init','send_mobile_verification_code','body_start','before_head_end','footer_start','before_footer','before_footer_end','before_body_end','left_sidebar_start','before_left_sidebar_end','right_sidebar_start','before_right_sidebar_end','comment','guestbook','switch_theme','after_content','before_content','log_write_done','switch_admin_theme','captcha_image') ORDER BY `list_order` ASC [ RunTime:0.000700s ]
[2024-12-09T21:54:11+08:00][sql] CONNECT:[ UseTime:0.000649s ] mysql:host=127.0.0.1;port=3306;dbname=zhibo;charset=utf8mb4
[2024-12-09T21:54:11+08:00][sql] SHOW FULL COLUMNS FROM `cmf_hook` [ RunTime:0.001532s ]
[2024-12-09T21:54:11+08:00][sql] SELECT `hook`,`id` FROM `cmf_hook` WHERE  (  (  `app` = '' OR `app` = 'cmf' )  AND `type` = 3 ) OR `type` = 1 [ RunTime:0.000605s ]
[2024-12-09T21:54:11+08:00][sql] SHOW FULL COLUMNS FROM `cmf_hook_plugin` [ RunTime:0.001285s ]
[2024-12-09T21:54:11+08:00][sql] SELECT `hook`,`plugin` FROM `cmf_hook_plugin` WHERE  `status` = 1  AND `hook` IN ('app_begin','module_init','action_begin','view_filter','app_end','log_write','response_end','admin_init','home_init','send_mobile_verification_code','body_start','before_head_end','footer_start','before_footer','before_footer_end','before_body_end','left_sidebar_start','before_left_sidebar_end','right_sidebar_start','before_right_sidebar_end','comment','guestbook','switch_theme','after_content','before_content','log_write_done','switch_admin_theme','captcha_image') ORDER BY `list_order` ASC [ RunTime:0.000720s ]
[2024-12-09T21:54:12+08:00][sql] CONNECT:[ UseTime:0.000642s ] mysql:host=127.0.0.1;port=3306;dbname=zhibo;charset=utf8mb4
[2024-12-09T21:54:12+08:00][sql] SHOW FULL COLUMNS FROM `cmf_hook` [ RunTime:0.001477s ]
[2024-12-09T21:54:12+08:00][sql] SELECT `hook`,`id` FROM `cmf_hook` WHERE  (  (  `app` = '' OR `app` = 'cmf' )  AND `type` = 3 ) OR `type` = 1 [ RunTime:0.000631s ]
[2024-12-09T21:54:12+08:00][sql] SHOW FULL COLUMNS FROM `cmf_hook_plugin` [ RunTime:0.001236s ]
[2024-12-09T21:54:12+08:00][sql] SELECT `hook`,`plugin` FROM `cmf_hook_plugin` WHERE  `status` = 1  AND `hook` IN ('app_begin','module_init','action_begin','view_filter','app_end','log_write','response_end','admin_init','home_init','send_mobile_verification_code','body_start','before_head_end','footer_start','before_footer','before_footer_end','before_body_end','left_sidebar_start','before_left_sidebar_end','right_sidebar_start','before_right_sidebar_end','comment','guestbook','switch_theme','after_content','before_content','log_write_done','switch_admin_theme','captcha_image') ORDER BY `list_order` ASC [ RunTime:0.000695s ]
[2024-12-09T21:54:14+08:00][sql] CONNECT:[ UseTime:0.000671s ] mysql:host=127.0.0.1;port=3306;dbname=zhibo;charset=utf8mb4
[2024-12-09T21:54:14+08:00][sql] SHOW FULL COLUMNS FROM `cmf_hook` [ RunTime:0.001468s ]
[2024-12-09T21:54:14+08:00][sql] SELECT `hook`,`id` FROM `cmf_hook` WHERE  (  (  `app` = '' OR `app` = 'cmf' )  AND `type` = 3 ) OR `type` = 1 [ RunTime:0.000602s ]
[2024-12-09T21:54:14+08:00][sql] SHOW FULL COLUMNS FROM `cmf_hook_plugin` [ RunTime:0.001396s ]
[2024-12-09T21:54:14+08:00][sql] SELECT `hook`,`plugin` FROM `cmf_hook_plugin` WHERE  `status` = 1  AND `hook` IN ('app_begin','module_init','action_begin','view_filter','app_end','log_write','response_end','admin_init','home_init','send_mobile_verification_code','body_start','before_head_end','footer_start','before_footer','before_footer_end','before_body_end','left_sidebar_start','before_left_sidebar_end','right_sidebar_start','before_right_sidebar_end','comment','guestbook','switch_theme','after_content','before_content','log_write_done','switch_admin_theme','captcha_image') ORDER BY `list_order` ASC [ RunTime:0.000741s ]
[2024-12-09T21:54:14+08:00][sql] CONNECT:[ UseTime:0.000646s ] mysql:host=127.0.0.1;port=3306;dbname=zhibo;charset=utf8mb4
[2024-12-09T21:54:14+08:00][sql] SHOW FULL COLUMNS FROM `cmf_hook` [ RunTime:0.001517s ]
[2024-12-09T21:54:14+08:00][sql] SELECT `hook`,`id` FROM `cmf_hook` WHERE  (  (  `app` = '' OR `app` = 'cmf' )  AND `type` = 3 ) OR `type` = 1 [ RunTime:0.000650s ]
[2024-12-09T21:54:14+08:00][sql] SHOW FULL COLUMNS FROM `cmf_hook_plugin` [ RunTime:0.001260s ]
[2024-12-09T21:54:14+08:00][sql] SELECT `hook`,`plugin` FROM `cmf_hook_plugin` WHERE  `status` = 1  AND `hook` IN ('app_begin','module_init','action_begin','view_filter','app_end','log_write','response_end','admin_init','home_init','send_mobile_verification_code','body_start','before_head_end','footer_start','before_footer','before_footer_end','before_body_end','left_sidebar_start','before_left_sidebar_end','right_sidebar_start','before_right_sidebar_end','comment','guestbook','switch_theme','after_content','before_content','log_write_done','switch_admin_theme','captcha_image') ORDER BY `list_order` ASC [ RunTime:0.000683s ]
[2024-12-09T21:54:15+08:00][sql] CONNECT:[ UseTime:0.000649s ] mysql:host=127.0.0.1;port=3306;dbname=zhibo;charset=utf8mb4
[2024-12-09T21:54:15+08:00][sql] SHOW FULL COLUMNS FROM `cmf_hook` [ RunTime:0.001558s ]
[2024-12-09T21:54:15+08:00][sql] SELECT `hook`,`id` FROM `cmf_hook` WHERE  (  (  `app` = '' OR `app` = 'cmf' )  AND `type` = 3 ) OR `type` = 1 [ RunTime:0.000650s ]
[2024-12-09T21:54:15+08:00][sql] SHOW FULL COLUMNS FROM `cmf_hook_plugin` [ RunTime:0.001300s ]
[2024-12-09T21:54:15+08:00][sql] SELECT `hook`,`plugin` FROM `cmf_hook_plugin` WHERE  `status` = 1  AND `hook` IN ('app_begin','module_init','action_begin','view_filter','app_end','log_write','response_end','admin_init','home_init','send_mobile_verification_code','body_start','before_head_end','footer_start','before_footer','before_footer_end','before_body_end','left_sidebar_start','before_left_sidebar_end','right_sidebar_start','before_right_sidebar_end','comment','guestbook','switch_theme','after_content','before_content','log_write_done','switch_admin_theme','captcha_image') ORDER BY `list_order` ASC [ RunTime:0.000714s ]
[2024-12-09T21:54:16+08:00][sql] CONNECT:[ UseTime:0.000652s ] mysql:host=127.0.0.1;port=3306;dbname=zhibo;charset=utf8mb4
[2024-12-09T21:54:16+08:00][sql] SHOW FULL COLUMNS FROM `cmf_hook` [ RunTime:0.001595s ]
[2024-12-09T21:54:16+08:00][sql] SELECT `hook`,`id` FROM `cmf_hook` WHERE  (  (  `app` = '' OR `app` = 'cmf' )  AND `type` = 3 ) OR `type` = 1 [ RunTime:0.000692s ]
[2024-12-09T21:54:16+08:00][sql] SHOW FULL COLUMNS FROM `cmf_hook_plugin` [ RunTime:0.001306s ]
[2024-12-09T21:54:16+08:00][sql] SELECT `hook`,`plugin` FROM `cmf_hook_plugin` WHERE  `status` = 1  AND `hook` IN ('app_begin','module_init','action_begin','view_filter','app_end','log_write','response_end','admin_init','home_init','send_mobile_verification_code','body_start','before_head_end','footer_start','before_footer','before_footer_end','before_body_end','left_sidebar_start','before_left_sidebar_end','right_sidebar_start','before_right_sidebar_end','comment','guestbook','switch_theme','after_content','before_content','log_write_done','switch_admin_theme','captcha_image') ORDER BY `list_order` ASC [ RunTime:0.000724s ]
[2024-12-09T21:54:17+08:00][sql] CONNECT:[ UseTime:0.000624s ] mysql:host=127.0.0.1;port=3306;dbname=zhibo;charset=utf8mb4
[2024-12-09T21:54:17+08:00][sql] SHOW FULL COLUMNS FROM `cmf_hook` [ RunTime:0.001529s ]
[2024-12-09T21:54:17+08:00][sql] SELECT `hook`,`id` FROM `cmf_hook` WHERE  (  (  `app` = '' OR `app` = 'cmf' )  AND `type` = 3 ) OR `type` = 1 [ RunTime:0.000644s ]
[2024-12-09T21:54:17+08:00][sql] SHOW FULL COLUMNS FROM `cmf_hook_plugin` [ RunTime:0.001302s ]
[2024-12-09T21:54:17+08:00][sql] SELECT `hook`,`plugin` FROM `cmf_hook_plugin` WHERE  `status` = 1  AND `hook` IN ('app_begin','module_init','action_begin','view_filter','app_end','log_write','response_end','admin_init','home_init','send_mobile_verification_code','body_start','before_head_end','footer_start','before_footer','before_footer_end','before_body_end','left_sidebar_start','before_left_sidebar_end','right_sidebar_start','before_right_sidebar_end','comment','guestbook','switch_theme','after_content','before_content','log_write_done','switch_admin_theme','captcha_image') ORDER BY `list_order` ASC [ RunTime:0.000750s ]
[2024-12-09T21:54:17+08:00][sql] CONNECT:[ UseTime:0.000629s ] mysql:host=127.0.0.1;port=3306;dbname=zhibo;charset=utf8mb4
[2024-12-09T21:54:17+08:00][sql] SHOW FULL COLUMNS FROM `cmf_hook` [ RunTime:0.001530s ]
[2024-12-09T21:54:17+08:00][sql] SELECT `hook`,`id` FROM `cmf_hook` WHERE  (  (  `app` = '' OR `app` = 'cmf' )  AND `type` = 3 ) OR `type` = 1 [ RunTime:0.000661s ]
[2024-12-09T21:54:17+08:00][sql] SHOW FULL COLUMNS FROM `cmf_hook_plugin` [ RunTime:0.001272s ]
[2024-12-09T21:54:17+08:00][sql] SELECT `hook`,`plugin` FROM `cmf_hook_plugin` WHERE  `status` = 1  AND `hook` IN ('app_begin','module_init','action_begin','view_filter','app_end','log_write','response_end','admin_init','home_init','send_mobile_verification_code','body_start','before_head_end','footer_start','before_footer','before_footer_end','before_body_end','left_sidebar_start','before_left_sidebar_end','right_sidebar_start','before_right_sidebar_end','comment','guestbook','switch_theme','after_content','before_content','log_write_done','switch_admin_theme','captcha_image') ORDER BY `list_order` ASC [ RunTime:0.000676s ]
[2024-12-09T21:54:19+08:00][sql] CONNECT:[ UseTime:0.000675s ] mysql:host=127.0.0.1;port=3306;dbname=zhibo;charset=utf8mb4
[2024-12-09T21:54:19+08:00][sql] SHOW FULL COLUMNS FROM `cmf_hook` [ RunTime:0.001550s ]
[2024-12-09T21:54:19+08:00][sql] SELECT `hook`,`id` FROM `cmf_hook` WHERE  (  (  `app` = '' OR `app` = 'cmf' )  AND `type` = 3 ) OR `type` = 1 [ RunTime:0.000614s ]
[2024-12-09T21:54:19+08:00][sql] SHOW FULL COLUMNS FROM `cmf_hook_plugin` [ RunTime:0.001294s ]
[2024-12-09T21:54:19+08:00][sql] SELECT `hook`,`plugin` FROM `cmf_hook_plugin` WHERE  `status` = 1  AND `hook` IN ('app_begin','module_init','action_begin','view_filter','app_end','log_write','response_end','admin_init','home_init','send_mobile_verification_code','body_start','before_head_end','footer_start','before_footer','before_footer_end','before_body_end','left_sidebar_start','before_left_sidebar_end','right_sidebar_start','before_right_sidebar_end','comment','guestbook','switch_theme','after_content','before_content','log_write_done','switch_admin_theme','captcha_image') ORDER BY `list_order` ASC [ RunTime:0.000678s ]
[2024-12-09T21:54:19+08:00][sql] CONNECT:[ UseTime:0.000629s ] mysql:host=127.0.0.1;port=3306;dbname=zhibo;charset=utf8mb4
[2024-12-09T21:54:19+08:00][sql] SHOW FULL COLUMNS FROM `cmf_hook` [ RunTime:0.001562s ]
[2024-12-09T21:54:19+08:00][sql] SELECT `hook`,`id` FROM `cmf_hook` WHERE  (  (  `app` = '' OR `app` = 'cmf' )  AND `type` = 3 ) OR `type` = 1 [ RunTime:0.000632s ]
[2024-12-09T21:54:19+08:00][sql] SHOW FULL COLUMNS FROM `cmf_hook_plugin` [ RunTime:0.001292s ]
[2024-12-09T21:54:19+08:00][sql] SELECT `hook`,`plugin` FROM `cmf_hook_plugin` WHERE  `status` = 1  AND `hook` IN ('app_begin','module_init','action_begin','view_filter','app_end','log_write','response_end','admin_init','home_init','send_mobile_verification_code','body_start','before_head_end','footer_start','before_footer','before_footer_end','before_body_end','left_sidebar_start','before_left_sidebar_end','right_sidebar_start','before_right_sidebar_end','comment','guestbook','switch_theme','after_content','before_content','log_write_done','switch_admin_theme','captcha_image') ORDER BY `list_order` ASC [ RunTime:0.000682s ]
[2024-12-09T21:54:21+08:00][sql] CONNECT:[ UseTime:0.000621s ] mysql:host=127.0.0.1;port=3306;dbname=zhibo;charset=utf8mb4
[2024-12-09T21:54:21+08:00][sql] SHOW FULL COLUMNS FROM `cmf_hook` [ RunTime:0.001564s ]
[2024-12-09T21:54:21+08:00][sql] SELECT `hook`,`id` FROM `cmf_hook` WHERE  (  (  `app` = '' OR `app` = 'cmf' )  AND `type` = 3 ) OR `type` = 1 [ RunTime:0.000618s ]
[2024-12-09T21:54:21+08:00][sql] SHOW FULL COLUMNS FROM `cmf_hook_plugin` [ RunTime:0.001252s ]
[2024-12-09T21:54:21+08:00][sql] SELECT `hook`,`plugin` FROM `cmf_hook_plugin` WHERE  `status` = 1  AND `hook` IN ('app_begin','module_init','action_begin','view_filter','app_end','log_write','response_end','admin_init','home_init','send_mobile_verification_code','body_start','before_head_end','footer_start','before_footer','before_footer_end','before_body_end','left_sidebar_start','before_left_sidebar_end','right_sidebar_start','before_right_sidebar_end','comment','guestbook','switch_theme','after_content','before_content','log_write_done','switch_admin_theme','captcha_image') ORDER BY `list_order` ASC [ RunTime:0.000674s ]
[2024-12-09T21:54:21+08:00][sql] CONNECT:[ UseTime:0.000874s ] mysql:host=127.0.0.1;port=3306;dbname=zhibo;charset=utf8mb4
[2024-12-09T21:54:21+08:00][sql] SHOW FULL COLUMNS FROM `cmf_hook` [ RunTime:0.001717s ]
[2024-12-09T21:54:21+08:00][sql] SELECT `hook`,`id` FROM `cmf_hook` WHERE  (  (  `app` = '' OR `app` = 'cmf' )  AND `type` = 3 ) OR `type` = 1 [ RunTime:0.000757s ]
[2024-12-09T21:54:21+08:00][sql] SHOW FULL COLUMNS FROM `cmf_hook_plugin` [ RunTime:0.001467s ]
[2024-12-09T21:54:21+08:00][sql] SELECT `hook`,`plugin` FROM `cmf_hook_plugin` WHERE  `status` = 1  AND `hook` IN ('app_begin','module_init','action_begin','view_filter','app_end','log_write','response_end','admin_init','home_init','send_mobile_verification_code','body_start','before_head_end','footer_start','before_footer','before_footer_end','before_body_end','left_sidebar_start','before_left_sidebar_end','right_sidebar_start','before_right_sidebar_end','comment','guestbook','switch_theme','after_content','before_content','log_write_done','switch_admin_theme','captcha_image') ORDER BY `list_order` ASC [ RunTime:0.000782s ]
[2024-12-09T21:54:23+08:00][sql] CONNECT:[ UseTime:0.000901s ] mysql:host=127.0.0.1;port=3306;dbname=zhibo;charset=utf8mb4
[2024-12-09T21:54:23+08:00][sql] SHOW FULL COLUMNS FROM `cmf_hook` [ RunTime:0.001727s ]
[2024-12-09T21:54:23+08:00][sql] SELECT `hook`,`id` FROM `cmf_hook` WHERE  (  (  `app` = '' OR `app` = 'cmf' )  AND `type` = 3 ) OR `type` = 1 [ RunTime:0.000707s ]
[2024-12-09T21:54:23+08:00][sql] SHOW FULL COLUMNS FROM `cmf_hook_plugin` [ RunTime:0.001275s ]
[2024-12-09T21:54:23+08:00][sql] SELECT `hook`,`plugin` FROM `cmf_hook_plugin` WHERE  `status` = 1  AND `hook` IN ('app_begin','module_init','action_begin','view_filter','app_end','log_write','response_end','admin_init','home_init','send_mobile_verification_code','body_start','before_head_end','footer_start','before_footer','before_footer_end','before_body_end','left_sidebar_start','before_left_sidebar_end','right_sidebar_start','before_right_sidebar_end','comment','guestbook','switch_theme','after_content','before_content','log_write_done','switch_admin_theme','captcha_image') ORDER BY `list_order` ASC [ RunTime:0.000730s ]
[2024-12-09T21:54:23+08:00][sql] CONNECT:[ UseTime:0.000711s ] mysql:host=127.0.0.1;port=3306;dbname=zhibo;charset=utf8mb4
[2024-12-09T21:54:23+08:00][sql] SHOW FULL COLUMNS FROM `cmf_hook` [ RunTime:0.001767s ]
[2024-12-09T21:54:23+08:00][sql] SELECT `hook`,`id` FROM `cmf_hook` WHERE  (  (  `app` = '' OR `app` = 'cmf' )  AND `type` = 3 ) OR `type` = 1 [ RunTime:0.000838s ]
[2024-12-09T21:54:23+08:00][sql] SHOW FULL COLUMNS FROM `cmf_hook_plugin` [ RunTime:0.001485s ]
[2024-12-09T21:54:23+08:00][sql] SELECT `hook`,`plugin` FROM `cmf_hook_plugin` WHERE  `status` = 1  AND `hook` IN ('app_begin','module_init','action_begin','view_filter','app_end','log_write','response_end','admin_init','home_init','send_mobile_verification_code','body_start','before_head_end','footer_start','before_footer','before_footer_end','before_body_end','left_sidebar_start','before_left_sidebar_end','right_sidebar_start','before_right_sidebar_end','comment','guestbook','switch_theme','after_content','before_content','log_write_done','switch_admin_theme','captcha_image') ORDER BY `list_order` ASC [ RunTime:0.000885s ]
[2024-12-09T21:54:25+08:00][sql] CONNECT:[ UseTime:0.000869s ] mysql:host=127.0.0.1;port=3306;dbname=zhibo;charset=utf8mb4
[2024-12-09T21:54:25+08:00][sql] SHOW FULL COLUMNS FROM `cmf_hook` [ RunTime:0.001664s ]
[2024-12-09T21:54:25+08:00][sql] SELECT `hook`,`id` FROM `cmf_hook` WHERE  (  (  `app` = '' OR `app` = 'cmf' )  AND `type` = 3 ) OR `type` = 1 [ RunTime:0.000768s ]
[2024-12-09T21:54:25+08:00][sql] SHOW FULL COLUMNS FROM `cmf_hook_plugin` [ RunTime:0.001376s ]
[2024-12-09T21:54:25+08:00][sql] SELECT `hook`,`plugin` FROM `cmf_hook_plugin` WHERE  `status` = 1  AND `hook` IN ('app_begin','module_init','action_begin','view_filter','app_end','log_write','response_end','admin_init','home_init','send_mobile_verification_code','body_start','before_head_end','footer_start','before_footer','before_footer_end','before_body_end','left_sidebar_start','before_left_sidebar_end','right_sidebar_start','before_right_sidebar_end','comment','guestbook','switch_theme','after_content','before_content','log_write_done','switch_admin_theme','captcha_image') ORDER BY `list_order` ASC [ RunTime:0.000816s ]
[2024-12-09T21:54:25+08:00][sql] CONNECT:[ UseTime:0.000853s ] mysql:host=127.0.0.1;port=3306;dbname=zhibo;charset=utf8mb4
[2024-12-09T21:54:25+08:00][sql] SHOW FULL COLUMNS FROM `cmf_hook` [ RunTime:0.001785s ]
[2024-12-09T21:54:25+08:00][sql] SELECT `hook`,`id` FROM `cmf_hook` WHERE  (  (  `app` = '' OR `app` = 'cmf' )  AND `type` = 3 ) OR `type` = 1 [ RunTime:0.000648s ]
[2024-12-09T21:54:25+08:00][sql] SHOW FULL COLUMNS FROM `cmf_hook_plugin` [ RunTime:0.001267s ]
[2024-12-09T21:54:25+08:00][sql] SELECT `hook`,`plugin` FROM `cmf_hook_plugin` WHERE  `status` = 1  AND `hook` IN ('app_begin','module_init','action_begin','view_filter','app_end','log_write','response_end','admin_init','home_init','send_mobile_verification_code','body_start','before_head_end','footer_start','before_footer','before_footer_end','before_body_end','left_sidebar_start','before_left_sidebar_end','right_sidebar_start','before_right_sidebar_end','comment','guestbook','switch_theme','after_content','before_content','log_write_done','switch_admin_theme','captcha_image') ORDER BY `list_order` ASC [ RunTime:0.000689s ]
[2024-12-09T21:54:27+08:00][sql] CONNECT:[ UseTime:0.000834s ] mysql:host=127.0.0.1;port=3306;dbname=zhibo;charset=utf8mb4
[2024-12-09T21:54:27+08:00][sql] SHOW FULL COLUMNS FROM `cmf_hook` [ RunTime:0.001638s ]
[2024-12-09T21:54:27+08:00][sql] SELECT `hook`,`id` FROM `cmf_hook` WHERE  (  (  `app` = '' OR `app` = 'cmf' )  AND `type` = 3 ) OR `type` = 1 [ RunTime:0.000683s ]
[2024-12-09T21:54:27+08:00][sql] SHOW FULL COLUMNS FROM `cmf_hook_plugin` [ RunTime:0.001391s ]
[2024-12-09T21:54:27+08:00][sql] SELECT `hook`,`plugin` FROM `cmf_hook_plugin` WHERE  `status` = 1  AND `hook` IN ('app_begin','module_init','action_begin','view_filter','app_end','log_write','response_end','admin_init','home_init','send_mobile_verification_code','body_start','before_head_end','footer_start','before_footer','before_footer_end','before_body_end','left_sidebar_start','before_left_sidebar_end','right_sidebar_start','before_right_sidebar_end','comment','guestbook','switch_theme','after_content','before_content','log_write_done','switch_admin_theme','captcha_image') ORDER BY `list_order` ASC [ RunTime:0.000819s ]
[2024-12-09T21:54:27+08:00][sql] CONNECT:[ UseTime:0.000664s ] mysql:host=127.0.0.1;port=3306;dbname=zhibo;charset=utf8mb4
[2024-12-09T21:54:27+08:00][sql] SHOW FULL COLUMNS FROM `cmf_hook` [ RunTime:0.001584s ]
[2024-12-09T21:54:27+08:00][sql] SELECT `hook`,`id` FROM `cmf_hook` WHERE  (  (  `app` = '' OR `app` = 'cmf' )  AND `type` = 3 ) OR `type` = 1 [ RunTime:0.000651s ]
[2024-12-09T21:54:27+08:00][sql] SHOW FULL COLUMNS FROM `cmf_hook_plugin` [ RunTime:0.001301s ]
[2024-12-09T21:54:27+08:00][sql] SELECT `hook`,`plugin` FROM `cmf_hook_plugin` WHERE  `status` = 1  AND `hook` IN ('app_begin','module_init','action_begin','view_filter','app_end','log_write','response_end','admin_init','home_init','send_mobile_verification_code','body_start','before_head_end','footer_start','before_footer','before_footer_end','before_body_end','left_sidebar_start','before_left_sidebar_end','right_sidebar_start','before_right_sidebar_end','comment','guestbook','switch_theme','after_content','before_content','log_write_done','switch_admin_theme','captcha_image') ORDER BY `list_order` ASC [ RunTime:0.000723s ]
[2024-12-09T21:54:29+08:00][sql] CONNECT:[ UseTime:0.000614s ] mysql:host=127.0.0.1;port=3306;dbname=zhibo;charset=utf8mb4
[2024-12-09T21:54:29+08:00][sql] SHOW FULL COLUMNS FROM `cmf_hook` [ RunTime:0.001469s ]
[2024-12-09T21:54:29+08:00][sql] SELECT `hook`,`id` FROM `cmf_hook` WHERE  (  (  `app` = '' OR `app` = 'cmf' )  AND `type` = 3 ) OR `type` = 1 [ RunTime:0.000614s ]
[2024-12-09T21:54:29+08:00][sql] SHOW FULL COLUMNS FROM `cmf_hook_plugin` [ RunTime:0.001190s ]
[2024-12-09T21:54:29+08:00][sql] SELECT `hook`,`plugin` FROM `cmf_hook_plugin` WHERE  `status` = 1  AND `hook` IN ('app_begin','module_init','action_begin','view_filter','app_end','log_write','response_end','admin_init','home_init','send_mobile_verification_code','body_start','before_head_end','footer_start','before_footer','before_footer_end','before_body_end','left_sidebar_start','before_left_sidebar_end','right_sidebar_start','before_right_sidebar_end','comment','guestbook','switch_theme','after_content','before_content','log_write_done','switch_admin_theme','captcha_image') ORDER BY `list_order` ASC [ RunTime:0.000655s ]
[2024-12-09T21:54:29+08:00][sql] CONNECT:[ UseTime:0.000669s ] mysql:host=127.0.0.1;port=3306;dbname=zhibo;charset=utf8mb4
[2024-12-09T21:54:29+08:00][sql] SHOW FULL COLUMNS FROM `cmf_hook` [ RunTime:0.001519s ]
[2024-12-09T21:54:29+08:00][sql] SELECT `hook`,`id` FROM `cmf_hook` WHERE  (  (  `app` = '' OR `app` = 'cmf' )  AND `type` = 3 ) OR `type` = 1 [ RunTime:0.000693s ]
[2024-12-09T21:54:29+08:00][sql] SHOW FULL COLUMNS FROM `cmf_hook_plugin` [ RunTime:0.001291s ]
[2024-12-09T21:54:29+08:00][sql] SELECT `hook`,`plugin` FROM `cmf_hook_plugin` WHERE  `status` = 1  AND `hook` IN ('app_begin','module_init','action_begin','view_filter','app_end','log_write','response_end','admin_init','home_init','send_mobile_verification_code','body_start','before_head_end','footer_start','before_footer','before_footer_end','before_body_end','left_sidebar_start','before_left_sidebar_end','right_sidebar_start','before_right_sidebar_end','comment','guestbook','switch_theme','after_content','before_content','log_write_done','switch_admin_theme','captcha_image') ORDER BY `list_order` ASC [ RunTime:0.000768s ]
[2024-12-09T21:54:31+08:00][sql] CONNECT:[ UseTime:0.000654s ] mysql:host=127.0.0.1;port=3306;dbname=zhibo;charset=utf8mb4
[2024-12-09T21:54:31+08:00][sql] SHOW FULL COLUMNS FROM `cmf_hook` [ RunTime:0.001498s ]
[2024-12-09T21:54:31+08:00][sql] SELECT `hook`,`id` FROM `cmf_hook` WHERE  (  (  `app` = '' OR `app` = 'cmf' )  AND `type` = 3 ) OR `type` = 1 [ RunTime:0.000635s ]
[2024-12-09T21:54:31+08:00][sql] SHOW FULL COLUMNS FROM `cmf_hook_plugin` [ RunTime:0.001242s ]
[2024-12-09T21:54:31+08:00][sql] SELECT `hook`,`plugin` FROM `cmf_hook_plugin` WHERE  `status` = 1  AND `hook` IN ('app_begin','module_init','action_begin','view_filter','app_end','log_write','response_end','admin_init','home_init','send_mobile_verification_code','body_start','before_head_end','footer_start','before_footer','before_footer_end','before_body_end','left_sidebar_start','before_left_sidebar_end','right_sidebar_start','before_right_sidebar_end','comment','guestbook','switch_theme','after_content','before_content','log_write_done','switch_admin_theme','captcha_image') ORDER BY `list_order` ASC [ RunTime:0.000685s ]
[2024-12-09T21:54:31+08:00][sql] CONNECT:[ UseTime:0.000627s ] mysql:host=127.0.0.1;port=3306;dbname=zhibo;charset=utf8mb4
[2024-12-09T21:54:31+08:00][sql] SHOW FULL COLUMNS FROM `cmf_hook` [ RunTime:0.001578s ]
[2024-12-09T21:54:31+08:00][sql] SELECT `hook`,`id` FROM `cmf_hook` WHERE  (  (  `app` = '' OR `app` = 'cmf' )  AND `type` = 3 ) OR `type` = 1 [ RunTime:0.000654s ]
[2024-12-09T21:54:31+08:00][sql] SHOW FULL COLUMNS FROM `cmf_hook_plugin` [ RunTime:0.001274s ]
[2024-12-09T21:54:31+08:00][sql] SELECT `hook`,`plugin` FROM `cmf_hook_plugin` WHERE  `status` = 1  AND `hook` IN ('app_begin','module_init','action_begin','view_filter','app_end','log_write','response_end','admin_init','home_init','send_mobile_verification_code','body_start','before_head_end','footer_start','before_footer','before_footer_end','before_body_end','left_sidebar_start','before_left_sidebar_end','right_sidebar_start','before_right_sidebar_end','comment','guestbook','switch_theme','after_content','before_content','log_write_done','switch_admin_theme','captcha_image') ORDER BY `list_order` ASC [ RunTime:0.000755s ]
[2024-12-09T21:54:33+08:00][sql] CONNECT:[ UseTime:0.000635s ] mysql:host=127.0.0.1;port=3306;dbname=zhibo;charset=utf8mb4
[2024-12-09T21:54:33+08:00][sql] SHOW FULL COLUMNS FROM `cmf_hook` [ RunTime:0.001584s ]
[2024-12-09T21:54:33+08:00][sql] SELECT `hook`,`id` FROM `cmf_hook` WHERE  (  (  `app` = '' OR `app` = 'cmf' )  AND `type` = 3 ) OR `type` = 1 [ RunTime:0.000613s ]
[2024-12-09T21:54:33+08:00][sql] SHOW FULL COLUMNS FROM `cmf_hook_plugin` [ RunTime:0.001270s ]
[2024-12-09T21:54:33+08:00][sql] SELECT `hook`,`plugin` FROM `cmf_hook_plugin` WHERE  `status` = 1  AND `hook` IN ('app_begin','module_init','action_begin','view_filter','app_end','log_write','response_end','admin_init','home_init','send_mobile_verification_code','body_start','before_head_end','footer_start','before_footer','before_footer_end','before_body_end','left_sidebar_start','before_left_sidebar_end','right_sidebar_start','before_right_sidebar_end','comment','guestbook','switch_theme','after_content','before_content','log_write_done','switch_admin_theme','captcha_image') ORDER BY `list_order` ASC [ RunTime:0.000689s ]
[2024-12-09T21:54:33+08:00][sql] CONNECT:[ UseTime:0.000698s ] mysql:host=127.0.0.1;port=3306;dbname=zhibo;charset=utf8mb4
[2024-12-09T21:54:33+08:00][sql] SHOW FULL COLUMNS FROM `cmf_hook` [ RunTime:0.001670s ]
[2024-12-09T21:54:33+08:00][sql] SELECT `hook`,`id` FROM `cmf_hook` WHERE  (  (  `app` = '' OR `app` = 'cmf' )  AND `type` = 3 ) OR `type` = 1 [ RunTime:0.000670s ]
[2024-12-09T21:54:33+08:00][sql] SHOW FULL COLUMNS FROM `cmf_hook_plugin` [ RunTime:0.001375s ]
[2024-12-09T21:54:33+08:00][sql] SELECT `hook`,`plugin` FROM `cmf_hook_plugin` WHERE  `status` = 1  AND `hook` IN ('app_begin','module_init','action_begin','view_filter','app_end','log_write','response_end','admin_init','home_init','send_mobile_verification_code','body_start','before_head_end','footer_start','before_footer','before_footer_end','before_body_end','left_sidebar_start','before_left_sidebar_end','right_sidebar_start','before_right_sidebar_end','comment','guestbook','switch_theme','after_content','before_content','log_write_done','switch_admin_theme','captcha_image') ORDER BY `list_order` ASC [ RunTime:0.000723s ]
[2024-12-09T21:54:35+08:00][sql] CONNECT:[ UseTime:0.000660s ] mysql:host=127.0.0.1;port=3306;dbname=zhibo;charset=utf8mb4
[2024-12-09T21:54:35+08:00][sql] SHOW FULL COLUMNS FROM `cmf_hook` [ RunTime:0.001547s ]
[2024-12-09T21:54:35+08:00][sql] SELECT `hook`,`id` FROM `cmf_hook` WHERE  (  (  `app` = '' OR `app` = 'cmf' )  AND `type` = 3 ) OR `type` = 1 [ RunTime:0.000607s ]
[2024-12-09T21:54:35+08:00][sql] SHOW FULL COLUMNS FROM `cmf_hook_plugin` [ RunTime:0.001291s ]
[2024-12-09T21:54:35+08:00][sql] SELECT `hook`,`plugin` FROM `cmf_hook_plugin` WHERE  `status` = 1  AND `hook` IN ('app_begin','module_init','action_begin','view_filter','app_end','log_write','response_end','admin_init','home_init','send_mobile_verification_code','body_start','before_head_end','footer_start','before_footer','before_footer_end','before_body_end','left_sidebar_start','before_left_sidebar_end','right_sidebar_start','before_right_sidebar_end','comment','guestbook','switch_theme','after_content','before_content','log_write_done','switch_admin_theme','captcha_image') ORDER BY `list_order` ASC [ RunTime:0.000695s ]
[2024-12-09T21:54:35+08:00][sql] CONNECT:[ UseTime:0.000667s ] mysql:host=127.0.0.1;port=3306;dbname=zhibo;charset=utf8mb4
[2024-12-09T21:54:35+08:00][sql] SHOW FULL COLUMNS FROM `cmf_hook` [ RunTime:0.001534s ]
[2024-12-09T21:54:35+08:00][sql] SELECT `hook`,`id` FROM `cmf_hook` WHERE  (  (  `app` = '' OR `app` = 'cmf' )  AND `type` = 3 ) OR `type` = 1 [ RunTime:0.000659s ]
[2024-12-09T21:54:35+08:00][sql] SHOW FULL COLUMNS FROM `cmf_hook_plugin` [ RunTime:0.001267s ]
[2024-12-09T21:54:35+08:00][sql] SELECT `hook`,`plugin` FROM `cmf_hook_plugin` WHERE  `status` = 1  AND `hook` IN ('app_begin','module_init','action_begin','view_filter','app_end','log_write','response_end','admin_init','home_init','send_mobile_verification_code','body_start','before_head_end','footer_start','before_footer','before_footer_end','before_body_end','left_sidebar_start','before_left_sidebar_end','right_sidebar_start','before_right_sidebar_end','comment','guestbook','switch_theme','after_content','before_content','log_write_done','switch_admin_theme','captcha_image') ORDER BY `list_order` ASC [ RunTime:0.000705s ]
[2024-12-09T21:54:37+08:00][sql] CONNECT:[ UseTime:0.000611s ] mysql:host=127.0.0.1;port=3306;dbname=zhibo;charset=utf8mb4
[2024-12-09T21:54:37+08:00][sql] SHOW FULL COLUMNS FROM `cmf_hook` [ RunTime:0.001569s ]
[2024-12-09T21:54:37+08:00][sql] SELECT `hook`,`id` FROM `cmf_hook` WHERE  (  (  `app` = '' OR `app` = 'cmf' )  AND `type` = 3 ) OR `type` = 1 [ RunTime:0.000668s ]
[2024-12-09T21:54:37+08:00][sql] SHOW FULL COLUMNS FROM `cmf_hook_plugin` [ RunTime:0.001308s ]
[2024-12-09T21:54:37+08:00][sql] SELECT `hook`,`plugin` FROM `cmf_hook_plugin` WHERE  `status` = 1  AND `hook` IN ('app_begin','module_init','action_begin','view_filter','app_end','log_write','response_end','admin_init','home_init','send_mobile_verification_code','body_start','before_head_end','footer_start','before_footer','before_footer_end','before_body_end','left_sidebar_start','before_left_sidebar_end','right_sidebar_start','before_right_sidebar_end','comment','guestbook','switch_theme','after_content','before_content','log_write_done','switch_admin_theme','captcha_image') ORDER BY `list_order` ASC [ RunTime:0.000731s ]
[2024-12-09T21:54:37+08:00][sql] CONNECT:[ UseTime:0.000704s ] mysql:host=127.0.0.1;port=3306;dbname=zhibo;charset=utf8mb4
[2024-12-09T21:54:37+08:00][sql] SHOW FULL COLUMNS FROM `cmf_hook` [ RunTime:0.001558s ]
[2024-12-09T21:54:37+08:00][sql] SELECT `hook`,`id` FROM `cmf_hook` WHERE  (  (  `app` = '' OR `app` = 'cmf' )  AND `type` = 3 ) OR `type` = 1 [ RunTime:0.000697s ]
[2024-12-09T21:54:37+08:00][sql] SHOW FULL COLUMNS FROM `cmf_hook_plugin` [ RunTime:0.001323s ]
[2024-12-09T21:54:37+08:00][sql] SELECT `hook`,`plugin` FROM `cmf_hook_plugin` WHERE  `status` = 1  AND `hook` IN ('app_begin','module_init','action_begin','view_filter','app_end','log_write','response_end','admin_init','home_init','send_mobile_verification_code','body_start','before_head_end','footer_start','before_footer','before_footer_end','before_body_end','left_sidebar_start','before_left_sidebar_end','right_sidebar_start','before_right_sidebar_end','comment','guestbook','switch_theme','after_content','before_content','log_write_done','switch_admin_theme','captcha_image') ORDER BY `list_order` ASC [ RunTime:0.000724s ]
[2024-12-09T21:54:39+08:00][sql] CONNECT:[ UseTime:0.000659s ] mysql:host=127.0.0.1;port=3306;dbname=zhibo;charset=utf8mb4
[2024-12-09T21:54:39+08:00][sql] SHOW FULL COLUMNS FROM `cmf_hook` [ RunTime:0.001510s ]
[2024-12-09T21:54:39+08:00][sql] SELECT `hook`,`id` FROM `cmf_hook` WHERE  (  (  `app` = '' OR `app` = 'cmf' )  AND `type` = 3 ) OR `type` = 1 [ RunTime:0.000610s ]
[2024-12-09T21:54:39+08:00][sql] SHOW FULL COLUMNS FROM `cmf_hook_plugin` [ RunTime:0.001251s ]
[2024-12-09T21:54:39+08:00][sql] SELECT `hook`,`plugin` FROM `cmf_hook_plugin` WHERE  `status` = 1  AND `hook` IN ('app_begin','module_init','action_begin','view_filter','app_end','log_write','response_end','admin_init','home_init','send_mobile_verification_code','body_start','before_head_end','footer_start','before_footer','before_footer_end','before_body_end','left_sidebar_start','before_left_sidebar_end','right_sidebar_start','before_right_sidebar_end','comment','guestbook','switch_theme','after_content','before_content','log_write_done','switch_admin_theme','captcha_image') ORDER BY `list_order` ASC [ RunTime:0.000668s ]
[2024-12-09T21:54:39+08:00][sql] CONNECT:[ UseTime:0.000640s ] mysql:host=127.0.0.1;port=3306;dbname=zhibo;charset=utf8mb4
[2024-12-09T21:54:39+08:00][sql] SHOW FULL COLUMNS FROM `cmf_hook` [ RunTime:0.001528s ]
[2024-12-09T21:54:39+08:00][sql] SELECT `hook`,`id` FROM `cmf_hook` WHERE  (  (  `app` = '' OR `app` = 'cmf' )  AND `type` = 3 ) OR `type` = 1 [ RunTime:0.000642s ]
[2024-12-09T21:54:39+08:00][sql] SHOW FULL COLUMNS FROM `cmf_hook_plugin` [ RunTime:0.001259s ]
[2024-12-09T21:54:39+08:00][sql] SELECT `hook`,`plugin` FROM `cmf_hook_plugin` WHERE  `status` = 1  AND `hook` IN ('app_begin','module_init','action_begin','view_filter','app_end','log_write','response_end','admin_init','home_init','send_mobile_verification_code','body_start','before_head_end','footer_start','before_footer','before_footer_end','before_body_end','left_sidebar_start','before_left_sidebar_end','right_sidebar_start','before_right_sidebar_end','comment','guestbook','switch_theme','after_content','before_content','log_write_done','switch_admin_theme','captcha_image') ORDER BY `list_order` ASC [ RunTime:0.000707s ]
[2024-12-09T21:54:40+08:00][sql] CONNECT:[ UseTime:0.000649s ] mysql:host=127.0.0.1;port=3306;dbname=zhibo;charset=utf8mb4
[2024-12-09T21:54:40+08:00][sql] SHOW FULL COLUMNS FROM `cmf_hook` [ RunTime:0.001537s ]
[2024-12-09T21:54:40+08:00][sql] SELECT `hook`,`id` FROM `cmf_hook` WHERE  (  (  `app` = '' OR `app` = 'cmf' )  AND `type` = 3 ) OR `type` = 1 [ RunTime:0.000666s ]
[2024-12-09T21:54:40+08:00][sql] SHOW FULL COLUMNS FROM `cmf_hook_plugin` [ RunTime:0.001260s ]
[2024-12-09T21:54:40+08:00][sql] SELECT `hook`,`plugin` FROM `cmf_hook_plugin` WHERE  `status` = 1  AND `hook` IN ('app_begin','module_init','action_begin','view_filter','app_end','log_write','response_end','admin_init','home_init','send_mobile_verification_code','body_start','before_head_end','footer_start','before_footer','before_footer_end','before_body_end','left_sidebar_start','before_left_sidebar_end','right_sidebar_start','before_right_sidebar_end','comment','guestbook','switch_theme','after_content','before_content','log_write_done','switch_admin_theme','captcha_image') ORDER BY `list_order` ASC [ RunTime:0.000732s ]
[2024-12-09T21:54:41+08:00][sql] CONNECT:[ UseTime:0.000666s ] mysql:host=127.0.0.1;port=3306;dbname=zhibo;charset=utf8mb4
[2024-12-09T21:54:41+08:00][sql] SHOW FULL COLUMNS FROM `cmf_hook` [ RunTime:0.001551s ]
[2024-12-09T21:54:41+08:00][sql] SELECT `hook`,`id` FROM `cmf_hook` WHERE  (  (  `app` = '' OR `app` = 'cmf' )  AND `type` = 3 ) OR `type` = 1 [ RunTime:0.000681s ]
[2024-12-09T21:54:41+08:00][sql] SHOW FULL COLUMNS FROM `cmf_hook_plugin` [ RunTime:0.001306s ]
[2024-12-09T21:54:41+08:00][sql] SELECT `hook`,`plugin` FROM `cmf_hook_plugin` WHERE  `status` = 1  AND `hook` IN ('app_begin','module_init','action_begin','view_filter','app_end','log_write','response_end','admin_init','home_init','send_mobile_verification_code','body_start','before_head_end','footer_start','before_footer','before_footer_end','before_body_end','left_sidebar_start','before_left_sidebar_end','right_sidebar_start','before_right_sidebar_end','comment','guestbook','switch_theme','after_content','before_content','log_write_done','switch_admin_theme','captcha_image') ORDER BY `list_order` ASC [ RunTime:0.000708s ]
[2024-12-09T21:54:42+08:00][sql] CONNECT:[ UseTime:0.000647s ] mysql:host=127.0.0.1;port=3306;dbname=zhibo;charset=utf8mb4
[2024-12-09T21:54:42+08:00][sql] SHOW FULL COLUMNS FROM `cmf_hook` [ RunTime:0.001499s ]
[2024-12-09T21:54:42+08:00][sql] SELECT `hook`,`id` FROM `cmf_hook` WHERE  (  (  `app` = '' OR `app` = 'cmf' )  AND `type` = 3 ) OR `type` = 1 [ RunTime:0.000639s ]
[2024-12-09T21:54:42+08:00][sql] SHOW FULL COLUMNS FROM `cmf_hook_plugin` [ RunTime:0.001253s ]
[2024-12-09T21:54:42+08:00][sql] SELECT `hook`,`plugin` FROM `cmf_hook_plugin` WHERE  `status` = 1  AND `hook` IN ('app_begin','module_init','action_begin','view_filter','app_end','log_write','response_end','admin_init','home_init','send_mobile_verification_code','body_start','before_head_end','footer_start','before_footer','before_footer_end','before_body_end','left_sidebar_start','before_left_sidebar_end','right_sidebar_start','before_right_sidebar_end','comment','guestbook','switch_theme','after_content','before_content','log_write_done','switch_admin_theme','captcha_image') ORDER BY `list_order` ASC [ RunTime:0.000688s ]
[2024-12-09T21:54:42+08:00][sql] CONNECT:[ UseTime:0.000667s ] mysql:host=127.0.0.1;port=3306;dbname=zhibo;charset=utf8mb4
[2024-12-09T21:54:42+08:00][sql] SHOW FULL COLUMNS FROM `cmf_hook` [ RunTime:0.001548s ]
[2024-12-09T21:54:42+08:00][sql] SELECT `hook`,`id` FROM `cmf_hook` WHERE  (  (  `app` = '' OR `app` = 'cmf' )  AND `type` = 3 ) OR `type` = 1 [ RunTime:0.000668s ]
[2024-12-09T21:54:42+08:00][sql] SHOW FULL COLUMNS FROM `cmf_hook_plugin` [ RunTime:0.001318s ]
[2024-12-09T21:54:42+08:00][sql] SELECT `hook`,`plugin` FROM `cmf_hook_plugin` WHERE  `status` = 1  AND `hook` IN ('app_begin','module_init','action_begin','view_filter','app_end','log_write','response_end','admin_init','home_init','send_mobile_verification_code','body_start','before_head_end','footer_start','before_footer','before_footer_end','before_body_end','left_sidebar_start','before_left_sidebar_end','right_sidebar_start','before_right_sidebar_end','comment','guestbook','switch_theme','after_content','before_content','log_write_done','switch_admin_theme','captcha_image') ORDER BY `list_order` ASC [ RunTime:0.000714s ]
[2024-12-09T21:54:44+08:00][sql] CONNECT:[ UseTime:0.000623s ] mysql:host=127.0.0.1;port=3306;dbname=zhibo;charset=utf8mb4
[2024-12-09T21:54:44+08:00][sql] SHOW FULL COLUMNS FROM `cmf_hook` [ RunTime:0.001562s ]
[2024-12-09T21:54:44+08:00][sql] SELECT `hook`,`id` FROM `cmf_hook` WHERE  (  (  `app` = '' OR `app` = 'cmf' )  AND `type` = 3 ) OR `type` = 1 [ RunTime:0.000701s ]
[2024-12-09T21:54:44+08:00][sql] SHOW FULL COLUMNS FROM `cmf_hook_plugin` [ RunTime:0.001328s ]
[2024-12-09T21:54:44+08:00][sql] SELECT `hook`,`plugin` FROM `cmf_hook_plugin` WHERE  `status` = 1  AND `hook` IN ('app_begin','module_init','action_begin','view_filter','app_end','log_write','response_end','admin_init','home_init','send_mobile_verification_code','body_start','before_head_end','footer_start','before_footer','before_footer_end','before_body_end','left_sidebar_start','before_left_sidebar_end','right_sidebar_start','before_right_sidebar_end','comment','guestbook','switch_theme','after_content','before_content','log_write_done','switch_admin_theme','captcha_image') ORDER BY `list_order` ASC [ RunTime:0.000725s ]
[2024-12-09T21:54:44+08:00][sql] CONNECT:[ UseTime:0.000650s ] mysql:host=127.0.0.1;port=3306;dbname=zhibo;charset=utf8mb4
[2024-12-09T21:54:44+08:00][sql] SHOW FULL COLUMNS FROM `cmf_hook` [ RunTime:0.001536s ]
[2024-12-09T21:54:44+08:00][sql] SELECT `hook`,`id` FROM `cmf_hook` WHERE  (  (  `app` = '' OR `app` = 'cmf' )  AND `type` = 3 ) OR `type` = 1 [ RunTime:0.000636s ]
[2024-12-09T21:54:44+08:00][sql] SHOW FULL COLUMNS FROM `cmf_hook_plugin` [ RunTime:0.001289s ]
[2024-12-09T21:54:44+08:00][sql] SELECT `hook`,`plugin` FROM `cmf_hook_plugin` WHERE  `status` = 1  AND `hook` IN ('app_begin','module_init','action_begin','view_filter','app_end','log_write','response_end','admin_init','home_init','send_mobile_verification_code','body_start','before_head_end','footer_start','before_footer','before_footer_end','before_body_end','left_sidebar_start','before_left_sidebar_end','right_sidebar_start','before_right_sidebar_end','comment','guestbook','switch_theme','after_content','before_content','log_write_done','switch_admin_theme','captcha_image') ORDER BY `list_order` ASC [ RunTime:0.000685s ]
[2024-12-09T21:54:46+08:00][sql] CONNECT:[ UseTime:0.000673s ] mysql:host=127.0.0.1;port=3306;dbname=zhibo;charset=utf8mb4
[2024-12-09T21:54:46+08:00][sql] SHOW FULL COLUMNS FROM `cmf_hook` [ RunTime:0.001541s ]
[2024-12-09T21:54:46+08:00][sql] SELECT `hook`,`id` FROM `cmf_hook` WHERE  (  (  `app` = '' OR `app` = 'cmf' )  AND `type` = 3 ) OR `type` = 1 [ RunTime:0.000644s ]
[2024-12-09T21:54:46+08:00][sql] SHOW FULL COLUMNS FROM `cmf_hook_plugin` [ RunTime:0.001256s ]
[2024-12-09T21:54:46+08:00][sql] SELECT `hook`,`plugin` FROM `cmf_hook_plugin` WHERE  `status` = 1  AND `hook` IN ('app_begin','module_init','action_begin','view_filter','app_end','log_write','response_end','admin_init','home_init','send_mobile_verification_code','body_start','before_head_end','footer_start','before_footer','before_footer_end','before_body_end','left_sidebar_start','before_left_sidebar_end','right_sidebar_start','before_right_sidebar_end','comment','guestbook','switch_theme','after_content','before_content','log_write_done','switch_admin_theme','captcha_image') ORDER BY `list_order` ASC [ RunTime:0.000690s ]
[2024-12-09T21:54:48+08:00][sql] CONNECT:[ UseTime:0.000673s ] mysql:host=127.0.0.1;port=3306;dbname=zhibo;charset=utf8mb4
[2024-12-09T21:54:48+08:00][sql] SHOW FULL COLUMNS FROM `cmf_hook` [ RunTime:0.001617s ]
[2024-12-09T21:54:48+08:00][sql] SELECT `hook`,`id` FROM `cmf_hook` WHERE  (  (  `app` = '' OR `app` = 'cmf' )  AND `type` = 3 ) OR `type` = 1 [ RunTime:0.000710s ]
[2024-12-09T21:54:48+08:00][sql] SHOW FULL COLUMNS FROM `cmf_hook_plugin` [ RunTime:0.001360s ]
[2024-12-09T21:54:48+08:00][sql] SELECT `hook`,`plugin` FROM `cmf_hook_plugin` WHERE  `status` = 1  AND `hook` IN ('app_begin','module_init','action_begin','view_filter','app_end','log_write','response_end','admin_init','home_init','send_mobile_verification_code','body_start','before_head_end','footer_start','before_footer','before_footer_end','before_body_end','left_sidebar_start','before_left_sidebar_end','right_sidebar_start','before_right_sidebar_end','comment','guestbook','switch_theme','after_content','before_content','log_write_done','switch_admin_theme','captcha_image') ORDER BY `list_order` ASC [ RunTime:0.000770s ]
[2024-12-09T21:54:48+08:00][sql] CONNECT:[ UseTime:0.000662s ] mysql:host=127.0.0.1;port=3306;dbname=zhibo;charset=utf8mb4
[2024-12-09T21:54:48+08:00][sql] SHOW FULL COLUMNS FROM `cmf_hook` [ RunTime:0.001565s ]
[2024-12-09T21:54:48+08:00][sql] SELECT `hook`,`id` FROM `cmf_hook` WHERE  (  (  `app` = '' OR `app` = 'cmf' )  AND `type` = 3 ) OR `type` = 1 [ RunTime:0.000690s ]
[2024-12-09T21:54:48+08:00][sql] SHOW FULL COLUMNS FROM `cmf_hook_plugin` [ RunTime:0.001325s ]
[2024-12-09T21:54:48+08:00][sql] SELECT `hook`,`plugin` FROM `cmf_hook_plugin` WHERE  `status` = 1  AND `hook` IN ('app_begin','module_init','action_begin','view_filter','app_end','log_write','response_end','admin_init','home_init','send_mobile_verification_code','body_start','before_head_end','footer_start','before_footer','before_footer_end','before_body_end','left_sidebar_start','before_left_sidebar_end','right_sidebar_start','before_right_sidebar_end','comment','guestbook','switch_theme','after_content','before_content','log_write_done','switch_admin_theme','captcha_image') ORDER BY `list_order` ASC [ RunTime:0.000731s ]
[2024-12-09T21:54:50+08:00][sql] CONNECT:[ UseTime:0.000732s ] mysql:host=127.0.0.1;port=3306;dbname=zhibo;charset=utf8mb4
[2024-12-09T21:54:50+08:00][sql] SHOW FULL COLUMNS FROM `cmf_hook` [ RunTime:0.001741s ]
[2024-12-09T21:54:50+08:00][sql] SELECT `hook`,`id` FROM `cmf_hook` WHERE  (  (  `app` = '' OR `app` = 'cmf' )  AND `type` = 3 ) OR `type` = 1 [ RunTime:0.000726s ]
[2024-12-09T21:54:50+08:00][sql] SHOW FULL COLUMNS FROM `cmf_hook_plugin` [ RunTime:0.001493s ]
[2024-12-09T21:54:50+08:00][sql] SELECT `hook`,`plugin` FROM `cmf_hook_plugin` WHERE  `status` = 1  AND `hook` IN ('app_begin','module_init','action_begin','view_filter','app_end','log_write','response_end','admin_init','home_init','send_mobile_verification_code','body_start','before_head_end','footer_start','before_footer','before_footer_end','before_body_end','left_sidebar_start','before_left_sidebar_end','right_sidebar_start','before_right_sidebar_end','comment','guestbook','switch_theme','after_content','before_content','log_write_done','switch_admin_theme','captcha_image') ORDER BY `list_order` ASC [ RunTime:0.000801s ]
[2024-12-09T21:54:52+08:00][sql] CONNECT:[ UseTime:0.000654s ] mysql:host=127.0.0.1;port=3306;dbname=zhibo;charset=utf8mb4
[2024-12-09T21:54:52+08:00][sql] SHOW FULL COLUMNS FROM `cmf_hook` [ RunTime:0.001574s ]
[2024-12-09T21:54:52+08:00][sql] SELECT `hook`,`id` FROM `cmf_hook` WHERE  (  (  `app` = '' OR `app` = 'cmf' )  AND `type` = 3 ) OR `type` = 1 [ RunTime:0.000642s ]
[2024-12-09T21:54:52+08:00][sql] SHOW FULL COLUMNS FROM `cmf_hook_plugin` [ RunTime:0.001326s ]
[2024-12-09T21:54:52+08:00][sql] SELECT `hook`,`plugin` FROM `cmf_hook_plugin` WHERE  `status` = 1  AND `hook` IN ('app_begin','module_init','action_begin','view_filter','app_end','log_write','response_end','admin_init','home_init','send_mobile_verification_code','body_start','before_head_end','footer_start','before_footer','before_footer_end','before_body_end','left_sidebar_start','before_left_sidebar_end','right_sidebar_start','before_right_sidebar_end','comment','guestbook','switch_theme','after_content','before_content','log_write_done','switch_admin_theme','captcha_image') ORDER BY `list_order` ASC [ RunTime:0.000710s ]
[2024-12-09T21:54:54+08:00][sql] CONNECT:[ UseTime:0.000670s ] mysql:host=127.0.0.1;port=3306;dbname=zhibo;charset=utf8mb4
[2024-12-09T21:54:54+08:00][sql] SHOW FULL COLUMNS FROM `cmf_hook` [ RunTime:0.001487s ]
[2024-12-09T21:54:54+08:00][sql] SELECT `hook`,`id` FROM `cmf_hook` WHERE  (  (  `app` = '' OR `app` = 'cmf' )  AND `type` = 3 ) OR `type` = 1 [ RunTime:0.000651s ]
[2024-12-09T21:54:54+08:00][sql] SHOW FULL COLUMNS FROM `cmf_hook_plugin` [ RunTime:0.001228s ]
[2024-12-09T21:54:54+08:00][sql] SELECT `hook`,`plugin` FROM `cmf_hook_plugin` WHERE  `status` = 1  AND `hook` IN ('app_begin','module_init','action_begin','view_filter','app_end','log_write','response_end','admin_init','home_init','send_mobile_verification_code','body_start','before_head_end','footer_start','before_footer','before_footer_end','before_body_end','left_sidebar_start','before_left_sidebar_end','right_sidebar_start','before_right_sidebar_end','comment','guestbook','switch_theme','after_content','before_content','log_write_done','switch_admin_theme','captcha_image') ORDER BY `list_order` ASC [ RunTime:0.000770s ]
[2024-12-09T21:54:54+08:00][sql] CONNECT:[ UseTime:0.000626s ] mysql:host=127.0.0.1;port=3306;dbname=zhibo;charset=utf8mb4
[2024-12-09T21:54:54+08:00][sql] SHOW FULL COLUMNS FROM `cmf_hook` [ RunTime:0.001529s ]
[2024-12-09T21:54:54+08:00][sql] SELECT `hook`,`id` FROM `cmf_hook` WHERE  (  (  `app` = '' OR `app` = 'cmf' )  AND `type` = 3 ) OR `type` = 1 [ RunTime:0.000688s ]
[2024-12-09T21:54:54+08:00][sql] SHOW FULL COLUMNS FROM `cmf_hook_plugin` [ RunTime:0.001301s ]
[2024-12-09T21:54:54+08:00][sql] SELECT `hook`,`plugin` FROM `cmf_hook_plugin` WHERE  `status` = 1  AND `hook` IN ('app_begin','module_init','action_begin','view_filter','app_end','log_write','response_end','admin_init','home_init','send_mobile_verification_code','body_start','before_head_end','footer_start','before_footer','before_footer_end','before_body_end','left_sidebar_start','before_left_sidebar_end','right_sidebar_start','before_right_sidebar_end','comment','guestbook','switch_theme','after_content','before_content','log_write_done','switch_admin_theme','captcha_image') ORDER BY `list_order` ASC [ RunTime:0.000707s ]
[2024-12-09T21:54:56+08:00][sql] CONNECT:[ UseTime:0.000698s ] mysql:host=127.0.0.1;port=3306;dbname=zhibo;charset=utf8mb4
[2024-12-09T21:54:56+08:00][sql] SHOW FULL COLUMNS FROM `cmf_hook` [ RunTime:0.001500s ]
[2024-12-09T21:54:56+08:00][sql] SELECT `hook`,`id` FROM `cmf_hook` WHERE  (  (  `app` = '' OR `app` = 'cmf' )  AND `type` = 3 ) OR `type` = 1 [ RunTime:0.000657s ]
[2024-12-09T21:54:56+08:00][sql] SHOW FULL COLUMNS FROM `cmf_hook_plugin` [ RunTime:0.001243s ]
[2024-12-09T21:54:56+08:00][sql] SELECT `hook`,`plugin` FROM `cmf_hook_plugin` WHERE  `status` = 1  AND `hook` IN ('app_begin','module_init','action_begin','view_filter','app_end','log_write','response_end','admin_init','home_init','send_mobile_verification_code','body_start','before_head_end','footer_start','before_footer','before_footer_end','before_body_end','left_sidebar_start','before_left_sidebar_end','right_sidebar_start','before_right_sidebar_end','comment','guestbook','switch_theme','after_content','before_content','log_write_done','switch_admin_theme','captcha_image') ORDER BY `list_order` ASC [ RunTime:0.000725s ]
[2024-12-09T21:54:57+08:00][sql] CONNECT:[ UseTime:0.000663s ] mysql:host=127.0.0.1;port=3306;dbname=zhibo;charset=utf8mb4
[2024-12-09T21:54:57+08:00][sql] SHOW FULL COLUMNS FROM `cmf_hook` [ RunTime:0.001525s ]
[2024-12-09T21:54:57+08:00][sql] SELECT `hook`,`id` FROM `cmf_hook` WHERE  (  (  `app` = '' OR `app` = 'cmf' )  AND `type` = 3 ) OR `type` = 1 [ RunTime:0.000641s ]
[2024-12-09T21:54:57+08:00][sql] SHOW FULL COLUMNS FROM `cmf_hook_plugin` [ RunTime:0.001242s ]
[2024-12-09T21:54:57+08:00][sql] SELECT `hook`,`plugin` FROM `cmf_hook_plugin` WHERE  `status` = 1  AND `hook` IN ('app_begin','module_init','action_begin','view_filter','app_end','log_write','response_end','admin_init','home_init','send_mobile_verification_code','body_start','before_head_end','footer_start','before_footer','before_footer_end','before_body_end','left_sidebar_start','before_left_sidebar_end','right_sidebar_start','before_right_sidebar_end','comment','guestbook','switch_theme','after_content','before_content','log_write_done','switch_admin_theme','captcha_image') ORDER BY `list_order` ASC [ RunTime:0.000670s ]
[2024-12-09T21:54:58+08:00][sql] CONNECT:[ UseTime:0.000641s ] mysql:host=127.0.0.1;port=3306;dbname=zhibo;charset=utf8mb4
[2024-12-09T21:54:58+08:00][sql] SHOW FULL COLUMNS FROM `cmf_hook` [ RunTime:0.001524s ]
[2024-12-09T21:54:58+08:00][sql] SELECT `hook`,`id` FROM `cmf_hook` WHERE  (  (  `app` = '' OR `app` = 'cmf' )  AND `type` = 3 ) OR `type` = 1 [ RunTime:0.000679s ]
[2024-12-09T21:54:58+08:00][sql] SHOW FULL COLUMNS FROM `cmf_hook_plugin` [ RunTime:0.001317s ]
[2024-12-09T21:54:58+08:00][sql] SELECT `hook`,`plugin` FROM `cmf_hook_plugin` WHERE  `status` = 1  AND `hook` IN ('app_begin','module_init','action_begin','view_filter','app_end','log_write','response_end','admin_init','home_init','send_mobile_verification_code','body_start','before_head_end','footer_start','before_footer','before_footer_end','before_body_end','left_sidebar_start','before_left_sidebar_end','right_sidebar_start','before_right_sidebar_end','comment','guestbook','switch_theme','after_content','before_content','log_write_done','switch_admin_theme','captcha_image') ORDER BY `list_order` ASC [ RunTime:0.000715s ]
[2024-12-09T21:54:59+08:00][sql] CONNECT:[ UseTime:0.000645s ] mysql:host=127.0.0.1;port=3306;dbname=zhibo;charset=utf8mb4
[2024-12-09T21:54:59+08:00][sql] SHOW FULL COLUMNS FROM `cmf_hook` [ RunTime:0.001613s ]
[2024-12-09T21:54:59+08:00][sql] SELECT `hook`,`id` FROM `cmf_hook` WHERE  (  (  `app` = '' OR `app` = 'cmf' )  AND `type` = 3 ) OR `type` = 1 [ RunTime:0.000634s ]
[2024-12-09T21:54:59+08:00][sql] SHOW FULL COLUMNS FROM `cmf_hook_plugin` [ RunTime:0.001304s ]
[2024-12-09T21:54:59+08:00][sql] SELECT `hook`,`plugin` FROM `cmf_hook_plugin` WHERE  `status` = 1  AND `hook` IN ('app_begin','module_init','action_begin','view_filter','app_end','log_write','response_end','admin_init','home_init','send_mobile_verification_code','body_start','before_head_end','footer_start','before_footer','before_footer_end','before_body_end','left_sidebar_start','before_left_sidebar_end','right_sidebar_start','before_right_sidebar_end','comment','guestbook','switch_theme','after_content','before_content','log_write_done','switch_admin_theme','captcha_image') ORDER BY `list_order` ASC [ RunTime:0.000693s ]
[2024-12-09T21:54:59+08:00][sql] CONNECT:[ UseTime:0.000728s ] mysql:host=127.0.0.1;port=3306;dbname=zhibo;charset=utf8mb4
[2024-12-09T21:54:59+08:00][sql] SHOW FULL COLUMNS FROM `cmf_hook` [ RunTime:0.001551s ]
[2024-12-09T21:54:59+08:00][sql] SELECT `hook`,`id` FROM `cmf_hook` WHERE  (  (  `app` = '' OR `app` = 'cmf' )  AND `type` = 3 ) OR `type` = 1 [ RunTime:0.000627s ]
[2024-12-09T21:54:59+08:00][sql] SHOW FULL COLUMNS FROM `cmf_hook_plugin` [ RunTime:0.001336s ]
[2024-12-09T21:54:59+08:00][sql] SELECT `hook`,`plugin` FROM `cmf_hook_plugin` WHERE  `status` = 1  AND `hook` IN ('app_begin','module_init','action_begin','view_filter','app_end','log_write','response_end','admin_init','home_init','send_mobile_verification_code','body_start','before_head_end','footer_start','before_footer','before_footer_end','before_body_end','left_sidebar_start','before_left_sidebar_end','right_sidebar_start','before_right_sidebar_end','comment','guestbook','switch_theme','after_content','before_content','log_write_done','switch_admin_theme','captcha_image') ORDER BY `list_order` ASC [ RunTime:0.000679s ]
[2024-12-09T21:55:01+08:00][sql] CONNECT:[ UseTime:0.000660s ] mysql:host=127.0.0.1;port=3306;dbname=zhibo;charset=utf8mb4
[2024-12-09T21:55:01+08:00][sql] SHOW FULL COLUMNS FROM `cmf_hook` [ RunTime:0.001589s ]
[2024-12-09T21:55:01+08:00][sql] SELECT `hook`,`id` FROM `cmf_hook` WHERE  (  (  `app` = '' OR `app` = 'cmf' )  AND `type` = 3 ) OR `type` = 1 [ RunTime:0.000636s ]
[2024-12-09T21:55:01+08:00][sql] SHOW FULL COLUMNS FROM `cmf_hook_plugin` [ RunTime:0.001370s ]
[2024-12-09T21:55:01+08:00][sql] SELECT `hook`,`plugin` FROM `cmf_hook_plugin` WHERE  `status` = 1  AND `hook` IN ('app_begin','module_init','action_begin','view_filter','app_end','log_write','response_end','admin_init','home_init','send_mobile_verification_code','body_start','before_head_end','footer_start','before_footer','before_footer_end','before_body_end','left_sidebar_start','before_left_sidebar_end','right_sidebar_start','before_right_sidebar_end','comment','guestbook','switch_theme','after_content','before_content','log_write_done','switch_admin_theme','captcha_image') ORDER BY `list_order` ASC [ RunTime:0.000736s ]
[2024-12-09T21:55:01+08:00][sql] CONNECT:[ UseTime:0.000628s ] mysql:host=127.0.0.1;port=3306;dbname=zhibo;charset=utf8mb4
[2024-12-09T21:55:01+08:00][sql] SHOW FULL COLUMNS FROM `cmf_hook` [ RunTime:0.001539s ]
[2024-12-09T21:55:01+08:00][sql] SELECT `hook`,`id` FROM `cmf_hook` WHERE  (  (  `app` = '' OR `app` = 'cmf' )  AND `type` = 3 ) OR `type` = 1 [ RunTime:0.000667s ]
[2024-12-09T21:55:01+08:00][sql] SHOW FULL COLUMNS FROM `cmf_hook_plugin` [ RunTime:0.001292s ]
[2024-12-09T21:55:01+08:00][sql] SELECT `hook`,`plugin` FROM `cmf_hook_plugin` WHERE  `status` = 1  AND `hook` IN ('app_begin','module_init','action_begin','view_filter','app_end','log_write','response_end','admin_init','home_init','send_mobile_verification_code','body_start','before_head_end','footer_start','before_footer','before_footer_end','before_body_end','left_sidebar_start','before_left_sidebar_end','right_sidebar_start','before_right_sidebar_end','comment','guestbook','switch_theme','after_content','before_content','log_write_done','switch_admin_theme','captcha_image') ORDER BY `list_order` ASC [ RunTime:0.000688s ]
[2024-12-09T21:55:03+08:00][sql] CONNECT:[ UseTime:0.000659s ] mysql:host=127.0.0.1;port=3306;dbname=zhibo;charset=utf8mb4
[2024-12-09T21:55:03+08:00][sql] SHOW FULL COLUMNS FROM `cmf_hook` [ RunTime:0.001638s ]
[2024-12-09T21:55:03+08:00][sql] SELECT `hook`,`id` FROM `cmf_hook` WHERE  (  (  `app` = '' OR `app` = 'cmf' )  AND `type` = 3 ) OR `type` = 1 [ RunTime:0.000652s ]
[2024-12-09T21:55:03+08:00][sql] SHOW FULL COLUMNS FROM `cmf_hook_plugin` [ RunTime:0.001394s ]
[2024-12-09T21:55:03+08:00][sql] SELECT `hook`,`plugin` FROM `cmf_hook_plugin` WHERE  `status` = 1  AND `hook` IN ('app_begin','module_init','action_begin','view_filter','app_end','log_write','response_end','admin_init','home_init','send_mobile_verification_code','body_start','before_head_end','footer_start','before_footer','before_footer_end','before_body_end','left_sidebar_start','before_left_sidebar_end','right_sidebar_start','before_right_sidebar_end','comment','guestbook','switch_theme','after_content','before_content','log_write_done','switch_admin_theme','captcha_image') ORDER BY `list_order` ASC [ RunTime:0.000713s ]
[2024-12-09T21:55:04+08:00][sql] CONNECT:[ UseTime:0.000625s ] mysql:host=127.0.0.1;port=3306;dbname=zhibo;charset=utf8mb4
[2024-12-09T21:55:04+08:00][sql] SHOW FULL COLUMNS FROM `cmf_hook` [ RunTime:0.001506s ]
[2024-12-09T21:55:04+08:00][sql] SELECT `hook`,`id` FROM `cmf_hook` WHERE  (  (  `app` = '' OR `app` = 'cmf' )  AND `type` = 3 ) OR `type` = 1 [ RunTime:0.000649s ]
[2024-12-09T21:55:04+08:00][sql] SHOW FULL COLUMNS FROM `cmf_hook_plugin` [ RunTime:0.001317s ]
[2024-12-09T21:55:04+08:00][sql] SELECT `hook`,`plugin` FROM `cmf_hook_plugin` WHERE  `status` = 1  AND `hook` IN ('app_begin','module_init','action_begin','view_filter','app_end','log_write','response_end','admin_init','home_init','send_mobile_verification_code','body_start','before_head_end','footer_start','before_footer','before_footer_end','before_body_end','left_sidebar_start','before_left_sidebar_end','right_sidebar_start','before_right_sidebar_end','comment','guestbook','switch_theme','after_content','before_content','log_write_done','switch_admin_theme','captcha_image') ORDER BY `list_order` ASC [ RunTime:0.000678s ]
[2024-12-09T21:55:05+08:00][sql] CONNECT:[ UseTime:0.000727s ] mysql:host=127.0.0.1;port=3306;dbname=zhibo;charset=utf8mb4
[2024-12-09T21:55:05+08:00][sql] SHOW FULL COLUMNS FROM `cmf_hook` [ RunTime:0.001537s ]
[2024-12-09T21:55:05+08:00][sql] SELECT `hook`,`id` FROM `cmf_hook` WHERE  (  (  `app` = '' OR `app` = 'cmf' )  AND `type` = 3 ) OR `type` = 1 [ RunTime:0.000622s ]
[2024-12-09T21:55:05+08:00][sql] SHOW FULL COLUMNS FROM `cmf_hook_plugin` [ RunTime:0.001281s ]
[2024-12-09T21:55:05+08:00][sql] SELECT `hook`,`plugin` FROM `cmf_hook_plugin` WHERE  `status` = 1  AND `hook` IN ('app_begin','module_init','action_begin','view_filter','app_end','log_write','response_end','admin_init','home_init','send_mobile_verification_code','body_start','before_head_end','footer_start','before_footer','before_footer_end','before_body_end','left_sidebar_start','before_left_sidebar_end','right_sidebar_start','before_right_sidebar_end','comment','guestbook','switch_theme','after_content','before_content','log_write_done','switch_admin_theme','captcha_image') ORDER BY `list_order` ASC [ RunTime:0.000678s ]
[2024-12-09T21:55:07+08:00][sql] CONNECT:[ UseTime:0.000622s ] mysql:host=127.0.0.1;port=3306;dbname=zhibo;charset=utf8mb4
[2024-12-09T21:55:07+08:00][sql] SHOW FULL COLUMNS FROM `cmf_hook` [ RunTime:0.001462s ]
[2024-12-09T21:55:07+08:00][sql] SELECT `hook`,`id` FROM `cmf_hook` WHERE  (  (  `app` = '' OR `app` = 'cmf' )  AND `type` = 3 ) OR `type` = 1 [ RunTime:0.000655s ]
[2024-12-09T21:55:07+08:00][sql] SHOW FULL COLUMNS FROM `cmf_hook_plugin` [ RunTime:0.001229s ]
[2024-12-09T21:55:07+08:00][sql] SELECT `hook`,`plugin` FROM `cmf_hook_plugin` WHERE  `status` = 1  AND `hook` IN ('app_begin','module_init','action_begin','view_filter','app_end','log_write','response_end','admin_init','home_init','send_mobile_verification_code','body_start','before_head_end','footer_start','before_footer','before_footer_end','before_body_end','left_sidebar_start','before_left_sidebar_end','right_sidebar_start','before_right_sidebar_end','comment','guestbook','switch_theme','after_content','before_content','log_write_done','switch_admin_theme','captcha_image') ORDER BY `list_order` ASC [ RunTime:0.000729s ]
[2024-12-09T21:55:07+08:00][sql] CONNECT:[ UseTime:0.000636s ] mysql:host=127.0.0.1;port=3306;dbname=zhibo;charset=utf8mb4
[2024-12-09T21:55:07+08:00][sql] SHOW FULL COLUMNS FROM `cmf_hook` [ RunTime:0.001508s ]
[2024-12-09T21:55:07+08:00][sql] SELECT `hook`,`id` FROM `cmf_hook` WHERE  (  (  `app` = '' OR `app` = 'cmf' )  AND `type` = 3 ) OR `type` = 1 [ RunTime:0.000665s ]
[2024-12-09T21:55:07+08:00][sql] SHOW FULL COLUMNS FROM `cmf_hook_plugin` [ RunTime:0.001282s ]
[2024-12-09T21:55:07+08:00][sql] SELECT `hook`,`plugin` FROM `cmf_hook_plugin` WHERE  `status` = 1  AND `hook` IN ('app_begin','module_init','action_begin','view_filter','app_end','log_write','response_end','admin_init','home_init','send_mobile_verification_code','body_start','before_head_end','footer_start','before_footer','before_footer_end','before_body_end','left_sidebar_start','before_left_sidebar_end','right_sidebar_start','before_right_sidebar_end','comment','guestbook','switch_theme','after_content','before_content','log_write_done','switch_admin_theme','captcha_image') ORDER BY `list_order` ASC [ RunTime:0.000752s ]
[2024-12-09T21:55:09+08:00][sql] CONNECT:[ UseTime:0.000725s ] mysql:host=127.0.0.1;port=3306;dbname=zhibo;charset=utf8mb4
[2024-12-09T21:55:09+08:00][sql] SHOW FULL COLUMNS FROM `cmf_hook` [ RunTime:0.001594s ]
[2024-12-09T21:55:09+08:00][sql] SELECT `hook`,`id` FROM `cmf_hook` WHERE  (  (  `app` = '' OR `app` = 'cmf' )  AND `type` = 3 ) OR `type` = 1 [ RunTime:0.000669s ]
[2024-12-09T21:55:09+08:00][sql] SHOW FULL COLUMNS FROM `cmf_hook_plugin` [ RunTime:0.001358s ]
[2024-12-09T21:55:09+08:00][sql] SELECT `hook`,`plugin` FROM `cmf_hook_plugin` WHERE  `status` = 1  AND `hook` IN ('app_begin','module_init','action_begin','view_filter','app_end','log_write','response_end','admin_init','home_init','send_mobile_verification_code','body_start','before_head_end','footer_start','before_footer','before_footer_end','before_body_end','left_sidebar_start','before_left_sidebar_end','right_sidebar_start','before_right_sidebar_end','comment','guestbook','switch_theme','after_content','before_content','log_write_done','switch_admin_theme','captcha_image') ORDER BY `list_order` ASC [ RunTime:0.000718s ]
[2024-12-09T21:55:11+08:00][sql] CONNECT:[ UseTime:0.000624s ] mysql:host=127.0.0.1;port=3306;dbname=zhibo;charset=utf8mb4
[2024-12-09T21:55:11+08:00][sql] SHOW FULL COLUMNS FROM `cmf_hook` [ RunTime:0.001571s ]
[2024-12-09T21:55:11+08:00][sql] SELECT `hook`,`id` FROM `cmf_hook` WHERE  (  (  `app` = '' OR `app` = 'cmf' )  AND `type` = 3 ) OR `type` = 1 [ RunTime:0.000640s ]
[2024-12-09T21:55:11+08:00][sql] SHOW FULL COLUMNS FROM `cmf_hook_plugin` [ RunTime:0.001269s ]
[2024-12-09T21:55:11+08:00][sql] SELECT `hook`,`plugin` FROM `cmf_hook_plugin` WHERE  `status` = 1  AND `hook` IN ('app_begin','module_init','action_begin','view_filter','app_end','log_write','response_end','admin_init','home_init','send_mobile_verification_code','body_start','before_head_end','footer_start','before_footer','before_footer_end','before_body_end','left_sidebar_start','before_left_sidebar_end','right_sidebar_start','before_right_sidebar_end','comment','guestbook','switch_theme','after_content','before_content','log_write_done','switch_admin_theme','captcha_image') ORDER BY `list_order` ASC [ RunTime:0.000712s ]
[2024-12-09T21:55:11+08:00][sql] CONNECT:[ UseTime:0.000637s ] mysql:host=127.0.0.1;port=3306;dbname=zhibo;charset=utf8mb4
[2024-12-09T21:55:11+08:00][sql] SHOW FULL COLUMNS FROM `cmf_hook` [ RunTime:0.001562s ]
[2024-12-09T21:55:11+08:00][sql] SELECT `hook`,`id` FROM `cmf_hook` WHERE  (  (  `app` = '' OR `app` = 'cmf' )  AND `type` = 3 ) OR `type` = 1 [ RunTime:0.000631s ]
[2024-12-09T21:55:11+08:00][sql] SHOW FULL COLUMNS FROM `cmf_hook_plugin` [ RunTime:0.001249s ]
[2024-12-09T21:55:11+08:00][sql] SELECT `hook`,`plugin` FROM `cmf_hook_plugin` WHERE  `status` = 1  AND `hook` IN ('app_begin','module_init','action_begin','view_filter','app_end','log_write','response_end','admin_init','home_init','send_mobile_verification_code','body_start','before_head_end','footer_start','before_footer','before_footer_end','before_body_end','left_sidebar_start','before_left_sidebar_end','right_sidebar_start','before_right_sidebar_end','comment','guestbook','switch_theme','after_content','before_content','log_write_done','switch_admin_theme','captcha_image') ORDER BY `list_order` ASC [ RunTime:0.000773s ]
[2024-12-09T21:55:13+08:00][sql] CONNECT:[ UseTime:0.000661s ] mysql:host=127.0.0.1;port=3306;dbname=zhibo;charset=utf8mb4
[2024-12-09T21:55:13+08:00][sql] SHOW FULL COLUMNS FROM `cmf_hook` [ RunTime:0.001538s ]
[2024-12-09T21:55:13+08:00][sql] SELECT `hook`,`id` FROM `cmf_hook` WHERE  (  (  `app` = '' OR `app` = 'cmf' )  AND `type` = 3 ) OR `type` = 1 [ RunTime:0.000638s ]
[2024-12-09T21:55:13+08:00][sql] SHOW FULL COLUMNS FROM `cmf_hook_plugin` [ RunTime:0.001310s ]
[2024-12-09T21:55:13+08:00][sql] SELECT `hook`,`plugin` FROM `cmf_hook_plugin` WHERE  `status` = 1  AND `hook` IN ('app_begin','module_init','action_begin','view_filter','app_end','log_write','response_end','admin_init','home_init','send_mobile_verification_code','body_start','before_head_end','footer_start','before_footer','before_footer_end','before_body_end','left_sidebar_start','before_left_sidebar_end','right_sidebar_start','before_right_sidebar_end','comment','guestbook','switch_theme','after_content','before_content','log_write_done','switch_admin_theme','captcha_image') ORDER BY `list_order` ASC [ RunTime:0.000681s ]
[2024-12-09T21:55:13+08:00][sql] CONNECT:[ UseTime:0.000625s ] mysql:host=127.0.0.1;port=3306;dbname=zhibo;charset=utf8mb4
[2024-12-09T21:55:13+08:00][sql] SHOW FULL COLUMNS FROM `cmf_hook` [ RunTime:0.001573s ]
[2024-12-09T21:55:13+08:00][sql] SELECT `hook`,`id` FROM `cmf_hook` WHERE  (  (  `app` = '' OR `app` = 'cmf' )  AND `type` = 3 ) OR `type` = 1 [ RunTime:0.000687s ]
[2024-12-09T21:55:13+08:00][sql] SHOW FULL COLUMNS FROM `cmf_hook_plugin` [ RunTime:0.001288s ]
[2024-12-09T21:55:13+08:00][sql] SELECT `hook`,`plugin` FROM `cmf_hook_plugin` WHERE  `status` = 1  AND `hook` IN ('app_begin','module_init','action_begin','view_filter','app_end','log_write','response_end','admin_init','home_init','send_mobile_verification_code','body_start','before_head_end','footer_start','before_footer','before_footer_end','before_body_end','left_sidebar_start','before_left_sidebar_end','right_sidebar_start','before_right_sidebar_end','comment','guestbook','switch_theme','after_content','before_content','log_write_done','switch_admin_theme','captcha_image') ORDER BY `list_order` ASC [ RunTime:0.000742s ]
[2024-12-09T21:55:15+08:00][sql] CONNECT:[ UseTime:0.000638s ] mysql:host=127.0.0.1;port=3306;dbname=zhibo;charset=utf8mb4
[2024-12-09T21:55:15+08:00][sql] SHOW FULL COLUMNS FROM `cmf_hook` [ RunTime:0.001517s ]
[2024-12-09T21:55:15+08:00][sql] SELECT `hook`,`id` FROM `cmf_hook` WHERE  (  (  `app` = '' OR `app` = 'cmf' )  AND `type` = 3 ) OR `type` = 1 [ RunTime:0.000636s ]
[2024-12-09T21:55:15+08:00][sql] SHOW FULL COLUMNS FROM `cmf_hook_plugin` [ RunTime:0.001253s ]
[2024-12-09T21:55:15+08:00][sql] SELECT `hook`,`plugin` FROM `cmf_hook_plugin` WHERE  `status` = 1  AND `hook` IN ('app_begin','module_init','action_begin','view_filter','app_end','log_write','response_end','admin_init','home_init','send_mobile_verification_code','body_start','before_head_end','footer_start','before_footer','before_footer_end','before_body_end','left_sidebar_start','before_left_sidebar_end','right_sidebar_start','before_right_sidebar_end','comment','guestbook','switch_theme','after_content','before_content','log_write_done','switch_admin_theme','captcha_image') ORDER BY `list_order` ASC [ RunTime:0.000679s ]
[2024-12-09T21:55:15+08:00][sql] CONNECT:[ UseTime:0.000630s ] mysql:host=127.0.0.1;port=3306;dbname=zhibo;charset=utf8mb4
[2024-12-09T21:55:15+08:00][sql] SHOW FULL COLUMNS FROM `cmf_hook` [ RunTime:0.001539s ]
[2024-12-09T21:55:15+08:00][sql] SELECT `hook`,`id` FROM `cmf_hook` WHERE  (  (  `app` = '' OR `app` = 'cmf' )  AND `type` = 3 ) OR `type` = 1 [ RunTime:0.000649s ]
[2024-12-09T21:55:15+08:00][sql] SHOW FULL COLUMNS FROM `cmf_hook_plugin` [ RunTime:0.001268s ]
[2024-12-09T21:55:15+08:00][sql] SELECT `hook`,`plugin` FROM `cmf_hook_plugin` WHERE  `status` = 1  AND `hook` IN ('app_begin','module_init','action_begin','view_filter','app_end','log_write','response_end','admin_init','home_init','send_mobile_verification_code','body_start','before_head_end','footer_start','before_footer','before_footer_end','before_body_end','left_sidebar_start','before_left_sidebar_end','right_sidebar_start','before_right_sidebar_end','comment','guestbook','switch_theme','after_content','before_content','log_write_done','switch_admin_theme','captcha_image') ORDER BY `list_order` ASC [ RunTime:0.000740s ]
[2024-12-09T21:55:17+08:00][sql] CONNECT:[ UseTime:0.000639s ] mysql:host=127.0.0.1;port=3306;dbname=zhibo;charset=utf8mb4
[2024-12-09T21:55:17+08:00][sql] SHOW FULL COLUMNS FROM `cmf_hook` [ RunTime:0.001555s ]
[2024-12-09T21:55:17+08:00][sql] SELECT `hook`,`id` FROM `cmf_hook` WHERE  (  (  `app` = '' OR `app` = 'cmf' )  AND `type` = 3 ) OR `type` = 1 [ RunTime:0.000644s ]
[2024-12-09T21:55:17+08:00][sql] SHOW FULL COLUMNS FROM `cmf_hook_plugin` [ RunTime:0.001320s ]
[2024-12-09T21:55:17+08:00][sql] SELECT `hook`,`plugin` FROM `cmf_hook_plugin` WHERE  `status` = 1  AND `hook` IN ('app_begin','module_init','action_begin','view_filter','app_end','log_write','response_end','admin_init','home_init','send_mobile_verification_code','body_start','before_head_end','footer_start','before_footer','before_footer_end','before_body_end','left_sidebar_start','before_left_sidebar_end','right_sidebar_start','before_right_sidebar_end','comment','guestbook','switch_theme','after_content','before_content','log_write_done','switch_admin_theme','captcha_image') ORDER BY `list_order` ASC [ RunTime:0.000745s ]
[2024-12-09T21:55:17+08:00][sql] CONNECT:[ UseTime:0.000626s ] mysql:host=127.0.0.1;port=3306;dbname=zhibo;charset=utf8mb4
[2024-12-09T21:55:17+08:00][sql] SHOW FULL COLUMNS FROM `cmf_hook` [ RunTime:0.001653s ]
[2024-12-09T21:55:17+08:00][sql] SELECT `hook`,`id` FROM `cmf_hook` WHERE  (  (  `app` = '' OR `app` = 'cmf' )  AND `type` = 3 ) OR `type` = 1 [ RunTime:0.000730s ]
[2024-12-09T21:55:17+08:00][sql] SHOW FULL COLUMNS FROM `cmf_hook_plugin` [ RunTime:0.001547s ]
[2024-12-09T21:55:17+08:00][sql] SELECT `hook`,`plugin` FROM `cmf_hook_plugin` WHERE  `status` = 1  AND `hook` IN ('app_begin','module_init','action_begin','view_filter','app_end','log_write','response_end','admin_init','home_init','send_mobile_verification_code','body_start','before_head_end','footer_start','before_footer','before_footer_end','before_body_end','left_sidebar_start','before_left_sidebar_end','right_sidebar_start','before_right_sidebar_end','comment','guestbook','switch_theme','after_content','before_content','log_write_done','switch_admin_theme','captcha_image') ORDER BY `list_order` ASC [ RunTime:0.000806s ]
[2024-12-09T21:55:19+08:00][sql] CONNECT:[ UseTime:0.000684s ] mysql:host=127.0.0.1;port=3306;dbname=zhibo;charset=utf8mb4
[2024-12-09T21:55:19+08:00][sql] SHOW FULL COLUMNS FROM `cmf_hook` [ RunTime:0.001569s ]
[2024-12-09T21:55:19+08:00][sql] SELECT `hook`,`id` FROM `cmf_hook` WHERE  (  (  `app` = '' OR `app` = 'cmf' )  AND `type` = 3 ) OR `type` = 1 [ RunTime:0.000632s ]
[2024-12-09T21:55:19+08:00][sql] SHOW FULL COLUMNS FROM `cmf_hook_plugin` [ RunTime:0.001292s ]
[2024-12-09T21:55:19+08:00][sql] SELECT `hook`,`plugin` FROM `cmf_hook_plugin` WHERE  `status` = 1  AND `hook` IN ('app_begin','module_init','action_begin','view_filter','app_end','log_write','response_end','admin_init','home_init','send_mobile_verification_code','body_start','before_head_end','footer_start','before_footer','before_footer_end','before_body_end','left_sidebar_start','before_left_sidebar_end','right_sidebar_start','before_right_sidebar_end','comment','guestbook','switch_theme','after_content','before_content','log_write_done','switch_admin_theme','captcha_image') ORDER BY `list_order` ASC [ RunTime:0.000704s ]
[2024-12-09T21:55:19+08:00][sql] CONNECT:[ UseTime:0.000679s ] mysql:host=127.0.0.1;port=3306;dbname=zhibo;charset=utf8mb4
[2024-12-09T21:55:19+08:00][sql] SHOW FULL COLUMNS FROM `cmf_hook` [ RunTime:0.001567s ]
[2024-12-09T21:55:19+08:00][sql] SELECT `hook`,`id` FROM `cmf_hook` WHERE  (  (  `app` = '' OR `app` = 'cmf' )  AND `type` = 3 ) OR `type` = 1 [ RunTime:0.000652s ]
[2024-12-09T21:55:19+08:00][sql] SHOW FULL COLUMNS FROM `cmf_hook_plugin` [ RunTime:0.001292s ]
[2024-12-09T21:55:19+08:00][sql] SELECT `hook`,`plugin` FROM `cmf_hook_plugin` WHERE  `status` = 1  AND `hook` IN ('app_begin','module_init','action_begin','view_filter','app_end','log_write','response_end','admin_init','home_init','send_mobile_verification_code','body_start','before_head_end','footer_start','before_footer','before_footer_end','before_body_end','left_sidebar_start','before_left_sidebar_end','right_sidebar_start','before_right_sidebar_end','comment','guestbook','switch_theme','after_content','before_content','log_write_done','switch_admin_theme','captcha_image') ORDER BY `list_order` ASC [ RunTime:0.000737s ]
[2024-12-09T21:55:22+08:00][sql] CONNECT:[ UseTime:0.000707s ] mysql:host=127.0.0.1;port=3306;dbname=zhibo;charset=utf8mb4
[2024-12-09T21:55:22+08:00][sql] SHOW FULL COLUMNS FROM `cmf_hook` [ RunTime:0.001768s ]
[2024-12-09T21:55:22+08:00][sql] SELECT `hook`,`id` FROM `cmf_hook` WHERE  (  (  `app` = '' OR `app` = 'cmf' )  AND `type` = 3 ) OR `type` = 1 [ RunTime:0.000722s ]
[2024-12-09T21:55:22+08:00][sql] SHOW FULL COLUMNS FROM `cmf_hook_plugin` [ RunTime:0.001447s ]
[2024-12-09T21:55:22+08:00][sql] SELECT `hook`,`plugin` FROM `cmf_hook_plugin` WHERE  `status` = 1  AND `hook` IN ('app_begin','module_init','action_begin','view_filter','app_end','log_write','response_end','admin_init','home_init','send_mobile_verification_code','body_start','before_head_end','footer_start','before_footer','before_footer_end','before_body_end','left_sidebar_start','before_left_sidebar_end','right_sidebar_start','before_right_sidebar_end','comment','guestbook','switch_theme','after_content','before_content','log_write_done','switch_admin_theme','captcha_image') ORDER BY `list_order` ASC [ RunTime:0.000794s ]
[2024-12-09T21:55:24+08:00][sql] CONNECT:[ UseTime:0.000673s ] mysql:host=127.0.0.1;port=3306;dbname=zhibo;charset=utf8mb4
[2024-12-09T21:55:24+08:00][sql] SHOW FULL COLUMNS FROM `cmf_hook` [ RunTime:0.001562s ]
[2024-12-09T21:55:24+08:00][sql] SELECT `hook`,`id` FROM `cmf_hook` WHERE  (  (  `app` = '' OR `app` = 'cmf' )  AND `type` = 3 ) OR `type` = 1 [ RunTime:0.000651s ]
[2024-12-09T21:55:24+08:00][sql] SHOW FULL COLUMNS FROM `cmf_hook_plugin` [ RunTime:0.001257s ]
[2024-12-09T21:55:24+08:00][sql] SELECT `hook`,`plugin` FROM `cmf_hook_plugin` WHERE  `status` = 1  AND `hook` IN ('app_begin','module_init','action_begin','view_filter','app_end','log_write','response_end','admin_init','home_init','send_mobile_verification_code','body_start','before_head_end','footer_start','before_footer','before_footer_end','before_body_end','left_sidebar_start','before_left_sidebar_end','right_sidebar_start','before_right_sidebar_end','comment','guestbook','switch_theme','after_content','before_content','log_write_done','switch_admin_theme','captcha_image') ORDER BY `list_order` ASC [ RunTime:0.000724s ]
[2024-12-09T21:55:24+08:00][sql] CONNECT:[ UseTime:0.000664s ] mysql:host=127.0.0.1;port=3306;dbname=zhibo;charset=utf8mb4
[2024-12-09T21:55:24+08:00][sql] SHOW FULL COLUMNS FROM `cmf_hook` [ RunTime:0.001495s ]
[2024-12-09T21:55:24+08:00][sql] SELECT `hook`,`id` FROM `cmf_hook` WHERE  (  (  `app` = '' OR `app` = 'cmf' )  AND `type` = 3 ) OR `type` = 1 [ RunTime:0.000642s ]
[2024-12-09T21:55:24+08:00][sql] SHOW FULL COLUMNS FROM `cmf_hook_plugin` [ RunTime:0.001278s ]
[2024-12-09T21:55:24+08:00][sql] SELECT `hook`,`plugin` FROM `cmf_hook_plugin` WHERE  `status` = 1  AND `hook` IN ('app_begin','module_init','action_begin','view_filter','app_end','log_write','response_end','admin_init','home_init','send_mobile_verification_code','body_start','before_head_end','footer_start','before_footer','before_footer_end','before_body_end','left_sidebar_start','before_left_sidebar_end','right_sidebar_start','before_right_sidebar_end','comment','guestbook','switch_theme','after_content','before_content','log_write_done','switch_admin_theme','captcha_image') ORDER BY `list_order` ASC [ RunTime:0.000721s ]
[2024-12-09T21:55:26+08:00][sql] CONNECT:[ UseTime:0.000703s ] mysql:host=127.0.0.1;port=3306;dbname=zhibo;charset=utf8mb4
[2024-12-09T21:55:26+08:00][sql] SHOW FULL COLUMNS FROM `cmf_hook` [ RunTime:0.001542s ]
[2024-12-09T21:55:26+08:00][sql] SELECT `hook`,`id` FROM `cmf_hook` WHERE  (  (  `app` = '' OR `app` = 'cmf' )  AND `type` = 3 ) OR `type` = 1 [ RunTime:0.000732s ]
[2024-12-09T21:55:26+08:00][sql] SHOW FULL COLUMNS FROM `cmf_hook_plugin` [ RunTime:0.001291s ]
[2024-12-09T21:55:26+08:00][sql] SELECT `hook`,`plugin` FROM `cmf_hook_plugin` WHERE  `status` = 1  AND `hook` IN ('app_begin','module_init','action_begin','view_filter','app_end','log_write','response_end','admin_init','home_init','send_mobile_verification_code','body_start','before_head_end','footer_start','before_footer','before_footer_end','before_body_end','left_sidebar_start','before_left_sidebar_end','right_sidebar_start','before_right_sidebar_end','comment','guestbook','switch_theme','after_content','before_content','log_write_done','switch_admin_theme','captcha_image') ORDER BY `list_order` ASC [ RunTime:0.000724s ]
[2024-12-09T21:55:26+08:00][sql] CONNECT:[ UseTime:0.000680s ] mysql:host=127.0.0.1;port=3306;dbname=zhibo;charset=utf8mb4
[2024-12-09T21:55:26+08:00][sql] SHOW FULL COLUMNS FROM `cmf_hook` [ RunTime:0.001552s ]
[2024-12-09T21:55:26+08:00][sql] SELECT `hook`,`id` FROM `cmf_hook` WHERE  (  (  `app` = '' OR `app` = 'cmf' )  AND `type` = 3 ) OR `type` = 1 [ RunTime:0.000647s ]
[2024-12-09T21:55:26+08:00][sql] SHOW FULL COLUMNS FROM `cmf_hook_plugin` [ RunTime:0.001262s ]
[2024-12-09T21:55:26+08:00][sql] SELECT `hook`,`plugin` FROM `cmf_hook_plugin` WHERE  `status` = 1  AND `hook` IN ('app_begin','module_init','action_begin','view_filter','app_end','log_write','response_end','admin_init','home_init','send_mobile_verification_code','body_start','before_head_end','footer_start','before_footer','before_footer_end','before_body_end','left_sidebar_start','before_left_sidebar_end','right_sidebar_start','before_right_sidebar_end','comment','guestbook','switch_theme','after_content','before_content','log_write_done','switch_admin_theme','captcha_image') ORDER BY `list_order` ASC [ RunTime:0.000689s ]
[2024-12-09T21:55:27+08:00][sql] CONNECT:[ UseTime:0.000624s ] mysql:host=127.0.0.1;port=3306;dbname=zhibo;charset=utf8mb4
[2024-12-09T21:55:27+08:00][sql] SHOW FULL COLUMNS FROM `cmf_hook` [ RunTime:0.001588s ]
[2024-12-09T21:55:27+08:00][sql] SELECT `hook`,`id` FROM `cmf_hook` WHERE  (  (  `app` = '' OR `app` = 'cmf' )  AND `type` = 3 ) OR `type` = 1 [ RunTime:0.000705s ]
[2024-12-09T21:55:27+08:00][sql] SHOW FULL COLUMNS FROM `cmf_hook_plugin` [ RunTime:0.001301s ]
[2024-12-09T21:55:27+08:00][sql] SELECT `hook`,`plugin` FROM `cmf_hook_plugin` WHERE  `status` = 1  AND `hook` IN ('app_begin','module_init','action_begin','view_filter','app_end','log_write','response_end','admin_init','home_init','send_mobile_verification_code','body_start','before_head_end','footer_start','before_footer','before_footer_end','before_body_end','left_sidebar_start','before_left_sidebar_end','right_sidebar_start','before_right_sidebar_end','comment','guestbook','switch_theme','after_content','before_content','log_write_done','switch_admin_theme','captcha_image') ORDER BY `list_order` ASC [ RunTime:0.000759s ]
[2024-12-09T21:55:27+08:00][sql] CONNECT:[ UseTime:0.000631s ] mysql:host=127.0.0.1;port=3306;dbname=zhibo;charset=utf8mb4
[2024-12-09T21:55:27+08:00][sql] SHOW FULL COLUMNS FROM `cmf_hook` [ RunTime:0.001645s ]
[2024-12-09T21:55:27+08:00][sql] SELECT `hook`,`id` FROM `cmf_hook` WHERE  (  (  `app` = '' OR `app` = 'cmf' )  AND `type` = 3 ) OR `type` = 1 [ RunTime:0.000665s ]
[2024-12-09T21:55:27+08:00][sql] SHOW FULL COLUMNS FROM `cmf_hook_plugin` [ RunTime:0.001371s ]
[2024-12-09T21:55:27+08:00][sql] SELECT `hook`,`plugin` FROM `cmf_hook_plugin` WHERE  `status` = 1  AND `hook` IN ('app_begin','module_init','action_begin','view_filter','app_end','log_write','response_end','admin_init','home_init','send_mobile_verification_code','body_start','before_head_end','footer_start','before_footer','before_footer_end','before_body_end','left_sidebar_start','before_left_sidebar_end','right_sidebar_start','before_right_sidebar_end','comment','guestbook','switch_theme','after_content','before_content','log_write_done','switch_admin_theme','captcha_image') ORDER BY `list_order` ASC [ RunTime:0.000730s ]
[2024-12-09T21:55:29+08:00][sql] CONNECT:[ UseTime:0.000626s ] mysql:host=127.0.0.1;port=3306;dbname=zhibo;charset=utf8mb4
[2024-12-09T21:55:29+08:00][sql] SHOW FULL COLUMNS FROM `cmf_hook` [ RunTime:0.001577s ]
[2024-12-09T21:55:29+08:00][sql] SELECT `hook`,`id` FROM `cmf_hook` WHERE  (  (  `app` = '' OR `app` = 'cmf' )  AND `type` = 3 ) OR `type` = 1 [ RunTime:0.000661s ]
[2024-12-09T21:55:29+08:00][sql] SHOW FULL COLUMNS FROM `cmf_hook_plugin` [ RunTime:0.001268s ]
[2024-12-09T21:55:29+08:00][sql] SELECT `hook`,`plugin` FROM `cmf_hook_plugin` WHERE  `status` = 1  AND `hook` IN ('app_begin','module_init','action_begin','view_filter','app_end','log_write','response_end','admin_init','home_init','send_mobile_verification_code','body_start','before_head_end','footer_start','before_footer','before_footer_end','before_body_end','left_sidebar_start','before_left_sidebar_end','right_sidebar_start','before_right_sidebar_end','comment','guestbook','switch_theme','after_content','before_content','log_write_done','switch_admin_theme','captcha_image') ORDER BY `list_order` ASC [ RunTime:0.000708s ]
[2024-12-09T21:55:29+08:00][sql] CONNECT:[ UseTime:0.000714s ] mysql:host=127.0.0.1;port=3306;dbname=zhibo;charset=utf8mb4
[2024-12-09T21:55:29+08:00][sql] SHOW FULL COLUMNS FROM `cmf_hook` [ RunTime:0.001797s ]
[2024-12-09T21:55:29+08:00][sql] SELECT `hook`,`id` FROM `cmf_hook` WHERE  (  (  `app` = '' OR `app` = 'cmf' )  AND `type` = 3 ) OR `type` = 1 [ RunTime:0.000741s ]
[2024-12-09T21:55:29+08:00][sql] SHOW FULL COLUMNS FROM `cmf_hook_plugin` [ RunTime:0.001584s ]
[2024-12-09T21:55:29+08:00][sql] SELECT `hook`,`plugin` FROM `cmf_hook_plugin` WHERE  `status` = 1  AND `hook` IN ('app_begin','module_init','action_begin','view_filter','app_end','log_write','response_end','admin_init','home_init','send_mobile_verification_code','body_start','before_head_end','footer_start','before_footer','before_footer_end','before_body_end','left_sidebar_start','before_left_sidebar_end','right_sidebar_start','before_right_sidebar_end','comment','guestbook','switch_theme','after_content','before_content','log_write_done','switch_admin_theme','captcha_image') ORDER BY `list_order` ASC [ RunTime:0.000832s ]
[2024-12-09T21:55:31+08:00][sql] CONNECT:[ UseTime:0.000656s ] mysql:host=127.0.0.1;port=3306;dbname=zhibo;charset=utf8mb4
[2024-12-09T21:55:31+08:00][sql] SHOW FULL COLUMNS FROM `cmf_hook` [ RunTime:0.001567s ]
[2024-12-09T21:55:31+08:00][sql] SELECT `hook`,`id` FROM `cmf_hook` WHERE  (  (  `app` = '' OR `app` = 'cmf' )  AND `type` = 3 ) OR `type` = 1 [ RunTime:0.000651s ]
[2024-12-09T21:55:31+08:00][sql] SHOW FULL COLUMNS FROM `cmf_hook_plugin` [ RunTime:0.001226s ]
[2024-12-09T21:55:31+08:00][sql] SELECT `hook`,`plugin` FROM `cmf_hook_plugin` WHERE  `status` = 1  AND `hook` IN ('app_begin','module_init','action_begin','view_filter','app_end','log_write','response_end','admin_init','home_init','send_mobile_verification_code','body_start','before_head_end','footer_start','before_footer','before_footer_end','before_body_end','left_sidebar_start','before_left_sidebar_end','right_sidebar_start','before_right_sidebar_end','comment','guestbook','switch_theme','after_content','before_content','log_write_done','switch_admin_theme','captcha_image') ORDER BY `list_order` ASC [ RunTime:0.000685s ]
[2024-12-09T21:55:31+08:00][sql] CONNECT:[ UseTime:0.000633s ] mysql:host=127.0.0.1;port=3306;dbname=zhibo;charset=utf8mb4
[2024-12-09T21:55:31+08:00][sql] SHOW FULL COLUMNS FROM `cmf_hook` [ RunTime:0.001581s ]
[2024-12-09T21:55:31+08:00][sql] SELECT `hook`,`id` FROM `cmf_hook` WHERE  (  (  `app` = '' OR `app` = 'cmf' )  AND `type` = 3 ) OR `type` = 1 [ RunTime:0.000746s ]
[2024-12-09T21:55:31+08:00][sql] SHOW FULL COLUMNS FROM `cmf_hook_plugin` [ RunTime:0.001311s ]
[2024-12-09T21:55:31+08:00][sql] SELECT `hook`,`plugin` FROM `cmf_hook_plugin` WHERE  `status` = 1  AND `hook` IN ('app_begin','module_init','action_begin','view_filter','app_end','log_write','response_end','admin_init','home_init','send_mobile_verification_code','body_start','before_head_end','footer_start','before_footer','before_footer_end','before_body_end','left_sidebar_start','before_left_sidebar_end','right_sidebar_start','before_right_sidebar_end','comment','guestbook','switch_theme','after_content','before_content','log_write_done','switch_admin_theme','captcha_image') ORDER BY `list_order` ASC [ RunTime:0.000704s ]
[2024-12-09T21:55:33+08:00][sql] CONNECT:[ UseTime:0.000656s ] mysql:host=127.0.0.1;port=3306;dbname=zhibo;charset=utf8mb4
[2024-12-09T21:55:33+08:00][sql] SHOW FULL COLUMNS FROM `cmf_hook` [ RunTime:0.001574s ]
[2024-12-09T21:55:33+08:00][sql] SELECT `hook`,`id` FROM `cmf_hook` WHERE  (  (  `app` = '' OR `app` = 'cmf' )  AND `type` = 3 ) OR `type` = 1 [ RunTime:0.000662s ]
[2024-12-09T21:55:33+08:00][sql] SHOW FULL COLUMNS FROM `cmf_hook_plugin` [ RunTime:0.001277s ]
[2024-12-09T21:55:33+08:00][sql] SELECT `hook`,`plugin` FROM `cmf_hook_plugin` WHERE  `status` = 1  AND `hook` IN ('app_begin','module_init','action_begin','view_filter','app_end','log_write','response_end','admin_init','home_init','send_mobile_verification_code','body_start','before_head_end','footer_start','before_footer','before_footer_end','before_body_end','left_sidebar_start','before_left_sidebar_end','right_sidebar_start','before_right_sidebar_end','comment','guestbook','switch_theme','after_content','before_content','log_write_done','switch_admin_theme','captcha_image') ORDER BY `list_order` ASC [ RunTime:0.000725s ]
[2024-12-09T21:55:33+08:00][sql] CONNECT:[ UseTime:0.000652s ] mysql:host=127.0.0.1;port=3306;dbname=zhibo;charset=utf8mb4
[2024-12-09T21:55:33+08:00][sql] SHOW FULL COLUMNS FROM `cmf_hook` [ RunTime:0.001509s ]
[2024-12-09T21:55:33+08:00][sql] SELECT `hook`,`id` FROM `cmf_hook` WHERE  (  (  `app` = '' OR `app` = 'cmf' )  AND `type` = 3 ) OR `type` = 1 [ RunTime:0.000639s ]
[2024-12-09T21:55:33+08:00][sql] SHOW FULL COLUMNS FROM `cmf_hook_plugin` [ RunTime:0.001255s ]
[2024-12-09T21:55:33+08:00][sql] SELECT `hook`,`plugin` FROM `cmf_hook_plugin` WHERE  `status` = 1  AND `hook` IN ('app_begin','module_init','action_begin','view_filter','app_end','log_write','response_end','admin_init','home_init','send_mobile_verification_code','body_start','before_head_end','footer_start','before_footer','before_footer_end','before_body_end','left_sidebar_start','before_left_sidebar_end','right_sidebar_start','before_right_sidebar_end','comment','guestbook','switch_theme','after_content','before_content','log_write_done','switch_admin_theme','captcha_image') ORDER BY `list_order` ASC [ RunTime:0.000716s ]
[2024-12-09T21:55:35+08:00][sql] CONNECT:[ UseTime:0.000645s ] mysql:host=127.0.0.1;port=3306;dbname=zhibo;charset=utf8mb4
[2024-12-09T21:55:35+08:00][sql] SHOW FULL COLUMNS FROM `cmf_hook` [ RunTime:0.001567s ]
[2024-12-09T21:55:35+08:00][sql] SELECT `hook`,`id` FROM `cmf_hook` WHERE  (  (  `app` = '' OR `app` = 'cmf' )  AND `type` = 3 ) OR `type` = 1 [ RunTime:0.000676s ]
[2024-12-09T21:55:35+08:00][sql] SHOW FULL COLUMNS FROM `cmf_hook_plugin` [ RunTime:0.001351s ]
[2024-12-09T21:55:35+08:00][sql] SELECT `hook`,`plugin` FROM `cmf_hook_plugin` WHERE  `status` = 1  AND `hook` IN ('app_begin','module_init','action_begin','view_filter','app_end','log_write','response_end','admin_init','home_init','send_mobile_verification_code','body_start','before_head_end','footer_start','before_footer','before_footer_end','before_body_end','left_sidebar_start','before_left_sidebar_end','right_sidebar_start','before_right_sidebar_end','comment','guestbook','switch_theme','after_content','before_content','log_write_done','switch_admin_theme','captcha_image') ORDER BY `list_order` ASC [ RunTime:0.000712s ]
[2024-12-09T21:55:37+08:00][sql] CONNECT:[ UseTime:0.000655s ] mysql:host=127.0.0.1;port=3306;dbname=zhibo;charset=utf8mb4
[2024-12-09T21:55:37+08:00][sql] SHOW FULL COLUMNS FROM `cmf_hook` [ RunTime:0.001600s ]
[2024-12-09T21:55:37+08:00][sql] SELECT `hook`,`id` FROM `cmf_hook` WHERE  (  (  `app` = '' OR `app` = 'cmf' )  AND `type` = 3 ) OR `type` = 1 [ RunTime:0.000690s ]
[2024-12-09T21:55:37+08:00][sql] SHOW FULL COLUMNS FROM `cmf_hook_plugin` [ RunTime:0.001391s ]
[2024-12-09T21:55:37+08:00][sql] SELECT `hook`,`plugin` FROM `cmf_hook_plugin` WHERE  `status` = 1  AND `hook` IN ('app_begin','module_init','action_begin','view_filter','app_end','log_write','response_end','admin_init','home_init','send_mobile_verification_code','body_start','before_head_end','footer_start','before_footer','before_footer_end','before_body_end','left_sidebar_start','before_left_sidebar_end','right_sidebar_start','before_right_sidebar_end','comment','guestbook','switch_theme','after_content','before_content','log_write_done','switch_admin_theme','captcha_image') ORDER BY `list_order` ASC [ RunTime:0.000729s ]
[2024-12-09T21:55:37+08:00][sql] CONNECT:[ UseTime:0.000638s ] mysql:host=127.0.0.1;port=3306;dbname=zhibo;charset=utf8mb4
[2024-12-09T21:55:37+08:00][sql] SHOW FULL COLUMNS FROM `cmf_hook` [ RunTime:0.001602s ]
[2024-12-09T21:55:37+08:00][sql] SELECT `hook`,`id` FROM `cmf_hook` WHERE  (  (  `app` = '' OR `app` = 'cmf' )  AND `type` = 3 ) OR `type` = 1 [ RunTime:0.000655s ]
[2024-12-09T21:55:37+08:00][sql] SHOW FULL COLUMNS FROM `cmf_hook_plugin` [ RunTime:0.001329s ]
[2024-12-09T21:55:37+08:00][sql] SELECT `hook`,`plugin` FROM `cmf_hook_plugin` WHERE  `status` = 1  AND `hook` IN ('app_begin','module_init','action_begin','view_filter','app_end','log_write','response_end','admin_init','home_init','send_mobile_verification_code','body_start','before_head_end','footer_start','before_footer','before_footer_end','before_body_end','left_sidebar_start','before_left_sidebar_end','right_sidebar_start','before_right_sidebar_end','comment','guestbook','switch_theme','after_content','before_content','log_write_done','switch_admin_theme','captcha_image') ORDER BY `list_order` ASC [ RunTime:0.000751s ]
[2024-12-09T21:55:39+08:00][sql] CONNECT:[ UseTime:0.000610s ] mysql:host=127.0.0.1;port=3306;dbname=zhibo;charset=utf8mb4
[2024-12-09T21:55:39+08:00][sql] SHOW FULL COLUMNS FROM `cmf_hook` [ RunTime:0.001548s ]
[2024-12-09T21:55:39+08:00][sql] SELECT `hook`,`id` FROM `cmf_hook` WHERE  (  (  `app` = '' OR `app` = 'cmf' )  AND `type` = 3 ) OR `type` = 1 [ RunTime:0.000674s ]
[2024-12-09T21:55:39+08:00][sql] SHOW FULL COLUMNS FROM `cmf_hook_plugin` [ RunTime:0.001298s ]
[2024-12-09T21:55:39+08:00][sql] SELECT `hook`,`plugin` FROM `cmf_hook_plugin` WHERE  `status` = 1  AND `hook` IN ('app_begin','module_init','action_begin','view_filter','app_end','log_write','response_end','admin_init','home_init','send_mobile_verification_code','body_start','before_head_end','footer_start','before_footer','before_footer_end','before_body_end','left_sidebar_start','before_left_sidebar_end','right_sidebar_start','before_right_sidebar_end','comment','guestbook','switch_theme','after_content','before_content','log_write_done','switch_admin_theme','captcha_image') ORDER BY `list_order` ASC [ RunTime:0.000718s ]
[2024-12-09T21:55:41+08:00][sql] CONNECT:[ UseTime:0.000639s ] mysql:host=127.0.0.1;port=3306;dbname=zhibo;charset=utf8mb4
[2024-12-09T21:55:41+08:00][sql] SHOW FULL COLUMNS FROM `cmf_hook` [ RunTime:0.001475s ]
[2024-12-09T21:55:41+08:00][sql] SELECT `hook`,`id` FROM `cmf_hook` WHERE  (  (  `app` = '' OR `app` = 'cmf' )  AND `type` = 3 ) OR `type` = 1 [ RunTime:0.000645s ]
[2024-12-09T21:55:41+08:00][sql] SHOW FULL COLUMNS FROM `cmf_hook_plugin` [ RunTime:0.001225s ]
[2024-12-09T21:55:41+08:00][sql] SELECT `hook`,`plugin` FROM `cmf_hook_plugin` WHERE  `status` = 1  AND `hook` IN ('app_begin','module_init','action_begin','view_filter','app_end','log_write','response_end','admin_init','home_init','send_mobile_verification_code','body_start','before_head_end','footer_start','before_footer','before_footer_end','before_body_end','left_sidebar_start','before_left_sidebar_end','right_sidebar_start','before_right_sidebar_end','comment','guestbook','switch_theme','after_content','before_content','log_write_done','switch_admin_theme','captcha_image') ORDER BY `list_order` ASC [ RunTime:0.000680s ]
[2024-12-09T21:55:41+08:00][sql] CONNECT:[ UseTime:0.000627s ] mysql:host=127.0.0.1;port=3306;dbname=zhibo;charset=utf8mb4
[2024-12-09T21:55:41+08:00][sql] SHOW FULL COLUMNS FROM `cmf_hook` [ RunTime:0.001527s ]
[2024-12-09T21:55:41+08:00][sql] SELECT `hook`,`id` FROM `cmf_hook` WHERE  (  (  `app` = '' OR `app` = 'cmf' )  AND `type` = 3 ) OR `type` = 1 [ RunTime:0.000639s ]
[2024-12-09T21:55:41+08:00][sql] SHOW FULL COLUMNS FROM `cmf_hook_plugin` [ RunTime:0.001279s ]
[2024-12-09T21:55:41+08:00][sql] SELECT `hook`,`plugin` FROM `cmf_hook_plugin` WHERE  `status` = 1  AND `hook` IN ('app_begin','module_init','action_begin','view_filter','app_end','log_write','response_end','admin_init','home_init','send_mobile_verification_code','body_start','before_head_end','footer_start','before_footer','before_footer_end','before_body_end','left_sidebar_start','before_left_sidebar_end','right_sidebar_start','before_right_sidebar_end','comment','guestbook','switch_theme','after_content','before_content','log_write_done','switch_admin_theme','captcha_image') ORDER BY `list_order` ASC [ RunTime:0.000715s ]
[2024-12-09T21:55:43+08:00][sql] CONNECT:[ UseTime:0.000655s ] mysql:host=127.0.0.1;port=3306;dbname=zhibo;charset=utf8mb4
[2024-12-09T21:55:43+08:00][sql] SHOW FULL COLUMNS FROM `cmf_hook` [ RunTime:0.001617s ]
[2024-12-09T21:55:43+08:00][sql] SELECT `hook`,`id` FROM `cmf_hook` WHERE  (  (  `app` = '' OR `app` = 'cmf' )  AND `type` = 3 ) OR `type` = 1 [ RunTime:0.000638s ]
[2024-12-09T21:55:43+08:00][sql] SHOW FULL COLUMNS FROM `cmf_hook_plugin` [ RunTime:0.001282s ]
[2024-12-09T21:55:43+08:00][sql] SELECT `hook`,`plugin` FROM `cmf_hook_plugin` WHERE  `status` = 1  AND `hook` IN ('app_begin','module_init','action_begin','view_filter','app_end','log_write','response_end','admin_init','home_init','send_mobile_verification_code','body_start','before_head_end','footer_start','before_footer','before_footer_end','before_body_end','left_sidebar_start','before_left_sidebar_end','right_sidebar_start','before_right_sidebar_end','comment','guestbook','switch_theme','after_content','before_content','log_write_done','switch_admin_theme','captcha_image') ORDER BY `list_order` ASC [ RunTime:0.000671s ]
[2024-12-09T21:55:43+08:00][sql] CONNECT:[ UseTime:0.000663s ] mysql:host=127.0.0.1;port=3306;dbname=zhibo;charset=utf8mb4
[2024-12-09T21:55:43+08:00][sql] SHOW FULL COLUMNS FROM `cmf_hook` [ RunTime:0.001520s ]
[2024-12-09T21:55:43+08:00][sql] SELECT `hook`,`id` FROM `cmf_hook` WHERE  (  (  `app` = '' OR `app` = 'cmf' )  AND `type` = 3 ) OR `type` = 1 [ RunTime:0.000644s ]
[2024-12-09T21:55:43+08:00][sql] SHOW FULL COLUMNS FROM `cmf_hook_plugin` [ RunTime:0.001303s ]
[2024-12-09T21:55:43+08:00][sql] SELECT `hook`,`plugin` FROM `cmf_hook_plugin` WHERE  `status` = 1  AND `hook` IN ('app_begin','module_init','action_begin','view_filter','app_end','log_write','response_end','admin_init','home_init','send_mobile_verification_code','body_start','before_head_end','footer_start','before_footer','before_footer_end','before_body_end','left_sidebar_start','before_left_sidebar_end','right_sidebar_start','before_right_sidebar_end','comment','guestbook','switch_theme','after_content','before_content','log_write_done','switch_admin_theme','captcha_image') ORDER BY `list_order` ASC [ RunTime:0.000694s ]
[2024-12-09T21:55:45+08:00][sql] CONNECT:[ UseTime:0.000655s ] mysql:host=127.0.0.1;port=3306;dbname=zhibo;charset=utf8mb4
[2024-12-09T21:55:45+08:00][sql] SHOW FULL COLUMNS FROM `cmf_hook` [ RunTime:0.001571s ]
[2024-12-09T21:55:45+08:00][sql] SELECT `hook`,`id` FROM `cmf_hook` WHERE  (  (  `app` = '' OR `app` = 'cmf' )  AND `type` = 3 ) OR `type` = 1 [ RunTime:0.000685s ]
[2024-12-09T21:55:45+08:00][sql] SHOW FULL COLUMNS FROM `cmf_hook_plugin` [ RunTime:0.001296s ]
[2024-12-09T21:55:45+08:00][sql] SELECT `hook`,`plugin` FROM `cmf_hook_plugin` WHERE  `status` = 1  AND `hook` IN ('app_begin','module_init','action_begin','view_filter','app_end','log_write','response_end','admin_init','home_init','send_mobile_verification_code','body_start','before_head_end','footer_start','before_footer','before_footer_end','before_body_end','left_sidebar_start','before_left_sidebar_end','right_sidebar_start','before_right_sidebar_end','comment','guestbook','switch_theme','after_content','before_content','log_write_done','switch_admin_theme','captcha_image') ORDER BY `list_order` ASC [ RunTime:0.000722s ]
[2024-12-09T21:55:45+08:00][sql] CONNECT:[ UseTime:0.000664s ] mysql:host=127.0.0.1;port=3306;dbname=zhibo;charset=utf8mb4
[2024-12-09T21:55:45+08:00][sql] SHOW FULL COLUMNS FROM `cmf_hook` [ RunTime:0.001575s ]
[2024-12-09T21:55:45+08:00][sql] SELECT `hook`,`id` FROM `cmf_hook` WHERE  (  (  `app` = '' OR `app` = 'cmf' )  AND `type` = 3 ) OR `type` = 1 [ RunTime:0.000631s ]
[2024-12-09T21:55:45+08:00][sql] SHOW FULL COLUMNS FROM `cmf_hook_plugin` [ RunTime:0.001280s ]
[2024-12-09T21:55:45+08:00][sql] SELECT `hook`,`plugin` FROM `cmf_hook_plugin` WHERE  `status` = 1  AND `hook` IN ('app_begin','module_init','action_begin','view_filter','app_end','log_write','response_end','admin_init','home_init','send_mobile_verification_code','body_start','before_head_end','footer_start','before_footer','before_footer_end','before_body_end','left_sidebar_start','before_left_sidebar_end','right_sidebar_start','before_right_sidebar_end','comment','guestbook','switch_theme','after_content','before_content','log_write_done','switch_admin_theme','captcha_image') ORDER BY `list_order` ASC [ RunTime:0.000698s ]
[2024-12-09T21:55:47+08:00][sql] CONNECT:[ UseTime:0.000675s ] mysql:host=127.0.0.1;port=3306;dbname=zhibo;charset=utf8mb4
[2024-12-09T21:55:47+08:00][sql] SHOW FULL COLUMNS FROM `cmf_hook` [ RunTime:0.001509s ]
[2024-12-09T21:55:47+08:00][sql] SELECT `hook`,`id` FROM `cmf_hook` WHERE  (  (  `app` = '' OR `app` = 'cmf' )  AND `type` = 3 ) OR `type` = 1 [ RunTime:0.000639s ]
[2024-12-09T21:55:47+08:00][sql] SHOW FULL COLUMNS FROM `cmf_hook_plugin` [ RunTime:0.001209s ]
[2024-12-09T21:55:47+08:00][sql] SELECT `hook`,`plugin` FROM `cmf_hook_plugin` WHERE  `status` = 1  AND `hook` IN ('app_begin','module_init','action_begin','view_filter','app_end','log_write','response_end','admin_init','home_init','send_mobile_verification_code','body_start','before_head_end','footer_start','before_footer','before_footer_end','before_body_end','left_sidebar_start','before_left_sidebar_end','right_sidebar_start','before_right_sidebar_end','comment','guestbook','switch_theme','after_content','before_content','log_write_done','switch_admin_theme','captcha_image') ORDER BY `list_order` ASC [ RunTime:0.000722s ]
[2024-12-09T21:55:47+08:00][sql] CONNECT:[ UseTime:0.000642s ] mysql:host=127.0.0.1;port=3306;dbname=zhibo;charset=utf8mb4
[2024-12-09T21:55:47+08:00][sql] SHOW FULL COLUMNS FROM `cmf_hook` [ RunTime:0.001497s ]
[2024-12-09T21:55:47+08:00][sql] SELECT `hook`,`id` FROM `cmf_hook` WHERE  (  (  `app` = '' OR `app` = 'cmf' )  AND `type` = 3 ) OR `type` = 1 [ RunTime:0.000682s ]
[2024-12-09T21:55:47+08:00][sql] SHOW FULL COLUMNS FROM `cmf_hook_plugin` [ RunTime:0.001629s ]
[2024-12-09T21:55:47+08:00][sql] SELECT `hook`,`plugin` FROM `cmf_hook_plugin` WHERE  `status` = 1  AND `hook` IN ('app_begin','module_init','action_begin','view_filter','app_end','log_write','response_end','admin_init','home_init','send_mobile_verification_code','body_start','before_head_end','footer_start','before_footer','before_footer_end','before_body_end','left_sidebar_start','before_left_sidebar_end','right_sidebar_start','before_right_sidebar_end','comment','guestbook','switch_theme','after_content','before_content','log_write_done','switch_admin_theme','captcha_image') ORDER BY `list_order` ASC [ RunTime:0.000729s ]
