[2024-11-09T04:03:26+08:00][sql] CONNECT:[ UseTime:0.000496s ] mysql:host=43.241.16.146;port=3306;dbname=zhibo;charset=utf8mb4
[2024-11-09T04:03:26+08:00][sql] SHOW FULL COLUMNS FROM `cmf_hook` [ RunTime:0.000665s ]
[2024-11-09T04:03:26+08:00][sql] SELECT `hook`,`id` FROM `cmf_hook` WHERE  (  (  `app` = '' OR `app` = 'cmf' )  AND `type` = 3 ) OR `type` = 1 [ RunTime:0.000413s ]
[2024-11-09T04:03:26+08:00][sql] SHOW FULL COLUMNS FROM `cmf_hook_plugin` [ RunTime:0.000441s ]
[2024-11-09T04:03:26+08:00][sql] SELECT `hook`,`plugin` FROM `cmf_hook_plugin` WHERE  `status` = 1  AND `hook` IN ('app_begin','module_init','action_begin','view_filter','app_end','log_write','response_end','admin_init','home_init','send_mobile_verification_code','body_start','before_head_end','footer_start','before_footer','before_footer_end','before_body_end','left_sidebar_start','before_left_sidebar_end','right_sidebar_start','before_right_sidebar_end','comment','guestbook','switch_theme','after_content','before_content','log_write_done','switch_admin_theme','captcha_image') ORDER BY `list_order` ASC [ RunTime:0.000434s ]
[2024-11-09T04:03:26+08:00][error] [0]Connection refused[/www/wwwroot/yuliao.012539.cn/app/redis.php:10]
[2024-11-09T15:41:01+08:00][sql] CONNECT:[ UseTime:0.000460s ] mysql:host=43.241.16.146;port=3306;dbname=zhibo;charset=utf8mb4
[2024-11-09T15:41:01+08:00][sql] SHOW FULL COLUMNS FROM `cmf_hook` [ RunTime:0.000674s ]
[2024-11-09T15:41:01+08:00][sql] SELECT `hook`,`id` FROM `cmf_hook` WHERE  (  (  `app` = '' OR `app` = 'cmf' )  AND `type` = 3 ) OR `type` = 1 [ RunTime:0.000413s ]
[2024-11-09T15:41:01+08:00][sql] SHOW FULL COLUMNS FROM `cmf_hook_plugin` [ RunTime:0.000451s ]
[2024-11-09T15:41:01+08:00][sql] SELECT `hook`,`plugin` FROM `cmf_hook_plugin` WHERE  `status` = 1  AND `hook` IN ('app_begin','module_init','action_begin','view_filter','app_end','log_write','response_end','admin_init','home_init','send_mobile_verification_code','body_start','before_head_end','footer_start','before_footer','before_footer_end','before_body_end','left_sidebar_start','before_left_sidebar_end','right_sidebar_start','before_right_sidebar_end','comment','guestbook','switch_theme','after_content','before_content','log_write_done','switch_admin_theme','captcha_image') ORDER BY `list_order` ASC [ RunTime:0.000427s ]
[2024-11-09T15:41:01+08:00][error] [0]Connection refused[/www/wwwroot/yuliao.012539.cn/app/redis.php:10]
[2024-11-09T15:42:01+08:00][sql] CONNECT:[ UseTime:0.000460s ] mysql:host=43.241.16.146;port=3306;dbname=zhibo;charset=utf8mb4
[2024-11-09T15:42:01+08:00][sql] SHOW FULL COLUMNS FROM `cmf_hook` [ RunTime:0.000642s ]
[2024-11-09T15:42:01+08:00][sql] SELECT `hook`,`id` FROM `cmf_hook` WHERE  (  (  `app` = '' OR `app` = 'cmf' )  AND `type` = 3 ) OR `type` = 1 [ RunTime:0.000421s ]
[2024-11-09T15:42:01+08:00][sql] SHOW FULL COLUMNS FROM `cmf_hook_plugin` [ RunTime:0.000440s ]
[2024-11-09T15:42:01+08:00][sql] SELECT `hook`,`plugin` FROM `cmf_hook_plugin` WHERE  `status` = 1  AND `hook` IN ('app_begin','module_init','action_begin','view_filter','app_end','log_write','response_end','admin_init','home_init','send_mobile_verification_code','body_start','before_head_end','footer_start','before_footer','before_footer_end','before_body_end','left_sidebar_start','before_left_sidebar_end','right_sidebar_start','before_right_sidebar_end','comment','guestbook','switch_theme','after_content','before_content','log_write_done','switch_admin_theme','captcha_image') ORDER BY `list_order` ASC [ RunTime:0.000412s ]
[2024-11-09T15:42:01+08:00][error] [0]Connection refused[/www/wwwroot/yuliao.012539.cn/app/redis.php:10]
[2024-11-09T15:44:08+08:00][sql] CONNECT:[ UseTime:0.000477s ] mysql:host=43.241.16.146;port=3306;dbname=zhibo;charset=utf8mb4
[2024-11-09T15:44:08+08:00][sql] SHOW FULL COLUMNS FROM `cmf_hook` [ RunTime:0.000672s ]
[2024-11-09T15:44:08+08:00][sql] SELECT `hook`,`id` FROM `cmf_hook` WHERE  (  (  `app` = '' OR `app` = 'cmf' )  AND `type` = 3 ) OR `type` = 1 [ RunTime:0.000417s ]
[2024-11-09T15:44:08+08:00][sql] SHOW FULL COLUMNS FROM `cmf_hook_plugin` [ RunTime:0.000459s ]
[2024-11-09T15:44:08+08:00][sql] SELECT `hook`,`plugin` FROM `cmf_hook_plugin` WHERE  `status` = 1  AND `hook` IN ('app_begin','module_init','action_begin','view_filter','app_end','log_write','response_end','admin_init','home_init','send_mobile_verification_code','body_start','before_head_end','footer_start','before_footer','before_footer_end','before_body_end','left_sidebar_start','before_left_sidebar_end','right_sidebar_start','before_right_sidebar_end','comment','guestbook','switch_theme','after_content','before_content','log_write_done','switch_admin_theme','captcha_image') ORDER BY `list_order` ASC [ RunTime:0.000449s ]
[2024-11-09T15:44:08+08:00][error] [0]Connection refused[/www/wwwroot/yuliao.012539.cn/app/redis.php:10]
[2024-11-09T15:44:11+08:00][sql] CONNECT:[ UseTime:0.000432s ] mysql:host=43.241.16.146;port=3306;dbname=zhibo;charset=utf8mb4
[2024-11-09T15:44:11+08:00][sql] SHOW FULL COLUMNS FROM `cmf_hook` [ RunTime:0.000634s ]
[2024-11-09T15:44:11+08:00][sql] SELECT `hook`,`id` FROM `cmf_hook` WHERE  (  (  `app` = '' OR `app` = 'cmf' )  AND `type` = 3 ) OR `type` = 1 [ RunTime:0.000402s ]
[2024-11-09T15:44:11+08:00][sql] SHOW FULL COLUMNS FROM `cmf_hook_plugin` [ RunTime:0.000443s ]
[2024-11-09T15:44:11+08:00][sql] SELECT `hook`,`plugin` FROM `cmf_hook_plugin` WHERE  `status` = 1  AND `hook` IN ('app_begin','module_init','action_begin','view_filter','app_end','log_write','response_end','admin_init','home_init','send_mobile_verification_code','body_start','before_head_end','footer_start','before_footer','before_footer_end','before_body_end','left_sidebar_start','before_left_sidebar_end','right_sidebar_start','before_right_sidebar_end','comment','guestbook','switch_theme','after_content','before_content','log_write_done','switch_admin_theme','captcha_image') ORDER BY `list_order` ASC [ RunTime:0.000414s ]
[2024-11-09T15:44:11+08:00][error] [0]Connection refused[/www/wwwroot/yuliao.012539.cn/app/redis.php:10]
[2024-11-09T15:48:59+08:00][sql] CONNECT:[ UseTime:0.000470s ] mysql:host=43.241.16.146;port=3306;dbname=zhibo;charset=utf8mb4
[2024-11-09T15:48:59+08:00][sql] SHOW FULL COLUMNS FROM `cmf_hook` [ RunTime:0.000700s ]
[2024-11-09T15:48:59+08:00][sql] SELECT `hook`,`id` FROM `cmf_hook` WHERE  (  (  `app` = '' OR `app` = 'cmf' )  AND `type` = 3 ) OR `type` = 1 [ RunTime:0.000411s ]
[2024-11-09T15:48:59+08:00][sql] SHOW FULL COLUMNS FROM `cmf_hook_plugin` [ RunTime:0.000491s ]
[2024-11-09T15:48:59+08:00][sql] SELECT `hook`,`plugin` FROM `cmf_hook_plugin` WHERE  `status` = 1  AND `hook` IN ('app_begin','module_init','action_begin','view_filter','app_end','log_write','response_end','admin_init','home_init','send_mobile_verification_code','body_start','before_head_end','footer_start','before_footer','before_footer_end','before_body_end','left_sidebar_start','before_left_sidebar_end','right_sidebar_start','before_right_sidebar_end','comment','guestbook','switch_theme','after_content','before_content','log_write_done','switch_admin_theme','captcha_image') ORDER BY `list_order` ASC [ RunTime:0.000433s ]
[2024-11-09T15:48:59+08:00][error] [0]ERR AUTH <password> called without any password configured for the default user. Are you sure your configuration is correct?[/www/wwwroot/yuliao.012539.cn/app/redis.php:11]
[2024-11-09T15:52:23+08:00][sql] CONNECT:[ UseTime:0.000507s ] mysql:host=43.241.16.146;port=3306;dbname=zhibo;charset=utf8mb4
[2024-11-09T15:52:23+08:00][sql] SHOW FULL COLUMNS FROM `cmf_hook` [ RunTime:0.000650s ]
[2024-11-09T15:52:23+08:00][sql] SELECT `hook`,`id` FROM `cmf_hook` WHERE  (  (  `app` = '' OR `app` = 'cmf' )  AND `type` = 3 ) OR `type` = 1 [ RunTime:0.000408s ]
[2024-11-09T15:52:23+08:00][sql] SHOW FULL COLUMNS FROM `cmf_hook_plugin` [ RunTime:0.000464s ]
[2024-11-09T15:52:23+08:00][sql] SELECT `hook`,`plugin` FROM `cmf_hook_plugin` WHERE  `status` = 1  AND `hook` IN ('app_begin','module_init','action_begin','view_filter','app_end','log_write','response_end','admin_init','home_init','send_mobile_verification_code','body_start','before_head_end','footer_start','before_footer','before_footer_end','before_body_end','left_sidebar_start','before_left_sidebar_end','right_sidebar_start','before_right_sidebar_end','comment','guestbook','switch_theme','after_content','before_content','log_write_done','switch_admin_theme','captcha_image') ORDER BY `list_order` ASC [ RunTime:0.000412s ]
[2024-11-09T15:52:23+08:00][sql] SHOW FULL COLUMNS FROM `cmf_option` [ RunTime:0.005957s ]
[2024-11-09T15:52:23+08:00][sql] SELECT `option_value` FROM `cmf_option` WHERE  ( option_name='site_info' ) LIMIT 1 [ RunTime:0.000338s ]
[2024-11-09T15:52:23+08:00][sql] SELECT `option_value` FROM `cmf_option` WHERE  ( option_name='configpri' ) LIMIT 1 [ RunTime:0.000242s ]
[2024-11-09T15:52:23+08:00][sql] SHOW FULL COLUMNS FROM `cmf_level` [ RunTime:0.001568s ]
[2024-11-09T15:52:23+08:00][sql] SELECT * FROM `cmf_level` ORDER BY `level_up` ASC [ RunTime:0.000365s ]
[2024-11-09T15:52:23+08:00][sql] SELECT `option_value` FROM `cmf_option` WHERE  `option_name` = 'storage' LIMIT 1 [ RunTime:0.000277s ]
[2024-11-09T15:52:23+08:00][sql] SHOW FULL COLUMNS FROM `cmf_plugin` [ RunTime:0.001594s ]
[2024-11-09T15:52:23+08:00][sql] SELECT `config` FROM `cmf_plugin` WHERE  `name` = 'Qiniu' LIMIT 1 [ RunTime:0.000269s ]
[2024-11-09T15:52:23+08:00][sql] SHOW FULL COLUMNS FROM `cmf_level_anchor` [ RunTime:0.001455s ]
[2024-11-09T15:52:23+08:00][sql] SELECT * FROM `cmf_level_anchor` ORDER BY `level_up` ASC [ RunTime:0.000319s ]
[2024-11-09T15:52:23+08:00][sql] SHOW FULL COLUMNS FROM `cmf_live_class` [ RunTime:0.001428s ]
[2024-11-09T15:52:23+08:00][sql] SELECT * FROM `cmf_live_class` ORDER BY `list_order` ASC,`id` DESC [ RunTime:0.000316s ]
[2024-11-09T15:52:23+08:00][sql] SHOW FULL COLUMNS FROM `cmf_live` [ RunTime:0.001300s ]
[2024-11-09T15:52:23+08:00][sql] SELECT * FROM `cmf_live` WHERE  ( islive='1' and isrecommend='1' and type='0' and live_type=0 ) [ RunTime:0.001233s ]
[2024-11-09T15:52:23+08:00][sql] SHOW FULL COLUMNS FROM `cmf_slide_item` [ RunTime:0.001022s ]
[2024-11-09T15:52:23+08:00][sql] SELECT * FROM `cmf_slide_item` WHERE  ( status='1' and slide_id='1' ) ORDER BY `list_order` ASC [ RunTime:0.000324s ]
[2024-11-09T15:52:23+08:00][sql] SELECT * FROM `cmf_live_class` ORDER BY `list_order` LIMIT 5 [ RunTime:0.000275s ]
[2024-11-09T15:52:23+08:00][sql] SELECT * FROM `cmf_live` WHERE  `islive` = 1  AND `live_type` = 0  AND `liveclassid` = 8 ORDER BY `recommend_time` DESC,`starttime` DESC LIMIT 5 [ RunTime:0.000425s ]
[2024-11-09T15:52:23+08:00][sql] SELECT `uid`,`thumb`,`stream`,`title`,`city`,`islive`,`type` FROM `cmf_live` WHERE  ( islive='1' and ishot='1' and live_type=0 ) ORDER BY `isrecommend` DESC,`recommend_time` DESC,`hotvotes` DESC,`starttime` DESC LIMIT 5 [ RunTime:0.000323s ]
[2024-11-09T15:52:23+08:00][sql] SELECT `uid`,`thumb`,`stream`,`title`,`city`,`islive`,`type` FROM `cmf_live` WHERE  ( islive='1' and live_type=0 ) ORDER BY `starttime` DESC LIMIT 5 [ RunTime:0.000283s ]
[2024-11-09T15:52:23+08:00][sql] SHOW FULL COLUMNS FROM `cmf_theme_file` [ RunTime:0.001569s ]
[2024-11-09T15:52:23+08:00][sql] SELECT `more` FROM `cmf_theme_file` WHERE  `theme` = 'default'  AND (  `is_public` = 1 OR `file` = '../home/index/index' ) [ RunTime:0.000311s ]
[2024-11-09T15:52:24+08:00][sql] CONNECT:[ UseTime:0.000305s ] mysql:host=43.241.16.146;port=3306;dbname=zhibo;charset=utf8mb4
[2024-11-09T15:52:24+08:00][sql] SHOW FULL COLUMNS FROM `cmf_hook` [ RunTime:0.000484s ]
[2024-11-09T15:52:24+08:00][sql] SELECT `hook`,`id` FROM `cmf_hook` WHERE  (  (  `app` = '' OR `app` = 'cmf' )  AND `type` = 3 ) OR `type` = 1 [ RunTime:0.000343s ]
[2024-11-09T15:52:24+08:00][sql] SHOW FULL COLUMNS FROM `cmf_hook_plugin` [ RunTime:0.000423s ]
[2024-11-09T15:52:24+08:00][sql] SELECT `hook`,`plugin` FROM `cmf_hook_plugin` WHERE  `status` = 1  AND `hook` IN ('app_begin','module_init','action_begin','view_filter','app_end','log_write','response_end','admin_init','home_init','send_mobile_verification_code','body_start','before_head_end','footer_start','before_footer','before_footer_end','before_body_end','left_sidebar_start','before_left_sidebar_end','right_sidebar_start','before_right_sidebar_end','comment','guestbook','switch_theme','after_content','before_content','log_write_done','switch_admin_theme','captcha_image') ORDER BY `list_order` ASC [ RunTime:0.000390s ]
[2024-11-09T15:52:24+08:00][sql] CONNECT:[ UseTime:0.000260s ] mysql:host=43.241.16.146;port=3306;dbname=zhibo;charset=utf8mb4
[2024-11-09T15:52:24+08:00][sql] SHOW FULL COLUMNS FROM `cmf_hook` [ RunTime:0.000456s ]
[2024-11-09T15:52:24+08:00][sql] SELECT `hook`,`id` FROM `cmf_hook` WHERE  (  (  `app` = '' OR `app` = 'cmf' )  AND `type` = 3 ) OR `type` = 1 [ RunTime:0.000321s ]
[2024-11-09T15:52:24+08:00][sql] SHOW FULL COLUMNS FROM `cmf_hook_plugin` [ RunTime:0.000431s ]
[2024-11-09T15:52:24+08:00][sql] SELECT `hook`,`plugin` FROM `cmf_hook_plugin` WHERE  `status` = 1  AND `hook` IN ('app_begin','module_init','action_begin','view_filter','app_end','log_write','response_end','admin_init','home_init','send_mobile_verification_code','body_start','before_head_end','footer_start','before_footer','before_footer_end','before_body_end','left_sidebar_start','before_left_sidebar_end','right_sidebar_start','before_right_sidebar_end','comment','guestbook','switch_theme','after_content','before_content','log_write_done','switch_admin_theme','captcha_image') ORDER BY `list_order` ASC [ RunTime:0.000392s ]
[2024-11-09T15:52:24+08:00][sql] SHOW FULL COLUMNS FROM `cmf_plugin` [ RunTime:0.000632s ]
[2024-11-09T15:52:24+08:00][sql] SELECT `config` FROM `cmf_plugin` WHERE  `name` = 'Qiniu' LIMIT 1 [ RunTime:0.000266s ]
[2024-11-09T15:54:07+08:00][sql] CONNECT:[ UseTime:0.000359s ] mysql:host=43.241.16.146;port=3306;dbname=zhibo;charset=utf8mb4
[2024-11-09T15:54:07+08:00][sql] SHOW FULL COLUMNS FROM `cmf_hook` [ RunTime:0.000491s ]
[2024-11-09T15:54:07+08:00][sql] SELECT `hook`,`id` FROM `cmf_hook` WHERE  (  (  `app` = '' OR `app` = 'cmf' )  AND `type` = 3 ) OR `type` = 1 [ RunTime:0.000338s ]
[2024-11-09T15:54:07+08:00][sql] SHOW FULL COLUMNS FROM `cmf_hook_plugin` [ RunTime:0.000431s ]
[2024-11-09T15:54:07+08:00][sql] SELECT `hook`,`plugin` FROM `cmf_hook_plugin` WHERE  `status` = 1  AND `hook` IN ('app_begin','module_init','action_begin','view_filter','app_end','log_write','response_end','admin_init','home_init','send_mobile_verification_code','body_start','before_head_end','footer_start','before_footer','before_footer_end','before_body_end','left_sidebar_start','before_left_sidebar_end','right_sidebar_start','before_right_sidebar_end','comment','guestbook','switch_theme','after_content','before_content','log_write_done','switch_admin_theme','captcha_image') ORDER BY `list_order` ASC [ RunTime:0.000399s ]
[2024-11-09T15:54:08+08:00][sql] CONNECT:[ UseTime:0.000327s ] mysql:host=43.241.16.146;port=3306;dbname=zhibo;charset=utf8mb4
[2024-11-09T15:54:08+08:00][sql] SHOW FULL COLUMNS FROM `cmf_hook` [ RunTime:0.000568s ]
[2024-11-09T15:54:08+08:00][sql] SELECT `hook`,`id` FROM `cmf_hook` WHERE  (  (  `app` = '' OR `app` = 'cmf' )  AND `type` = 3 ) OR `type` = 1 [ RunTime:0.000369s ]
[2024-11-09T15:54:08+08:00][sql] SHOW FULL COLUMNS FROM `cmf_hook_plugin` [ RunTime:0.000430s ]
[2024-11-09T15:54:08+08:00][sql] SELECT `hook`,`plugin` FROM `cmf_hook_plugin` WHERE  `status` = 1  AND `hook` IN ('app_begin','module_init','action_begin','view_filter','app_end','log_write','response_end','admin_init','home_init','send_mobile_verification_code','body_start','before_head_end','footer_start','before_footer','before_footer_end','before_body_end','left_sidebar_start','before_left_sidebar_end','right_sidebar_start','before_right_sidebar_end','comment','guestbook','switch_theme','after_content','before_content','log_write_done','switch_admin_theme','captcha_image') ORDER BY `list_order` ASC [ RunTime:0.000403s ]
[2024-11-09T15:54:08+08:00][sql] CONNECT:[ UseTime:0.000318s ] mysql:host=43.241.16.146;port=3306;dbname=zhibo;charset=utf8mb4
[2024-11-09T15:54:08+08:00][sql] SHOW FULL COLUMNS FROM `cmf_hook` [ RunTime:0.000542s ]
[2024-11-09T15:54:08+08:00][sql] SELECT `hook`,`id` FROM `cmf_hook` WHERE  (  (  `app` = '' OR `app` = 'cmf' )  AND `type` = 3 ) OR `type` = 1 [ RunTime:0.000382s ]
[2024-11-09T15:54:08+08:00][sql] SHOW FULL COLUMNS FROM `cmf_hook_plugin` [ RunTime:0.000496s ]
[2024-11-09T15:54:08+08:00][sql] SELECT `hook`,`plugin` FROM `cmf_hook_plugin` WHERE  `status` = 1  AND `hook` IN ('app_begin','module_init','action_begin','view_filter','app_end','log_write','response_end','admin_init','home_init','send_mobile_verification_code','body_start','before_head_end','footer_start','before_footer','before_footer_end','before_body_end','left_sidebar_start','before_left_sidebar_end','right_sidebar_start','before_right_sidebar_end','comment','guestbook','switch_theme','after_content','before_content','log_write_done','switch_admin_theme','captcha_image') ORDER BY `list_order` ASC [ RunTime:0.000437s ]
[2024-11-09T15:54:11+08:00][sql] CONNECT:[ UseTime:0.000286s ] mysql:host=43.241.16.146;port=3306;dbname=zhibo;charset=utf8mb4
[2024-11-09T15:54:11+08:00][sql] SHOW FULL COLUMNS FROM `cmf_hook` [ RunTime:0.000511s ]
[2024-11-09T15:54:11+08:00][sql] SELECT `hook`,`id` FROM `cmf_hook` WHERE  (  (  `app` = '' OR `app` = 'cmf' )  AND `type` = 3 ) OR `type` = 1 [ RunTime:0.000344s ]
[2024-11-09T15:54:11+08:00][sql] SHOW FULL COLUMNS FROM `cmf_hook_plugin` [ RunTime:0.000481s ]
[2024-11-09T15:54:11+08:00][sql] SELECT `hook`,`plugin` FROM `cmf_hook_plugin` WHERE  `status` = 1  AND `hook` IN ('app_begin','module_init','action_begin','view_filter','app_end','log_write','response_end','admin_init','home_init','send_mobile_verification_code','body_start','before_head_end','footer_start','before_footer','before_footer_end','before_body_end','left_sidebar_start','before_left_sidebar_end','right_sidebar_start','before_right_sidebar_end','comment','guestbook','switch_theme','after_content','before_content','log_write_done','switch_admin_theme','captcha_image') ORDER BY `list_order` ASC [ RunTime:0.000414s ]
[2024-11-09T15:54:11+08:00][sql] CONNECT:[ UseTime:0.000279s ] mysql:host=43.241.16.146;port=3306;dbname=zhibo;charset=utf8mb4
[2024-11-09T15:54:11+08:00][sql] SHOW FULL COLUMNS FROM `cmf_hook` [ RunTime:0.000458s ]
[2024-11-09T15:54:11+08:00][sql] SELECT `hook`,`id` FROM `cmf_hook` WHERE  (  (  `app` = '' OR `app` = 'cmf' )  AND `type` = 3 ) OR `type` = 1 [ RunTime:0.000332s ]
[2024-11-09T15:54:11+08:00][sql] SHOW FULL COLUMNS FROM `cmf_hook_plugin` [ RunTime:0.000418s ]
[2024-11-09T15:54:11+08:00][sql] SELECT `hook`,`plugin` FROM `cmf_hook_plugin` WHERE  `status` = 1  AND `hook` IN ('app_begin','module_init','action_begin','view_filter','app_end','log_write','response_end','admin_init','home_init','send_mobile_verification_code','body_start','before_head_end','footer_start','before_footer','before_footer_end','before_body_end','left_sidebar_start','before_left_sidebar_end','right_sidebar_start','before_right_sidebar_end','comment','guestbook','switch_theme','after_content','before_content','log_write_done','switch_admin_theme','captcha_image') ORDER BY `list_order` ASC [ RunTime:0.000405s ]
[2024-11-09T15:54:30+08:00][sql] CONNECT:[ UseTime:0.000356s ] mysql:host=43.241.16.146;port=3306;dbname=zhibo;charset=utf8mb4
[2024-11-09T15:54:30+08:00][sql] SHOW FULL COLUMNS FROM `cmf_hook` [ RunTime:0.000570s ]
[2024-11-09T15:54:30+08:00][sql] SELECT `hook`,`id` FROM `cmf_hook` WHERE  (  (  `app` = '' OR `app` = 'cmf' )  AND `type` = 3 ) OR `type` = 1 [ RunTime:0.000371s ]
[2024-11-09T15:54:30+08:00][sql] SHOW FULL COLUMNS FROM `cmf_hook_plugin` [ RunTime:0.000426s ]
[2024-11-09T15:54:30+08:00][sql] SELECT `hook`,`plugin` FROM `cmf_hook_plugin` WHERE  `status` = 1  AND `hook` IN ('app_begin','module_init','action_begin','view_filter','app_end','log_write','response_end','admin_init','home_init','send_mobile_verification_code','body_start','before_head_end','footer_start','before_footer','before_footer_end','before_body_end','left_sidebar_start','before_left_sidebar_end','right_sidebar_start','before_right_sidebar_end','comment','guestbook','switch_theme','after_content','before_content','log_write_done','switch_admin_theme','captcha_image') ORDER BY `list_order` ASC [ RunTime:0.000414s ]
[2024-11-09T15:54:30+08:00][sql] SHOW FULL COLUMNS FROM `cmf_user` [ RunTime:0.005421s ]
[2024-11-09T15:54:30+08:00][sql] SELECT * FROM `cmf_user` WHERE  `user_login` = 'admin' LIMIT 1 [ RunTime:0.000460s ]
[2024-11-09T15:54:30+08:00][sql] SHOW FULL COLUMNS FROM `cmf_role_user` [ RunTime:0.005049s ]
[2024-11-09T15:54:30+08:00][sql] SELECT `role_id` FROM `cmf_role_user` `a` INNER JOIN `cmf_role` `b` ON `a`.`role_id`=`b`.`id` WHERE  `user_id` = 1  AND `status` = '1' LIMIT 1 [ RunTime:0.001225s ]
[2024-11-09T15:54:30+08:00][sql] SHOW FULL COLUMNS FROM `cmf_user_token` [ RunTime:0.000820s ]
[2024-11-09T15:54:30+08:00][sql] SELECT * FROM `cmf_user_token` WHERE  `user_id` = 1  AND `device_type` = 'web' LIMIT 1 [ RunTime:0.000273s ]
[2024-11-09T15:54:30+08:00][sql] UPDATE `cmf_user`  SET `last_login_ip` = '223.88.94.176' , `last_login_time` = 1731138870  WHERE  `id` = 1 [ RunTime:0.020016s ]
[2024-11-09T15:54:32+08:00][sql] CONNECT:[ UseTime:0.000312s ] mysql:host=43.241.16.146;port=3306;dbname=zhibo;charset=utf8mb4
[2024-11-09T15:54:32+08:00][sql] SHOW FULL COLUMNS FROM `cmf_hook` [ RunTime:0.000512s ]
[2024-11-09T15:54:32+08:00][sql] SELECT `hook`,`id` FROM `cmf_hook` WHERE  (  (  `app` = '' OR `app` = 'cmf' )  AND `type` = 3 ) OR `type` = 1 [ RunTime:0.000339s ]
[2024-11-09T15:54:32+08:00][sql] SHOW FULL COLUMNS FROM `cmf_hook_plugin` [ RunTime:0.000444s ]
[2024-11-09T15:54:32+08:00][sql] SELECT `hook`,`plugin` FROM `cmf_hook_plugin` WHERE  `status` = 1  AND `hook` IN ('app_begin','module_init','action_begin','view_filter','app_end','log_write','response_end','admin_init','home_init','send_mobile_verification_code','body_start','before_head_end','footer_start','before_footer','before_footer_end','before_body_end','left_sidebar_start','before_left_sidebar_end','right_sidebar_start','before_right_sidebar_end','comment','guestbook','switch_theme','after_content','before_content','log_write_done','switch_admin_theme','captcha_image') ORDER BY `list_order` ASC [ RunTime:0.000406s ]
[2024-11-09T15:54:32+08:00][sql] SHOW FULL COLUMNS FROM `cmf_user` [ RunTime:0.000850s ]
[2024-11-09T15:54:32+08:00][sql] SELECT * FROM `cmf_user` WHERE  `id` = 1 LIMIT 1 [ RunTime:0.000457s ]
[2024-11-09T15:54:32+08:00][sql] SHOW FULL COLUMNS FROM `cmf_admin_menu` [ RunTime:0.005435s ]
[2024-11-09T15:54:32+08:00][sql] SELECT * FROM `cmf_admin_menu` WHERE  `parent_id` = 0  AND `status` = 1 ORDER BY `list_order` ASC [ RunTime:0.001587s ]
[2024-11-09T15:54:32+08:00][sql] SELECT * FROM `cmf_admin_menu` WHERE  `parent_id` = 6  AND `status` = 1 ORDER BY `list_order` ASC [ RunTime:0.000468s ]
[2024-11-09T15:54:32+08:00][sql] SELECT * FROM `cmf_admin_menu` WHERE  `parent_id` = 71  AND `status` = 1 ORDER BY `list_order` ASC [ RunTime:0.000361s ]
[2024-11-09T15:54:32+08:00][sql] SELECT * FROM `cmf_admin_menu` WHERE  `parent_id` = 169  AND `status` = 1 ORDER BY `list_order` ASC [ RunTime:0.000341s ]
[2024-11-09T15:54:32+08:00][sql] SELECT * FROM `cmf_admin_menu` WHERE  `parent_id` = 78  AND `status` = 1 ORDER BY `list_order` ASC [ RunTime:0.000384s ]
[2024-11-09T15:54:32+08:00][sql] SELECT * FROM `cmf_admin_menu` WHERE  `parent_id` = 75  AND `status` = 1 ORDER BY `list_order` ASC [ RunTime:0.000332s ]
[2024-11-09T15:54:32+08:00][sql] SELECT * FROM `cmf_admin_menu` WHERE  `parent_id` = 171  AND `status` = 1 ORDER BY `list_order` ASC [ RunTime:0.000368s ]
[2024-11-09T15:54:32+08:00][sql] SELECT * FROM `cmf_admin_menu` WHERE  `parent_id` = 110  AND `status` = 1 ORDER BY `list_order` ASC [ RunTime:0.000382s ]
[2024-11-09T15:54:32+08:00][sql] SELECT * FROM `cmf_admin_menu` WHERE  `parent_id` = 49  AND `status` = 1 ORDER BY `list_order` ASC [ RunTime:0.000383s ]
[2024-11-09T15:54:32+08:00][sql] SELECT * FROM `cmf_admin_menu` WHERE  `parent_id` = 50  AND `status` = 1 ORDER BY `list_order` ASC [ RunTime:0.000358s ]
[2024-11-09T15:54:32+08:00][sql] SELECT * FROM `cmf_admin_menu` WHERE  `parent_id` = 111  AND `status` = 1 ORDER BY `list_order` ASC [ RunTime:0.000360s ]
[2024-11-09T15:54:32+08:00][sql] SELECT * FROM `cmf_admin_menu` WHERE  `parent_id` = 180  AND `status` = 1 ORDER BY `list_order` ASC [ RunTime:0.000363s ]
[2024-11-09T15:54:32+08:00][sql] SELECT * FROM `cmf_admin_menu` WHERE  `parent_id` = 123  AND `status` = 1 ORDER BY `list_order` ASC [ RunTime:0.000373s ]
[2024-11-09T15:54:32+08:00][sql] SELECT * FROM `cmf_admin_menu` WHERE  `parent_id` = 124  AND `status` = 1 ORDER BY `list_order` ASC [ RunTime:0.000365s ]
[2024-11-09T15:54:32+08:00][sql] SELECT * FROM `cmf_admin_menu` WHERE  `parent_id` = 199  AND `status` = 1 ORDER BY `list_order` ASC [ RunTime:0.000358s ]
[2024-11-09T15:54:32+08:00][sql] SELECT * FROM `cmf_admin_menu` WHERE  `parent_id` = 206  AND `status` = 1 ORDER BY `list_order` ASC [ RunTime:0.000361s ]
[2024-11-09T15:54:32+08:00][sql] SELECT * FROM `cmf_admin_menu` WHERE  `parent_id` = 214  AND `status` = 1 ORDER BY `list_order` ASC [ RunTime:0.000358s ]
[2024-11-09T15:54:32+08:00][sql] SELECT * FROM `cmf_admin_menu` WHERE  `parent_id` = 218  AND `status` = 1 ORDER BY `list_order` ASC [ RunTime:0.000455s ]
[2024-11-09T15:54:32+08:00][sql] SELECT * FROM `cmf_admin_menu` WHERE  `parent_id` = 219  AND `status` = 1 ORDER BY `list_order` ASC [ RunTime:0.000369s ]
[2024-11-09T15:54:32+08:00][sql] SELECT * FROM `cmf_admin_menu` WHERE  `parent_id` = 226  AND `status` = 1 ORDER BY `list_order` ASC [ RunTime:0.000334s ]
[2024-11-09T15:54:32+08:00][sql] SELECT * FROM `cmf_admin_menu` WHERE  `parent_id` = 228  AND `status` = 1 ORDER BY `list_order` ASC [ RunTime:0.000336s ]
[2024-11-09T15:54:32+08:00][sql] SELECT * FROM `cmf_admin_menu` WHERE  `parent_id` = 229  AND `status` = 1 ORDER BY `list_order` ASC [ RunTime:0.000326s ]
[2024-11-09T15:54:32+08:00][sql] SELECT * FROM `cmf_admin_menu` WHERE  `parent_id` = 232  AND `status` = 1 ORDER BY `list_order` ASC [ RunTime:0.000366s ]
[2024-11-09T15:54:32+08:00][sql] SELECT * FROM `cmf_admin_menu` WHERE  `parent_id` = 238  AND `status` = 1 ORDER BY `list_order` ASC [ RunTime:0.000363s ]
[2024-11-09T15:54:32+08:00][sql] SELECT * FROM `cmf_admin_menu` WHERE  `parent_id` = 241  AND `status` = 1 ORDER BY `list_order` ASC [ RunTime:0.000372s ]
[2024-11-09T15:54:32+08:00][sql] SELECT * FROM `cmf_admin_menu` WHERE  `parent_id` = 261  AND `status` = 1 ORDER BY `list_order` ASC [ RunTime:0.000363s ]
[2024-11-09T15:54:32+08:00][sql] SELECT * FROM `cmf_admin_menu` WHERE  `parent_id` = 268  AND `status` = 1 ORDER BY `list_order` ASC [ RunTime:0.000383s ]
[2024-11-09T15:54:32+08:00][sql] SELECT * FROM `cmf_admin_menu` WHERE  `parent_id` = 269  AND `status` = 1 ORDER BY `list_order` ASC [ RunTime:0.000367s ]
[2024-11-09T15:54:32+08:00][sql] SELECT * FROM `cmf_admin_menu` WHERE  `parent_id` = 276  AND `status` = 1 ORDER BY `list_order` ASC [ RunTime:0.000373s ]
[2024-11-09T15:54:32+08:00][sql] SELECT * FROM `cmf_admin_menu` WHERE  `parent_id` = 279  AND `status` = 1 ORDER BY `list_order` ASC [ RunTime:0.000330s ]
[2024-11-09T15:54:32+08:00][sql] SELECT * FROM `cmf_admin_menu` WHERE  `parent_id` = 598  AND `status` = 1 ORDER BY `list_order` ASC [ RunTime:0.000327s ]
[2024-11-09T15:54:32+08:00][sql] SELECT * FROM `cmf_admin_menu` WHERE  `parent_id` = 281  AND `status` = 1 ORDER BY `list_order` ASC [ RunTime:0.000403s ]
[2024-11-09T15:54:32+08:00][sql] SELECT * FROM `cmf_admin_menu` WHERE  `parent_id` = 282  AND `status` = 1 ORDER BY `list_order` ASC [ RunTime:0.000377s ]
[2024-11-09T15:54:32+08:00][sql] SELECT * FROM `cmf_admin_menu` WHERE  `parent_id` = 290  AND `status` = 1 ORDER BY `list_order` ASC [ RunTime:0.000396s ]
[2024-11-09T15:54:32+08:00][sql] SELECT * FROM `cmf_admin_menu` WHERE  `parent_id` = 291  AND `status` = 1 ORDER BY `list_order` ASC [ RunTime:0.000334s ]
[2024-11-09T15:54:32+08:00][sql] SELECT * FROM `cmf_admin_menu` WHERE  `parent_id` = 292  AND `status` = 1 ORDER BY `list_order` ASC [ RunTime:0.000327s ]
[2024-11-09T15:54:32+08:00][sql] SELECT * FROM `cmf_admin_menu` WHERE  `parent_id` = 293  AND `status` = 1 ORDER BY `list_order` ASC [ RunTime:0.000326s ]
[2024-11-09T15:54:32+08:00][sql] SELECT * FROM `cmf_admin_menu` WHERE  `parent_id` = 294  AND `status` = 1 ORDER BY `list_order` ASC [ RunTime:0.000316s ]
[2024-11-09T15:54:32+08:00][sql] SELECT * FROM `cmf_admin_menu` WHERE  `parent_id` = 302  AND `status` = 1 ORDER BY `list_order` ASC [ RunTime:0.000371s ]
[2024-11-09T15:54:32+08:00][sql] SELECT * FROM `cmf_admin_menu` WHERE  `parent_id` = 309  AND `status` = 1 ORDER BY `list_order` ASC [ RunTime:0.000368s ]
[2024-11-09T15:54:32+08:00][sql] SELECT * FROM `cmf_admin_menu` WHERE  `parent_id` = 312  AND `status` = 1 ORDER BY `list_order` ASC [ RunTime:0.000420s ]
[2024-11-09T15:54:32+08:00][sql] SELECT * FROM `cmf_admin_menu` WHERE  `parent_id` = 313  AND `status` = 1 ORDER BY `list_order` ASC [ RunTime:0.000386s ]
[2024-11-09T15:54:32+08:00][sql] SELECT * FROM `cmf_admin_menu` WHERE  `parent_id` = 321  AND `status` = 1 ORDER BY `list_order` ASC [ RunTime:0.000369s ]
[2024-11-09T15:54:32+08:00][sql] SELECT * FROM `cmf_admin_menu` WHERE  `parent_id` = 336  AND `status` = 1 ORDER BY `list_order` ASC [ RunTime:0.000400s ]
[2024-11-09T15:54:32+08:00][sql] SELECT * FROM `cmf_admin_menu` WHERE  `parent_id` = 337  AND `status` = 1 ORDER BY `list_order` ASC [ RunTime:0.000328s ]
[2024-11-09T15:54:32+08:00][sql] SELECT * FROM `cmf_admin_menu` WHERE  `parent_id` = 338  AND `status` = 1 ORDER BY `list_order` ASC [ RunTime:0.000380s ]
[2024-11-09T15:54:32+08:00][sql] SELECT * FROM `cmf_admin_menu` WHERE  `parent_id` = 339  AND `status` = 1 ORDER BY `list_order` ASC [ RunTime:0.000320s ]
[2024-11-09T15:54:32+08:00][sql] SELECT * FROM `cmf_admin_menu` WHERE  `parent_id` = 340  AND `status` = 1 ORDER BY `list_order` ASC [ RunTime:0.000319s ]
[2024-11-09T15:54:32+08:00][sql] SELECT * FROM `cmf_admin_menu` WHERE  `parent_id` = 351  AND `status` = 1 ORDER BY `list_order` ASC [ RunTime:0.000372s ]
[2024-11-09T15:54:32+08:00][sql] SELECT * FROM `cmf_admin_menu` WHERE  `parent_id` = 358  AND `status` = 1 ORDER BY `list_order` ASC [ RunTime:0.000335s ]
[2024-11-09T15:54:32+08:00][sql] SELECT * FROM `cmf_admin_menu` WHERE  `parent_id` = 360  AND `status` = 1 ORDER BY `list_order` ASC [ RunTime:0.000391s ]
[2024-11-09T15:54:32+08:00][sql] SELECT * FROM `cmf_admin_menu` WHERE  `parent_id` = 365  AND `status` = 1 ORDER BY `list_order` ASC [ RunTime:0.000331s ]
[2024-11-09T15:54:32+08:00][sql] SELECT * FROM `cmf_admin_menu` WHERE  `parent_id` = 366  AND `status` = 1 ORDER BY `list_order` ASC [ RunTime:0.000333s ]
[2024-11-09T15:54:32+08:00][sql] SELECT * FROM `cmf_admin_menu` WHERE  `parent_id` = 371  AND `status` = 1 ORDER BY `list_order` ASC [ RunTime:0.000422s ]
[2024-11-09T15:54:32+08:00][sql] SELECT * FROM `cmf_admin_menu` WHERE  `parent_id` = 372  AND `status` = 1 ORDER BY `list_order` ASC [ RunTime:0.000405s ]
[2024-11-09T15:54:32+08:00][sql] SELECT * FROM `cmf_admin_menu` WHERE  `parent_id` = 373  AND `status` = 1 ORDER BY `list_order` ASC [ RunTime:0.000324s ]
[2024-11-09T15:54:32+08:00][sql] SELECT * FROM `cmf_admin_menu` WHERE  `parent_id` = 374  AND `status` = 1 ORDER BY `list_order` ASC [ RunTime:0.000320s ]
[2024-11-09T15:54:32+08:00][sql] SELECT * FROM `cmf_admin_menu` WHERE  `parent_id` = 381  AND `status` = 1 ORDER BY `list_order` ASC [ RunTime:0.000381s ]
[2024-11-09T15:54:32+08:00][sql] SELECT * FROM `cmf_admin_menu` WHERE  `parent_id` = 384  AND `status` = 1 ORDER BY `list_order` ASC [ RunTime:0.000380s ]
[2024-11-09T15:54:32+08:00][sql] SELECT * FROM `cmf_admin_menu` WHERE  `parent_id` = 388  AND `status` = 1 ORDER BY `list_order` ASC [ RunTime:0.000330s ]
[2024-11-09T15:54:32+08:00][sql] SELECT * FROM `cmf_admin_menu` WHERE  `parent_id` = 390  AND `status` = 1 ORDER BY `list_order` ASC [ RunTime:0.000374s ]
[2024-11-09T15:54:32+08:00][sql] SELECT * FROM `cmf_admin_menu` WHERE  `parent_id` = 394  AND `status` = 1 ORDER BY `list_order` ASC [ RunTime:0.000326s ]
[2024-11-09T15:54:32+08:00][sql] SELECT * FROM `cmf_admin_menu` WHERE  `parent_id` = 395  AND `status` = 1 ORDER BY `list_order` ASC [ RunTime:0.000426s ]
[2024-11-09T15:54:32+08:00][sql] SELECT * FROM `cmf_admin_menu` WHERE  `parent_id` = 396  AND `status` = 1 ORDER BY `list_order` ASC [ RunTime:0.000379s ]
[2024-11-09T15:54:32+08:00][sql] SELECT * FROM `cmf_admin_menu` WHERE  `parent_id` = 404  AND `status` = 1 ORDER BY `list_order` ASC [ RunTime:0.000376s ]
[2024-11-09T15:54:32+08:00][sql] SELECT * FROM `cmf_admin_menu` WHERE  `parent_id` = 410  AND `status` = 1 ORDER BY `list_order` ASC [ RunTime:0.000382s ]
[2024-11-09T15:54:32+08:00][sql] SELECT * FROM `cmf_admin_menu` WHERE  `parent_id` = 414  AND `status` = 1 ORDER BY `list_order` ASC [ RunTime:0.000406s ]
[2024-11-09T15:54:32+08:00][sql] SELECT * FROM `cmf_admin_menu` WHERE  `parent_id` = 415  AND `status` = 1 ORDER BY `list_order` ASC [ RunTime:0.000378s ]
[2024-11-09T15:54:32+08:00][sql] SELECT * FROM `cmf_admin_menu` WHERE  `parent_id` = 422  AND `status` = 1 ORDER BY `list_order` ASC [ RunTime:0.000379s ]
[2024-11-09T15:54:32+08:00][sql] SELECT * FROM `cmf_admin_menu` WHERE  `parent_id` = 430  AND `status` = 1 ORDER BY `list_order` ASC [ RunTime:0.000418s ]
[2024-11-09T15:54:32+08:00][sql] SELECT * FROM `cmf_admin_menu` WHERE  `parent_id` = 591  AND `status` = 1 ORDER BY `list_order` ASC [ RunTime:0.000388s ]
[2024-11-09T15:54:32+08:00][sql] SELECT * FROM `cmf_admin_menu` WHERE  `parent_id` = 592  AND `status` = 1 ORDER BY `list_order` ASC [ RunTime:0.000397s ]
[2024-11-09T15:54:32+08:00][sql] SELECT * FROM `cmf_admin_menu` WHERE  `parent_id` = 437  AND `status` = 1 ORDER BY `list_order` ASC [ RunTime:0.000330s ]
[2024-11-09T15:54:32+08:00][sql] SELECT * FROM `cmf_admin_menu` WHERE  `parent_id` = 439  AND `status` = 1 ORDER BY `list_order` ASC [ RunTime:0.000377s ]
[2024-11-09T15:54:32+08:00][sql] SELECT * FROM `cmf_admin_menu` WHERE  `parent_id` = 446  AND `status` = 1 ORDER BY `list_order` ASC [ RunTime:0.000398s ]
[2024-11-09T15:54:32+08:00][sql] SELECT * FROM `cmf_admin_menu` WHERE  `parent_id` = 447  AND `status` = 1 ORDER BY `list_order` ASC [ RunTime:0.000388s ]
[2024-11-09T15:54:32+08:00][sql] SELECT * FROM `cmf_admin_menu` WHERE  `parent_id` = 448  AND `status` = 1 ORDER BY `list_order` ASC [ RunTime:0.000378s ]
[2024-11-09T15:54:32+08:00][sql] SELECT * FROM `cmf_admin_menu` WHERE  `parent_id` = 459  AND `status` = 1 ORDER BY `list_order` ASC [ RunTime:0.000391s ]
[2024-11-09T15:54:32+08:00][sql] SELECT * FROM `cmf_admin_menu` WHERE  `parent_id` = 460  AND `status` = 1 ORDER BY `list_order` ASC [ RunTime:0.000323s ]
[2024-11-09T15:54:32+08:00][sql] SELECT * FROM `cmf_admin_menu` WHERE  `parent_id` = 461  AND `status` = 1 ORDER BY `list_order` ASC [ RunTime:0.000325s ]
[2024-11-09T15:54:32+08:00][sql] SELECT * FROM `cmf_admin_menu` WHERE  `parent_id` = 462  AND `status` = 1 ORDER BY `list_order` ASC [ RunTime:0.000439s ]
[2024-11-09T15:54:32+08:00][sql] SELECT * FROM `cmf_admin_menu` WHERE  `parent_id` = 463  AND `status` = 1 ORDER BY `list_order` ASC [ RunTime:0.000395s ]
[2024-11-09T15:54:32+08:00][sql] SELECT * FROM `cmf_admin_menu` WHERE  `parent_id` = 469  AND `status` = 1 ORDER BY `list_order` ASC [ RunTime:0.000330s ]
[2024-11-09T15:54:32+08:00][sql] SELECT * FROM `cmf_admin_menu` WHERE  `parent_id` = 471  AND `status` = 1 ORDER BY `list_order` ASC [ RunTime:0.000385s ]
[2024-11-09T15:54:32+08:00][sql] SELECT * FROM `cmf_admin_menu` WHERE  `parent_id` = 484  AND `status` = 1 ORDER BY `list_order` ASC [ RunTime:0.000328s ]
[2024-11-09T15:54:32+08:00][sql] SELECT * FROM `cmf_admin_menu` WHERE  `parent_id` = 485  AND `status` = 1 ORDER BY `list_order` ASC [ RunTime:0.000324s ]
[2024-11-09T15:54:32+08:00][sql] SELECT * FROM `cmf_admin_menu` WHERE  `parent_id` = 487  AND `status` = 1 ORDER BY `list_order` ASC [ RunTime:0.000381s ]
[2024-11-09T15:54:32+08:00][sql] SELECT * FROM `cmf_admin_menu` WHERE  `parent_id` = 494  AND `status` = 1 ORDER BY `list_order` ASC [ RunTime:0.000387s ]
[2024-11-09T15:54:32+08:00][sql] SELECT * FROM `cmf_admin_menu` WHERE  `parent_id` = 501  AND `status` = 1 ORDER BY `list_order` ASC [ RunTime:0.000390s ]
[2024-11-09T15:54:32+08:00][sql] SELECT * FROM `cmf_admin_menu` WHERE  `parent_id` = 508  AND `status` = 1 ORDER BY `list_order` ASC [ RunTime:0.000382s ]
[2024-11-09T15:54:32+08:00][sql] SELECT * FROM `cmf_admin_menu` WHERE  `parent_id` = 515  AND `status` = 1 ORDER BY `list_order` ASC [ RunTime:0.000382s ]
[2024-11-09T15:54:32+08:00][sql] SELECT * FROM `cmf_admin_menu` WHERE  `parent_id` = 519  AND `status` = 1 ORDER BY `list_order` ASC [ RunTime:0.000388s ]
[2024-11-09T15:54:32+08:00][sql] SELECT * FROM `cmf_admin_menu` WHERE  `parent_id` = 524  AND `status` = 1 ORDER BY `list_order` ASC [ RunTime:0.000389s ]
[2024-11-09T15:54:32+08:00][sql] SELECT * FROM `cmf_admin_menu` WHERE  `parent_id` = 525  AND `status` = 1 ORDER BY `list_order` ASC [ RunTime:0.000382s ]
[2024-11-09T15:54:32+08:00][sql] SELECT * FROM `cmf_admin_menu` WHERE  `parent_id` = 532  AND `status` = 1 ORDER BY `list_order` ASC [ RunTime:0.000385s ]
[2024-11-09T15:54:32+08:00][sql] SELECT * FROM `cmf_admin_menu` WHERE  `parent_id` = 536  AND `status` = 1 ORDER BY `list_order` ASC [ RunTime:0.000404s ]
[2024-11-09T15:54:32+08:00][sql] SELECT * FROM `cmf_admin_menu` WHERE  `parent_id` = 537  AND `status` = 1 ORDER BY `list_order` ASC [ RunTime:0.000399s ]
[2024-11-09T15:54:32+08:00][sql] SELECT * FROM `cmf_admin_menu` WHERE  `parent_id` = 541  AND `status` = 1 ORDER BY `list_order` ASC [ RunTime:0.000386s ]
[2024-11-09T15:54:32+08:00][sql] SELECT * FROM `cmf_admin_menu` WHERE  `parent_id` = 542  AND `status` = 1 ORDER BY `list_order` ASC [ RunTime:0.000320s ]
[2024-11-09T15:54:32+08:00][sql] SELECT * FROM `cmf_admin_menu` WHERE  `parent_id` = 543  AND `status` = 1 ORDER BY `list_order` ASC [ RunTime:0.000325s ]
[2024-11-09T15:54:32+08:00][sql] SELECT * FROM `cmf_admin_menu` WHERE  `parent_id` = 547  AND `status` = 1 ORDER BY `list_order` ASC [ RunTime:0.000398s ]
[2024-11-09T15:54:32+08:00][sql] SELECT * FROM `cmf_admin_menu` WHERE  `parent_id` = 551  AND `status` = 1 ORDER BY `list_order` ASC [ RunTime:0.000405s ]
[2024-11-09T15:54:32+08:00][sql] SELECT * FROM `cmf_admin_menu` WHERE  `parent_id` = 552  AND `status` = 1 ORDER BY `list_order` ASC [ RunTime:0.000389s ]
[2024-11-09T15:54:32+08:00][sql] SELECT * FROM `cmf_admin_menu` WHERE  `parent_id` = 553  AND `status` = 1 ORDER BY `list_order` ASC [ RunTime:0.000387s ]
[2024-11-09T15:54:32+08:00][sql] SELECT * FROM `cmf_admin_menu` WHERE  `parent_id` = 554  AND `status` = 1 ORDER BY `list_order` ASC [ RunTime:0.000333s ]
[2024-11-09T15:54:32+08:00][sql] SELECT * FROM `cmf_admin_menu` WHERE  `parent_id` = 572  AND `status` = 1 ORDER BY `list_order` ASC [ RunTime:0.000408s ]
[2024-11-09T15:54:32+08:00][sql] SELECT * FROM `cmf_admin_menu` WHERE  `parent_id` = 580  AND `status` = 1 ORDER BY `list_order` ASC [ RunTime:0.000393s ]
[2024-11-09T15:54:32+08:00][sql] SELECT * FROM `cmf_admin_menu` WHERE  `parent_id` = 584  AND `status` = 1 ORDER BY `list_order` ASC [ RunTime:0.000389s ]
[2024-11-09T15:54:32+08:00][sql] SELECT * FROM `cmf_admin_menu` WHERE  `parent_id` = 588  AND `status` = 1 ORDER BY `list_order` ASC [ RunTime:0.000387s ]
[2024-11-09T15:54:32+08:00][sql] SELECT * FROM `cmf_admin_menu` WHERE  `parent_id` = 561  AND `status` = 1 ORDER BY `list_order` ASC [ RunTime:0.000408s ]
[2024-11-09T15:54:32+08:00][sql] SELECT * FROM `cmf_admin_menu` WHERE  `parent_id` = 562  AND `status` = 1 ORDER BY `list_order` ASC [ RunTime:0.000392s ]
[2024-11-09T15:54:32+08:00][sql] SELECT * FROM `cmf_admin_menu` WHERE  `parent_id` = 565  AND `status` = 1 ORDER BY `list_order` ASC [ RunTime:0.000389s ]
[2024-11-09T15:54:32+08:00][sql] SELECT * FROM `cmf_admin_menu` WHERE  `parent_id` = 600  AND `status` = 1 ORDER BY `list_order` ASC [ RunTime:0.000403s ]
[2024-11-09T15:54:32+08:00][sql] SELECT * FROM `cmf_admin_menu` WHERE  `parent_id` = 601  AND `status` = 1 ORDER BY `list_order` ASC [ RunTime:0.000407s ]
[2024-11-09T15:54:32+08:00][sql] SELECT * FROM `cmf_admin_menu` WHERE  `parent_id` = 603  AND `status` = 1 ORDER BY `list_order` ASC [ RunTime:0.000399s ]
[2024-11-09T15:54:32+08:00][sql] SELECT * FROM `cmf_admin_menu` WHERE  `parent_id` = 604  AND `status` = 1 ORDER BY `list_order` ASC [ RunTime:0.000322s ]
[2024-11-09T15:54:32+08:00][sql] SELECT * FROM `cmf_admin_menu` WHERE  `parent_id` = 602  AND `status` = 1 ORDER BY `list_order` ASC [ RunTime:0.000405s ]
[2024-11-09T15:54:32+08:00][sql] SELECT * FROM `cmf_admin_menu` WHERE  `parent_id` = 605  AND `status` = 1 ORDER BY `list_order` ASC [ RunTime:0.000323s ]
[2024-11-09T15:54:32+08:00][sql] SELECT * FROM `cmf_admin_menu` WHERE  `parent_id` = 606  AND `status` = 1 ORDER BY `list_order` ASC [ RunTime:0.000328s ]
[2024-11-09T15:54:32+08:00][sql] SELECT * FROM `cmf_admin_menu` WHERE  `parent_id` = 1  AND `status` = 1 ORDER BY `list_order` ASC [ RunTime:0.000374s ]
[2024-11-09T15:54:32+08:00][sql] SELECT * FROM `cmf_admin_menu` WHERE  `parent_id` = 42  AND `status` = 1 ORDER BY `list_order` ASC [ RunTime:0.000357s ]
[2024-11-09T15:54:32+08:00][sql] SELECT * FROM `cmf_admin_menu` ORDER BY `app` ASC,`controller` ASC,`action` ASC [ RunTime:0.001754s ]
[2024-11-09T15:54:32+08:00][sql] CONNECT:[ UseTime:0.000292s ] mysql:host=43.241.16.146;port=3306;dbname=zhibo;charset=utf8mb4
[2024-11-09T15:54:32+08:00][sql] SHOW FULL COLUMNS FROM `cmf_hook` [ RunTime:0.000499s ]
[2024-11-09T15:54:32+08:00][sql] SELECT `hook`,`id` FROM `cmf_hook` WHERE  (  (  `app` = '' OR `app` = 'cmf' )  AND `type` = 3 ) OR `type` = 1 [ RunTime:0.000336s ]
[2024-11-09T15:54:32+08:00][sql] SHOW FULL COLUMNS FROM `cmf_hook_plugin` [ RunTime:0.000451s ]
[2024-11-09T15:54:32+08:00][sql] SELECT `hook`,`plugin` FROM `cmf_hook_plugin` WHERE  `status` = 1  AND `hook` IN ('app_begin','module_init','action_begin','view_filter','app_end','log_write','response_end','admin_init','home_init','send_mobile_verification_code','body_start','before_head_end','footer_start','before_footer','before_footer_end','before_body_end','left_sidebar_start','before_left_sidebar_end','right_sidebar_start','before_right_sidebar_end','comment','guestbook','switch_theme','after_content','before_content','log_write_done','switch_admin_theme','captcha_image') ORDER BY `list_order` ASC [ RunTime:0.000400s ]
[2024-11-09T15:54:32+08:00][sql] SHOW FULL COLUMNS FROM `cmf_user` [ RunTime:0.000828s ]
[2024-11-09T15:54:32+08:00][sql] SELECT * FROM `cmf_user` WHERE  `id` = 1 LIMIT 1 [ RunTime:0.000449s ]
[2024-11-09T15:54:32+08:00][sql] SELECT COUNT(*) AS think_count FROM `cmf_user` WHERE  ( user_type=2 ) LIMIT 1 [ RunTime:0.000278s ]
[2024-11-09T15:54:32+08:00][sql] SELECT count(id) as nums,source FROM `cmf_user` WHERE  ( user_type=2 ) GROUP BY `source` [ RunTime:0.000295s ]
[2024-11-09T15:54:32+08:00][sql] SELECT count(id) as nums,login_type FROM `cmf_user` WHERE  ( user_type=2 ) GROUP BY `login_type` ORDER BY `nums` DESC [ RunTime:0.000255s ]
[2024-11-09T15:54:32+08:00][sql] SELECT COUNT(*) AS think_count FROM `cmf_user` WHERE  ( user_type=2 ) LIMIT 1 [ RunTime:0.000217s ]
[2024-11-09T15:54:32+08:00][sql] SHOW FULL COLUMNS FROM `cmf_live` [ RunTime:0.000661s ]
[2024-11-09T15:54:32+08:00][sql] SELECT COUNT(*) AS think_count FROM `cmf_live` WHERE  ( islive=1 ) LIMIT 1 [ RunTime:0.000260s ]
[2024-11-09T15:54:32+08:00][sql] select sum(endtime - starttime) as times from cmf_live_record [ RunTime:0.002962s ]
[2024-11-09T15:54:32+08:00][sql] SHOW FULL COLUMNS FROM `cmf_live_record` [ RunTime:0.000579s ]
[2024-11-09T15:54:32+08:00][sql] SELECT COUNT(*) AS think_count FROM ( SELECT count(*) AS think_count FROM `cmf_live_record` WHERE  ( starttime >= 1731081600 and starttime<1731168000 ) GROUP BY `uid` ) `_group_count_` LIMIT 1 [ RunTime:0.000349s ]
[2024-11-09T15:54:32+08:00][sql] SELECT COUNT(*) AS think_count FROM `cmf_live_record` WHERE  ( starttime >= 1731081600 and starttime<1731168000 ) LIMIT 1 [ RunTime:0.000222s ]
[2024-11-09T15:54:32+08:00][sql] select sum(endtime - starttime) as times from cmf_live_record where starttime >= 1731081600 and starttime<1731168000 [ RunTime:0.000222s ]
[2024-11-09T15:54:32+08:00][sql] SELECT `id`,`user_nickname`,`avatar`,`avatar_thumb`,`votestotal` FROM `cmf_user` WHERE  ( user_type=2 ) ORDER BY `votestotal` DESC LIMIT 0,3 [ RunTime:0.000255s ]
[2024-11-09T15:54:32+08:00][sql] SELECT `id`,`user_nickname`,`avatar`,`avatar_thumb`,`consumption` FROM `cmf_user` WHERE  ( user_type=2 ) ORDER BY `consumption` DESC LIMIT 0,3 [ RunTime:0.000237s ]
[2024-11-09T15:54:32+08:00][sql] SHOW FULL COLUMNS FROM `cmf_charge_user` [ RunTime:0.001484s ]
[2024-11-09T15:54:32+08:00][sql] SELECT SUM(`money`) AS think_sum FROM `cmf_charge_user` WHERE  ( status=1 ) LIMIT 1 [ RunTime:0.000250s ]
[2024-11-09T15:54:32+08:00][sql] SELECT SUM(`money`) AS think_sum FROM `cmf_charge_user` WHERE  ( status=1 and addtime>=1731081600 and addtime<1731168000 ) LIMIT 1 [ RunTime:0.000227s ]
[2024-11-09T15:54:32+08:00][sql] SELECT SUM(`money`) AS think_sum FROM `cmf_charge_user` WHERE  ( status=1 and type=1 and addtime>=1731081600 and addtime<1731168000 ) LIMIT 1 [ RunTime:0.000221s ]
[2024-11-09T15:54:32+08:00][sql] SELECT SUM(`money`) AS think_sum FROM `cmf_charge_user` WHERE  ( status=1 and type=2 and addtime>=1731081600 and addtime<1731168000 ) LIMIT 1 [ RunTime:0.000221s ]
[2024-11-09T15:54:32+08:00][sql] SELECT SUM(`money`) AS think_sum FROM `cmf_charge_user` WHERE  ( status=1 and type=3 and addtime>=1731081600 and addtime<1731168000 ) LIMIT 1 [ RunTime:0.000217s ]
[2024-11-09T15:54:32+08:00][sql] SHOW FULL COLUMNS FROM `cmf_cash_record` [ RunTime:0.001375s ]
[2024-11-09T15:54:32+08:00][sql] SELECT SUM(`money`) AS think_sum FROM `cmf_cash_record` WHERE  ( status=0 and addtime>=1731081600 and addtime<1731168000 ) LIMIT 1 [ RunTime:0.000258s ]
[2024-11-09T15:54:32+08:00][sql] SELECT SUM(`money`) AS think_sum FROM `cmf_cash_record` WHERE  ( status=1 and addtime>=1731081600 and addtime<1731168000 ) LIMIT 1 [ RunTime:0.000221s ]
[2024-11-09T15:54:32+08:00][sql] SELECT COUNT(*) AS think_count FROM ( SELECT count(*) AS think_count FROM `cmf_cash_record` WHERE  ( addtime>=1731081600 and addtime<1731168000 ) GROUP BY `uid` ) `_group_count_` LIMIT 1 [ RunTime:0.000289s ]
[2024-11-09T15:54:32+08:00][sql] SELECT SUM(`money`) AS think_sum FROM `cmf_cash_record` WHERE  ( status=1 ) LIMIT 1 [ RunTime:0.000208s ]
[2024-11-09T15:54:32+08:00][sql] SHOW FULL COLUMNS FROM `cmf_shop_apply` [ RunTime:0.001390s ]
[2024-11-09T15:54:32+08:00][sql] SELECT COUNT(*) AS think_count FROM `cmf_shop_apply` WHERE  ( status=0 ) LIMIT 1 [ RunTime:0.000748s ]
[2024-11-09T15:54:32+08:00][sql] SHOW FULL COLUMNS FROM `cmf_shop_goods` [ RunTime:0.001544s ]
[2024-11-09T15:54:32+08:00][sql] SELECT COUNT(*) AS think_count FROM `cmf_shop_goods` WHERE  ( status=0 ) LIMIT 1 [ RunTime:0.000270s ]
[2024-11-09T15:54:32+08:00][sql] SHOW FULL COLUMNS FROM `cmf_shop_order_refund` [ RunTime:0.002061s ]
[2024-11-09T15:54:32+08:00][sql] SELECT COUNT(*) AS think_count FROM `cmf_shop_order_refund` WHERE  ( is_platform_interpose=1 and platform_result=0 ) LIMIT 1 [ RunTime:0.000256s ]
[2024-11-09T15:54:32+08:00][sql] SHOW FULL COLUMNS FROM `cmf_paidprogram` [ RunTime:0.001532s ]
[2024-11-09T15:54:32+08:00][sql] SELECT COUNT(*) AS think_count FROM `cmf_paidprogram` WHERE  ( status=0 ) LIMIT 1 [ RunTime:0.000240s ]
[2024-11-09T15:54:32+08:00][sql] SHOW FULL COLUMNS FROM `cmf_paidprogram_apply` [ RunTime:0.001295s ]
[2024-11-09T15:54:32+08:00][sql] SELECT COUNT(*) AS think_count FROM `cmf_paidprogram_apply` WHERE  ( status=0 ) LIMIT 1 [ RunTime:0.000235s ]
[2024-11-09T15:54:32+08:00][sql] SHOW FULL COLUMNS FROM `cmf_report` [ RunTime:0.001443s ]
[2024-11-09T15:54:32+08:00][sql] SELECT COUNT(*) AS think_count FROM `cmf_report` WHERE  ( status=0 ) LIMIT 1 [ RunTime:0.000235s ]
[2024-11-09T15:54:32+08:00][sql] SHOW FULL COLUMNS FROM `cmf_dynamic` [ RunTime:0.002133s ]
[2024-11-09T15:54:32+08:00][sql] SELECT COUNT(*) AS think_count FROM `cmf_dynamic` WHERE  ( isdel=0 and status=0 ) LIMIT 1 [ RunTime:0.000256s ]
[2024-11-09T15:54:32+08:00][sql] SHOW FULL COLUMNS FROM `cmf_dynamic_report` [ RunTime:0.001204s ]
[2024-11-09T15:54:32+08:00][sql] SELECT COUNT(*) AS think_count FROM `cmf_dynamic_report` WHERE  ( status=0 ) LIMIT 1 [ RunTime:0.000242s ]
[2024-11-09T15:54:32+08:00][sql] SHOW FULL COLUMNS FROM `cmf_video` [ RunTime:0.001116s ]
[2024-11-09T15:54:32+08:00][sql] SELECT COUNT(*) AS think_count FROM `cmf_video` WHERE  ( isdel=0 and status=0 ) LIMIT 1 [ RunTime:0.000262s ]
[2024-11-09T15:54:32+08:00][sql] SHOW FULL COLUMNS FROM `cmf_video_report` [ RunTime:0.000862s ]
[2024-11-09T15:54:32+08:00][sql] SELECT COUNT(*) AS think_count FROM `cmf_video_report` WHERE  ( status=0 ) LIMIT 1 [ RunTime:0.000235s ]
[2024-11-09T15:54:32+08:00][sql] SHOW FULL COLUMNS FROM `cmf_family` [ RunTime:0.001261s ]
[2024-11-09T15:54:32+08:00][sql] SELECT COUNT(*) AS think_count FROM `cmf_family` WHERE  ( state=0 ) LIMIT 1 [ RunTime:0.000239s ]
[2024-11-09T15:54:32+08:00][sql] SHOW FULL COLUMNS FROM `cmf_family_user_divide_apply` [ RunTime:0.001224s ]
[2024-11-09T15:54:32+08:00][sql] SELECT COUNT(*) AS think_count FROM `cmf_family_user_divide_apply` WHERE  ( status=0 ) LIMIT 1 [ RunTime:0.000246s ]
[2024-11-09T15:54:32+08:00][sql] SHOW FULL COLUMNS FROM `cmf_user_auth` [ RunTime:0.000907s ]
[2024-11-09T15:54:32+08:00][sql] SELECT COUNT(*) AS think_count FROM `cmf_user_auth` WHERE  ( status=0 ) LIMIT 1 [ RunTime:0.000238s ]
[2024-11-09T15:55:12+08:00][sql] CONNECT:[ UseTime:0.000390s ] mysql:host=43.241.16.146;port=3306;dbname=zhibo;charset=utf8mb4
[2024-11-09T15:55:12+08:00][sql] SHOW FULL COLUMNS FROM `cmf_hook` [ RunTime:0.000522s ]
[2024-11-09T15:55:12+08:00][sql] SELECT `hook`,`id` FROM `cmf_hook` WHERE  (  (  `app` = '' OR `app` = 'cmf' )  AND `type` = 3 ) OR `type` = 1 [ RunTime:0.000356s ]
[2024-11-09T15:55:12+08:00][sql] SHOW FULL COLUMNS FROM `cmf_hook_plugin` [ RunTime:0.000456s ]
[2024-11-09T15:55:12+08:00][sql] SELECT `hook`,`plugin` FROM `cmf_hook_plugin` WHERE  `status` = 1  AND `hook` IN ('app_begin','module_init','action_begin','view_filter','app_end','log_write','response_end','admin_init','home_init','send_mobile_verification_code','body_start','before_head_end','footer_start','before_footer','before_footer_end','before_body_end','left_sidebar_start','before_left_sidebar_end','right_sidebar_start','before_right_sidebar_end','comment','guestbook','switch_theme','after_content','before_content','log_write_done','switch_admin_theme','captcha_image') ORDER BY `list_order` ASC [ RunTime:0.000432s ]
[2024-11-09T15:55:12+08:00][sql] CONNECT:[ UseTime:0.000331s ] mysql:host=43.241.16.146;port=3306;dbname=zhibo;charset=utf8mb4
[2024-11-09T15:55:12+08:00][sql] SHOW FULL COLUMNS FROM `cmf_hook` [ RunTime:0.000645s ]
[2024-11-09T15:55:12+08:00][sql] SELECT `hook`,`id` FROM `cmf_hook` WHERE  (  (  `app` = '' OR `app` = 'cmf' )  AND `type` = 3 ) OR `type` = 1 [ RunTime:0.000410s ]
[2024-11-09T15:55:12+08:00][sql] SHOW FULL COLUMNS FROM `cmf_hook_plugin` [ RunTime:0.000439s ]
[2024-11-09T15:55:12+08:00][sql] SELECT `hook`,`plugin` FROM `cmf_hook_plugin` WHERE  `status` = 1  AND `hook` IN ('app_begin','module_init','action_begin','view_filter','app_end','log_write','response_end','admin_init','home_init','send_mobile_verification_code','body_start','before_head_end','footer_start','before_footer','before_footer_end','before_body_end','left_sidebar_start','before_left_sidebar_end','right_sidebar_start','before_right_sidebar_end','comment','guestbook','switch_theme','after_content','before_content','log_write_done','switch_admin_theme','captcha_image') ORDER BY `list_order` ASC [ RunTime:0.000439s ]
[2024-11-09T15:55:32+08:00][sql] CONNECT:[ UseTime:0.000310s ] mysql:host=43.241.16.146;port=3306;dbname=zhibo;charset=utf8mb4
[2024-11-09T15:55:32+08:00][sql] SHOW FULL COLUMNS FROM `cmf_hook` [ RunTime:0.000506s ]
[2024-11-09T15:55:32+08:00][sql] SELECT `hook`,`id` FROM `cmf_hook` WHERE  (  (  `app` = '' OR `app` = 'cmf' )  AND `type` = 3 ) OR `type` = 1 [ RunTime:0.000341s ]
[2024-11-09T15:55:32+08:00][sql] SHOW FULL COLUMNS FROM `cmf_hook_plugin` [ RunTime:0.000441s ]
[2024-11-09T15:55:32+08:00][sql] SELECT `hook`,`plugin` FROM `cmf_hook_plugin` WHERE  `status` = 1  AND `hook` IN ('app_begin','module_init','action_begin','view_filter','app_end','log_write','response_end','admin_init','home_init','send_mobile_verification_code','body_start','before_head_end','footer_start','before_footer','before_footer_end','before_body_end','left_sidebar_start','before_left_sidebar_end','right_sidebar_start','before_right_sidebar_end','comment','guestbook','switch_theme','after_content','before_content','log_write_done','switch_admin_theme','captcha_image') ORDER BY `list_order` ASC [ RunTime:0.000396s ]
[2024-11-09T15:55:32+08:00][sql] CONNECT:[ UseTime:0.000290s ] mysql:host=43.241.16.146;port=3306;dbname=zhibo;charset=utf8mb4
[2024-11-09T15:55:32+08:00][sql] SHOW FULL COLUMNS FROM `cmf_hook` [ RunTime:0.000518s ]
[2024-11-09T15:55:32+08:00][sql] SELECT `hook`,`id` FROM `cmf_hook` WHERE  (  (  `app` = '' OR `app` = 'cmf' )  AND `type` = 3 ) OR `type` = 1 [ RunTime:0.000369s ]
[2024-11-09T15:55:32+08:00][sql] SHOW FULL COLUMNS FROM `cmf_hook_plugin` [ RunTime:0.000440s ]
[2024-11-09T15:55:32+08:00][sql] SELECT `hook`,`plugin` FROM `cmf_hook_plugin` WHERE  `status` = 1  AND `hook` IN ('app_begin','module_init','action_begin','view_filter','app_end','log_write','response_end','admin_init','home_init','send_mobile_verification_code','body_start','before_head_end','footer_start','before_footer','before_footer_end','before_body_end','left_sidebar_start','before_left_sidebar_end','right_sidebar_start','before_right_sidebar_end','comment','guestbook','switch_theme','after_content','before_content','log_write_done','switch_admin_theme','captcha_image') ORDER BY `list_order` ASC [ RunTime:0.000402s ]
[2024-11-09T16:02:36+08:00][sql] CONNECT:[ UseTime:0.000374s ] mysql:host=43.241.16.146;port=3306;dbname=zhibo;charset=utf8mb4
[2024-11-09T16:02:36+08:00][sql] SHOW FULL COLUMNS FROM `cmf_hook` [ RunTime:0.000482s ]
[2024-11-09T16:02:36+08:00][sql] SELECT `hook`,`id` FROM `cmf_hook` WHERE  (  (  `app` = '' OR `app` = 'cmf' )  AND `type` = 3 ) OR `type` = 1 [ RunTime:0.000339s ]
[2024-11-09T16:02:36+08:00][sql] SHOW FULL COLUMNS FROM `cmf_hook_plugin` [ RunTime:0.000444s ]
[2024-11-09T16:02:36+08:00][sql] SELECT `hook`,`plugin` FROM `cmf_hook_plugin` WHERE  `status` = 1  AND `hook` IN ('app_begin','module_init','action_begin','view_filter','app_end','log_write','response_end','admin_init','home_init','send_mobile_verification_code','body_start','before_head_end','footer_start','before_footer','before_footer_end','before_body_end','left_sidebar_start','before_left_sidebar_end','right_sidebar_start','before_right_sidebar_end','comment','guestbook','switch_theme','after_content','before_content','log_write_done','switch_admin_theme','captcha_image') ORDER BY `list_order` ASC [ RunTime:0.000398s ]
[2024-11-09T16:02:36+08:00][sql] SHOW FULL COLUMNS FROM `cmf_user` [ RunTime:0.000710s ]
[2024-11-09T16:02:36+08:00][sql] SELECT * FROM `cmf_user` WHERE  `id` = 1 LIMIT 1 [ RunTime:0.000415s ]
[2024-11-09T16:02:36+08:00][sql] SHOW FULL COLUMNS FROM `cmf_option` [ RunTime:0.000484s ]
[2024-11-09T16:02:36+08:00][sql] SELECT `option_value` FROM `cmf_option` WHERE  ( option_name='jackpot' ) LIMIT 1 [ RunTime:0.000231s ]
[2024-11-09T16:02:36+08:00][sql] CONNECT:[ UseTime:0.000315s ] mysql:host=43.241.16.146;port=3306;dbname=zhibo;charset=utf8mb4
[2024-11-09T16:02:36+08:00][sql] SHOW FULL COLUMNS FROM `cmf_hook` [ RunTime:0.000487s ]
[2024-11-09T16:02:36+08:00][sql] SELECT `hook`,`id` FROM `cmf_hook` WHERE  (  (  `app` = '' OR `app` = 'cmf' )  AND `type` = 3 ) OR `type` = 1 [ RunTime:0.000348s ]
[2024-11-09T16:02:36+08:00][sql] SHOW FULL COLUMNS FROM `cmf_hook_plugin` [ RunTime:0.000435s ]
[2024-11-09T16:02:36+08:00][sql] SELECT `hook`,`plugin` FROM `cmf_hook_plugin` WHERE  `status` = 1  AND `hook` IN ('app_begin','module_init','action_begin','view_filter','app_end','log_write','response_end','admin_init','home_init','send_mobile_verification_code','body_start','before_head_end','footer_start','before_footer','before_footer_end','before_body_end','left_sidebar_start','before_left_sidebar_end','right_sidebar_start','before_right_sidebar_end','comment','guestbook','switch_theme','after_content','before_content','log_write_done','switch_admin_theme','captcha_image') ORDER BY `list_order` ASC [ RunTime:0.000398s ]
[2024-11-09T16:02:36+08:00][sql] SHOW FULL COLUMNS FROM `cmf_user` [ RunTime:0.000728s ]
[2024-11-09T16:02:36+08:00][sql] SELECT * FROM `cmf_user` WHERE  `id` = 1 LIMIT 1 [ RunTime:0.000432s ]
[2024-11-09T16:02:36+08:00][sql] SHOW FULL COLUMNS FROM `cmf_user_auth` [ RunTime:0.000542s ]
[2024-11-09T16:02:36+08:00][sql] SELECT COUNT(*) AS think_count FROM `cmf_user_auth` LIMIT 1 [ RunTime:0.000212s ]
[2024-11-09T16:02:38+08:00][sql] CONNECT:[ UseTime:0.000285s ] mysql:host=43.241.16.146;port=3306;dbname=zhibo;charset=utf8mb4
[2024-11-09T16:02:38+08:00][sql] SHOW FULL COLUMNS FROM `cmf_hook` [ RunTime:0.000465s ]
[2024-11-09T16:02:38+08:00][sql] SELECT `hook`,`id` FROM `cmf_hook` WHERE  (  (  `app` = '' OR `app` = 'cmf' )  AND `type` = 3 ) OR `type` = 1 [ RunTime:0.000335s ]
[2024-11-09T16:02:38+08:00][sql] SHOW FULL COLUMNS FROM `cmf_hook_plugin` [ RunTime:0.000425s ]
[2024-11-09T16:02:38+08:00][sql] SELECT `hook`,`plugin` FROM `cmf_hook_plugin` WHERE  `status` = 1  AND `hook` IN ('app_begin','module_init','action_begin','view_filter','app_end','log_write','response_end','admin_init','home_init','send_mobile_verification_code','body_start','before_head_end','footer_start','before_footer','before_footer_end','before_body_end','left_sidebar_start','before_left_sidebar_end','right_sidebar_start','before_right_sidebar_end','comment','guestbook','switch_theme','after_content','before_content','log_write_done','switch_admin_theme','captcha_image') ORDER BY `list_order` ASC [ RunTime:0.000387s ]
[2024-11-09T16:02:38+08:00][sql] SHOW FULL COLUMNS FROM `cmf_user` [ RunTime:0.000810s ]
[2024-11-09T16:02:38+08:00][sql] SELECT * FROM `cmf_user` WHERE  `id` = 1 LIMIT 1 [ RunTime:0.000452s ]
[2024-11-09T16:02:38+08:00][sql] SHOW FULL COLUMNS FROM `cmf_live_class` [ RunTime:0.000518s ]
[2024-11-09T16:02:38+08:00][sql] SELECT COUNT(*) AS think_count FROM `cmf_live_class` LIMIT 1 [ RunTime:0.000239s ]
[2024-11-09T16:02:38+08:00][sql] SELECT * FROM `cmf_live_class` ORDER BY `list_order` ASC,`id` DESC LIMIT 0,20 [ RunTime:0.000285s ]
[2024-11-09T16:02:38+08:00][sql] SHOW FULL COLUMNS FROM `cmf_plugin` [ RunTime:0.000584s ]
[2024-11-09T16:02:38+08:00][sql] SELECT `config` FROM `cmf_plugin` WHERE  `name` = 'Qiniu' LIMIT 1 [ RunTime:0.000263s ]
[2024-11-09T16:02:39+08:00][sql] CONNECT:[ UseTime:0.000339s ] mysql:host=43.241.16.146;port=3306;dbname=zhibo;charset=utf8mb4
[2024-11-09T16:02:39+08:00][sql] SHOW FULL COLUMNS FROM `cmf_hook` [ RunTime:0.000584s ]
[2024-11-09T16:02:39+08:00][sql] SELECT `hook`,`id` FROM `cmf_hook` WHERE  (  (  `app` = '' OR `app` = 'cmf' )  AND `type` = 3 ) OR `type` = 1 [ RunTime:0.000364s ]
[2024-11-09T16:02:39+08:00][sql] SHOW FULL COLUMNS FROM `cmf_hook_plugin` [ RunTime:0.000447s ]
[2024-11-09T16:02:39+08:00][sql] SELECT `hook`,`plugin` FROM `cmf_hook_plugin` WHERE  `status` = 1  AND `hook` IN ('app_begin','module_init','action_begin','view_filter','app_end','log_write','response_end','admin_init','home_init','send_mobile_verification_code','body_start','before_head_end','footer_start','before_footer','before_footer_end','before_body_end','left_sidebar_start','before_left_sidebar_end','right_sidebar_start','before_right_sidebar_end','comment','guestbook','switch_theme','after_content','before_content','log_write_done','switch_admin_theme','captcha_image') ORDER BY `list_order` ASC [ RunTime:0.000427s ]
[2024-11-09T16:02:39+08:00][sql] SHOW FULL COLUMNS FROM `cmf_user` [ RunTime:0.000747s ]
[2024-11-09T16:02:39+08:00][sql] SELECT * FROM `cmf_user` WHERE  `id` = 1 LIMIT 1 [ RunTime:0.000449s ]
[2024-11-09T16:02:39+08:00][sql] SHOW FULL COLUMNS FROM `cmf_live_ban` [ RunTime:0.001055s ]
[2024-11-09T16:02:39+08:00][sql] SELECT COUNT(*) AS think_count FROM `cmf_live_ban` LIMIT 1 [ RunTime:0.004321s ]
[2024-11-09T19:08:27+08:00][sql] CONNECT:[ UseTime:0.000429s ] mysql:host=43.241.16.146;port=3306;dbname=zhibo;charset=utf8mb4
[2024-11-09T19:08:27+08:00][sql] SHOW FULL COLUMNS FROM `cmf_hook` [ RunTime:0.000652s ]
[2024-11-09T19:08:27+08:00][sql] SELECT `hook`,`id` FROM `cmf_hook` WHERE  (  (  `app` = '' OR `app` = 'cmf' )  AND `type` = 3 ) OR `type` = 1 [ RunTime:0.000408s ]
[2024-11-09T19:08:27+08:00][sql] SHOW FULL COLUMNS FROM `cmf_hook_plugin` [ RunTime:0.000442s ]
[2024-11-09T19:08:27+08:00][sql] SELECT `hook`,`plugin` FROM `cmf_hook_plugin` WHERE  `status` = 1  AND `hook` IN ('app_begin','module_init','action_begin','view_filter','app_end','log_write','response_end','admin_init','home_init','send_mobile_verification_code','body_start','before_head_end','footer_start','before_footer','before_footer_end','before_body_end','left_sidebar_start','before_left_sidebar_end','right_sidebar_start','before_right_sidebar_end','comment','guestbook','switch_theme','after_content','before_content','log_write_done','switch_admin_theme','captcha_image') ORDER BY `list_order` ASC [ RunTime:0.000415s ]
[2024-11-09T19:08:27+08:00][sql] SHOW FULL COLUMNS FROM `cmf_plugin` [ RunTime:0.000805s ]
[2024-11-09T19:08:27+08:00][sql] SELECT `config` FROM `cmf_plugin` WHERE  `name` = 'Qiniu' LIMIT 1 [ RunTime:0.000309s ]
[2024-11-09T19:08:27+08:00][sql] SHOW FULL COLUMNS FROM `cmf_live` [ RunTime:0.000604s ]
[2024-11-09T19:08:27+08:00][sql] SELECT * FROM `cmf_live` WHERE  ( islive='1' and isrecommend='1' and type='0' and live_type=0 ) [ RunTime:0.000440s ]
[2024-11-09T19:08:27+08:00][sql] SHOW FULL COLUMNS FROM `cmf_slide_item` [ RunTime:0.000505s ]
[2024-11-09T19:08:27+08:00][sql] SELECT * FROM `cmf_slide_item` WHERE  ( status='1' and slide_id='1' ) ORDER BY `list_order` ASC [ RunTime:0.000316s ]
[2024-11-09T19:08:27+08:00][sql] SHOW FULL COLUMNS FROM `cmf_live_class` [ RunTime:0.000458s ]
[2024-11-09T19:08:27+08:00][sql] SELECT * FROM `cmf_live_class` ORDER BY `list_order` LIMIT 5 [ RunTime:0.000272s ]
[2024-11-09T19:08:27+08:00][sql] SELECT * FROM `cmf_live` WHERE  `islive` = 1  AND `live_type` = 0  AND `liveclassid` = 8 ORDER BY `recommend_time` DESC,`starttime` DESC LIMIT 5 [ RunTime:0.000412s ]
[2024-11-09T19:08:27+08:00][sql] SELECT `uid`,`thumb`,`stream`,`title`,`city`,`islive`,`type` FROM `cmf_live` WHERE  ( islive='1' and ishot='1' and live_type=0 ) ORDER BY `isrecommend` DESC,`recommend_time` DESC,`hotvotes` DESC,`starttime` DESC LIMIT 5 [ RunTime:0.000303s ]
[2024-11-09T19:08:27+08:00][sql] SELECT `uid`,`thumb`,`stream`,`title`,`city`,`islive`,`type` FROM `cmf_live` WHERE  ( islive='1' and live_type=0 ) ORDER BY `starttime` DESC LIMIT 5 [ RunTime:0.000259s ]
[2024-11-09T19:08:27+08:00][sql] SHOW FULL COLUMNS FROM `cmf_theme_file` [ RunTime:0.000479s ]
[2024-11-09T19:08:27+08:00][sql] SELECT `more` FROM `cmf_theme_file` WHERE  `theme` = 'default'  AND (  `is_public` = 1 OR `file` = '../home/index/index' ) [ RunTime:0.000281s ]
[2024-11-09T19:08:29+08:00][sql] CONNECT:[ UseTime:0.000302s ] mysql:host=43.241.16.146;port=3306;dbname=zhibo;charset=utf8mb4
[2024-11-09T19:08:29+08:00][sql] SHOW FULL COLUMNS FROM `cmf_hook` [ RunTime:0.000514s ]
[2024-11-09T19:08:29+08:00][sql] SELECT `hook`,`id` FROM `cmf_hook` WHERE  (  (  `app` = '' OR `app` = 'cmf' )  AND `type` = 3 ) OR `type` = 1 [ RunTime:0.000330s ]
[2024-11-09T19:08:29+08:00][sql] SHOW FULL COLUMNS FROM `cmf_hook_plugin` [ RunTime:0.000456s ]
[2024-11-09T19:08:29+08:00][sql] SELECT `hook`,`plugin` FROM `cmf_hook_plugin` WHERE  `status` = 1  AND `hook` IN ('app_begin','module_init','action_begin','view_filter','app_end','log_write','response_end','admin_init','home_init','send_mobile_verification_code','body_start','before_head_end','footer_start','before_footer','before_footer_end','before_body_end','left_sidebar_start','before_left_sidebar_end','right_sidebar_start','before_right_sidebar_end','comment','guestbook','switch_theme','after_content','before_content','log_write_done','switch_admin_theme','captcha_image') ORDER BY `list_order` ASC [ RunTime:0.000425s ]
[2024-11-09T19:08:29+08:00][sql] SELECT `hook` FROM `cmf_hook` WHERE  `app` = 'wxshare' [ RunTime:0.000269s ]
[2024-11-09T19:08:29+08:00][sql] SELECT `hook`,`plugin` FROM `cmf_hook_plugin` WHERE  `status` = 1  AND 0 = 1 ORDER BY `list_order` ASC [ RunTime:0.000217s ]
[2024-11-09T19:08:29+08:00][sql] SHOW FULL COLUMNS FROM `cmf_plugin` [ RunTime:0.000585s ]
[2024-11-09T19:08:29+08:00][sql] SELECT `config` FROM `cmf_plugin` WHERE  `name` = 'Qiniu' LIMIT 1 [ RunTime:0.000267s ]
[2024-11-09T19:08:29+08:00][sql] SHOW FULL COLUMNS FROM `cmf_slide_item` [ RunTime:0.000479s ]
[2024-11-09T19:08:29+08:00][sql] SELECT * FROM `cmf_slide_item` WHERE  ( status='1' and slide_id='6' ) ORDER BY `list_order` ASC [ RunTime:0.000323s ]
[2024-11-09T19:08:29+08:00][sql] SHOW FULL COLUMNS FROM `cmf_live` [ RunTime:0.000603s ]
[2024-11-09T19:08:29+08:00][sql] SELECT `uid`,`title`,`city`,`stream`,`pull`,`thumb`,`type` FROM `cmf_live` WHERE  `islive` = 1  AND `live_type` = 0  AND `ishot` = 1 ORDER BY `recommend_time` DESC,`starttime` DESC LIMIT 0,20 [ RunTime:0.000368s ]
[2024-11-09T19:08:29+08:00][sql] SHOW FULL COLUMNS FROM `cmf_theme_file` [ RunTime:0.000481s ]
[2024-11-09T19:08:29+08:00][sql] SELECT `more` FROM `cmf_theme_file` WHERE  `theme` = 'default'  AND (  `is_public` = 1 OR `file` = '../wxshare/share/index' ) [ RunTime:0.000287s ]
[2024-11-09T19:08:36+08:00][sql] CONNECT:[ UseTime:0.000411s ] mysql:host=43.241.16.146;port=3306;dbname=zhibo;charset=utf8mb4
[2024-11-09T19:08:36+08:00][sql] SHOW FULL COLUMNS FROM `cmf_hook` [ RunTime:0.000638s ]
[2024-11-09T19:08:36+08:00][sql] SELECT `hook`,`id` FROM `cmf_hook` WHERE  (  (  `app` = '' OR `app` = 'cmf' )  AND `type` = 3 ) OR `type` = 1 [ RunTime:0.000394s ]
[2024-11-09T19:08:36+08:00][sql] SHOW FULL COLUMNS FROM `cmf_hook_plugin` [ RunTime:0.000446s ]
[2024-11-09T19:08:36+08:00][sql] SELECT `hook`,`plugin` FROM `cmf_hook_plugin` WHERE  `status` = 1  AND `hook` IN ('app_begin','module_init','action_begin','view_filter','app_end','log_write','response_end','admin_init','home_init','send_mobile_verification_code','body_start','before_head_end','footer_start','before_footer','before_footer_end','before_body_end','left_sidebar_start','before_left_sidebar_end','right_sidebar_start','before_right_sidebar_end','comment','guestbook','switch_theme','after_content','before_content','log_write_done','switch_admin_theme','captcha_image') ORDER BY `list_order` ASC [ RunTime:0.000429s ]
[2024-11-09T19:08:36+08:00][sql] SHOW FULL COLUMNS FROM `cmf_plugin` [ RunTime:0.000612s ]
[2024-11-09T19:08:36+08:00][sql] SELECT `config` FROM `cmf_plugin` WHERE  `name` = 'Qiniu' LIMIT 1 [ RunTime:0.000270s ]
[2024-11-09T19:08:36+08:00][sql] SHOW FULL COLUMNS FROM `cmf_slide_item` [ RunTime:0.000514s ]
[2024-11-09T19:08:36+08:00][sql] SELECT * FROM `cmf_slide_item` WHERE  ( status='1' and slide_id='6' ) ORDER BY `list_order` ASC [ RunTime:0.000326s ]
[2024-11-09T19:08:36+08:00][sql] CONNECT:[ UseTime:0.000319s ] mysql:host=43.241.16.146;port=3306;dbname=zhibo;charset=utf8mb4
[2024-11-09T19:08:36+08:00][sql] SHOW FULL COLUMNS FROM `cmf_hook` [ RunTime:0.000465s ]
[2024-11-09T19:08:36+08:00][sql] SELECT `hook`,`id` FROM `cmf_hook` WHERE  (  (  `app` = '' OR `app` = 'cmf' )  AND `type` = 3 ) OR `type` = 1 [ RunTime:0.000335s ]
[2024-11-09T19:08:36+08:00][sql] SHOW FULL COLUMNS FROM `cmf_hook_plugin` [ RunTime:0.000423s ]
[2024-11-09T19:08:36+08:00][sql] SELECT `hook`,`plugin` FROM `cmf_hook_plugin` WHERE  `status` = 1  AND `hook` IN ('app_begin','module_init','action_begin','view_filter','app_end','log_write','response_end','admin_init','home_init','send_mobile_verification_code','body_start','before_head_end','footer_start','before_footer','before_footer_end','before_body_end','left_sidebar_start','before_left_sidebar_end','right_sidebar_start','before_right_sidebar_end','comment','guestbook','switch_theme','after_content','before_content','log_write_done','switch_admin_theme','captcha_image') ORDER BY `list_order` ASC [ RunTime:0.000384s ]
[2024-11-09T19:08:36+08:00][sql] SHOW FULL COLUMNS FROM `cmf_plugin` [ RunTime:0.000539s ]
[2024-11-09T19:08:36+08:00][sql] SELECT `config` FROM `cmf_plugin` WHERE  `name` = 'Qiniu' LIMIT 1 [ RunTime:0.000244s ]
[2024-11-09T19:08:36+08:00][sql] SHOW FULL COLUMNS FROM `cmf_theme_file` [ RunTime:0.000502s ]
[2024-11-09T19:08:36+08:00][sql] SELECT `more` FROM `cmf_theme_file` WHERE  `theme` = 'default'  AND (  `is_public` = 1 OR `file` = '../wxshare/user/login' ) [ RunTime:0.000276s ]
[2024-11-09T19:08:45+08:00][sql] CONNECT:[ UseTime:0.000393s ] mysql:host=43.241.16.146;port=3306;dbname=zhibo;charset=utf8mb4
[2024-11-09T19:08:45+08:00][sql] SHOW FULL COLUMNS FROM `cmf_hook` [ RunTime:0.000630s ]
[2024-11-09T19:08:45+08:00][sql] SELECT `hook`,`id` FROM `cmf_hook` WHERE  (  (  `app` = '' OR `app` = 'cmf' )  AND `type` = 3 ) OR `type` = 1 [ RunTime:0.000395s ]
[2024-11-09T19:08:45+08:00][sql] SHOW FULL COLUMNS FROM `cmf_hook_plugin` [ RunTime:0.000439s ]
[2024-11-09T19:08:45+08:00][sql] SELECT `hook`,`plugin` FROM `cmf_hook_plugin` WHERE  `status` = 1  AND `hook` IN ('app_begin','module_init','action_begin','view_filter','app_end','log_write','response_end','admin_init','home_init','send_mobile_verification_code','body_start','before_head_end','footer_start','before_footer','before_footer_end','before_body_end','left_sidebar_start','before_left_sidebar_end','right_sidebar_start','before_right_sidebar_end','comment','guestbook','switch_theme','after_content','before_content','log_write_done','switch_admin_theme','captcha_image') ORDER BY `list_order` ASC [ RunTime:0.000423s ]
[2024-11-09T19:08:45+08:00][sql] SHOW FULL COLUMNS FROM `cmf_plugin` [ RunTime:0.000579s ]
[2024-11-09T19:08:45+08:00][sql] SELECT `config` FROM `cmf_plugin` WHERE  `name` = 'Qiniu' LIMIT 1 [ RunTime:0.000283s ]
[2024-11-09T19:08:45+08:00][sql] SHOW FULL COLUMNS FROM `cmf_live` [ RunTime:0.000615s ]
[2024-11-09T19:08:45+08:00][sql] SELECT * FROM `cmf_live` WHERE  ( islive='1' and isrecommend='1' and type='0' and live_type=0 ) [ RunTime:0.000398s ]
[2024-11-09T19:08:45+08:00][sql] SHOW FULL COLUMNS FROM `cmf_slide_item` [ RunTime:0.000473s ]
[2024-11-09T19:08:45+08:00][sql] SELECT * FROM `cmf_slide_item` WHERE  ( status='1' and slide_id='1' ) ORDER BY `list_order` ASC [ RunTime:0.000293s ]
[2024-11-09T19:08:45+08:00][sql] SHOW FULL COLUMNS FROM `cmf_live_class` [ RunTime:0.000426s ]
[2024-11-09T19:08:45+08:00][sql] SELECT * FROM `cmf_live_class` ORDER BY `list_order` LIMIT 5 [ RunTime:0.000251s ]
[2024-11-09T19:08:45+08:00][sql] SELECT * FROM `cmf_live` WHERE  `islive` = 1  AND `live_type` = 0  AND `liveclassid` = 8 ORDER BY `recommend_time` DESC,`starttime` DESC LIMIT 5 [ RunTime:0.000407s ]
[2024-11-09T19:08:45+08:00][sql] SELECT `uid`,`thumb`,`stream`,`title`,`city`,`islive`,`type` FROM `cmf_live` WHERE  ( islive='1' and ishot='1' and live_type=0 ) ORDER BY `isrecommend` DESC,`recommend_time` DESC,`hotvotes` DESC,`starttime` DESC LIMIT 5 [ RunTime:0.000307s ]
[2024-11-09T19:08:45+08:00][sql] SELECT `uid`,`thumb`,`stream`,`title`,`city`,`islive`,`type` FROM `cmf_live` WHERE  ( islive='1' and live_type=0 ) ORDER BY `starttime` DESC LIMIT 5 [ RunTime:0.000259s ]
[2024-11-09T19:08:45+08:00][sql] SHOW FULL COLUMNS FROM `cmf_theme_file` [ RunTime:0.000483s ]
[2024-11-09T19:08:45+08:00][sql] SELECT `more` FROM `cmf_theme_file` WHERE  `theme` = 'default'  AND (  `is_public` = 1 OR `file` = '../home/index/index' ) [ RunTime:0.000275s ]
[2024-11-09T19:08:45+08:00][sql] CONNECT:[ UseTime:0.000303s ] mysql:host=43.241.16.146;port=3306;dbname=zhibo;charset=utf8mb4
[2024-11-09T19:08:45+08:00][sql] SHOW FULL COLUMNS FROM `cmf_hook` [ RunTime:0.000515s ]
[2024-11-09T19:08:45+08:00][sql] SELECT `hook`,`id` FROM `cmf_hook` WHERE  (  (  `app` = '' OR `app` = 'cmf' )  AND `type` = 3 ) OR `type` = 1 [ RunTime:0.000342s ]
[2024-11-09T19:08:45+08:00][sql] SHOW FULL COLUMNS FROM `cmf_hook_plugin` [ RunTime:0.000456s ]
[2024-11-09T19:08:45+08:00][sql] SELECT `hook`,`plugin` FROM `cmf_hook_plugin` WHERE  `status` = 1  AND `hook` IN ('app_begin','module_init','action_begin','view_filter','app_end','log_write','response_end','admin_init','home_init','send_mobile_verification_code','body_start','before_head_end','footer_start','before_footer','before_footer_end','before_body_end','left_sidebar_start','before_left_sidebar_end','right_sidebar_start','before_right_sidebar_end','comment','guestbook','switch_theme','after_content','before_content','log_write_done','switch_admin_theme','captcha_image') ORDER BY `list_order` ASC [ RunTime:0.000416s ]
[2024-11-09T19:08:45+08:00][sql] SHOW FULL COLUMNS FROM `cmf_plugin` [ RunTime:0.000620s ]
[2024-11-09T19:08:45+08:00][sql] SELECT `config` FROM `cmf_plugin` WHERE  `name` = 'Qiniu' LIMIT 1 [ RunTime:0.000264s ]
[2024-11-09T19:08:45+08:00][sql] SHOW FULL COLUMNS FROM `cmf_slide_item` [ RunTime:0.000511s ]
[2024-11-09T19:08:45+08:00][sql] SELECT * FROM `cmf_slide_item` WHERE  ( status='1' and slide_id='6' ) ORDER BY `list_order` ASC [ RunTime:0.000318s ]
[2024-11-09T19:08:45+08:00][sql] SHOW FULL COLUMNS FROM `cmf_live` [ RunTime:0.000633s ]
[2024-11-09T19:08:45+08:00][sql] SELECT `uid`,`title`,`city`,`stream`,`pull`,`thumb`,`type` FROM `cmf_live` WHERE  `islive` = 1  AND `live_type` = 0  AND `ishot` = 1 ORDER BY `recommend_time` DESC,`starttime` DESC LIMIT 0,20 [ RunTime:0.000368s ]
[2024-11-09T19:08:45+08:00][sql] SHOW FULL COLUMNS FROM `cmf_theme_file` [ RunTime:0.000516s ]
[2024-11-09T19:08:45+08:00][sql] SELECT `more` FROM `cmf_theme_file` WHERE  `theme` = 'default'  AND (  `is_public` = 1 OR `file` = '../wxshare/share/index' ) [ RunTime:0.000292s ]
[2024-11-09T19:08:46+08:00][sql] CONNECT:[ UseTime:0.000300s ] mysql:host=43.241.16.146;port=3306;dbname=zhibo;charset=utf8mb4
[2024-11-09T19:08:46+08:00][sql] SHOW FULL COLUMNS FROM `cmf_hook` [ RunTime:0.000496s ]
[2024-11-09T19:08:46+08:00][sql] SELECT `hook`,`id` FROM `cmf_hook` WHERE  (  (  `app` = '' OR `app` = 'cmf' )  AND `type` = 3 ) OR `type` = 1 [ RunTime:0.000342s ]
[2024-11-09T19:08:46+08:00][sql] SHOW FULL COLUMNS FROM `cmf_hook_plugin` [ RunTime:0.000435s ]
[2024-11-09T19:08:46+08:00][sql] SELECT `hook`,`plugin` FROM `cmf_hook_plugin` WHERE  `status` = 1  AND `hook` IN ('app_begin','module_init','action_begin','view_filter','app_end','log_write','response_end','admin_init','home_init','send_mobile_verification_code','body_start','before_head_end','footer_start','before_footer','before_footer_end','before_body_end','left_sidebar_start','before_left_sidebar_end','right_sidebar_start','before_right_sidebar_end','comment','guestbook','switch_theme','after_content','before_content','log_write_done','switch_admin_theme','captcha_image') ORDER BY `list_order` ASC [ RunTime:0.000412s ]
[2024-11-09T19:08:47+08:00][sql] CONNECT:[ UseTime:0.000360s ] mysql:host=43.241.16.146;port=3306;dbname=zhibo;charset=utf8mb4
[2024-11-09T19:08:47+08:00][sql] SHOW FULL COLUMNS FROM `cmf_hook` [ RunTime:0.000585s ]
[2024-11-09T19:08:47+08:00][sql] SELECT `hook`,`id` FROM `cmf_hook` WHERE  (  (  `app` = '' OR `app` = 'cmf' )  AND `type` = 3 ) OR `type` = 1 [ RunTime:0.000375s ]
[2024-11-09T19:08:47+08:00][sql] SHOW FULL COLUMNS FROM `cmf_hook_plugin` [ RunTime:0.000459s ]
[2024-11-09T19:08:47+08:00][sql] SELECT `hook`,`plugin` FROM `cmf_hook_plugin` WHERE  `status` = 1  AND `hook` IN ('app_begin','module_init','action_begin','view_filter','app_end','log_write','response_end','admin_init','home_init','send_mobile_verification_code','body_start','before_head_end','footer_start','before_footer','before_footer_end','before_body_end','left_sidebar_start','before_left_sidebar_end','right_sidebar_start','before_right_sidebar_end','comment','guestbook','switch_theme','after_content','before_content','log_write_done','switch_admin_theme','captcha_image') ORDER BY `list_order` ASC [ RunTime:0.000426s ]
[2024-11-09T19:08:47+08:00][sql] SHOW FULL COLUMNS FROM `cmf_plugin` [ RunTime:0.000595s ]
[2024-11-09T19:08:47+08:00][sql] SELECT `config` FROM `cmf_plugin` WHERE  `name` = 'Qiniu' LIMIT 1 [ RunTime:0.000262s ]
[2024-11-09T19:08:47+08:00][sql] SHOW FULL COLUMNS FROM `cmf_slide_item` [ RunTime:0.000632s ]
[2024-11-09T19:08:47+08:00][sql] SELECT * FROM `cmf_slide_item` WHERE  ( status='1' and slide_id='6' ) ORDER BY `list_order` ASC [ RunTime:0.000328s ]
[2024-11-09T19:08:47+08:00][sql] SHOW FULL COLUMNS FROM `cmf_live` [ RunTime:0.000656s ]
[2024-11-09T19:08:47+08:00][sql] SELECT `uid`,`title`,`city`,`stream`,`pull`,`thumb`,`type` FROM `cmf_live` WHERE  `islive` = 1  AND `live_type` = 0 ORDER BY `starttime` DESC LIMIT 0,20 [ RunTime:0.000335s ]
[2024-11-09T19:08:47+08:00][sql] SHOW FULL COLUMNS FROM `cmf_theme_file` [ RunTime:0.000522s ]
[2024-11-09T19:08:47+08:00][sql] SELECT `more` FROM `cmf_theme_file` WHERE  `theme` = 'default'  AND (  `is_public` = 1 OR `file` = '../wxshare/share/index' ) [ RunTime:0.000290s ]
[2024-11-09T19:08:49+08:00][sql] CONNECT:[ UseTime:0.000287s ] mysql:host=43.241.16.146;port=3306;dbname=zhibo;charset=utf8mb4
[2024-11-09T19:08:49+08:00][sql] SHOW FULL COLUMNS FROM `cmf_hook` [ RunTime:0.000496s ]
[2024-11-09T19:08:49+08:00][sql] SELECT `hook`,`id` FROM `cmf_hook` WHERE  (  (  `app` = '' OR `app` = 'cmf' )  AND `type` = 3 ) OR `type` = 1 [ RunTime:0.000336s ]
[2024-11-09T19:08:49+08:00][sql] SHOW FULL COLUMNS FROM `cmf_hook_plugin` [ RunTime:0.000464s ]
[2024-11-09T19:08:49+08:00][sql] SELECT `hook`,`plugin` FROM `cmf_hook_plugin` WHERE  `status` = 1  AND `hook` IN ('app_begin','module_init','action_begin','view_filter','app_end','log_write','response_end','admin_init','home_init','send_mobile_verification_code','body_start','before_head_end','footer_start','before_footer','before_footer_end','before_body_end','left_sidebar_start','before_left_sidebar_end','right_sidebar_start','before_right_sidebar_end','comment','guestbook','switch_theme','after_content','before_content','log_write_done','switch_admin_theme','captcha_image') ORDER BY `list_order` ASC [ RunTime:0.000409s ]
[2024-11-09T19:08:49+08:00][sql] SHOW FULL COLUMNS FROM `cmf_plugin` [ RunTime:0.000565s ]
[2024-11-09T19:08:49+08:00][sql] SELECT `config` FROM `cmf_plugin` WHERE  `name` = 'Qiniu' LIMIT 1 [ RunTime:0.000278s ]
[2024-11-09T19:08:49+08:00][sql] SHOW FULL COLUMNS FROM `cmf_slide_item` [ RunTime:0.000530s ]
[2024-11-09T19:08:49+08:00][sql] SELECT * FROM `cmf_slide_item` WHERE  ( status='1' and slide_id='6' ) ORDER BY `list_order` ASC [ RunTime:0.000307s ]
[2024-11-09T19:08:49+08:00][sql] CONNECT:[ UseTime:0.000294s ] mysql:host=43.241.16.146;port=3306;dbname=zhibo;charset=utf8mb4
[2024-11-09T19:08:49+08:00][sql] SHOW FULL COLUMNS FROM `cmf_hook` [ RunTime:0.000447s ]
[2024-11-09T19:08:49+08:00][sql] SELECT `hook`,`id` FROM `cmf_hook` WHERE  (  (  `app` = '' OR `app` = 'cmf' )  AND `type` = 3 ) OR `type` = 1 [ RunTime:0.000324s ]
[2024-11-09T19:08:49+08:00][sql] SHOW FULL COLUMNS FROM `cmf_hook_plugin` [ RunTime:0.000429s ]
[2024-11-09T19:08:49+08:00][sql] SELECT `hook`,`plugin` FROM `cmf_hook_plugin` WHERE  `status` = 1  AND `hook` IN ('app_begin','module_init','action_begin','view_filter','app_end','log_write','response_end','admin_init','home_init','send_mobile_verification_code','body_start','before_head_end','footer_start','before_footer','before_footer_end','before_body_end','left_sidebar_start','before_left_sidebar_end','right_sidebar_start','before_right_sidebar_end','comment','guestbook','switch_theme','after_content','before_content','log_write_done','switch_admin_theme','captcha_image') ORDER BY `list_order` ASC [ RunTime:0.000392s ]
[2024-11-09T19:08:49+08:00][sql] SHOW FULL COLUMNS FROM `cmf_plugin` [ RunTime:0.000517s ]
[2024-11-09T19:08:49+08:00][sql] SELECT `config` FROM `cmf_plugin` WHERE  `name` = 'Qiniu' LIMIT 1 [ RunTime:0.000242s ]
[2024-11-09T19:08:49+08:00][sql] SHOW FULL COLUMNS FROM `cmf_theme_file` [ RunTime:0.000490s ]
[2024-11-09T19:08:49+08:00][sql] SELECT `more` FROM `cmf_theme_file` WHERE  `theme` = 'default'  AND (  `is_public` = 1 OR `file` = '../wxshare/user/login' ) [ RunTime:0.000275s ]
[2024-11-09T19:08:52+08:00][sql] CONNECT:[ UseTime:0.000346s ] mysql:host=43.241.16.146;port=3306;dbname=zhibo;charset=utf8mb4
[2024-11-09T19:08:52+08:00][sql] SHOW FULL COLUMNS FROM `cmf_hook` [ RunTime:0.000575s ]
[2024-11-09T19:08:52+08:00][sql] SELECT `hook`,`id` FROM `cmf_hook` WHERE  (  (  `app` = '' OR `app` = 'cmf' )  AND `type` = 3 ) OR `type` = 1 [ RunTime:0.000374s ]
[2024-11-09T19:08:52+08:00][sql] SHOW FULL COLUMNS FROM `cmf_hook_plugin` [ RunTime:0.000473s ]
[2024-11-09T19:08:52+08:00][sql] SELECT `hook`,`plugin` FROM `cmf_hook_plugin` WHERE  `status` = 1  AND `hook` IN ('app_begin','module_init','action_begin','view_filter','app_end','log_write','response_end','admin_init','home_init','send_mobile_verification_code','body_start','before_head_end','footer_start','before_footer','before_footer_end','before_body_end','left_sidebar_start','before_left_sidebar_end','right_sidebar_start','before_right_sidebar_end','comment','guestbook','switch_theme','after_content','before_content','log_write_done','switch_admin_theme','captcha_image') ORDER BY `list_order` ASC [ RunTime:0.000436s ]
[2024-11-09T19:08:52+08:00][sql] SHOW FULL COLUMNS FROM `cmf_plugin` [ RunTime:0.000569s ]
[2024-11-09T19:08:52+08:00][sql] SELECT `config` FROM `cmf_plugin` WHERE  `name` = 'Qiniu' LIMIT 1 [ RunTime:0.000259s ]
[2024-11-09T19:08:57+08:00][sql] CONNECT:[ UseTime:0.000417s ] mysql:host=43.241.16.146;port=3306;dbname=zhibo;charset=utf8mb4
[2024-11-09T19:08:57+08:00][sql] SHOW FULL COLUMNS FROM `cmf_hook` [ RunTime:0.000636s ]
[2024-11-09T19:08:57+08:00][sql] SELECT `hook`,`id` FROM `cmf_hook` WHERE  (  (  `app` = '' OR `app` = 'cmf' )  AND `type` = 3 ) OR `type` = 1 [ RunTime:0.000401s ]
[2024-11-09T19:08:57+08:00][sql] SHOW FULL COLUMNS FROM `cmf_hook_plugin` [ RunTime:0.000463s ]
[2024-11-09T19:08:57+08:00][sql] SELECT `hook`,`plugin` FROM `cmf_hook_plugin` WHERE  `status` = 1  AND `hook` IN ('app_begin','module_init','action_begin','view_filter','app_end','log_write','response_end','admin_init','home_init','send_mobile_verification_code','body_start','before_head_end','footer_start','before_footer','before_footer_end','before_body_end','left_sidebar_start','before_left_sidebar_end','right_sidebar_start','before_right_sidebar_end','comment','guestbook','switch_theme','after_content','before_content','log_write_done','switch_admin_theme','captcha_image') ORDER BY `list_order` ASC [ RunTime:0.000433s ]
[2024-11-09T19:08:57+08:00][sql] SHOW FULL COLUMNS FROM `cmf_plugin` [ RunTime:0.000548s ]
[2024-11-09T19:08:57+08:00][sql] SELECT `config` FROM `cmf_plugin` WHERE  `name` = 'Qiniu' LIMIT 1 [ RunTime:0.000256s ]
[2024-11-09T19:09:02+08:00][sql] CONNECT:[ UseTime:0.000420s ] mysql:host=43.241.16.146;port=3306;dbname=zhibo;charset=utf8mb4
[2024-11-09T19:09:02+08:00][sql] SHOW FULL COLUMNS FROM `cmf_hook` [ RunTime:0.000639s ]
[2024-11-09T19:09:02+08:00][sql] SELECT `hook`,`id` FROM `cmf_hook` WHERE  (  (  `app` = '' OR `app` = 'cmf' )  AND `type` = 3 ) OR `type` = 1 [ RunTime:0.000410s ]
[2024-11-09T19:09:02+08:00][sql] SHOW FULL COLUMNS FROM `cmf_hook_plugin` [ RunTime:0.000433s ]
[2024-11-09T19:09:02+08:00][sql] SELECT `hook`,`plugin` FROM `cmf_hook_plugin` WHERE  `status` = 1  AND `hook` IN ('app_begin','module_init','action_begin','view_filter','app_end','log_write','response_end','admin_init','home_init','send_mobile_verification_code','body_start','before_head_end','footer_start','before_footer','before_footer_end','before_body_end','left_sidebar_start','before_left_sidebar_end','right_sidebar_start','before_right_sidebar_end','comment','guestbook','switch_theme','after_content','before_content','log_write_done','switch_admin_theme','captcha_image') ORDER BY `list_order` ASC [ RunTime:0.000424s ]
[2024-11-09T19:09:02+08:00][sql] SHOW FULL COLUMNS FROM `cmf_plugin` [ RunTime:0.000627s ]
[2024-11-09T19:09:02+08:00][sql] SELECT `config` FROM `cmf_plugin` WHERE  `name` = 'Qiniu' LIMIT 1 [ RunTime:0.000255s ]
[2024-11-09T19:09:02+08:00][sql] SHOW FULL COLUMNS FROM `cmf_live` [ RunTime:0.000618s ]
[2024-11-09T19:09:02+08:00][sql] SELECT * FROM `cmf_live` WHERE  ( islive='1' and isrecommend='1' and type='0' and live_type=0 ) [ RunTime:0.000397s ]
[2024-11-09T19:09:02+08:00][sql] SHOW FULL COLUMNS FROM `cmf_slide_item` [ RunTime:0.000493s ]
[2024-11-09T19:09:02+08:00][sql] SELECT * FROM `cmf_slide_item` WHERE  ( status='1' and slide_id='1' ) ORDER BY `list_order` ASC [ RunTime:0.000295s ]
[2024-11-09T19:09:02+08:00][sql] SHOW FULL COLUMNS FROM `cmf_live_class` [ RunTime:0.000456s ]
[2024-11-09T19:09:02+08:00][sql] SELECT * FROM `cmf_live_class` ORDER BY `list_order` LIMIT 5 [ RunTime:0.000257s ]
[2024-11-09T19:09:02+08:00][sql] SELECT * FROM `cmf_live` WHERE  `islive` = 1  AND `live_type` = 0  AND `liveclassid` = 8 ORDER BY `recommend_time` DESC,`starttime` DESC LIMIT 5 [ RunTime:0.000403s ]
[2024-11-09T19:09:02+08:00][sql] SELECT `uid`,`thumb`,`stream`,`title`,`city`,`islive`,`type` FROM `cmf_live` WHERE  ( islive='1' and ishot='1' and live_type=0 ) ORDER BY `isrecommend` DESC,`recommend_time` DESC,`hotvotes` DESC,`starttime` DESC LIMIT 5 [ RunTime:0.000302s ]
[2024-11-09T19:09:02+08:00][sql] SELECT `uid`,`thumb`,`stream`,`title`,`city`,`islive`,`type` FROM `cmf_live` WHERE  ( islive='1' and live_type=0 ) ORDER BY `starttime` DESC LIMIT 5 [ RunTime:0.000258s ]
[2024-11-09T19:09:02+08:00][sql] SHOW FULL COLUMNS FROM `cmf_theme_file` [ RunTime:0.000504s ]
[2024-11-09T19:09:02+08:00][sql] SELECT `more` FROM `cmf_theme_file` WHERE  `theme` = 'default'  AND (  `is_public` = 1 OR `file` = '../home/index/index' ) [ RunTime:0.000278s ]
[2024-11-09T19:09:03+08:00][sql] CONNECT:[ UseTime:0.000300s ] mysql:host=43.241.16.146;port=3306;dbname=zhibo;charset=utf8mb4
[2024-11-09T19:09:03+08:00][sql] SHOW FULL COLUMNS FROM `cmf_hook` [ RunTime:0.000505s ]
[2024-11-09T19:09:03+08:00][sql] SELECT `hook`,`id` FROM `cmf_hook` WHERE  (  (  `app` = '' OR `app` = 'cmf' )  AND `type` = 3 ) OR `type` = 1 [ RunTime:0.000339s ]
[2024-11-09T19:09:03+08:00][sql] SHOW FULL COLUMNS FROM `cmf_hook_plugin` [ RunTime:0.000470s ]
[2024-11-09T19:09:03+08:00][sql] SELECT `hook`,`plugin` FROM `cmf_hook_plugin` WHERE  `status` = 1  AND `hook` IN ('app_begin','module_init','action_begin','view_filter','app_end','log_write','response_end','admin_init','home_init','send_mobile_verification_code','body_start','before_head_end','footer_start','before_footer','before_footer_end','before_body_end','left_sidebar_start','before_left_sidebar_end','right_sidebar_start','before_right_sidebar_end','comment','guestbook','switch_theme','after_content','before_content','log_write_done','switch_admin_theme','captcha_image') ORDER BY `list_order` ASC [ RunTime:0.000411s ]
[2024-11-09T19:09:03+08:00][sql] SHOW FULL COLUMNS FROM `cmf_plugin` [ RunTime:0.000570s ]
[2024-11-09T19:09:03+08:00][sql] SELECT `config` FROM `cmf_plugin` WHERE  `name` = 'Qiniu' LIMIT 1 [ RunTime:0.000264s ]
[2024-11-09T19:09:03+08:00][sql] SHOW FULL COLUMNS FROM `cmf_slide_item` [ RunTime:0.000477s ]
[2024-11-09T19:09:03+08:00][sql] SELECT * FROM `cmf_slide_item` WHERE  ( status='1' and slide_id='6' ) ORDER BY `list_order` ASC [ RunTime:0.000335s ]
[2024-11-09T19:09:03+08:00][sql] SHOW FULL COLUMNS FROM `cmf_live` [ RunTime:0.000594s ]
[2024-11-09T19:09:03+08:00][sql] SELECT `uid`,`title`,`city`,`stream`,`pull`,`thumb`,`type` FROM `cmf_live` WHERE  `islive` = 1  AND `live_type` = 0  AND `ishot` = 1 ORDER BY `recommend_time` DESC,`starttime` DESC LIMIT 0,20 [ RunTime:0.000345s ]
[2024-11-09T19:09:03+08:00][sql] SHOW FULL COLUMNS FROM `cmf_theme_file` [ RunTime:0.000471s ]
[2024-11-09T19:09:03+08:00][sql] SELECT `more` FROM `cmf_theme_file` WHERE  `theme` = 'default'  AND (  `is_public` = 1 OR `file` = '../wxshare/share/index' ) [ RunTime:0.000282s ]
[2024-11-09T19:09:06+08:00][sql] CONNECT:[ UseTime:0.000284s ] mysql:host=43.241.16.146;port=3306;dbname=zhibo;charset=utf8mb4
[2024-11-09T19:09:06+08:00][sql] SHOW FULL COLUMNS FROM `cmf_hook` [ RunTime:0.000498s ]
[2024-11-09T19:09:06+08:00][sql] SELECT `hook`,`id` FROM `cmf_hook` WHERE  (  (  `app` = '' OR `app` = 'cmf' )  AND `type` = 3 ) OR `type` = 1 [ RunTime:0.000339s ]
[2024-11-09T19:09:06+08:00][sql] SHOW FULL COLUMNS FROM `cmf_hook_plugin` [ RunTime:0.000464s ]
[2024-11-09T19:09:06+08:00][sql] SELECT `hook`,`plugin` FROM `cmf_hook_plugin` WHERE  `status` = 1  AND `hook` IN ('app_begin','module_init','action_begin','view_filter','app_end','log_write','response_end','admin_init','home_init','send_mobile_verification_code','body_start','before_head_end','footer_start','before_footer','before_footer_end','before_body_end','left_sidebar_start','before_left_sidebar_end','right_sidebar_start','before_right_sidebar_end','comment','guestbook','switch_theme','after_content','before_content','log_write_done','switch_admin_theme','captcha_image') ORDER BY `list_order` ASC [ RunTime:0.000405s ]
[2024-11-09T19:09:06+08:00][sql] SHOW FULL COLUMNS FROM `cmf_plugin` [ RunTime:0.000576s ]
[2024-11-09T19:09:06+08:00][sql] SELECT `config` FROM `cmf_plugin` WHERE  `name` = 'Qiniu' LIMIT 1 [ RunTime:0.000259s ]
[2024-11-09T19:09:06+08:00][sql] SHOW FULL COLUMNS FROM `cmf_slide_item` [ RunTime:0.000519s ]
[2024-11-09T19:09:06+08:00][sql] SELECT * FROM `cmf_slide_item` WHERE  ( status='1' and slide_id='6' ) ORDER BY `list_order` ASC [ RunTime:0.000320s ]
[2024-11-09T19:09:06+08:00][sql] SHOW FULL COLUMNS FROM `cmf_live` [ RunTime:0.000634s ]
[2024-11-09T19:09:06+08:00][sql] SELECT `uid`,`title`,`city`,`stream`,`pull`,`thumb`,`type` FROM `cmf_live` WHERE  `islive` = 1  AND `live_type` = 0 ORDER BY `starttime` DESC LIMIT 0,20 [ RunTime:0.000332s ]
[2024-11-09T19:09:06+08:00][sql] SHOW FULL COLUMNS FROM `cmf_theme_file` [ RunTime:0.000520s ]
[2024-11-09T19:09:06+08:00][sql] SELECT `more` FROM `cmf_theme_file` WHERE  `theme` = 'default'  AND (  `is_public` = 1 OR `file` = '../wxshare/share/index' ) [ RunTime:0.000289s ]
[2024-11-09T19:09:07+08:00][sql] CONNECT:[ UseTime:0.000373s ] mysql:host=43.241.16.146;port=3306;dbname=zhibo;charset=utf8mb4
[2024-11-09T19:09:07+08:00][sql] SHOW FULL COLUMNS FROM `cmf_hook` [ RunTime:0.000601s ]
[2024-11-09T19:09:07+08:00][sql] SELECT `hook`,`id` FROM `cmf_hook` WHERE  (  (  `app` = '' OR `app` = 'cmf' )  AND `type` = 3 ) OR `type` = 1 [ RunTime:0.000384s ]
[2024-11-09T19:09:07+08:00][sql] SHOW FULL COLUMNS FROM `cmf_hook_plugin` [ RunTime:0.000446s ]
[2024-11-09T19:09:07+08:00][sql] SELECT `hook`,`plugin` FROM `cmf_hook_plugin` WHERE  `status` = 1  AND `hook` IN ('app_begin','module_init','action_begin','view_filter','app_end','log_write','response_end','admin_init','home_init','send_mobile_verification_code','body_start','before_head_end','footer_start','before_footer','before_footer_end','before_body_end','left_sidebar_start','before_left_sidebar_end','right_sidebar_start','before_right_sidebar_end','comment','guestbook','switch_theme','after_content','before_content','log_write_done','switch_admin_theme','captcha_image') ORDER BY `list_order` ASC [ RunTime:0.000417s ]
[2024-11-09T19:09:07+08:00][sql] SHOW FULL COLUMNS FROM `cmf_plugin` [ RunTime:0.000565s ]
[2024-11-09T19:09:07+08:00][sql] SELECT `config` FROM `cmf_plugin` WHERE  `name` = 'Qiniu' LIMIT 1 [ RunTime:0.000260s ]
[2024-11-09T19:09:07+08:00][sql] SHOW FULL COLUMNS FROM `cmf_slide_item` [ RunTime:0.000476s ]
[2024-11-09T19:09:07+08:00][sql] SELECT * FROM `cmf_slide_item` WHERE  ( status='1' and slide_id='6' ) ORDER BY `list_order` ASC [ RunTime:0.000322s ]
[2024-11-09T19:09:07+08:00][sql] SHOW FULL COLUMNS FROM `cmf_live` [ RunTime:0.000642s ]
[2024-11-09T19:09:07+08:00][sql] SELECT `uid`,`title`,`city`,`stream`,`pull`,`thumb`,`type` FROM `cmf_live` WHERE  `islive` = 1  AND `live_type` = 0  AND `ishot` = 1 ORDER BY `recommend_time` DESC,`starttime` DESC LIMIT 0,20 [ RunTime:0.000355s ]
[2024-11-09T19:09:07+08:00][sql] SHOW FULL COLUMNS FROM `cmf_theme_file` [ RunTime:0.000522s ]
[2024-11-09T19:09:07+08:00][sql] SELECT `more` FROM `cmf_theme_file` WHERE  `theme` = 'default'  AND (  `is_public` = 1 OR `file` = '../wxshare/share/index' ) [ RunTime:0.000291s ]
[2024-11-09T19:09:08+08:00][sql] CONNECT:[ UseTime:0.000300s ] mysql:host=43.241.16.146;port=3306;dbname=zhibo;charset=utf8mb4
[2024-11-09T19:09:08+08:00][sql] SHOW FULL COLUMNS FROM `cmf_hook` [ RunTime:0.000457s ]
[2024-11-09T19:09:08+08:00][sql] SELECT `hook`,`id` FROM `cmf_hook` WHERE  (  (  `app` = '' OR `app` = 'cmf' )  AND `type` = 3 ) OR `type` = 1 [ RunTime:0.000324s ]
[2024-11-09T19:09:08+08:00][sql] SHOW FULL COLUMNS FROM `cmf_hook_plugin` [ RunTime:0.000416s ]
[2024-11-09T19:09:08+08:00][sql] SELECT `hook`,`plugin` FROM `cmf_hook_plugin` WHERE  `status` = 1  AND `hook` IN ('app_begin','module_init','action_begin','view_filter','app_end','log_write','response_end','admin_init','home_init','send_mobile_verification_code','body_start','before_head_end','footer_start','before_footer','before_footer_end','before_body_end','left_sidebar_start','before_left_sidebar_end','right_sidebar_start','before_right_sidebar_end','comment','guestbook','switch_theme','after_content','before_content','log_write_done','switch_admin_theme','captcha_image') ORDER BY `list_order` ASC [ RunTime:0.000393s ]
[2024-11-09T19:09:08+08:00][sql] SHOW FULL COLUMNS FROM `cmf_plugin` [ RunTime:0.000487s ]
[2024-11-09T19:09:08+08:00][sql] SELECT `config` FROM `cmf_plugin` WHERE  `name` = 'Qiniu' LIMIT 1 [ RunTime:0.000250s ]
[2024-11-09T19:09:08+08:00][sql] SHOW FULL COLUMNS FROM `cmf_slide_item` [ RunTime:0.000485s ]
[2024-11-09T19:09:08+08:00][sql] SELECT * FROM `cmf_slide_item` WHERE  ( status='1' and slide_id='6' ) ORDER BY `list_order` ASC [ RunTime:0.000294s ]
[2024-11-09T19:09:08+08:00][sql] CONNECT:[ UseTime:0.000284s ] mysql:host=43.241.16.146;port=3306;dbname=zhibo;charset=utf8mb4
[2024-11-09T19:09:08+08:00][sql] SHOW FULL COLUMNS FROM `cmf_hook` [ RunTime:0.000518s ]
[2024-11-09T19:09:08+08:00][sql] SELECT `hook`,`id` FROM `cmf_hook` WHERE  (  (  `app` = '' OR `app` = 'cmf' )  AND `type` = 3 ) OR `type` = 1 [ RunTime:0.000341s ]
[2024-11-09T19:09:08+08:00][sql] SHOW FULL COLUMNS FROM `cmf_hook_plugin` [ RunTime:0.000461s ]
[2024-11-09T19:09:08+08:00][sql] SELECT `hook`,`plugin` FROM `cmf_hook_plugin` WHERE  `status` = 1  AND `hook` IN ('app_begin','module_init','action_begin','view_filter','app_end','log_write','response_end','admin_init','home_init','send_mobile_verification_code','body_start','before_head_end','footer_start','before_footer','before_footer_end','before_body_end','left_sidebar_start','before_left_sidebar_end','right_sidebar_start','before_right_sidebar_end','comment','guestbook','switch_theme','after_content','before_content','log_write_done','switch_admin_theme','captcha_image') ORDER BY `list_order` ASC [ RunTime:0.000424s ]
[2024-11-09T19:09:08+08:00][sql] SHOW FULL COLUMNS FROM `cmf_plugin` [ RunTime:0.000574s ]
[2024-11-09T19:09:08+08:00][sql] SELECT `config` FROM `cmf_plugin` WHERE  `name` = 'Qiniu' LIMIT 1 [ RunTime:0.000258s ]
[2024-11-09T19:09:08+08:00][sql] SHOW FULL COLUMNS FROM `cmf_theme_file` [ RunTime:0.000473s ]
[2024-11-09T19:09:08+08:00][sql] SELECT `more` FROM `cmf_theme_file` WHERE  `theme` = 'default'  AND (  `is_public` = 1 OR `file` = '../wxshare/user/login' ) [ RunTime:0.000288s ]
[2024-11-09T19:25:00+08:00][sql] CONNECT:[ UseTime:0.000423s ] mysql:host=43.241.16.146;port=3306;dbname=zhibo;charset=utf8mb4
[2024-11-09T19:25:00+08:00][sql] SHOW FULL COLUMNS FROM `cmf_hook` [ RunTime:0.000667s ]
[2024-11-09T19:25:00+08:00][sql] SELECT `hook`,`id` FROM `cmf_hook` WHERE  (  (  `app` = '' OR `app` = 'cmf' )  AND `type` = 3 ) OR `type` = 1 [ RunTime:0.000404s ]
[2024-11-09T19:25:00+08:00][sql] SHOW FULL COLUMNS FROM `cmf_hook_plugin` [ RunTime:0.000479s ]
[2024-11-09T19:25:00+08:00][sql] SELECT `hook`,`plugin` FROM `cmf_hook_plugin` WHERE  `status` = 1  AND `hook` IN ('app_begin','module_init','action_begin','view_filter','app_end','log_write','response_end','admin_init','home_init','send_mobile_verification_code','body_start','before_head_end','footer_start','before_footer','before_footer_end','before_body_end','left_sidebar_start','before_left_sidebar_end','right_sidebar_start','before_right_sidebar_end','comment','guestbook','switch_theme','after_content','before_content','log_write_done','switch_admin_theme','captcha_image') ORDER BY `list_order` ASC [ RunTime:0.000441s ]
[2024-11-09T19:25:00+08:00][sql] SHOW FULL COLUMNS FROM `cmf_plugin` [ RunTime:0.000837s ]
[2024-11-09T19:25:00+08:00][sql] SELECT `config` FROM `cmf_plugin` WHERE  `name` = 'Qiniu' LIMIT 1 [ RunTime:0.000306s ]
[2024-11-09T19:25:00+08:00][sql] SHOW FULL COLUMNS FROM `cmf_live` [ RunTime:0.000607s ]
[2024-11-09T19:25:00+08:00][sql] SELECT * FROM `cmf_live` WHERE  ( islive='1' and isrecommend='1' and type='0' and live_type=0 ) [ RunTime:0.000444s ]
[2024-11-09T19:25:00+08:00][sql] SHOW FULL COLUMNS FROM `cmf_slide_item` [ RunTime:0.000472s ]
[2024-11-09T19:25:00+08:00][sql] SELECT * FROM `cmf_slide_item` WHERE  ( status='1' and slide_id='1' ) ORDER BY `list_order` ASC [ RunTime:0.000326s ]
[2024-11-09T19:25:00+08:00][sql] SHOW FULL COLUMNS FROM `cmf_live_class` [ RunTime:0.000463s ]
[2024-11-09T19:25:00+08:00][sql] SELECT * FROM `cmf_live_class` ORDER BY `list_order` LIMIT 5 [ RunTime:0.000302s ]
[2024-11-09T19:25:00+08:00][sql] SELECT * FROM `cmf_live` WHERE  `islive` = 1  AND `live_type` = 0  AND `liveclassid` = 8 ORDER BY `recommend_time` DESC,`starttime` DESC LIMIT 5 [ RunTime:0.000411s ]
[2024-11-09T19:25:00+08:00][sql] SELECT `uid`,`thumb`,`stream`,`title`,`city`,`islive`,`type` FROM `cmf_live` WHERE  ( islive='1' and ishot='1' and live_type=0 ) ORDER BY `isrecommend` DESC,`recommend_time` DESC,`hotvotes` DESC,`starttime` DESC LIMIT 5 [ RunTime:0.000303s ]
[2024-11-09T19:25:00+08:00][sql] SELECT `uid`,`thumb`,`stream`,`title`,`city`,`islive`,`type` FROM `cmf_live` WHERE  ( islive='1' and live_type=0 ) ORDER BY `starttime` DESC LIMIT 5 [ RunTime:0.000260s ]
[2024-11-09T19:25:00+08:00][sql] SHOW FULL COLUMNS FROM `cmf_theme_file` [ RunTime:0.000478s ]
[2024-11-09T19:25:00+08:00][sql] SELECT `more` FROM `cmf_theme_file` WHERE  `theme` = 'default'  AND (  `is_public` = 1 OR `file` = '../home/index/index' ) [ RunTime:0.000280s ]
[2024-11-09T19:25:01+08:00][sql] CONNECT:[ UseTime:0.000346s ] mysql:host=43.241.16.146;port=3306;dbname=zhibo;charset=utf8mb4
[2024-11-09T19:25:01+08:00][sql] SHOW FULL COLUMNS FROM `cmf_hook` [ RunTime:0.000521s ]
[2024-11-09T19:25:01+08:00][sql] SELECT `hook`,`id` FROM `cmf_hook` WHERE  (  (  `app` = '' OR `app` = 'cmf' )  AND `type` = 3 ) OR `type` = 1 [ RunTime:0.000348s ]
[2024-11-09T19:25:01+08:00][sql] SHOW FULL COLUMNS FROM `cmf_hook_plugin` [ RunTime:0.000434s ]
[2024-11-09T19:25:01+08:00][sql] SELECT `hook`,`plugin` FROM `cmf_hook_plugin` WHERE  `status` = 1  AND `hook` IN ('app_begin','module_init','action_begin','view_filter','app_end','log_write','response_end','admin_init','home_init','send_mobile_verification_code','body_start','before_head_end','footer_start','before_footer','before_footer_end','before_body_end','left_sidebar_start','before_left_sidebar_end','right_sidebar_start','before_right_sidebar_end','comment','guestbook','switch_theme','after_content','before_content','log_write_done','switch_admin_theme','captcha_image') ORDER BY `list_order` ASC [ RunTime:0.000415s ]
[2024-11-09T19:25:01+08:00][sql] SHOW FULL COLUMNS FROM `cmf_plugin` [ RunTime:0.000618s ]
[2024-11-09T19:25:01+08:00][sql] SELECT `config` FROM `cmf_plugin` WHERE  `name` = 'Qiniu' LIMIT 1 [ RunTime:0.000264s ]
[2024-11-09T19:25:01+08:00][sql] SHOW FULL COLUMNS FROM `cmf_slide_item` [ RunTime:0.000519s ]
[2024-11-09T19:25:01+08:00][sql] SELECT * FROM `cmf_slide_item` WHERE  ( status='1' and slide_id='6' ) ORDER BY `list_order` ASC [ RunTime:0.000313s ]
[2024-11-09T19:25:01+08:00][sql] SHOW FULL COLUMNS FROM `cmf_live` [ RunTime:0.000611s ]
[2024-11-09T19:25:01+08:00][sql] SELECT `uid`,`title`,`city`,`stream`,`pull`,`thumb`,`type` FROM `cmf_live` WHERE  `islive` = 1  AND `live_type` = 0  AND `ishot` = 1 ORDER BY `recommend_time` DESC,`starttime` DESC LIMIT 0,20 [ RunTime:0.000349s ]
[2024-11-09T19:25:01+08:00][sql] SHOW FULL COLUMNS FROM `cmf_theme_file` [ RunTime:0.000519s ]
[2024-11-09T19:25:01+08:00][sql] SELECT `more` FROM `cmf_theme_file` WHERE  `theme` = 'default'  AND (  `is_public` = 1 OR `file` = '../wxshare/share/index' ) [ RunTime:0.000295s ]
[2024-11-09T19:25:06+08:00][sql] CONNECT:[ UseTime:0.000291s ] mysql:host=43.241.16.146;port=3306;dbname=zhibo;charset=utf8mb4
[2024-11-09T19:25:06+08:00][sql] SHOW FULL COLUMNS FROM `cmf_hook` [ RunTime:0.000514s ]
[2024-11-09T19:25:06+08:00][sql] SELECT `hook`,`id` FROM `cmf_hook` WHERE  (  (  `app` = '' OR `app` = 'cmf' )  AND `type` = 3 ) OR `type` = 1 [ RunTime:0.000336s ]
[2024-11-09T19:25:06+08:00][sql] SHOW FULL COLUMNS FROM `cmf_hook_plugin` [ RunTime:0.000463s ]
[2024-11-09T19:25:06+08:00][sql] SELECT `hook`,`plugin` FROM `cmf_hook_plugin` WHERE  `status` = 1  AND `hook` IN ('app_begin','module_init','action_begin','view_filter','app_end','log_write','response_end','admin_init','home_init','send_mobile_verification_code','body_start','before_head_end','footer_start','before_footer','before_footer_end','before_body_end','left_sidebar_start','before_left_sidebar_end','right_sidebar_start','before_right_sidebar_end','comment','guestbook','switch_theme','after_content','before_content','log_write_done','switch_admin_theme','captcha_image') ORDER BY `list_order` ASC [ RunTime:0.000420s ]
[2024-11-09T19:25:06+08:00][sql] SHOW FULL COLUMNS FROM `cmf_plugin` [ RunTime:0.000659s ]
[2024-11-09T19:25:06+08:00][sql] SELECT `config` FROM `cmf_plugin` WHERE  `name` = 'Qiniu' LIMIT 1 [ RunTime:0.000284s ]
[2024-11-09T19:25:06+08:00][sql] CONNECT:[ UseTime:0.000275s ] mysql:host=43.241.16.146;port=3306;dbname=zhibo;charset=utf8mb4
[2024-11-09T19:25:06+08:00][sql] SHOW FULL COLUMNS FROM `cmf_hook` [ RunTime:0.000481s ]
[2024-11-09T19:25:06+08:00][sql] SELECT `hook`,`id` FROM `cmf_hook` WHERE  (  (  `app` = '' OR `app` = 'cmf' )  AND `type` = 3 ) OR `type` = 1 [ RunTime:0.000361s ]
[2024-11-09T19:25:06+08:00][sql] SHOW FULL COLUMNS FROM `cmf_hook_plugin` [ RunTime:0.000439s ]
[2024-11-09T19:25:06+08:00][sql] SELECT `hook`,`plugin` FROM `cmf_hook_plugin` WHERE  `status` = 1  AND `hook` IN ('app_begin','module_init','action_begin','view_filter','app_end','log_write','response_end','admin_init','home_init','send_mobile_verification_code','body_start','before_head_end','footer_start','before_footer','before_footer_end','before_body_end','left_sidebar_start','before_left_sidebar_end','right_sidebar_start','before_right_sidebar_end','comment','guestbook','switch_theme','after_content','before_content','log_write_done','switch_admin_theme','captcha_image') ORDER BY `list_order` ASC [ RunTime:0.000406s ]
[2024-11-09T19:25:06+08:00][sql] SHOW FULL COLUMNS FROM `cmf_plugin` [ RunTime:0.000605s ]
[2024-11-09T19:25:06+08:00][sql] SELECT `config` FROM `cmf_plugin` WHERE  `name` = 'Qiniu' LIMIT 1 [ RunTime:0.000259s ]
[2024-11-09T19:25:06+08:00][sql] SHOW FULL COLUMNS FROM `cmf_theme_file` [ RunTime:0.000473s ]
[2024-11-09T19:25:06+08:00][sql] SELECT `more` FROM `cmf_theme_file` WHERE  `theme` = 'default'  AND (  `is_public` = 1 OR `file` = '../wxshare/user/login' ) [ RunTime:0.000290s ]
[2024-11-09T19:25:09+08:00][sql] CONNECT:[ UseTime:0.000281s ] mysql:host=43.241.16.146;port=3306;dbname=zhibo;charset=utf8mb4
[2024-11-09T19:25:09+08:00][sql] SHOW FULL COLUMNS FROM `cmf_hook` [ RunTime:0.000485s ]
[2024-11-09T19:25:09+08:00][sql] SELECT `hook`,`id` FROM `cmf_hook` WHERE  (  (  `app` = '' OR `app` = 'cmf' )  AND `type` = 3 ) OR `type` = 1 [ RunTime:0.000334s ]
[2024-11-09T19:25:09+08:00][sql] SHOW FULL COLUMNS FROM `cmf_hook_plugin` [ RunTime:0.000464s ]
[2024-11-09T19:25:09+08:00][sql] SELECT `hook`,`plugin` FROM `cmf_hook_plugin` WHERE  `status` = 1  AND `hook` IN ('app_begin','module_init','action_begin','view_filter','app_end','log_write','response_end','admin_init','home_init','send_mobile_verification_code','body_start','before_head_end','footer_start','before_footer','before_footer_end','before_body_end','left_sidebar_start','before_left_sidebar_end','right_sidebar_start','before_right_sidebar_end','comment','guestbook','switch_theme','after_content','before_content','log_write_done','switch_admin_theme','captcha_image') ORDER BY `list_order` ASC [ RunTime:0.000406s ]
[2024-11-09T19:25:09+08:00][sql] SHOW FULL COLUMNS FROM `cmf_plugin` [ RunTime:0.000643s ]
[2024-11-09T19:25:09+08:00][sql] SELECT `config` FROM `cmf_plugin` WHERE  `name` = 'Qiniu' LIMIT 1 [ RunTime:0.000273s ]
[2024-11-09T19:25:18+08:00][sql] CONNECT:[ UseTime:0.000311s ] mysql:host=43.241.16.146;port=3306;dbname=zhibo;charset=utf8mb4
[2024-11-09T19:25:18+08:00][sql] SHOW FULL COLUMNS FROM `cmf_hook` [ RunTime:0.000525s ]
[2024-11-09T19:25:18+08:00][sql] SELECT `hook`,`id` FROM `cmf_hook` WHERE  (  (  `app` = '' OR `app` = 'cmf' )  AND `type` = 3 ) OR `type` = 1 [ RunTime:0.000349s ]
[2024-11-09T19:25:18+08:00][sql] SHOW FULL COLUMNS FROM `cmf_hook_plugin` [ RunTime:0.000436s ]
[2024-11-09T19:25:18+08:00][sql] SELECT `hook`,`plugin` FROM `cmf_hook_plugin` WHERE  `status` = 1  AND `hook` IN ('app_begin','module_init','action_begin','view_filter','app_end','log_write','response_end','admin_init','home_init','send_mobile_verification_code','body_start','before_head_end','footer_start','before_footer','before_footer_end','before_body_end','left_sidebar_start','before_left_sidebar_end','right_sidebar_start','before_right_sidebar_end','comment','guestbook','switch_theme','after_content','before_content','log_write_done','switch_admin_theme','captcha_image') ORDER BY `list_order` ASC [ RunTime:0.000400s ]
[2024-11-09T19:25:18+08:00][sql] SHOW FULL COLUMNS FROM `cmf_plugin` [ RunTime:0.000694s ]
[2024-11-09T19:25:18+08:00][sql] SELECT `config` FROM `cmf_plugin` WHERE  `name` = 'Qiniu' LIMIT 1 [ RunTime:0.000304s ]
[2024-11-09T19:25:18+08:00][sql] SHOW FULL COLUMNS FROM `cmf_live` [ RunTime:0.000661s ]
[2024-11-09T19:25:18+08:00][sql] SELECT * FROM `cmf_live` WHERE  ( islive='1' and isrecommend='1' and type='0' and live_type=0 ) [ RunTime:0.000443s ]
[2024-11-09T19:25:18+08:00][sql] SHOW FULL COLUMNS FROM `cmf_slide_item` [ RunTime:0.000526s ]
[2024-11-09T19:25:18+08:00][sql] SELECT * FROM `cmf_slide_item` WHERE  ( status='1' and slide_id='1' ) ORDER BY `list_order` ASC [ RunTime:0.000324s ]
[2024-11-09T19:25:18+08:00][sql] SHOW FULL COLUMNS FROM `cmf_live_class` [ RunTime:0.000513s ]
[2024-11-09T19:25:18+08:00][sql] SELECT * FROM `cmf_live_class` ORDER BY `list_order` LIMIT 5 [ RunTime:0.000293s ]
[2024-11-09T19:25:18+08:00][sql] SELECT * FROM `cmf_live` WHERE  `islive` = 1  AND `live_type` = 0  AND `liveclassid` = 8 ORDER BY `recommend_time` DESC,`starttime` DESC LIMIT 5 [ RunTime:0.000426s ]
[2024-11-09T19:25:18+08:00][sql] SELECT `uid`,`thumb`,`stream`,`title`,`city`,`islive`,`type` FROM `cmf_live` WHERE  ( islive='1' and ishot='1' and live_type=0 ) ORDER BY `isrecommend` DESC,`recommend_time` DESC,`hotvotes` DESC,`starttime` DESC LIMIT 5 [ RunTime:0.000320s ]
[2024-11-09T19:25:18+08:00][sql] SELECT `uid`,`thumb`,`stream`,`title`,`city`,`islive`,`type` FROM `cmf_live` WHERE  ( islive='1' and live_type=0 ) ORDER BY `starttime` DESC LIMIT 5 [ RunTime:0.000266s ]
[2024-11-09T19:25:18+08:00][sql] SHOW FULL COLUMNS FROM `cmf_theme_file` [ RunTime:0.000538s ]
[2024-11-09T19:25:18+08:00][sql] SELECT `more` FROM `cmf_theme_file` WHERE  `theme` = 'default'  AND (  `is_public` = 1 OR `file` = '../home/index/index' ) [ RunTime:0.000295s ]
[2024-11-09T19:25:19+08:00][sql] CONNECT:[ UseTime:0.000274s ] mysql:host=43.241.16.146;port=3306;dbname=zhibo;charset=utf8mb4
[2024-11-09T19:25:19+08:00][sql] SHOW FULL COLUMNS FROM `cmf_hook` [ RunTime:0.000511s ]
[2024-11-09T19:25:19+08:00][sql] SELECT `hook`,`id` FROM `cmf_hook` WHERE  (  (  `app` = '' OR `app` = 'cmf' )  AND `type` = 3 ) OR `type` = 1 [ RunTime:0.000337s ]
[2024-11-09T19:25:19+08:00][sql] SHOW FULL COLUMNS FROM `cmf_hook_plugin` [ RunTime:0.000431s ]
[2024-11-09T19:25:19+08:00][sql] SELECT `hook`,`plugin` FROM `cmf_hook_plugin` WHERE  `status` = 1  AND `hook` IN ('app_begin','module_init','action_begin','view_filter','app_end','log_write','response_end','admin_init','home_init','send_mobile_verification_code','body_start','before_head_end','footer_start','before_footer','before_footer_end','before_body_end','left_sidebar_start','before_left_sidebar_end','right_sidebar_start','before_right_sidebar_end','comment','guestbook','switch_theme','after_content','before_content','log_write_done','switch_admin_theme','captcha_image') ORDER BY `list_order` ASC [ RunTime:0.000404s ]
[2024-11-09T19:25:19+08:00][sql] SHOW FULL COLUMNS FROM `cmf_plugin` [ RunTime:0.000558s ]
[2024-11-09T19:25:19+08:00][sql] SELECT `config` FROM `cmf_plugin` WHERE  `name` = 'Qiniu' LIMIT 1 [ RunTime:0.000256s ]
[2024-11-09T19:25:19+08:00][sql] SHOW FULL COLUMNS FROM `cmf_slide_item` [ RunTime:0.000579s ]
[2024-11-09T19:25:19+08:00][sql] SELECT * FROM `cmf_slide_item` WHERE  ( status='1' and slide_id='6' ) ORDER BY `list_order` ASC [ RunTime:0.000327s ]
[2024-11-09T19:25:19+08:00][sql] SHOW FULL COLUMNS FROM `cmf_live` [ RunTime:0.000599s ]
[2024-11-09T19:25:19+08:00][sql] SELECT `uid`,`title`,`city`,`stream`,`pull`,`thumb`,`type` FROM `cmf_live` WHERE  `islive` = 1  AND `live_type` = 0  AND `ishot` = 1 ORDER BY `recommend_time` DESC,`starttime` DESC LIMIT 0,20 [ RunTime:0.000355s ]
[2024-11-09T19:25:19+08:00][sql] SHOW FULL COLUMNS FROM `cmf_theme_file` [ RunTime:0.000495s ]
[2024-11-09T19:25:19+08:00][sql] SELECT `more` FROM `cmf_theme_file` WHERE  `theme` = 'default'  AND (  `is_public` = 1 OR `file` = '../wxshare/share/index' ) [ RunTime:0.000286s ]
[2024-11-09T19:25:20+08:00][sql] CONNECT:[ UseTime:0.000287s ] mysql:host=43.241.16.146;port=3306;dbname=zhibo;charset=utf8mb4
[2024-11-09T19:25:20+08:00][sql] SHOW FULL COLUMNS FROM `cmf_hook` [ RunTime:0.000516s ]
[2024-11-09T19:25:20+08:00][sql] SELECT `hook`,`id` FROM `cmf_hook` WHERE  (  (  `app` = '' OR `app` = 'cmf' )  AND `type` = 3 ) OR `type` = 1 [ RunTime:0.000340s ]
[2024-11-09T19:25:20+08:00][sql] SHOW FULL COLUMNS FROM `cmf_hook_plugin` [ RunTime:0.000435s ]
[2024-11-09T19:25:20+08:00][sql] SELECT `hook`,`plugin` FROM `cmf_hook_plugin` WHERE  `status` = 1  AND `hook` IN ('app_begin','module_init','action_begin','view_filter','app_end','log_write','response_end','admin_init','home_init','send_mobile_verification_code','body_start','before_head_end','footer_start','before_footer','before_footer_end','before_body_end','left_sidebar_start','before_left_sidebar_end','right_sidebar_start','before_right_sidebar_end','comment','guestbook','switch_theme','after_content','before_content','log_write_done','switch_admin_theme','captcha_image') ORDER BY `list_order` ASC [ RunTime:0.000409s ]
[2024-11-09T19:25:21+08:00][sql] CONNECT:[ UseTime:0.000280s ] mysql:host=43.241.16.146;port=3306;dbname=zhibo;charset=utf8mb4
[2024-11-09T19:25:21+08:00][sql] SHOW FULL COLUMNS FROM `cmf_hook` [ RunTime:0.000516s ]
[2024-11-09T19:25:21+08:00][sql] SELECT `hook`,`id` FROM `cmf_hook` WHERE  (  (  `app` = '' OR `app` = 'cmf' )  AND `type` = 3 ) OR `type` = 1 [ RunTime:0.000342s ]
[2024-11-09T19:25:21+08:00][sql] SHOW FULL COLUMNS FROM `cmf_hook_plugin` [ RunTime:0.000442s ]
[2024-11-09T19:25:21+08:00][sql] SELECT `hook`,`plugin` FROM `cmf_hook_plugin` WHERE  `status` = 1  AND `hook` IN ('app_begin','module_init','action_begin','view_filter','app_end','log_write','response_end','admin_init','home_init','send_mobile_verification_code','body_start','before_head_end','footer_start','before_footer','before_footer_end','before_body_end','left_sidebar_start','before_left_sidebar_end','right_sidebar_start','before_right_sidebar_end','comment','guestbook','switch_theme','after_content','before_content','log_write_done','switch_admin_theme','captcha_image') ORDER BY `list_order` ASC [ RunTime:0.000407s ]
[2024-11-09T19:25:21+08:00][sql] SHOW FULL COLUMNS FROM `cmf_plugin` [ RunTime:0.000549s ]
[2024-11-09T19:25:21+08:00][sql] SELECT `config` FROM `cmf_plugin` WHERE  `name` = 'Qiniu' LIMIT 1 [ RunTime:0.000253s ]
[2024-11-09T19:25:21+08:00][sql] CONNECT:[ UseTime:0.000287s ] mysql:host=43.241.16.146;port=3306;dbname=zhibo;charset=utf8mb4
[2024-11-09T19:25:21+08:00][sql] SHOW FULL COLUMNS FROM `cmf_hook` [ RunTime:0.000492s ]
[2024-11-09T19:25:21+08:00][sql] SELECT `hook`,`id` FROM `cmf_hook` WHERE  (  (  `app` = '' OR `app` = 'cmf' )  AND `type` = 3 ) OR `type` = 1 [ RunTime:0.000346s ]
[2024-11-09T19:25:21+08:00][sql] SHOW FULL COLUMNS FROM `cmf_hook_plugin` [ RunTime:0.000425s ]
[2024-11-09T19:25:21+08:00][sql] SELECT `hook`,`plugin` FROM `cmf_hook_plugin` WHERE  `status` = 1  AND `hook` IN ('app_begin','module_init','action_begin','view_filter','app_end','log_write','response_end','admin_init','home_init','send_mobile_verification_code','body_start','before_head_end','footer_start','before_footer','before_footer_end','before_body_end','left_sidebar_start','before_left_sidebar_end','right_sidebar_start','before_right_sidebar_end','comment','guestbook','switch_theme','after_content','before_content','log_write_done','switch_admin_theme','captcha_image') ORDER BY `list_order` ASC [ RunTime:0.000390s ]
[2024-11-09T19:25:21+08:00][sql] SHOW FULL COLUMNS FROM `cmf_plugin` [ RunTime:0.000712s ]
[2024-11-09T19:25:21+08:00][sql] SELECT `config` FROM `cmf_plugin` WHERE  `name` = 'Qiniu' LIMIT 1 [ RunTime:0.000279s ]
[2024-11-09T19:25:21+08:00][sql] SHOW FULL COLUMNS FROM `cmf_theme_file` [ RunTime:0.000478s ]
[2024-11-09T19:25:21+08:00][sql] SELECT `more` FROM `cmf_theme_file` WHERE  `theme` = 'default'  AND (  `is_public` = 1 OR `file` = '../wxshare/user/login' ) [ RunTime:0.000291s ]
[2024-11-09T19:25:26+08:00][sql] CONNECT:[ UseTime:0.000276s ] mysql:host=43.241.16.146;port=3306;dbname=zhibo;charset=utf8mb4
[2024-11-09T19:25:26+08:00][sql] SHOW FULL COLUMNS FROM `cmf_hook` [ RunTime:0.000473s ]
[2024-11-09T19:25:26+08:00][sql] SELECT `hook`,`id` FROM `cmf_hook` WHERE  (  (  `app` = '' OR `app` = 'cmf' )  AND `type` = 3 ) OR `type` = 1 [ RunTime:0.000334s ]
[2024-11-09T19:25:26+08:00][sql] SHOW FULL COLUMNS FROM `cmf_hook_plugin` [ RunTime:0.000438s ]
[2024-11-09T19:25:26+08:00][sql] SELECT `hook`,`plugin` FROM `cmf_hook_plugin` WHERE  `status` = 1  AND `hook` IN ('app_begin','module_init','action_begin','view_filter','app_end','log_write','response_end','admin_init','home_init','send_mobile_verification_code','body_start','before_head_end','footer_start','before_footer','before_footer_end','before_body_end','left_sidebar_start','before_left_sidebar_end','right_sidebar_start','before_right_sidebar_end','comment','guestbook','switch_theme','after_content','before_content','log_write_done','switch_admin_theme','captcha_image') ORDER BY `list_order` ASC [ RunTime:0.000394s ]
[2024-11-09T19:25:26+08:00][sql] SHOW FULL COLUMNS FROM `cmf_plugin` [ RunTime:0.000681s ]
[2024-11-09T19:25:26+08:00][sql] SELECT `config` FROM `cmf_plugin` WHERE  `name` = 'Qiniu' LIMIT 1 [ RunTime:0.000294s ]
[2024-11-09T19:25:26+08:00][sql] SHOW FULL COLUMNS FROM `cmf_theme_file` [ RunTime:0.000480s ]
[2024-11-09T19:25:26+08:00][sql] SELECT `more` FROM `cmf_theme_file` WHERE  `theme` = 'default'  AND (  `is_public` = 1 OR `file` = '../wxshare/user/lreg' ) [ RunTime:0.000303s ]
[2024-11-09T19:25:39+08:00][sql] CONNECT:[ UseTime:0.000362s ] mysql:host=43.241.16.146;port=3306;dbname=zhibo;charset=utf8mb4
[2024-11-09T19:25:39+08:00][sql] SHOW FULL COLUMNS FROM `cmf_hook` [ RunTime:0.000614s ]
[2024-11-09T19:25:39+08:00][sql] SELECT `hook`,`id` FROM `cmf_hook` WHERE  (  (  `app` = '' OR `app` = 'cmf' )  AND `type` = 3 ) OR `type` = 1 [ RunTime:0.000382s ]
[2024-11-09T19:25:39+08:00][sql] SHOW FULL COLUMNS FROM `cmf_hook_plugin` [ RunTime:0.000444s ]
[2024-11-09T19:25:39+08:00][sql] SELECT `hook`,`plugin` FROM `cmf_hook_plugin` WHERE  `status` = 1  AND `hook` IN ('app_begin','module_init','action_begin','view_filter','app_end','log_write','response_end','admin_init','home_init','send_mobile_verification_code','body_start','before_head_end','footer_start','before_footer','before_footer_end','before_body_end','left_sidebar_start','before_left_sidebar_end','right_sidebar_start','before_right_sidebar_end','comment','guestbook','switch_theme','after_content','before_content','log_write_done','switch_admin_theme','captcha_image') ORDER BY `list_order` ASC [ RunTime:0.000411s ]
[2024-11-09T19:25:39+08:00][sql] SHOW FULL COLUMNS FROM `cmf_plugin` [ RunTime:0.000741s ]
[2024-11-09T19:25:39+08:00][sql] SELECT `config` FROM `cmf_plugin` WHERE  `name` = 'Qiniu' LIMIT 1 [ RunTime:0.000310s ]
[2024-11-09T19:25:39+08:00][sql] SHOW FULL COLUMNS FROM `cmf_live` [ RunTime:0.000601s ]
[2024-11-09T19:25:39+08:00][sql] SELECT * FROM `cmf_live` WHERE  ( islive='1' and isrecommend='1' and type='0' and live_type=0 ) [ RunTime:0.000456s ]
[2024-11-09T19:25:39+08:00][sql] SHOW FULL COLUMNS FROM `cmf_slide_item` [ RunTime:0.000480s ]
[2024-11-09T19:25:39+08:00][sql] SELECT * FROM `cmf_slide_item` WHERE  ( status='1' and slide_id='1' ) ORDER BY `list_order` ASC [ RunTime:0.000329s ]
[2024-11-09T19:25:39+08:00][sql] SHOW FULL COLUMNS FROM `cmf_live_class` [ RunTime:0.000477s ]
[2024-11-09T19:25:39+08:00][sql] SELECT * FROM `cmf_live_class` ORDER BY `list_order` LIMIT 5 [ RunTime:0.000302s ]
[2024-11-09T19:25:39+08:00][sql] SELECT * FROM `cmf_live` WHERE  `islive` = 1  AND `live_type` = 0  AND `liveclassid` = 8 ORDER BY `recommend_time` DESC,`starttime` DESC LIMIT 5 [ RunTime:0.000423s ]
[2024-11-09T19:25:39+08:00][sql] SELECT `uid`,`thumb`,`stream`,`title`,`city`,`islive`,`type` FROM `cmf_live` WHERE  ( islive='1' and ishot='1' and live_type=0 ) ORDER BY `isrecommend` DESC,`recommend_time` DESC,`hotvotes` DESC,`starttime` DESC LIMIT 5 [ RunTime:0.000319s ]
[2024-11-09T19:25:39+08:00][sql] SELECT `uid`,`thumb`,`stream`,`title`,`city`,`islive`,`type` FROM `cmf_live` WHERE  ( islive='1' and live_type=0 ) ORDER BY `starttime` DESC LIMIT 5 [ RunTime:0.000276s ]
[2024-11-09T19:25:39+08:00][sql] SHOW FULL COLUMNS FROM `cmf_theme_file` [ RunTime:0.000488s ]
[2024-11-09T19:25:39+08:00][sql] SELECT `more` FROM `cmf_theme_file` WHERE  `theme` = 'default'  AND (  `is_public` = 1 OR `file` = '../home/index/index' ) [ RunTime:0.000288s ]
[2024-11-09T19:25:40+08:00][sql] CONNECT:[ UseTime:0.000279s ] mysql:host=43.241.16.146;port=3306;dbname=zhibo;charset=utf8mb4
[2024-11-09T19:25:40+08:00][sql] SHOW FULL COLUMNS FROM `cmf_hook` [ RunTime:0.000519s ]
[2024-11-09T19:25:40+08:00][sql] SELECT `hook`,`id` FROM `cmf_hook` WHERE  (  (  `app` = '' OR `app` = 'cmf' )  AND `type` = 3 ) OR `type` = 1 [ RunTime:0.000334s ]
[2024-11-09T19:25:40+08:00][sql] SHOW FULL COLUMNS FROM `cmf_hook_plugin` [ RunTime:0.000433s ]
[2024-11-09T19:25:40+08:00][sql] SELECT `hook`,`plugin` FROM `cmf_hook_plugin` WHERE  `status` = 1  AND `hook` IN ('app_begin','module_init','action_begin','view_filter','app_end','log_write','response_end','admin_init','home_init','send_mobile_verification_code','body_start','before_head_end','footer_start','before_footer','before_footer_end','before_body_end','left_sidebar_start','before_left_sidebar_end','right_sidebar_start','before_right_sidebar_end','comment','guestbook','switch_theme','after_content','before_content','log_write_done','switch_admin_theme','captcha_image') ORDER BY `list_order` ASC [ RunTime:0.000411s ]
[2024-11-09T19:25:40+08:00][sql] SHOW FULL COLUMNS FROM `cmf_plugin` [ RunTime:0.000578s ]
[2024-11-09T19:25:40+08:00][sql] SELECT `config` FROM `cmf_plugin` WHERE  `name` = 'Qiniu' LIMIT 1 [ RunTime:0.000254s ]
[2024-11-09T19:25:40+08:00][sql] SHOW FULL COLUMNS FROM `cmf_slide_item` [ RunTime:0.000478s ]
[2024-11-09T19:25:40+08:00][sql] SELECT * FROM `cmf_slide_item` WHERE  ( status='1' and slide_id='6' ) ORDER BY `list_order` ASC [ RunTime:0.000322s ]
[2024-11-09T19:25:40+08:00][sql] SHOW FULL COLUMNS FROM `cmf_live` [ RunTime:0.000592s ]
[2024-11-09T19:25:40+08:00][sql] SELECT `uid`,`title`,`city`,`stream`,`pull`,`thumb`,`type` FROM `cmf_live` WHERE  `islive` = 1  AND `live_type` = 0  AND `ishot` = 1 ORDER BY `recommend_time` DESC,`starttime` DESC LIMIT 0,20 [ RunTime:0.000342s ]
[2024-11-09T19:25:40+08:00][sql] SHOW FULL COLUMNS FROM `cmf_theme_file` [ RunTime:0.000480s ]
[2024-11-09T19:25:40+08:00][sql] SELECT `more` FROM `cmf_theme_file` WHERE  `theme` = 'default'  AND (  `is_public` = 1 OR `file` = '../wxshare/share/index' ) [ RunTime:0.000285s ]
[2024-11-09T19:25:45+08:00][sql] CONNECT:[ UseTime:0.000286s ] mysql:host=43.241.16.146;port=3306;dbname=zhibo;charset=utf8mb4
[2024-11-09T19:25:45+08:00][sql] SHOW FULL COLUMNS FROM `cmf_hook` [ RunTime:0.000542s ]
[2024-11-09T19:25:45+08:00][sql] SELECT `hook`,`id` FROM `cmf_hook` WHERE  (  (  `app` = '' OR `app` = 'cmf' )  AND `type` = 3 ) OR `type` = 1 [ RunTime:0.000342s ]
[2024-11-09T19:25:45+08:00][sql] SHOW FULL COLUMNS FROM `cmf_hook_plugin` [ RunTime:0.000435s ]
[2024-11-09T19:25:45+08:00][sql] SELECT `hook`,`plugin` FROM `cmf_hook_plugin` WHERE  `status` = 1  AND `hook` IN ('app_begin','module_init','action_begin','view_filter','app_end','log_write','response_end','admin_init','home_init','send_mobile_verification_code','body_start','before_head_end','footer_start','before_footer','before_footer_end','before_body_end','left_sidebar_start','before_left_sidebar_end','right_sidebar_start','before_right_sidebar_end','comment','guestbook','switch_theme','after_content','before_content','log_write_done','switch_admin_theme','captcha_image') ORDER BY `list_order` ASC [ RunTime:0.000406s ]
[2024-11-09T19:25:45+08:00][sql] SHOW FULL COLUMNS FROM `cmf_plugin` [ RunTime:0.000557s ]
[2024-11-09T19:25:45+08:00][sql] SELECT `config` FROM `cmf_plugin` WHERE  `name` = 'Qiniu' LIMIT 1 [ RunTime:0.000276s ]
[2024-11-09T19:25:45+08:00][sql] SHOW FULL COLUMNS FROM `cmf_slide_item` [ RunTime:0.000689s ]
[2024-11-09T19:25:45+08:00][sql] SELECT * FROM `cmf_slide_item` WHERE  ( status='1' and slide_id='6' ) ORDER BY `list_order` ASC [ RunTime:0.000357s ]
[2024-11-09T19:25:45+08:00][sql] SHOW FULL COLUMNS FROM `cmf_live` [ RunTime:0.000652s ]
[2024-11-09T19:25:45+08:00][sql] SELECT `uid`,`title`,`city`,`stream`,`pull`,`thumb`,`type` FROM `cmf_live` WHERE  `islive` = 1  AND `live_type` = 0 ORDER BY `starttime` DESC LIMIT 0,20 [ RunTime:0.000329s ]
[2024-11-09T19:25:45+08:00][sql] SHOW FULL COLUMNS FROM `cmf_theme_file` [ RunTime:0.000524s ]
[2024-11-09T19:25:45+08:00][sql] SELECT `more` FROM `cmf_theme_file` WHERE  `theme` = 'default'  AND (  `is_public` = 1 OR `file` = '../wxshare/share/index' ) [ RunTime:0.000295s ]
[2024-11-09T19:25:47+08:00][sql] CONNECT:[ UseTime:0.000288s ] mysql:host=43.241.16.146;port=3306;dbname=zhibo;charset=utf8mb4
[2024-11-09T19:25:47+08:00][sql] SHOW FULL COLUMNS FROM `cmf_hook` [ RunTime:0.000509s ]
[2024-11-09T19:25:47+08:00][sql] SELECT `hook`,`id` FROM `cmf_hook` WHERE  (  (  `app` = '' OR `app` = 'cmf' )  AND `type` = 3 ) OR `type` = 1 [ RunTime:0.000346s ]
[2024-11-09T19:25:47+08:00][sql] SHOW FULL COLUMNS FROM `cmf_hook_plugin` [ RunTime:0.000436s ]
[2024-11-09T19:25:47+08:00][sql] SELECT `hook`,`plugin` FROM `cmf_hook_plugin` WHERE  `status` = 1  AND `hook` IN ('app_begin','module_init','action_begin','view_filter','app_end','log_write','response_end','admin_init','home_init','send_mobile_verification_code','body_start','before_head_end','footer_start','before_footer','before_footer_end','before_body_end','left_sidebar_start','before_left_sidebar_end','right_sidebar_start','before_right_sidebar_end','comment','guestbook','switch_theme','after_content','before_content','log_write_done','switch_admin_theme','captcha_image') ORDER BY `list_order` ASC [ RunTime:0.000399s ]
[2024-11-09T19:25:47+08:00][sql] SHOW FULL COLUMNS FROM `cmf_plugin` [ RunTime:0.000554s ]
[2024-11-09T19:25:47+08:00][sql] SELECT `config` FROM `cmf_plugin` WHERE  `name` = 'Qiniu' LIMIT 1 [ RunTime:0.000256s ]
[2024-11-09T19:25:47+08:00][sql] SHOW FULL COLUMNS FROM `cmf_slide_item` [ RunTime:0.000574s ]
[2024-11-09T19:25:47+08:00][sql] SELECT * FROM `cmf_slide_item` WHERE  ( status='1' and slide_id='6' ) ORDER BY `list_order` ASC [ RunTime:0.000321s ]
[2024-11-09T19:25:47+08:00][sql] SHOW FULL COLUMNS FROM `cmf_live` [ RunTime:0.000592s ]
[2024-11-09T19:25:47+08:00][sql] SELECT `uid`,`title`,`city`,`stream`,`pull`,`thumb`,`type` FROM `cmf_live` WHERE  `islive` = 1  AND `live_type` = 0  AND `ishot` = 1 ORDER BY `recommend_time` DESC,`starttime` DESC LIMIT 0,20 [ RunTime:0.000349s ]
[2024-11-09T19:25:47+08:00][sql] SHOW FULL COLUMNS FROM `cmf_theme_file` [ RunTime:0.000482s ]
[2024-11-09T19:25:47+08:00][sql] SELECT `more` FROM `cmf_theme_file` WHERE  `theme` = 'default'  AND (  `is_public` = 1 OR `file` = '../wxshare/share/index' ) [ RunTime:0.000285s ]
[2024-11-09T19:25:49+08:00][sql] CONNECT:[ UseTime:0.000321s ] mysql:host=43.241.16.146;port=3306;dbname=zhibo;charset=utf8mb4
[2024-11-09T19:25:49+08:00][sql] SHOW FULL COLUMNS FROM `cmf_hook` [ RunTime:0.000498s ]
[2024-11-09T19:25:49+08:00][sql] SELECT `hook`,`id` FROM `cmf_hook` WHERE  (  (  `app` = '' OR `app` = 'cmf' )  AND `type` = 3 ) OR `type` = 1 [ RunTime:0.000355s ]
[2024-11-09T19:25:49+08:00][sql] SHOW FULL COLUMNS FROM `cmf_hook_plugin` [ RunTime:0.000431s ]
[2024-11-09T19:25:49+08:00][sql] SELECT `hook`,`plugin` FROM `cmf_hook_plugin` WHERE  `status` = 1  AND `hook` IN ('app_begin','module_init','action_begin','view_filter','app_end','log_write','response_end','admin_init','home_init','send_mobile_verification_code','body_start','before_head_end','footer_start','before_footer','before_footer_end','before_body_end','left_sidebar_start','before_left_sidebar_end','right_sidebar_start','before_right_sidebar_end','comment','guestbook','switch_theme','after_content','before_content','log_write_done','switch_admin_theme','captcha_image') ORDER BY `list_order` ASC [ RunTime:0.000409s ]
[2024-11-09T19:25:49+08:00][sql] SHOW FULL COLUMNS FROM `cmf_plugin` [ RunTime:0.000645s ]
[2024-11-09T19:25:49+08:00][sql] SELECT `config` FROM `cmf_plugin` WHERE  `name` = 'Qiniu' LIMIT 1 [ RunTime:0.000274s ]
[2024-11-09T19:25:49+08:00][sql] SHOW FULL COLUMNS FROM `cmf_slide_item` [ RunTime:0.000479s ]
[2024-11-09T19:25:49+08:00][sql] SELECT * FROM `cmf_slide_item` WHERE  ( status='1' and slide_id='6' ) ORDER BY `list_order` ASC [ RunTime:0.000345s ]
[2024-11-09T19:25:49+08:00][sql] CONNECT:[ UseTime:0.000270s ] mysql:host=43.241.16.146;port=3306;dbname=zhibo;charset=utf8mb4
[2024-11-09T19:25:49+08:00][sql] SHOW FULL COLUMNS FROM `cmf_hook` [ RunTime:0.000528s ]
[2024-11-09T19:25:49+08:00][sql] SELECT `hook`,`id` FROM `cmf_hook` WHERE  (  (  `app` = '' OR `app` = 'cmf' )  AND `type` = 3 ) OR `type` = 1 [ RunTime:0.000333s ]
[2024-11-09T19:25:49+08:00][sql] SHOW FULL COLUMNS FROM `cmf_hook_plugin` [ RunTime:0.000439s ]
[2024-11-09T19:25:49+08:00][sql] SELECT `hook`,`plugin` FROM `cmf_hook_plugin` WHERE  `status` = 1  AND `hook` IN ('app_begin','module_init','action_begin','view_filter','app_end','log_write','response_end','admin_init','home_init','send_mobile_verification_code','body_start','before_head_end','footer_start','before_footer','before_footer_end','before_body_end','left_sidebar_start','before_left_sidebar_end','right_sidebar_start','before_right_sidebar_end','comment','guestbook','switch_theme','after_content','before_content','log_write_done','switch_admin_theme','captcha_image') ORDER BY `list_order` ASC [ RunTime:0.000419s ]
[2024-11-09T19:25:49+08:00][sql] SHOW FULL COLUMNS FROM `cmf_plugin` [ RunTime:0.000573s ]
[2024-11-09T19:25:49+08:00][sql] SELECT `config` FROM `cmf_plugin` WHERE  `name` = 'Qiniu' LIMIT 1 [ RunTime:0.000256s ]
[2024-11-09T19:25:49+08:00][sql] SHOW FULL COLUMNS FROM `cmf_theme_file` [ RunTime:0.000485s ]
[2024-11-09T19:25:49+08:00][sql] SELECT `more` FROM `cmf_theme_file` WHERE  `theme` = 'default'  AND (  `is_public` = 1 OR `file` = '../wxshare/user/login' ) [ RunTime:0.000289s ]
[2024-11-09T19:25:56+08:00][sql] CONNECT:[ UseTime:0.000286s ] mysql:host=43.241.16.146;port=3306;dbname=zhibo;charset=utf8mb4
[2024-11-09T19:25:56+08:00][sql] SHOW FULL COLUMNS FROM `cmf_hook` [ RunTime:0.000506s ]
[2024-11-09T19:25:56+08:00][sql] SELECT `hook`,`id` FROM `cmf_hook` WHERE  (  (  `app` = '' OR `app` = 'cmf' )  AND `type` = 3 ) OR `type` = 1 [ RunTime:0.000339s ]
[2024-11-09T19:25:56+08:00][sql] SHOW FULL COLUMNS FROM `cmf_hook_plugin` [ RunTime:0.000446s ]
[2024-11-09T19:25:56+08:00][sql] SELECT `hook`,`plugin` FROM `cmf_hook_plugin` WHERE  `status` = 1  AND `hook` IN ('app_begin','module_init','action_begin','view_filter','app_end','log_write','response_end','admin_init','home_init','send_mobile_verification_code','body_start','before_head_end','footer_start','before_footer','before_footer_end','before_body_end','left_sidebar_start','before_left_sidebar_end','right_sidebar_start','before_right_sidebar_end','comment','guestbook','switch_theme','after_content','before_content','log_write_done','switch_admin_theme','captcha_image') ORDER BY `list_order` ASC [ RunTime:0.000397s ]
[2024-11-09T19:25:56+08:00][sql] SHOW FULL COLUMNS FROM `cmf_plugin` [ RunTime:0.000634s ]
[2024-11-09T19:25:56+08:00][sql] SELECT `config` FROM `cmf_plugin` WHERE  `name` = 'Qiniu' LIMIT 1 [ RunTime:0.000278s ]
[2024-11-09T19:26:03+08:00][sql] CONNECT:[ UseTime:0.000410s ] mysql:host=43.241.16.146;port=3306;dbname=zhibo;charset=utf8mb4
[2024-11-09T19:26:03+08:00][sql] SHOW FULL COLUMNS FROM `cmf_hook` [ RunTime:0.000642s ]
[2024-11-09T19:26:03+08:00][sql] SELECT `hook`,`id` FROM `cmf_hook` WHERE  (  (  `app` = '' OR `app` = 'cmf' )  AND `type` = 3 ) OR `type` = 1 [ RunTime:0.000404s ]
[2024-11-09T19:26:03+08:00][sql] SHOW FULL COLUMNS FROM `cmf_hook_plugin` [ RunTime:0.000443s ]
[2024-11-09T19:26:03+08:00][sql] SELECT `hook`,`plugin` FROM `cmf_hook_plugin` WHERE  `status` = 1  AND `hook` IN ('app_begin','module_init','action_begin','view_filter','app_end','log_write','response_end','admin_init','home_init','send_mobile_verification_code','body_start','before_head_end','footer_start','before_footer','before_footer_end','before_body_end','left_sidebar_start','before_left_sidebar_end','right_sidebar_start','before_right_sidebar_end','comment','guestbook','switch_theme','after_content','before_content','log_write_done','switch_admin_theme','captcha_image') ORDER BY `list_order` ASC [ RunTime:0.000417s ]
[2024-11-09T19:26:03+08:00][sql] SHOW FULL COLUMNS FROM `cmf_plugin` [ RunTime:0.000698s ]
[2024-11-09T19:26:03+08:00][sql] SELECT `config` FROM `cmf_plugin` WHERE  `name` = 'Qiniu' LIMIT 1 [ RunTime:0.000296s ]
[2024-11-09T22:17:29+08:00][sql] CONNECT:[ UseTime:0.000403s ] mysql:host=43.241.16.146;port=3306;dbname=zhibo;charset=utf8mb4
[2024-11-09T22:17:29+08:00][sql] SHOW FULL COLUMNS FROM `cmf_hook` [ RunTime:0.000666s ]
[2024-11-09T22:17:29+08:00][sql] SELECT `hook`,`id` FROM `cmf_hook` WHERE  (  (  `app` = '' OR `app` = 'cmf' )  AND `type` = 3 ) OR `type` = 1 [ RunTime:0.000417s ]
[2024-11-09T22:17:29+08:00][sql] SHOW FULL COLUMNS FROM `cmf_hook_plugin` [ RunTime:0.000441s ]
[2024-11-09T22:17:29+08:00][sql] SELECT `hook`,`plugin` FROM `cmf_hook_plugin` WHERE  `status` = 1  AND `hook` IN ('app_begin','module_init','action_begin','view_filter','app_end','log_write','response_end','admin_init','home_init','send_mobile_verification_code','body_start','before_head_end','footer_start','before_footer','before_footer_end','before_body_end','left_sidebar_start','before_left_sidebar_end','right_sidebar_start','before_right_sidebar_end','comment','guestbook','switch_theme','after_content','before_content','log_write_done','switch_admin_theme','captcha_image') ORDER BY `list_order` ASC [ RunTime:0.000419s ]
[2024-11-09T22:17:29+08:00][sql] SHOW FULL COLUMNS FROM `cmf_plugin` [ RunTime:0.000761s ]
[2024-11-09T22:17:29+08:00][sql] SELECT `config` FROM `cmf_plugin` WHERE  `name` = 'Qiniu' LIMIT 1 [ RunTime:0.000309s ]
[2024-11-09T22:17:29+08:00][sql] SHOW FULL COLUMNS FROM `cmf_live` [ RunTime:0.000601s ]
[2024-11-09T22:17:29+08:00][sql] SELECT * FROM `cmf_live` WHERE  ( islive='1' and isrecommend='1' and type='0' and live_type=0 ) [ RunTime:0.000440s ]
[2024-11-09T22:17:29+08:00][sql] SHOW FULL COLUMNS FROM `cmf_slide_item` [ RunTime:0.000476s ]
[2024-11-09T22:17:29+08:00][sql] SELECT * FROM `cmf_slide_item` WHERE  ( status='1' and slide_id='1' ) ORDER BY `list_order` ASC [ RunTime:0.000326s ]
[2024-11-09T22:17:29+08:00][sql] SHOW FULL COLUMNS FROM `cmf_live_class` [ RunTime:0.000437s ]
[2024-11-09T22:17:29+08:00][sql] SELECT * FROM `cmf_live_class` ORDER BY `list_order` LIMIT 5 [ RunTime:0.000272s ]
[2024-11-09T22:17:29+08:00][sql] SELECT * FROM `cmf_live` WHERE  `islive` = 1  AND `live_type` = 0  AND `liveclassid` = 8 ORDER BY `recommend_time` DESC,`starttime` DESC LIMIT 5 [ RunTime:0.000416s ]
[2024-11-09T22:17:29+08:00][sql] SELECT `uid`,`thumb`,`stream`,`title`,`city`,`islive`,`type` FROM `cmf_live` WHERE  ( islive='1' and ishot='1' and live_type=0 ) ORDER BY `isrecommend` DESC,`recommend_time` DESC,`hotvotes` DESC,`starttime` DESC LIMIT 5 [ RunTime:0.000311s ]
[2024-11-09T22:17:29+08:00][sql] SELECT `uid`,`thumb`,`stream`,`title`,`city`,`islive`,`type` FROM `cmf_live` WHERE  ( islive='1' and live_type=0 ) ORDER BY `starttime` DESC LIMIT 5 [ RunTime:0.000259s ]
[2024-11-09T22:17:29+08:00][sql] SHOW FULL COLUMNS FROM `cmf_theme_file` [ RunTime:0.000507s ]
[2024-11-09T22:17:29+08:00][sql] SELECT `more` FROM `cmf_theme_file` WHERE  `theme` = 'default'  AND (  `is_public` = 1 OR `file` = '../home/index/index' ) [ RunTime:0.000294s ]
[2024-11-09T22:17:32+08:00][sql] CONNECT:[ UseTime:0.000380s ] mysql:host=43.241.16.146;port=3306;dbname=zhibo;charset=utf8mb4
[2024-11-09T22:17:32+08:00][sql] SHOW FULL COLUMNS FROM `cmf_hook` [ RunTime:0.000551s ]
[2024-11-09T22:17:32+08:00][sql] SELECT `hook`,`id` FROM `cmf_hook` WHERE  (  (  `app` = '' OR `app` = 'cmf' )  AND `type` = 3 ) OR `type` = 1 [ RunTime:0.000355s ]
[2024-11-09T22:17:32+08:00][sql] SHOW FULL COLUMNS FROM `cmf_hook_plugin` [ RunTime:0.000458s ]
[2024-11-09T22:17:32+08:00][sql] SELECT `hook`,`plugin` FROM `cmf_hook_plugin` WHERE  `status` = 1  AND `hook` IN ('app_begin','module_init','action_begin','view_filter','app_end','log_write','response_end','admin_init','home_init','send_mobile_verification_code','body_start','before_head_end','footer_start','before_footer','before_footer_end','before_body_end','left_sidebar_start','before_left_sidebar_end','right_sidebar_start','before_right_sidebar_end','comment','guestbook','switch_theme','after_content','before_content','log_write_done','switch_admin_theme','captcha_image') ORDER BY `list_order` ASC [ RunTime:0.000420s ]
[2024-11-09T22:17:32+08:00][sql] SHOW FULL COLUMNS FROM `cmf_plugin` [ RunTime:0.000517s ]
[2024-11-09T22:17:32+08:00][sql] SELECT `config` FROM `cmf_plugin` WHERE  `name` = 'Qiniu' LIMIT 1 [ RunTime:0.000256s ]
[2024-11-09T22:17:32+08:00][sql] SHOW FULL COLUMNS FROM `cmf_slide_item` [ RunTime:0.000475s ]
[2024-11-09T22:17:32+08:00][sql] SELECT * FROM `cmf_slide_item` WHERE  ( status='1' and slide_id='6' ) ORDER BY `list_order` ASC [ RunTime:0.000328s ]
[2024-11-09T22:17:32+08:00][sql] SHOW FULL COLUMNS FROM `cmf_live` [ RunTime:0.000586s ]
[2024-11-09T22:17:32+08:00][sql] SELECT `uid`,`title`,`city`,`stream`,`pull`,`thumb`,`type` FROM `cmf_live` WHERE  `islive` = 1  AND `live_type` = 0  AND `ishot` = 1 ORDER BY `recommend_time` DESC,`starttime` DESC LIMIT 0,20 [ RunTime:0.000346s ]
[2024-11-09T22:17:32+08:00][sql] SHOW FULL COLUMNS FROM `cmf_theme_file` [ RunTime:0.000490s ]
[2024-11-09T22:17:32+08:00][sql] SELECT `more` FROM `cmf_theme_file` WHERE  `theme` = 'default'  AND (  `is_public` = 1 OR `file` = '../wxshare/share/index' ) [ RunTime:0.000294s ]
[2024-11-09T22:17:37+08:00][sql] CONNECT:[ UseTime:0.000291s ] mysql:host=43.241.16.146;port=3306;dbname=zhibo;charset=utf8mb4
[2024-11-09T22:17:37+08:00][sql] SHOW FULL COLUMNS FROM `cmf_hook` [ RunTime:0.000503s ]
[2024-11-09T22:17:37+08:00][sql] SELECT `hook`,`id` FROM `cmf_hook` WHERE  (  (  `app` = '' OR `app` = 'cmf' )  AND `type` = 3 ) OR `type` = 1 [ RunTime:0.000344s ]
[2024-11-09T22:17:37+08:00][sql] SHOW FULL COLUMNS FROM `cmf_hook_plugin` [ RunTime:0.000433s ]
[2024-11-09T22:17:37+08:00][sql] SELECT `hook`,`plugin` FROM `cmf_hook_plugin` WHERE  `status` = 1  AND `hook` IN ('app_begin','module_init','action_begin','view_filter','app_end','log_write','response_end','admin_init','home_init','send_mobile_verification_code','body_start','before_head_end','footer_start','before_footer','before_footer_end','before_body_end','left_sidebar_start','before_left_sidebar_end','right_sidebar_start','before_right_sidebar_end','comment','guestbook','switch_theme','after_content','before_content','log_write_done','switch_admin_theme','captcha_image') ORDER BY `list_order` ASC [ RunTime:0.000408s ]
[2024-11-09T22:17:37+08:00][sql] SHOW FULL COLUMNS FROM `cmf_plugin` [ RunTime:0.000568s ]
[2024-11-09T22:17:37+08:00][sql] SELECT `config` FROM `cmf_plugin` WHERE  `name` = 'Qiniu' LIMIT 1 [ RunTime:0.000256s ]
[2024-11-09T22:17:37+08:00][sql] SHOW FULL COLUMNS FROM `cmf_slide_item` [ RunTime:0.000474s ]
[2024-11-09T22:17:37+08:00][sql] SELECT * FROM `cmf_slide_item` WHERE  ( status='1' and slide_id='6' ) ORDER BY `list_order` ASC [ RunTime:0.000329s ]
[2024-11-09T22:17:37+08:00][sql] SHOW FULL COLUMNS FROM `cmf_live` [ RunTime:0.000585s ]
[2024-11-09T22:17:37+08:00][sql] SELECT `uid`,`title`,`city`,`stream`,`pull`,`thumb`,`type` FROM `cmf_live` WHERE  `islive` = 1  AND `live_type` = 0 ORDER BY `starttime` DESC LIMIT 0,20 [ RunTime:0.000319s ]
[2024-11-09T22:17:37+08:00][sql] SHOW FULL COLUMNS FROM `cmf_theme_file` [ RunTime:0.000483s ]
[2024-11-09T22:17:37+08:00][sql] SELECT `more` FROM `cmf_theme_file` WHERE  `theme` = 'default'  AND (  `is_public` = 1 OR `file` = '../wxshare/share/index' ) [ RunTime:0.000290s ]
[2024-11-09T22:17:40+08:00][sql] CONNECT:[ UseTime:0.000346s ] mysql:host=43.241.16.146;port=3306;dbname=zhibo;charset=utf8mb4
[2024-11-09T22:17:40+08:00][sql] SHOW FULL COLUMNS FROM `cmf_hook` [ RunTime:0.000528s ]
[2024-11-09T22:17:40+08:00][sql] SELECT `hook`,`id` FROM `cmf_hook` WHERE  (  (  `app` = '' OR `app` = 'cmf' )  AND `type` = 3 ) OR `type` = 1 [ RunTime:0.000359s ]
[2024-11-09T22:17:40+08:00][sql] SHOW FULL COLUMNS FROM `cmf_hook_plugin` [ RunTime:0.000446s ]
[2024-11-09T22:17:40+08:00][sql] SELECT `hook`,`plugin` FROM `cmf_hook_plugin` WHERE  `status` = 1  AND `hook` IN ('app_begin','module_init','action_begin','view_filter','app_end','log_write','response_end','admin_init','home_init','send_mobile_verification_code','body_start','before_head_end','footer_start','before_footer','before_footer_end','before_body_end','left_sidebar_start','before_left_sidebar_end','right_sidebar_start','before_right_sidebar_end','comment','guestbook','switch_theme','after_content','before_content','log_write_done','switch_admin_theme','captcha_image') ORDER BY `list_order` ASC [ RunTime:0.000416s ]
[2024-11-09T22:17:40+08:00][sql] SHOW FULL COLUMNS FROM `cmf_plugin` [ RunTime:0.000509s ]
[2024-11-09T22:17:40+08:00][sql] SELECT `config` FROM `cmf_plugin` WHERE  `name` = 'Qiniu' LIMIT 1 [ RunTime:0.000252s ]
[2024-11-09T22:17:40+08:00][sql] SHOW FULL COLUMNS FROM `cmf_slide_item` [ RunTime:0.000511s ]
[2024-11-09T22:17:40+08:00][sql] SELECT * FROM `cmf_slide_item` WHERE  ( status='1' and slide_id='6' ) ORDER BY `list_order` ASC [ RunTime:0.000321s ]
[2024-11-09T22:17:40+08:00][sql] CONNECT:[ UseTime:0.000263s ] mysql:host=43.241.16.146;port=3306;dbname=zhibo;charset=utf8mb4
[2024-11-09T22:17:40+08:00][sql] SHOW FULL COLUMNS FROM `cmf_hook` [ RunTime:0.000469s ]
[2024-11-09T22:17:40+08:00][sql] SELECT `hook`,`id` FROM `cmf_hook` WHERE  (  (  `app` = '' OR `app` = 'cmf' )  AND `type` = 3 ) OR `type` = 1 [ RunTime:0.000333s ]
[2024-11-09T22:17:40+08:00][sql] SHOW FULL COLUMNS FROM `cmf_hook_plugin` [ RunTime:0.000437s ]
[2024-11-09T22:17:40+08:00][sql] SELECT `hook`,`plugin` FROM `cmf_hook_plugin` WHERE  `status` = 1  AND `hook` IN ('app_begin','module_init','action_begin','view_filter','app_end','log_write','response_end','admin_init','home_init','send_mobile_verification_code','body_start','before_head_end','footer_start','before_footer','before_footer_end','before_body_end','left_sidebar_start','before_left_sidebar_end','right_sidebar_start','before_right_sidebar_end','comment','guestbook','switch_theme','after_content','before_content','log_write_done','switch_admin_theme','captcha_image') ORDER BY `list_order` ASC [ RunTime:0.000396s ]
[2024-11-09T22:17:40+08:00][sql] SHOW FULL COLUMNS FROM `cmf_plugin` [ RunTime:0.000568s ]
[2024-11-09T22:17:40+08:00][sql] SELECT `config` FROM `cmf_plugin` WHERE  `name` = 'Qiniu' LIMIT 1 [ RunTime:0.000261s ]
[2024-11-09T22:17:40+08:00][sql] SHOW FULL COLUMNS FROM `cmf_theme_file` [ RunTime:0.000481s ]
[2024-11-09T22:17:40+08:00][sql] SELECT `more` FROM `cmf_theme_file` WHERE  `theme` = 'default'  AND (  `is_public` = 1 OR `file` = '../wxshare/user/login' ) [ RunTime:0.000290s ]
[2024-11-09T22:17:43+08:00][sql] CONNECT:[ UseTime:0.000276s ] mysql:host=43.241.16.146;port=3306;dbname=zhibo;charset=utf8mb4
[2024-11-09T22:17:43+08:00][sql] SHOW FULL COLUMNS FROM `cmf_hook` [ RunTime:0.000506s ]
[2024-11-09T22:17:43+08:00][sql] SELECT `hook`,`id` FROM `cmf_hook` WHERE  (  (  `app` = '' OR `app` = 'cmf' )  AND `type` = 3 ) OR `type` = 1 [ RunTime:0.000340s ]
[2024-11-09T22:17:43+08:00][sql] SHOW FULL COLUMNS FROM `cmf_hook_plugin` [ RunTime:0.000438s ]
[2024-11-09T22:17:43+08:00][sql] SELECT `hook`,`plugin` FROM `cmf_hook_plugin` WHERE  `status` = 1  AND `hook` IN ('app_begin','module_init','action_begin','view_filter','app_end','log_write','response_end','admin_init','home_init','send_mobile_verification_code','body_start','before_head_end','footer_start','before_footer','before_footer_end','before_body_end','left_sidebar_start','before_left_sidebar_end','right_sidebar_start','before_right_sidebar_end','comment','guestbook','switch_theme','after_content','before_content','log_write_done','switch_admin_theme','captcha_image') ORDER BY `list_order` ASC [ RunTime:0.000394s ]
[2024-11-09T22:17:43+08:00][sql] SHOW FULL COLUMNS FROM `cmf_plugin` [ RunTime:0.000604s ]
[2024-11-09T22:17:43+08:00][sql] SELECT `config` FROM `cmf_plugin` WHERE  `name` = 'Qiniu' LIMIT 1 [ RunTime:0.000269s ]
[2024-11-09T22:49:49+08:00][sql] CONNECT:[ UseTime:0.000410s ] mysql:host=43.241.16.146;port=3306;dbname=zhibo;charset=utf8mb4
[2024-11-09T22:49:49+08:00][sql] SHOW FULL COLUMNS FROM `cmf_hook` [ RunTime:0.000648s ]
[2024-11-09T22:49:49+08:00][sql] SELECT `hook`,`id` FROM `cmf_hook` WHERE  (  (  `app` = '' OR `app` = 'cmf' )  AND `type` = 3 ) OR `type` = 1 [ RunTime:0.000399s ]
[2024-11-09T22:49:49+08:00][sql] SHOW FULL COLUMNS FROM `cmf_hook_plugin` [ RunTime:0.000444s ]
[2024-11-09T22:49:49+08:00][sql] SELECT `hook`,`plugin` FROM `cmf_hook_plugin` WHERE  `status` = 1  AND `hook` IN ('app_begin','module_init','action_begin','view_filter','app_end','log_write','response_end','admin_init','home_init','send_mobile_verification_code','body_start','before_head_end','footer_start','before_footer','before_footer_end','before_body_end','left_sidebar_start','before_left_sidebar_end','right_sidebar_start','before_right_sidebar_end','comment','guestbook','switch_theme','after_content','before_content','log_write_done','switch_admin_theme','captcha_image') ORDER BY `list_order` ASC [ RunTime:0.000411s ]
[2024-11-09T22:49:49+08:00][sql] SHOW FULL COLUMNS FROM `cmf_plugin` [ RunTime:0.000770s ]
[2024-11-09T22:49:49+08:00][sql] SELECT `config` FROM `cmf_plugin` WHERE  `name` = 'Qiniu' LIMIT 1 [ RunTime:0.000313s ]
[2024-11-09T22:49:49+08:00][sql] SHOW FULL COLUMNS FROM `cmf_live` [ RunTime:0.000593s ]
[2024-11-09T22:49:49+08:00][sql] SELECT * FROM `cmf_live` WHERE  ( islive='1' and isrecommend='1' and type='0' and live_type=0 ) [ RunTime:0.000449s ]
[2024-11-09T22:49:49+08:00][sql] SHOW FULL COLUMNS FROM `cmf_slide_item` [ RunTime:0.000477s ]
[2024-11-09T22:49:49+08:00][sql] SELECT * FROM `cmf_slide_item` WHERE  ( status='1' and slide_id='1' ) ORDER BY `list_order` ASC [ RunTime:0.000314s ]
[2024-11-09T22:49:49+08:00][sql] SHOW FULL COLUMNS FROM `cmf_live_class` [ RunTime:0.000437s ]
[2024-11-09T22:49:49+08:00][sql] SELECT * FROM `cmf_live_class` ORDER BY `list_order` LIMIT 5 [ RunTime:0.000266s ]
[2024-11-09T22:49:49+08:00][sql] SELECT * FROM `cmf_live` WHERE  `islive` = 1  AND `live_type` = 0  AND `liveclassid` = 8 ORDER BY `recommend_time` DESC,`starttime` DESC LIMIT 5 [ RunTime:0.000427s ]
[2024-11-09T22:49:49+08:00][sql] SELECT `uid`,`thumb`,`stream`,`title`,`city`,`islive`,`type` FROM `cmf_live` WHERE  ( islive='1' and ishot='1' and live_type=0 ) ORDER BY `isrecommend` DESC,`recommend_time` DESC,`hotvotes` DESC,`starttime` DESC LIMIT 5 [ RunTime:0.000310s ]
[2024-11-09T22:49:49+08:00][sql] SELECT `uid`,`thumb`,`stream`,`title`,`city`,`islive`,`type` FROM `cmf_live` WHERE  ( islive='1' and live_type=0 ) ORDER BY `starttime` DESC LIMIT 5 [ RunTime:0.000269s ]
[2024-11-09T22:49:49+08:00][sql] SHOW FULL COLUMNS FROM `cmf_theme_file` [ RunTime:0.000481s ]
[2024-11-09T22:49:49+08:00][sql] SELECT `more` FROM `cmf_theme_file` WHERE  `theme` = 'default'  AND (  `is_public` = 1 OR `file` = '../home/index/index' ) [ RunTime:0.000285s ]
[2024-11-09T22:49:50+08:00][sql] CONNECT:[ UseTime:0.000300s ] mysql:host=43.241.16.146;port=3306;dbname=zhibo;charset=utf8mb4
[2024-11-09T22:49:50+08:00][sql] SHOW FULL COLUMNS FROM `cmf_hook` [ RunTime:0.000519s ]
[2024-11-09T22:49:50+08:00][sql] SELECT `hook`,`id` FROM `cmf_hook` WHERE  (  (  `app` = '' OR `app` = 'cmf' )  AND `type` = 3 ) OR `type` = 1 [ RunTime:0.000335s ]
[2024-11-09T22:49:50+08:00][sql] SHOW FULL COLUMNS FROM `cmf_hook_plugin` [ RunTime:0.000446s ]
[2024-11-09T22:49:50+08:00][sql] SELECT `hook`,`plugin` FROM `cmf_hook_plugin` WHERE  `status` = 1  AND `hook` IN ('app_begin','module_init','action_begin','view_filter','app_end','log_write','response_end','admin_init','home_init','send_mobile_verification_code','body_start','before_head_end','footer_start','before_footer','before_footer_end','before_body_end','left_sidebar_start','before_left_sidebar_end','right_sidebar_start','before_right_sidebar_end','comment','guestbook','switch_theme','after_content','before_content','log_write_done','switch_admin_theme','captcha_image') ORDER BY `list_order` ASC [ RunTime:0.000400s ]
[2024-11-09T22:49:50+08:00][sql] SHOW FULL COLUMNS FROM `cmf_plugin` [ RunTime:0.000568s ]
[2024-11-09T22:49:50+08:00][sql] SELECT `config` FROM `cmf_plugin` WHERE  `name` = 'Qiniu' LIMIT 1 [ RunTime:0.000260s ]
[2024-11-09T22:49:50+08:00][sql] SHOW FULL COLUMNS FROM `cmf_slide_item` [ RunTime:0.000469s ]
[2024-11-09T22:49:50+08:00][sql] SELECT * FROM `cmf_slide_item` WHERE  ( status='1' and slide_id='6' ) ORDER BY `list_order` ASC [ RunTime:0.000307s ]
[2024-11-09T22:49:50+08:00][sql] SHOW FULL COLUMNS FROM `cmf_live` [ RunTime:0.000584s ]
[2024-11-09T22:49:50+08:00][sql] SELECT `uid`,`title`,`city`,`stream`,`pull`,`thumb`,`type` FROM `cmf_live` WHERE  `islive` = 1  AND `live_type` = 0  AND `ishot` = 1 ORDER BY `recommend_time` DESC,`starttime` DESC LIMIT 0,20 [ RunTime:0.000346s ]
[2024-11-09T22:49:50+08:00][sql] SHOW FULL COLUMNS FROM `cmf_theme_file` [ RunTime:0.000472s ]
[2024-11-09T22:49:50+08:00][sql] SELECT `more` FROM `cmf_theme_file` WHERE  `theme` = 'default'  AND (  `is_public` = 1 OR `file` = '../wxshare/share/index' ) [ RunTime:0.000284s ]
[2024-11-09T22:56:11+08:00][sql] CONNECT:[ UseTime:0.000439s ] mysql:host=43.241.16.146;port=3306;dbname=zhibo;charset=utf8mb4
[2024-11-09T22:56:11+08:00][sql] SHOW FULL COLUMNS FROM `cmf_hook` [ RunTime:0.000653s ]
[2024-11-09T22:56:11+08:00][sql] SELECT `hook`,`id` FROM `cmf_hook` WHERE  (  (  `app` = '' OR `app` = 'cmf' )  AND `type` = 3 ) OR `type` = 1 [ RunTime:0.000404s ]
[2024-11-09T22:56:11+08:00][sql] SHOW FULL COLUMNS FROM `cmf_hook_plugin` [ RunTime:0.000473s ]
[2024-11-09T22:56:11+08:00][sql] SELECT `hook`,`plugin` FROM `cmf_hook_plugin` WHERE  `status` = 1  AND `hook` IN ('app_begin','module_init','action_begin','view_filter','app_end','log_write','response_end','admin_init','home_init','send_mobile_verification_code','body_start','before_head_end','footer_start','before_footer','before_footer_end','before_body_end','left_sidebar_start','before_left_sidebar_end','right_sidebar_start','before_right_sidebar_end','comment','guestbook','switch_theme','after_content','before_content','log_write_done','switch_admin_theme','captcha_image') ORDER BY `list_order` ASC [ RunTime:0.000429s ]
[2024-11-09T22:56:11+08:00][sql] SHOW FULL COLUMNS FROM `cmf_plugin` [ RunTime:0.000782s ]
[2024-11-09T22:56:11+08:00][sql] SELECT `config` FROM `cmf_plugin` WHERE  `name` = 'Qiniu' LIMIT 1 [ RunTime:0.000306s ]
[2024-11-09T22:56:11+08:00][sql] SHOW FULL COLUMNS FROM `cmf_live` [ RunTime:0.000596s ]
[2024-11-09T22:56:11+08:00][sql] SELECT * FROM `cmf_live` WHERE  ( islive='1' and isrecommend='1' and type='0' and live_type=0 ) [ RunTime:0.000447s ]
[2024-11-09T22:56:11+08:00][sql] SHOW FULL COLUMNS FROM `cmf_slide_item` [ RunTime:0.000473s ]
[2024-11-09T22:56:11+08:00][sql] SELECT * FROM `cmf_slide_item` WHERE  ( status='1' and slide_id='1' ) ORDER BY `list_order` ASC [ RunTime:0.000310s ]
[2024-11-09T22:56:11+08:00][sql] SHOW FULL COLUMNS FROM `cmf_live_class` [ RunTime:0.000490s ]
[2024-11-09T22:56:11+08:00][sql] SELECT * FROM `cmf_live_class` ORDER BY `list_order` LIMIT 5 [ RunTime:0.000290s ]
[2024-11-09T22:56:11+08:00][sql] SELECT * FROM `cmf_live` WHERE  `islive` = 1  AND `live_type` = 0  AND `liveclassid` = 8 ORDER BY `recommend_time` DESC,`starttime` DESC LIMIT 5 [ RunTime:0.000422s ]
[2024-11-09T22:56:11+08:00][sql] SELECT `uid`,`thumb`,`stream`,`title`,`city`,`islive`,`type` FROM `cmf_live` WHERE  ( islive='1' and ishot='1' and live_type=0 ) ORDER BY `isrecommend` DESC,`recommend_time` DESC,`hotvotes` DESC,`starttime` DESC LIMIT 5 [ RunTime:0.000307s ]
[2024-11-09T22:56:11+08:00][sql] SELECT `uid`,`thumb`,`stream`,`title`,`city`,`islive`,`type` FROM `cmf_live` WHERE  ( islive='1' and live_type=0 ) ORDER BY `starttime` DESC LIMIT 5 [ RunTime:0.000274s ]
[2024-11-09T22:56:11+08:00][sql] SHOW FULL COLUMNS FROM `cmf_theme_file` [ RunTime:0.000484s ]
[2024-11-09T22:56:11+08:00][sql] SELECT `more` FROM `cmf_theme_file` WHERE  `theme` = 'default'  AND (  `is_public` = 1 OR `file` = '../home/index/index' ) [ RunTime:0.000282s ]
[2024-11-09T22:56:12+08:00][sql] CONNECT:[ UseTime:0.000293s ] mysql:host=43.241.16.146;port=3306;dbname=zhibo;charset=utf8mb4
[2024-11-09T22:56:12+08:00][sql] SHOW FULL COLUMNS FROM `cmf_hook` [ RunTime:0.000512s ]
[2024-11-09T22:56:12+08:00][sql] SELECT `hook`,`id` FROM `cmf_hook` WHERE  (  (  `app` = '' OR `app` = 'cmf' )  AND `type` = 3 ) OR `type` = 1 [ RunTime:0.000341s ]
[2024-11-09T22:56:12+08:00][sql] SHOW FULL COLUMNS FROM `cmf_hook_plugin` [ RunTime:0.000429s ]
[2024-11-09T22:56:12+08:00][sql] SELECT `hook`,`plugin` FROM `cmf_hook_plugin` WHERE  `status` = 1  AND `hook` IN ('app_begin','module_init','action_begin','view_filter','app_end','log_write','response_end','admin_init','home_init','send_mobile_verification_code','body_start','before_head_end','footer_start','before_footer','before_footer_end','before_body_end','left_sidebar_start','before_left_sidebar_end','right_sidebar_start','before_right_sidebar_end','comment','guestbook','switch_theme','after_content','before_content','log_write_done','switch_admin_theme','captcha_image') ORDER BY `list_order` ASC [ RunTime:0.000396s ]
[2024-11-09T22:56:12+08:00][sql] SHOW FULL COLUMNS FROM `cmf_plugin` [ RunTime:0.000574s ]
[2024-11-09T22:56:12+08:00][sql] SELECT `config` FROM `cmf_plugin` WHERE  `name` = 'Qiniu' LIMIT 1 [ RunTime:0.000256s ]
[2024-11-09T22:56:12+08:00][sql] SHOW FULL COLUMNS FROM `cmf_slide_item` [ RunTime:0.000578s ]
[2024-11-09T22:56:12+08:00][sql] SELECT * FROM `cmf_slide_item` WHERE  ( status='1' and slide_id='6' ) ORDER BY `list_order` ASC [ RunTime:0.000334s ]
[2024-11-09T22:56:12+08:00][sql] SHOW FULL COLUMNS FROM `cmf_live` [ RunTime:0.000599s ]
[2024-11-09T22:56:12+08:00][sql] SELECT `uid`,`title`,`city`,`stream`,`pull`,`thumb`,`type` FROM `cmf_live` WHERE  `islive` = 1  AND `live_type` = 0  AND `ishot` = 1 ORDER BY `recommend_time` DESC,`starttime` DESC LIMIT 0,20 [ RunTime:0.000347s ]
[2024-11-09T22:56:12+08:00][sql] SHOW FULL COLUMNS FROM `cmf_theme_file` [ RunTime:0.000486s ]
[2024-11-09T22:56:12+08:00][sql] SELECT `more` FROM `cmf_theme_file` WHERE  `theme` = 'default'  AND (  `is_public` = 1 OR `file` = '../wxshare/share/index' ) [ RunTime:0.000281s ]
[2024-11-09T22:56:13+08:00][sql] CONNECT:[ UseTime:0.000286s ] mysql:host=43.241.16.146;port=3306;dbname=zhibo;charset=utf8mb4
[2024-11-09T22:56:13+08:00][sql] SHOW FULL COLUMNS FROM `cmf_hook` [ RunTime:0.000495s ]
[2024-11-09T22:56:13+08:00][sql] SELECT `hook`,`id` FROM `cmf_hook` WHERE  (  (  `app` = '' OR `app` = 'cmf' )  AND `type` = 3 ) OR `type` = 1 [ RunTime:0.000330s ]
[2024-11-09T22:56:13+08:00][sql] SHOW FULL COLUMNS FROM `cmf_hook_plugin` [ RunTime:0.000436s ]
[2024-11-09T22:56:13+08:00][sql] SELECT `hook`,`plugin` FROM `cmf_hook_plugin` WHERE  `status` = 1  AND `hook` IN ('app_begin','module_init','action_begin','view_filter','app_end','log_write','response_end','admin_init','home_init','send_mobile_verification_code','body_start','before_head_end','footer_start','before_footer','before_footer_end','before_body_end','left_sidebar_start','before_left_sidebar_end','right_sidebar_start','before_right_sidebar_end','comment','guestbook','switch_theme','after_content','before_content','log_write_done','switch_admin_theme','captcha_image') ORDER BY `list_order` ASC [ RunTime:0.000390s ]
[2024-11-09T22:56:17+08:00][sql] CONNECT:[ UseTime:0.000334s ] mysql:host=43.241.16.146;port=3306;dbname=zhibo;charset=utf8mb4
[2024-11-09T22:56:17+08:00][sql] SHOW FULL COLUMNS FROM `cmf_hook` [ RunTime:0.000551s ]
[2024-11-09T22:56:17+08:00][sql] SELECT `hook`,`id` FROM `cmf_hook` WHERE  (  (  `app` = '' OR `app` = 'cmf' )  AND `type` = 3 ) OR `type` = 1 [ RunTime:0.000359s ]
[2024-11-09T22:56:17+08:00][sql] SHOW FULL COLUMNS FROM `cmf_hook_plugin` [ RunTime:0.000442s ]
[2024-11-09T22:56:17+08:00][sql] SELECT `hook`,`plugin` FROM `cmf_hook_plugin` WHERE  `status` = 1  AND `hook` IN ('app_begin','module_init','action_begin','view_filter','app_end','log_write','response_end','admin_init','home_init','send_mobile_verification_code','body_start','before_head_end','footer_start','before_footer','before_footer_end','before_body_end','left_sidebar_start','before_left_sidebar_end','right_sidebar_start','before_right_sidebar_end','comment','guestbook','switch_theme','after_content','before_content','log_write_done','switch_admin_theme','captcha_image') ORDER BY `list_order` ASC [ RunTime:0.000402s ]
[2024-11-09T22:56:17+08:00][sql] SHOW FULL COLUMNS FROM `cmf_plugin` [ RunTime:0.000606s ]
[2024-11-09T22:56:17+08:00][sql] SELECT `config` FROM `cmf_plugin` WHERE  `name` = 'Qiniu' LIMIT 1 [ RunTime:0.000269s ]
[2024-11-09T22:56:17+08:00][sql] SHOW FULL COLUMNS FROM `cmf_slide_item` [ RunTime:0.000472s ]
[2024-11-09T22:56:17+08:00][sql] SELECT * FROM `cmf_slide_item` WHERE  ( status='1' and slide_id='6' ) ORDER BY `list_order` ASC [ RunTime:0.000329s ]
[2024-11-09T22:56:17+08:00][sql] CONNECT:[ UseTime:0.000279s ] mysql:host=43.241.16.146;port=3306;dbname=zhibo;charset=utf8mb4
[2024-11-09T22:56:17+08:00][sql] SHOW FULL COLUMNS FROM `cmf_hook` [ RunTime:0.000487s ]
[2024-11-09T22:56:17+08:00][sql] SELECT `hook`,`id` FROM `cmf_hook` WHERE  (  (  `app` = '' OR `app` = 'cmf' )  AND `type` = 3 ) OR `type` = 1 [ RunTime:0.000329s ]
[2024-11-09T22:56:17+08:00][sql] SHOW FULL COLUMNS FROM `cmf_hook_plugin` [ RunTime:0.000453s ]
[2024-11-09T22:56:17+08:00][sql] SELECT `hook`,`plugin` FROM `cmf_hook_plugin` WHERE  `status` = 1  AND `hook` IN ('app_begin','module_init','action_begin','view_filter','app_end','log_write','response_end','admin_init','home_init','send_mobile_verification_code','body_start','before_head_end','footer_start','before_footer','before_footer_end','before_body_end','left_sidebar_start','before_left_sidebar_end','right_sidebar_start','before_right_sidebar_end','comment','guestbook','switch_theme','after_content','before_content','log_write_done','switch_admin_theme','captcha_image') ORDER BY `list_order` ASC [ RunTime:0.000398s ]
[2024-11-09T22:56:17+08:00][sql] SHOW FULL COLUMNS FROM `cmf_plugin` [ RunTime:0.000553s ]
[2024-11-09T22:56:17+08:00][sql] SELECT `config` FROM `cmf_plugin` WHERE  `name` = 'Qiniu' LIMIT 1 [ RunTime:0.000252s ]
[2024-11-09T22:56:17+08:00][sql] SHOW FULL COLUMNS FROM `cmf_theme_file` [ RunTime:0.000475s ]
[2024-11-09T22:56:17+08:00][sql] SELECT `more` FROM `cmf_theme_file` WHERE  `theme` = 'default'  AND (  `is_public` = 1 OR `file` = '../wxshare/user/login' ) [ RunTime:0.000290s ]
[2024-11-09T22:56:24+08:00][sql] CONNECT:[ UseTime:0.000291s ] mysql:host=43.241.16.146;port=3306;dbname=zhibo;charset=utf8mb4
[2024-11-09T22:56:24+08:00][sql] SHOW FULL COLUMNS FROM `cmf_hook` [ RunTime:0.000510s ]
[2024-11-09T22:56:24+08:00][sql] SELECT `hook`,`id` FROM `cmf_hook` WHERE  (  (  `app` = '' OR `app` = 'cmf' )  AND `type` = 3 ) OR `type` = 1 [ RunTime:0.000341s ]
[2024-11-09T22:56:24+08:00][sql] SHOW FULL COLUMNS FROM `cmf_hook_plugin` [ RunTime:0.000458s ]
[2024-11-09T22:56:24+08:00][sql] SELECT `hook`,`plugin` FROM `cmf_hook_plugin` WHERE  `status` = 1  AND `hook` IN ('app_begin','module_init','action_begin','view_filter','app_end','log_write','response_end','admin_init','home_init','send_mobile_verification_code','body_start','before_head_end','footer_start','before_footer','before_footer_end','before_body_end','left_sidebar_start','before_left_sidebar_end','right_sidebar_start','before_right_sidebar_end','comment','guestbook','switch_theme','after_content','before_content','log_write_done','switch_admin_theme','captcha_image') ORDER BY `list_order` ASC [ RunTime:0.000402s ]
[2024-11-09T22:56:24+08:00][sql] SHOW FULL COLUMNS FROM `cmf_plugin` [ RunTime:0.000627s ]
[2024-11-09T22:56:24+08:00][sql] SELECT `config` FROM `cmf_plugin` WHERE  `name` = 'Qiniu' LIMIT 1 [ RunTime:0.000267s ]
[2024-11-09T22:56:24+08:00][sql] SHOW FULL COLUMNS FROM `cmf_slide_item` [ RunTime:0.000475s ]
[2024-11-09T22:56:24+08:00][sql] SELECT * FROM `cmf_slide_item` WHERE  ( status='1' and slide_id='6' ) ORDER BY `list_order` ASC [ RunTime:0.000341s ]
[2024-11-09T22:56:24+08:00][sql] SHOW FULL COLUMNS FROM `cmf_live` [ RunTime:0.000590s ]
[2024-11-09T22:56:24+08:00][sql] SELECT `uid`,`title`,`city`,`stream`,`pull`,`thumb`,`type` FROM `cmf_live` WHERE  `islive` = 1  AND `live_type` = 0 ORDER BY `starttime` DESC LIMIT 0,20 [ RunTime:0.000327s ]
[2024-11-09T22:56:24+08:00][sql] SHOW FULL COLUMNS FROM `cmf_theme_file` [ RunTime:0.000477s ]
[2024-11-09T22:56:24+08:00][sql] SELECT `more` FROM `cmf_theme_file` WHERE  `theme` = 'default'  AND (  `is_public` = 1 OR `file` = '../wxshare/share/index' ) [ RunTime:0.000290s ]
[2024-11-09T22:56:28+08:00][sql] CONNECT:[ UseTime:0.000321s ] mysql:host=43.241.16.146;port=3306;dbname=zhibo;charset=utf8mb4
[2024-11-09T22:56:28+08:00][sql] SHOW FULL COLUMNS FROM `cmf_hook` [ RunTime:0.000550s ]
[2024-11-09T22:56:28+08:00][sql] SELECT `hook`,`id` FROM `cmf_hook` WHERE  (  (  `app` = '' OR `app` = 'cmf' )  AND `type` = 3 ) OR `type` = 1 [ RunTime:0.000362s ]
[2024-11-09T22:56:28+08:00][sql] SHOW FULL COLUMNS FROM `cmf_hook_plugin` [ RunTime:0.000446s ]
[2024-11-09T22:56:28+08:00][sql] SELECT `hook`,`plugin` FROM `cmf_hook_plugin` WHERE  `status` = 1  AND `hook` IN ('app_begin','module_init','action_begin','view_filter','app_end','log_write','response_end','admin_init','home_init','send_mobile_verification_code','body_start','before_head_end','footer_start','before_footer','before_footer_end','before_body_end','left_sidebar_start','before_left_sidebar_end','right_sidebar_start','before_right_sidebar_end','comment','guestbook','switch_theme','after_content','before_content','log_write_done','switch_admin_theme','captcha_image') ORDER BY `list_order` ASC [ RunTime:0.000407s ]
[2024-11-09T22:56:28+08:00][sql] SHOW FULL COLUMNS FROM `cmf_plugin` [ RunTime:0.000770s ]
[2024-11-09T22:56:28+08:00][sql] SELECT `config` FROM `cmf_plugin` WHERE  `name` = 'Qiniu' LIMIT 1 [ RunTime:0.000308s ]
[2024-11-09T22:56:28+08:00][sql] CONNECT:[ UseTime:0.000295s ] mysql:host=43.241.16.146;port=3306;dbname=zhibo;charset=utf8mb4
[2024-11-09T22:56:28+08:00][sql] SHOW FULL COLUMNS FROM `cmf_hook` [ RunTime:0.000514s ]
[2024-11-09T22:56:28+08:00][sql] SELECT `hook`,`id` FROM `cmf_hook` WHERE  (  (  `app` = '' OR `app` = 'cmf' )  AND `type` = 3 ) OR `type` = 1 [ RunTime:0.000338s ]
[2024-11-09T22:56:28+08:00][sql] SHOW FULL COLUMNS FROM `cmf_hook_plugin` [ RunTime:0.000454s ]
[2024-11-09T22:56:28+08:00][sql] SELECT `hook`,`plugin` FROM `cmf_hook_plugin` WHERE  `status` = 1  AND `hook` IN ('app_begin','module_init','action_begin','view_filter','app_end','log_write','response_end','admin_init','home_init','send_mobile_verification_code','body_start','before_head_end','footer_start','before_footer','before_footer_end','before_body_end','left_sidebar_start','before_left_sidebar_end','right_sidebar_start','before_right_sidebar_end','comment','guestbook','switch_theme','after_content','before_content','log_write_done','switch_admin_theme','captcha_image') ORDER BY `list_order` ASC [ RunTime:0.000399s ]
[2024-11-09T22:56:28+08:00][sql] SHOW FULL COLUMNS FROM `cmf_plugin` [ RunTime:0.000571s ]
[2024-11-09T22:56:28+08:00][sql] SELECT `config` FROM `cmf_plugin` WHERE  `name` = 'Qiniu' LIMIT 1 [ RunTime:0.000251s ]
[2024-11-09T22:56:28+08:00][sql] SHOW FULL COLUMNS FROM `cmf_theme_file` [ RunTime:0.000489s ]
[2024-11-09T22:56:28+08:00][sql] SELECT `more` FROM `cmf_theme_file` WHERE  `theme` = 'default'  AND (  `is_public` = 1 OR `file` = '../wxshare/user/login' ) [ RunTime:0.000295s ]
[2024-11-09T22:56:32+08:00][sql] CONNECT:[ UseTime:0.000289s ] mysql:host=43.241.16.146;port=3306;dbname=zhibo;charset=utf8mb4
[2024-11-09T22:56:32+08:00][sql] SHOW FULL COLUMNS FROM `cmf_hook` [ RunTime:0.000513s ]
[2024-11-09T22:56:32+08:00][sql] SELECT `hook`,`id` FROM `cmf_hook` WHERE  (  (  `app` = '' OR `app` = 'cmf' )  AND `type` = 3 ) OR `type` = 1 [ RunTime:0.000343s ]
[2024-11-09T22:56:32+08:00][sql] SHOW FULL COLUMNS FROM `cmf_hook_plugin` [ RunTime:0.000433s ]
[2024-11-09T22:56:32+08:00][sql] SELECT `hook`,`plugin` FROM `cmf_hook_plugin` WHERE  `status` = 1  AND `hook` IN ('app_begin','module_init','action_begin','view_filter','app_end','log_write','response_end','admin_init','home_init','send_mobile_verification_code','body_start','before_head_end','footer_start','before_footer','before_footer_end','before_body_end','left_sidebar_start','before_left_sidebar_end','right_sidebar_start','before_right_sidebar_end','comment','guestbook','switch_theme','after_content','before_content','log_write_done','switch_admin_theme','captcha_image') ORDER BY `list_order` ASC [ RunTime:0.000399s ]
[2024-11-09T22:56:32+08:00][sql] SHOW FULL COLUMNS FROM `cmf_plugin` [ RunTime:0.000598s ]
[2024-11-09T22:56:32+08:00][sql] SELECT `config` FROM `cmf_plugin` WHERE  `name` = 'Qiniu' LIMIT 1 [ RunTime:0.000254s ]
[2024-11-09T22:56:34+08:00][sql] CONNECT:[ UseTime:0.000288s ] mysql:host=43.241.16.146;port=3306;dbname=zhibo;charset=utf8mb4
[2024-11-09T22:56:34+08:00][sql] SHOW FULL COLUMNS FROM `cmf_hook` [ RunTime:0.000504s ]
[2024-11-09T22:56:34+08:00][sql] SELECT `hook`,`id` FROM `cmf_hook` WHERE  (  (  `app` = '' OR `app` = 'cmf' )  AND `type` = 3 ) OR `type` = 1 [ RunTime:0.000350s ]
[2024-11-09T22:56:34+08:00][sql] SHOW FULL COLUMNS FROM `cmf_hook_plugin` [ RunTime:0.000430s ]
[2024-11-09T22:56:34+08:00][sql] SELECT `hook`,`plugin` FROM `cmf_hook_plugin` WHERE  `status` = 1  AND `hook` IN ('app_begin','module_init','action_begin','view_filter','app_end','log_write','response_end','admin_init','home_init','send_mobile_verification_code','body_start','before_head_end','footer_start','before_footer','before_footer_end','before_body_end','left_sidebar_start','before_left_sidebar_end','right_sidebar_start','before_right_sidebar_end','comment','guestbook','switch_theme','after_content','before_content','log_write_done','switch_admin_theme','captcha_image') ORDER BY `list_order` ASC [ RunTime:0.000398s ]
[2024-11-09T22:56:34+08:00][sql] SHOW FULL COLUMNS FROM `cmf_plugin` [ RunTime:0.000669s ]
[2024-11-09T22:56:34+08:00][sql] SELECT `config` FROM `cmf_plugin` WHERE  `name` = 'Qiniu' LIMIT 1 [ RunTime:0.000272s ]
[2024-11-09T22:56:35+08:00][sql] CONNECT:[ UseTime:0.000289s ] mysql:host=43.241.16.146;port=3306;dbname=zhibo;charset=utf8mb4
[2024-11-09T22:56:35+08:00][sql] SHOW FULL COLUMNS FROM `cmf_hook` [ RunTime:0.000504s ]
[2024-11-09T22:56:35+08:00][sql] SELECT `hook`,`id` FROM `cmf_hook` WHERE  (  (  `app` = '' OR `app` = 'cmf' )  AND `type` = 3 ) OR `type` = 1 [ RunTime:0.000343s ]
[2024-11-09T22:56:35+08:00][sql] SHOW FULL COLUMNS FROM `cmf_hook_plugin` [ RunTime:0.000442s ]
[2024-11-09T22:56:35+08:00][sql] SELECT `hook`,`plugin` FROM `cmf_hook_plugin` WHERE  `status` = 1  AND `hook` IN ('app_begin','module_init','action_begin','view_filter','app_end','log_write','response_end','admin_init','home_init','send_mobile_verification_code','body_start','before_head_end','footer_start','before_footer','before_footer_end','before_body_end','left_sidebar_start','before_left_sidebar_end','right_sidebar_start','before_right_sidebar_end','comment','guestbook','switch_theme','after_content','before_content','log_write_done','switch_admin_theme','captcha_image') ORDER BY `list_order` ASC [ RunTime:0.000393s ]
[2024-11-09T22:56:35+08:00][sql] SHOW FULL COLUMNS FROM `cmf_plugin` [ RunTime:0.000569s ]
[2024-11-09T22:56:35+08:00][sql] SELECT `config` FROM `cmf_plugin` WHERE  `name` = 'Qiniu' LIMIT 1 [ RunTime:0.000264s ]
[2024-11-09T22:56:44+08:00][sql] CONNECT:[ UseTime:0.000302s ] mysql:host=43.241.16.146;port=3306;dbname=zhibo;charset=utf8mb4
[2024-11-09T22:56:44+08:00][sql] SHOW FULL COLUMNS FROM `cmf_hook` [ RunTime:0.000512s ]
[2024-11-09T22:56:44+08:00][sql] SELECT `hook`,`id` FROM `cmf_hook` WHERE  (  (  `app` = '' OR `app` = 'cmf' )  AND `type` = 3 ) OR `type` = 1 [ RunTime:0.000341s ]
[2024-11-09T22:56:44+08:00][sql] SHOW FULL COLUMNS FROM `cmf_hook_plugin` [ RunTime:0.000441s ]
[2024-11-09T22:56:44+08:00][sql] SELECT `hook`,`plugin` FROM `cmf_hook_plugin` WHERE  `status` = 1  AND `hook` IN ('app_begin','module_init','action_begin','view_filter','app_end','log_write','response_end','admin_init','home_init','send_mobile_verification_code','body_start','before_head_end','footer_start','before_footer','before_footer_end','before_body_end','left_sidebar_start','before_left_sidebar_end','right_sidebar_start','before_right_sidebar_end','comment','guestbook','switch_theme','after_content','before_content','log_write_done','switch_admin_theme','captcha_image') ORDER BY `list_order` ASC [ RunTime:0.000402s ]
[2024-11-09T22:56:44+08:00][sql] SHOW FULL COLUMNS FROM `cmf_plugin` [ RunTime:0.000592s ]
[2024-11-09T22:56:44+08:00][sql] SELECT `config` FROM `cmf_plugin` WHERE  `name` = 'Qiniu' LIMIT 1 [ RunTime:0.000259s ]
[2024-11-09T22:56:44+08:00][sql] SHOW FULL COLUMNS FROM `cmf_live` [ RunTime:0.000765s ]
[2024-11-09T22:56:44+08:00][sql] SELECT * FROM `cmf_live` WHERE  ( islive='1' and isrecommend='1' and type='0' and live_type=0 ) [ RunTime:0.000455s ]
[2024-11-09T22:56:44+08:00][sql] SHOW FULL COLUMNS FROM `cmf_slide_item` [ RunTime:0.000481s ]
[2024-11-09T22:56:44+08:00][sql] SELECT * FROM `cmf_slide_item` WHERE  ( status='1' and slide_id='1' ) ORDER BY `list_order` ASC [ RunTime:0.000308s ]
[2024-11-09T22:56:44+08:00][sql] SHOW FULL COLUMNS FROM `cmf_live_class` [ RunTime:0.000438s ]
[2024-11-09T22:56:44+08:00][sql] SELECT * FROM `cmf_live_class` ORDER BY `list_order` LIMIT 5 [ RunTime:0.000262s ]
[2024-11-09T22:56:44+08:00][sql] SELECT * FROM `cmf_live` WHERE  `islive` = 1  AND `live_type` = 0  AND `liveclassid` = 8 ORDER BY `recommend_time` DESC,`starttime` DESC LIMIT 5 [ RunTime:0.000414s ]
[2024-11-09T22:56:44+08:00][sql] SELECT `uid`,`thumb`,`stream`,`title`,`city`,`islive`,`type` FROM `cmf_live` WHERE  ( islive='1' and ishot='1' and live_type=0 ) ORDER BY `isrecommend` DESC,`recommend_time` DESC,`hotvotes` DESC,`starttime` DESC LIMIT 5 [ RunTime:0.000311s ]
[2024-11-09T22:56:44+08:00][sql] SELECT `uid`,`thumb`,`stream`,`title`,`city`,`islive`,`type` FROM `cmf_live` WHERE  ( islive='1' and live_type=0 ) ORDER BY `starttime` DESC LIMIT 5 [ RunTime:0.000259s ]
[2024-11-09T22:56:44+08:00][sql] SHOW FULL COLUMNS FROM `cmf_theme_file` [ RunTime:0.000481s ]
[2024-11-09T22:56:44+08:00][sql] SELECT `more` FROM `cmf_theme_file` WHERE  `theme` = 'default'  AND (  `is_public` = 1 OR `file` = '../home/index/index' ) [ RunTime:0.000279s ]
[2024-11-09T22:56:44+08:00][sql] CONNECT:[ UseTime:0.000277s ] mysql:host=43.241.16.146;port=3306;dbname=zhibo;charset=utf8mb4
[2024-11-09T22:56:44+08:00][sql] SHOW FULL COLUMNS FROM `cmf_hook` [ RunTime:0.000483s ]
[2024-11-09T22:56:44+08:00][sql] SELECT `hook`,`id` FROM `cmf_hook` WHERE  (  (  `app` = '' OR `app` = 'cmf' )  AND `type` = 3 ) OR `type` = 1 [ RunTime:0.000328s ]
[2024-11-09T22:56:44+08:00][sql] SHOW FULL COLUMNS FROM `cmf_hook_plugin` [ RunTime:0.000450s ]
[2024-11-09T22:56:44+08:00][sql] SELECT `hook`,`plugin` FROM `cmf_hook_plugin` WHERE  `status` = 1  AND `hook` IN ('app_begin','module_init','action_begin','view_filter','app_end','log_write','response_end','admin_init','home_init','send_mobile_verification_code','body_start','before_head_end','footer_start','before_footer','before_footer_end','before_body_end','left_sidebar_start','before_left_sidebar_end','right_sidebar_start','before_right_sidebar_end','comment','guestbook','switch_theme','after_content','before_content','log_write_done','switch_admin_theme','captcha_image') ORDER BY `list_order` ASC [ RunTime:0.000398s ]
[2024-11-09T22:56:44+08:00][sql] SHOW FULL COLUMNS FROM `cmf_plugin` [ RunTime:0.000547s ]
[2024-11-09T22:56:44+08:00][sql] SELECT `config` FROM `cmf_plugin` WHERE  `name` = 'Qiniu' LIMIT 1 [ RunTime:0.000253s ]
[2024-11-09T22:56:44+08:00][sql] SHOW FULL COLUMNS FROM `cmf_slide_item` [ RunTime:0.000474s ]
[2024-11-09T22:56:44+08:00][sql] SELECT * FROM `cmf_slide_item` WHERE  ( status='1' and slide_id='6' ) ORDER BY `list_order` ASC [ RunTime:0.000300s ]
[2024-11-09T22:56:44+08:00][sql] SHOW FULL COLUMNS FROM `cmf_live` [ RunTime:0.000572s ]
[2024-11-09T22:56:44+08:00][sql] SELECT `uid`,`title`,`city`,`stream`,`pull`,`thumb`,`type` FROM `cmf_live` WHERE  `islive` = 1  AND `live_type` = 0  AND `ishot` = 1 ORDER BY `recommend_time` DESC,`starttime` DESC LIMIT 0,20 [ RunTime:0.000338s ]
[2024-11-09T22:56:44+08:00][sql] SHOW FULL COLUMNS FROM `cmf_theme_file` [ RunTime:0.000471s ]
[2024-11-09T22:56:44+08:00][sql] SELECT `more` FROM `cmf_theme_file` WHERE  `theme` = 'default'  AND (  `is_public` = 1 OR `file` = '../wxshare/share/index' ) [ RunTime:0.000283s ]
[2024-11-09T22:56:49+08:00][sql] CONNECT:[ UseTime:0.000286s ] mysql:host=43.241.16.146;port=3306;dbname=zhibo;charset=utf8mb4
[2024-11-09T22:56:49+08:00][sql] SHOW FULL COLUMNS FROM `cmf_hook` [ RunTime:0.000521s ]
[2024-11-09T22:56:49+08:00][sql] SELECT `hook`,`id` FROM `cmf_hook` WHERE  (  (  `app` = '' OR `app` = 'cmf' )  AND `type` = 3 ) OR `type` = 1 [ RunTime:0.000340s ]
[2024-11-09T22:56:49+08:00][sql] SHOW FULL COLUMNS FROM `cmf_hook_plugin` [ RunTime:0.000435s ]
[2024-11-09T22:56:49+08:00][sql] SELECT `hook`,`plugin` FROM `cmf_hook_plugin` WHERE  `status` = 1  AND `hook` IN ('app_begin','module_init','action_begin','view_filter','app_end','log_write','response_end','admin_init','home_init','send_mobile_verification_code','body_start','before_head_end','footer_start','before_footer','before_footer_end','before_body_end','left_sidebar_start','before_left_sidebar_end','right_sidebar_start','before_right_sidebar_end','comment','guestbook','switch_theme','after_content','before_content','log_write_done','switch_admin_theme','captcha_image') ORDER BY `list_order` ASC [ RunTime:0.000408s ]
[2024-11-09T22:56:49+08:00][sql] SHOW FULL COLUMNS FROM `cmf_plugin` [ RunTime:0.000641s ]
[2024-11-09T22:56:49+08:00][sql] SELECT `config` FROM `cmf_plugin` WHERE  `name` = 'Qiniu' LIMIT 1 [ RunTime:0.000279s ]
[2024-11-09T22:56:49+08:00][sql] SHOW FULL COLUMNS FROM `cmf_slide_item` [ RunTime:0.000476s ]
[2024-11-09T22:56:49+08:00][sql] SELECT * FROM `cmf_slide_item` WHERE  ( status='1' and slide_id='6' ) ORDER BY `list_order` ASC [ RunTime:0.000322s ]
[2024-11-09T22:56:49+08:00][sql] SHOW FULL COLUMNS FROM `cmf_live` [ RunTime:0.000582s ]
[2024-11-09T22:56:49+08:00][sql] SELECT `uid`,`title`,`city`,`stream`,`pull`,`thumb`,`type` FROM `cmf_live` WHERE  `islive` = 1  AND `live_type` = 0 ORDER BY `starttime` DESC LIMIT 0,20 [ RunTime:0.000323s ]
[2024-11-09T22:56:49+08:00][sql] SHOW FULL COLUMNS FROM `cmf_theme_file` [ RunTime:0.000462s ]
[2024-11-09T22:56:49+08:00][sql] SELECT `more` FROM `cmf_theme_file` WHERE  `theme` = 'default'  AND (  `is_public` = 1 OR `file` = '../wxshare/share/index' ) [ RunTime:0.000284s ]
[2024-11-09T23:27:39+08:00][sql] CONNECT:[ UseTime:0.000420s ] mysql:host=43.241.16.146;port=3306;dbname=zhibo;charset=utf8mb4
[2024-11-09T23:27:39+08:00][sql] SHOW FULL COLUMNS FROM `cmf_hook` [ RunTime:0.000640s ]
[2024-11-09T23:27:39+08:00][sql] SELECT `hook`,`id` FROM `cmf_hook` WHERE  (  (  `app` = '' OR `app` = 'cmf' )  AND `type` = 3 ) OR `type` = 1 [ RunTime:0.000398s ]
[2024-11-09T23:27:39+08:00][sql] SHOW FULL COLUMNS FROM `cmf_hook_plugin` [ RunTime:0.000436s ]
[2024-11-09T23:27:39+08:00][sql] SELECT `hook`,`plugin` FROM `cmf_hook_plugin` WHERE  `status` = 1  AND `hook` IN ('app_begin','module_init','action_begin','view_filter','app_end','log_write','response_end','admin_init','home_init','send_mobile_verification_code','body_start','before_head_end','footer_start','before_footer','before_footer_end','before_body_end','left_sidebar_start','before_left_sidebar_end','right_sidebar_start','before_right_sidebar_end','comment','guestbook','switch_theme','after_content','before_content','log_write_done','switch_admin_theme','captcha_image') ORDER BY `list_order` ASC [ RunTime:0.000409s ]
[2024-11-09T23:27:39+08:00][sql] SHOW FULL COLUMNS FROM `cmf_plugin` [ RunTime:0.000766s ]
[2024-11-09T23:27:39+08:00][sql] SELECT `config` FROM `cmf_plugin` WHERE  `name` = 'Qiniu' LIMIT 1 [ RunTime:0.000303s ]
[2024-11-09T23:27:39+08:00][sql] SHOW FULL COLUMNS FROM `cmf_live` [ RunTime:0.000607s ]
[2024-11-09T23:27:39+08:00][sql] SELECT * FROM `cmf_live` WHERE  ( islive='1' and isrecommend='1' and type='0' and live_type=0 ) [ RunTime:0.000444s ]
[2024-11-09T23:27:39+08:00][sql] SHOW FULL COLUMNS FROM `cmf_slide_item` [ RunTime:0.000471s ]
[2024-11-09T23:27:39+08:00][sql] SELECT * FROM `cmf_slide_item` WHERE  ( status='1' and slide_id='1' ) ORDER BY `list_order` ASC [ RunTime:0.000311s ]
[2024-11-09T23:27:39+08:00][sql] SHOW FULL COLUMNS FROM `cmf_live_class` [ RunTime:0.000479s ]
[2024-11-09T23:27:39+08:00][sql] SELECT * FROM `cmf_live_class` ORDER BY `list_order` LIMIT 5 [ RunTime:0.000273s ]
[2024-11-09T23:27:39+08:00][sql] SELECT * FROM `cmf_live` WHERE  `islive` = 1  AND `live_type` = 0  AND `liveclassid` = 8 ORDER BY `recommend_time` DESC,`starttime` DESC LIMIT 5 [ RunTime:0.000416s ]
[2024-11-09T23:27:39+08:00][sql] SELECT `uid`,`thumb`,`stream`,`title`,`city`,`islive`,`type` FROM `cmf_live` WHERE  ( islive='1' and ishot='1' and live_type=0 ) ORDER BY `isrecommend` DESC,`recommend_time` DESC,`hotvotes` DESC,`starttime` DESC LIMIT 5 [ RunTime:0.000319s ]
[2024-11-09T23:27:39+08:00][sql] SELECT `uid`,`thumb`,`stream`,`title`,`city`,`islive`,`type` FROM `cmf_live` WHERE  ( islive='1' and live_type=0 ) ORDER BY `starttime` DESC LIMIT 5 [ RunTime:0.000261s ]
[2024-11-09T23:27:39+08:00][sql] SHOW FULL COLUMNS FROM `cmf_theme_file` [ RunTime:0.000495s ]
[2024-11-09T23:27:39+08:00][sql] SELECT `more` FROM `cmf_theme_file` WHERE  `theme` = 'default'  AND (  `is_public` = 1 OR `file` = '../home/index/index' ) [ RunTime:0.000281s ]
[2024-11-09T23:27:40+08:00][sql] CONNECT:[ UseTime:0.000305s ] mysql:host=43.241.16.146;port=3306;dbname=zhibo;charset=utf8mb4
[2024-11-09T23:27:40+08:00][sql] SHOW FULL COLUMNS FROM `cmf_hook` [ RunTime:0.000516s ]
[2024-11-09T23:27:40+08:00][sql] SELECT `hook`,`id` FROM `cmf_hook` WHERE  (  (  `app` = '' OR `app` = 'cmf' )  AND `type` = 3 ) OR `type` = 1 [ RunTime:0.000344s ]
[2024-11-09T23:27:40+08:00][sql] SHOW FULL COLUMNS FROM `cmf_hook_plugin` [ RunTime:0.000427s ]
[2024-11-09T23:27:40+08:00][sql] SELECT `hook`,`plugin` FROM `cmf_hook_plugin` WHERE  `status` = 1  AND `hook` IN ('app_begin','module_init','action_begin','view_filter','app_end','log_write','response_end','admin_init','home_init','send_mobile_verification_code','body_start','before_head_end','footer_start','before_footer','before_footer_end','before_body_end','left_sidebar_start','before_left_sidebar_end','right_sidebar_start','before_right_sidebar_end','comment','guestbook','switch_theme','after_content','before_content','log_write_done','switch_admin_theme','captcha_image') ORDER BY `list_order` ASC [ RunTime:0.000396s ]
[2024-11-09T23:27:40+08:00][sql] SHOW FULL COLUMNS FROM `cmf_plugin` [ RunTime:0.000564s ]
[2024-11-09T23:27:40+08:00][sql] SELECT `config` FROM `cmf_plugin` WHERE  `name` = 'Qiniu' LIMIT 1 [ RunTime:0.000249s ]
[2024-11-09T23:27:40+08:00][sql] SHOW FULL COLUMNS FROM `cmf_slide_item` [ RunTime:0.000464s ]
[2024-11-09T23:27:40+08:00][sql] SELECT * FROM `cmf_slide_item` WHERE  ( status='1' and slide_id='6' ) ORDER BY `list_order` ASC [ RunTime:0.000301s ]
[2024-11-09T23:27:40+08:00][sql] SHOW FULL COLUMNS FROM `cmf_live` [ RunTime:0.000586s ]
[2024-11-09T23:27:40+08:00][sql] SELECT `uid`,`title`,`city`,`stream`,`pull`,`thumb`,`type` FROM `cmf_live` WHERE  `islive` = 1  AND `live_type` = 0  AND `ishot` = 1 ORDER BY `recommend_time` DESC,`starttime` DESC LIMIT 0,20 [ RunTime:0.000345s ]
[2024-11-09T23:27:40+08:00][sql] SHOW FULL COLUMNS FROM `cmf_theme_file` [ RunTime:0.000468s ]
[2024-11-09T23:27:40+08:00][sql] SELECT `more` FROM `cmf_theme_file` WHERE  `theme` = 'default'  AND (  `is_public` = 1 OR `file` = '../wxshare/share/index' ) [ RunTime:0.000278s ]
[2024-11-09T23:40:30+08:00][sql] CONNECT:[ UseTime:0.000418s ] mysql:host=43.241.16.146;port=3306;dbname=zhibo;charset=utf8mb4
[2024-11-09T23:40:30+08:00][sql] SHOW FULL COLUMNS FROM `cmf_hook` [ RunTime:0.000640s ]
[2024-11-09T23:40:30+08:00][sql] SELECT `hook`,`id` FROM `cmf_hook` WHERE  (  (  `app` = '' OR `app` = 'cmf' )  AND `type` = 3 ) OR `type` = 1 [ RunTime:0.000404s ]
[2024-11-09T23:40:30+08:00][sql] SHOW FULL COLUMNS FROM `cmf_hook_plugin` [ RunTime:0.000464s ]
[2024-11-09T23:40:30+08:00][sql] SELECT `hook`,`plugin` FROM `cmf_hook_plugin` WHERE  `status` = 1  AND `hook` IN ('app_begin','module_init','action_begin','view_filter','app_end','log_write','response_end','admin_init','home_init','send_mobile_verification_code','body_start','before_head_end','footer_start','before_footer','before_footer_end','before_body_end','left_sidebar_start','before_left_sidebar_end','right_sidebar_start','before_right_sidebar_end','comment','guestbook','switch_theme','after_content','before_content','log_write_done','switch_admin_theme','captcha_image') ORDER BY `list_order` ASC [ RunTime:0.000429s ]
[2024-11-09T23:40:30+08:00][sql] SHOW FULL COLUMNS FROM `cmf_plugin` [ RunTime:0.000755s ]
[2024-11-09T23:40:30+08:00][sql] SELECT `config` FROM `cmf_plugin` WHERE  `name` = 'Qiniu' LIMIT 1 [ RunTime:0.000309s ]
[2024-11-09T23:40:30+08:00][sql] SHOW FULL COLUMNS FROM `cmf_live` [ RunTime:0.000662s ]
[2024-11-09T23:40:30+08:00][sql] SELECT * FROM `cmf_live` WHERE  ( islive='1' and isrecommend='1' and type='0' and live_type=0 ) [ RunTime:0.000437s ]
[2024-11-09T23:40:30+08:00][sql] SHOW FULL COLUMNS FROM `cmf_slide_item` [ RunTime:0.000484s ]
[2024-11-09T23:40:30+08:00][sql] SELECT * FROM `cmf_slide_item` WHERE  ( status='1' and slide_id='1' ) ORDER BY `list_order` ASC [ RunTime:0.000320s ]
[2024-11-09T23:40:30+08:00][sql] SHOW FULL COLUMNS FROM `cmf_live_class` [ RunTime:0.000453s ]
[2024-11-09T23:40:30+08:00][sql] SELECT * FROM `cmf_live_class` ORDER BY `list_order` LIMIT 5 [ RunTime:0.000307s ]
[2024-11-09T23:40:30+08:00][sql] SELECT * FROM `cmf_live` WHERE  `islive` = 1  AND `live_type` = 0  AND `liveclassid` = 8 ORDER BY `recommend_time` DESC,`starttime` DESC LIMIT 5 [ RunTime:0.000414s ]
[2024-11-09T23:40:30+08:00][sql] SELECT `uid`,`thumb`,`stream`,`title`,`city`,`islive`,`type` FROM `cmf_live` WHERE  ( islive='1' and ishot='1' and live_type=0 ) ORDER BY `isrecommend` DESC,`recommend_time` DESC,`hotvotes` DESC,`starttime` DESC LIMIT 5 [ RunTime:0.000304s ]
[2024-11-09T23:40:30+08:00][sql] SELECT `uid`,`thumb`,`stream`,`title`,`city`,`islive`,`type` FROM `cmf_live` WHERE  ( islive='1' and live_type=0 ) ORDER BY `starttime` DESC LIMIT 5 [ RunTime:0.000270s ]
[2024-11-09T23:40:30+08:00][sql] SHOW FULL COLUMNS FROM `cmf_theme_file` [ RunTime:0.000480s ]
[2024-11-09T23:40:30+08:00][sql] SELECT `more` FROM `cmf_theme_file` WHERE  `theme` = 'default'  AND (  `is_public` = 1 OR `file` = '../home/index/index' ) [ RunTime:0.000284s ]
