[2024-11-12T01:57:04+08:00][sql] CONNECT:[ UseTime:0.000416s ] mysql:host=43.241.16.146;port=3306;dbname=zhibo;charset=utf8mb4
[2024-11-12T01:57:04+08:00][sql] SHOW FULL COLUMNS FROM `cmf_hook` [ RunTime:0.000649s ]
[2024-11-12T01:57:04+08:00][sql] SELECT `hook`,`id` FROM `cmf_hook` WHERE  (  (  `app` = '' OR `app` = 'cmf' )  AND `type` = 3 ) OR `type` = 1 [ RunTime:0.000403s ]
[2024-11-12T01:57:04+08:00][sql] SHOW FULL COLUMNS FROM `cmf_hook_plugin` [ RunTime:0.000425s ]
[2024-11-12T01:57:04+08:00][sql] SELECT `hook`,`plugin` FROM `cmf_hook_plugin` WHERE  `status` = 1  AND `hook` IN ('app_begin','module_init','action_begin','view_filter','app_end','log_write','response_end','admin_init','home_init','send_mobile_verification_code','body_start','before_head_end','footer_start','before_footer','before_footer_end','before_body_end','left_sidebar_start','before_left_sidebar_end','right_sidebar_start','before_right_sidebar_end','comment','guestbook','switch_theme','after_content','before_content','log_write_done','switch_admin_theme','captcha_image') ORDER BY `list_order` ASC [ RunTime:0.000408s ]
[2024-11-12T01:57:04+08:00][sql] SHOW FULL COLUMNS FROM `cmf_plugin` [ RunTime:0.000766s ]
[2024-11-12T01:57:04+08:00][sql] SELECT `config` FROM `cmf_plugin` WHERE  `name` = 'Qiniu' LIMIT 1 [ RunTime:0.000313s ]
[2024-11-12T01:57:04+08:00][sql] SHOW FULL COLUMNS FROM `cmf_live` [ RunTime:0.000583s ]
[2024-11-12T01:57:04+08:00][sql] SELECT * FROM `cmf_live` WHERE  ( islive='1' and isrecommend='1' and type='0' and live_type=0 ) [ RunTime:0.000427s ]
[2024-11-12T01:57:04+08:00][sql] SHOW FULL COLUMNS FROM `cmf_slide_item` [ RunTime:0.000473s ]
[2024-11-12T01:57:04+08:00][sql] SELECT * FROM `cmf_slide_item` WHERE  ( status='1' and slide_id='1' ) ORDER BY `list_order` ASC [ RunTime:0.000308s ]
[2024-11-12T01:57:04+08:00][sql] SHOW FULL COLUMNS FROM `cmf_live_class` [ RunTime:0.000435s ]
[2024-11-12T01:57:04+08:00][sql] SELECT * FROM `cmf_live_class` ORDER BY `list_order` LIMIT 5 [ RunTime:0.000259s ]
[2024-11-12T01:57:04+08:00][sql] SELECT * FROM `cmf_live` WHERE  `islive` = 1  AND `live_type` = 0  AND `liveclassid` = 8 ORDER BY `recommend_time` DESC,`starttime` DESC LIMIT 5 [ RunTime:0.000407s ]
[2024-11-12T01:57:04+08:00][sql] SELECT `uid`,`thumb`,`stream`,`title`,`city`,`islive`,`type` FROM `cmf_live` WHERE  ( islive='1' and ishot='1' and live_type=0 ) ORDER BY `isrecommend` DESC,`recommend_time` DESC,`hotvotes` DESC,`starttime` DESC LIMIT 5 [ RunTime:0.000308s ]
[2024-11-12T01:57:04+08:00][sql] SELECT `uid`,`thumb`,`stream`,`title`,`city`,`islive`,`type` FROM `cmf_live` WHERE  ( islive='1' and live_type=0 ) ORDER BY `starttime` DESC LIMIT 5 [ RunTime:0.000259s ]
[2024-11-12T01:57:04+08:00][sql] SHOW FULL COLUMNS FROM `cmf_theme_file` [ RunTime:0.000483s ]
[2024-11-12T01:57:04+08:00][sql] SELECT `more` FROM `cmf_theme_file` WHERE  `theme` = 'default'  AND (  `is_public` = 1 OR `file` = '../home/index/index' ) [ RunTime:0.000278s ]
[2024-11-12T01:57:04+08:00][sql] CONNECT:[ UseTime:0.000306s ] mysql:host=43.241.16.146;port=3306;dbname=zhibo;charset=utf8mb4
[2024-11-12T01:57:04+08:00][sql] SHOW FULL COLUMNS FROM `cmf_hook` [ RunTime:0.000554s ]
[2024-11-12T01:57:04+08:00][sql] SELECT `hook`,`id` FROM `cmf_hook` WHERE  (  (  `app` = '' OR `app` = 'cmf' )  AND `type` = 3 ) OR `type` = 1 [ RunTime:0.000379s ]
[2024-11-12T01:57:04+08:00][sql] SHOW FULL COLUMNS FROM `cmf_hook_plugin` [ RunTime:0.000511s ]
[2024-11-12T01:57:04+08:00][sql] SELECT `hook`,`plugin` FROM `cmf_hook_plugin` WHERE  `status` = 1  AND `hook` IN ('app_begin','module_init','action_begin','view_filter','app_end','log_write','response_end','admin_init','home_init','send_mobile_verification_code','body_start','before_head_end','footer_start','before_footer','before_footer_end','before_body_end','left_sidebar_start','before_left_sidebar_end','right_sidebar_start','before_right_sidebar_end','comment','guestbook','switch_theme','after_content','before_content','log_write_done','switch_admin_theme','captcha_image') ORDER BY `list_order` ASC [ RunTime:0.000455s ]
[2024-11-12T06:52:13+08:00][sql] CONNECT:[ UseTime:0.000471s ] mysql:host=43.241.16.146;port=3306;dbname=zhibo;charset=utf8mb4
[2024-11-12T06:52:13+08:00][sql] SHOW FULL COLUMNS FROM `cmf_hook` [ RunTime:0.000654s ]
[2024-11-12T06:52:13+08:00][sql] SELECT `hook`,`id` FROM `cmf_hook` WHERE  (  (  `app` = '' OR `app` = 'cmf' )  AND `type` = 3 ) OR `type` = 1 [ RunTime:0.000398s ]
[2024-11-12T06:52:13+08:00][sql] SHOW FULL COLUMNS FROM `cmf_hook_plugin` [ RunTime:0.000442s ]
[2024-11-12T06:52:13+08:00][sql] SELECT `hook`,`plugin` FROM `cmf_hook_plugin` WHERE  `status` = 1  AND `hook` IN ('app_begin','module_init','action_begin','view_filter','app_end','log_write','response_end','admin_init','home_init','send_mobile_verification_code','body_start','before_head_end','footer_start','before_footer','before_footer_end','before_body_end','left_sidebar_start','before_left_sidebar_end','right_sidebar_start','before_right_sidebar_end','comment','guestbook','switch_theme','after_content','before_content','log_write_done','switch_admin_theme','captcha_image') ORDER BY `list_order` ASC [ RunTime:0.000419s ]
[2024-11-12T06:52:13+08:00][sql] SHOW FULL COLUMNS FROM `cmf_plugin` [ RunTime:0.000506s ]
[2024-11-12T06:52:13+08:00][sql] SELECT `config` FROM `cmf_plugin` WHERE  `name` = 'Qiniu' LIMIT 1 [ RunTime:0.000244s ]
[2024-11-12T06:52:13+08:00][sql] SHOW FULL COLUMNS FROM `cmf_user` [ RunTime:0.000632s ]
[2024-11-12T06:52:13+08:00][sql] SELECT `id`,`user_login`,`user_nickname`,`avatar`,`avatar_thumb`,`sex`,`signature`,`consumption`,`votestotal`,`province`,`city`,`coin`,`votes`,`birthday`,`issuper` FROM `cmf_user` WHERE  `id` = 2 LIMIT 1 [ RunTime:0.000322s ]
[2024-11-12T06:52:13+08:00][sql] SHOW FULL COLUMNS FROM `cmf_vip_user` [ RunTime:0.000427s ]
[2024-11-12T06:52:13+08:00][sql] SELECT * FROM `cmf_vip_user` WHERE  `uid` = 2 LIMIT 1 [ RunTime:0.000234s ]
[2024-11-12T06:52:13+08:00][sql] SHOW FULL COLUMNS FROM `cmf_liang` [ RunTime:0.000442s ]
[2024-11-12T06:52:13+08:00][sql] SELECT * FROM `cmf_liang` WHERE  ( status=1 and state=1 )  AND `uid` = 2 LIMIT 1 [ RunTime:0.000284s ]
[2024-11-12T06:52:13+08:00][sql] SHOW FULL COLUMNS FROM `cmf_user_token` [ RunTime:0.000412s ]
[2024-11-12T06:52:13+08:00][sql] SELECT `token` FROM `cmf_user_token` WHERE  ( user_id=2 ) LIMIT 1 [ RunTime:0.000221s ]
[2024-11-12T06:52:13+08:00][sql] SELECT `id`,`user_login`,`user_nickname`,`avatar`,`avatar_thumb`,`sex`,`signature`,`consumption`,`votestotal`,`province`,`city`,`coin`,`votes`,`birthday`,`issuper` FROM `cmf_user` WHERE  `id` = 2 LIMIT 1 [ RunTime:0.000279s ]
[2024-11-12T06:52:13+08:00][sql] SELECT * FROM `cmf_vip_user` WHERE  `uid` = 2 LIMIT 1 [ RunTime:0.000233s ]
[2024-11-12T06:52:13+08:00][sql] SELECT * FROM `cmf_liang` WHERE  ( status=1 and state=1 )  AND `uid` = 2 LIMIT 1 [ RunTime:0.000252s ]
[2024-11-12T06:52:13+08:00][sql] SELECT `token` FROM `cmf_user_token` WHERE  ( user_id=2 ) LIMIT 1 [ RunTime:0.000206s ]
[2024-11-12T06:52:13+08:00][sql] SHOW FULL COLUMNS FROM `cmf_live` [ RunTime:0.000584s ]
[2024-11-12T06:52:13+08:00][sql] SELECT * FROM `cmf_live` WHERE  ( islive='1' and isrecommend='1' and type='0' and live_type=0 ) [ RunTime:0.000414s ]
[2024-11-12T06:52:13+08:00][sql] SHOW FULL COLUMNS FROM `cmf_slide_item` [ RunTime:0.000464s ]
[2024-11-12T06:52:13+08:00][sql] SELECT * FROM `cmf_slide_item` WHERE  ( status='1' and slide_id='1' ) ORDER BY `list_order` ASC [ RunTime:0.000306s ]
[2024-11-12T06:52:13+08:00][sql] SHOW FULL COLUMNS FROM `cmf_live_class` [ RunTime:0.000444s ]
[2024-11-12T06:52:13+08:00][sql] SELECT * FROM `cmf_live_class` ORDER BY `list_order` LIMIT 5 [ RunTime:0.000264s ]
[2024-11-12T06:52:13+08:00][sql] SELECT * FROM `cmf_live` WHERE  `islive` = 1  AND `live_type` = 0  AND `liveclassid` = 8 ORDER BY `recommend_time` DESC,`starttime` DESC LIMIT 5 [ RunTime:0.000403s ]
[2024-11-12T06:52:13+08:00][sql] SELECT `uid`,`thumb`,`stream`,`title`,`city`,`islive`,`type` FROM `cmf_live` WHERE  ( islive='1' and ishot='1' and live_type=0 ) ORDER BY `isrecommend` DESC,`recommend_time` DESC,`hotvotes` DESC,`starttime` DESC LIMIT 5 [ RunTime:0.000298s ]
[2024-11-12T06:52:13+08:00][sql] SELECT `uid`,`thumb`,`stream`,`title`,`city`,`islive`,`type` FROM `cmf_live` WHERE  ( islive='1' and live_type=0 ) ORDER BY `starttime` DESC LIMIT 5 [ RunTime:0.000256s ]
[2024-11-12T06:52:13+08:00][sql] SHOW FULL COLUMNS FROM `cmf_theme_file` [ RunTime:0.000473s ]
[2024-11-12T06:52:13+08:00][sql] SELECT `more` FROM `cmf_theme_file` WHERE  `theme` = 'default'  AND (  `is_public` = 1 OR `file` = '../home/index/index' ) [ RunTime:0.000282s ]
[2024-11-12T06:52:15+08:00][sql] CONNECT:[ UseTime:0.000345s ] mysql:host=43.241.16.146;port=3306;dbname=zhibo;charset=utf8mb4
[2024-11-12T06:52:15+08:00][sql] SHOW FULL COLUMNS FROM `cmf_hook` [ RunTime:0.000641s ]
[2024-11-12T06:52:15+08:00][sql] SELECT `hook`,`id` FROM `cmf_hook` WHERE  (  (  `app` = '' OR `app` = 'cmf' )  AND `type` = 3 ) OR `type` = 1 [ RunTime:0.000403s ]
[2024-11-12T06:52:15+08:00][sql] SHOW FULL COLUMNS FROM `cmf_hook_plugin` [ RunTime:0.000447s ]
[2024-11-12T06:52:15+08:00][sql] SELECT `hook`,`plugin` FROM `cmf_hook_plugin` WHERE  `status` = 1  AND `hook` IN ('app_begin','module_init','action_begin','view_filter','app_end','log_write','response_end','admin_init','home_init','send_mobile_verification_code','body_start','before_head_end','footer_start','before_footer','before_footer_end','before_body_end','left_sidebar_start','before_left_sidebar_end','right_sidebar_start','before_right_sidebar_end','comment','guestbook','switch_theme','after_content','before_content','log_write_done','switch_admin_theme','captcha_image') ORDER BY `list_order` ASC [ RunTime:0.000417s ]
[2024-11-12T06:52:15+08:00][sql] SHOW FULL COLUMNS FROM `cmf_plugin` [ RunTime:0.000602s ]
[2024-11-12T06:52:15+08:00][sql] SELECT `config` FROM `cmf_plugin` WHERE  `name` = 'Qiniu' LIMIT 1 [ RunTime:0.000263s ]
[2024-11-12T06:52:15+08:00][sql] SHOW FULL COLUMNS FROM `cmf_user` [ RunTime:0.000642s ]
[2024-11-12T06:52:15+08:00][sql] SELECT `id`,`user_login`,`user_nickname`,`avatar`,`avatar_thumb`,`sex`,`signature`,`consumption`,`votestotal`,`province`,`city`,`coin`,`votes`,`birthday`,`issuper` FROM `cmf_user` WHERE  `id` = 2 LIMIT 1 [ RunTime:0.000320s ]
[2024-11-12T06:52:15+08:00][sql] SHOW FULL COLUMNS FROM `cmf_vip_user` [ RunTime:0.000422s ]
[2024-11-12T06:52:15+08:00][sql] SELECT * FROM `cmf_vip_user` WHERE  `uid` = 2 LIMIT 1 [ RunTime:0.000234s ]
[2024-11-12T06:52:15+08:00][sql] SHOW FULL COLUMNS FROM `cmf_liang` [ RunTime:0.000449s ]
[2024-11-12T06:52:15+08:00][sql] SELECT * FROM `cmf_liang` WHERE  ( status=1 and state=1 )  AND `uid` = 2 LIMIT 1 [ RunTime:0.000276s ]
[2024-11-12T06:52:15+08:00][sql] SHOW FULL COLUMNS FROM `cmf_user_token` [ RunTime:0.000420s ]
[2024-11-12T06:52:15+08:00][sql] SELECT `token` FROM `cmf_user_token` WHERE  ( user_id=2 ) LIMIT 1 [ RunTime:0.000213s ]
[2024-11-12T06:52:15+08:00][sql] SELECT `id`,`user_login`,`user_nickname`,`avatar`,`avatar_thumb`,`sex`,`signature`,`consumption`,`votestotal`,`province`,`city`,`coin`,`votes`,`birthday`,`issuper` FROM `cmf_user` WHERE  `id` = 2 LIMIT 1 [ RunTime:0.000276s ]
[2024-11-12T06:52:15+08:00][sql] SELECT * FROM `cmf_vip_user` WHERE  `uid` = 2 LIMIT 1 [ RunTime:0.000224s ]
[2024-11-12T06:52:15+08:00][sql] SELECT * FROM `cmf_liang` WHERE  ( status=1 and state=1 )  AND `uid` = 2 LIMIT 1 [ RunTime:0.000256s ]
[2024-11-12T06:52:15+08:00][sql] SELECT `token` FROM `cmf_user_token` WHERE  ( user_id=2 ) LIMIT 1 [ RunTime:0.000196s ]
[2024-11-12T06:52:15+08:00][sql] SHOW FULL COLUMNS FROM `cmf_slide_item` [ RunTime:0.000470s ]
[2024-11-12T06:52:15+08:00][sql] SELECT * FROM `cmf_slide_item` WHERE  ( status='1' and slide_id='6' ) ORDER BY `list_order` ASC [ RunTime:0.000296s ]
[2024-11-12T06:52:15+08:00][sql] SHOW FULL COLUMNS FROM `cmf_live` [ RunTime:0.000573s ]
[2024-11-12T06:52:15+08:00][sql] SELECT `uid`,`title`,`city`,`stream`,`pull`,`thumb`,`type` FROM `cmf_live` WHERE  `islive` = 1  AND `live_type` = 0  AND `ishot` = 1 ORDER BY `recommend_time` DESC,`starttime` DESC LIMIT 0,20 [ RunTime:0.000341s ]
[2024-11-12T06:52:15+08:00][sql] SHOW FULL COLUMNS FROM `cmf_theme_file` [ RunTime:0.000460s ]
[2024-11-12T06:52:15+08:00][sql] SELECT `more` FROM `cmf_theme_file` WHERE  `theme` = 'default'  AND (  `is_public` = 1 OR `file` = '../wxshare/share/index' ) [ RunTime:0.000275s ]
[2024-11-12T06:52:18+08:00][sql] CONNECT:[ UseTime:0.000279s ] mysql:host=43.241.16.146;port=3306;dbname=zhibo;charset=utf8mb4
[2024-11-12T06:52:18+08:00][sql] SHOW FULL COLUMNS FROM `cmf_hook` [ RunTime:0.000507s ]
[2024-11-12T06:52:18+08:00][sql] SELECT `hook`,`id` FROM `cmf_hook` WHERE  (  (  `app` = '' OR `app` = 'cmf' )  AND `type` = 3 ) OR `type` = 1 [ RunTime:0.000332s ]
[2024-11-12T06:52:18+08:00][sql] SHOW FULL COLUMNS FROM `cmf_hook_plugin` [ RunTime:0.000430s ]
[2024-11-12T06:52:18+08:00][sql] SELECT `hook`,`plugin` FROM `cmf_hook_plugin` WHERE  `status` = 1  AND `hook` IN ('app_begin','module_init','action_begin','view_filter','app_end','log_write','response_end','admin_init','home_init','send_mobile_verification_code','body_start','before_head_end','footer_start','before_footer','before_footer_end','before_body_end','left_sidebar_start','before_left_sidebar_end','right_sidebar_start','before_right_sidebar_end','comment','guestbook','switch_theme','after_content','before_content','log_write_done','switch_admin_theme','captcha_image') ORDER BY `list_order` ASC [ RunTime:0.000397s ]
[2024-11-12T06:52:18+08:00][sql] SHOW FULL COLUMNS FROM `cmf_plugin` [ RunTime:0.000693s ]
[2024-11-12T06:52:18+08:00][sql] SELECT `config` FROM `cmf_plugin` WHERE  `name` = 'Qiniu' LIMIT 1 [ RunTime:0.000286s ]
[2024-11-12T06:52:18+08:00][sql] SHOW FULL COLUMNS FROM `cmf_user` [ RunTime:0.000651s ]
[2024-11-12T06:52:18+08:00][sql] SELECT `id`,`user_login`,`user_nickname`,`avatar`,`avatar_thumb`,`sex`,`signature`,`consumption`,`votestotal`,`province`,`city`,`coin`,`votes`,`birthday`,`issuper` FROM `cmf_user` WHERE  `id` = 2 LIMIT 1 [ RunTime:0.000337s ]
[2024-11-12T06:52:18+08:00][sql] SHOW FULL COLUMNS FROM `cmf_vip_user` [ RunTime:0.000419s ]
[2024-11-12T06:52:18+08:00][sql] SELECT * FROM `cmf_vip_user` WHERE  `uid` = 2 LIMIT 1 [ RunTime:0.000237s ]
[2024-11-12T06:52:18+08:00][sql] SHOW FULL COLUMNS FROM `cmf_liang` [ RunTime:0.000448s ]
[2024-11-12T06:52:18+08:00][sql] SELECT * FROM `cmf_liang` WHERE  ( status=1 and state=1 )  AND `uid` = 2 LIMIT 1 [ RunTime:0.000279s ]
[2024-11-12T06:52:18+08:00][sql] SHOW FULL COLUMNS FROM `cmf_user_token` [ RunTime:0.000422s ]
[2024-11-12T06:52:18+08:00][sql] SELECT `token` FROM `cmf_user_token` WHERE  ( user_id=2 ) LIMIT 1 [ RunTime:0.000213s ]
[2024-11-12T06:52:18+08:00][sql] SELECT `id`,`user_login`,`user_nickname`,`avatar`,`avatar_thumb`,`sex`,`signature`,`consumption`,`votestotal`,`province`,`city`,`coin`,`votes`,`birthday`,`issuper` FROM `cmf_user` WHERE  `id` = 2 LIMIT 1 [ RunTime:0.000286s ]
[2024-11-12T06:52:18+08:00][sql] SELECT * FROM `cmf_vip_user` WHERE  `uid` = 2 LIMIT 1 [ RunTime:0.000224s ]
[2024-11-12T06:52:18+08:00][sql] SELECT * FROM `cmf_liang` WHERE  ( status=1 and state=1 )  AND `uid` = 2 LIMIT 1 [ RunTime:0.000252s ]
[2024-11-12T06:52:18+08:00][sql] SELECT `token` FROM `cmf_user_token` WHERE  ( user_id=2 ) LIMIT 1 [ RunTime:0.000193s ]
[2024-11-12T06:52:18+08:00][sql] SHOW FULL COLUMNS FROM `cmf_slide_item` [ RunTime:0.000471s ]
[2024-11-12T06:52:18+08:00][sql] SELECT * FROM `cmf_slide_item` WHERE  ( status='1' and slide_id='6' ) ORDER BY `list_order` ASC [ RunTime:0.000312s ]
[2024-11-12T06:52:18+08:00][sql] SHOW FULL COLUMNS FROM `cmf_live` [ RunTime:0.000570s ]
[2024-11-12T06:52:18+08:00][sql] SELECT `uid`,`title`,`city`,`stream`,`pull`,`thumb`,`type` FROM `cmf_live` WHERE  `islive` = 1  AND `live_type` = 0 ORDER BY `starttime` DESC LIMIT 0,20 [ RunTime:0.000312s ]
[2024-11-12T06:52:18+08:00][sql] SHOW FULL COLUMNS FROM `cmf_theme_file` [ RunTime:0.000474s ]
[2024-11-12T06:52:18+08:00][sql] SELECT `more` FROM `cmf_theme_file` WHERE  `theme` = 'default'  AND (  `is_public` = 1 OR `file` = '../wxshare/share/index' ) [ RunTime:0.000279s ]
[2024-11-12T06:52:20+08:00][sql] CONNECT:[ UseTime:0.000342s ] mysql:host=43.241.16.146;port=3306;dbname=zhibo;charset=utf8mb4
[2024-11-12T06:52:20+08:00][sql] SHOW FULL COLUMNS FROM `cmf_hook` [ RunTime:0.000495s ]
[2024-11-12T06:52:20+08:00][sql] SELECT `hook`,`id` FROM `cmf_hook` WHERE  (  (  `app` = '' OR `app` = 'cmf' )  AND `type` = 3 ) OR `type` = 1 [ RunTime:0.000342s ]
[2024-11-12T06:52:20+08:00][sql] SHOW FULL COLUMNS FROM `cmf_hook_plugin` [ RunTime:0.000433s ]
[2024-11-12T06:52:20+08:00][sql] SELECT `hook`,`plugin` FROM `cmf_hook_plugin` WHERE  `status` = 1  AND `hook` IN ('app_begin','module_init','action_begin','view_filter','app_end','log_write','response_end','admin_init','home_init','send_mobile_verification_code','body_start','before_head_end','footer_start','before_footer','before_footer_end','before_body_end','left_sidebar_start','before_left_sidebar_end','right_sidebar_start','before_right_sidebar_end','comment','guestbook','switch_theme','after_content','before_content','log_write_done','switch_admin_theme','captcha_image') ORDER BY `list_order` ASC [ RunTime:0.000408s ]
[2024-11-12T06:52:20+08:00][sql] SHOW FULL COLUMNS FROM `cmf_plugin` [ RunTime:0.000507s ]
[2024-11-12T06:52:20+08:00][sql] SELECT `config` FROM `cmf_plugin` WHERE  `name` = 'Qiniu' LIMIT 1 [ RunTime:0.000248s ]
[2024-11-12T06:52:20+08:00][sql] SHOW FULL COLUMNS FROM `cmf_user` [ RunTime:0.000648s ]
[2024-11-12T06:52:20+08:00][sql] SELECT `id`,`user_login`,`user_nickname`,`avatar`,`avatar_thumb`,`sex`,`signature`,`consumption`,`votestotal`,`province`,`city`,`coin`,`votes`,`birthday`,`issuper` FROM `cmf_user` WHERE  `id` = 2 LIMIT 1 [ RunTime:0.000322s ]
[2024-11-12T06:52:20+08:00][sql] SHOW FULL COLUMNS FROM `cmf_vip_user` [ RunTime:0.000422s ]
[2024-11-12T06:52:20+08:00][sql] SELECT * FROM `cmf_vip_user` WHERE  `uid` = 2 LIMIT 1 [ RunTime:0.000244s ]
[2024-11-12T06:52:20+08:00][sql] SHOW FULL COLUMNS FROM `cmf_liang` [ RunTime:0.000455s ]
[2024-11-12T06:52:20+08:00][sql] SELECT * FROM `cmf_liang` WHERE  ( status=1 and state=1 )  AND `uid` = 2 LIMIT 1 [ RunTime:0.000276s ]
[2024-11-12T06:52:20+08:00][sql] SHOW FULL COLUMNS FROM `cmf_user_token` [ RunTime:0.000429s ]
[2024-11-12T06:52:20+08:00][sql] SELECT `token` FROM `cmf_user_token` WHERE  ( user_id=2 ) LIMIT 1 [ RunTime:0.000215s ]
[2024-11-12T06:52:20+08:00][sql] SELECT `id`,`user_login`,`user_nickname`,`avatar`,`avatar_thumb`,`sex`,`signature`,`consumption`,`votestotal`,`province`,`city`,`coin`,`votes`,`birthday`,`issuper` FROM `cmf_user` WHERE  `id` = 2 LIMIT 1 [ RunTime:0.000289s ]
[2024-11-12T06:52:20+08:00][sql] SELECT * FROM `cmf_vip_user` WHERE  `uid` = 2 LIMIT 1 [ RunTime:0.000228s ]
[2024-11-12T06:52:20+08:00][sql] SELECT * FROM `cmf_liang` WHERE  ( status=1 and state=1 )  AND `uid` = 2 LIMIT 1 [ RunTime:0.000268s ]
[2024-11-12T06:52:20+08:00][sql] SELECT `token` FROM `cmf_user_token` WHERE  ( user_id=2 ) LIMIT 1 [ RunTime:0.000198s ]
[2024-11-12T06:52:20+08:00][sql] SELECT `id`,`user_login`,`user_nickname`,`avatar`,`avatar_thumb`,`sex`,`signature`,`consumption`,`votestotal`,`province`,`city`,`coin`,`votes`,`birthday`,`issuper` FROM `cmf_user` WHERE  `id` = 2 LIMIT 1 [ RunTime:0.000289s ]
[2024-11-12T06:52:20+08:00][sql] SELECT * FROM `cmf_vip_user` WHERE  `uid` = 2 LIMIT 1 [ RunTime:0.000225s ]
[2024-11-12T06:52:20+08:00][sql] SELECT * FROM `cmf_liang` WHERE  ( status=1 and state=1 )  AND `uid` = 2 LIMIT 1 [ RunTime:0.000253s ]
[2024-11-12T06:52:20+08:00][sql] SELECT `token` FROM `cmf_user_token` WHERE  ( user_id=2 ) LIMIT 1 [ RunTime:0.000195s ]
[2024-11-12T06:52:20+08:00][sql] SHOW FULL COLUMNS FROM `cmf_user_attention` [ RunTime:0.000421s ]
[2024-11-12T06:52:20+08:00][sql] SELECT COUNT(*) AS think_count FROM `cmf_user_attention` WHERE  `uid` = 2 LIMIT 1 [ RunTime:0.000253s ]
[2024-11-12T06:52:20+08:00][sql] SELECT COUNT(*) AS think_count FROM `cmf_user_attention` WHERE  `touid` = 2 LIMIT 1 [ RunTime:0.000216s ]
[2024-11-12T06:52:20+08:00][sql] SHOW FULL COLUMNS FROM `cmf_theme_file` [ RunTime:0.000462s ]
[2024-11-12T06:52:20+08:00][sql] SELECT `more` FROM `cmf_theme_file` WHERE  `theme` = 'default'  AND (  `is_public` = 1 OR `file` = '../wxshare/user/index' ) [ RunTime:0.000277s ]
[2024-11-12T06:52:24+08:00][sql] CONNECT:[ UseTime:0.000281s ] mysql:host=43.241.16.146;port=3306;dbname=zhibo;charset=utf8mb4
[2024-11-12T06:52:24+08:00][sql] SHOW FULL COLUMNS FROM `cmf_hook` [ RunTime:0.000465s ]
[2024-11-12T06:52:24+08:00][sql] SELECT `hook`,`id` FROM `cmf_hook` WHERE  (  (  `app` = '' OR `app` = 'cmf' )  AND `type` = 3 ) OR `type` = 1 [ RunTime:0.000325s ]
[2024-11-12T06:52:24+08:00][sql] SHOW FULL COLUMNS FROM `cmf_hook_plugin` [ RunTime:0.000424s ]
[2024-11-12T06:52:24+08:00][sql] SELECT `hook`,`plugin` FROM `cmf_hook_plugin` WHERE  `status` = 1  AND `hook` IN ('app_begin','module_init','action_begin','view_filter','app_end','log_write','response_end','admin_init','home_init','send_mobile_verification_code','body_start','before_head_end','footer_start','before_footer','before_footer_end','before_body_end','left_sidebar_start','before_left_sidebar_end','right_sidebar_start','before_right_sidebar_end','comment','guestbook','switch_theme','after_content','before_content','log_write_done','switch_admin_theme','captcha_image') ORDER BY `list_order` ASC [ RunTime:0.000382s ]
[2024-11-12T06:52:24+08:00][sql] SHOW FULL COLUMNS FROM `cmf_plugin` [ RunTime:0.000644s ]
[2024-11-12T06:52:24+08:00][sql] SELECT `config` FROM `cmf_plugin` WHERE  `name` = 'Qiniu' LIMIT 1 [ RunTime:0.000263s ]
[2024-11-12T06:52:24+08:00][sql] SHOW FULL COLUMNS FROM `cmf_user` [ RunTime:0.000648s ]
[2024-11-12T06:52:24+08:00][sql] SELECT `id`,`user_login`,`user_nickname`,`avatar`,`avatar_thumb`,`sex`,`signature`,`consumption`,`votestotal`,`province`,`city`,`coin`,`votes`,`birthday`,`issuper` FROM `cmf_user` WHERE  `id` = 2 LIMIT 1 [ RunTime:0.000328s ]
[2024-11-12T06:52:24+08:00][sql] SHOW FULL COLUMNS FROM `cmf_vip_user` [ RunTime:0.000418s ]
[2024-11-12T06:52:24+08:00][sql] SELECT * FROM `cmf_vip_user` WHERE  `uid` = 2 LIMIT 1 [ RunTime:0.000233s ]
[2024-11-12T06:52:24+08:00][sql] SHOW FULL COLUMNS FROM `cmf_liang` [ RunTime:0.000453s ]
[2024-11-12T06:52:24+08:00][sql] SELECT * FROM `cmf_liang` WHERE  ( status=1 and state=1 )  AND `uid` = 2 LIMIT 1 [ RunTime:0.000276s ]
[2024-11-12T06:52:24+08:00][sql] SHOW FULL COLUMNS FROM `cmf_user_token` [ RunTime:0.000423s ]
[2024-11-12T06:52:24+08:00][sql] SELECT `token` FROM `cmf_user_token` WHERE  ( user_id=2 ) LIMIT 1 [ RunTime:0.000210s ]
[2024-11-12T06:52:24+08:00][sql] SELECT `id`,`user_login`,`user_nickname`,`avatar`,`avatar_thumb`,`sex`,`signature`,`consumption`,`votestotal`,`province`,`city`,`coin`,`votes`,`birthday`,`issuper` FROM `cmf_user` WHERE  `id` = 2 LIMIT 1 [ RunTime:0.000279s ]
[2024-11-12T06:52:24+08:00][sql] SELECT * FROM `cmf_vip_user` WHERE  `uid` = 2 LIMIT 1 [ RunTime:0.000224s ]
[2024-11-12T06:52:24+08:00][sql] SELECT * FROM `cmf_liang` WHERE  ( status=1 and state=1 )  AND `uid` = 2 LIMIT 1 [ RunTime:0.000258s ]
[2024-11-12T06:52:24+08:00][sql] SELECT `token` FROM `cmf_user_token` WHERE  ( user_id=2 ) LIMIT 1 [ RunTime:0.000194s ]
[2024-11-12T06:52:24+08:00][sql] SELECT `avatar`,`consumption`,`votestotal` FROM `cmf_user` WHERE  `id` = 2 LIMIT 1 [ RunTime:0.000229s ]
[2024-11-12T06:52:24+08:00][sql] SHOW FULL COLUMNS FROM `cmf_level` [ RunTime:0.000481s ]
[2024-11-12T06:52:24+08:00][sql] SELECT * FROM `cmf_level` WHERE  ( level_up>='0' ) ORDER BY `levelid` ASC LIMIT 1 [ RunTime:0.000318s ]
[2024-11-12T06:52:24+08:00][sql] SHOW FULL COLUMNS FROM `cmf_level_anchor` [ RunTime:0.000467s ]
[2024-11-12T06:52:24+08:00][sql] SELECT * FROM `cmf_level_anchor` WHERE  ( level_up>='0' ) ORDER BY `levelid` ASC LIMIT 1 [ RunTime:0.000284s ]
[2024-11-12T06:52:24+08:00][sql] SHOW FULL COLUMNS FROM `cmf_theme_file` [ RunTime:0.000475s ]
[2024-11-12T06:52:24+08:00][sql] SELECT `more` FROM `cmf_theme_file` WHERE  `theme` = 'default'  AND (  `is_public` = 1 OR `file` = '../wxshare/level/index' ) [ RunTime:0.000274s ]
[2024-11-12T08:08:17+08:00][sql] CONNECT:[ UseTime:0.000473s ] mysql:host=43.241.16.146;port=3306;dbname=zhibo;charset=utf8mb4
[2024-11-12T08:08:17+08:00][sql] SHOW FULL COLUMNS FROM `cmf_hook` [ RunTime:0.000644s ]
[2024-11-12T08:08:17+08:00][sql] SELECT `hook`,`id` FROM `cmf_hook` WHERE  (  (  `app` = '' OR `app` = 'cmf' )  AND `type` = 3 ) OR `type` = 1 [ RunTime:0.000401s ]
[2024-11-12T08:08:17+08:00][sql] SHOW FULL COLUMNS FROM `cmf_hook_plugin` [ RunTime:0.000430s ]
[2024-11-12T08:08:17+08:00][sql] SELECT `hook`,`plugin` FROM `cmf_hook_plugin` WHERE  `status` = 1  AND `hook` IN ('app_begin','module_init','action_begin','view_filter','app_end','log_write','response_end','admin_init','home_init','send_mobile_verification_code','body_start','before_head_end','footer_start','before_footer','before_footer_end','before_body_end','left_sidebar_start','before_left_sidebar_end','right_sidebar_start','before_right_sidebar_end','comment','guestbook','switch_theme','after_content','before_content','log_write_done','switch_admin_theme','captcha_image') ORDER BY `list_order` ASC [ RunTime:0.000437s ]
[2024-11-12T08:08:17+08:00][sql] SHOW FULL COLUMNS FROM `cmf_plugin` [ RunTime:0.000504s ]
[2024-11-12T08:08:17+08:00][sql] SELECT `config` FROM `cmf_plugin` WHERE  `name` = 'Qiniu' LIMIT 1 [ RunTime:0.000247s ]
[2024-11-12T08:08:17+08:00][sql] SHOW FULL COLUMNS FROM `cmf_user` [ RunTime:0.000647s ]
[2024-11-12T08:08:17+08:00][sql] SELECT `id`,`user_login`,`user_nickname`,`avatar`,`avatar_thumb`,`sex`,`signature`,`consumption`,`votestotal`,`province`,`city`,`coin`,`votes`,`birthday`,`issuper` FROM `cmf_user` WHERE  `id` = 2 LIMIT 1 [ RunTime:0.000335s ]
[2024-11-12T08:08:17+08:00][sql] SHOW FULL COLUMNS FROM `cmf_vip_user` [ RunTime:0.000418s ]
[2024-11-12T08:08:17+08:00][sql] SELECT * FROM `cmf_vip_user` WHERE  `uid` = 2 LIMIT 1 [ RunTime:0.000236s ]
[2024-11-12T08:08:17+08:00][sql] SHOW FULL COLUMNS FROM `cmf_liang` [ RunTime:0.000452s ]
[2024-11-12T08:08:17+08:00][sql] SELECT * FROM `cmf_liang` WHERE  ( status=1 and state=1 )  AND `uid` = 2 LIMIT 1 [ RunTime:0.000273s ]
[2024-11-12T08:08:17+08:00][sql] SHOW FULL COLUMNS FROM `cmf_user_token` [ RunTime:0.000413s ]
[2024-11-12T08:08:17+08:00][sql] SELECT `token` FROM `cmf_user_token` WHERE  ( user_id=2 ) LIMIT 1 [ RunTime:0.000210s ]
[2024-11-12T08:08:17+08:00][sql] SELECT `id`,`user_login`,`user_nickname`,`avatar`,`avatar_thumb`,`sex`,`signature`,`consumption`,`votestotal`,`province`,`city`,`coin`,`votes`,`birthday`,`issuper` FROM `cmf_user` WHERE  `id` = 2 LIMIT 1 [ RunTime:0.000280s ]
[2024-11-12T08:08:17+08:00][sql] SELECT * FROM `cmf_vip_user` WHERE  `uid` = 2 LIMIT 1 [ RunTime:0.000223s ]
[2024-11-12T08:08:17+08:00][sql] SELECT * FROM `cmf_liang` WHERE  ( status=1 and state=1 )  AND `uid` = 2 LIMIT 1 [ RunTime:0.000251s ]
[2024-11-12T08:08:17+08:00][sql] SELECT `token` FROM `cmf_user_token` WHERE  ( user_id=2 ) LIMIT 1 [ RunTime:0.000192s ]
[2024-11-12T08:08:17+08:00][sql] SHOW FULL COLUMNS FROM `cmf_live` [ RunTime:0.000587s ]
[2024-11-12T08:08:17+08:00][sql] SELECT * FROM `cmf_live` WHERE  ( islive='1' and isrecommend='1' and type='0' and live_type=0 ) [ RunTime:0.000409s ]
[2024-11-12T08:08:17+08:00][sql] SHOW FULL COLUMNS FROM `cmf_slide_item` [ RunTime:0.000456s ]
[2024-11-12T08:08:17+08:00][sql] SELECT * FROM `cmf_slide_item` WHERE  ( status='1' and slide_id='1' ) ORDER BY `list_order` ASC [ RunTime:0.000300s ]
[2024-11-12T08:08:17+08:00][sql] SHOW FULL COLUMNS FROM `cmf_live_class` [ RunTime:0.000423s ]
[2024-11-12T08:08:17+08:00][sql] SELECT * FROM `cmf_live_class` ORDER BY `list_order` LIMIT 5 [ RunTime:0.000259s ]
[2024-11-12T08:08:17+08:00][sql] SELECT * FROM `cmf_live` WHERE  `islive` = 1  AND `live_type` = 0  AND `liveclassid` = 8 ORDER BY `recommend_time` DESC,`starttime` DESC LIMIT 5 [ RunTime:0.000405s ]
[2024-11-12T08:08:17+08:00][sql] SELECT `uid`,`thumb`,`stream`,`title`,`city`,`islive`,`type` FROM `cmf_live` WHERE  ( islive='1' and ishot='1' and live_type=0 ) ORDER BY `isrecommend` DESC,`recommend_time` DESC,`hotvotes` DESC,`starttime` DESC LIMIT 5 [ RunTime:0.000301s ]
[2024-11-12T08:08:17+08:00][sql] SELECT `uid`,`thumb`,`stream`,`title`,`city`,`islive`,`type` FROM `cmf_live` WHERE  ( islive='1' and live_type=0 ) ORDER BY `starttime` DESC LIMIT 5 [ RunTime:0.000256s ]
[2024-11-12T08:08:17+08:00][sql] SHOW FULL COLUMNS FROM `cmf_theme_file` [ RunTime:0.000487s ]
[2024-11-12T08:08:17+08:00][sql] SELECT `more` FROM `cmf_theme_file` WHERE  `theme` = 'default'  AND (  `is_public` = 1 OR `file` = '../home/index/index' ) [ RunTime:0.000281s ]
[2024-11-12T08:08:18+08:00][sql] CONNECT:[ UseTime:0.000345s ] mysql:host=43.241.16.146;port=3306;dbname=zhibo;charset=utf8mb4
[2024-11-12T08:08:18+08:00][sql] SHOW FULL COLUMNS FROM `cmf_hook` [ RunTime:0.000519s ]
[2024-11-12T08:08:18+08:00][sql] SELECT `hook`,`id` FROM `cmf_hook` WHERE  (  (  `app` = '' OR `app` = 'cmf' )  AND `type` = 3 ) OR `type` = 1 [ RunTime:0.000342s ]
[2024-11-12T08:08:18+08:00][sql] SHOW FULL COLUMNS FROM `cmf_hook_plugin` [ RunTime:0.000441s ]
[2024-11-12T08:08:18+08:00][sql] SELECT `hook`,`plugin` FROM `cmf_hook_plugin` WHERE  `status` = 1  AND `hook` IN ('app_begin','module_init','action_begin','view_filter','app_end','log_write','response_end','admin_init','home_init','send_mobile_verification_code','body_start','before_head_end','footer_start','before_footer','before_footer_end','before_body_end','left_sidebar_start','before_left_sidebar_end','right_sidebar_start','before_right_sidebar_end','comment','guestbook','switch_theme','after_content','before_content','log_write_done','switch_admin_theme','captcha_image') ORDER BY `list_order` ASC [ RunTime:0.000408s ]
[2024-11-12T08:08:18+08:00][sql] SHOW FULL COLUMNS FROM `cmf_plugin` [ RunTime:0.000494s ]
[2024-11-12T08:08:18+08:00][sql] SELECT `config` FROM `cmf_plugin` WHERE  `name` = 'Qiniu' LIMIT 1 [ RunTime:0.000250s ]
[2024-11-12T08:08:18+08:00][sql] SHOW FULL COLUMNS FROM `cmf_user` [ RunTime:0.000648s ]
[2024-11-12T08:08:18+08:00][sql] SELECT `id`,`user_login`,`user_nickname`,`avatar`,`avatar_thumb`,`sex`,`signature`,`consumption`,`votestotal`,`province`,`city`,`coin`,`votes`,`birthday`,`issuper` FROM `cmf_user` WHERE  `id` = 2 LIMIT 1 [ RunTime:0.000330s ]
[2024-11-12T08:08:18+08:00][sql] SHOW FULL COLUMNS FROM `cmf_vip_user` [ RunTime:0.000420s ]
[2024-11-12T08:08:18+08:00][sql] SELECT * FROM `cmf_vip_user` WHERE  `uid` = 2 LIMIT 1 [ RunTime:0.000238s ]
[2024-11-12T08:08:18+08:00][sql] SHOW FULL COLUMNS FROM `cmf_liang` [ RunTime:0.000454s ]
[2024-11-12T08:08:18+08:00][sql] SELECT * FROM `cmf_liang` WHERE  ( status=1 and state=1 )  AND `uid` = 2 LIMIT 1 [ RunTime:0.000278s ]
[2024-11-12T08:08:18+08:00][sql] SHOW FULL COLUMNS FROM `cmf_user_token` [ RunTime:0.000418s ]
[2024-11-12T08:08:18+08:00][sql] SELECT `token` FROM `cmf_user_token` WHERE  ( user_id=2 ) LIMIT 1 [ RunTime:0.000215s ]
[2024-11-12T08:08:18+08:00][sql] SELECT `id`,`user_login`,`user_nickname`,`avatar`,`avatar_thumb`,`sex`,`signature`,`consumption`,`votestotal`,`province`,`city`,`coin`,`votes`,`birthday`,`issuper` FROM `cmf_user` WHERE  `id` = 2 LIMIT 1 [ RunTime:0.000284s ]
[2024-11-12T08:08:18+08:00][sql] SELECT * FROM `cmf_vip_user` WHERE  `uid` = 2 LIMIT 1 [ RunTime:0.000227s ]
[2024-11-12T08:08:18+08:00][sql] SELECT * FROM `cmf_liang` WHERE  ( status=1 and state=1 )  AND `uid` = 2 LIMIT 1 [ RunTime:0.000258s ]
[2024-11-12T08:08:18+08:00][sql] SELECT `token` FROM `cmf_user_token` WHERE  ( user_id=2 ) LIMIT 1 [ RunTime:0.000199s ]
[2024-11-12T08:08:18+08:00][sql] SHOW FULL COLUMNS FROM `cmf_slide_item` [ RunTime:0.000464s ]
[2024-11-12T08:08:18+08:00][sql] SELECT * FROM `cmf_slide_item` WHERE  ( status='1' and slide_id='6' ) ORDER BY `list_order` ASC [ RunTime:0.000296s ]
[2024-11-12T08:08:18+08:00][sql] SHOW FULL COLUMNS FROM `cmf_live` [ RunTime:0.000567s ]
[2024-11-12T08:08:18+08:00][sql] SELECT `uid`,`title`,`city`,`stream`,`pull`,`thumb`,`type` FROM `cmf_live` WHERE  `islive` = 1  AND `live_type` = 0  AND `ishot` = 1 ORDER BY `recommend_time` DESC,`starttime` DESC LIMIT 0,20 [ RunTime:0.000341s ]
[2024-11-12T08:08:18+08:00][sql] SHOW FULL COLUMNS FROM `cmf_theme_file` [ RunTime:0.000483s ]
[2024-11-12T08:08:18+08:00][sql] SELECT `more` FROM `cmf_theme_file` WHERE  `theme` = 'default'  AND (  `is_public` = 1 OR `file` = '../wxshare/share/index' ) [ RunTime:0.000279s ]
[2024-11-12T08:08:19+08:00][sql] CONNECT:[ UseTime:0.000331s ] mysql:host=43.241.16.146;port=3306;dbname=zhibo;charset=utf8mb4
[2024-11-12T08:08:19+08:00][sql] SHOW FULL COLUMNS FROM `cmf_hook` [ RunTime:0.000520s ]
[2024-11-12T08:08:19+08:00][sql] SELECT `hook`,`id` FROM `cmf_hook` WHERE  (  (  `app` = '' OR `app` = 'cmf' )  AND `type` = 3 ) OR `type` = 1 [ RunTime:0.000340s ]
[2024-11-12T08:08:19+08:00][sql] SHOW FULL COLUMNS FROM `cmf_hook_plugin` [ RunTime:0.000444s ]
[2024-11-12T08:08:19+08:00][sql] SELECT `hook`,`plugin` FROM `cmf_hook_plugin` WHERE  `status` = 1  AND `hook` IN ('app_begin','module_init','action_begin','view_filter','app_end','log_write','response_end','admin_init','home_init','send_mobile_verification_code','body_start','before_head_end','footer_start','before_footer','before_footer_end','before_body_end','left_sidebar_start','before_left_sidebar_end','right_sidebar_start','before_right_sidebar_end','comment','guestbook','switch_theme','after_content','before_content','log_write_done','switch_admin_theme','captcha_image') ORDER BY `list_order` ASC [ RunTime:0.000409s ]
[2024-11-12T08:08:21+08:00][sql] CONNECT:[ UseTime:0.000349s ] mysql:host=43.241.16.146;port=3306;dbname=zhibo;charset=utf8mb4
[2024-11-12T08:08:21+08:00][sql] SHOW FULL COLUMNS FROM `cmf_hook` [ RunTime:0.000471s ]
[2024-11-12T08:08:21+08:00][sql] SELECT `hook`,`id` FROM `cmf_hook` WHERE  (  (  `app` = '' OR `app` = 'cmf' )  AND `type` = 3 ) OR `type` = 1 [ RunTime:0.000334s ]
[2024-11-12T08:08:21+08:00][sql] SHOW FULL COLUMNS FROM `cmf_hook_plugin` [ RunTime:0.000422s ]
[2024-11-12T08:08:21+08:00][sql] SELECT `hook`,`plugin` FROM `cmf_hook_plugin` WHERE  `status` = 1  AND `hook` IN ('app_begin','module_init','action_begin','view_filter','app_end','log_write','response_end','admin_init','home_init','send_mobile_verification_code','body_start','before_head_end','footer_start','before_footer','before_footer_end','before_body_end','left_sidebar_start','before_left_sidebar_end','right_sidebar_start','before_right_sidebar_end','comment','guestbook','switch_theme','after_content','before_content','log_write_done','switch_admin_theme','captcha_image') ORDER BY `list_order` ASC [ RunTime:0.000397s ]
[2024-11-12T08:08:21+08:00][sql] SHOW FULL COLUMNS FROM `cmf_plugin` [ RunTime:0.000496s ]
[2024-11-12T08:08:21+08:00][sql] SELECT `config` FROM `cmf_plugin` WHERE  `name` = 'Qiniu' LIMIT 1 [ RunTime:0.000246s ]
[2024-11-12T08:08:21+08:00][sql] SHOW FULL COLUMNS FROM `cmf_user` [ RunTime:0.000631s ]
[2024-11-12T08:08:21+08:00][sql] SELECT `id`,`user_login`,`user_nickname`,`avatar`,`avatar_thumb`,`sex`,`signature`,`consumption`,`votestotal`,`province`,`city`,`coin`,`votes`,`birthday`,`issuper` FROM `cmf_user` WHERE  `id` = 2 LIMIT 1 [ RunTime:0.000326s ]
[2024-11-12T08:08:21+08:00][sql] SHOW FULL COLUMNS FROM `cmf_vip_user` [ RunTime:0.000414s ]
[2024-11-12T08:08:21+08:00][sql] SELECT * FROM `cmf_vip_user` WHERE  `uid` = 2 LIMIT 1 [ RunTime:0.000237s ]
[2024-11-12T08:08:21+08:00][sql] SHOW FULL COLUMNS FROM `cmf_liang` [ RunTime:0.000450s ]
[2024-11-12T08:08:21+08:00][sql] SELECT * FROM `cmf_liang` WHERE  ( status=1 and state=1 )  AND `uid` = 2 LIMIT 1 [ RunTime:0.000276s ]
[2024-11-12T08:08:21+08:00][sql] SHOW FULL COLUMNS FROM `cmf_user_token` [ RunTime:0.000415s ]
[2024-11-12T08:08:21+08:00][sql] SELECT `token` FROM `cmf_user_token` WHERE  ( user_id=2 ) LIMIT 1 [ RunTime:0.000213s ]
[2024-11-12T08:08:21+08:00][sql] SELECT `id`,`user_login`,`user_nickname`,`avatar`,`avatar_thumb`,`sex`,`signature`,`consumption`,`votestotal`,`province`,`city`,`coin`,`votes`,`birthday`,`issuper` FROM `cmf_user` WHERE  `id` = 2 LIMIT 1 [ RunTime:0.000283s ]
[2024-11-12T08:08:21+08:00][sql] SELECT * FROM `cmf_vip_user` WHERE  `uid` = 2 LIMIT 1 [ RunTime:0.000228s ]
[2024-11-12T08:08:21+08:00][sql] SELECT * FROM `cmf_liang` WHERE  ( status=1 and state=1 )  AND `uid` = 2 LIMIT 1 [ RunTime:0.000256s ]
[2024-11-12T08:08:21+08:00][sql] SELECT `token` FROM `cmf_user_token` WHERE  ( user_id=2 ) LIMIT 1 [ RunTime:0.000199s ]
[2024-11-12T08:08:21+08:00][sql] SELECT `id`,`user_login`,`user_nickname`,`avatar`,`avatar_thumb`,`sex`,`signature`,`consumption`,`votestotal`,`province`,`city`,`coin`,`votes`,`birthday`,`issuper` FROM `cmf_user` WHERE  `id` = 2 LIMIT 1 [ RunTime:0.000280s ]
[2024-11-12T08:08:21+08:00][sql] SELECT * FROM `cmf_vip_user` WHERE  `uid` = 2 LIMIT 1 [ RunTime:0.000226s ]
[2024-11-12T08:08:21+08:00][sql] SELECT * FROM `cmf_liang` WHERE  ( status=1 and state=1 )  AND `uid` = 2 LIMIT 1 [ RunTime:0.000255s ]
[2024-11-12T08:08:21+08:00][sql] SELECT `token` FROM `cmf_user_token` WHERE  ( user_id=2 ) LIMIT 1 [ RunTime:0.000199s ]
[2024-11-12T08:08:21+08:00][sql] SHOW FULL COLUMNS FROM `cmf_user_attention` [ RunTime:0.000434s ]
[2024-11-12T08:08:21+08:00][sql] SELECT COUNT(*) AS think_count FROM `cmf_user_attention` WHERE  `uid` = 2 LIMIT 1 [ RunTime:0.000250s ]
[2024-11-12T08:08:21+08:00][sql] SELECT COUNT(*) AS think_count FROM `cmf_user_attention` WHERE  `touid` = 2 LIMIT 1 [ RunTime:0.000217s ]
[2024-11-12T08:08:21+08:00][sql] SHOW FULL COLUMNS FROM `cmf_theme_file` [ RunTime:0.000471s ]
[2024-11-12T08:08:21+08:00][sql] SELECT `more` FROM `cmf_theme_file` WHERE  `theme` = 'default'  AND (  `is_public` = 1 OR `file` = '../wxshare/user/index' ) [ RunTime:0.000272s ]
[2024-11-12T08:08:24+08:00][sql] CONNECT:[ UseTime:0.000346s ] mysql:host=43.241.16.146;port=3306;dbname=zhibo;charset=utf8mb4
[2024-11-12T08:08:24+08:00][sql] SHOW FULL COLUMNS FROM `cmf_hook` [ RunTime:0.000570s ]
[2024-11-12T08:08:24+08:00][sql] SELECT `hook`,`id` FROM `cmf_hook` WHERE  (  (  `app` = '' OR `app` = 'cmf' )  AND `type` = 3 ) OR `type` = 1 [ RunTime:0.000364s ]
[2024-11-12T08:08:24+08:00][sql] SHOW FULL COLUMNS FROM `cmf_hook_plugin` [ RunTime:0.000431s ]
[2024-11-12T08:08:24+08:00][sql] SELECT `hook`,`plugin` FROM `cmf_hook_plugin` WHERE  `status` = 1  AND `hook` IN ('app_begin','module_init','action_begin','view_filter','app_end','log_write','response_end','admin_init','home_init','send_mobile_verification_code','body_start','before_head_end','footer_start','before_footer','before_footer_end','before_body_end','left_sidebar_start','before_left_sidebar_end','right_sidebar_start','before_right_sidebar_end','comment','guestbook','switch_theme','after_content','before_content','log_write_done','switch_admin_theme','captcha_image') ORDER BY `list_order` ASC [ RunTime:0.000413s ]
[2024-11-12T08:08:24+08:00][sql] SHOW FULL COLUMNS FROM `cmf_plugin` [ RunTime:0.000516s ]
[2024-11-12T08:08:24+08:00][sql] SELECT `config` FROM `cmf_plugin` WHERE  `name` = 'Qiniu' LIMIT 1 [ RunTime:0.000249s ]
[2024-11-12T08:08:24+08:00][sql] SHOW FULL COLUMNS FROM `cmf_user` [ RunTime:0.000643s ]
[2024-11-12T08:08:24+08:00][sql] SELECT `id`,`user_login`,`user_nickname`,`avatar`,`avatar_thumb`,`sex`,`signature`,`consumption`,`votestotal`,`province`,`city`,`coin`,`votes`,`birthday`,`issuper` FROM `cmf_user` WHERE  `id` = 2 LIMIT 1 [ RunTime:0.000321s ]
[2024-11-12T08:08:24+08:00][sql] SHOW FULL COLUMNS FROM `cmf_vip_user` [ RunTime:0.000429s ]
[2024-11-12T08:08:24+08:00][sql] SELECT * FROM `cmf_vip_user` WHERE  `uid` = 2 LIMIT 1 [ RunTime:0.000238s ]
[2024-11-12T08:08:24+08:00][sql] SHOW FULL COLUMNS FROM `cmf_liang` [ RunTime:0.000448s ]
[2024-11-12T08:08:24+08:00][sql] SELECT * FROM `cmf_liang` WHERE  ( status=1 and state=1 )  AND `uid` = 2 LIMIT 1 [ RunTime:0.000283s ]
[2024-11-12T08:08:24+08:00][sql] SHOW FULL COLUMNS FROM `cmf_user_token` [ RunTime:0.000417s ]
[2024-11-12T08:08:24+08:00][sql] SELECT `token` FROM `cmf_user_token` WHERE  ( user_id=2 ) LIMIT 1 [ RunTime:0.000220s ]
[2024-11-12T08:08:24+08:00][sql] SELECT `id`,`user_login`,`user_nickname`,`avatar`,`avatar_thumb`,`sex`,`signature`,`consumption`,`votestotal`,`province`,`city`,`coin`,`votes`,`birthday`,`issuper` FROM `cmf_user` WHERE  `id` = 2 LIMIT 1 [ RunTime:0.000283s ]
[2024-11-12T08:08:24+08:00][sql] SELECT * FROM `cmf_vip_user` WHERE  `uid` = 2 LIMIT 1 [ RunTime:0.000234s ]
[2024-11-12T08:08:24+08:00][sql] SELECT * FROM `cmf_liang` WHERE  ( status=1 and state=1 )  AND `uid` = 2 LIMIT 1 [ RunTime:0.000255s ]
[2024-11-12T08:08:24+08:00][sql] SELECT `token` FROM `cmf_user_token` WHERE  ( user_id=2 ) LIMIT 1 [ RunTime:0.000202s ]
[2024-11-12T08:08:24+08:00][sql] SHOW FULL COLUMNS FROM `cmf_slide_item` [ RunTime:0.000466s ]
[2024-11-12T08:08:24+08:00][sql] SELECT * FROM `cmf_slide_item` WHERE  ( status='1' and slide_id='6' ) ORDER BY `list_order` ASC [ RunTime:0.000320s ]
[2024-11-12T08:08:24+08:00][sql] SHOW FULL COLUMNS FROM `cmf_live` [ RunTime:0.000576s ]
[2024-11-12T08:08:24+08:00][sql] SELECT `uid`,`title`,`city`,`stream`,`pull`,`thumb`,`type` FROM `cmf_live` WHERE  `islive` = 1  AND `live_type` = 0  AND `ishot` = 1 ORDER BY `recommend_time` DESC,`starttime` DESC LIMIT 0,20 [ RunTime:0.000341s ]
[2024-11-12T08:08:24+08:00][sql] SHOW FULL COLUMNS FROM `cmf_theme_file` [ RunTime:0.000470s ]
[2024-11-12T08:08:24+08:00][sql] SELECT `more` FROM `cmf_theme_file` WHERE  `theme` = 'default'  AND (  `is_public` = 1 OR `file` = '../wxshare/share/index' ) [ RunTime:0.000290s ]
[2024-11-12T15:16:42+08:00][sql] CONNECT:[ UseTime:0.000413s ] mysql:host=43.241.16.146;port=3306;dbname=zhibo;charset=utf8mb4
[2024-11-12T15:16:42+08:00][sql] SHOW FULL COLUMNS FROM `cmf_hook` [ RunTime:0.000683s ]
[2024-11-12T15:16:42+08:00][sql] SELECT `hook`,`id` FROM `cmf_hook` WHERE  (  (  `app` = '' OR `app` = 'cmf' )  AND `type` = 3 ) OR `type` = 1 [ RunTime:0.000411s ]
[2024-11-12T15:16:42+08:00][sql] SHOW FULL COLUMNS FROM `cmf_hook_plugin` [ RunTime:0.000441s ]
[2024-11-12T15:16:42+08:00][sql] SELECT `hook`,`plugin` FROM `cmf_hook_plugin` WHERE  `status` = 1  AND `hook` IN ('app_begin','module_init','action_begin','view_filter','app_end','log_write','response_end','admin_init','home_init','send_mobile_verification_code','body_start','before_head_end','footer_start','before_footer','before_footer_end','before_body_end','left_sidebar_start','before_left_sidebar_end','right_sidebar_start','before_right_sidebar_end','comment','guestbook','switch_theme','after_content','before_content','log_write_done','switch_admin_theme','captcha_image') ORDER BY `list_order` ASC [ RunTime:0.000416s ]
[2024-11-12T15:16:42+08:00][sql] CONNECT:[ UseTime:0.000416s ] mysql:host=43.241.16.146;port=3306;dbname=zhibo;charset=utf8mb4
[2024-11-12T15:16:42+08:00][sql] SHOW FULL COLUMNS FROM `cmf_hook` [ RunTime:0.000671s ]
[2024-11-12T15:16:42+08:00][sql] SELECT `hook`,`id` FROM `cmf_hook` WHERE  (  (  `app` = '' OR `app` = 'cmf' )  AND `type` = 3 ) OR `type` = 1 [ RunTime:0.000415s ]
[2024-11-12T15:16:42+08:00][sql] SHOW FULL COLUMNS FROM `cmf_hook_plugin` [ RunTime:0.000445s ]
[2024-11-12T15:16:42+08:00][sql] SELECT `hook`,`plugin` FROM `cmf_hook_plugin` WHERE  `status` = 1  AND `hook` IN ('app_begin','module_init','action_begin','view_filter','app_end','log_write','response_end','admin_init','home_init','send_mobile_verification_code','body_start','before_head_end','footer_start','before_footer','before_footer_end','before_body_end','left_sidebar_start','before_left_sidebar_end','right_sidebar_start','before_right_sidebar_end','comment','guestbook','switch_theme','after_content','before_content','log_write_done','switch_admin_theme','captcha_image') ORDER BY `list_order` ASC [ RunTime:0.000427s ]
[2024-11-12T15:16:42+08:00][sql] CONNECT:[ UseTime:0.000302s ] mysql:host=43.241.16.146;port=3306;dbname=zhibo;charset=utf8mb4
[2024-11-12T15:16:42+08:00][sql] SHOW FULL COLUMNS FROM `cmf_hook` [ RunTime:0.000521s ]
[2024-11-12T15:16:42+08:00][sql] SELECT `hook`,`id` FROM `cmf_hook` WHERE  (  (  `app` = '' OR `app` = 'cmf' )  AND `type` = 3 ) OR `type` = 1 [ RunTime:0.000349s ]
[2024-11-12T15:16:42+08:00][sql] SHOW FULL COLUMNS FROM `cmf_hook_plugin` [ RunTime:0.000468s ]
[2024-11-12T15:16:42+08:00][sql] SELECT `hook`,`plugin` FROM `cmf_hook_plugin` WHERE  `status` = 1  AND `hook` IN ('app_begin','module_init','action_begin','view_filter','app_end','log_write','response_end','admin_init','home_init','send_mobile_verification_code','body_start','before_head_end','footer_start','before_footer','before_footer_end','before_body_end','left_sidebar_start','before_left_sidebar_end','right_sidebar_start','before_right_sidebar_end','comment','guestbook','switch_theme','after_content','before_content','log_write_done','switch_admin_theme','captcha_image') ORDER BY `list_order` ASC [ RunTime:0.000403s ]
[2024-11-12T15:16:50+08:00][sql] CONNECT:[ UseTime:0.000326s ] mysql:host=43.241.16.146;port=3306;dbname=zhibo;charset=utf8mb4
[2024-11-12T15:16:50+08:00][sql] SHOW FULL COLUMNS FROM `cmf_hook` [ RunTime:0.000546s ]
[2024-11-12T15:16:50+08:00][sql] SELECT `hook`,`id` FROM `cmf_hook` WHERE  (  (  `app` = '' OR `app` = 'cmf' )  AND `type` = 3 ) OR `type` = 1 [ RunTime:0.000354s ]
[2024-11-12T15:16:50+08:00][sql] SHOW FULL COLUMNS FROM `cmf_hook_plugin` [ RunTime:0.000439s ]
[2024-11-12T15:16:50+08:00][sql] SELECT `hook`,`plugin` FROM `cmf_hook_plugin` WHERE  `status` = 1  AND `hook` IN ('app_begin','module_init','action_begin','view_filter','app_end','log_write','response_end','admin_init','home_init','send_mobile_verification_code','body_start','before_head_end','footer_start','before_footer','before_footer_end','before_body_end','left_sidebar_start','before_left_sidebar_end','right_sidebar_start','before_right_sidebar_end','comment','guestbook','switch_theme','after_content','before_content','log_write_done','switch_admin_theme','captcha_image') ORDER BY `list_order` ASC [ RunTime:0.000398s ]
[2024-11-12T15:16:50+08:00][sql] SHOW FULL COLUMNS FROM `cmf_user` [ RunTime:0.000685s ]
[2024-11-12T15:16:50+08:00][sql] SELECT * FROM `cmf_user` WHERE  `user_login` = 'admin' LIMIT 1 [ RunTime:0.000476s ]
[2024-11-12T15:16:50+08:00][sql] SHOW FULL COLUMNS FROM `cmf_role_user` [ RunTime:0.000475s ]
[2024-11-12T15:16:50+08:00][sql] SELECT `role_id` FROM `cmf_role_user` `a` INNER JOIN `cmf_role` `b` ON `a`.`role_id`=`b`.`id` WHERE  `user_id` = 1  AND `status` = '1' LIMIT 1 [ RunTime:0.000351s ]
[2024-11-12T15:16:50+08:00][sql] SHOW FULL COLUMNS FROM `cmf_user_token` [ RunTime:0.000438s ]
[2024-11-12T15:16:50+08:00][sql] SELECT * FROM `cmf_user_token` WHERE  `user_id` = 1  AND `device_type` = 'web' LIMIT 1 [ RunTime:0.000267s ]
[2024-11-12T15:16:50+08:00][sql] UPDATE `cmf_user`  SET `last_login_ip` = '223.88.94.176' , `last_login_time` = 1731395810  WHERE  `id` = 1 [ RunTime:0.013824s ]
[2024-11-12T15:16:52+08:00][sql] CONNECT:[ UseTime:0.000304s ] mysql:host=43.241.16.146;port=3306;dbname=zhibo;charset=utf8mb4
[2024-11-12T15:16:52+08:00][sql] SHOW FULL COLUMNS FROM `cmf_hook` [ RunTime:0.000518s ]
[2024-11-12T15:16:52+08:00][sql] SELECT `hook`,`id` FROM `cmf_hook` WHERE  (  (  `app` = '' OR `app` = 'cmf' )  AND `type` = 3 ) OR `type` = 1 [ RunTime:0.000354s ]
[2024-11-12T15:16:52+08:00][sql] SHOW FULL COLUMNS FROM `cmf_hook_plugin` [ RunTime:0.000443s ]
[2024-11-12T15:16:52+08:00][sql] SELECT `hook`,`plugin` FROM `cmf_hook_plugin` WHERE  `status` = 1  AND `hook` IN ('app_begin','module_init','action_begin','view_filter','app_end','log_write','response_end','admin_init','home_init','send_mobile_verification_code','body_start','before_head_end','footer_start','before_footer','before_footer_end','before_body_end','left_sidebar_start','before_left_sidebar_end','right_sidebar_start','before_right_sidebar_end','comment','guestbook','switch_theme','after_content','before_content','log_write_done','switch_admin_theme','captcha_image') ORDER BY `list_order` ASC [ RunTime:0.000404s ]
[2024-11-12T15:16:52+08:00][sql] SHOW FULL COLUMNS FROM `cmf_user` [ RunTime:0.000921s ]
[2024-11-12T15:16:52+08:00][sql] SELECT * FROM `cmf_user` WHERE  `id` = 1 LIMIT 1 [ RunTime:0.000494s ]
[2024-11-12T15:16:52+08:00][sql] SHOW FULL COLUMNS FROM `cmf_admin_menu` [ RunTime:0.000536s ]
[2024-11-12T15:16:52+08:00][sql] SELECT * FROM `cmf_admin_menu` ORDER BY `app` ASC,`controller` ASC,`action` ASC [ RunTime:0.002058s ]
[2024-11-12T15:16:52+08:00][sql] CONNECT:[ UseTime:0.000298s ] mysql:host=43.241.16.146;port=3306;dbname=zhibo;charset=utf8mb4
[2024-11-12T15:16:52+08:00][sql] SHOW FULL COLUMNS FROM `cmf_hook` [ RunTime:0.000507s ]
[2024-11-12T15:16:52+08:00][sql] SELECT `hook`,`id` FROM `cmf_hook` WHERE  (  (  `app` = '' OR `app` = 'cmf' )  AND `type` = 3 ) OR `type` = 1 [ RunTime:0.000339s ]
[2024-11-12T15:16:52+08:00][sql] SHOW FULL COLUMNS FROM `cmf_hook_plugin` [ RunTime:0.000452s ]
[2024-11-12T15:16:52+08:00][sql] SELECT `hook`,`plugin` FROM `cmf_hook_plugin` WHERE  `status` = 1  AND `hook` IN ('app_begin','module_init','action_begin','view_filter','app_end','log_write','response_end','admin_init','home_init','send_mobile_verification_code','body_start','before_head_end','footer_start','before_footer','before_footer_end','before_body_end','left_sidebar_start','before_left_sidebar_end','right_sidebar_start','before_right_sidebar_end','comment','guestbook','switch_theme','after_content','before_content','log_write_done','switch_admin_theme','captcha_image') ORDER BY `list_order` ASC [ RunTime:0.000401s ]
[2024-11-12T15:16:52+08:00][sql] SHOW FULL COLUMNS FROM `cmf_user` [ RunTime:0.000731s ]
[2024-11-12T15:16:52+08:00][sql] SELECT * FROM `cmf_user` WHERE  `id` = 1 LIMIT 1 [ RunTime:0.000441s ]
[2024-11-12T15:16:52+08:00][sql] SELECT COUNT(*) AS think_count FROM `cmf_user` WHERE  ( user_type=2 ) LIMIT 1 [ RunTime:0.000250s ]
[2024-11-12T15:16:52+08:00][sql] SELECT count(id) as nums,source FROM `cmf_user` WHERE  ( user_type=2 ) GROUP BY `source` [ RunTime:0.000294s ]
[2024-11-12T15:16:52+08:00][sql] SELECT count(id) as nums,login_type FROM `cmf_user` WHERE  ( user_type=2 ) GROUP BY `login_type` ORDER BY `nums` DESC [ RunTime:0.000259s ]
[2024-11-12T15:16:52+08:00][sql] SELECT COUNT(*) AS think_count FROM `cmf_user` WHERE  ( user_type=2 ) LIMIT 1 [ RunTime:0.000212s ]
[2024-11-12T15:16:52+08:00][sql] SHOW FULL COLUMNS FROM `cmf_live` [ RunTime:0.000575s ]
[2024-11-12T15:16:52+08:00][sql] SELECT COUNT(*) AS think_count FROM `cmf_live` WHERE  ( islive=1 ) LIMIT 1 [ RunTime:0.000252s ]
[2024-11-12T15:16:52+08:00][sql] select sum(endtime - starttime) as times from cmf_live_record [ RunTime:0.000234s ]
[2024-11-12T15:16:52+08:00][sql] SHOW FULL COLUMNS FROM `cmf_live_record` [ RunTime:0.000534s ]
[2024-11-12T15:16:52+08:00][sql] SELECT COUNT(*) AS think_count FROM ( SELECT count(*) AS think_count FROM `cmf_live_record` WHERE  ( starttime >= 1731340800 and starttime<1731427200 ) GROUP BY `uid` ) `_group_count_` LIMIT 1 [ RunTime:0.000307s ]
[2024-11-12T15:16:52+08:00][sql] SELECT COUNT(*) AS think_count FROM `cmf_live_record` WHERE  ( starttime >= 1731340800 and starttime<1731427200 ) LIMIT 1 [ RunTime:0.000204s ]
[2024-11-12T15:16:52+08:00][sql] select sum(endtime - starttime) as times from cmf_live_record where starttime >= 1731340800 and starttime<1731427200 [ RunTime:0.000209s ]
[2024-11-12T15:16:52+08:00][sql] SELECT `id`,`user_nickname`,`avatar`,`avatar_thumb`,`votestotal` FROM `cmf_user` WHERE  ( user_type=2 ) ORDER BY `votestotal` DESC LIMIT 0,3 [ RunTime:0.000241s ]
[2024-11-12T15:16:52+08:00][sql] SELECT `id`,`user_nickname`,`avatar`,`avatar_thumb`,`consumption` FROM `cmf_user` WHERE  ( user_type=2 ) ORDER BY `consumption` DESC LIMIT 0,3 [ RunTime:0.000244s ]
[2024-11-12T15:16:52+08:00][sql] SHOW FULL COLUMNS FROM `cmf_charge_user` [ RunTime:0.000520s ]
[2024-11-12T15:16:52+08:00][sql] SELECT SUM(`money`) AS think_sum FROM `cmf_charge_user` WHERE  ( status=1 ) LIMIT 1 [ RunTime:0.000229s ]
[2024-11-12T15:16:52+08:00][sql] SELECT SUM(`money`) AS think_sum FROM `cmf_charge_user` WHERE  ( status=1 and addtime>=1731340800 and addtime<1731427200 ) LIMIT 1 [ RunTime:0.000208s ]
[2024-11-12T15:16:52+08:00][sql] SELECT SUM(`money`) AS think_sum FROM `cmf_charge_user` WHERE  ( status=1 and type=1 and addtime>=1731340800 and addtime<1731427200 ) LIMIT 1 [ RunTime:0.000213s ]
[2024-11-12T15:16:52+08:00][sql] SELECT SUM(`money`) AS think_sum FROM `cmf_charge_user` WHERE  ( status=1 and type=2 and addtime>=1731340800 and addtime<1731427200 ) LIMIT 1 [ RunTime:0.000224s ]
[2024-11-12T15:16:52+08:00][sql] SELECT SUM(`money`) AS think_sum FROM `cmf_charge_user` WHERE  ( status=1 and type=3 and addtime>=1731340800 and addtime<1731427200 ) LIMIT 1 [ RunTime:0.000200s ]
[2024-11-12T15:16:52+08:00][sql] SHOW FULL COLUMNS FROM `cmf_cash_record` [ RunTime:0.000496s ]
[2024-11-12T15:16:52+08:00][sql] SELECT SUM(`money`) AS think_sum FROM `cmf_cash_record` WHERE  ( status=0 and addtime>=1731340800 and addtime<1731427200 ) LIMIT 1 [ RunTime:0.000230s ]
[2024-11-12T15:16:52+08:00][sql] SELECT SUM(`money`) AS think_sum FROM `cmf_cash_record` WHERE  ( status=1 and addtime>=1731340800 and addtime<1731427200 ) LIMIT 1 [ RunTime:0.000212s ]
[2024-11-12T15:16:52+08:00][sql] SELECT COUNT(*) AS think_count FROM ( SELECT count(*) AS think_count FROM `cmf_cash_record` WHERE  ( addtime>=1731340800 and addtime<1731427200 ) GROUP BY `uid` ) `_group_count_` LIMIT 1 [ RunTime:0.000264s ]
[2024-11-12T15:16:52+08:00][sql] SELECT SUM(`money`) AS think_sum FROM `cmf_cash_record` WHERE  ( status=1 ) LIMIT 1 [ RunTime:0.000191s ]
[2024-11-12T15:16:52+08:00][sql] SHOW FULL COLUMNS FROM `cmf_shop_apply` [ RunTime:0.000622s ]
[2024-11-12T15:16:52+08:00][sql] SELECT COUNT(*) AS think_count FROM `cmf_shop_apply` WHERE  ( status=0 ) LIMIT 1 [ RunTime:0.000230s ]
[2024-11-12T15:16:52+08:00][sql] SHOW FULL COLUMNS FROM `cmf_shop_goods` [ RunTime:0.000604s ]
[2024-11-12T15:16:52+08:00][sql] SELECT COUNT(*) AS think_count FROM `cmf_shop_goods` WHERE  ( status=0 ) LIMIT 1 [ RunTime:0.000227s ]
[2024-11-12T15:16:52+08:00][sql] SHOW FULL COLUMNS FROM `cmf_shop_order_refund` [ RunTime:0.000569s ]
[2024-11-12T15:16:52+08:00][sql] SELECT COUNT(*) AS think_count FROM `cmf_shop_order_refund` WHERE  ( is_platform_interpose=1 and platform_result=0 ) LIMIT 1 [ RunTime:0.000233s ]
[2024-11-12T15:16:52+08:00][sql] SHOW FULL COLUMNS FROM `cmf_paidprogram` [ RunTime:0.000500s ]
[2024-11-12T15:16:52+08:00][sql] SELECT COUNT(*) AS think_count FROM `cmf_paidprogram` WHERE  ( status=0 ) LIMIT 1 [ RunTime:0.000214s ]
[2024-11-12T15:16:52+08:00][sql] SHOW FULL COLUMNS FROM `cmf_paidprogram_apply` [ RunTime:0.000436s ]
[2024-11-12T15:16:52+08:00][sql] SELECT COUNT(*) AS think_count FROM `cmf_paidprogram_apply` WHERE  ( status=0 ) LIMIT 1 [ RunTime:0.000208s ]
[2024-11-12T15:16:52+08:00][sql] SHOW FULL COLUMNS FROM `cmf_report` [ RunTime:0.000438s ]
[2024-11-12T15:16:52+08:00][sql] SELECT COUNT(*) AS think_count FROM `cmf_report` WHERE  ( status=0 ) LIMIT 1 [ RunTime:0.000208s ]
[2024-11-12T15:16:52+08:00][sql] SHOW FULL COLUMNS FROM `cmf_dynamic` [ RunTime:0.000554s ]
[2024-11-12T15:16:52+08:00][sql] SELECT COUNT(*) AS think_count FROM `cmf_dynamic` WHERE  ( isdel=0 and status=0 ) LIMIT 1 [ RunTime:0.000238s ]
[2024-11-12T15:16:52+08:00][sql] SHOW FULL COLUMNS FROM `cmf_dynamic_report` [ RunTime:0.000508s ]
[2024-11-12T15:16:52+08:00][sql] SELECT COUNT(*) AS think_count FROM `cmf_dynamic_report` WHERE  ( status=0 ) LIMIT 1 [ RunTime:0.000225s ]
[2024-11-12T15:16:52+08:00][sql] SHOW FULL COLUMNS FROM `cmf_video` [ RunTime:0.000563s ]
[2024-11-12T15:16:52+08:00][sql] SELECT COUNT(*) AS think_count FROM `cmf_video` WHERE  ( isdel=0 and status=0 ) LIMIT 1 [ RunTime:0.000235s ]
[2024-11-12T15:16:52+08:00][sql] SHOW FULL COLUMNS FROM `cmf_video_report` [ RunTime:0.000452s ]
[2024-11-12T15:16:52+08:00][sql] SELECT COUNT(*) AS think_count FROM `cmf_video_report` WHERE  ( status=0 ) LIMIT 1 [ RunTime:0.000212s ]
[2024-11-12T15:16:52+08:00][sql] SHOW FULL COLUMNS FROM `cmf_family` [ RunTime:0.000495s ]
[2024-11-12T15:16:52+08:00][sql] SELECT COUNT(*) AS think_count FROM `cmf_family` WHERE  ( state=0 ) LIMIT 1 [ RunTime:0.000217s ]
[2024-11-12T15:16:52+08:00][sql] SHOW FULL COLUMNS FROM `cmf_family_user_divide_apply` [ RunTime:0.000445s ]
[2024-11-12T15:16:52+08:00][sql] SELECT COUNT(*) AS think_count FROM `cmf_family_user_divide_apply` WHERE  ( status=0 ) LIMIT 1 [ RunTime:0.000211s ]
[2024-11-12T15:16:52+08:00][sql] SHOW FULL COLUMNS FROM `cmf_user_auth` [ RunTime:0.000467s ]
[2024-11-12T15:16:52+08:00][sql] SELECT COUNT(*) AS think_count FROM `cmf_user_auth` WHERE  ( status=0 ) LIMIT 1 [ RunTime:0.000216s ]
[2024-11-12T15:16:55+08:00][sql] CONNECT:[ UseTime:0.000370s ] mysql:host=43.241.16.146;port=3306;dbname=zhibo;charset=utf8mb4
[2024-11-12T15:16:55+08:00][sql] SHOW FULL COLUMNS FROM `cmf_hook` [ RunTime:0.000470s ]
[2024-11-12T15:16:55+08:00][sql] SELECT `hook`,`id` FROM `cmf_hook` WHERE  (  (  `app` = '' OR `app` = 'cmf' )  AND `type` = 3 ) OR `type` = 1 [ RunTime:0.000341s ]
[2024-11-12T15:16:55+08:00][sql] SHOW FULL COLUMNS FROM `cmf_hook_plugin` [ RunTime:0.000437s ]
[2024-11-12T15:16:55+08:00][sql] SELECT `hook`,`plugin` FROM `cmf_hook_plugin` WHERE  `status` = 1  AND `hook` IN ('app_begin','module_init','action_begin','view_filter','app_end','log_write','response_end','admin_init','home_init','send_mobile_verification_code','body_start','before_head_end','footer_start','before_footer','before_footer_end','before_body_end','left_sidebar_start','before_left_sidebar_end','right_sidebar_start','before_right_sidebar_end','comment','guestbook','switch_theme','after_content','before_content','log_write_done','switch_admin_theme','captcha_image') ORDER BY `list_order` ASC [ RunTime:0.000416s ]
[2024-11-12T15:16:55+08:00][sql] SHOW FULL COLUMNS FROM `cmf_user` [ RunTime:0.000649s ]
[2024-11-12T15:16:55+08:00][sql] SELECT * FROM `cmf_user` WHERE  `id` = 1 LIMIT 1 [ RunTime:0.000413s ]
[2024-11-12T15:16:55+08:00][sql] SHOW FULL COLUMNS FROM `cmf_role` [ RunTime:0.000490s ]
[2024-11-12T15:16:55+08:00][sql] SELECT * FROM `cmf_role` ORDER BY `list_order` ASC,`id` DESC [ RunTime:0.000248s ]
[2024-11-12T15:16:56+08:00][sql] CONNECT:[ UseTime:0.000305s ] mysql:host=43.241.16.146;port=3306;dbname=zhibo;charset=utf8mb4
[2024-11-12T15:16:56+08:00][sql] SHOW FULL COLUMNS FROM `cmf_hook` [ RunTime:0.000529s ]
[2024-11-12T15:16:56+08:00][sql] SELECT `hook`,`id` FROM `cmf_hook` WHERE  (  (  `app` = '' OR `app` = 'cmf' )  AND `type` = 3 ) OR `type` = 1 [ RunTime:0.000345s ]
[2024-11-12T15:16:56+08:00][sql] SHOW FULL COLUMNS FROM `cmf_hook_plugin` [ RunTime:0.000458s ]
[2024-11-12T15:16:56+08:00][sql] SELECT `hook`,`plugin` FROM `cmf_hook_plugin` WHERE  `status` = 1  AND `hook` IN ('app_begin','module_init','action_begin','view_filter','app_end','log_write','response_end','admin_init','home_init','send_mobile_verification_code','body_start','before_head_end','footer_start','before_footer','before_footer_end','before_body_end','left_sidebar_start','before_left_sidebar_end','right_sidebar_start','before_right_sidebar_end','comment','guestbook','switch_theme','after_content','before_content','log_write_done','switch_admin_theme','captcha_image') ORDER BY `list_order` ASC [ RunTime:0.000407s ]
[2024-11-12T15:17:42+08:00][sql] CONNECT:[ UseTime:0.000413s ] mysql:host=43.241.16.146;port=3306;dbname=zhibo;charset=utf8mb4
[2024-11-12T15:17:42+08:00][sql] SHOW FULL COLUMNS FROM `cmf_hook` [ RunTime:0.000646s ]
[2024-11-12T15:17:42+08:00][sql] SELECT `hook`,`id` FROM `cmf_hook` WHERE  (  (  `app` = '' OR `app` = 'cmf' )  AND `type` = 3 ) OR `type` = 1 [ RunTime:0.000400s ]
[2024-11-12T15:17:42+08:00][sql] SHOW FULL COLUMNS FROM `cmf_hook_plugin` [ RunTime:0.000433s ]
[2024-11-12T15:17:42+08:00][sql] SELECT `hook`,`plugin` FROM `cmf_hook_plugin` WHERE  `status` = 1  AND `hook` IN ('app_begin','module_init','action_begin','view_filter','app_end','log_write','response_end','admin_init','home_init','send_mobile_verification_code','body_start','before_head_end','footer_start','before_footer','before_footer_end','before_body_end','left_sidebar_start','before_left_sidebar_end','right_sidebar_start','before_right_sidebar_end','comment','guestbook','switch_theme','after_content','before_content','log_write_done','switch_admin_theme','captcha_image') ORDER BY `list_order` ASC [ RunTime:0.000423s ]
[2024-11-12T15:17:42+08:00][sql] CONNECT:[ UseTime:0.000391s ] mysql:host=43.241.16.146;port=3306;dbname=zhibo;charset=utf8mb4
[2024-11-12T15:17:42+08:00][sql] SHOW FULL COLUMNS FROM `cmf_hook` [ RunTime:0.000639s ]
[2024-11-12T15:17:42+08:00][sql] SELECT `hook`,`id` FROM `cmf_hook` WHERE  (  (  `app` = '' OR `app` = 'cmf' )  AND `type` = 3 ) OR `type` = 1 [ RunTime:0.000399s ]
[2024-11-12T15:17:42+08:00][sql] SHOW FULL COLUMNS FROM `cmf_hook_plugin` [ RunTime:0.000434s ]
[2024-11-12T15:17:42+08:00][sql] SELECT `hook`,`plugin` FROM `cmf_hook_plugin` WHERE  `status` = 1  AND `hook` IN ('app_begin','module_init','action_begin','view_filter','app_end','log_write','response_end','admin_init','home_init','send_mobile_verification_code','body_start','before_head_end','footer_start','before_footer','before_footer_end','before_body_end','left_sidebar_start','before_left_sidebar_end','right_sidebar_start','before_right_sidebar_end','comment','guestbook','switch_theme','after_content','before_content','log_write_done','switch_admin_theme','captcha_image') ORDER BY `list_order` ASC [ RunTime:0.000426s ]
[2024-11-12T15:17:52+08:00][sql] CONNECT:[ UseTime:0.000311s ] mysql:host=43.241.16.146;port=3306;dbname=zhibo;charset=utf8mb4
[2024-11-12T15:17:52+08:00][sql] SHOW FULL COLUMNS FROM `cmf_hook` [ RunTime:0.000518s ]
[2024-11-12T15:17:52+08:00][sql] SELECT `hook`,`id` FROM `cmf_hook` WHERE  (  (  `app` = '' OR `app` = 'cmf' )  AND `type` = 3 ) OR `type` = 1 [ RunTime:0.000351s ]
[2024-11-12T15:17:52+08:00][sql] SHOW FULL COLUMNS FROM `cmf_hook_plugin` [ RunTime:0.000452s ]
[2024-11-12T15:17:52+08:00][sql] SELECT `hook`,`plugin` FROM `cmf_hook_plugin` WHERE  `status` = 1  AND `hook` IN ('app_begin','module_init','action_begin','view_filter','app_end','log_write','response_end','admin_init','home_init','send_mobile_verification_code','body_start','before_head_end','footer_start','before_footer','before_footer_end','before_body_end','left_sidebar_start','before_left_sidebar_end','right_sidebar_start','before_right_sidebar_end','comment','guestbook','switch_theme','after_content','before_content','log_write_done','switch_admin_theme','captcha_image') ORDER BY `list_order` ASC [ RunTime:0.000410s ]
[2024-11-12T15:17:52+08:00][sql] CONNECT:[ UseTime:0.000281s ] mysql:host=43.241.16.146;port=3306;dbname=zhibo;charset=utf8mb4
[2024-11-12T15:17:52+08:00][sql] SHOW FULL COLUMNS FROM `cmf_hook` [ RunTime:0.000480s ]
[2024-11-12T15:17:52+08:00][sql] SELECT `hook`,`id` FROM `cmf_hook` WHERE  (  (  `app` = '' OR `app` = 'cmf' )  AND `type` = 3 ) OR `type` = 1 [ RunTime:0.000333s ]
[2024-11-12T15:17:52+08:00][sql] SHOW FULL COLUMNS FROM `cmf_hook_plugin` [ RunTime:0.000424s ]
[2024-11-12T15:17:52+08:00][sql] SELECT `hook`,`plugin` FROM `cmf_hook_plugin` WHERE  `status` = 1  AND `hook` IN ('app_begin','module_init','action_begin','view_filter','app_end','log_write','response_end','admin_init','home_init','send_mobile_verification_code','body_start','before_head_end','footer_start','before_footer','before_footer_end','before_body_end','left_sidebar_start','before_left_sidebar_end','right_sidebar_start','before_right_sidebar_end','comment','guestbook','switch_theme','after_content','before_content','log_write_done','switch_admin_theme','captcha_image') ORDER BY `list_order` ASC [ RunTime:0.000392s ]
[2024-11-12T15:25:03+08:00][sql] CONNECT:[ UseTime:0.000465s ] mysql:host=43.241.16.146;port=3306;dbname=zhibo;charset=utf8mb4
[2024-11-12T15:25:03+08:00][sql] SHOW FULL COLUMNS FROM `cmf_hook` [ RunTime:0.000658s ]
[2024-11-12T15:25:03+08:00][sql] SELECT `hook`,`id` FROM `cmf_hook` WHERE  (  (  `app` = '' OR `app` = 'cmf' )  AND `type` = 3 ) OR `type` = 1 [ RunTime:0.000410s ]
[2024-11-12T15:25:03+08:00][sql] SHOW FULL COLUMNS FROM `cmf_hook_plugin` [ RunTime:0.000457s ]
[2024-11-12T15:25:03+08:00][sql] SELECT `hook`,`plugin` FROM `cmf_hook_plugin` WHERE  `status` = 1  AND `hook` IN ('app_begin','module_init','action_begin','view_filter','app_end','log_write','response_end','admin_init','home_init','send_mobile_verification_code','body_start','before_head_end','footer_start','before_footer','before_footer_end','before_body_end','left_sidebar_start','before_left_sidebar_end','right_sidebar_start','before_right_sidebar_end','comment','guestbook','switch_theme','after_content','before_content','log_write_done','switch_admin_theme','captcha_image') ORDER BY `list_order` ASC [ RunTime:0.000434s ]
[2024-11-12T15:25:03+08:00][sql] SHOW FULL COLUMNS FROM `cmf_user` [ RunTime:0.000937s ]
[2024-11-12T15:25:03+08:00][sql] SELECT * FROM `cmf_user` WHERE  `id` = 1 LIMIT 1 [ RunTime:0.000506s ]
[2024-11-12T15:25:03+08:00][sql] SHOW FULL COLUMNS FROM `cmf_admin_menu` [ RunTime:0.000549s ]
[2024-11-12T15:25:03+08:00][sql] SELECT * FROM `cmf_admin_menu` ORDER BY `app` ASC,`controller` ASC,`action` ASC [ RunTime:0.002366s ]
[2024-11-12T15:25:04+08:00][sql] CONNECT:[ UseTime:0.000318s ] mysql:host=43.241.16.146;port=3306;dbname=zhibo;charset=utf8mb4
[2024-11-12T15:25:04+08:00][sql] SHOW FULL COLUMNS FROM `cmf_hook` [ RunTime:0.000509s ]
[2024-11-12T15:25:04+08:00][sql] SELECT `hook`,`id` FROM `cmf_hook` WHERE  (  (  `app` = '' OR `app` = 'cmf' )  AND `type` = 3 ) OR `type` = 1 [ RunTime:0.000340s ]
[2024-11-12T15:25:04+08:00][sql] SHOW FULL COLUMNS FROM `cmf_hook_plugin` [ RunTime:0.000454s ]
[2024-11-12T15:25:04+08:00][sql] SELECT `hook`,`plugin` FROM `cmf_hook_plugin` WHERE  `status` = 1  AND `hook` IN ('app_begin','module_init','action_begin','view_filter','app_end','log_write','response_end','admin_init','home_init','send_mobile_verification_code','body_start','before_head_end','footer_start','before_footer','before_footer_end','before_body_end','left_sidebar_start','before_left_sidebar_end','right_sidebar_start','before_right_sidebar_end','comment','guestbook','switch_theme','after_content','before_content','log_write_done','switch_admin_theme','captcha_image') ORDER BY `list_order` ASC [ RunTime:0.000405s ]
[2024-11-12T15:25:04+08:00][sql] SHOW FULL COLUMNS FROM `cmf_user` [ RunTime:0.000748s ]
[2024-11-12T15:25:04+08:00][sql] SELECT * FROM `cmf_user` WHERE  `id` = 1 LIMIT 1 [ RunTime:0.000453s ]
[2024-11-12T15:25:04+08:00][sql] SELECT COUNT(*) AS think_count FROM `cmf_user` WHERE  ( user_type=2 ) LIMIT 1 [ RunTime:0.000254s ]
[2024-11-12T15:25:04+08:00][sql] SELECT count(id) as nums,source FROM `cmf_user` WHERE  ( user_type=2 ) GROUP BY `source` [ RunTime:0.000294s ]
[2024-11-12T15:25:04+08:00][sql] SELECT count(id) as nums,login_type FROM `cmf_user` WHERE  ( user_type=2 ) GROUP BY `login_type` ORDER BY `nums` DESC [ RunTime:0.000262s ]
[2024-11-12T15:25:04+08:00][sql] SELECT COUNT(*) AS think_count FROM `cmf_user` WHERE  ( user_type=2 ) LIMIT 1 [ RunTime:0.000212s ]
[2024-11-12T15:25:04+08:00][sql] SHOW FULL COLUMNS FROM `cmf_live` [ RunTime:0.000591s ]
[2024-11-12T15:25:04+08:00][sql] SELECT COUNT(*) AS think_count FROM `cmf_live` WHERE  ( islive=1 ) LIMIT 1 [ RunTime:0.000262s ]
[2024-11-12T15:25:04+08:00][sql] select sum(endtime - starttime) as times from cmf_live_record [ RunTime:0.000210s ]
[2024-11-12T15:25:04+08:00][sql] SHOW FULL COLUMNS FROM `cmf_live_record` [ RunTime:0.000519s ]
[2024-11-12T15:25:04+08:00][sql] SELECT COUNT(*) AS think_count FROM ( SELECT count(*) AS think_count FROM `cmf_live_record` WHERE  ( starttime >= 1731340800 and starttime<1731427200 ) GROUP BY `uid` ) `_group_count_` LIMIT 1 [ RunTime:0.000312s ]
[2024-11-12T15:25:04+08:00][sql] SELECT COUNT(*) AS think_count FROM `cmf_live_record` WHERE  ( starttime >= 1731340800 and starttime<1731427200 ) LIMIT 1 [ RunTime:0.000210s ]
[2024-11-12T15:25:04+08:00][sql] select sum(endtime - starttime) as times from cmf_live_record where starttime >= 1731340800 and starttime<1731427200 [ RunTime:0.000209s ]
[2024-11-12T15:25:04+08:00][sql] SELECT `id`,`user_nickname`,`avatar`,`avatar_thumb`,`votestotal` FROM `cmf_user` WHERE  ( user_type=2 ) ORDER BY `votestotal` DESC LIMIT 0,3 [ RunTime:0.000256s ]
[2024-11-12T15:25:04+08:00][sql] SELECT `id`,`user_nickname`,`avatar`,`avatar_thumb`,`consumption` FROM `cmf_user` WHERE  ( user_type=2 ) ORDER BY `consumption` DESC LIMIT 0,3 [ RunTime:0.000250s ]
[2024-11-12T15:25:04+08:00][sql] SHOW FULL COLUMNS FROM `cmf_charge_user` [ RunTime:0.000533s ]
[2024-11-12T15:25:04+08:00][sql] SELECT SUM(`money`) AS think_sum FROM `cmf_charge_user` WHERE  ( status=1 ) LIMIT 1 [ RunTime:0.000232s ]
[2024-11-12T15:25:04+08:00][sql] SELECT SUM(`money`) AS think_sum FROM `cmf_charge_user` WHERE  ( status=1 and addtime>=1731340800 and addtime<1731427200 ) LIMIT 1 [ RunTime:0.000212s ]
[2024-11-12T15:25:04+08:00][sql] SELECT SUM(`money`) AS think_sum FROM `cmf_charge_user` WHERE  ( status=1 and type=1 and addtime>=1731340800 and addtime<1731427200 ) LIMIT 1 [ RunTime:0.000211s ]
[2024-11-12T15:25:04+08:00][sql] SELECT SUM(`money`) AS think_sum FROM `cmf_charge_user` WHERE  ( status=1 and type=2 and addtime>=1731340800 and addtime<1731427200 ) LIMIT 1 [ RunTime:0.000210s ]
[2024-11-12T15:25:04+08:00][sql] SELECT SUM(`money`) AS think_sum FROM `cmf_charge_user` WHERE  ( status=1 and type=3 and addtime>=1731340800 and addtime<1731427200 ) LIMIT 1 [ RunTime:0.000206s ]
[2024-11-12T15:25:04+08:00][sql] SHOW FULL COLUMNS FROM `cmf_cash_record` [ RunTime:0.000510s ]
[2024-11-12T15:25:04+08:00][sql] SELECT SUM(`money`) AS think_sum FROM `cmf_cash_record` WHERE  ( status=0 and addtime>=1731340800 and addtime<1731427200 ) LIMIT 1 [ RunTime:0.000234s ]
[2024-11-12T15:25:04+08:00][sql] SELECT SUM(`money`) AS think_sum FROM `cmf_cash_record` WHERE  ( status=1 and addtime>=1731340800 and addtime<1731427200 ) LIMIT 1 [ RunTime:0.000214s ]
[2024-11-12T15:25:04+08:00][sql] SELECT COUNT(*) AS think_count FROM ( SELECT count(*) AS think_count FROM `cmf_cash_record` WHERE  ( addtime>=1731340800 and addtime<1731427200 ) GROUP BY `uid` ) `_group_count_` LIMIT 1 [ RunTime:0.000268s ]
[2024-11-12T15:25:04+08:00][sql] SELECT SUM(`money`) AS think_sum FROM `cmf_cash_record` WHERE  ( status=1 ) LIMIT 1 [ RunTime:0.000202s ]
[2024-11-12T15:25:04+08:00][sql] SHOW FULL COLUMNS FROM `cmf_shop_apply` [ RunTime:0.000615s ]
[2024-11-12T15:25:04+08:00][sql] SELECT COUNT(*) AS think_count FROM `cmf_shop_apply` WHERE  ( status=0 ) LIMIT 1 [ RunTime:0.000234s ]
[2024-11-12T15:25:04+08:00][sql] SHOW FULL COLUMNS FROM `cmf_shop_goods` [ RunTime:0.000611s ]
[2024-11-12T15:25:04+08:00][sql] SELECT COUNT(*) AS think_count FROM `cmf_shop_goods` WHERE  ( status=0 ) LIMIT 1 [ RunTime:0.000229s ]
[2024-11-12T15:25:04+08:00][sql] SHOW FULL COLUMNS FROM `cmf_shop_order_refund` [ RunTime:0.000582s ]
[2024-11-12T15:25:04+08:00][sql] SELECT COUNT(*) AS think_count FROM `cmf_shop_order_refund` WHERE  ( is_platform_interpose=1 and platform_result=0 ) LIMIT 1 [ RunTime:0.000246s ]
[2024-11-12T15:25:04+08:00][sql] SHOW FULL COLUMNS FROM `cmf_paidprogram` [ RunTime:0.000519s ]
[2024-11-12T15:25:04+08:00][sql] SELECT COUNT(*) AS think_count FROM `cmf_paidprogram` WHERE  ( status=0 ) LIMIT 1 [ RunTime:0.000228s ]
[2024-11-12T15:25:04+08:00][sql] SHOW FULL COLUMNS FROM `cmf_paidprogram_apply` [ RunTime:0.000449s ]
[2024-11-12T15:25:04+08:00][sql] SELECT COUNT(*) AS think_count FROM `cmf_paidprogram_apply` WHERE  ( status=0 ) LIMIT 1 [ RunTime:0.000222s ]
[2024-11-12T15:25:04+08:00][sql] SHOW FULL COLUMNS FROM `cmf_report` [ RunTime:0.000447s ]
[2024-11-12T15:25:04+08:00][sql] SELECT COUNT(*) AS think_count FROM `cmf_report` WHERE  ( status=0 ) LIMIT 1 [ RunTime:0.000219s ]
[2024-11-12T15:25:04+08:00][sql] SHOW FULL COLUMNS FROM `cmf_dynamic` [ RunTime:0.000559s ]
[2024-11-12T15:25:04+08:00][sql] SELECT COUNT(*) AS think_count FROM `cmf_dynamic` WHERE  ( isdel=0 and status=0 ) LIMIT 1 [ RunTime:0.000235s ]
[2024-11-12T15:25:04+08:00][sql] SHOW FULL COLUMNS FROM `cmf_dynamic_report` [ RunTime:0.000468s ]
[2024-11-12T15:25:04+08:00][sql] SELECT COUNT(*) AS think_count FROM `cmf_dynamic_report` WHERE  ( status=0 ) LIMIT 1 [ RunTime:0.000216s ]
[2024-11-12T15:25:04+08:00][sql] SHOW FULL COLUMNS FROM `cmf_video` [ RunTime:0.000575s ]
[2024-11-12T15:25:04+08:00][sql] SELECT COUNT(*) AS think_count FROM `cmf_video` WHERE  ( isdel=0 and status=0 ) LIMIT 1 [ RunTime:0.000240s ]
[2024-11-12T15:25:04+08:00][sql] SHOW FULL COLUMNS FROM `cmf_video_report` [ RunTime:0.000470s ]
[2024-11-12T15:25:04+08:00][sql] SELECT COUNT(*) AS think_count FROM `cmf_video_report` WHERE  ( status=0 ) LIMIT 1 [ RunTime:0.000217s ]
[2024-11-12T15:25:04+08:00][sql] SHOW FULL COLUMNS FROM `cmf_family` [ RunTime:0.000500s ]
[2024-11-12T15:25:04+08:00][sql] SELECT COUNT(*) AS think_count FROM `cmf_family` WHERE  ( state=0 ) LIMIT 1 [ RunTime:0.000222s ]
[2024-11-12T15:25:04+08:00][sql] SHOW FULL COLUMNS FROM `cmf_family_user_divide_apply` [ RunTime:0.000455s ]
[2024-11-12T15:25:04+08:00][sql] SELECT COUNT(*) AS think_count FROM `cmf_family_user_divide_apply` WHERE  ( status=0 ) LIMIT 1 [ RunTime:0.000215s ]
[2024-11-12T15:25:04+08:00][sql] SHOW FULL COLUMNS FROM `cmf_user_auth` [ RunTime:0.000510s ]
[2024-11-12T15:25:04+08:00][sql] SELECT COUNT(*) AS think_count FROM `cmf_user_auth` WHERE  ( status=0 ) LIMIT 1 [ RunTime:0.000218s ]
[2024-11-12T15:25:04+08:00][sql] CONNECT:[ UseTime:0.000310s ] mysql:host=43.241.16.146;port=3306;dbname=zhibo;charset=utf8mb4
[2024-11-12T15:25:04+08:00][sql] SHOW FULL COLUMNS FROM `cmf_hook` [ RunTime:0.000527s ]
[2024-11-12T15:25:04+08:00][sql] SELECT `hook`,`id` FROM `cmf_hook` WHERE  (  (  `app` = '' OR `app` = 'cmf' )  AND `type` = 3 ) OR `type` = 1 [ RunTime:0.000347s ]
[2024-11-12T15:25:04+08:00][sql] SHOW FULL COLUMNS FROM `cmf_hook_plugin` [ RunTime:0.000437s ]
[2024-11-12T15:25:04+08:00][sql] SELECT `hook`,`plugin` FROM `cmf_hook_plugin` WHERE  `status` = 1  AND `hook` IN ('app_begin','module_init','action_begin','view_filter','app_end','log_write','response_end','admin_init','home_init','send_mobile_verification_code','body_start','before_head_end','footer_start','before_footer','before_footer_end','before_body_end','left_sidebar_start','before_left_sidebar_end','right_sidebar_start','before_right_sidebar_end','comment','guestbook','switch_theme','after_content','before_content','log_write_done','switch_admin_theme','captcha_image') ORDER BY `list_order` ASC [ RunTime:0.000412s ]
[2024-11-12T15:25:04+08:00][sql] SHOW FULL COLUMNS FROM `cmf_user` [ RunTime:0.000784s ]
[2024-11-12T15:25:04+08:00][sql] SELECT * FROM `cmf_user` WHERE  `id` = 1 LIMIT 1 [ RunTime:0.000444s ]
[2024-11-12T15:25:04+08:00][sql] SHOW FULL COLUMNS FROM `cmf_role` [ RunTime:0.000490s ]
[2024-11-12T15:25:04+08:00][sql] SELECT * FROM `cmf_role` ORDER BY `list_order` ASC,`id` DESC [ RunTime:0.000257s ]
[2024-11-12T15:25:04+08:00][sql] CONNECT:[ UseTime:0.000287s ] mysql:host=43.241.16.146;port=3306;dbname=zhibo;charset=utf8mb4
[2024-11-12T15:25:04+08:00][sql] SHOW FULL COLUMNS FROM `cmf_hook` [ RunTime:0.000498s ]
[2024-11-12T15:25:04+08:00][sql] SELECT `hook`,`id` FROM `cmf_hook` WHERE  (  (  `app` = '' OR `app` = 'cmf' )  AND `type` = 3 ) OR `type` = 1 [ RunTime:0.000342s ]
[2024-11-12T15:25:04+08:00][sql] SHOW FULL COLUMNS FROM `cmf_hook_plugin` [ RunTime:0.000448s ]
[2024-11-12T15:25:04+08:00][sql] SELECT `hook`,`plugin` FROM `cmf_hook_plugin` WHERE  `status` = 1  AND `hook` IN ('app_begin','module_init','action_begin','view_filter','app_end','log_write','response_end','admin_init','home_init','send_mobile_verification_code','body_start','before_head_end','footer_start','before_footer','before_footer_end','before_body_end','left_sidebar_start','before_left_sidebar_end','right_sidebar_start','before_right_sidebar_end','comment','guestbook','switch_theme','after_content','before_content','log_write_done','switch_admin_theme','captcha_image') ORDER BY `list_order` ASC [ RunTime:0.000410s ]
[2024-11-12T15:25:07+08:00][sql] CONNECT:[ UseTime:0.000285s ] mysql:host=43.241.16.146;port=3306;dbname=zhibo;charset=utf8mb4
[2024-11-12T15:25:07+08:00][sql] SHOW FULL COLUMNS FROM `cmf_hook` [ RunTime:0.000502s ]
[2024-11-12T15:25:07+08:00][sql] SELECT `hook`,`id` FROM `cmf_hook` WHERE  (  (  `app` = '' OR `app` = 'cmf' )  AND `type` = 3 ) OR `type` = 1 [ RunTime:0.000335s ]
[2024-11-12T15:25:07+08:00][sql] SHOW FULL COLUMNS FROM `cmf_hook_plugin` [ RunTime:0.000434s ]
[2024-11-12T15:25:07+08:00][sql] SELECT `hook`,`plugin` FROM `cmf_hook_plugin` WHERE  `status` = 1  AND `hook` IN ('app_begin','module_init','action_begin','view_filter','app_end','log_write','response_end','admin_init','home_init','send_mobile_verification_code','body_start','before_head_end','footer_start','before_footer','before_footer_end','before_body_end','left_sidebar_start','before_left_sidebar_end','right_sidebar_start','before_right_sidebar_end','comment','guestbook','switch_theme','after_content','before_content','log_write_done','switch_admin_theme','captcha_image') ORDER BY `list_order` ASC [ RunTime:0.000395s ]
[2024-11-12T15:27:12+08:00][sql] CONNECT:[ UseTime:0.000319s ] mysql:host=43.241.16.146;port=3306;dbname=zhibo;charset=utf8mb4
[2024-11-12T15:27:12+08:00][sql] SHOW FULL COLUMNS FROM `cmf_hook` [ RunTime:0.000523s ]
[2024-11-12T15:27:12+08:00][sql] SELECT `hook`,`id` FROM `cmf_hook` WHERE  (  (  `app` = '' OR `app` = 'cmf' )  AND `type` = 3 ) OR `type` = 1 [ RunTime:0.000336s ]
[2024-11-12T15:27:12+08:00][sql] SHOW FULL COLUMNS FROM `cmf_hook_plugin` [ RunTime:0.000437s ]
[2024-11-12T15:27:12+08:00][sql] SELECT `hook`,`plugin` FROM `cmf_hook_plugin` WHERE  `status` = 1  AND `hook` IN ('app_begin','module_init','action_begin','view_filter','app_end','log_write','response_end','admin_init','home_init','send_mobile_verification_code','body_start','before_head_end','footer_start','before_footer','before_footer_end','before_body_end','left_sidebar_start','before_left_sidebar_end','right_sidebar_start','before_right_sidebar_end','comment','guestbook','switch_theme','after_content','before_content','log_write_done','switch_admin_theme','captcha_image') ORDER BY `list_order` ASC [ RunTime:0.000402s ]
[2024-11-12T15:54:15+08:00][sql] CONNECT:[ UseTime:0.000453s ] mysql:host=43.241.16.146;port=3306;dbname=zhibo;charset=utf8mb4
[2024-11-12T15:54:15+08:00][sql] SHOW FULL COLUMNS FROM `cmf_hook` [ RunTime:0.000689s ]
[2024-11-12T15:54:15+08:00][sql] SELECT `hook`,`id` FROM `cmf_hook` WHERE  (  (  `app` = '' OR `app` = 'cmf' )  AND `type` = 3 ) OR `type` = 1 [ RunTime:0.000412s ]
[2024-11-12T15:54:15+08:00][sql] SHOW FULL COLUMNS FROM `cmf_hook_plugin` [ RunTime:0.000471s ]
[2024-11-12T15:54:15+08:00][sql] SELECT `hook`,`plugin` FROM `cmf_hook_plugin` WHERE  `status` = 1  AND `hook` IN ('app_begin','module_init','action_begin','view_filter','app_end','log_write','response_end','admin_init','home_init','send_mobile_verification_code','body_start','before_head_end','footer_start','before_footer','before_footer_end','before_body_end','left_sidebar_start','before_left_sidebar_end','right_sidebar_start','before_right_sidebar_end','comment','guestbook','switch_theme','after_content','before_content','log_write_done','switch_admin_theme','captcha_image') ORDER BY `list_order` ASC [ RunTime:0.000444s ]
[2024-11-12T15:54:15+08:00][sql] SELECT `hook` FROM `cmf_hook` WHERE  `app` = 'user' [ RunTime:0.000283s ]
[2024-11-12T15:54:15+08:00][sql] SELECT `hook`,`plugin` FROM `cmf_hook_plugin` WHERE  `status` = 1  AND `hook` IN ('fetch_upload_view','user_admin_index_view','user_admin_asset_index_view','user_admin_oauth_index_view') ORDER BY `list_order` ASC [ RunTime:0.000302s ]
[2024-11-12T15:54:15+08:00][sql] SHOW FULL COLUMNS FROM `cmf_user` [ RunTime:0.000686s ]
[2024-11-12T15:54:15+08:00][sql] SELECT * FROM `cmf_user` WHERE  `id` = 1 LIMIT 1 [ RunTime:0.000448s ]
[2024-11-12T15:54:15+08:00][sql] SELECT COUNT(*) AS think_count FROM `cmf_user` WHERE  `user_type` = 2 LIMIT 1 [ RunTime:0.000278s ]
[2024-11-12T15:54:15+08:00][sql] SELECT COUNT(*) AS think_count FROM `cmf_user` WHERE  `user_type` = 2 LIMIT 1 [ RunTime:0.000237s ]
[2024-11-12T15:54:15+08:00][sql] SELECT * FROM `cmf_user` WHERE  `user_type` = 2 ORDER BY `id` DESC LIMIT 0,20 [ RunTime:0.000404s ]
[2024-11-12T15:54:15+08:00][sql] SHOW FULL COLUMNS FROM `cmf_agent_code` [ RunTime:0.000500s ]
[2024-11-12T15:54:15+08:00][sql] SELECT `code` FROM `cmf_agent_code` WHERE  ( uid = 4 ) LIMIT 1 [ RunTime:0.000223s ]
[2024-11-12T15:54:15+08:00][sql] SHOW FULL COLUMNS FROM `cmf_live_ban` [ RunTime:0.000468s ]
[2024-11-12T15:54:15+08:00][sql] SELECT `addtime`,`type`,`endtime` FROM `cmf_live_ban` WHERE  `liveuid` = 4 LIMIT 1 [ RunTime:0.000246s ]
[2024-11-12T15:54:15+08:00][sql] SELECT `code` FROM `cmf_agent_code` WHERE  ( uid = 3 ) LIMIT 1 [ RunTime:0.000215s ]
[2024-11-12T15:54:15+08:00][sql] SELECT `addtime`,`type`,`endtime` FROM `cmf_live_ban` WHERE  `liveuid` = 3 LIMIT 1 [ RunTime:0.000223s ]
[2024-11-12T15:54:15+08:00][sql] SELECT `code` FROM `cmf_agent_code` WHERE  ( uid = 2 ) LIMIT 1 [ RunTime:0.000207s ]
[2024-11-12T15:54:15+08:00][sql] SELECT `addtime`,`type`,`endtime` FROM `cmf_live_ban` WHERE  `liveuid` = 2 LIMIT 1 [ RunTime:0.000218s ]
[2024-11-12T15:54:55+08:00][sql] CONNECT:[ UseTime:0.000461s ] mysql:host=43.241.16.146;port=3306;dbname=zhibo;charset=utf8mb4
[2024-11-12T15:54:55+08:00][sql] SHOW FULL COLUMNS FROM `cmf_hook` [ RunTime:0.000673s ]
[2024-11-12T15:54:55+08:00][sql] SELECT `hook`,`id` FROM `cmf_hook` WHERE  (  (  `app` = '' OR `app` = 'cmf' )  AND `type` = 3 ) OR `type` = 1 [ RunTime:0.000398s ]
[2024-11-12T15:54:55+08:00][sql] SHOW FULL COLUMNS FROM `cmf_hook_plugin` [ RunTime:0.000441s ]
[2024-11-12T15:54:55+08:00][sql] SELECT `hook`,`plugin` FROM `cmf_hook_plugin` WHERE  `status` = 1  AND `hook` IN ('app_begin','module_init','action_begin','view_filter','app_end','log_write','response_end','admin_init','home_init','send_mobile_verification_code','body_start','before_head_end','footer_start','before_footer','before_footer_end','before_body_end','left_sidebar_start','before_left_sidebar_end','right_sidebar_start','before_right_sidebar_end','comment','guestbook','switch_theme','after_content','before_content','log_write_done','switch_admin_theme','captcha_image') ORDER BY `list_order` ASC [ RunTime:0.000440s ]
[2024-11-12T15:54:55+08:00][sql] SHOW FULL COLUMNS FROM `cmf_user` [ RunTime:0.000680s ]
[2024-11-12T15:54:55+08:00][sql] SELECT * FROM `cmf_user` WHERE  `id` = 1 LIMIT 1 [ RunTime:0.000443s ]
[2024-11-12T15:54:55+08:00][sql] SHOW FULL COLUMNS FROM `cmf_car` [ RunTime:0.001667s ]
[2024-11-12T15:54:55+08:00][sql] SELECT COUNT(*) AS think_count FROM `cmf_car` LIMIT 1 [ RunTime:0.000226s ]
[2024-11-12T15:54:55+08:00][sql] SELECT * FROM `cmf_car` ORDER BY `list_order` ASC LIMIT 0,20 [ RunTime:0.000273s ]
[2024-11-12T15:54:55+08:00][sql] SHOW FULL COLUMNS FROM `cmf_plugin` [ RunTime:0.000505s ]
[2024-11-12T15:54:55+08:00][sql] SELECT `config` FROM `cmf_plugin` WHERE  `name` = 'Qiniu' LIMIT 1 [ RunTime:0.000244s ]
[2024-11-12T15:54:58+08:00][sql] CONNECT:[ UseTime:0.000360s ] mysql:host=43.241.16.146;port=3306;dbname=zhibo;charset=utf8mb4
[2024-11-12T15:54:58+08:00][sql] SHOW FULL COLUMNS FROM `cmf_hook` [ RunTime:0.000537s ]
[2024-11-12T15:54:58+08:00][sql] SELECT `hook`,`id` FROM `cmf_hook` WHERE  (  (  `app` = '' OR `app` = 'cmf' )  AND `type` = 3 ) OR `type` = 1 [ RunTime:0.000356s ]
[2024-11-12T15:54:58+08:00][sql] SHOW FULL COLUMNS FROM `cmf_hook_plugin` [ RunTime:0.000447s ]
[2024-11-12T15:54:58+08:00][sql] SELECT `hook`,`plugin` FROM `cmf_hook_plugin` WHERE  `status` = 1  AND `hook` IN ('app_begin','module_init','action_begin','view_filter','app_end','log_write','response_end','admin_init','home_init','send_mobile_verification_code','body_start','before_head_end','footer_start','before_footer','before_footer_end','before_body_end','left_sidebar_start','before_left_sidebar_end','right_sidebar_start','before_right_sidebar_end','comment','guestbook','switch_theme','after_content','before_content','log_write_done','switch_admin_theme','captcha_image') ORDER BY `list_order` ASC [ RunTime:0.000416s ]
[2024-11-12T15:54:58+08:00][sql] SHOW FULL COLUMNS FROM `cmf_user` [ RunTime:0.000693s ]
[2024-11-12T15:54:58+08:00][sql] SELECT * FROM `cmf_user` WHERE  `id` = 1 LIMIT 1 [ RunTime:0.000427s ]
[2024-11-12T15:54:58+08:00][sql] SHOW FULL COLUMNS FROM `cmf_car` [ RunTime:0.000533s ]
[2024-11-12T15:54:58+08:00][sql] SELECT COUNT(*) AS think_count FROM `cmf_car` LIMIT 1 [ RunTime:0.000222s ]
[2024-11-12T15:54:58+08:00][sql] SELECT * FROM `cmf_car` ORDER BY `list_order` ASC LIMIT 0,20 [ RunTime:0.000278s ]
[2024-11-12T15:54:58+08:00][sql] SHOW FULL COLUMNS FROM `cmf_plugin` [ RunTime:0.000498s ]
[2024-11-12T15:54:58+08:00][sql] SELECT `config` FROM `cmf_plugin` WHERE  `name` = 'Qiniu' LIMIT 1 [ RunTime:0.000259s ]
[2024-11-12T15:54:58+08:00][sql] CONNECT:[ UseTime:0.000267s ] mysql:host=43.241.16.146;port=3306;dbname=zhibo;charset=utf8mb4
[2024-11-12T15:54:58+08:00][sql] SHOW FULL COLUMNS FROM `cmf_hook` [ RunTime:0.000452s ]
[2024-11-12T15:54:58+08:00][sql] SELECT `hook`,`id` FROM `cmf_hook` WHERE  (  (  `app` = '' OR `app` = 'cmf' )  AND `type` = 3 ) OR `type` = 1 [ RunTime:0.000324s ]
[2024-11-12T15:54:58+08:00][sql] SHOW FULL COLUMNS FROM `cmf_hook_plugin` [ RunTime:0.000425s ]
[2024-11-12T15:54:58+08:00][sql] SELECT `hook`,`plugin` FROM `cmf_hook_plugin` WHERE  `status` = 1  AND `hook` IN ('app_begin','module_init','action_begin','view_filter','app_end','log_write','response_end','admin_init','home_init','send_mobile_verification_code','body_start','before_head_end','footer_start','before_footer','before_footer_end','before_body_end','left_sidebar_start','before_left_sidebar_end','right_sidebar_start','before_right_sidebar_end','comment','guestbook','switch_theme','after_content','before_content','log_write_done','switch_admin_theme','captcha_image') ORDER BY `list_order` ASC [ RunTime:0.000387s ]
[2024-11-12T15:54:58+08:00][sql] SHOW FULL COLUMNS FROM `cmf_user` [ RunTime:0.000830s ]
[2024-11-12T15:54:58+08:00][sql] SELECT * FROM `cmf_user` WHERE  `id` = 1 LIMIT 1 [ RunTime:0.000457s ]
[2024-11-12T15:54:58+08:00][sql] SHOW FULL COLUMNS FROM `cmf_liang` [ RunTime:0.000471s ]
[2024-11-12T15:54:58+08:00][sql] SELECT COUNT(*) AS think_count FROM `cmf_liang` LIMIT 1 [ RunTime:0.000204s ]
[2024-11-12T15:54:58+08:00][sql] SELECT `length` FROM `cmf_liang` GROUP BY `length` ORDER BY `length` ASC [ RunTime:0.000242s ]
[2024-11-12T18:06:14+08:00][sql] CONNECT:[ UseTime:0.000422s ] mysql:host=43.241.16.146;port=3306;dbname=zhibo;charset=utf8mb4
[2024-11-12T18:06:14+08:00][sql] SHOW FULL COLUMNS FROM `cmf_hook` [ RunTime:0.000659s ]
[2024-11-12T18:06:14+08:00][sql] SELECT `hook`,`id` FROM `cmf_hook` WHERE  (  (  `app` = '' OR `app` = 'cmf' )  AND `type` = 3 ) OR `type` = 1 [ RunTime:0.000397s ]
[2024-11-12T18:06:14+08:00][sql] SHOW FULL COLUMNS FROM `cmf_hook_plugin` [ RunTime:0.000431s ]
[2024-11-12T18:06:14+08:00][sql] SELECT `hook`,`plugin` FROM `cmf_hook_plugin` WHERE  `status` = 1  AND `hook` IN ('app_begin','module_init','action_begin','view_filter','app_end','log_write','response_end','admin_init','home_init','send_mobile_verification_code','body_start','before_head_end','footer_start','before_footer','before_footer_end','before_body_end','left_sidebar_start','before_left_sidebar_end','right_sidebar_start','before_right_sidebar_end','comment','guestbook','switch_theme','after_content','before_content','log_write_done','switch_admin_theme','captcha_image') ORDER BY `list_order` ASC [ RunTime:0.000422s ]
[2024-11-12T18:06:14+08:00][sql] SHOW FULL COLUMNS FROM `cmf_plugin` [ RunTime:0.000750s ]
[2024-11-12T18:06:14+08:00][sql] SELECT `config` FROM `cmf_plugin` WHERE  `name` = 'Qiniu' LIMIT 1 [ RunTime:0.000309s ]
[2024-11-12T18:06:14+08:00][sql] SHOW FULL COLUMNS FROM `cmf_user` [ RunTime:0.000657s ]
[2024-11-12T18:06:14+08:00][sql] SELECT `id`,`user_login`,`user_nickname`,`avatar`,`avatar_thumb`,`sex`,`signature`,`consumption`,`votestotal`,`province`,`city`,`coin`,`votes`,`birthday`,`issuper` FROM `cmf_user` WHERE  `id` = 2 LIMIT 1 [ RunTime:0.000344s ]
[2024-11-12T18:06:14+08:00][sql] SHOW FULL COLUMNS FROM `cmf_vip_user` [ RunTime:0.000438s ]
[2024-11-12T18:06:14+08:00][sql] SELECT * FROM `cmf_vip_user` WHERE  `uid` = 2 LIMIT 1 [ RunTime:0.000243s ]
[2024-11-12T18:06:14+08:00][sql] SHOW FULL COLUMNS FROM `cmf_liang` [ RunTime:0.000456s ]
[2024-11-12T18:06:14+08:00][sql] SELECT * FROM `cmf_liang` WHERE  ( status=1 and state=1 )  AND `uid` = 2 LIMIT 1 [ RunTime:0.000294s ]
[2024-11-12T18:06:14+08:00][sql] SHOW FULL COLUMNS FROM `cmf_user_token` [ RunTime:0.000424s ]
[2024-11-12T18:06:14+08:00][sql] SELECT `token` FROM `cmf_user_token` WHERE  ( user_id=2 ) LIMIT 1 [ RunTime:0.000226s ]
[2024-11-12T18:06:14+08:00][sql] SELECT `id`,`user_login`,`user_nickname`,`avatar`,`avatar_thumb`,`sex`,`signature`,`consumption`,`votestotal`,`province`,`city`,`coin`,`votes`,`birthday`,`issuper` FROM `cmf_user` WHERE  `id` = 2 LIMIT 1 [ RunTime:0.000284s ]
[2024-11-12T18:06:14+08:00][sql] SELECT * FROM `cmf_vip_user` WHERE  `uid` = 2 LIMIT 1 [ RunTime:0.000243s ]
[2024-11-12T18:06:14+08:00][sql] SELECT * FROM `cmf_liang` WHERE  ( status=1 and state=1 )  AND `uid` = 2 LIMIT 1 [ RunTime:0.000257s ]
[2024-11-12T18:06:14+08:00][sql] SELECT `token` FROM `cmf_user_token` WHERE  ( user_id=2 ) LIMIT 1 [ RunTime:0.000212s ]
[2024-11-12T18:06:14+08:00][sql] SHOW FULL COLUMNS FROM `cmf_live` [ RunTime:0.000593s ]
[2024-11-12T18:06:14+08:00][sql] SELECT * FROM `cmf_live` WHERE  ( islive='1' and isrecommend='1' and type='0' and live_type=0 ) [ RunTime:0.000421s ]
[2024-11-12T18:06:14+08:00][sql] SHOW FULL COLUMNS FROM `cmf_slide_item` [ RunTime:0.000471s ]
[2024-11-12T18:06:14+08:00][sql] SELECT * FROM `cmf_slide_item` WHERE  ( status='1' and slide_id='1' ) ORDER BY `list_order` ASC [ RunTime:0.000323s ]
[2024-11-12T18:06:14+08:00][sql] SHOW FULL COLUMNS FROM `cmf_live_class` [ RunTime:0.000436s ]
[2024-11-12T18:06:14+08:00][sql] SELECT * FROM `cmf_live_class` ORDER BY `list_order` LIMIT 5 [ RunTime:0.000267s ]
[2024-11-12T18:06:14+08:00][sql] SELECT * FROM `cmf_live` WHERE  `islive` = 1  AND `live_type` = 0  AND `liveclassid` = 8 ORDER BY `recommend_time` DESC,`starttime` DESC LIMIT 5 [ RunTime:0.000423s ]
[2024-11-12T18:06:14+08:00][sql] SELECT `uid`,`thumb`,`stream`,`title`,`city`,`islive`,`type` FROM `cmf_live` WHERE  ( islive='1' and ishot='1' and live_type=0 ) ORDER BY `isrecommend` DESC,`recommend_time` DESC,`hotvotes` DESC,`starttime` DESC LIMIT 5 [ RunTime:0.000309s ]
[2024-11-12T18:06:14+08:00][sql] SELECT `uid`,`thumb`,`stream`,`title`,`city`,`islive`,`type` FROM `cmf_live` WHERE  ( islive='1' and live_type=0 ) ORDER BY `starttime` DESC LIMIT 5 [ RunTime:0.000266s ]
[2024-11-12T18:06:14+08:00][sql] SHOW FULL COLUMNS FROM `cmf_theme_file` [ RunTime:0.000482s ]
[2024-11-12T18:06:14+08:00][sql] SELECT `more` FROM `cmf_theme_file` WHERE  `theme` = 'default'  AND (  `is_public` = 1 OR `file` = '../home/index/index' ) [ RunTime:0.000284s ]
[2024-11-12T18:06:14+08:00][sql] CONNECT:[ UseTime:0.000386s ] mysql:host=43.241.16.146;port=3306;dbname=zhibo;charset=utf8mb4
[2024-11-12T18:06:14+08:00][sql] SHOW FULL COLUMNS FROM `cmf_hook` [ RunTime:0.000537s ]
[2024-11-12T18:06:14+08:00][sql] SELECT `hook`,`id` FROM `cmf_hook` WHERE  (  (  `app` = '' OR `app` = 'cmf' )  AND `type` = 3 ) OR `type` = 1 [ RunTime:0.000354s ]
[2024-11-12T18:06:14+08:00][sql] SHOW FULL COLUMNS FROM `cmf_hook_plugin` [ RunTime:0.000461s ]
[2024-11-12T18:06:14+08:00][sql] SELECT `hook`,`plugin` FROM `cmf_hook_plugin` WHERE  `status` = 1  AND `hook` IN ('app_begin','module_init','action_begin','view_filter','app_end','log_write','response_end','admin_init','home_init','send_mobile_verification_code','body_start','before_head_end','footer_start','before_footer','before_footer_end','before_body_end','left_sidebar_start','before_left_sidebar_end','right_sidebar_start','before_right_sidebar_end','comment','guestbook','switch_theme','after_content','before_content','log_write_done','switch_admin_theme','captcha_image') ORDER BY `list_order` ASC [ RunTime:0.000429s ]
[2024-11-12T18:06:14+08:00][sql] SHOW FULL COLUMNS FROM `cmf_plugin` [ RunTime:0.000523s ]
[2024-11-12T18:06:14+08:00][sql] SELECT `config` FROM `cmf_plugin` WHERE  `name` = 'Qiniu' LIMIT 1 [ RunTime:0.000258s ]
[2024-11-12T18:06:14+08:00][sql] SHOW FULL COLUMNS FROM `cmf_user` [ RunTime:0.000661s ]
[2024-11-12T18:06:14+08:00][sql] SELECT `id`,`user_login`,`user_nickname`,`avatar`,`avatar_thumb`,`sex`,`signature`,`consumption`,`votestotal`,`province`,`city`,`coin`,`votes`,`birthday`,`issuper` FROM `cmf_user` WHERE  `id` = 2 LIMIT 1 [ RunTime:0.000327s ]
[2024-11-12T18:06:14+08:00][sql] SHOW FULL COLUMNS FROM `cmf_vip_user` [ RunTime:0.000439s ]
[2024-11-12T18:06:14+08:00][sql] SELECT * FROM `cmf_vip_user` WHERE  `uid` = 2 LIMIT 1 [ RunTime:0.000243s ]
[2024-11-12T18:06:14+08:00][sql] SHOW FULL COLUMNS FROM `cmf_liang` [ RunTime:0.000458s ]
[2024-11-12T18:06:14+08:00][sql] SELECT * FROM `cmf_liang` WHERE  ( status=1 and state=1 )  AND `uid` = 2 LIMIT 1 [ RunTime:0.000294s ]
[2024-11-12T18:06:14+08:00][sql] SHOW FULL COLUMNS FROM `cmf_user_token` [ RunTime:0.000424s ]
[2024-11-12T18:06:14+08:00][sql] SELECT `token` FROM `cmf_user_token` WHERE  ( user_id=2 ) LIMIT 1 [ RunTime:0.000230s ]
[2024-11-12T18:06:14+08:00][sql] SELECT `id`,`user_login`,`user_nickname`,`avatar`,`avatar_thumb`,`sex`,`signature`,`consumption`,`votestotal`,`province`,`city`,`coin`,`votes`,`birthday`,`issuper` FROM `cmf_user` WHERE  `id` = 2 LIMIT 1 [ RunTime:0.000291s ]
[2024-11-12T18:06:14+08:00][sql] SELECT * FROM `cmf_vip_user` WHERE  `uid` = 2 LIMIT 1 [ RunTime:0.000247s ]
[2024-11-12T18:06:14+08:00][sql] SELECT * FROM `cmf_liang` WHERE  ( status=1 and state=1 )  AND `uid` = 2 LIMIT 1 [ RunTime:0.000264s ]
[2024-11-12T18:06:14+08:00][sql] SELECT `token` FROM `cmf_user_token` WHERE  ( user_id=2 ) LIMIT 1 [ RunTime:0.000217s ]
[2024-11-12T18:06:14+08:00][sql] SHOW FULL COLUMNS FROM `cmf_slide_item` [ RunTime:0.000476s ]
[2024-11-12T18:06:14+08:00][sql] SELECT * FROM `cmf_slide_item` WHERE  ( status='1' and slide_id='6' ) ORDER BY `list_order` ASC [ RunTime:0.000312s ]
[2024-11-12T18:06:14+08:00][sql] SHOW FULL COLUMNS FROM `cmf_live` [ RunTime:0.000592s ]
[2024-11-12T18:06:14+08:00][sql] SELECT `uid`,`title`,`city`,`stream`,`pull`,`thumb`,`type` FROM `cmf_live` WHERE  `islive` = 1  AND `live_type` = 0  AND `ishot` = 1 ORDER BY `recommend_time` DESC,`starttime` DESC LIMIT 0,20 [ RunTime:0.000347s ]
[2024-11-12T18:06:14+08:00][sql] SHOW FULL COLUMNS FROM `cmf_theme_file` [ RunTime:0.000475s ]
[2024-11-12T18:06:14+08:00][sql] SELECT `more` FROM `cmf_theme_file` WHERE  `theme` = 'default'  AND (  `is_public` = 1 OR `file` = '../wxshare/share/index' ) [ RunTime:0.000285s ]
[2024-11-12T18:06:16+08:00][sql] CONNECT:[ UseTime:0.000273s ] mysql:host=43.241.16.146;port=3306;dbname=zhibo;charset=utf8mb4
[2024-11-12T18:06:16+08:00][sql] SHOW FULL COLUMNS FROM `cmf_hook` [ RunTime:0.000481s ]
[2024-11-12T18:06:16+08:00][sql] SELECT `hook`,`id` FROM `cmf_hook` WHERE  (  (  `app` = '' OR `app` = 'cmf' )  AND `type` = 3 ) OR `type` = 1 [ RunTime:0.000326s ]
[2024-11-12T18:06:16+08:00][sql] SHOW FULL COLUMNS FROM `cmf_hook_plugin` [ RunTime:0.000433s ]
[2024-11-12T18:06:16+08:00][sql] SELECT `hook`,`plugin` FROM `cmf_hook_plugin` WHERE  `status` = 1  AND `hook` IN ('app_begin','module_init','action_begin','view_filter','app_end','log_write','response_end','admin_init','home_init','send_mobile_verification_code','body_start','before_head_end','footer_start','before_footer','before_footer_end','before_body_end','left_sidebar_start','before_left_sidebar_end','right_sidebar_start','before_right_sidebar_end','comment','guestbook','switch_theme','after_content','before_content','log_write_done','switch_admin_theme','captcha_image') ORDER BY `list_order` ASC [ RunTime:0.000398s ]
[2024-11-12T18:06:16+08:00][sql] SHOW FULL COLUMNS FROM `cmf_plugin` [ RunTime:0.000540s ]
[2024-11-12T18:06:16+08:00][sql] SELECT `config` FROM `cmf_plugin` WHERE  `name` = 'Qiniu' LIMIT 1 [ RunTime:0.000264s ]
[2024-11-12T18:06:16+08:00][sql] SHOW FULL COLUMNS FROM `cmf_user` [ RunTime:0.000736s ]
[2024-11-12T18:06:16+08:00][sql] SELECT `id`,`user_login`,`user_nickname`,`avatar`,`avatar_thumb`,`sex`,`signature`,`consumption`,`votestotal`,`province`,`city`,`coin`,`votes`,`birthday`,`issuper` FROM `cmf_user` WHERE  `id` = 2 LIMIT 1 [ RunTime:0.000324s ]
[2024-11-12T18:06:16+08:00][sql] SHOW FULL COLUMNS FROM `cmf_vip_user` [ RunTime:0.000430s ]
[2024-11-12T18:06:16+08:00][sql] SELECT * FROM `cmf_vip_user` WHERE  `uid` = 2 LIMIT 1 [ RunTime:0.000239s ]
[2024-11-12T18:06:16+08:00][sql] SHOW FULL COLUMNS FROM `cmf_liang` [ RunTime:0.000448s ]
[2024-11-12T18:06:16+08:00][sql] SELECT * FROM `cmf_liang` WHERE  ( status=1 and state=1 )  AND `uid` = 2 LIMIT 1 [ RunTime:0.000280s ]
[2024-11-12T18:06:16+08:00][sql] SHOW FULL COLUMNS FROM `cmf_user_token` [ RunTime:0.000427s ]
[2024-11-12T18:06:16+08:00][sql] SELECT `token` FROM `cmf_user_token` WHERE  ( user_id=2 ) LIMIT 1 [ RunTime:0.000217s ]
[2024-11-12T18:06:16+08:00][sql] SELECT `id`,`user_login`,`user_nickname`,`avatar`,`avatar_thumb`,`sex`,`signature`,`consumption`,`votestotal`,`province`,`city`,`coin`,`votes`,`birthday`,`issuper` FROM `cmf_user` WHERE  `id` = 2 LIMIT 1 [ RunTime:0.000291s ]
[2024-11-12T18:06:16+08:00][sql] SELECT * FROM `cmf_vip_user` WHERE  `uid` = 2 LIMIT 1 [ RunTime:0.000232s ]
[2024-11-12T18:06:16+08:00][sql] SELECT * FROM `cmf_liang` WHERE  ( status=1 and state=1 )  AND `uid` = 2 LIMIT 1 [ RunTime:0.000261s ]
[2024-11-12T18:06:16+08:00][sql] SELECT `token` FROM `cmf_user_token` WHERE  ( user_id=2 ) LIMIT 1 [ RunTime:0.000201s ]
[2024-11-12T18:06:16+08:00][sql] SELECT `id`,`user_login`,`user_nickname`,`avatar`,`avatar_thumb`,`sex`,`signature`,`consumption`,`votestotal`,`province`,`city`,`coin`,`votes`,`birthday`,`issuper` FROM `cmf_user` WHERE  `id` = 2 LIMIT 1 [ RunTime:0.000290s ]
[2024-11-12T18:06:16+08:00][sql] SELECT * FROM `cmf_vip_user` WHERE  `uid` = 2 LIMIT 1 [ RunTime:0.000226s ]
[2024-11-12T18:06:16+08:00][sql] SELECT * FROM `cmf_liang` WHERE  ( status=1 and state=1 )  AND `uid` = 2 LIMIT 1 [ RunTime:0.000262s ]
[2024-11-12T18:06:16+08:00][sql] SELECT `token` FROM `cmf_user_token` WHERE  ( user_id=2 ) LIMIT 1 [ RunTime:0.000196s ]
[2024-11-12T18:06:16+08:00][sql] SHOW FULL COLUMNS FROM `cmf_user_attention` [ RunTime:0.000418s ]
[2024-11-12T18:06:16+08:00][sql] SELECT COUNT(*) AS think_count FROM `cmf_user_attention` WHERE  `uid` = 2 LIMIT 1 [ RunTime:0.000251s ]
[2024-11-12T18:06:16+08:00][sql] SELECT COUNT(*) AS think_count FROM `cmf_user_attention` WHERE  `touid` = 2 LIMIT 1 [ RunTime:0.000215s ]
[2024-11-12T18:06:16+08:00][sql] SHOW FULL COLUMNS FROM `cmf_theme_file` [ RunTime:0.000472s ]
[2024-11-12T18:06:16+08:00][sql] SELECT `more` FROM `cmf_theme_file` WHERE  `theme` = 'default'  AND (  `is_public` = 1 OR `file` = '../wxshare/user/index' ) [ RunTime:0.000277s ]
[2024-11-12T18:07:13+08:00][sql] CONNECT:[ UseTime:0.000378s ] mysql:host=43.241.16.146;port=3306;dbname=zhibo;charset=utf8mb4
[2024-11-12T18:07:13+08:00][sql] SHOW FULL COLUMNS FROM `cmf_hook` [ RunTime:0.000484s ]
[2024-11-12T18:07:13+08:00][sql] SELECT `hook`,`id` FROM `cmf_hook` WHERE  (  (  `app` = '' OR `app` = 'cmf' )  AND `type` = 3 ) OR `type` = 1 [ RunTime:0.000344s ]
[2024-11-12T18:07:13+08:00][sql] SHOW FULL COLUMNS FROM `cmf_hook_plugin` [ RunTime:0.000451s ]
[2024-11-12T18:07:13+08:00][sql] SELECT `hook`,`plugin` FROM `cmf_hook_plugin` WHERE  `status` = 1  AND `hook` IN ('app_begin','module_init','action_begin','view_filter','app_end','log_write','response_end','admin_init','home_init','send_mobile_verification_code','body_start','before_head_end','footer_start','before_footer','before_footer_end','before_body_end','left_sidebar_start','before_left_sidebar_end','right_sidebar_start','before_right_sidebar_end','comment','guestbook','switch_theme','after_content','before_content','log_write_done','switch_admin_theme','captcha_image') ORDER BY `list_order` ASC [ RunTime:0.000397s ]
[2024-11-12T18:07:13+08:00][sql] SHOW FULL COLUMNS FROM `cmf_plugin` [ RunTime:0.000518s ]
[2024-11-12T18:07:13+08:00][sql] SELECT `config` FROM `cmf_plugin` WHERE  `name` = 'Qiniu' LIMIT 1 [ RunTime:0.000251s ]
[2024-11-12T18:07:13+08:00][sql] SHOW FULL COLUMNS FROM `cmf_live` [ RunTime:0.000591s ]
[2024-11-12T18:07:13+08:00][sql] SELECT * FROM `cmf_live` WHERE  ( islive='1' and isrecommend='1' and type='0' and live_type=0 ) [ RunTime:0.000410s ]
[2024-11-12T18:07:13+08:00][sql] SHOW FULL COLUMNS FROM `cmf_slide_item` [ RunTime:0.000471s ]
[2024-11-12T18:07:13+08:00][sql] SELECT * FROM `cmf_slide_item` WHERE  ( status='1' and slide_id='1' ) ORDER BY `list_order` ASC [ RunTime:0.000304s ]
[2024-11-12T18:07:13+08:00][sql] SHOW FULL COLUMNS FROM `cmf_live_class` [ RunTime:0.000442s ]
[2024-11-12T18:07:13+08:00][sql] SELECT * FROM `cmf_live_class` ORDER BY `list_order` LIMIT 5 [ RunTime:0.000260s ]
[2024-11-12T18:07:13+08:00][sql] SELECT * FROM `cmf_live` WHERE  `islive` = 1  AND `live_type` = 0  AND `liveclassid` = 8 ORDER BY `recommend_time` DESC,`starttime` DESC LIMIT 5 [ RunTime:0.000421s ]
[2024-11-12T18:07:13+08:00][sql] SELECT `uid`,`thumb`,`stream`,`title`,`city`,`islive`,`type` FROM `cmf_live` WHERE  ( islive='1' and ishot='1' and live_type=0 ) ORDER BY `isrecommend` DESC,`recommend_time` DESC,`hotvotes` DESC,`starttime` DESC LIMIT 5 [ RunTime:0.000310s ]
[2024-11-12T18:07:13+08:00][sql] SELECT `uid`,`thumb`,`stream`,`title`,`city`,`islive`,`type` FROM `cmf_live` WHERE  ( islive='1' and live_type=0 ) ORDER BY `starttime` DESC LIMIT 5 [ RunTime:0.000276s ]
[2024-11-12T18:07:13+08:00][sql] SHOW FULL COLUMNS FROM `cmf_theme_file` [ RunTime:0.000483s ]
[2024-11-12T18:07:13+08:00][sql] SELECT `more` FROM `cmf_theme_file` WHERE  `theme` = 'default'  AND (  `is_public` = 1 OR `file` = '../home/index/index' ) [ RunTime:0.000284s ]
[2024-11-12T18:24:36+08:00][sql] CONNECT:[ UseTime:0.000317s ] mysql:host=43.241.16.146;port=3306;dbname=zhibo;charset=utf8mb4
[2024-11-12T18:24:36+08:00][sql] SHOW FULL COLUMNS FROM `cmf_hook` [ RunTime:0.000533s ]
[2024-11-12T18:24:36+08:00][sql] SELECT `hook`,`id` FROM `cmf_hook` WHERE  (  (  `app` = '' OR `app` = 'cmf' )  AND `type` = 3 ) OR `type` = 1 [ RunTime:0.000343s ]
[2024-11-12T18:24:36+08:00][sql] SHOW FULL COLUMNS FROM `cmf_hook_plugin` [ RunTime:0.000426s ]
[2024-11-12T18:24:36+08:00][sql] SELECT `hook`,`plugin` FROM `cmf_hook_plugin` WHERE  `status` = 1  AND `hook` IN ('app_begin','module_init','action_begin','view_filter','app_end','log_write','response_end','admin_init','home_init','send_mobile_verification_code','body_start','before_head_end','footer_start','before_footer','before_footer_end','before_body_end','left_sidebar_start','before_left_sidebar_end','right_sidebar_start','before_right_sidebar_end','comment','guestbook','switch_theme','after_content','before_content','log_write_done','switch_admin_theme','captcha_image') ORDER BY `list_order` ASC [ RunTime:0.000409s ]
[2024-11-12T18:24:36+08:00][sql] SELECT `hook` FROM `cmf_hook` WHERE  `app` = 'appapi' [ RunTime:0.000268s ]
[2024-11-12T18:24:36+08:00][sql] SELECT `hook`,`plugin` FROM `cmf_hook_plugin` WHERE  `status` = 1  AND 0 = 1 ORDER BY `list_order` ASC [ RunTime:0.000211s ]
[2024-11-12T18:24:36+08:00][sql] SHOW FULL COLUMNS FROM `cmf_plugin` [ RunTime:0.000494s ]
[2024-11-12T18:24:36+08:00][sql] SELECT `config` FROM `cmf_plugin` WHERE  `name` = 'Qiniu' LIMIT 1 [ RunTime:0.000243s ]
[2024-11-12T18:24:36+08:00][sql] SHOW FULL COLUMNS FROM `cmf_user` [ RunTime:0.000697s ]
[2024-11-12T18:24:36+08:00][sql] SELECT `id`,`user_nickname`,`coin`,`score` FROM `cmf_user` WHERE  `id` = 3 LIMIT 1 [ RunTime:0.000273s ]
[2024-11-12T18:24:36+08:00][sql] SHOW FULL COLUMNS FROM `cmf_vip` [ RunTime:0.013101s ]
[2024-11-12T18:24:36+08:00][sql] SELECT * FROM `cmf_vip` ORDER BY `list_order` ASC [ RunTime:0.000266s ]
[2024-11-12T18:24:36+08:00][sql] SHOW FULL COLUMNS FROM `cmf_vip_user` [ RunTime:0.000424s ]
[2024-11-12T18:24:36+08:00][sql] SELECT * FROM `cmf_vip_user` WHERE  `uid` = 3  AND `endtime` > 1731407076 LIMIT 1 [ RunTime:0.000247s ]
[2024-11-12T18:24:36+08:00][sql] SHOW FULL COLUMNS FROM `cmf_liang` [ RunTime:0.000447s ]
[2024-11-12T18:24:36+08:00][sql] SELECT * FROM `cmf_liang` WHERE  ( status=0 ) ORDER BY `list_order` ASC,`id` DESC LIMIT 21 [ RunTime:0.000264s ]
[2024-11-12T18:24:36+08:00][sql] SHOW FULL COLUMNS FROM `cmf_car` [ RunTime:0.000480s ]
[2024-11-12T18:24:36+08:00][sql] SELECT * FROM `cmf_car` ORDER BY `list_order` ASC [ RunTime:0.000269s ]
[2024-11-12T18:24:36+08:00][sql] SHOW FULL COLUMNS FROM `cmf_theme_file` [ RunTime:0.000459s ]
[2024-11-12T18:24:36+08:00][sql] SELECT `more` FROM `cmf_theme_file` WHERE  `theme` = 'default'  AND (  `is_public` = 1 OR `file` = '../appapi/mall/index' ) [ RunTime:0.000277s ]
[2024-11-12T18:24:42+08:00][sql] CONNECT:[ UseTime:0.000395s ] mysql:host=43.241.16.146;port=3306;dbname=zhibo;charset=utf8mb4
[2024-11-12T18:24:42+08:00][sql] SHOW FULL COLUMNS FROM `cmf_hook` [ RunTime:0.000655s ]
[2024-11-12T18:24:42+08:00][sql] SELECT `hook`,`id` FROM `cmf_hook` WHERE  (  (  `app` = '' OR `app` = 'cmf' )  AND `type` = 3 ) OR `type` = 1 [ RunTime:0.000397s ]
[2024-11-12T18:24:42+08:00][sql] SHOW FULL COLUMNS FROM `cmf_hook_plugin` [ RunTime:0.000434s ]
[2024-11-12T18:24:42+08:00][sql] SELECT `hook`,`plugin` FROM `cmf_hook_plugin` WHERE  `status` = 1  AND `hook` IN ('app_begin','module_init','action_begin','view_filter','app_end','log_write','response_end','admin_init','home_init','send_mobile_verification_code','body_start','before_head_end','footer_start','before_footer','before_footer_end','before_body_end','left_sidebar_start','before_left_sidebar_end','right_sidebar_start','before_right_sidebar_end','comment','guestbook','switch_theme','after_content','before_content','log_write_done','switch_admin_theme','captcha_image') ORDER BY `list_order` ASC [ RunTime:0.000431s ]
[2024-11-12T18:24:42+08:00][sql] SHOW FULL COLUMNS FROM `cmf_plugin` [ RunTime:0.000595s ]
[2024-11-12T18:24:42+08:00][sql] SELECT `config` FROM `cmf_plugin` WHERE  `name` = 'Qiniu' LIMIT 1 [ RunTime:0.000257s ]
[2024-11-12T18:24:42+08:00][sql] SHOW FULL COLUMNS FROM `cmf_vip` [ RunTime:0.000481s ]
[2024-11-12T18:24:42+08:00][sql] SELECT * FROM `cmf_vip` WHERE  `id` = 3 LIMIT 1 [ RunTime:0.000266s ]
[2024-11-12T18:24:42+08:00][sql] SHOW FULL COLUMNS FROM `cmf_user` [ RunTime:0.000640s ]
[2024-11-12T18:24:42+08:00][sql] UPDATE `cmf_user`  SET `coin` = `coin` - 100 , `consumption` = `consumption` + 100  WHERE  `id` = 3  AND `coin` >= 100 [ RunTime:0.012099s ]
[2024-11-12T20:21:03+08:00][sql] CONNECT:[ UseTime:0.000430s ] mysql:host=43.241.16.146;port=3306;dbname=zhibo;charset=utf8mb4
[2024-11-12T20:21:03+08:00][sql] SHOW FULL COLUMNS FROM `cmf_hook` [ RunTime:0.000647s ]
[2024-11-12T20:21:03+08:00][sql] SELECT `hook`,`id` FROM `cmf_hook` WHERE  (  (  `app` = '' OR `app` = 'cmf' )  AND `type` = 3 ) OR `type` = 1 [ RunTime:0.000398s ]
[2024-11-12T20:21:03+08:00][sql] SHOW FULL COLUMNS FROM `cmf_hook_plugin` [ RunTime:0.000444s ]
[2024-11-12T20:21:03+08:00][sql] SELECT `hook`,`plugin` FROM `cmf_hook_plugin` WHERE  `status` = 1  AND `hook` IN ('app_begin','module_init','action_begin','view_filter','app_end','log_write','response_end','admin_init','home_init','send_mobile_verification_code','body_start','before_head_end','footer_start','before_footer','before_footer_end','before_body_end','left_sidebar_start','before_left_sidebar_end','right_sidebar_start','before_right_sidebar_end','comment','guestbook','switch_theme','after_content','before_content','log_write_done','switch_admin_theme','captcha_image') ORDER BY `list_order` ASC [ RunTime:0.000411s ]
[2024-11-12T20:21:04+08:00][sql] CONNECT:[ UseTime:0.000431s ] mysql:host=43.241.16.146;port=3306;dbname=zhibo;charset=utf8mb4
[2024-11-12T20:21:04+08:00][sql] SHOW FULL COLUMNS FROM `cmf_hook` [ RunTime:0.000673s ]
[2024-11-12T20:21:04+08:00][sql] SELECT `hook`,`id` FROM `cmf_hook` WHERE  (  (  `app` = '' OR `app` = 'cmf' )  AND `type` = 3 ) OR `type` = 1 [ RunTime:0.000405s ]
[2024-11-12T20:21:04+08:00][sql] SHOW FULL COLUMNS FROM `cmf_hook_plugin` [ RunTime:0.000437s ]
[2024-11-12T20:21:04+08:00][sql] SELECT `hook`,`plugin` FROM `cmf_hook_plugin` WHERE  `status` = 1  AND `hook` IN ('app_begin','module_init','action_begin','view_filter','app_end','log_write','response_end','admin_init','home_init','send_mobile_verification_code','body_start','before_head_end','footer_start','before_footer','before_footer_end','before_body_end','left_sidebar_start','before_left_sidebar_end','right_sidebar_start','before_right_sidebar_end','comment','guestbook','switch_theme','after_content','before_content','log_write_done','switch_admin_theme','captcha_image') ORDER BY `list_order` ASC [ RunTime:0.000429s ]
[2024-11-12T20:21:04+08:00][sql] CONNECT:[ UseTime:0.000326s ] mysql:host=43.241.16.146;port=3306;dbname=zhibo;charset=utf8mb4
[2024-11-12T20:21:04+08:00][sql] SHOW FULL COLUMNS FROM `cmf_hook` [ RunTime:0.000532s ]
[2024-11-12T20:21:04+08:00][sql] SELECT `hook`,`id` FROM `cmf_hook` WHERE  (  (  `app` = '' OR `app` = 'cmf' )  AND `type` = 3 ) OR `type` = 1 [ RunTime:0.000337s ]
[2024-11-12T20:21:04+08:00][sql] SHOW FULL COLUMNS FROM `cmf_hook_plugin` [ RunTime:0.000432s ]
[2024-11-12T20:21:04+08:00][sql] SELECT `hook`,`plugin` FROM `cmf_hook_plugin` WHERE  `status` = 1  AND `hook` IN ('app_begin','module_init','action_begin','view_filter','app_end','log_write','response_end','admin_init','home_init','send_mobile_verification_code','body_start','before_head_end','footer_start','before_footer','before_footer_end','before_body_end','left_sidebar_start','before_left_sidebar_end','right_sidebar_start','before_right_sidebar_end','comment','guestbook','switch_theme','after_content','before_content','log_write_done','switch_admin_theme','captcha_image') ORDER BY `list_order` ASC [ RunTime:0.000414s ]
[2024-11-12T20:21:04+08:00][sql] SHOW FULL COLUMNS FROM `cmf_plugin` [ RunTime:0.000512s ]
[2024-11-12T20:21:04+08:00][sql] SELECT `config` FROM `cmf_plugin` WHERE  `name` = 'Qiniu' LIMIT 1 [ RunTime:0.000249s ]
[2024-11-12T20:21:04+08:00][sql] SHOW FULL COLUMNS FROM `cmf_live` [ RunTime:0.000576s ]
[2024-11-12T20:21:04+08:00][sql] SELECT * FROM `cmf_live` WHERE  ( islive='1' and isrecommend='1' and type='0' and live_type=0 ) [ RunTime:0.000426s ]
[2024-11-12T20:21:04+08:00][sql] SHOW FULL COLUMNS FROM `cmf_slide_item` [ RunTime:0.000461s ]
[2024-11-12T20:21:04+08:00][sql] SELECT * FROM `cmf_slide_item` WHERE  ( status='1' and slide_id='1' ) ORDER BY `list_order` ASC [ RunTime:0.000312s ]
[2024-11-12T20:21:04+08:00][sql] SHOW FULL COLUMNS FROM `cmf_live_class` [ RunTime:0.000424s ]
[2024-11-12T20:21:04+08:00][sql] SELECT * FROM `cmf_live_class` ORDER BY `list_order` LIMIT 5 [ RunTime:0.000274s ]
[2024-11-12T20:21:04+08:00][sql] SELECT * FROM `cmf_live` WHERE  `islive` = 1  AND `live_type` = 0  AND `liveclassid` = 8 ORDER BY `recommend_time` DESC,`starttime` DESC LIMIT 5 [ RunTime:0.000413s ]
[2024-11-12T20:21:04+08:00][sql] SELECT `uid`,`thumb`,`stream`,`title`,`city`,`islive`,`type` FROM `cmf_live` WHERE  ( islive='1' and ishot='1' and live_type=0 ) ORDER BY `isrecommend` DESC,`recommend_time` DESC,`hotvotes` DESC,`starttime` DESC LIMIT 5 [ RunTime:0.000301s ]
[2024-11-12T20:21:04+08:00][sql] SELECT `uid`,`thumb`,`stream`,`title`,`city`,`islive`,`type` FROM `cmf_live` WHERE  ( islive='1' and live_type=0 ) ORDER BY `starttime` DESC LIMIT 5 [ RunTime:0.000258s ]
[2024-11-12T20:21:04+08:00][sql] SHOW FULL COLUMNS FROM `cmf_theme_file` [ RunTime:0.000469s ]
[2024-11-12T20:21:04+08:00][sql] SELECT `more` FROM `cmf_theme_file` WHERE  `theme` = 'default'  AND (  `is_public` = 1 OR `file` = '../home/index/index' ) [ RunTime:0.000290s ]
[2024-11-12T20:21:05+08:00][sql] CONNECT:[ UseTime:0.000278s ] mysql:host=43.241.16.146;port=3306;dbname=zhibo;charset=utf8mb4
[2024-11-12T20:21:05+08:00][sql] SHOW FULL COLUMNS FROM `cmf_hook` [ RunTime:0.000465s ]
[2024-11-12T20:21:05+08:00][sql] SELECT `hook`,`id` FROM `cmf_hook` WHERE  (  (  `app` = '' OR `app` = 'cmf' )  AND `type` = 3 ) OR `type` = 1 [ RunTime:0.000329s ]
[2024-11-12T20:21:05+08:00][sql] SHOW FULL COLUMNS FROM `cmf_hook_plugin` [ RunTime:0.000429s ]
[2024-11-12T20:21:05+08:00][sql] SELECT `hook`,`plugin` FROM `cmf_hook_plugin` WHERE  `status` = 1  AND `hook` IN ('app_begin','module_init','action_begin','view_filter','app_end','log_write','response_end','admin_init','home_init','send_mobile_verification_code','body_start','before_head_end','footer_start','before_footer','before_footer_end','before_body_end','left_sidebar_start','before_left_sidebar_end','right_sidebar_start','before_right_sidebar_end','comment','guestbook','switch_theme','after_content','before_content','log_write_done','switch_admin_theme','captcha_image') ORDER BY `list_order` ASC [ RunTime:0.000388s ]
[2024-11-12T20:21:05+08:00][sql] SHOW FULL COLUMNS FROM `cmf_plugin` [ RunTime:0.000596s ]
[2024-11-12T20:21:05+08:00][sql] SELECT `config` FROM `cmf_plugin` WHERE  `name` = 'Qiniu' LIMIT 1 [ RunTime:0.000262s ]
[2024-11-12T20:21:05+08:00][sql] SHOW FULL COLUMNS FROM `cmf_slide_item` [ RunTime:0.000479s ]
[2024-11-12T20:21:05+08:00][sql] SELECT * FROM `cmf_slide_item` WHERE  ( status='1' and slide_id='6' ) ORDER BY `list_order` ASC [ RunTime:0.000312s ]
[2024-11-12T20:21:05+08:00][sql] SHOW FULL COLUMNS FROM `cmf_live` [ RunTime:0.000580s ]
[2024-11-12T20:21:05+08:00][sql] SELECT `uid`,`title`,`city`,`stream`,`pull`,`thumb`,`type` FROM `cmf_live` WHERE  `islive` = 1  AND `live_type` = 0  AND `ishot` = 1 ORDER BY `recommend_time` DESC,`starttime` DESC LIMIT 0,20 [ RunTime:0.000345s ]
[2024-11-12T20:21:05+08:00][sql] SHOW FULL COLUMNS FROM `cmf_theme_file` [ RunTime:0.000466s ]
[2024-11-12T20:21:05+08:00][sql] SELECT `more` FROM `cmf_theme_file` WHERE  `theme` = 'default'  AND (  `is_public` = 1 OR `file` = '../wxshare/share/index' ) [ RunTime:0.000276s ]
[2024-11-12T22:35:40+08:00][sql] CONNECT:[ UseTime:0.000355s ] mysql:host=43.241.16.146;port=3306;dbname=zhibo;charset=utf8mb4
[2024-11-12T22:35:40+08:00][sql] SHOW FULL COLUMNS FROM `cmf_hook` [ RunTime:0.000547s ]
[2024-11-12T22:35:40+08:00][sql] SELECT `hook`,`id` FROM `cmf_hook` WHERE  (  (  `app` = '' OR `app` = 'cmf' )  AND `type` = 3 ) OR `type` = 1 [ RunTime:0.000341s ]
[2024-11-12T22:35:40+08:00][sql] SHOW FULL COLUMNS FROM `cmf_hook_plugin` [ RunTime:0.000448s ]
[2024-11-12T22:35:40+08:00][sql] SELECT `hook`,`plugin` FROM `cmf_hook_plugin` WHERE  `status` = 1  AND `hook` IN ('app_begin','module_init','action_begin','view_filter','app_end','log_write','response_end','admin_init','home_init','send_mobile_verification_code','body_start','before_head_end','footer_start','before_footer','before_footer_end','before_body_end','left_sidebar_start','before_left_sidebar_end','right_sidebar_start','before_right_sidebar_end','comment','guestbook','switch_theme','after_content','before_content','log_write_done','switch_admin_theme','captcha_image') ORDER BY `list_order` ASC [ RunTime:0.000414s ]
[2024-11-12T22:35:40+08:00][sql] SHOW FULL COLUMNS FROM `cmf_plugin` [ RunTime:0.000510s ]
[2024-11-12T22:35:40+08:00][sql] SELECT `config` FROM `cmf_plugin` WHERE  `name` = 'Qiniu' LIMIT 1 [ RunTime:0.000245s ]
[2024-11-12T22:35:40+08:00][sql] SHOW FULL COLUMNS FROM `cmf_user_auth` [ RunTime:0.000487s ]
[2024-11-12T22:35:40+08:00][sql] SELECT * FROM `cmf_user_auth` WHERE  `uid` = 3 LIMIT 1 [ RunTime:0.000261s ]
[2024-11-12T22:35:40+08:00][sql] SHOW FULL COLUMNS FROM `cmf_theme_file` [ RunTime:0.000467s ]
[2024-11-12T22:35:40+08:00][sql] SELECT `more` FROM `cmf_theme_file` WHERE  `theme` = 'default'  AND (  `is_public` = 1 OR `file` = '../appapi/auth/index' ) [ RunTime:0.000275s ]
[2024-11-12T22:35:41+08:00][sql] CONNECT:[ UseTime:0.000314s ] mysql:host=43.241.16.146;port=3306;dbname=zhibo;charset=utf8mb4
[2024-11-12T22:35:41+08:00][sql] SHOW FULL COLUMNS FROM `cmf_hook` [ RunTime:0.000485s ]
[2024-11-12T22:35:41+08:00][sql] SELECT `hook`,`id` FROM `cmf_hook` WHERE  (  (  `app` = '' OR `app` = 'cmf' )  AND `type` = 3 ) OR `type` = 1 [ RunTime:0.000337s ]
[2024-11-12T22:35:41+08:00][sql] SHOW FULL COLUMNS FROM `cmf_hook_plugin` [ RunTime:0.000430s ]
[2024-11-12T22:35:41+08:00][sql] SELECT `hook`,`plugin` FROM `cmf_hook_plugin` WHERE  `status` = 1  AND `hook` IN ('app_begin','module_init','action_begin','view_filter','app_end','log_write','response_end','admin_init','home_init','send_mobile_verification_code','body_start','before_head_end','footer_start','before_footer','before_footer_end','before_body_end','left_sidebar_start','before_left_sidebar_end','right_sidebar_start','before_right_sidebar_end','comment','guestbook','switch_theme','after_content','before_content','log_write_done','switch_admin_theme','captcha_image') ORDER BY `list_order` ASC [ RunTime:0.000392s ]
[2024-11-12T22:35:43+08:00][sql] CONNECT:[ UseTime:0.000307s ] mysql:host=43.241.16.146;port=3306;dbname=zhibo;charset=utf8mb4
[2024-11-12T22:35:43+08:00][sql] SHOW FULL COLUMNS FROM `cmf_hook` [ RunTime:0.000465s ]
[2024-11-12T22:35:43+08:00][sql] SELECT `hook`,`id` FROM `cmf_hook` WHERE  (  (  `app` = '' OR `app` = 'cmf' )  AND `type` = 3 ) OR `type` = 1 [ RunTime:0.000329s ]
[2024-11-12T22:35:43+08:00][sql] SHOW FULL COLUMNS FROM `cmf_hook_plugin` [ RunTime:0.000427s ]
[2024-11-12T22:35:43+08:00][sql] SELECT `hook`,`plugin` FROM `cmf_hook_plugin` WHERE  `status` = 1  AND `hook` IN ('app_begin','module_init','action_begin','view_filter','app_end','log_write','response_end','admin_init','home_init','send_mobile_verification_code','body_start','before_head_end','footer_start','before_footer','before_footer_end','before_body_end','left_sidebar_start','before_left_sidebar_end','right_sidebar_start','before_right_sidebar_end','comment','guestbook','switch_theme','after_content','before_content','log_write_done','switch_admin_theme','captcha_image') ORDER BY `list_order` ASC [ RunTime:0.000405s ]
[2024-11-12T22:35:43+08:00][sql] SELECT `hook` FROM `cmf_hook` WHERE  `app` = 'portal' [ RunTime:0.000266s ]
[2024-11-12T22:35:43+08:00][sql] SELECT `hook`,`plugin` FROM `cmf_hook_plugin` WHERE  `status` = 1  AND 0 = 1 ORDER BY `list_order` ASC [ RunTime:0.000213s ]
[2024-11-12T22:35:43+08:00][sql] SHOW FULL COLUMNS FROM `cmf_plugin` [ RunTime:0.000494s ]
[2024-11-12T22:35:43+08:00][sql] SELECT `config` FROM `cmf_plugin` WHERE  `name` = 'Qiniu' LIMIT 1 [ RunTime:0.000242s ]
[2024-11-12T22:35:43+08:00][sql] SHOW FULL COLUMNS FROM `cmf_portal_post` [ RunTime:0.000460s ]
[2024-11-12T22:35:43+08:00][sql] SELECT * FROM `cmf_portal_post` WHERE  `id` = 10 LIMIT 1 [ RunTime:0.000274s ]
[2024-11-12T22:35:43+08:00][sql] SHOW FULL COLUMNS FROM `cmf_theme_file` [ RunTime:0.000469s ]
[2024-11-12T22:35:43+08:00][sql] SELECT `more` FROM `cmf_theme_file` WHERE  `theme` = 'default'  AND (  `is_public` = 1 OR `file` = '../portal/page/index' ) [ RunTime:0.000274s ]
[2024-11-12T22:36:01+08:00][sql] CONNECT:[ UseTime:0.000316s ] mysql:host=43.241.16.146;port=3306;dbname=zhibo;charset=utf8mb4
[2024-11-12T22:36:01+08:00][sql] SHOW FULL COLUMNS FROM `cmf_hook` [ RunTime:0.000463s ]
[2024-11-12T22:36:01+08:00][sql] SELECT `hook`,`id` FROM `cmf_hook` WHERE  (  (  `app` = '' OR `app` = 'cmf' )  AND `type` = 3 ) OR `type` = 1 [ RunTime:0.000328s ]
[2024-11-12T22:36:01+08:00][sql] SHOW FULL COLUMNS FROM `cmf_hook_plugin` [ RunTime:0.000435s ]
[2024-11-12T22:36:01+08:00][sql] SELECT `hook`,`plugin` FROM `cmf_hook_plugin` WHERE  `status` = 1  AND `hook` IN ('app_begin','module_init','action_begin','view_filter','app_end','log_write','response_end','admin_init','home_init','send_mobile_verification_code','body_start','before_head_end','footer_start','before_footer','before_footer_end','before_body_end','left_sidebar_start','before_left_sidebar_end','right_sidebar_start','before_right_sidebar_end','comment','guestbook','switch_theme','after_content','before_content','log_write_done','switch_admin_theme','captcha_image') ORDER BY `list_order` ASC [ RunTime:0.000395s ]
[2024-11-12T22:36:01+08:00][sql] SHOW FULL COLUMNS FROM `cmf_plugin` [ RunTime:0.000504s ]
[2024-11-12T22:36:01+08:00][sql] SELECT `config` FROM `cmf_plugin` WHERE  `name` = 'Qiniu' LIMIT 1 [ RunTime:0.000244s ]
[2024-11-12T22:36:01+08:00][sql] SHOW FULL COLUMNS FROM `cmf_user_voterecord` [ RunTime:0.000500s ]
[2024-11-12T22:36:01+08:00][sql] SELECT fromid,actionid,sum(nums) as num,sum(total) as totalall FROM `cmf_user_voterecord` WHERE  `action` = 1  AND `uid` = 3 GROUP BY `fromid`,`actionid`,`showid` ORDER BY `addtime` DESC LIMIT 0,50 [ RunTime:0.000361s ]
[2024-11-12T22:36:01+08:00][sql] SHOW FULL COLUMNS FROM `cmf_live_record` [ RunTime:0.000508s ]
[2024-11-12T22:36:01+08:00][sql] SELECT `starttime`,`endtime` FROM `cmf_live_record` WHERE  `uid` = 3 ORDER BY `starttime` DESC LIMIT 0,50 [ RunTime:0.000265s ]
[2024-11-12T22:36:01+08:00][sql] SHOW FULL COLUMNS FROM `cmf_theme_file` [ RunTime:0.000461s ]
[2024-11-12T22:36:01+08:00][sql] SELECT `more` FROM `cmf_theme_file` WHERE  `theme` = 'default'  AND (  `is_public` = 1 OR `file` = '../appapi/detail/index' ) [ RunTime:0.000279s ]
[2024-11-12T23:48:05+08:00][sql] CONNECT:[ UseTime:0.000507s ] mysql:host=43.241.16.146;port=3306;dbname=zhibo;charset=utf8mb4
[2024-11-12T23:48:05+08:00][sql] SHOW FULL COLUMNS FROM `cmf_hook` [ RunTime:0.000684s ]
[2024-11-12T23:48:05+08:00][sql] SELECT `hook`,`id` FROM `cmf_hook` WHERE  (  (  `app` = '' OR `app` = 'cmf' )  AND `type` = 3 ) OR `type` = 1 [ RunTime:0.000399s ]
[2024-11-12T23:48:05+08:00][sql] SHOW FULL COLUMNS FROM `cmf_hook_plugin` [ RunTime:0.000453s ]
[2024-11-12T23:48:05+08:00][sql] SELECT `hook`,`plugin` FROM `cmf_hook_plugin` WHERE  `status` = 1  AND `hook` IN ('app_begin','module_init','action_begin','view_filter','app_end','log_write','response_end','admin_init','home_init','send_mobile_verification_code','body_start','before_head_end','footer_start','before_footer','before_footer_end','before_body_end','left_sidebar_start','before_left_sidebar_end','right_sidebar_start','before_right_sidebar_end','comment','guestbook','switch_theme','after_content','before_content','log_write_done','switch_admin_theme','captcha_image') ORDER BY `list_order` ASC [ RunTime:0.000430s ]
[2024-11-12T23:48:05+08:00][sql] SHOW FULL COLUMNS FROM `cmf_plugin` [ RunTime:0.000521s ]
[2024-11-12T23:48:05+08:00][sql] SELECT `config` FROM `cmf_plugin` WHERE  `name` = 'Qiniu' LIMIT 1 [ RunTime:0.000258s ]
[2024-11-12T23:48:05+08:00][sql] SHOW FULL COLUMNS FROM `cmf_user` [ RunTime:0.000657s ]
[2024-11-12T23:48:05+08:00][sql] SELECT `id`,`user_login`,`user_nickname`,`avatar`,`avatar_thumb`,`sex`,`signature`,`consumption`,`votestotal`,`province`,`city`,`coin`,`votes`,`birthday`,`issuper` FROM `cmf_user` WHERE  `id` = 2 LIMIT 1 [ RunTime:0.000333s ]
[2024-11-12T23:48:05+08:00][sql] SHOW FULL COLUMNS FROM `cmf_vip_user` [ RunTime:0.000433s ]
[2024-11-12T23:48:05+08:00][sql] SELECT * FROM `cmf_vip_user` WHERE  `uid` = 2 LIMIT 1 [ RunTime:0.000245s ]
[2024-11-12T23:48:05+08:00][sql] SHOW FULL COLUMNS FROM `cmf_liang` [ RunTime:0.000467s ]
[2024-11-12T23:48:05+08:00][sql] SELECT * FROM `cmf_liang` WHERE  ( status=1 and state=1 )  AND `uid` = 2 LIMIT 1 [ RunTime:0.000283s ]
[2024-11-12T23:48:05+08:00][sql] SHOW FULL COLUMNS FROM `cmf_user_token` [ RunTime:0.000432s ]
[2024-11-12T23:48:05+08:00][sql] SELECT `token` FROM `cmf_user_token` WHERE  ( user_id=2 ) LIMIT 1 [ RunTime:0.000217s ]
[2024-11-12T23:48:05+08:00][sql] SELECT `id`,`user_login`,`user_nickname`,`avatar`,`avatar_thumb`,`sex`,`signature`,`consumption`,`votestotal`,`province`,`city`,`coin`,`votes`,`birthday`,`issuper` FROM `cmf_user` WHERE  `id` = 2 LIMIT 1 [ RunTime:0.000287s ]
[2024-11-12T23:48:05+08:00][sql] SELECT * FROM `cmf_vip_user` WHERE  `uid` = 2 LIMIT 1 [ RunTime:0.000236s ]
[2024-11-12T23:48:05+08:00][sql] SELECT * FROM `cmf_liang` WHERE  ( status=1 and state=1 )  AND `uid` = 2 LIMIT 1 [ RunTime:0.000269s ]
[2024-11-12T23:48:05+08:00][sql] SELECT `token` FROM `cmf_user_token` WHERE  ( user_id=2 ) LIMIT 1 [ RunTime:0.000204s ]
[2024-11-12T23:48:05+08:00][sql] SHOW FULL COLUMNS FROM `cmf_live` [ RunTime:0.000593s ]
[2024-11-12T23:48:05+08:00][sql] SELECT * FROM `cmf_live` WHERE  ( islive='1' and isrecommend='1' and type='0' and live_type=0 ) [ RunTime:0.000410s ]
[2024-11-12T23:48:05+08:00][sql] SHOW FULL COLUMNS FROM `cmf_slide_item` [ RunTime:0.000475s ]
[2024-11-12T23:48:05+08:00][sql] SELECT * FROM `cmf_slide_item` WHERE  ( status='1' and slide_id='1' ) ORDER BY `list_order` ASC [ RunTime:0.000305s ]
[2024-11-12T23:48:05+08:00][sql] SHOW FULL COLUMNS FROM `cmf_live_class` [ RunTime:0.000432s ]
[2024-11-12T23:48:05+08:00][sql] SELECT * FROM `cmf_live_class` ORDER BY `list_order` LIMIT 5 [ RunTime:0.000256s ]
[2024-11-12T23:48:05+08:00][sql] SELECT * FROM `cmf_live` WHERE  `islive` = 1  AND `live_type` = 0  AND `liveclassid` = 8 ORDER BY `recommend_time` DESC,`starttime` DESC LIMIT 5 [ RunTime:0.000414s ]
[2024-11-12T23:48:05+08:00][sql] SELECT `uid`,`thumb`,`stream`,`title`,`city`,`islive`,`type` FROM `cmf_live` WHERE  ( islive='1' and ishot='1' and live_type=0 ) ORDER BY `isrecommend` DESC,`recommend_time` DESC,`hotvotes` DESC,`starttime` DESC LIMIT 5 [ RunTime:0.000322s ]
[2024-11-12T23:48:05+08:00][sql] SELECT `uid`,`thumb`,`stream`,`title`,`city`,`islive`,`type` FROM `cmf_live` WHERE  ( islive='1' and live_type=0 ) ORDER BY `starttime` DESC LIMIT 5 [ RunTime:0.000259s ]
[2024-11-12T23:48:05+08:00][sql] SHOW FULL COLUMNS FROM `cmf_theme_file` [ RunTime:0.000502s ]
[2024-11-12T23:48:05+08:00][sql] SELECT `more` FROM `cmf_theme_file` WHERE  `theme` = 'default'  AND (  `is_public` = 1 OR `file` = '../home/index/index' ) [ RunTime:0.000278s ]
[2024-11-12T23:48:06+08:00][sql] CONNECT:[ UseTime:0.000325s ] mysql:host=43.241.16.146;port=3306;dbname=zhibo;charset=utf8mb4
[2024-11-12T23:48:06+08:00][sql] SHOW FULL COLUMNS FROM `cmf_hook` [ RunTime:0.000502s ]
[2024-11-12T23:48:06+08:00][sql] SELECT `hook`,`id` FROM `cmf_hook` WHERE  (  (  `app` = '' OR `app` = 'cmf' )  AND `type` = 3 ) OR `type` = 1 [ RunTime:0.000331s ]
[2024-11-12T23:48:06+08:00][sql] SHOW FULL COLUMNS FROM `cmf_hook_plugin` [ RunTime:0.000428s ]
[2024-11-12T23:48:06+08:00][sql] SELECT `hook`,`plugin` FROM `cmf_hook_plugin` WHERE  `status` = 1  AND `hook` IN ('app_begin','module_init','action_begin','view_filter','app_end','log_write','response_end','admin_init','home_init','send_mobile_verification_code','body_start','before_head_end','footer_start','before_footer','before_footer_end','before_body_end','left_sidebar_start','before_left_sidebar_end','right_sidebar_start','before_right_sidebar_end','comment','guestbook','switch_theme','after_content','before_content','log_write_done','switch_admin_theme','captcha_image') ORDER BY `list_order` ASC [ RunTime:0.000418s ]
[2024-11-12T23:48:06+08:00][sql] SHOW FULL COLUMNS FROM `cmf_plugin` [ RunTime:0.000510s ]
[2024-11-12T23:48:06+08:00][sql] SELECT `config` FROM `cmf_plugin` WHERE  `name` = 'Qiniu' LIMIT 1 [ RunTime:0.000247s ]
[2024-11-12T23:48:06+08:00][sql] SHOW FULL COLUMNS FROM `cmf_user` [ RunTime:0.000676s ]
[2024-11-12T23:48:06+08:00][sql] SELECT `id`,`user_login`,`user_nickname`,`avatar`,`avatar_thumb`,`sex`,`signature`,`consumption`,`votestotal`,`province`,`city`,`coin`,`votes`,`birthday`,`issuper` FROM `cmf_user` WHERE  `id` = 2 LIMIT 1 [ RunTime:0.000323s ]
[2024-11-12T23:48:06+08:00][sql] SHOW FULL COLUMNS FROM `cmf_vip_user` [ RunTime:0.000434s ]
[2024-11-12T23:48:06+08:00][sql] SELECT * FROM `cmf_vip_user` WHERE  `uid` = 2 LIMIT 1 [ RunTime:0.000237s ]
[2024-11-12T23:48:06+08:00][sql] SHOW FULL COLUMNS FROM `cmf_liang` [ RunTime:0.000472s ]
[2024-11-12T23:48:06+08:00][sql] SELECT * FROM `cmf_liang` WHERE  ( status=1 and state=1 )  AND `uid` = 2 LIMIT 1 [ RunTime:0.000273s ]
[2024-11-12T23:48:06+08:00][sql] SHOW FULL COLUMNS FROM `cmf_user_token` [ RunTime:0.000423s ]
[2024-11-12T23:48:06+08:00][sql] SELECT `token` FROM `cmf_user_token` WHERE  ( user_id=2 ) LIMIT 1 [ RunTime:0.000214s ]
[2024-11-12T23:48:06+08:00][sql] SELECT `id`,`user_login`,`user_nickname`,`avatar`,`avatar_thumb`,`sex`,`signature`,`consumption`,`votestotal`,`province`,`city`,`coin`,`votes`,`birthday`,`issuper` FROM `cmf_user` WHERE  `id` = 2 LIMIT 1 [ RunTime:0.000283s ]
[2024-11-12T23:48:06+08:00][sql] SELECT * FROM `cmf_vip_user` WHERE  `uid` = 2 LIMIT 1 [ RunTime:0.000236s ]
[2024-11-12T23:48:06+08:00][sql] SELECT * FROM `cmf_liang` WHERE  ( status=1 and state=1 )  AND `uid` = 2 LIMIT 1 [ RunTime:0.000263s ]
[2024-11-12T23:48:06+08:00][sql] SELECT `token` FROM `cmf_user_token` WHERE  ( user_id=2 ) LIMIT 1 [ RunTime:0.000199s ]
[2024-11-12T23:48:06+08:00][sql] SHOW FULL COLUMNS FROM `cmf_slide_item` [ RunTime:0.000469s ]
[2024-11-12T23:48:06+08:00][sql] SELECT * FROM `cmf_slide_item` WHERE  ( status='1' and slide_id='6' ) ORDER BY `list_order` ASC [ RunTime:0.000302s ]
[2024-11-12T23:48:06+08:00][sql] SHOW FULL COLUMNS FROM `cmf_live` [ RunTime:0.000574s ]
[2024-11-12T23:48:06+08:00][sql] SELECT `uid`,`title`,`city`,`stream`,`pull`,`thumb`,`type` FROM `cmf_live` WHERE  `islive` = 1  AND `live_type` = 0  AND `ishot` = 1 ORDER BY `recommend_time` DESC,`starttime` DESC LIMIT 0,20 [ RunTime:0.000335s ]
[2024-11-12T23:48:06+08:00][sql] SHOW FULL COLUMNS FROM `cmf_theme_file` [ RunTime:0.000477s ]
[2024-11-12T23:48:06+08:00][sql] SELECT `more` FROM `cmf_theme_file` WHERE  `theme` = 'default'  AND (  `is_public` = 1 OR `file` = '../wxshare/share/index' ) [ RunTime:0.000276s ]
[2024-11-12T23:48:07+08:00][sql] CONNECT:[ UseTime:0.000308s ] mysql:host=43.241.16.146;port=3306;dbname=zhibo;charset=utf8mb4
[2024-11-12T23:48:07+08:00][sql] SHOW FULL COLUMNS FROM `cmf_hook` [ RunTime:0.000501s ]
[2024-11-12T23:48:07+08:00][sql] SELECT `hook`,`id` FROM `cmf_hook` WHERE  (  (  `app` = '' OR `app` = 'cmf' )  AND `type` = 3 ) OR `type` = 1 [ RunTime:0.000342s ]
[2024-11-12T23:48:07+08:00][sql] SHOW FULL COLUMNS FROM `cmf_hook_plugin` [ RunTime:0.000427s ]
[2024-11-12T23:48:07+08:00][sql] SELECT `hook`,`plugin` FROM `cmf_hook_plugin` WHERE  `status` = 1  AND `hook` IN ('app_begin','module_init','action_begin','view_filter','app_end','log_write','response_end','admin_init','home_init','send_mobile_verification_code','body_start','before_head_end','footer_start','before_footer','before_footer_end','before_body_end','left_sidebar_start','before_left_sidebar_end','right_sidebar_start','before_right_sidebar_end','comment','guestbook','switch_theme','after_content','before_content','log_write_done','switch_admin_theme','captcha_image') ORDER BY `list_order` ASC [ RunTime:0.000392s ]
[2024-11-12T23:48:08+08:00][sql] CONNECT:[ UseTime:0.000344s ] mysql:host=43.241.16.146;port=3306;dbname=zhibo;charset=utf8mb4
[2024-11-12T23:48:08+08:00][sql] SHOW FULL COLUMNS FROM `cmf_hook` [ RunTime:0.000531s ]
[2024-11-12T23:48:08+08:00][sql] SELECT `hook`,`id` FROM `cmf_hook` WHERE  (  (  `app` = '' OR `app` = 'cmf' )  AND `type` = 3 ) OR `type` = 1 [ RunTime:0.000358s ]
[2024-11-12T23:48:08+08:00][sql] SHOW FULL COLUMNS FROM `cmf_hook_plugin` [ RunTime:0.000418s ]
[2024-11-12T23:48:08+08:00][sql] SELECT `hook`,`plugin` FROM `cmf_hook_plugin` WHERE  `status` = 1  AND `hook` IN ('app_begin','module_init','action_begin','view_filter','app_end','log_write','response_end','admin_init','home_init','send_mobile_verification_code','body_start','before_head_end','footer_start','before_footer','before_footer_end','before_body_end','left_sidebar_start','before_left_sidebar_end','right_sidebar_start','before_right_sidebar_end','comment','guestbook','switch_theme','after_content','before_content','log_write_done','switch_admin_theme','captcha_image') ORDER BY `list_order` ASC [ RunTime:0.000394s ]
[2024-11-12T23:48:08+08:00][sql] SHOW FULL COLUMNS FROM `cmf_plugin` [ RunTime:0.000596s ]
[2024-11-12T23:48:08+08:00][sql] SELECT `config` FROM `cmf_plugin` WHERE  `name` = 'Qiniu' LIMIT 1 [ RunTime:0.000257s ]
[2024-11-12T23:48:08+08:00][sql] SHOW FULL COLUMNS FROM `cmf_user` [ RunTime:0.000636s ]
[2024-11-12T23:48:08+08:00][sql] SELECT `id`,`user_login`,`user_nickname`,`avatar`,`avatar_thumb`,`sex`,`signature`,`consumption`,`votestotal`,`province`,`city`,`coin`,`votes`,`birthday`,`issuper` FROM `cmf_user` WHERE  `id` = 2 LIMIT 1 [ RunTime:0.000315s ]
[2024-11-12T23:48:08+08:00][sql] SHOW FULL COLUMNS FROM `cmf_vip_user` [ RunTime:0.000423s ]
[2024-11-12T23:48:08+08:00][sql] SELECT * FROM `cmf_vip_user` WHERE  `uid` = 2 LIMIT 1 [ RunTime:0.000232s ]
[2024-11-12T23:48:08+08:00][sql] SHOW FULL COLUMNS FROM `cmf_liang` [ RunTime:0.000445s ]
[2024-11-12T23:48:08+08:00][sql] SELECT * FROM `cmf_liang` WHERE  ( status=1 and state=1 )  AND `uid` = 2 LIMIT 1 [ RunTime:0.000272s ]
[2024-11-12T23:48:08+08:00][sql] SHOW FULL COLUMNS FROM `cmf_user_token` [ RunTime:0.000419s ]
[2024-11-12T23:48:08+08:00][sql] SELECT `token` FROM `cmf_user_token` WHERE  ( user_id=2 ) LIMIT 1 [ RunTime:0.000211s ]
[2024-11-12T23:48:08+08:00][sql] SELECT `id`,`user_login`,`user_nickname`,`avatar`,`avatar_thumb`,`sex`,`signature`,`consumption`,`votestotal`,`province`,`city`,`coin`,`votes`,`birthday`,`issuper` FROM `cmf_user` WHERE  `id` = 2 LIMIT 1 [ RunTime:0.000277s ]
[2024-11-12T23:48:08+08:00][sql] SELECT * FROM `cmf_vip_user` WHERE  `uid` = 2 LIMIT 1 [ RunTime:0.000225s ]
[2024-11-12T23:48:08+08:00][sql] SELECT * FROM `cmf_liang` WHERE  ( status=1 and state=1 )  AND `uid` = 2 LIMIT 1 [ RunTime:0.000251s ]
[2024-11-12T23:48:08+08:00][sql] SELECT `token` FROM `cmf_user_token` WHERE  ( user_id=2 ) LIMIT 1 [ RunTime:0.000191s ]
[2024-11-12T23:48:08+08:00][sql] SELECT `id`,`user_login`,`user_nickname`,`avatar`,`avatar_thumb`,`sex`,`signature`,`consumption`,`votestotal`,`province`,`city`,`coin`,`votes`,`birthday`,`issuper` FROM `cmf_user` WHERE  `id` = 2 LIMIT 1 [ RunTime:0.000277s ]
[2024-11-12T23:48:08+08:00][sql] SELECT * FROM `cmf_vip_user` WHERE  `uid` = 2 LIMIT 1 [ RunTime:0.000222s ]
[2024-11-12T23:48:08+08:00][sql] SELECT * FROM `cmf_liang` WHERE  ( status=1 and state=1 )  AND `uid` = 2 LIMIT 1 [ RunTime:0.000247s ]
[2024-11-12T23:48:08+08:00][sql] SELECT `token` FROM `cmf_user_token` WHERE  ( user_id=2 ) LIMIT 1 [ RunTime:0.000189s ]
[2024-11-12T23:48:08+08:00][sql] SHOW FULL COLUMNS FROM `cmf_user_attention` [ RunTime:0.000412s ]
[2024-11-12T23:48:08+08:00][sql] SELECT COUNT(*) AS think_count FROM `cmf_user_attention` WHERE  `uid` = 2 LIMIT 1 [ RunTime:0.000245s ]
[2024-11-12T23:48:08+08:00][sql] SELECT COUNT(*) AS think_count FROM `cmf_user_attention` WHERE  `touid` = 2 LIMIT 1 [ RunTime:0.000218s ]
[2024-11-12T23:48:08+08:00][sql] SHOW FULL COLUMNS FROM `cmf_theme_file` [ RunTime:0.000463s ]
[2024-11-12T23:48:08+08:00][sql] SELECT `more` FROM `cmf_theme_file` WHERE  `theme` = 'default'  AND (  `is_public` = 1 OR `file` = '../wxshare/user/index' ) [ RunTime:0.000273s ]
