[2024-11-14T08:00:35+08:00][sql] CONNECT:[ UseTime:0.000460s ] mysql:host=43.241.16.146;port=3306;dbname=zhibo;charset=utf8mb4
[2024-11-14T08:00:35+08:00][sql] SHOW FULL COLUMNS FROM `cmf_hook` [ RunTime:0.000649s ]
[2024-11-14T08:00:35+08:00][sql] SELECT `hook`,`id` FROM `cmf_hook` WHERE  (  (  `app` = '' OR `app` = 'cmf' )  AND `type` = 3 ) OR `type` = 1 [ RunTime:0.000405s ]
[2024-11-14T08:00:35+08:00][sql] SHOW FULL COLUMNS FROM `cmf_hook_plugin` [ RunTime:0.000433s ]
[2024-11-14T08:00:35+08:00][sql] SELECT `hook`,`plugin` FROM `cmf_hook_plugin` WHERE  `status` = 1  AND `hook` IN ('app_begin','module_init','action_begin','view_filter','app_end','log_write','response_end','admin_init','home_init','send_mobile_verification_code','body_start','before_head_end','footer_start','before_footer','before_footer_end','before_body_end','left_sidebar_start','before_left_sidebar_end','right_sidebar_start','before_right_sidebar_end','comment','guestbook','switch_theme','after_content','before_content','log_write_done','switch_admin_theme','captcha_image') ORDER BY `list_order` ASC [ RunTime:0.000436s ]
[2024-11-14T08:00:35+08:00][sql] SHOW FULL COLUMNS FROM `cmf_plugin` [ RunTime:0.000494s ]
[2024-11-14T08:00:35+08:00][sql] SELECT `config` FROM `cmf_plugin` WHERE  `name` = 'Qiniu' LIMIT 1 [ RunTime:0.000263s ]
[2024-11-14T08:00:35+08:00][sql] SHOW FULL COLUMNS FROM `cmf_user` [ RunTime:0.000636s ]
[2024-11-14T08:00:35+08:00][sql] SELECT `id`,`user_login`,`user_nickname`,`avatar`,`avatar_thumb`,`sex`,`signature`,`consumption`,`votestotal`,`province`,`city`,`coin`,`votes`,`birthday`,`issuper` FROM `cmf_user` WHERE  `id` = 2 LIMIT 1 [ RunTime:0.000333s ]
[2024-11-14T08:00:35+08:00][sql] SHOW FULL COLUMNS FROM `cmf_vip_user` [ RunTime:0.000418s ]
[2024-11-14T08:00:35+08:00][sql] SELECT * FROM `cmf_vip_user` WHERE  `uid` = 2 LIMIT 1 [ RunTime:0.000245s ]
[2024-11-14T08:00:35+08:00][sql] SHOW FULL COLUMNS FROM `cmf_liang` [ RunTime:0.000447s ]
[2024-11-14T08:00:35+08:00][sql] SELECT * FROM `cmf_liang` WHERE  ( status=1 and state=1 )  AND `uid` = 2 LIMIT 1 [ RunTime:0.000280s ]
[2024-11-14T08:00:35+08:00][sql] SHOW FULL COLUMNS FROM `cmf_user_token` [ RunTime:0.000445s ]
[2024-11-14T08:00:35+08:00][sql] SELECT `token` FROM `cmf_user_token` WHERE  ( user_id=2 ) LIMIT 1 [ RunTime:0.000217s ]
[2024-11-14T08:00:35+08:00][sql] SELECT `id`,`user_login`,`user_nickname`,`avatar`,`avatar_thumb`,`sex`,`signature`,`consumption`,`votestotal`,`province`,`city`,`coin`,`votes`,`birthday`,`issuper` FROM `cmf_user` WHERE  `id` = 2 LIMIT 1 [ RunTime:0.000289s ]
[2024-11-14T08:00:35+08:00][sql] SELECT * FROM `cmf_vip_user` WHERE  `uid` = 2 LIMIT 1 [ RunTime:0.000227s ]
[2024-11-14T08:00:35+08:00][sql] SELECT * FROM `cmf_liang` WHERE  ( status=1 and state=1 )  AND `uid` = 2 LIMIT 1 [ RunTime:0.000264s ]
[2024-11-14T08:00:35+08:00][sql] SELECT `token` FROM `cmf_user_token` WHERE  ( user_id=2 ) LIMIT 1 [ RunTime:0.000203s ]
[2024-11-14T08:00:35+08:00][sql] SHOW FULL COLUMNS FROM `cmf_live` [ RunTime:0.000582s ]
[2024-11-14T08:00:35+08:00][sql] SELECT * FROM `cmf_live` WHERE  ( islive='1' and isrecommend='1' and type='0' and live_type=0 ) [ RunTime:0.000405s ]
[2024-11-14T08:00:35+08:00][sql] SHOW FULL COLUMNS FROM `cmf_slide_item` [ RunTime:0.000471s ]
[2024-11-14T08:00:35+08:00][sql] SELECT * FROM `cmf_slide_item` WHERE  ( status='1' and slide_id='1' ) ORDER BY `list_order` ASC [ RunTime:0.000304s ]
[2024-11-14T08:00:35+08:00][sql] SHOW FULL COLUMNS FROM `cmf_live_class` [ RunTime:0.000429s ]
[2024-11-14T08:00:35+08:00][sql] SELECT * FROM `cmf_live_class` ORDER BY `list_order` LIMIT 5 [ RunTime:0.000254s ]
[2024-11-14T08:00:35+08:00][sql] SELECT * FROM `cmf_live` WHERE  `islive` = 1  AND `live_type` = 0  AND `liveclassid` = 8 ORDER BY `recommend_time` DESC,`starttime` DESC LIMIT 5 [ RunTime:0.000412s ]
[2024-11-14T08:00:35+08:00][sql] SELECT `uid`,`thumb`,`stream`,`title`,`city`,`islive`,`type` FROM `cmf_live` WHERE  ( islive='1' and ishot='1' and live_type=0 ) ORDER BY `isrecommend` DESC,`recommend_time` DESC,`hotvotes` DESC,`starttime` DESC LIMIT 5 [ RunTime:0.000314s ]
[2024-11-14T08:00:35+08:00][sql] SELECT `uid`,`thumb`,`stream`,`title`,`city`,`islive`,`type` FROM `cmf_live` WHERE  ( islive='1' and live_type=0 ) ORDER BY `starttime` DESC LIMIT 5 [ RunTime:0.000261s ]
[2024-11-14T08:00:35+08:00][sql] SHOW FULL COLUMNS FROM `cmf_theme_file` [ RunTime:0.000487s ]
[2024-11-14T08:00:35+08:00][sql] SELECT `more` FROM `cmf_theme_file` WHERE  `theme` = 'default'  AND (  `is_public` = 1 OR `file` = '../home/index/index' ) [ RunTime:0.000275s ]
[2024-11-14T08:00:37+08:00][sql] CONNECT:[ UseTime:0.000352s ] mysql:host=43.241.16.146;port=3306;dbname=zhibo;charset=utf8mb4
[2024-11-14T08:00:37+08:00][sql] SHOW FULL COLUMNS FROM `cmf_hook` [ RunTime:0.000528s ]
[2024-11-14T08:00:37+08:00][sql] SELECT `hook`,`id` FROM `cmf_hook` WHERE  (  (  `app` = '' OR `app` = 'cmf' )  AND `type` = 3 ) OR `type` = 1 [ RunTime:0.000348s ]
[2024-11-14T08:00:37+08:00][sql] SHOW FULL COLUMNS FROM `cmf_hook_plugin` [ RunTime:0.000441s ]
[2024-11-14T08:00:37+08:00][sql] SELECT `hook`,`plugin` FROM `cmf_hook_plugin` WHERE  `status` = 1  AND `hook` IN ('app_begin','module_init','action_begin','view_filter','app_end','log_write','response_end','admin_init','home_init','send_mobile_verification_code','body_start','before_head_end','footer_start','before_footer','before_footer_end','before_body_end','left_sidebar_start','before_left_sidebar_end','right_sidebar_start','before_right_sidebar_end','comment','guestbook','switch_theme','after_content','before_content','log_write_done','switch_admin_theme','captcha_image') ORDER BY `list_order` ASC [ RunTime:0.000437s ]
[2024-11-14T08:00:37+08:00][sql] SHOW FULL COLUMNS FROM `cmf_plugin` [ RunTime:0.000513s ]
[2024-11-14T08:00:37+08:00][sql] SELECT `config` FROM `cmf_plugin` WHERE  `name` = 'Qiniu' LIMIT 1 [ RunTime:0.000257s ]
[2024-11-14T08:00:37+08:00][sql] SHOW FULL COLUMNS FROM `cmf_user` [ RunTime:0.000658s ]
[2024-11-14T08:00:37+08:00][sql] SELECT `id`,`user_login`,`user_nickname`,`avatar`,`avatar_thumb`,`sex`,`signature`,`consumption`,`votestotal`,`province`,`city`,`coin`,`votes`,`birthday`,`issuper` FROM `cmf_user` WHERE  `id` = 2 LIMIT 1 [ RunTime:0.000325s ]
[2024-11-14T08:00:37+08:00][sql] SHOW FULL COLUMNS FROM `cmf_vip_user` [ RunTime:0.000437s ]
[2024-11-14T08:00:37+08:00][sql] SELECT * FROM `cmf_vip_user` WHERE  `uid` = 2 LIMIT 1 [ RunTime:0.000242s ]
[2024-11-14T08:00:37+08:00][sql] SHOW FULL COLUMNS FROM `cmf_liang` [ RunTime:0.000464s ]
[2024-11-14T08:00:37+08:00][sql] SELECT * FROM `cmf_liang` WHERE  ( status=1 and state=1 )  AND `uid` = 2 LIMIT 1 [ RunTime:0.000282s ]
[2024-11-14T08:00:37+08:00][sql] SHOW FULL COLUMNS FROM `cmf_user_token` [ RunTime:0.000423s ]
[2024-11-14T08:00:37+08:00][sql] SELECT `token` FROM `cmf_user_token` WHERE  ( user_id=2 ) LIMIT 1 [ RunTime:0.000220s ]
[2024-11-14T08:00:37+08:00][sql] SELECT `id`,`user_login`,`user_nickname`,`avatar`,`avatar_thumb`,`sex`,`signature`,`consumption`,`votestotal`,`province`,`city`,`coin`,`votes`,`birthday`,`issuper` FROM `cmf_user` WHERE  `id` = 2 LIMIT 1 [ RunTime:0.000291s ]
[2024-11-14T08:00:37+08:00][sql] SELECT * FROM `cmf_vip_user` WHERE  `uid` = 2 LIMIT 1 [ RunTime:0.000244s ]
[2024-11-14T08:00:37+08:00][sql] SELECT * FROM `cmf_liang` WHERE  ( status=1 and state=1 )  AND `uid` = 2 LIMIT 1 [ RunTime:0.000262s ]
[2024-11-14T08:00:37+08:00][sql] SELECT `token` FROM `cmf_user_token` WHERE  ( user_id=2 ) LIMIT 1 [ RunTime:0.000211s ]
[2024-11-14T08:00:37+08:00][sql] SHOW FULL COLUMNS FROM `cmf_slide_item` [ RunTime:0.000473s ]
[2024-11-14T08:00:37+08:00][sql] SELECT * FROM `cmf_slide_item` WHERE  ( status='1' and slide_id='6' ) ORDER BY `list_order` ASC [ RunTime:0.000310s ]
[2024-11-14T08:00:37+08:00][sql] SHOW FULL COLUMNS FROM `cmf_live` [ RunTime:0.000581s ]
[2024-11-14T08:00:37+08:00][sql] SELECT `uid`,`title`,`city`,`stream`,`pull`,`thumb`,`type` FROM `cmf_live` WHERE  `islive` = 1  AND `live_type` = 0  AND `ishot` = 1 ORDER BY `recommend_time` DESC,`starttime` DESC LIMIT 0,20 [ RunTime:0.000347s ]
[2024-11-14T08:00:37+08:00][sql] SHOW FULL COLUMNS FROM `cmf_theme_file` [ RunTime:0.000483s ]
[2024-11-14T08:00:37+08:00][sql] SELECT `more` FROM `cmf_theme_file` WHERE  `theme` = 'default'  AND (  `is_public` = 1 OR `file` = '../wxshare/share/index' ) [ RunTime:0.000292s ]
[2024-11-14T08:00:39+08:00][sql] CONNECT:[ UseTime:0.000291s ] mysql:host=43.241.16.146;port=3306;dbname=zhibo;charset=utf8mb4
[2024-11-14T08:00:39+08:00][sql] SHOW FULL COLUMNS FROM `cmf_hook` [ RunTime:0.000507s ]
[2024-11-14T08:00:39+08:00][sql] SELECT `hook`,`id` FROM `cmf_hook` WHERE  (  (  `app` = '' OR `app` = 'cmf' )  AND `type` = 3 ) OR `type` = 1 [ RunTime:0.000345s ]
[2024-11-14T08:00:39+08:00][sql] SHOW FULL COLUMNS FROM `cmf_hook_plugin` [ RunTime:0.000442s ]
[2024-11-14T08:00:39+08:00][sql] SELECT `hook`,`plugin` FROM `cmf_hook_plugin` WHERE  `status` = 1  AND `hook` IN ('app_begin','module_init','action_begin','view_filter','app_end','log_write','response_end','admin_init','home_init','send_mobile_verification_code','body_start','before_head_end','footer_start','before_footer','before_footer_end','before_body_end','left_sidebar_start','before_left_sidebar_end','right_sidebar_start','before_right_sidebar_end','comment','guestbook','switch_theme','after_content','before_content','log_write_done','switch_admin_theme','captcha_image') ORDER BY `list_order` ASC [ RunTime:0.000408s ]
[2024-11-14T08:00:39+08:00][sql] SHOW FULL COLUMNS FROM `cmf_plugin` [ RunTime:0.000557s ]
[2024-11-14T08:00:39+08:00][sql] SELECT `config` FROM `cmf_plugin` WHERE  `name` = 'Qiniu' LIMIT 1 [ RunTime:0.000253s ]
[2024-11-14T08:00:39+08:00][sql] SHOW FULL COLUMNS FROM `cmf_user` [ RunTime:0.000718s ]
[2024-11-14T08:00:39+08:00][sql] SELECT `id`,`user_login`,`user_nickname`,`avatar`,`avatar_thumb`,`sex`,`signature`,`consumption`,`votestotal`,`province`,`city`,`coin`,`votes`,`birthday`,`issuper` FROM `cmf_user` WHERE  `id` = 2 LIMIT 1 [ RunTime:0.000345s ]
[2024-11-14T08:00:39+08:00][sql] SHOW FULL COLUMNS FROM `cmf_vip_user` [ RunTime:0.000435s ]
[2024-11-14T08:00:39+08:00][sql] SELECT * FROM `cmf_vip_user` WHERE  `uid` = 2 LIMIT 1 [ RunTime:0.000252s ]
[2024-11-14T08:00:39+08:00][sql] SHOW FULL COLUMNS FROM `cmf_liang` [ RunTime:0.000461s ]
[2024-11-14T08:00:39+08:00][sql] SELECT * FROM `cmf_liang` WHERE  ( status=1 and state=1 )  AND `uid` = 2 LIMIT 1 [ RunTime:0.000281s ]
[2024-11-14T08:00:39+08:00][sql] SHOW FULL COLUMNS FROM `cmf_user_token` [ RunTime:0.000431s ]
[2024-11-14T08:00:39+08:00][sql] SELECT `token` FROM `cmf_user_token` WHERE  ( user_id=2 ) LIMIT 1 [ RunTime:0.000217s ]
[2024-11-14T08:00:39+08:00][sql] SELECT `id`,`user_login`,`user_nickname`,`avatar`,`avatar_thumb`,`sex`,`signature`,`consumption`,`votestotal`,`province`,`city`,`coin`,`votes`,`birthday`,`issuper` FROM `cmf_user` WHERE  `id` = 2 LIMIT 1 [ RunTime:0.000293s ]
[2024-11-14T08:00:39+08:00][sql] SELECT * FROM `cmf_vip_user` WHERE  `uid` = 2 LIMIT 1 [ RunTime:0.000232s ]
[2024-11-14T08:00:39+08:00][sql] SELECT * FROM `cmf_liang` WHERE  ( status=1 and state=1 )  AND `uid` = 2 LIMIT 1 [ RunTime:0.000265s ]
[2024-11-14T08:00:39+08:00][sql] SELECT `token` FROM `cmf_user_token` WHERE  ( user_id=2 ) LIMIT 1 [ RunTime:0.000199s ]
[2024-11-14T08:00:39+08:00][sql] SELECT `id`,`user_login`,`user_nickname`,`avatar`,`avatar_thumb`,`sex`,`signature`,`consumption`,`votestotal`,`province`,`city`,`coin`,`votes`,`birthday`,`issuper` FROM `cmf_user` WHERE  `id` = 2 LIMIT 1 [ RunTime:0.000295s ]
[2024-11-14T08:00:39+08:00][sql] SELECT * FROM `cmf_vip_user` WHERE  `uid` = 2 LIMIT 1 [ RunTime:0.000227s ]
[2024-11-14T08:00:39+08:00][sql] SELECT * FROM `cmf_liang` WHERE  ( status=1 and state=1 )  AND `uid` = 2 LIMIT 1 [ RunTime:0.000254s ]
[2024-11-14T08:00:39+08:00][sql] SELECT `token` FROM `cmf_user_token` WHERE  ( user_id=2 ) LIMIT 1 [ RunTime:0.000195s ]
[2024-11-14T08:00:39+08:00][sql] SHOW FULL COLUMNS FROM `cmf_user_attention` [ RunTime:0.000423s ]
[2024-11-14T08:00:39+08:00][sql] SELECT COUNT(*) AS think_count FROM `cmf_user_attention` WHERE  `uid` = 2 LIMIT 1 [ RunTime:0.000252s ]
[2024-11-14T08:00:39+08:00][sql] SELECT COUNT(*) AS think_count FROM `cmf_user_attention` WHERE  `touid` = 2 LIMIT 1 [ RunTime:0.000219s ]
[2024-11-14T08:00:39+08:00][sql] SHOW FULL COLUMNS FROM `cmf_theme_file` [ RunTime:0.000469s ]
[2024-11-14T08:00:39+08:00][sql] SELECT `more` FROM `cmf_theme_file` WHERE  `theme` = 'default'  AND (  `is_public` = 1 OR `file` = '../wxshare/user/index' ) [ RunTime:0.000280s ]
[2024-11-14T08:00:42+08:00][sql] CONNECT:[ UseTime:0.000304s ] mysql:host=43.241.16.146;port=3306;dbname=zhibo;charset=utf8mb4
[2024-11-14T08:00:42+08:00][sql] SHOW FULL COLUMNS FROM `cmf_hook` [ RunTime:0.000459s ]
[2024-11-14T08:00:42+08:00][sql] SELECT `hook`,`id` FROM `cmf_hook` WHERE  (  (  `app` = '' OR `app` = 'cmf' )  AND `type` = 3 ) OR `type` = 1 [ RunTime:0.000328s ]
[2024-11-14T08:00:42+08:00][sql] SHOW FULL COLUMNS FROM `cmf_hook_plugin` [ RunTime:0.000435s ]
[2024-11-14T08:00:42+08:00][sql] SELECT `hook`,`plugin` FROM `cmf_hook_plugin` WHERE  `status` = 1  AND `hook` IN ('app_begin','module_init','action_begin','view_filter','app_end','log_write','response_end','admin_init','home_init','send_mobile_verification_code','body_start','before_head_end','footer_start','before_footer','before_footer_end','before_body_end','left_sidebar_start','before_left_sidebar_end','right_sidebar_start','before_right_sidebar_end','comment','guestbook','switch_theme','after_content','before_content','log_write_done','switch_admin_theme','captcha_image') ORDER BY `list_order` ASC [ RunTime:0.000392s ]
[2024-11-14T08:00:42+08:00][sql] SHOW FULL COLUMNS FROM `cmf_plugin` [ RunTime:0.000507s ]
[2024-11-14T08:00:42+08:00][sql] SELECT `config` FROM `cmf_plugin` WHERE  `name` = 'Qiniu' LIMIT 1 [ RunTime:0.000244s ]
[2024-11-14T08:00:42+08:00][sql] SHOW FULL COLUMNS FROM `cmf_user` [ RunTime:0.000638s ]
[2024-11-14T08:00:42+08:00][sql] SELECT `id`,`user_login`,`user_nickname`,`avatar`,`avatar_thumb`,`sex`,`signature`,`consumption`,`votestotal`,`province`,`city`,`coin`,`votes`,`birthday`,`issuper` FROM `cmf_user` WHERE  `id` = 2 LIMIT 1 [ RunTime:0.000312s ]
[2024-11-14T08:00:42+08:00][sql] SHOW FULL COLUMNS FROM `cmf_vip_user` [ RunTime:0.000422s ]
[2024-11-14T08:00:42+08:00][sql] SELECT * FROM `cmf_vip_user` WHERE  `uid` = 2 LIMIT 1 [ RunTime:0.000232s ]
[2024-11-14T08:00:42+08:00][sql] SHOW FULL COLUMNS FROM `cmf_liang` [ RunTime:0.000439s ]
[2024-11-14T08:00:42+08:00][sql] SELECT * FROM `cmf_liang` WHERE  ( status=1 and state=1 )  AND `uid` = 2 LIMIT 1 [ RunTime:0.000272s ]
[2024-11-14T08:00:42+08:00][sql] SHOW FULL COLUMNS FROM `cmf_user_token` [ RunTime:0.000408s ]
[2024-11-14T08:00:42+08:00][sql] SELECT `token` FROM `cmf_user_token` WHERE  ( user_id=2 ) LIMIT 1 [ RunTime:0.000209s ]
[2024-11-14T08:00:42+08:00][sql] SELECT `id`,`user_login`,`user_nickname`,`avatar`,`avatar_thumb`,`sex`,`signature`,`consumption`,`votestotal`,`province`,`city`,`coin`,`votes`,`birthday`,`issuper` FROM `cmf_user` WHERE  `id` = 2 LIMIT 1 [ RunTime:0.000278s ]
[2024-11-14T08:00:42+08:00][sql] SELECT * FROM `cmf_vip_user` WHERE  `uid` = 2 LIMIT 1 [ RunTime:0.000225s ]
[2024-11-14T08:00:42+08:00][sql] SELECT * FROM `cmf_liang` WHERE  ( status=1 and state=1 )  AND `uid` = 2 LIMIT 1 [ RunTime:0.000252s ]
[2024-11-14T08:00:42+08:00][sql] SELECT `token` FROM `cmf_user_token` WHERE  ( user_id=2 ) LIMIT 1 [ RunTime:0.000192s ]
[2024-11-14T08:00:42+08:00][sql] SHOW FULL COLUMNS FROM `cmf_user_auth` [ RunTime:0.000474s ]
[2024-11-14T08:00:42+08:00][sql] SELECT * FROM `cmf_user_auth` WHERE  `uid` = 2 LIMIT 1 [ RunTime:0.000259s ]
[2024-11-14T08:00:42+08:00][sql] SELECT * FROM `cmf_plugin` WHERE  ( name='Qiniu' ) LIMIT 1 [ RunTime:0.000250s ]
[2024-11-14T08:00:42+08:00][sql] SHOW FULL COLUMNS FROM `cmf_theme_file` [ RunTime:0.000464s ]
[2024-11-14T08:00:42+08:00][sql] SELECT `more` FROM `cmf_theme_file` WHERE  `theme` = 'default'  AND (  `is_public` = 1 OR `file` = '../wxshare/error' ) [ RunTime:0.000278s ]
[2024-11-14T08:00:46+08:00][sql] CONNECT:[ UseTime:0.000284s ] mysql:host=43.241.16.146;port=3306;dbname=zhibo;charset=utf8mb4
[2024-11-14T08:00:46+08:00][sql] SHOW FULL COLUMNS FROM `cmf_hook` [ RunTime:0.000489s ]
[2024-11-14T08:00:46+08:00][sql] SELECT `hook`,`id` FROM `cmf_hook` WHERE  (  (  `app` = '' OR `app` = 'cmf' )  AND `type` = 3 ) OR `type` = 1 [ RunTime:0.000345s ]
[2024-11-14T08:00:46+08:00][sql] SHOW FULL COLUMNS FROM `cmf_hook_plugin` [ RunTime:0.000436s ]
[2024-11-14T08:00:46+08:00][sql] SELECT `hook`,`plugin` FROM `cmf_hook_plugin` WHERE  `status` = 1  AND `hook` IN ('app_begin','module_init','action_begin','view_filter','app_end','log_write','response_end','admin_init','home_init','send_mobile_verification_code','body_start','before_head_end','footer_start','before_footer','before_footer_end','before_body_end','left_sidebar_start','before_left_sidebar_end','right_sidebar_start','before_right_sidebar_end','comment','guestbook','switch_theme','after_content','before_content','log_write_done','switch_admin_theme','captcha_image') ORDER BY `list_order` ASC [ RunTime:0.000396s ]
[2024-11-14T08:00:46+08:00][sql] SHOW FULL COLUMNS FROM `cmf_plugin` [ RunTime:0.000584s ]
[2024-11-14T08:00:46+08:00][sql] SELECT `config` FROM `cmf_plugin` WHERE  `name` = 'Qiniu' LIMIT 1 [ RunTime:0.000260s ]
[2024-11-14T08:00:46+08:00][sql] SHOW FULL COLUMNS FROM `cmf_user` [ RunTime:0.000664s ]
[2024-11-14T08:00:46+08:00][sql] SELECT `id`,`user_login`,`user_nickname`,`avatar`,`avatar_thumb`,`sex`,`signature`,`consumption`,`votestotal`,`province`,`city`,`coin`,`votes`,`birthday`,`issuper` FROM `cmf_user` WHERE  `id` = 2 LIMIT 1 [ RunTime:0.000329s ]
[2024-11-14T08:00:46+08:00][sql] SHOW FULL COLUMNS FROM `cmf_vip_user` [ RunTime:0.000429s ]
[2024-11-14T08:00:46+08:00][sql] SELECT * FROM `cmf_vip_user` WHERE  `uid` = 2 LIMIT 1 [ RunTime:0.000248s ]
[2024-11-14T08:00:46+08:00][sql] SHOW FULL COLUMNS FROM `cmf_liang` [ RunTime:0.000467s ]
[2024-11-14T08:00:46+08:00][sql] SELECT * FROM `cmf_liang` WHERE  ( status=1 and state=1 )  AND `uid` = 2 LIMIT 1 [ RunTime:0.000286s ]
[2024-11-14T08:00:46+08:00][sql] SHOW FULL COLUMNS FROM `cmf_user_token` [ RunTime:0.000425s ]
[2024-11-14T08:00:46+08:00][sql] SELECT `token` FROM `cmf_user_token` WHERE  ( user_id=2 ) LIMIT 1 [ RunTime:0.000222s ]
[2024-11-14T08:00:46+08:00][sql] SELECT `id`,`user_login`,`user_nickname`,`avatar`,`avatar_thumb`,`sex`,`signature`,`consumption`,`votestotal`,`province`,`city`,`coin`,`votes`,`birthday`,`issuper` FROM `cmf_user` WHERE  `id` = 2 LIMIT 1 [ RunTime:0.000289s ]
[2024-11-14T08:00:46+08:00][sql] SELECT * FROM `cmf_vip_user` WHERE  `uid` = 2 LIMIT 1 [ RunTime:0.000236s ]
[2024-11-14T08:00:46+08:00][sql] SELECT * FROM `cmf_liang` WHERE  ( status=1 and state=1 )  AND `uid` = 2 LIMIT 1 [ RunTime:0.000261s ]
[2024-11-14T08:00:46+08:00][sql] SELECT `token` FROM `cmf_user_token` WHERE  ( user_id=2 ) LIMIT 1 [ RunTime:0.000200s ]
[2024-11-14T08:00:46+08:00][sql] SHOW FULL COLUMNS FROM `cmf_user_voterecord` [ RunTime:0.000480s ]
[2024-11-14T08:00:46+08:00][sql] SELECT fromid,actionid,sum(nums) as num,sum(total) as totalall FROM `cmf_user_voterecord` WHERE  `action` = 1  AND `uid` = 2 GROUP BY `fromid`,`actionid`,`showid` ORDER BY `addtime` DESC LIMIT 0,50 [ RunTime:0.000363s ]
[2024-11-14T08:00:46+08:00][sql] SHOW FULL COLUMNS FROM `cmf_live_record` [ RunTime:0.000512s ]
[2024-11-14T08:00:46+08:00][sql] SELECT `starttime`,`endtime` FROM `cmf_live_record` WHERE  `uid` = 2 ORDER BY `starttime` DESC LIMIT 0,50 [ RunTime:0.000279s ]
[2024-11-14T08:00:46+08:00][sql] SHOW FULL COLUMNS FROM `cmf_theme_file` [ RunTime:0.000477s ]
[2024-11-14T08:00:46+08:00][sql] SELECT `more` FROM `cmf_theme_file` WHERE  `theme` = 'default'  AND (  `is_public` = 1 OR `file` = '../wxshare/detail/index' ) [ RunTime:0.000286s ]
[2024-11-14T08:00:49+08:00][sql] CONNECT:[ UseTime:0.000282s ] mysql:host=43.241.16.146;port=3306;dbname=zhibo;charset=utf8mb4
[2024-11-14T08:00:49+08:00][sql] SHOW FULL COLUMNS FROM `cmf_hook` [ RunTime:0.000509s ]
[2024-11-14T08:00:49+08:00][sql] SELECT `hook`,`id` FROM `cmf_hook` WHERE  (  (  `app` = '' OR `app` = 'cmf' )  AND `type` = 3 ) OR `type` = 1 [ RunTime:0.000337s ]
[2024-11-14T08:00:49+08:00][sql] SHOW FULL COLUMNS FROM `cmf_hook_plugin` [ RunTime:0.000440s ]
[2024-11-14T08:00:49+08:00][sql] SELECT `hook`,`plugin` FROM `cmf_hook_plugin` WHERE  `status` = 1  AND `hook` IN ('app_begin','module_init','action_begin','view_filter','app_end','log_write','response_end','admin_init','home_init','send_mobile_verification_code','body_start','before_head_end','footer_start','before_footer','before_footer_end','before_body_end','left_sidebar_start','before_left_sidebar_end','right_sidebar_start','before_right_sidebar_end','comment','guestbook','switch_theme','after_content','before_content','log_write_done','switch_admin_theme','captcha_image') ORDER BY `list_order` ASC [ RunTime:0.000412s ]
[2024-11-14T08:00:49+08:00][sql] SHOW FULL COLUMNS FROM `cmf_plugin` [ RunTime:0.000589s ]
[2024-11-14T08:00:49+08:00][sql] SELECT `config` FROM `cmf_plugin` WHERE  `name` = 'Qiniu' LIMIT 1 [ RunTime:0.000255s ]
[2024-11-14T08:00:49+08:00][sql] SHOW FULL COLUMNS FROM `cmf_user` [ RunTime:0.000661s ]
[2024-11-14T08:00:49+08:00][sql] SELECT `id`,`user_login`,`user_nickname`,`avatar`,`avatar_thumb`,`sex`,`signature`,`consumption`,`votestotal`,`province`,`city`,`coin`,`votes`,`birthday`,`issuper` FROM `cmf_user` WHERE  `id` = 2 LIMIT 1 [ RunTime:0.000320s ]
[2024-11-14T08:00:49+08:00][sql] SHOW FULL COLUMNS FROM `cmf_vip_user` [ RunTime:0.000427s ]
[2024-11-14T08:00:49+08:00][sql] SELECT * FROM `cmf_vip_user` WHERE  `uid` = 2 LIMIT 1 [ RunTime:0.000236s ]
[2024-11-14T08:00:49+08:00][sql] SHOW FULL COLUMNS FROM `cmf_liang` [ RunTime:0.000451s ]
[2024-11-14T08:00:49+08:00][sql] SELECT * FROM `cmf_liang` WHERE  ( status=1 and state=1 )  AND `uid` = 2 LIMIT 1 [ RunTime:0.000279s ]
[2024-11-14T08:00:49+08:00][sql] SHOW FULL COLUMNS FROM `cmf_user_token` [ RunTime:0.000432s ]
[2024-11-14T08:00:49+08:00][sql] SELECT `token` FROM `cmf_user_token` WHERE  ( user_id=2 ) LIMIT 1 [ RunTime:0.000216s ]
[2024-11-14T08:00:49+08:00][sql] SELECT `id`,`user_login`,`user_nickname`,`avatar`,`avatar_thumb`,`sex`,`signature`,`consumption`,`votestotal`,`province`,`city`,`coin`,`votes`,`birthday`,`issuper` FROM `cmf_user` WHERE  `id` = 2 LIMIT 1 [ RunTime:0.000284s ]
[2024-11-14T08:00:49+08:00][sql] SELECT * FROM `cmf_vip_user` WHERE  `uid` = 2 LIMIT 1 [ RunTime:0.000230s ]
[2024-11-14T08:00:49+08:00][sql] SELECT * FROM `cmf_liang` WHERE  ( status=1 and state=1 )  AND `uid` = 2 LIMIT 1 [ RunTime:0.000254s ]
[2024-11-14T08:00:49+08:00][sql] SELECT `token` FROM `cmf_user_token` WHERE  ( user_id=2 ) LIMIT 1 [ RunTime:0.000199s ]
[2024-11-14T08:00:49+08:00][sql] SELECT `id`,`user_login`,`user_nickname`,`avatar`,`avatar_thumb`,`sex`,`signature`,`consumption`,`votestotal`,`province`,`city`,`coin`,`votes`,`birthday`,`issuper` FROM `cmf_user` WHERE  `id` = 2 LIMIT 1 [ RunTime:0.000282s ]
[2024-11-14T08:00:49+08:00][sql] SELECT * FROM `cmf_vip_user` WHERE  `uid` = 2 LIMIT 1 [ RunTime:0.000225s ]
[2024-11-14T08:00:49+08:00][sql] SELECT * FROM `cmf_liang` WHERE  ( status=1 and state=1 )  AND `uid` = 2 LIMIT 1 [ RunTime:0.000259s ]
[2024-11-14T08:00:49+08:00][sql] SELECT `token` FROM `cmf_user_token` WHERE  ( user_id=2 ) LIMIT 1 [ RunTime:0.000197s ]
[2024-11-14T08:00:49+08:00][sql] SHOW FULL COLUMNS FROM `cmf_user_attention` [ RunTime:0.000411s ]
[2024-11-14T08:00:49+08:00][sql] SELECT COUNT(*) AS think_count FROM `cmf_user_attention` WHERE  `uid` = 2 LIMIT 1 [ RunTime:0.000246s ]
[2024-11-14T08:00:49+08:00][sql] SELECT COUNT(*) AS think_count FROM `cmf_user_attention` WHERE  `touid` = 2 LIMIT 1 [ RunTime:0.000218s ]
[2024-11-14T08:00:49+08:00][sql] SHOW FULL COLUMNS FROM `cmf_theme_file` [ RunTime:0.000467s ]
[2024-11-14T08:00:49+08:00][sql] SELECT `more` FROM `cmf_theme_file` WHERE  `theme` = 'default'  AND (  `is_public` = 1 OR `file` = '../wxshare/user/index' ) [ RunTime:0.000283s ]
[2024-11-14T08:07:07+08:00][sql] CONNECT:[ UseTime:0.000368s ] mysql:host=43.241.16.146;port=3306;dbname=zhibo;charset=utf8mb4
[2024-11-14T08:07:07+08:00][sql] SHOW FULL COLUMNS FROM `cmf_hook` [ RunTime:0.000609s ]
[2024-11-14T08:07:07+08:00][sql] SELECT `hook`,`id` FROM `cmf_hook` WHERE  (  (  `app` = '' OR `app` = 'cmf' )  AND `type` = 3 ) OR `type` = 1 [ RunTime:0.000388s ]
[2024-11-14T08:07:07+08:00][sql] SHOW FULL COLUMNS FROM `cmf_hook_plugin` [ RunTime:0.000453s ]
[2024-11-14T08:07:07+08:00][sql] SELECT `hook`,`plugin` FROM `cmf_hook_plugin` WHERE  `status` = 1  AND `hook` IN ('app_begin','module_init','action_begin','view_filter','app_end','log_write','response_end','admin_init','home_init','send_mobile_verification_code','body_start','before_head_end','footer_start','before_footer','before_footer_end','before_body_end','left_sidebar_start','before_left_sidebar_end','right_sidebar_start','before_right_sidebar_end','comment','guestbook','switch_theme','after_content','before_content','log_write_done','switch_admin_theme','captcha_image') ORDER BY `list_order` ASC [ RunTime:0.000421s ]
[2024-11-14T08:07:07+08:00][sql] SHOW FULL COLUMNS FROM `cmf_plugin` [ RunTime:0.000571s ]
[2024-11-14T08:07:07+08:00][sql] SELECT `config` FROM `cmf_plugin` WHERE  `name` = 'Qiniu' LIMIT 1 [ RunTime:0.000262s ]
[2024-11-14T08:07:07+08:00][sql] SHOW FULL COLUMNS FROM `cmf_user` [ RunTime:0.000924s ]
[2024-11-14T08:07:07+08:00][sql] SELECT `id`,`user_login`,`user_nickname`,`avatar`,`avatar_thumb`,`sex`,`signature`,`consumption`,`votestotal`,`province`,`city`,`coin`,`votes`,`birthday`,`issuper` FROM `cmf_user` WHERE  `id` = 2 LIMIT 1 [ RunTime:0.000399s ]
[2024-11-14T08:07:07+08:00][sql] SHOW FULL COLUMNS FROM `cmf_vip_user` [ RunTime:0.000434s ]
[2024-11-14T08:07:07+08:00][sql] SELECT * FROM `cmf_vip_user` WHERE  `uid` = 2 LIMIT 1 [ RunTime:0.000257s ]
[2024-11-14T08:07:07+08:00][sql] SHOW FULL COLUMNS FROM `cmf_liang` [ RunTime:0.000467s ]
[2024-11-14T08:07:07+08:00][sql] SELECT * FROM `cmf_liang` WHERE  ( status=1 and state=1 )  AND `uid` = 2 LIMIT 1 [ RunTime:0.000291s ]
[2024-11-14T08:07:07+08:00][sql] SHOW FULL COLUMNS FROM `cmf_user_token` [ RunTime:0.000439s ]
[2024-11-14T08:07:07+08:00][sql] SELECT `token` FROM `cmf_user_token` WHERE  ( user_id=2 ) LIMIT 1 [ RunTime:0.000222s ]
[2024-11-14T08:07:07+08:00][sql] SELECT `id`,`user_login`,`user_nickname`,`avatar`,`avatar_thumb`,`sex`,`signature`,`consumption`,`votestotal`,`province`,`city`,`coin`,`votes`,`birthday`,`issuper` FROM `cmf_user` WHERE  `id` = 2 LIMIT 1 [ RunTime:0.000292s ]
[2024-11-14T08:07:07+08:00][sql] SELECT * FROM `cmf_vip_user` WHERE  `uid` = 2 LIMIT 1 [ RunTime:0.000236s ]
[2024-11-14T08:07:07+08:00][sql] SELECT * FROM `cmf_liang` WHERE  ( status=1 and state=1 )  AND `uid` = 2 LIMIT 1 [ RunTime:0.000268s ]
[2024-11-14T08:07:07+08:00][sql] SELECT `token` FROM `cmf_user_token` WHERE  ( user_id=2 ) LIMIT 1 [ RunTime:0.000203s ]
[2024-11-14T08:07:07+08:00][sql] SHOW FULL COLUMNS FROM `cmf_live` [ RunTime:0.000609s ]
[2024-11-14T08:07:07+08:00][sql] SELECT * FROM `cmf_live` WHERE  ( islive='1' and isrecommend='1' and type='0' and live_type=0 ) [ RunTime:0.000431s ]
[2024-11-14T08:07:07+08:00][sql] SHOW FULL COLUMNS FROM `cmf_slide_item` [ RunTime:0.000480s ]
[2024-11-14T08:07:07+08:00][sql] SELECT * FROM `cmf_slide_item` WHERE  ( status='1' and slide_id='1' ) ORDER BY `list_order` ASC [ RunTime:0.000325s ]
[2024-11-14T08:07:07+08:00][sql] SHOW FULL COLUMNS FROM `cmf_live_class` [ RunTime:0.000440s ]
[2024-11-14T08:07:07+08:00][sql] SELECT * FROM `cmf_live_class` ORDER BY `list_order` LIMIT 5 [ RunTime:0.000268s ]
[2024-11-14T08:07:07+08:00][sql] SELECT * FROM `cmf_live` WHERE  `islive` = 1  AND `live_type` = 0  AND `liveclassid` = 8 ORDER BY `recommend_time` DESC,`starttime` DESC LIMIT 5 [ RunTime:0.000413s ]
[2024-11-14T08:07:07+08:00][sql] SELECT `uid`,`thumb`,`stream`,`title`,`city`,`islive`,`type` FROM `cmf_live` WHERE  ( islive='1' and ishot='1' and live_type=0 ) ORDER BY `isrecommend` DESC,`recommend_time` DESC,`hotvotes` DESC,`starttime` DESC LIMIT 5 [ RunTime:0.000314s ]
[2024-11-14T08:07:07+08:00][sql] SELECT `uid`,`thumb`,`stream`,`title`,`city`,`islive`,`type` FROM `cmf_live` WHERE  ( islive='1' and live_type=0 ) ORDER BY `starttime` DESC LIMIT 5 [ RunTime:0.000273s ]
[2024-11-14T08:07:07+08:00][sql] SHOW FULL COLUMNS FROM `cmf_theme_file` [ RunTime:0.000488s ]
[2024-11-14T08:07:07+08:00][sql] SELECT `more` FROM `cmf_theme_file` WHERE  `theme` = 'default'  AND (  `is_public` = 1 OR `file` = '../home/index/index' ) [ RunTime:0.000293s ]
[2024-11-14T08:07:13+08:00][sql] CONNECT:[ UseTime:0.000290s ] mysql:host=43.241.16.146;port=3306;dbname=zhibo;charset=utf8mb4
[2024-11-14T08:07:13+08:00][sql] SHOW FULL COLUMNS FROM `cmf_hook` [ RunTime:0.000529s ]
[2024-11-14T08:07:13+08:00][sql] SELECT `hook`,`id` FROM `cmf_hook` WHERE  (  (  `app` = '' OR `app` = 'cmf' )  AND `type` = 3 ) OR `type` = 1 [ RunTime:0.000338s ]
[2024-11-14T08:07:13+08:00][sql] SHOW FULL COLUMNS FROM `cmf_hook_plugin` [ RunTime:0.000442s ]
[2024-11-14T08:07:13+08:00][sql] SELECT `hook`,`plugin` FROM `cmf_hook_plugin` WHERE  `status` = 1  AND `hook` IN ('app_begin','module_init','action_begin','view_filter','app_end','log_write','response_end','admin_init','home_init','send_mobile_verification_code','body_start','before_head_end','footer_start','before_footer','before_footer_end','before_body_end','left_sidebar_start','before_left_sidebar_end','right_sidebar_start','before_right_sidebar_end','comment','guestbook','switch_theme','after_content','before_content','log_write_done','switch_admin_theme','captcha_image') ORDER BY `list_order` ASC [ RunTime:0.000403s ]
[2024-11-14T08:07:13+08:00][sql] SHOW FULL COLUMNS FROM `cmf_plugin` [ RunTime:0.000620s ]
[2024-11-14T08:07:13+08:00][sql] SELECT `config` FROM `cmf_plugin` WHERE  `name` = 'Qiniu' LIMIT 1 [ RunTime:0.000274s ]
[2024-11-14T08:07:13+08:00][sql] SHOW FULL COLUMNS FROM `cmf_user` [ RunTime:0.000683s ]
[2024-11-14T08:07:13+08:00][sql] SELECT `id`,`user_login`,`user_nickname`,`avatar`,`avatar_thumb`,`sex`,`signature`,`consumption`,`votestotal`,`province`,`city`,`coin`,`votes`,`birthday`,`issuper` FROM `cmf_user` WHERE  `id` = 2 LIMIT 1 [ RunTime:0.000343s ]
[2024-11-14T08:07:13+08:00][sql] SHOW FULL COLUMNS FROM `cmf_vip_user` [ RunTime:0.000443s ]
[2024-11-14T08:07:13+08:00][sql] SELECT * FROM `cmf_vip_user` WHERE  `uid` = 2 LIMIT 1 [ RunTime:0.000253s ]
[2024-11-14T08:07:13+08:00][sql] SHOW FULL COLUMNS FROM `cmf_liang` [ RunTime:0.000482s ]
[2024-11-14T08:07:13+08:00][sql] SELECT * FROM `cmf_liang` WHERE  ( status=1 and state=1 )  AND `uid` = 2 LIMIT 1 [ RunTime:0.000289s ]
[2024-11-14T08:07:13+08:00][sql] SHOW FULL COLUMNS FROM `cmf_user_token` [ RunTime:0.000443s ]
[2024-11-14T08:07:13+08:00][sql] SELECT `token` FROM `cmf_user_token` WHERE  ( user_id=2 ) LIMIT 1 [ RunTime:0.000227s ]
[2024-11-14T08:07:13+08:00][sql] SELECT `id`,`user_login`,`user_nickname`,`avatar`,`avatar_thumb`,`sex`,`signature`,`consumption`,`votestotal`,`province`,`city`,`coin`,`votes`,`birthday`,`issuper` FROM `cmf_user` WHERE  `id` = 2 LIMIT 1 [ RunTime:0.000299s ]
[2024-11-14T08:07:13+08:00][sql] SELECT * FROM `cmf_vip_user` WHERE  `uid` = 2 LIMIT 1 [ RunTime:0.000242s ]
[2024-11-14T08:07:13+08:00][sql] SELECT * FROM `cmf_liang` WHERE  ( status=1 and state=1 )  AND `uid` = 2 LIMIT 1 [ RunTime:0.000270s ]
[2024-11-14T08:07:13+08:00][sql] SELECT `token` FROM `cmf_user_token` WHERE  ( user_id=2 ) LIMIT 1 [ RunTime:0.000209s ]
[2024-11-14T08:07:13+08:00][sql] SHOW FULL COLUMNS FROM `cmf_slide_item` [ RunTime:0.000490s ]
[2024-11-14T08:07:13+08:00][sql] SELECT * FROM `cmf_slide_item` WHERE  ( status='1' and slide_id='6' ) ORDER BY `list_order` ASC [ RunTime:0.000322s ]
[2024-11-14T08:07:13+08:00][sql] SHOW FULL COLUMNS FROM `cmf_live` [ RunTime:0.000603s ]
[2024-11-14T08:07:13+08:00][sql] SELECT `uid`,`title`,`city`,`stream`,`pull`,`thumb`,`type` FROM `cmf_live` WHERE  `islive` = 1  AND `live_type` = 0  AND `ishot` = 1 ORDER BY `recommend_time` DESC,`starttime` DESC LIMIT 0,20 [ RunTime:0.000354s ]
[2024-11-14T08:07:13+08:00][sql] SHOW FULL COLUMNS FROM `cmf_theme_file` [ RunTime:0.000498s ]
[2024-11-14T08:07:13+08:00][sql] SELECT `more` FROM `cmf_theme_file` WHERE  `theme` = 'default'  AND (  `is_public` = 1 OR `file` = '../wxshare/share/index' ) [ RunTime:0.000293s ]
[2024-11-14T08:25:17+08:00][sql] CONNECT:[ UseTime:0.000352s ] mysql:host=43.241.16.146;port=3306;dbname=zhibo;charset=utf8mb4
[2024-11-14T08:25:17+08:00][sql] SHOW FULL COLUMNS FROM `cmf_hook` [ RunTime:0.000521s ]
[2024-11-14T08:25:17+08:00][sql] SELECT `hook`,`id` FROM `cmf_hook` WHERE  (  (  `app` = '' OR `app` = 'cmf' )  AND `type` = 3 ) OR `type` = 1 [ RunTime:0.000344s ]
[2024-11-14T08:25:17+08:00][sql] SHOW FULL COLUMNS FROM `cmf_hook_plugin` [ RunTime:0.000445s ]
[2024-11-14T08:25:17+08:00][sql] SELECT `hook`,`plugin` FROM `cmf_hook_plugin` WHERE  `status` = 1  AND `hook` IN ('app_begin','module_init','action_begin','view_filter','app_end','log_write','response_end','admin_init','home_init','send_mobile_verification_code','body_start','before_head_end','footer_start','before_footer','before_footer_end','before_body_end','left_sidebar_start','before_left_sidebar_end','right_sidebar_start','before_right_sidebar_end','comment','guestbook','switch_theme','after_content','before_content','log_write_done','switch_admin_theme','captcha_image') ORDER BY `list_order` ASC [ RunTime:0.000419s ]
[2024-11-14T08:25:17+08:00][sql] SHOW FULL COLUMNS FROM `cmf_plugin` [ RunTime:0.000495s ]
[2024-11-14T08:25:17+08:00][sql] SELECT `config` FROM `cmf_plugin` WHERE  `name` = 'Qiniu' LIMIT 1 [ RunTime:0.000246s ]
[2024-11-14T08:25:17+08:00][sql] SHOW FULL COLUMNS FROM `cmf_user_voterecord` [ RunTime:0.000497s ]
[2024-11-14T08:25:17+08:00][sql] SELECT fromid,actionid,sum(nums) as num,sum(total) as totalall FROM `cmf_user_voterecord` WHERE  `action` = 1  AND `uid` = 3 GROUP BY `fromid`,`actionid`,`showid` ORDER BY `addtime` DESC LIMIT 0,50 [ RunTime:0.000365s ]
[2024-11-14T08:25:17+08:00][sql] SHOW FULL COLUMNS FROM `cmf_live_record` [ RunTime:0.000517s ]
[2024-11-14T08:25:17+08:00][sql] SELECT `starttime`,`endtime` FROM `cmf_live_record` WHERE  `uid` = 3 ORDER BY `starttime` DESC LIMIT 0,50 [ RunTime:0.000268s ]
[2024-11-14T08:25:17+08:00][sql] SHOW FULL COLUMNS FROM `cmf_theme_file` [ RunTime:0.000468s ]
[2024-11-14T08:25:17+08:00][sql] SELECT `more` FROM `cmf_theme_file` WHERE  `theme` = 'default'  AND (  `is_public` = 1 OR `file` = '../appapi/detail/index' ) [ RunTime:0.000284s ]
[2024-11-14T08:25:18+08:00][sql] CONNECT:[ UseTime:0.000315s ] mysql:host=43.241.16.146;port=3306;dbname=zhibo;charset=utf8mb4
[2024-11-14T08:25:18+08:00][sql] SHOW FULL COLUMNS FROM `cmf_hook` [ RunTime:0.000505s ]
[2024-11-14T08:25:18+08:00][sql] SELECT `hook`,`id` FROM `cmf_hook` WHERE  (  (  `app` = '' OR `app` = 'cmf' )  AND `type` = 3 ) OR `type` = 1 [ RunTime:0.000351s ]
[2024-11-14T08:25:18+08:00][sql] SHOW FULL COLUMNS FROM `cmf_hook_plugin` [ RunTime:0.000444s ]
[2024-11-14T08:25:18+08:00][sql] SELECT `hook`,`plugin` FROM `cmf_hook_plugin` WHERE  `status` = 1  AND `hook` IN ('app_begin','module_init','action_begin','view_filter','app_end','log_write','response_end','admin_init','home_init','send_mobile_verification_code','body_start','before_head_end','footer_start','before_footer','before_footer_end','before_body_end','left_sidebar_start','before_left_sidebar_end','right_sidebar_start','before_right_sidebar_end','comment','guestbook','switch_theme','after_content','before_content','log_write_done','switch_admin_theme','captcha_image') ORDER BY `list_order` ASC [ RunTime:0.000407s ]
[2024-11-14T08:25:21+08:00][sql] CONNECT:[ UseTime:0.000312s ] mysql:host=43.241.16.146;port=3306;dbname=zhibo;charset=utf8mb4
[2024-11-14T08:25:21+08:00][sql] SHOW FULL COLUMNS FROM `cmf_hook` [ RunTime:0.000479s ]
[2024-11-14T08:25:21+08:00][sql] SELECT `hook`,`id` FROM `cmf_hook` WHERE  (  (  `app` = '' OR `app` = 'cmf' )  AND `type` = 3 ) OR `type` = 1 [ RunTime:0.000330s ]
[2024-11-14T08:25:21+08:00][sql] SHOW FULL COLUMNS FROM `cmf_hook_plugin` [ RunTime:0.000429s ]
[2024-11-14T08:25:21+08:00][sql] SELECT `hook`,`plugin` FROM `cmf_hook_plugin` WHERE  `status` = 1  AND `hook` IN ('app_begin','module_init','action_begin','view_filter','app_end','log_write','response_end','admin_init','home_init','send_mobile_verification_code','body_start','before_head_end','footer_start','before_footer','before_footer_end','before_body_end','left_sidebar_start','before_left_sidebar_end','right_sidebar_start','before_right_sidebar_end','comment','guestbook','switch_theme','after_content','before_content','log_write_done','switch_admin_theme','captcha_image') ORDER BY `list_order` ASC [ RunTime:0.000404s ]
[2024-11-14T08:25:21+08:00][sql] SHOW FULL COLUMNS FROM `cmf_plugin` [ RunTime:0.000498s ]
[2024-11-14T08:25:21+08:00][sql] SELECT `config` FROM `cmf_plugin` WHERE  `name` = 'Qiniu' LIMIT 1 [ RunTime:0.000262s ]
[2024-11-14T08:25:21+08:00][sql] SHOW FULL COLUMNS FROM `cmf_user_auth` [ RunTime:0.000464s ]
[2024-11-14T08:25:21+08:00][sql] SELECT * FROM `cmf_user_auth` WHERE  `uid` = 3 LIMIT 1 [ RunTime:0.000260s ]
[2024-11-14T08:25:21+08:00][sql] SHOW FULL COLUMNS FROM `cmf_theme_file` [ RunTime:0.000468s ]
[2024-11-14T08:25:21+08:00][sql] SELECT `more` FROM `cmf_theme_file` WHERE  `theme` = 'default'  AND (  `is_public` = 1 OR `file` = '../appapi/auth/index' ) [ RunTime:0.000275s ]
[2024-11-14T09:02:34+08:00][sql] CONNECT:[ UseTime:0.000458s ] mysql:host=43.241.16.146;port=3306;dbname=zhibo;charset=utf8mb4
[2024-11-14T09:02:34+08:00][sql] SHOW FULL COLUMNS FROM `cmf_hook` [ RunTime:0.000661s ]
[2024-11-14T09:02:34+08:00][sql] SELECT `hook`,`id` FROM `cmf_hook` WHERE  (  (  `app` = '' OR `app` = 'cmf' )  AND `type` = 3 ) OR `type` = 1 [ RunTime:0.000407s ]
[2024-11-14T09:02:34+08:00][sql] SHOW FULL COLUMNS FROM `cmf_hook_plugin` [ RunTime:0.000433s ]
[2024-11-14T09:02:34+08:00][sql] SELECT `hook`,`plugin` FROM `cmf_hook_plugin` WHERE  `status` = 1  AND `hook` IN ('app_begin','module_init','action_begin','view_filter','app_end','log_write','response_end','admin_init','home_init','send_mobile_verification_code','body_start','before_head_end','footer_start','before_footer','before_footer_end','before_body_end','left_sidebar_start','before_left_sidebar_end','right_sidebar_start','before_right_sidebar_end','comment','guestbook','switch_theme','after_content','before_content','log_write_done','switch_admin_theme','captcha_image') ORDER BY `list_order` ASC [ RunTime:0.000425s ]
[2024-11-14T09:02:34+08:00][sql] CONNECT:[ UseTime:0.000343s ] mysql:host=43.241.16.146;port=3306;dbname=zhibo;charset=utf8mb4
[2024-11-14T09:02:34+08:00][sql] SHOW FULL COLUMNS FROM `cmf_hook` [ RunTime:0.000524s ]
[2024-11-14T09:02:34+08:00][sql] SELECT `hook`,`id` FROM `cmf_hook` WHERE  (  (  `app` = '' OR `app` = 'cmf' )  AND `type` = 3 ) OR `type` = 1 [ RunTime:0.000346s ]
[2024-11-14T09:02:34+08:00][sql] SHOW FULL COLUMNS FROM `cmf_hook_plugin` [ RunTime:0.000444s ]
[2024-11-14T09:02:34+08:00][sql] SELECT `hook`,`plugin` FROM `cmf_hook_plugin` WHERE  `status` = 1  AND `hook` IN ('app_begin','module_init','action_begin','view_filter','app_end','log_write','response_end','admin_init','home_init','send_mobile_verification_code','body_start','before_head_end','footer_start','before_footer','before_footer_end','before_body_end','left_sidebar_start','before_left_sidebar_end','right_sidebar_start','before_right_sidebar_end','comment','guestbook','switch_theme','after_content','before_content','log_write_done','switch_admin_theme','captcha_image') ORDER BY `list_order` ASC [ RunTime:0.000413s ]
[2024-11-14T09:02:37+08:00][sql] CONNECT:[ UseTime:0.000362s ] mysql:host=43.241.16.146;port=3306;dbname=zhibo;charset=utf8mb4
[2024-11-14T09:02:37+08:00][sql] SHOW FULL COLUMNS FROM `cmf_hook` [ RunTime:0.000671s ]
[2024-11-14T09:02:37+08:00][sql] SELECT `hook`,`id` FROM `cmf_hook` WHERE  (  (  `app` = '' OR `app` = 'cmf' )  AND `type` = 3 ) OR `type` = 1 [ RunTime:0.000416s ]
[2024-11-14T09:02:37+08:00][sql] SHOW FULL COLUMNS FROM `cmf_hook_plugin` [ RunTime:0.000451s ]
[2024-11-14T09:02:37+08:00][sql] SELECT `hook`,`plugin` FROM `cmf_hook_plugin` WHERE  `status` = 1  AND `hook` IN ('app_begin','module_init','action_begin','view_filter','app_end','log_write','response_end','admin_init','home_init','send_mobile_verification_code','body_start','before_head_end','footer_start','before_footer','before_footer_end','before_body_end','left_sidebar_start','before_left_sidebar_end','right_sidebar_start','before_right_sidebar_end','comment','guestbook','switch_theme','after_content','before_content','log_write_done','switch_admin_theme','captcha_image') ORDER BY `list_order` ASC [ RunTime:0.000428s ]
[2024-11-14T09:02:48+08:00][sql] CONNECT:[ UseTime:0.000307s ] mysql:host=43.241.16.146;port=3306;dbname=zhibo;charset=utf8mb4
[2024-11-14T09:02:48+08:00][sql] SHOW FULL COLUMNS FROM `cmf_hook` [ RunTime:0.000493s ]
[2024-11-14T09:02:48+08:00][sql] SELECT `hook`,`id` FROM `cmf_hook` WHERE  (  (  `app` = '' OR `app` = 'cmf' )  AND `type` = 3 ) OR `type` = 1 [ RunTime:0.000343s ]
[2024-11-14T09:02:48+08:00][sql] SHOW FULL COLUMNS FROM `cmf_hook_plugin` [ RunTime:0.000440s ]
[2024-11-14T09:02:48+08:00][sql] SELECT `hook`,`plugin` FROM `cmf_hook_plugin` WHERE  `status` = 1  AND `hook` IN ('app_begin','module_init','action_begin','view_filter','app_end','log_write','response_end','admin_init','home_init','send_mobile_verification_code','body_start','before_head_end','footer_start','before_footer','before_footer_end','before_body_end','left_sidebar_start','before_left_sidebar_end','right_sidebar_start','before_right_sidebar_end','comment','guestbook','switch_theme','after_content','before_content','log_write_done','switch_admin_theme','captcha_image') ORDER BY `list_order` ASC [ RunTime:0.000394s ]
[2024-11-14T09:02:48+08:00][sql] SHOW FULL COLUMNS FROM `cmf_user` [ RunTime:0.000672s ]
[2024-11-14T09:02:48+08:00][sql] SELECT * FROM `cmf_user` WHERE  `user_login` = 'admin' LIMIT 1 [ RunTime:0.000474s ]
[2024-11-14T09:02:48+08:00][sql] SHOW FULL COLUMNS FROM `cmf_role_user` [ RunTime:0.000442s ]
[2024-11-14T09:02:48+08:00][sql] SELECT `role_id` FROM `cmf_role_user` `a` INNER JOIN `cmf_role` `b` ON `a`.`role_id`=`b`.`id` WHERE  `user_id` = 1  AND `status` = '1' LIMIT 1 [ RunTime:0.000317s ]
[2024-11-14T09:02:48+08:00][sql] SHOW FULL COLUMNS FROM `cmf_user_token` [ RunTime:0.000437s ]
[2024-11-14T09:02:48+08:00][sql] SELECT * FROM `cmf_user_token` WHERE  `user_id` = 1  AND `device_type` = 'web' LIMIT 1 [ RunTime:0.000271s ]
[2024-11-14T09:02:48+08:00][sql] UPDATE `cmf_user`  SET `last_login_ip` = '223.88.94.156' , `last_login_time` = 1731546168  WHERE  `id` = 1 [ RunTime:0.015643s ]
[2024-11-14T09:02:50+08:00][sql] CONNECT:[ UseTime:0.000289s ] mysql:host=43.241.16.146;port=3306;dbname=zhibo;charset=utf8mb4
[2024-11-14T09:02:50+08:00][sql] SHOW FULL COLUMNS FROM `cmf_hook` [ RunTime:0.000484s ]
[2024-11-14T09:02:50+08:00][sql] SELECT `hook`,`id` FROM `cmf_hook` WHERE  (  (  `app` = '' OR `app` = 'cmf' )  AND `type` = 3 ) OR `type` = 1 [ RunTime:0.000344s ]
[2024-11-14T09:02:50+08:00][sql] SHOW FULL COLUMNS FROM `cmf_hook_plugin` [ RunTime:0.000427s ]
[2024-11-14T09:02:50+08:00][sql] SELECT `hook`,`plugin` FROM `cmf_hook_plugin` WHERE  `status` = 1  AND `hook` IN ('app_begin','module_init','action_begin','view_filter','app_end','log_write','response_end','admin_init','home_init','send_mobile_verification_code','body_start','before_head_end','footer_start','before_footer','before_footer_end','before_body_end','left_sidebar_start','before_left_sidebar_end','right_sidebar_start','before_right_sidebar_end','comment','guestbook','switch_theme','after_content','before_content','log_write_done','switch_admin_theme','captcha_image') ORDER BY `list_order` ASC [ RunTime:0.000403s ]
[2024-11-14T09:02:50+08:00][sql] SHOW FULL COLUMNS FROM `cmf_user` [ RunTime:0.000673s ]
[2024-11-14T09:02:50+08:00][sql] SELECT * FROM `cmf_user` WHERE  `id` = 1 LIMIT 1 [ RunTime:0.000426s ]
[2024-11-14T09:02:50+08:00][sql] SHOW FULL COLUMNS FROM `cmf_admin_menu` [ RunTime:0.000494s ]
[2024-11-14T09:02:50+08:00][sql] SELECT * FROM `cmf_admin_menu` ORDER BY `app` ASC,`controller` ASC,`action` ASC [ RunTime:0.002329s ]
[2024-11-14T09:02:50+08:00][sql] CONNECT:[ UseTime:0.000290s ] mysql:host=43.241.16.146;port=3306;dbname=zhibo;charset=utf8mb4
[2024-11-14T09:02:50+08:00][sql] SHOW FULL COLUMNS FROM `cmf_hook` [ RunTime:0.000503s ]
[2024-11-14T09:02:50+08:00][sql] SELECT `hook`,`id` FROM `cmf_hook` WHERE  (  (  `app` = '' OR `app` = 'cmf' )  AND `type` = 3 ) OR `type` = 1 [ RunTime:0.000332s ]
[2024-11-14T09:02:50+08:00][sql] SHOW FULL COLUMNS FROM `cmf_hook_plugin` [ RunTime:0.000432s ]
[2024-11-14T09:02:50+08:00][sql] SELECT `hook`,`plugin` FROM `cmf_hook_plugin` WHERE  `status` = 1  AND `hook` IN ('app_begin','module_init','action_begin','view_filter','app_end','log_write','response_end','admin_init','home_init','send_mobile_verification_code','body_start','before_head_end','footer_start','before_footer','before_footer_end','before_body_end','left_sidebar_start','before_left_sidebar_end','right_sidebar_start','before_right_sidebar_end','comment','guestbook','switch_theme','after_content','before_content','log_write_done','switch_admin_theme','captcha_image') ORDER BY `list_order` ASC [ RunTime:0.000394s ]
[2024-11-14T09:02:50+08:00][sql] SHOW FULL COLUMNS FROM `cmf_user` [ RunTime:0.000666s ]
[2024-11-14T09:02:50+08:00][sql] SELECT * FROM `cmf_user` WHERE  `id` = 1 LIMIT 1 [ RunTime:0.000422s ]
[2024-11-14T09:02:50+08:00][sql] SELECT COUNT(*) AS think_count FROM `cmf_user` WHERE  ( user_type=2 ) LIMIT 1 [ RunTime:0.000254s ]
[2024-11-14T09:02:50+08:00][sql] SELECT count(id) as nums,source FROM `cmf_user` WHERE  ( user_type=2 ) GROUP BY `source` [ RunTime:0.000457s ]
[2024-11-14T09:02:50+08:00][sql] SELECT count(id) as nums,login_type FROM `cmf_user` WHERE  ( user_type=2 ) GROUP BY `login_type` ORDER BY `nums` DESC [ RunTime:0.000302s ]
[2024-11-14T09:02:50+08:00][sql] SELECT COUNT(*) AS think_count FROM `cmf_user` WHERE  ( user_type=2 ) LIMIT 1 [ RunTime:0.000365s ]
[2024-11-14T09:02:50+08:00][sql] SHOW FULL COLUMNS FROM `cmf_live` [ RunTime:0.000609s ]
[2024-11-14T09:02:50+08:00][sql] SELECT COUNT(*) AS think_count FROM `cmf_live` WHERE  ( islive=1 ) LIMIT 1 [ RunTime:0.000256s ]
[2024-11-14T09:02:50+08:00][sql] select sum(endtime - starttime) as times from cmf_live_record [ RunTime:0.000200s ]
[2024-11-14T09:02:50+08:00][sql] SHOW FULL COLUMNS FROM `cmf_live_record` [ RunTime:0.000528s ]
[2024-11-14T09:02:50+08:00][sql] SELECT COUNT(*) AS think_count FROM ( SELECT count(*) AS think_count FROM `cmf_live_record` WHERE  ( starttime >= 1731513600 and starttime<1731600000 ) GROUP BY `uid` ) `_group_count_` LIMIT 1 [ RunTime:0.000306s ]
[2024-11-14T09:02:50+08:00][sql] SELECT COUNT(*) AS think_count FROM `cmf_live_record` WHERE  ( starttime >= 1731513600 and starttime<1731600000 ) LIMIT 1 [ RunTime:0.000208s ]
[2024-11-14T09:02:50+08:00][sql] select sum(endtime - starttime) as times from cmf_live_record where starttime >= 1731513600 and starttime<1731600000 [ RunTime:0.000204s ]
[2024-11-14T09:02:50+08:00][sql] SELECT `id`,`user_nickname`,`avatar`,`avatar_thumb`,`votestotal` FROM `cmf_user` WHERE  ( user_type=2 ) ORDER BY `votestotal` DESC LIMIT 0,3 [ RunTime:0.000257s ]
[2024-11-14T09:02:50+08:00][sql] SELECT `id`,`user_nickname`,`avatar`,`avatar_thumb`,`consumption` FROM `cmf_user` WHERE  ( user_type=2 ) ORDER BY `consumption` DESC LIMIT 0,3 [ RunTime:0.000249s ]
[2024-11-14T09:02:50+08:00][sql] SHOW FULL COLUMNS FROM `cmf_charge_user` [ RunTime:0.000497s ]
[2024-11-14T09:02:50+08:00][sql] SELECT SUM(`money`) AS think_sum FROM `cmf_charge_user` WHERE  ( status=1 ) LIMIT 1 [ RunTime:0.000225s ]
[2024-11-14T09:02:50+08:00][sql] SELECT SUM(`money`) AS think_sum FROM `cmf_charge_user` WHERE  ( status=1 and addtime>=1731513600 and addtime<1731600000 ) LIMIT 1 [ RunTime:0.000212s ]
[2024-11-14T09:02:50+08:00][sql] SELECT SUM(`money`) AS think_sum FROM `cmf_charge_user` WHERE  ( status=1 and type=1 and addtime>=1731513600 and addtime<1731600000 ) LIMIT 1 [ RunTime:0.000221s ]
[2024-11-14T09:02:50+08:00][sql] SELECT SUM(`money`) AS think_sum FROM `cmf_charge_user` WHERE  ( status=1 and type=2 and addtime>=1731513600 and addtime<1731600000 ) LIMIT 1 [ RunTime:0.000207s ]
[2024-11-14T09:02:50+08:00][sql] SELECT SUM(`money`) AS think_sum FROM `cmf_charge_user` WHERE  ( status=1 and type=3 and addtime>=1731513600 and addtime<1731600000 ) LIMIT 1 [ RunTime:0.000204s ]
[2024-11-14T09:02:50+08:00][sql] SHOW FULL COLUMNS FROM `cmf_cash_record` [ RunTime:0.000463s ]
[2024-11-14T09:02:50+08:00][sql] SELECT SUM(`money`) AS think_sum FROM `cmf_cash_record` WHERE  ( status=0 and addtime>=1731513600 and addtime<1731600000 ) LIMIT 1 [ RunTime:0.000229s ]
[2024-11-14T09:02:50+08:00][sql] SELECT SUM(`money`) AS think_sum FROM `cmf_cash_record` WHERE  ( status=1 and addtime>=1731513600 and addtime<1731600000 ) LIMIT 1 [ RunTime:0.000206s ]
[2024-11-14T09:02:50+08:00][sql] SELECT COUNT(*) AS think_count FROM ( SELECT count(*) AS think_count FROM `cmf_cash_record` WHERE  ( addtime>=1731513600 and addtime<1731600000 ) GROUP BY `uid` ) `_group_count_` LIMIT 1 [ RunTime:0.000267s ]
[2024-11-14T09:02:50+08:00][sql] SELECT SUM(`money`) AS think_sum FROM `cmf_cash_record` WHERE  ( status=1 ) LIMIT 1 [ RunTime:0.000202s ]
[2024-11-14T09:02:50+08:00][sql] SHOW FULL COLUMNS FROM `cmf_shop_apply` [ RunTime:0.000565s ]
[2024-11-14T09:02:50+08:00][sql] SELECT COUNT(*) AS think_count FROM `cmf_shop_apply` WHERE  ( status=0 ) LIMIT 1 [ RunTime:0.000230s ]
[2024-11-14T09:02:50+08:00][sql] SHOW FULL COLUMNS FROM `cmf_shop_goods` [ RunTime:0.000552s ]
[2024-11-14T09:02:50+08:00][sql] SELECT COUNT(*) AS think_count FROM `cmf_shop_goods` WHERE  ( status=0 ) LIMIT 1 [ RunTime:0.000231s ]
[2024-11-14T09:02:50+08:00][sql] SHOW FULL COLUMNS FROM `cmf_shop_order_refund` [ RunTime:0.000522s ]
[2024-11-14T09:02:50+08:00][sql] SELECT COUNT(*) AS think_count FROM `cmf_shop_order_refund` WHERE  ( is_platform_interpose=1 and platform_result=0 ) LIMIT 1 [ RunTime:0.000244s ]
[2024-11-14T09:02:50+08:00][sql] SHOW FULL COLUMNS FROM `cmf_paidprogram` [ RunTime:0.000464s ]
[2024-11-14T09:02:50+08:00][sql] SELECT COUNT(*) AS think_count FROM `cmf_paidprogram` WHERE  ( status=0 ) LIMIT 1 [ RunTime:0.000228s ]
[2024-11-14T09:02:50+08:00][sql] SHOW FULL COLUMNS FROM `cmf_paidprogram_apply` [ RunTime:0.000408s ]
[2024-11-14T09:02:50+08:00][sql] SELECT COUNT(*) AS think_count FROM `cmf_paidprogram_apply` WHERE  ( status=0 ) LIMIT 1 [ RunTime:0.000218s ]
[2024-11-14T09:02:50+08:00][sql] SHOW FULL COLUMNS FROM `cmf_report` [ RunTime:0.000432s ]
[2024-11-14T09:02:50+08:00][sql] SELECT COUNT(*) AS think_count FROM `cmf_report` WHERE  ( status=0 ) LIMIT 1 [ RunTime:0.000213s ]
[2024-11-14T09:02:50+08:00][sql] SHOW FULL COLUMNS FROM `cmf_dynamic` [ RunTime:0.000512s ]
[2024-11-14T09:02:50+08:00][sql] SELECT COUNT(*) AS think_count FROM `cmf_dynamic` WHERE  ( isdel=0 and status=0 ) LIMIT 1 [ RunTime:0.000240s ]
[2024-11-14T09:02:50+08:00][sql] SHOW FULL COLUMNS FROM `cmf_dynamic_report` [ RunTime:0.000422s ]
[2024-11-14T09:02:50+08:00][sql] SELECT COUNT(*) AS think_count FROM `cmf_dynamic_report` WHERE  ( status=0 ) LIMIT 1 [ RunTime:0.000220s ]
[2024-11-14T09:02:50+08:00][sql] SHOW FULL COLUMNS FROM `cmf_video` [ RunTime:0.000520s ]
[2024-11-14T09:02:50+08:00][sql] SELECT COUNT(*) AS think_count FROM `cmf_video` WHERE  ( isdel=0 and status=0 ) LIMIT 1 [ RunTime:0.000236s ]
[2024-11-14T09:02:50+08:00][sql] SHOW FULL COLUMNS FROM `cmf_video_report` [ RunTime:0.000416s ]
[2024-11-14T09:02:50+08:00][sql] SELECT COUNT(*) AS think_count FROM `cmf_video_report` WHERE  ( status=0 ) LIMIT 1 [ RunTime:0.000213s ]
[2024-11-14T09:02:50+08:00][sql] SHOW FULL COLUMNS FROM `cmf_family` [ RunTime:0.000450s ]
[2024-11-14T09:02:50+08:00][sql] SELECT COUNT(*) AS think_count FROM `cmf_family` WHERE  ( state=0 ) LIMIT 1 [ RunTime:0.000220s ]
[2024-11-14T09:02:50+08:00][sql] SHOW FULL COLUMNS FROM `cmf_family_user_divide_apply` [ RunTime:0.000409s ]
[2024-11-14T09:02:50+08:00][sql] SELECT COUNT(*) AS think_count FROM `cmf_family_user_divide_apply` WHERE  ( status=0 ) LIMIT 1 [ RunTime:0.000215s ]
[2024-11-14T09:02:50+08:00][sql] SHOW FULL COLUMNS FROM `cmf_user_auth` [ RunTime:0.000433s ]
[2024-11-14T09:02:50+08:00][sql] SELECT COUNT(*) AS think_count FROM `cmf_user_auth` WHERE  ( status=0 ) LIMIT 1 [ RunTime:0.000217s ]
[2024-11-14T09:03:37+08:00][sql] CONNECT:[ UseTime:0.000399s ] mysql:host=43.241.16.146;port=3306;dbname=zhibo;charset=utf8mb4
[2024-11-14T09:03:37+08:00][sql] SHOW FULL COLUMNS FROM `cmf_hook` [ RunTime:0.000644s ]
[2024-11-14T09:03:37+08:00][sql] SELECT `hook`,`id` FROM `cmf_hook` WHERE  (  (  `app` = '' OR `app` = 'cmf' )  AND `type` = 3 ) OR `type` = 1 [ RunTime:0.000403s ]
[2024-11-14T09:03:37+08:00][sql] SHOW FULL COLUMNS FROM `cmf_hook_plugin` [ RunTime:0.000436s ]
[2024-11-14T09:03:37+08:00][sql] SELECT `hook`,`plugin` FROM `cmf_hook_plugin` WHERE  `status` = 1  AND `hook` IN ('app_begin','module_init','action_begin','view_filter','app_end','log_write','response_end','admin_init','home_init','send_mobile_verification_code','body_start','before_head_end','footer_start','before_footer','before_footer_end','before_body_end','left_sidebar_start','before_left_sidebar_end','right_sidebar_start','before_right_sidebar_end','comment','guestbook','switch_theme','after_content','before_content','log_write_done','switch_admin_theme','captcha_image') ORDER BY `list_order` ASC [ RunTime:0.000422s ]
[2024-11-14T09:03:37+08:00][sql] CONNECT:[ UseTime:0.000301s ] mysql:host=43.241.16.146;port=3306;dbname=zhibo;charset=utf8mb4
[2024-11-14T09:03:37+08:00][sql] SHOW FULL COLUMNS FROM `cmf_hook` [ RunTime:0.000523s ]
[2024-11-14T09:03:37+08:00][sql] SELECT `hook`,`id` FROM `cmf_hook` WHERE  (  (  `app` = '' OR `app` = 'cmf' )  AND `type` = 3 ) OR `type` = 1 [ RunTime:0.000335s ]
[2024-11-14T09:03:37+08:00][sql] SHOW FULL COLUMNS FROM `cmf_hook_plugin` [ RunTime:0.000437s ]
[2024-11-14T09:03:37+08:00][sql] SELECT `hook`,`plugin` FROM `cmf_hook_plugin` WHERE  `status` = 1  AND `hook` IN ('app_begin','module_init','action_begin','view_filter','app_end','log_write','response_end','admin_init','home_init','send_mobile_verification_code','body_start','before_head_end','footer_start','before_footer','before_footer_end','before_body_end','left_sidebar_start','before_left_sidebar_end','right_sidebar_start','before_right_sidebar_end','comment','guestbook','switch_theme','after_content','before_content','log_write_done','switch_admin_theme','captcha_image') ORDER BY `list_order` ASC [ RunTime:0.000411s ]
[2024-11-14T09:03:37+08:00][sql] SHOW FULL COLUMNS FROM `cmf_plugin` [ RunTime:0.000500s ]
[2024-11-14T09:03:37+08:00][sql] SELECT `config` FROM `cmf_plugin` WHERE  `name` = 'Qiniu' LIMIT 1 [ RunTime:0.000256s ]
[2024-11-14T09:03:37+08:00][sql] SHOW FULL COLUMNS FROM `cmf_live` [ RunTime:0.000589s ]
[2024-11-14T09:03:37+08:00][sql] SELECT * FROM `cmf_live` WHERE  ( islive='1' and isrecommend='1' and type='0' and live_type=0 ) [ RunTime:0.000421s ]
[2024-11-14T09:03:37+08:00][sql] SHOW FULL COLUMNS FROM `cmf_slide_item` [ RunTime:0.000473s ]
[2024-11-14T09:03:37+08:00][sql] SELECT * FROM `cmf_slide_item` WHERE  ( status='1' and slide_id='1' ) ORDER BY `list_order` ASC [ RunTime:0.000311s ]
[2024-11-14T09:03:37+08:00][sql] SHOW FULL COLUMNS FROM `cmf_live_class` [ RunTime:0.000441s ]
[2024-11-14T09:03:37+08:00][sql] SELECT * FROM `cmf_live_class` ORDER BY `list_order` LIMIT 5 [ RunTime:0.000259s ]
[2024-11-14T09:03:37+08:00][sql] SELECT * FROM `cmf_live` WHERE  `islive` = 1  AND `live_type` = 0  AND `liveclassid` = 8 ORDER BY `recommend_time` DESC,`starttime` DESC LIMIT 5 [ RunTime:0.000410s ]
[2024-11-14T09:03:37+08:00][sql] SELECT `uid`,`thumb`,`stream`,`title`,`city`,`islive`,`type` FROM `cmf_live` WHERE  ( islive='1' and ishot='1' and live_type=0 ) ORDER BY `isrecommend` DESC,`recommend_time` DESC,`hotvotes` DESC,`starttime` DESC LIMIT 5 [ RunTime:0.000319s ]
[2024-11-14T09:03:37+08:00][sql] SELECT `uid`,`thumb`,`stream`,`title`,`city`,`islive`,`type` FROM `cmf_live` WHERE  ( islive='1' and live_type=0 ) ORDER BY `starttime` DESC LIMIT 5 [ RunTime:0.000260s ]
[2024-11-14T09:03:37+08:00][sql] SHOW FULL COLUMNS FROM `cmf_theme_file` [ RunTime:0.000482s ]
[2024-11-14T09:03:37+08:00][sql] SELECT `more` FROM `cmf_theme_file` WHERE  `theme` = 'default'  AND (  `is_public` = 1 OR `file` = '../home/index/index' ) [ RunTime:0.000280s ]
[2024-11-14T09:05:35+08:00][sql] CONNECT:[ UseTime:0.000315s ] mysql:host=43.241.16.146;port=3306;dbname=zhibo;charset=utf8mb4
[2024-11-14T09:05:35+08:00][sql] SHOW FULL COLUMNS FROM `cmf_hook` [ RunTime:0.000579s ]
[2024-11-14T09:05:35+08:00][sql] SELECT `hook`,`id` FROM `cmf_hook` WHERE  (  (  `app` = '' OR `app` = 'cmf' )  AND `type` = 3 ) OR `type` = 1 [ RunTime:0.000355s ]
[2024-11-14T09:05:35+08:00][sql] SHOW FULL COLUMNS FROM `cmf_hook_plugin` [ RunTime:0.000449s ]
[2024-11-14T09:05:35+08:00][sql] SELECT `hook`,`plugin` FROM `cmf_hook_plugin` WHERE  `status` = 1  AND `hook` IN ('app_begin','module_init','action_begin','view_filter','app_end','log_write','response_end','admin_init','home_init','send_mobile_verification_code','body_start','before_head_end','footer_start','before_footer','before_footer_end','before_body_end','left_sidebar_start','before_left_sidebar_end','right_sidebar_start','before_right_sidebar_end','comment','guestbook','switch_theme','after_content','before_content','log_write_done','switch_admin_theme','captcha_image') ORDER BY `list_order` ASC [ RunTime:0.000427s ]
[2024-11-14T09:05:35+08:00][sql] SHOW FULL COLUMNS FROM `cmf_user` [ RunTime:0.000671s ]
[2024-11-14T09:05:35+08:00][sql] SELECT * FROM `cmf_user` WHERE  `id` = 1 LIMIT 1 [ RunTime:0.000432s ]
[2024-11-14T09:05:35+08:00][sql] SHOW FULL COLUMNS FROM `cmf_live` [ RunTime:0.000595s ]
[2024-11-14T09:05:35+08:00][sql] SELECT COUNT(*) AS think_count FROM `cmf_live` WHERE  `islive` = 1 LIMIT 1 [ RunTime:0.000277s ]
[2024-11-14T09:05:35+08:00][sql] SHOW FULL COLUMNS FROM `cmf_live_class` [ RunTime:0.000488s ]
[2024-11-14T09:05:35+08:00][sql] SELECT `id`,`name` FROM `cmf_live_class` ORDER BY `list_order` ASC,`id` DESC [ RunTime:0.000294s ]
[2024-11-14T09:05:37+08:00][sql] CONNECT:[ UseTime:0.000300s ] mysql:host=43.241.16.146;port=3306;dbname=zhibo;charset=utf8mb4
[2024-11-14T09:05:37+08:00][sql] SHOW FULL COLUMNS FROM `cmf_hook` [ RunTime:0.000511s ]
[2024-11-14T09:05:37+08:00][sql] SELECT `hook`,`id` FROM `cmf_hook` WHERE  (  (  `app` = '' OR `app` = 'cmf' )  AND `type` = 3 ) OR `type` = 1 [ RunTime:0.000340s ]
[2024-11-14T09:05:37+08:00][sql] SHOW FULL COLUMNS FROM `cmf_hook_plugin` [ RunTime:0.000449s ]
[2024-11-14T09:05:37+08:00][sql] SELECT `hook`,`plugin` FROM `cmf_hook_plugin` WHERE  `status` = 1  AND `hook` IN ('app_begin','module_init','action_begin','view_filter','app_end','log_write','response_end','admin_init','home_init','send_mobile_verification_code','body_start','before_head_end','footer_start','before_footer','before_footer_end','before_body_end','left_sidebar_start','before_left_sidebar_end','right_sidebar_start','before_right_sidebar_end','comment','guestbook','switch_theme','after_content','before_content','log_write_done','switch_admin_theme','captcha_image') ORDER BY `list_order` ASC [ RunTime:0.000414s ]
[2024-11-14T09:05:37+08:00][sql] SHOW FULL COLUMNS FROM `cmf_user` [ RunTime:0.000670s ]
[2024-11-14T09:05:37+08:00][sql] SELECT * FROM `cmf_user` WHERE  `id` = 1 LIMIT 1 [ RunTime:0.000428s ]
[2024-11-14T09:05:37+08:00][sql] SHOW FULL COLUMNS FROM `cmf_live_class` [ RunTime:0.000462s ]
[2024-11-14T09:05:37+08:00][sql] SELECT `id`,`name` FROM `cmf_live_class` ORDER BY `list_order` ASC,`id` DESC [ RunTime:0.000254s ]
[2024-11-14T09:05:54+08:00][sql] CONNECT:[ UseTime:0.000315s ] mysql:host=43.241.16.146;port=3306;dbname=zhibo;charset=utf8mb4
[2024-11-14T09:05:54+08:00][sql] SHOW FULL COLUMNS FROM `cmf_hook` [ RunTime:0.000542s ]
[2024-11-14T09:05:54+08:00][sql] SELECT `hook`,`id` FROM `cmf_hook` WHERE  (  (  `app` = '' OR `app` = 'cmf' )  AND `type` = 3 ) OR `type` = 1 [ RunTime:0.000351s ]
[2024-11-14T09:05:54+08:00][sql] SHOW FULL COLUMNS FROM `cmf_hook_plugin` [ RunTime:0.000442s ]
[2024-11-14T09:05:54+08:00][sql] SELECT `hook`,`plugin` FROM `cmf_hook_plugin` WHERE  `status` = 1  AND `hook` IN ('app_begin','module_init','action_begin','view_filter','app_end','log_write','response_end','admin_init','home_init','send_mobile_verification_code','body_start','before_head_end','footer_start','before_footer','before_footer_end','before_body_end','left_sidebar_start','before_left_sidebar_end','right_sidebar_start','before_right_sidebar_end','comment','guestbook','switch_theme','after_content','before_content','log_write_done','switch_admin_theme','captcha_image') ORDER BY `list_order` ASC [ RunTime:0.000414s ]
[2024-11-14T09:05:54+08:00][sql] SHOW FULL COLUMNS FROM `cmf_user` [ RunTime:0.000675s ]
[2024-11-14T09:05:54+08:00][sql] SELECT * FROM `cmf_user` WHERE  `id` = 1 LIMIT 1 [ RunTime:0.000436s ]
[2024-11-14T09:05:54+08:00][sql] SELECT COUNT(*) AS think_count FROM `cmf_user` WHERE  `user_type` = 2 LIMIT 1 [ RunTime:0.000266s ]
[2024-11-14T09:05:54+08:00][sql] SELECT COUNT(*) AS think_count FROM `cmf_user` WHERE  `user_type` = 2 LIMIT 1 [ RunTime:0.000233s ]
[2024-11-14T09:05:54+08:00][sql] SELECT * FROM `cmf_user` WHERE  `user_type` = 2 ORDER BY `id` DESC LIMIT 0,20 [ RunTime:0.000403s ]
[2024-11-14T09:05:54+08:00][sql] SHOW FULL COLUMNS FROM `cmf_agent_code` [ RunTime:0.000466s ]
[2024-11-14T09:05:54+08:00][sql] SELECT `code` FROM `cmf_agent_code` WHERE  ( uid = 4 ) LIMIT 1 [ RunTime:0.000223s ]
[2024-11-14T09:05:54+08:00][sql] SHOW FULL COLUMNS FROM `cmf_live_ban` [ RunTime:0.000455s ]
[2024-11-14T09:05:54+08:00][sql] SELECT `addtime`,`type`,`endtime` FROM `cmf_live_ban` WHERE  `liveuid` = 4 LIMIT 1 [ RunTime:0.000235s ]
[2024-11-14T09:05:54+08:00][sql] SELECT `code` FROM `cmf_agent_code` WHERE  ( uid = 3 ) LIMIT 1 [ RunTime:0.000218s ]
[2024-11-14T09:05:54+08:00][sql] SELECT `addtime`,`type`,`endtime` FROM `cmf_live_ban` WHERE  `liveuid` = 3 LIMIT 1 [ RunTime:0.000220s ]
[2024-11-14T09:05:54+08:00][sql] SELECT `code` FROM `cmf_agent_code` WHERE  ( uid = 2 ) LIMIT 1 [ RunTime:0.000210s ]
[2024-11-14T09:05:54+08:00][sql] SELECT `addtime`,`type`,`endtime` FROM `cmf_live_ban` WHERE  `liveuid` = 2 LIMIT 1 [ RunTime:0.000213s ]
[2024-11-14T09:06:02+08:00][sql] CONNECT:[ UseTime:0.000305s ] mysql:host=43.241.16.146;port=3306;dbname=zhibo;charset=utf8mb4
[2024-11-14T09:06:02+08:00][sql] SHOW FULL COLUMNS FROM `cmf_hook` [ RunTime:0.000521s ]
[2024-11-14T09:06:02+08:00][sql] SELECT `hook`,`id` FROM `cmf_hook` WHERE  (  (  `app` = '' OR `app` = 'cmf' )  AND `type` = 3 ) OR `type` = 1 [ RunTime:0.000347s ]
[2024-11-14T09:06:02+08:00][sql] SHOW FULL COLUMNS FROM `cmf_hook_plugin` [ RunTime:0.000433s ]
[2024-11-14T09:06:02+08:00][sql] SELECT `hook`,`plugin` FROM `cmf_hook_plugin` WHERE  `status` = 1  AND `hook` IN ('app_begin','module_init','action_begin','view_filter','app_end','log_write','response_end','admin_init','home_init','send_mobile_verification_code','body_start','before_head_end','footer_start','before_footer','before_footer_end','before_body_end','left_sidebar_start','before_left_sidebar_end','right_sidebar_start','before_right_sidebar_end','comment','guestbook','switch_theme','after_content','before_content','log_write_done','switch_admin_theme','captcha_image') ORDER BY `list_order` ASC [ RunTime:0.000412s ]
[2024-11-14T09:06:02+08:00][sql] CONNECT:[ UseTime:0.000284s ] mysql:host=43.241.16.146;port=3306;dbname=zhibo;charset=utf8mb4
[2024-11-14T09:06:02+08:00][sql] SHOW FULL COLUMNS FROM `cmf_hook` [ RunTime:0.000482s ]
[2024-11-14T09:06:02+08:00][sql] SELECT `hook`,`id` FROM `cmf_hook` WHERE  (  (  `app` = '' OR `app` = 'cmf' )  AND `type` = 3 ) OR `type` = 1 [ RunTime:0.000333s ]
[2024-11-14T09:06:02+08:00][sql] SHOW FULL COLUMNS FROM `cmf_hook_plugin` [ RunTime:0.000449s ]
[2024-11-14T09:06:02+08:00][sql] SELECT `hook`,`plugin` FROM `cmf_hook_plugin` WHERE  `status` = 1  AND `hook` IN ('app_begin','module_init','action_begin','view_filter','app_end','log_write','response_end','admin_init','home_init','send_mobile_verification_code','body_start','before_head_end','footer_start','before_footer','before_footer_end','before_body_end','left_sidebar_start','before_left_sidebar_end','right_sidebar_start','before_right_sidebar_end','comment','guestbook','switch_theme','after_content','before_content','log_write_done','switch_admin_theme','captcha_image') ORDER BY `list_order` ASC [ RunTime:0.000405s ]
[2024-11-14T09:06:18+08:00][sql] CONNECT:[ UseTime:0.000391s ] mysql:host=43.241.16.146;port=3306;dbname=zhibo;charset=utf8mb4
[2024-11-14T09:06:18+08:00][sql] SHOW FULL COLUMNS FROM `cmf_hook` [ RunTime:0.000643s ]
[2024-11-14T09:06:18+08:00][sql] SELECT `hook`,`id` FROM `cmf_hook` WHERE  (  (  `app` = '' OR `app` = 'cmf' )  AND `type` = 3 ) OR `type` = 1 [ RunTime:0.000406s ]
[2024-11-14T09:06:18+08:00][sql] SHOW FULL COLUMNS FROM `cmf_hook_plugin` [ RunTime:0.000438s ]
[2024-11-14T09:06:18+08:00][sql] SELECT `hook`,`plugin` FROM `cmf_hook_plugin` WHERE  `status` = 1  AND `hook` IN ('app_begin','module_init','action_begin','view_filter','app_end','log_write','response_end','admin_init','home_init','send_mobile_verification_code','body_start','before_head_end','footer_start','before_footer','before_footer_end','before_body_end','left_sidebar_start','before_left_sidebar_end','right_sidebar_start','before_right_sidebar_end','comment','guestbook','switch_theme','after_content','before_content','log_write_done','switch_admin_theme','captcha_image') ORDER BY `list_order` ASC [ RunTime:0.000415s ]
[2024-11-14T09:06:18+08:00][sql] SHOW FULL COLUMNS FROM `cmf_user` [ RunTime:0.000685s ]
[2024-11-14T09:06:18+08:00][sql] SELECT * FROM `cmf_user` WHERE  `id` = 1 LIMIT 1 [ RunTime:0.000436s ]
[2024-11-14T09:06:18+08:00][sql] SHOW FULL COLUMNS FROM `cmf_shop_goods` [ RunTime:0.000627s ]
[2024-11-14T09:06:18+08:00][sql] SELECT `id`,`name`,`issale`,`live_isshow` FROM `cmf_shop_goods` WHERE  `uid` = 4  AND `status` = 1 [ RunTime:0.000312s ]
[2024-11-14T09:14:51+08:00][sql] CONNECT:[ UseTime:0.000400s ] mysql:host=43.241.16.146;port=3306;dbname=zhibo;charset=utf8mb4
[2024-11-14T09:14:51+08:00][sql] SHOW FULL COLUMNS FROM `cmf_hook` [ RunTime:0.000655s ]
[2024-11-14T09:14:51+08:00][sql] SELECT `hook`,`id` FROM `cmf_hook` WHERE  (  (  `app` = '' OR `app` = 'cmf' )  AND `type` = 3 ) OR `type` = 1 [ RunTime:0.000404s ]
[2024-11-14T09:14:51+08:00][sql] SHOW FULL COLUMNS FROM `cmf_hook_plugin` [ RunTime:0.000451s ]
[2024-11-14T09:14:51+08:00][sql] SELECT `hook`,`plugin` FROM `cmf_hook_plugin` WHERE  `status` = 1  AND `hook` IN ('app_begin','module_init','action_begin','view_filter','app_end','log_write','response_end','admin_init','home_init','send_mobile_verification_code','body_start','before_head_end','footer_start','before_footer','before_footer_end','before_body_end','left_sidebar_start','before_left_sidebar_end','right_sidebar_start','before_right_sidebar_end','comment','guestbook','switch_theme','after_content','before_content','log_write_done','switch_admin_theme','captcha_image') ORDER BY `list_order` ASC [ RunTime:0.000416s ]
[2024-11-14T09:14:51+08:00][sql] SHOW FULL COLUMNS FROM `cmf_user` [ RunTime:0.000680s ]
[2024-11-14T09:14:51+08:00][sql] SELECT * FROM `cmf_user` WHERE  `id` = 1 LIMIT 1 [ RunTime:0.000442s ]
[2024-11-14T09:14:51+08:00][sql] SHOW FULL COLUMNS FROM `cmf_option` [ RunTime:0.000447s ]
[2024-11-14T09:14:51+08:00][sql] SELECT `option_value` FROM `cmf_option` WHERE  `option_name` = 'configpri' LIMIT 1 [ RunTime:0.000274s ]
[2024-11-14T11:05:16+08:00][sql] CONNECT:[ UseTime:0.000390s ] mysql:host=43.241.16.146;port=3306;dbname=zhibo;charset=utf8mb4
[2024-11-14T11:05:16+08:00][sql] SHOW FULL COLUMNS FROM `cmf_hook` [ RunTime:0.000648s ]
[2024-11-14T11:05:16+08:00][sql] SELECT `hook`,`id` FROM `cmf_hook` WHERE  (  (  `app` = '' OR `app` = 'cmf' )  AND `type` = 3 ) OR `type` = 1 [ RunTime:0.000397s ]
[2024-11-14T11:05:16+08:00][sql] SHOW FULL COLUMNS FROM `cmf_hook_plugin` [ RunTime:0.000456s ]
[2024-11-14T11:05:16+08:00][sql] SELECT `hook`,`plugin` FROM `cmf_hook_plugin` WHERE  `status` = 1  AND `hook` IN ('app_begin','module_init','action_begin','view_filter','app_end','log_write','response_end','admin_init','home_init','send_mobile_verification_code','body_start','before_head_end','footer_start','before_footer','before_footer_end','before_body_end','left_sidebar_start','before_left_sidebar_end','right_sidebar_start','before_right_sidebar_end','comment','guestbook','switch_theme','after_content','before_content','log_write_done','switch_admin_theme','captcha_image') ORDER BY `list_order` ASC [ RunTime:0.000429s ]
[2024-11-14T11:05:16+08:00][sql] SHOW FULL COLUMNS FROM `cmf_plugin` [ RunTime:0.000517s ]
[2024-11-14T11:05:16+08:00][sql] SELECT `config` FROM `cmf_plugin` WHERE  `name` = 'Qiniu' LIMIT 1 [ RunTime:0.000263s ]
[2024-11-14T11:05:16+08:00][sql] SHOW FULL COLUMNS FROM `cmf_user` [ RunTime:0.000657s ]
[2024-11-14T11:05:16+08:00][sql] SELECT `id`,`user_login`,`user_nickname`,`avatar`,`avatar_thumb`,`sex`,`signature`,`consumption`,`votestotal`,`province`,`city`,`coin`,`votes`,`birthday`,`issuper` FROM `cmf_user` WHERE  `id` = 2 LIMIT 1 [ RunTime:0.000334s ]
[2024-11-14T11:05:16+08:00][sql] SHOW FULL COLUMNS FROM `cmf_vip_user` [ RunTime:0.000428s ]
[2024-11-14T11:05:16+08:00][sql] SELECT * FROM `cmf_vip_user` WHERE  `uid` = 2 LIMIT 1 [ RunTime:0.000240s ]
[2024-11-14T11:05:16+08:00][sql] SHOW FULL COLUMNS FROM `cmf_liang` [ RunTime:0.000457s ]
[2024-11-14T11:05:16+08:00][sql] SELECT * FROM `cmf_liang` WHERE  ( status=1 and state=1 )  AND `uid` = 2 LIMIT 1 [ RunTime:0.000286s ]
[2024-11-14T11:05:16+08:00][sql] SHOW FULL COLUMNS FROM `cmf_user_token` [ RunTime:0.000431s ]
[2024-11-14T11:05:16+08:00][sql] SELECT `token` FROM `cmf_user_token` WHERE  ( user_id=2 ) LIMIT 1 [ RunTime:0.000219s ]
[2024-11-14T11:05:16+08:00][sql] SELECT `id`,`user_login`,`user_nickname`,`avatar`,`avatar_thumb`,`sex`,`signature`,`consumption`,`votestotal`,`province`,`city`,`coin`,`votes`,`birthday`,`issuper` FROM `cmf_user` WHERE  `id` = 2 LIMIT 1 [ RunTime:0.000291s ]
[2024-11-14T11:05:16+08:00][sql] SELECT * FROM `cmf_vip_user` WHERE  `uid` = 2 LIMIT 1 [ RunTime:0.000232s ]
[2024-11-14T11:05:16+08:00][sql] SELECT * FROM `cmf_liang` WHERE  ( status=1 and state=1 )  AND `uid` = 2 LIMIT 1 [ RunTime:0.000267s ]
[2024-11-14T11:05:16+08:00][sql] SELECT `token` FROM `cmf_user_token` WHERE  ( user_id=2 ) LIMIT 1 [ RunTime:0.000200s ]
[2024-11-14T11:05:16+08:00][sql] SHOW FULL COLUMNS FROM `cmf_live` [ RunTime:0.000591s ]
[2024-11-14T11:05:16+08:00][sql] SELECT * FROM `cmf_live` WHERE  ( islive='1' and isrecommend='1' and type='0' and live_type=0 ) [ RunTime:0.000411s ]
[2024-11-14T11:05:16+08:00][sql] SHOW FULL COLUMNS FROM `cmf_slide_item` [ RunTime:0.000472s ]
[2024-11-14T11:05:16+08:00][sql] SELECT * FROM `cmf_slide_item` WHERE  ( status='1' and slide_id='1' ) ORDER BY `list_order` ASC [ RunTime:0.000306s ]
[2024-11-14T11:05:16+08:00][sql] SHOW FULL COLUMNS FROM `cmf_live_class` [ RunTime:0.000449s ]
[2024-11-14T11:05:16+08:00][sql] SELECT * FROM `cmf_live_class` ORDER BY `list_order` LIMIT 5 [ RunTime:0.000263s ]
[2024-11-14T11:05:16+08:00][sql] SELECT * FROM `cmf_live` WHERE  `islive` = 1  AND `live_type` = 0  AND `liveclassid` = 8 ORDER BY `recommend_time` DESC,`starttime` DESC LIMIT 5 [ RunTime:0.000415s ]
[2024-11-14T11:05:16+08:00][sql] SELECT `uid`,`thumb`,`stream`,`title`,`city`,`islive`,`type` FROM `cmf_live` WHERE  ( islive='1' and ishot='1' and live_type=0 ) ORDER BY `isrecommend` DESC,`recommend_time` DESC,`hotvotes` DESC,`starttime` DESC LIMIT 5 [ RunTime:0.000313s ]
[2024-11-14T11:05:16+08:00][sql] SELECT `uid`,`thumb`,`stream`,`title`,`city`,`islive`,`type` FROM `cmf_live` WHERE  ( islive='1' and live_type=0 ) ORDER BY `starttime` DESC LIMIT 5 [ RunTime:0.000264s ]
[2024-11-14T11:05:16+08:00][sql] SHOW FULL COLUMNS FROM `cmf_theme_file` [ RunTime:0.000496s ]
[2024-11-14T11:05:16+08:00][sql] SELECT `more` FROM `cmf_theme_file` WHERE  `theme` = 'default'  AND (  `is_public` = 1 OR `file` = '../home/index/index' ) [ RunTime:0.000284s ]
[2024-11-14T11:05:17+08:00][sql] CONNECT:[ UseTime:0.000305s ] mysql:host=43.241.16.146;port=3306;dbname=zhibo;charset=utf8mb4
[2024-11-14T11:05:17+08:00][sql] SHOW FULL COLUMNS FROM `cmf_hook` [ RunTime:0.000512s ]
[2024-11-14T11:05:17+08:00][sql] SELECT `hook`,`id` FROM `cmf_hook` WHERE  (  (  `app` = '' OR `app` = 'cmf' )  AND `type` = 3 ) OR `type` = 1 [ RunTime:0.000338s ]
[2024-11-14T11:05:17+08:00][sql] SHOW FULL COLUMNS FROM `cmf_hook_plugin` [ RunTime:0.000433s ]
[2024-11-14T11:05:17+08:00][sql] SELECT `hook`,`plugin` FROM `cmf_hook_plugin` WHERE  `status` = 1  AND `hook` IN ('app_begin','module_init','action_begin','view_filter','app_end','log_write','response_end','admin_init','home_init','send_mobile_verification_code','body_start','before_head_end','footer_start','before_footer','before_footer_end','before_body_end','left_sidebar_start','before_left_sidebar_end','right_sidebar_start','before_right_sidebar_end','comment','guestbook','switch_theme','after_content','before_content','log_write_done','switch_admin_theme','captcha_image') ORDER BY `list_order` ASC [ RunTime:0.000416s ]
[2024-11-14T11:05:17+08:00][sql] SHOW FULL COLUMNS FROM `cmf_plugin` [ RunTime:0.000501s ]
[2024-11-14T11:05:17+08:00][sql] SELECT `config` FROM `cmf_plugin` WHERE  `name` = 'Qiniu' LIMIT 1 [ RunTime:0.000246s ]
[2024-11-14T11:05:17+08:00][sql] SHOW FULL COLUMNS FROM `cmf_user` [ RunTime:0.000637s ]
[2024-11-14T11:05:17+08:00][sql] SELECT `id`,`user_login`,`user_nickname`,`avatar`,`avatar_thumb`,`sex`,`signature`,`consumption`,`votestotal`,`province`,`city`,`coin`,`votes`,`birthday`,`issuper` FROM `cmf_user` WHERE  `id` = 2 LIMIT 1 [ RunTime:0.000311s ]
[2024-11-14T11:05:17+08:00][sql] SHOW FULL COLUMNS FROM `cmf_vip_user` [ RunTime:0.000426s ]
[2024-11-14T11:05:17+08:00][sql] SELECT * FROM `cmf_vip_user` WHERE  `uid` = 2 LIMIT 1 [ RunTime:0.000234s ]
[2024-11-14T11:05:17+08:00][sql] SHOW FULL COLUMNS FROM `cmf_liang` [ RunTime:0.000444s ]
[2024-11-14T11:05:17+08:00][sql] SELECT * FROM `cmf_liang` WHERE  ( status=1 and state=1 )  AND `uid` = 2 LIMIT 1 [ RunTime:0.000279s ]
[2024-11-14T11:05:17+08:00][sql] SHOW FULL COLUMNS FROM `cmf_user_token` [ RunTime:0.000413s ]
[2024-11-14T11:05:17+08:00][sql] SELECT `token` FROM `cmf_user_token` WHERE  ( user_id=2 ) LIMIT 1 [ RunTime:0.000218s ]
[2024-11-14T11:05:17+08:00][sql] SELECT `id`,`user_login`,`user_nickname`,`avatar`,`avatar_thumb`,`sex`,`signature`,`consumption`,`votestotal`,`province`,`city`,`coin`,`votes`,`birthday`,`issuper` FROM `cmf_user` WHERE  `id` = 2 LIMIT 1 [ RunTime:0.000282s ]
[2024-11-14T11:05:17+08:00][sql] SELECT * FROM `cmf_vip_user` WHERE  `uid` = 2 LIMIT 1 [ RunTime:0.000233s ]
[2024-11-14T11:05:17+08:00][sql] SELECT * FROM `cmf_liang` WHERE  ( status=1 and state=1 )  AND `uid` = 2 LIMIT 1 [ RunTime:0.000254s ]
[2024-11-14T11:05:17+08:00][sql] SELECT `token` FROM `cmf_user_token` WHERE  ( user_id=2 ) LIMIT 1 [ RunTime:0.000205s ]
[2024-11-14T11:05:17+08:00][sql] SHOW FULL COLUMNS FROM `cmf_slide_item` [ RunTime:0.000461s ]
[2024-11-14T11:05:17+08:00][sql] SELECT * FROM `cmf_slide_item` WHERE  ( status='1' and slide_id='6' ) ORDER BY `list_order` ASC [ RunTime:0.000307s ]
[2024-11-14T11:05:17+08:00][sql] SHOW FULL COLUMNS FROM `cmf_live` [ RunTime:0.000563s ]
[2024-11-14T11:05:17+08:00][sql] SELECT `uid`,`title`,`city`,`stream`,`pull`,`thumb`,`type` FROM `cmf_live` WHERE  `islive` = 1  AND `live_type` = 0  AND `ishot` = 1 ORDER BY `recommend_time` DESC,`starttime` DESC LIMIT 0,20 [ RunTime:0.000338s ]
[2024-11-14T11:05:17+08:00][sql] SHOW FULL COLUMNS FROM `cmf_theme_file` [ RunTime:0.000473s ]
[2024-11-14T11:05:17+08:00][sql] SELECT `more` FROM `cmf_theme_file` WHERE  `theme` = 'default'  AND (  `is_public` = 1 OR `file` = '../wxshare/share/index' ) [ RunTime:0.000283s ]
[2024-11-14T11:05:17+08:00][sql] CONNECT:[ UseTime:0.000276s ] mysql:host=43.241.16.146;port=3306;dbname=zhibo;charset=utf8mb4
[2024-11-14T11:05:17+08:00][sql] SHOW FULL COLUMNS FROM `cmf_hook` [ RunTime:0.000474s ]
[2024-11-14T11:05:17+08:00][sql] SELECT `hook`,`id` FROM `cmf_hook` WHERE  (  (  `app` = '' OR `app` = 'cmf' )  AND `type` = 3 ) OR `type` = 1 [ RunTime:0.000334s ]
[2024-11-14T11:05:17+08:00][sql] SHOW FULL COLUMNS FROM `cmf_hook_plugin` [ RunTime:0.000430s ]
[2024-11-14T11:05:17+08:00][sql] SELECT `hook`,`plugin` FROM `cmf_hook_plugin` WHERE  `status` = 1  AND `hook` IN ('app_begin','module_init','action_begin','view_filter','app_end','log_write','response_end','admin_init','home_init','send_mobile_verification_code','body_start','before_head_end','footer_start','before_footer','before_footer_end','before_body_end','left_sidebar_start','before_left_sidebar_end','right_sidebar_start','before_right_sidebar_end','comment','guestbook','switch_theme','after_content','before_content','log_write_done','switch_admin_theme','captcha_image') ORDER BY `list_order` ASC [ RunTime:0.000399s ]
[2024-11-14T11:05:19+08:00][sql] CONNECT:[ UseTime:0.000280s ] mysql:host=43.241.16.146;port=3306;dbname=zhibo;charset=utf8mb4
[2024-11-14T11:05:19+08:00][sql] SHOW FULL COLUMNS FROM `cmf_hook` [ RunTime:0.000464s ]
[2024-11-14T11:05:19+08:00][sql] SELECT `hook`,`id` FROM `cmf_hook` WHERE  (  (  `app` = '' OR `app` = 'cmf' )  AND `type` = 3 ) OR `type` = 1 [ RunTime:0.000328s ]
[2024-11-14T11:05:19+08:00][sql] SHOW FULL COLUMNS FROM `cmf_hook_plugin` [ RunTime:0.000430s ]
[2024-11-14T11:05:19+08:00][sql] SELECT `hook`,`plugin` FROM `cmf_hook_plugin` WHERE  `status` = 1  AND `hook` IN ('app_begin','module_init','action_begin','view_filter','app_end','log_write','response_end','admin_init','home_init','send_mobile_verification_code','body_start','before_head_end','footer_start','before_footer','before_footer_end','before_body_end','left_sidebar_start','before_left_sidebar_end','right_sidebar_start','before_right_sidebar_end','comment','guestbook','switch_theme','after_content','before_content','log_write_done','switch_admin_theme','captcha_image') ORDER BY `list_order` ASC [ RunTime:0.000398s ]
[2024-11-14T11:05:19+08:00][sql] SHOW FULL COLUMNS FROM `cmf_plugin` [ RunTime:0.000487s ]
[2024-11-14T11:05:19+08:00][sql] SELECT `config` FROM `cmf_plugin` WHERE  `name` = 'Qiniu' LIMIT 1 [ RunTime:0.000250s ]
[2024-11-14T11:05:19+08:00][sql] SHOW FULL COLUMNS FROM `cmf_user` [ RunTime:0.000647s ]
[2024-11-14T11:05:19+08:00][sql] SELECT `id`,`user_login`,`user_nickname`,`avatar`,`avatar_thumb`,`sex`,`signature`,`consumption`,`votestotal`,`province`,`city`,`coin`,`votes`,`birthday`,`issuper` FROM `cmf_user` WHERE  `id` = 2 LIMIT 1 [ RunTime:0.000319s ]
[2024-11-14T11:05:19+08:00][sql] SHOW FULL COLUMNS FROM `cmf_vip_user` [ RunTime:0.000421s ]
[2024-11-14T11:05:19+08:00][sql] SELECT * FROM `cmf_vip_user` WHERE  `uid` = 2 LIMIT 1 [ RunTime:0.000234s ]
[2024-11-14T11:05:19+08:00][sql] SHOW FULL COLUMNS FROM `cmf_liang` [ RunTime:0.000445s ]
[2024-11-14T11:05:19+08:00][sql] SELECT * FROM `cmf_liang` WHERE  ( status=1 and state=1 )  AND `uid` = 2 LIMIT 1 [ RunTime:0.000275s ]
[2024-11-14T11:05:19+08:00][sql] SHOW FULL COLUMNS FROM `cmf_user_token` [ RunTime:0.000408s ]
[2024-11-14T11:05:19+08:00][sql] SELECT `token` FROM `cmf_user_token` WHERE  ( user_id=2 ) LIMIT 1 [ RunTime:0.000216s ]
[2024-11-14T11:05:19+08:00][sql] SELECT `id`,`user_login`,`user_nickname`,`avatar`,`avatar_thumb`,`sex`,`signature`,`consumption`,`votestotal`,`province`,`city`,`coin`,`votes`,`birthday`,`issuper` FROM `cmf_user` WHERE  `id` = 2 LIMIT 1 [ RunTime:0.000280s ]
[2024-11-14T11:05:19+08:00][sql] SELECT * FROM `cmf_vip_user` WHERE  `uid` = 2 LIMIT 1 [ RunTime:0.000231s ]
[2024-11-14T11:05:19+08:00][sql] SELECT * FROM `cmf_liang` WHERE  ( status=1 and state=1 )  AND `uid` = 2 LIMIT 1 [ RunTime:0.000255s ]
[2024-11-14T11:05:19+08:00][sql] SELECT `token` FROM `cmf_user_token` WHERE  ( user_id=2 ) LIMIT 1 [ RunTime:0.000203s ]
[2024-11-14T11:05:19+08:00][sql] SELECT `id`,`user_login`,`user_nickname`,`avatar`,`avatar_thumb`,`sex`,`signature`,`consumption`,`votestotal`,`province`,`city`,`coin`,`votes`,`birthday`,`issuper` FROM `cmf_user` WHERE  `id` = 2 LIMIT 1 [ RunTime:0.000280s ]
[2024-11-14T11:05:19+08:00][sql] SELECT * FROM `cmf_vip_user` WHERE  `uid` = 2 LIMIT 1 [ RunTime:0.000228s ]
[2024-11-14T11:05:19+08:00][sql] SELECT * FROM `cmf_liang` WHERE  ( status=1 and state=1 )  AND `uid` = 2 LIMIT 1 [ RunTime:0.000252s ]
[2024-11-14T11:05:19+08:00][sql] SELECT `token` FROM `cmf_user_token` WHERE  ( user_id=2 ) LIMIT 1 [ RunTime:0.000196s ]
[2024-11-14T11:05:19+08:00][sql] SHOW FULL COLUMNS FROM `cmf_user_attention` [ RunTime:0.000410s ]
[2024-11-14T11:05:19+08:00][sql] SELECT COUNT(*) AS think_count FROM `cmf_user_attention` WHERE  `uid` = 2 LIMIT 1 [ RunTime:0.000249s ]
[2024-11-14T11:05:19+08:00][sql] SELECT COUNT(*) AS think_count FROM `cmf_user_attention` WHERE  `touid` = 2 LIMIT 1 [ RunTime:0.000215s ]
[2024-11-14T11:05:19+08:00][sql] SHOW FULL COLUMNS FROM `cmf_theme_file` [ RunTime:0.000464s ]
[2024-11-14T11:05:19+08:00][sql] SELECT `more` FROM `cmf_theme_file` WHERE  `theme` = 'default'  AND (  `is_public` = 1 OR `file` = '../wxshare/user/index' ) [ RunTime:0.000285s ]
[2024-11-14T12:39:56+08:00][sql] CONNECT:[ UseTime:0.000362s ] mysql:host=43.241.16.146;port=3306;dbname=zhibo;charset=utf8mb4
[2024-11-14T12:39:56+08:00][sql] SHOW FULL COLUMNS FROM `cmf_hook` [ RunTime:0.000613s ]
[2024-11-14T12:39:56+08:00][sql] SELECT `hook`,`id` FROM `cmf_hook` WHERE  (  (  `app` = '' OR `app` = 'cmf' )  AND `type` = 3 ) OR `type` = 1 [ RunTime:0.000385s ]
[2024-11-14T12:39:56+08:00][sql] SHOW FULL COLUMNS FROM `cmf_hook_plugin` [ RunTime:0.000465s ]
[2024-11-14T12:39:56+08:00][sql] SELECT `hook`,`plugin` FROM `cmf_hook_plugin` WHERE  `status` = 1  AND `hook` IN ('app_begin','module_init','action_begin','view_filter','app_end','log_write','response_end','admin_init','home_init','send_mobile_verification_code','body_start','before_head_end','footer_start','before_footer','before_footer_end','before_body_end','left_sidebar_start','before_left_sidebar_end','right_sidebar_start','before_right_sidebar_end','comment','guestbook','switch_theme','after_content','before_content','log_write_done','switch_admin_theme','captcha_image') ORDER BY `list_order` ASC [ RunTime:0.000422s ]
[2024-11-14T12:44:31+08:00][sql] CONNECT:[ UseTime:0.000403s ] mysql:host=43.241.16.146;port=3306;dbname=zhibo;charset=utf8mb4
[2024-11-14T12:44:31+08:00][sql] SHOW FULL COLUMNS FROM `cmf_hook` [ RunTime:0.000645s ]
[2024-11-14T12:44:31+08:00][sql] SELECT `hook`,`id` FROM `cmf_hook` WHERE  (  (  `app` = '' OR `app` = 'cmf' )  AND `type` = 3 ) OR `type` = 1 [ RunTime:0.000396s ]
[2024-11-14T12:44:31+08:00][sql] SHOW FULL COLUMNS FROM `cmf_hook_plugin` [ RunTime:0.000435s ]
[2024-11-14T12:44:31+08:00][sql] SELECT `hook`,`plugin` FROM `cmf_hook_plugin` WHERE  `status` = 1  AND `hook` IN ('app_begin','module_init','action_begin','view_filter','app_end','log_write','response_end','admin_init','home_init','send_mobile_verification_code','body_start','before_head_end','footer_start','before_footer','before_footer_end','before_body_end','left_sidebar_start','before_left_sidebar_end','right_sidebar_start','before_right_sidebar_end','comment','guestbook','switch_theme','after_content','before_content','log_write_done','switch_admin_theme','captcha_image') ORDER BY `list_order` ASC [ RunTime:0.000428s ]
[2024-11-14T12:44:31+08:00][sql] SHOW FULL COLUMNS FROM `cmf_plugin` [ RunTime:0.000510s ]
[2024-11-14T12:44:31+08:00][sql] SELECT `config` FROM `cmf_plugin` WHERE  `name` = 'Qiniu' LIMIT 1 [ RunTime:0.000250s ]
[2024-11-14T12:44:31+08:00][sql] SHOW FULL COLUMNS FROM `cmf_live` [ RunTime:0.000587s ]
[2024-11-14T12:44:31+08:00][sql] SELECT * FROM `cmf_live` WHERE  ( islive='1' and isrecommend='1' and type='0' and live_type=0 ) [ RunTime:0.000432s ]
[2024-11-14T12:44:31+08:00][sql] SHOW FULL COLUMNS FROM `cmf_slide_item` [ RunTime:0.000467s ]
[2024-11-14T12:44:31+08:00][sql] SELECT * FROM `cmf_slide_item` WHERE  ( status='1' and slide_id='1' ) ORDER BY `list_order` ASC [ RunTime:0.000321s ]
[2024-11-14T12:44:31+08:00][sql] SHOW FULL COLUMNS FROM `cmf_live_class` [ RunTime:0.000426s ]
[2024-11-14T12:44:31+08:00][sql] SELECT * FROM `cmf_live_class` ORDER BY `list_order` LIMIT 5 [ RunTime:0.000268s ]
[2024-11-14T12:44:31+08:00][sql] SELECT * FROM `cmf_live` WHERE  `islive` = 1  AND `live_type` = 0  AND `liveclassid` = 8 ORDER BY `recommend_time` DESC,`starttime` DESC LIMIT 5 [ RunTime:0.000407s ]
[2024-11-14T12:44:31+08:00][sql] SELECT `uid`,`thumb`,`stream`,`title`,`city`,`islive`,`type` FROM `cmf_live` WHERE  ( islive='1' and ishot='1' and live_type=0 ) ORDER BY `isrecommend` DESC,`recommend_time` DESC,`hotvotes` DESC,`starttime` DESC LIMIT 5 [ RunTime:0.000307s ]
[2024-11-14T12:44:31+08:00][sql] SELECT `uid`,`thumb`,`stream`,`title`,`city`,`islive`,`type` FROM `cmf_live` WHERE  ( islive='1' and live_type=0 ) ORDER BY `starttime` DESC LIMIT 5 [ RunTime:0.000261s ]
[2024-11-14T12:44:31+08:00][sql] SHOW FULL COLUMNS FROM `cmf_theme_file` [ RunTime:0.000473s ]
[2024-11-14T12:44:31+08:00][sql] SELECT `more` FROM `cmf_theme_file` WHERE  `theme` = 'default'  AND (  `is_public` = 1 OR `file` = '../home/index/index' ) [ RunTime:0.000289s ]
[2024-11-14T12:44:32+08:00][sql] CONNECT:[ UseTime:0.000311s ] mysql:host=43.241.16.146;port=3306;dbname=zhibo;charset=utf8mb4
[2024-11-14T12:44:32+08:00][sql] SHOW FULL COLUMNS FROM `cmf_hook` [ RunTime:0.000524s ]
[2024-11-14T12:44:32+08:00][sql] SELECT `hook`,`id` FROM `cmf_hook` WHERE  (  (  `app` = '' OR `app` = 'cmf' )  AND `type` = 3 ) OR `type` = 1 [ RunTime:0.000352s ]
[2024-11-14T12:44:32+08:00][sql] SHOW FULL COLUMNS FROM `cmf_hook_plugin` [ RunTime:0.000467s ]
[2024-11-14T12:44:32+08:00][sql] SELECT `hook`,`plugin` FROM `cmf_hook_plugin` WHERE  `status` = 1  AND `hook` IN ('app_begin','module_init','action_begin','view_filter','app_end','log_write','response_end','admin_init','home_init','send_mobile_verification_code','body_start','before_head_end','footer_start','before_footer','before_footer_end','before_body_end','left_sidebar_start','before_left_sidebar_end','right_sidebar_start','before_right_sidebar_end','comment','guestbook','switch_theme','after_content','before_content','log_write_done','switch_admin_theme','captcha_image') ORDER BY `list_order` ASC [ RunTime:0.000411s ]
[2024-11-14T12:44:32+08:00][sql] SHOW FULL COLUMNS FROM `cmf_plugin` [ RunTime:0.000526s ]
[2024-11-14T12:44:32+08:00][sql] SELECT `config` FROM `cmf_plugin` WHERE  `name` = 'Qiniu' LIMIT 1 [ RunTime:0.000259s ]
[2024-11-14T12:44:32+08:00][sql] SHOW FULL COLUMNS FROM `cmf_live` [ RunTime:0.000609s ]
[2024-11-14T12:44:32+08:00][sql] SELECT * FROM `cmf_live` WHERE  ( islive='1' and isrecommend='1' and type='0' and live_type=0 ) [ RunTime:0.000415s ]
[2024-11-14T12:44:32+08:00][sql] SHOW FULL COLUMNS FROM `cmf_slide_item` [ RunTime:0.000485s ]
[2024-11-14T12:44:32+08:00][sql] SELECT * FROM `cmf_slide_item` WHERE  ( status='1' and slide_id='1' ) ORDER BY `list_order` ASC [ RunTime:0.000309s ]
[2024-11-14T12:44:32+08:00][sql] SHOW FULL COLUMNS FROM `cmf_live_class` [ RunTime:0.000448s ]
[2024-11-14T12:44:32+08:00][sql] SELECT * FROM `cmf_live_class` ORDER BY `list_order` LIMIT 5 [ RunTime:0.000267s ]
[2024-11-14T12:44:32+08:00][sql] SELECT * FROM `cmf_live` WHERE  `islive` = 1  AND `live_type` = 0  AND `liveclassid` = 8 ORDER BY `recommend_time` DESC,`starttime` DESC LIMIT 5 [ RunTime:0.000428s ]
[2024-11-14T12:44:32+08:00][sql] SELECT `uid`,`thumb`,`stream`,`title`,`city`,`islive`,`type` FROM `cmf_live` WHERE  ( islive='1' and ishot='1' and live_type=0 ) ORDER BY `isrecommend` DESC,`recommend_time` DESC,`hotvotes` DESC,`starttime` DESC LIMIT 5 [ RunTime:0.000318s ]
[2024-11-14T12:44:32+08:00][sql] SELECT `uid`,`thumb`,`stream`,`title`,`city`,`islive`,`type` FROM `cmf_live` WHERE  ( islive='1' and live_type=0 ) ORDER BY `starttime` DESC LIMIT 5 [ RunTime:0.000281s ]
[2024-11-14T12:44:32+08:00][sql] SHOW FULL COLUMNS FROM `cmf_theme_file` [ RunTime:0.000500s ]
[2024-11-14T12:44:32+08:00][sql] SELECT `more` FROM `cmf_theme_file` WHERE  `theme` = 'default'  AND (  `is_public` = 1 OR `file` = '../home/index/index' ) [ RunTime:0.000289s ]
[2024-11-14T12:44:34+08:00][sql] CONNECT:[ UseTime:0.000301s ] mysql:host=43.241.16.146;port=3306;dbname=zhibo;charset=utf8mb4
[2024-11-14T12:44:34+08:00][sql] SHOW FULL COLUMNS FROM `cmf_hook` [ RunTime:0.000518s ]
[2024-11-14T12:44:34+08:00][sql] SELECT `hook`,`id` FROM `cmf_hook` WHERE  (  (  `app` = '' OR `app` = 'cmf' )  AND `type` = 3 ) OR `type` = 1 [ RunTime:0.000340s ]
[2024-11-14T12:44:34+08:00][sql] SHOW FULL COLUMNS FROM `cmf_hook_plugin` [ RunTime:0.000431s ]
[2024-11-14T12:44:34+08:00][sql] SELECT `hook`,`plugin` FROM `cmf_hook_plugin` WHERE  `status` = 1  AND `hook` IN ('app_begin','module_init','action_begin','view_filter','app_end','log_write','response_end','admin_init','home_init','send_mobile_verification_code','body_start','before_head_end','footer_start','before_footer','before_footer_end','before_body_end','left_sidebar_start','before_left_sidebar_end','right_sidebar_start','before_right_sidebar_end','comment','guestbook','switch_theme','after_content','before_content','log_write_done','switch_admin_theme','captcha_image') ORDER BY `list_order` ASC [ RunTime:0.000416s ]
[2024-11-14T12:44:34+08:00][sql] SHOW FULL COLUMNS FROM `cmf_plugin` [ RunTime:0.000498s ]
[2024-11-14T12:44:34+08:00][sql] SELECT `config` FROM `cmf_plugin` WHERE  `name` = 'Qiniu' LIMIT 1 [ RunTime:0.000247s ]
[2024-11-14T12:44:34+08:00][sql] SHOW FULL COLUMNS FROM `cmf_live` [ RunTime:0.000588s ]
[2024-11-14T12:44:34+08:00][sql] SELECT * FROM `cmf_live` WHERE  ( islive='1' and isrecommend='1' and type='0' and live_type=0 ) [ RunTime:0.000391s ]
[2024-11-14T12:44:34+08:00][sql] SHOW FULL COLUMNS FROM `cmf_slide_item` [ RunTime:0.000469s ]
[2024-11-14T12:44:34+08:00][sql] SELECT * FROM `cmf_slide_item` WHERE  ( status='1' and slide_id='1' ) ORDER BY `list_order` ASC [ RunTime:0.000296s ]
[2024-11-14T12:44:34+08:00][sql] SHOW FULL COLUMNS FROM `cmf_live_class` [ RunTime:0.000426s ]
[2024-11-14T12:44:34+08:00][sql] SELECT * FROM `cmf_live_class` ORDER BY `list_order` LIMIT 5 [ RunTime:0.000252s ]
[2024-11-14T12:44:34+08:00][sql] SELECT * FROM `cmf_live` WHERE  `islive` = 1  AND `live_type` = 0  AND `liveclassid` = 8 ORDER BY `recommend_time` DESC,`starttime` DESC LIMIT 5 [ RunTime:0.000409s ]
[2024-11-14T12:44:34+08:00][sql] SELECT `uid`,`thumb`,`stream`,`title`,`city`,`islive`,`type` FROM `cmf_live` WHERE  ( islive='1' and ishot='1' and live_type=0 ) ORDER BY `isrecommend` DESC,`recommend_time` DESC,`hotvotes` DESC,`starttime` DESC LIMIT 5 [ RunTime:0.000317s ]
[2024-11-14T12:44:34+08:00][sql] SELECT `uid`,`thumb`,`stream`,`title`,`city`,`islive`,`type` FROM `cmf_live` WHERE  ( islive='1' and live_type=0 ) ORDER BY `starttime` DESC LIMIT 5 [ RunTime:0.000261s ]
[2024-11-14T12:44:34+08:00][sql] SHOW FULL COLUMNS FROM `cmf_theme_file` [ RunTime:0.000483s ]
[2024-11-14T12:44:34+08:00][sql] SELECT `more` FROM `cmf_theme_file` WHERE  `theme` = 'default'  AND (  `is_public` = 1 OR `file` = '../home/index/index' ) [ RunTime:0.000276s ]
[2024-11-14T12:44:36+08:00][sql] CONNECT:[ UseTime:0.000285s ] mysql:host=43.241.16.146;port=3306;dbname=zhibo;charset=utf8mb4
[2024-11-14T12:44:36+08:00][sql] SHOW FULL COLUMNS FROM `cmf_hook` [ RunTime:0.000478s ]
[2024-11-14T12:44:36+08:00][sql] SELECT `hook`,`id` FROM `cmf_hook` WHERE  (  (  `app` = '' OR `app` = 'cmf' )  AND `type` = 3 ) OR `type` = 1 [ RunTime:0.000338s ]
[2024-11-14T12:44:36+08:00][sql] SHOW FULL COLUMNS FROM `cmf_hook_plugin` [ RunTime:0.000420s ]
[2024-11-14T12:44:36+08:00][sql] SELECT `hook`,`plugin` FROM `cmf_hook_plugin` WHERE  `status` = 1  AND `hook` IN ('app_begin','module_init','action_begin','view_filter','app_end','log_write','response_end','admin_init','home_init','send_mobile_verification_code','body_start','before_head_end','footer_start','before_footer','before_footer_end','before_body_end','left_sidebar_start','before_left_sidebar_end','right_sidebar_start','before_right_sidebar_end','comment','guestbook','switch_theme','after_content','before_content','log_write_done','switch_admin_theme','captcha_image') ORDER BY `list_order` ASC [ RunTime:0.000390s ]
[2024-11-14T12:44:36+08:00][sql] SHOW FULL COLUMNS FROM `cmf_plugin` [ RunTime:0.000497s ]
[2024-11-14T12:44:36+08:00][sql] SELECT `config` FROM `cmf_plugin` WHERE  `name` = 'Qiniu' LIMIT 1 [ RunTime:0.000244s ]
[2024-11-14T12:44:36+08:00][sql] SHOW FULL COLUMNS FROM `cmf_live` [ RunTime:0.000587s ]
[2024-11-14T12:44:36+08:00][sql] SELECT * FROM `cmf_live` WHERE  ( islive='1' and isrecommend='1' and type='0' and live_type=0 ) [ RunTime:0.000388s ]
[2024-11-14T12:44:36+08:00][sql] SHOW FULL COLUMNS FROM `cmf_slide_item` [ RunTime:0.000461s ]
[2024-11-14T12:44:36+08:00][sql] SELECT * FROM `cmf_slide_item` WHERE  ( status='1' and slide_id='1' ) ORDER BY `list_order` ASC [ RunTime:0.000304s ]
[2024-11-14T12:44:36+08:00][sql] SHOW FULL COLUMNS FROM `cmf_live_class` [ RunTime:0.000424s ]
[2024-11-14T12:44:36+08:00][sql] SELECT * FROM `cmf_live_class` ORDER BY `list_order` LIMIT 5 [ RunTime:0.000259s ]
[2024-11-14T12:44:36+08:00][sql] SELECT * FROM `cmf_live` WHERE  `islive` = 1  AND `live_type` = 0  AND `liveclassid` = 8 ORDER BY `recommend_time` DESC,`starttime` DESC LIMIT 5 [ RunTime:0.000404s ]
[2024-11-14T12:44:36+08:00][sql] SELECT `uid`,`thumb`,`stream`,`title`,`city`,`islive`,`type` FROM `cmf_live` WHERE  ( islive='1' and ishot='1' and live_type=0 ) ORDER BY `isrecommend` DESC,`recommend_time` DESC,`hotvotes` DESC,`starttime` DESC LIMIT 5 [ RunTime:0.000303s ]
[2024-11-14T12:44:36+08:00][sql] SELECT `uid`,`thumb`,`stream`,`title`,`city`,`islive`,`type` FROM `cmf_live` WHERE  ( islive='1' and live_type=0 ) ORDER BY `starttime` DESC LIMIT 5 [ RunTime:0.000255s ]
[2024-11-14T12:44:36+08:00][sql] SHOW FULL COLUMNS FROM `cmf_theme_file` [ RunTime:0.000483s ]
[2024-11-14T12:44:36+08:00][sql] SELECT `more` FROM `cmf_theme_file` WHERE  `theme` = 'default'  AND (  `is_public` = 1 OR `file` = '../home/index/index' ) [ RunTime:0.000285s ]
[2024-11-14T12:44:38+08:00][sql] CONNECT:[ UseTime:0.000291s ] mysql:host=43.241.16.146;port=3306;dbname=zhibo;charset=utf8mb4
[2024-11-14T12:44:38+08:00][sql] SHOW FULL COLUMNS FROM `cmf_hook` [ RunTime:0.000500s ]
[2024-11-14T12:44:38+08:00][sql] SELECT `hook`,`id` FROM `cmf_hook` WHERE  (  (  `app` = '' OR `app` = 'cmf' )  AND `type` = 3 ) OR `type` = 1 [ RunTime:0.000349s ]
[2024-11-14T12:44:38+08:00][sql] SHOW FULL COLUMNS FROM `cmf_hook_plugin` [ RunTime:0.000447s ]
[2024-11-14T12:44:38+08:00][sql] SELECT `hook`,`plugin` FROM `cmf_hook_plugin` WHERE  `status` = 1  AND `hook` IN ('app_begin','module_init','action_begin','view_filter','app_end','log_write','response_end','admin_init','home_init','send_mobile_verification_code','body_start','before_head_end','footer_start','before_footer','before_footer_end','before_body_end','left_sidebar_start','before_left_sidebar_end','right_sidebar_start','before_right_sidebar_end','comment','guestbook','switch_theme','after_content','before_content','log_write_done','switch_admin_theme','captcha_image') ORDER BY `list_order` ASC [ RunTime:0.000403s ]
[2024-11-14T12:44:38+08:00][sql] SHOW FULL COLUMNS FROM `cmf_plugin` [ RunTime:0.000511s ]
[2024-11-14T12:44:38+08:00][sql] SELECT `config` FROM `cmf_plugin` WHERE  `name` = 'Qiniu' LIMIT 1 [ RunTime:0.000258s ]
[2024-11-14T12:44:38+08:00][sql] SHOW FULL COLUMNS FROM `cmf_live` [ RunTime:0.000615s ]
[2024-11-14T12:44:38+08:00][sql] SELECT * FROM `cmf_live` WHERE  ( islive='1' and isrecommend='1' and type='0' and live_type=0 ) [ RunTime:0.000399s ]
[2024-11-14T12:44:38+08:00][sql] SHOW FULL COLUMNS FROM `cmf_slide_item` [ RunTime:0.000490s ]
[2024-11-14T12:44:38+08:00][sql] SELECT * FROM `cmf_slide_item` WHERE  ( status='1' and slide_id='1' ) ORDER BY `list_order` ASC [ RunTime:0.000309s ]
[2024-11-14T12:44:38+08:00][sql] SHOW FULL COLUMNS FROM `cmf_live_class` [ RunTime:0.000445s ]
[2024-11-14T12:44:38+08:00][sql] SELECT * FROM `cmf_live_class` ORDER BY `list_order` LIMIT 5 [ RunTime:0.000271s ]
[2024-11-14T12:44:38+08:00][sql] SELECT * FROM `cmf_live` WHERE  `islive` = 1  AND `live_type` = 0  AND `liveclassid` = 8 ORDER BY `recommend_time` DESC,`starttime` DESC LIMIT 5 [ RunTime:0.000421s ]
[2024-11-14T12:44:38+08:00][sql] SELECT `uid`,`thumb`,`stream`,`title`,`city`,`islive`,`type` FROM `cmf_live` WHERE  ( islive='1' and ishot='1' and live_type=0 ) ORDER BY `isrecommend` DESC,`recommend_time` DESC,`hotvotes` DESC,`starttime` DESC LIMIT 5 [ RunTime:0.000326s ]
[2024-11-14T12:44:38+08:00][sql] SELECT `uid`,`thumb`,`stream`,`title`,`city`,`islive`,`type` FROM `cmf_live` WHERE  ( islive='1' and live_type=0 ) ORDER BY `starttime` DESC LIMIT 5 [ RunTime:0.000271s ]
[2024-11-14T12:44:38+08:00][sql] SHOW FULL COLUMNS FROM `cmf_theme_file` [ RunTime:0.000508s ]
[2024-11-14T12:44:38+08:00][sql] SELECT `more` FROM `cmf_theme_file` WHERE  `theme` = 'default'  AND (  `is_public` = 1 OR `file` = '../home/index/index' ) [ RunTime:0.000297s ]
[2024-11-14T12:44:42+08:00][sql] CONNECT:[ UseTime:0.000290s ] mysql:host=43.241.16.146;port=3306;dbname=zhibo;charset=utf8mb4
[2024-11-14T12:44:42+08:00][sql] SHOW FULL COLUMNS FROM `cmf_hook` [ RunTime:0.000479s ]
[2024-11-14T12:44:42+08:00][sql] SELECT `hook`,`id` FROM `cmf_hook` WHERE  (  (  `app` = '' OR `app` = 'cmf' )  AND `type` = 3 ) OR `type` = 1 [ RunTime:0.000334s ]
[2024-11-14T12:44:42+08:00][sql] SHOW FULL COLUMNS FROM `cmf_hook_plugin` [ RunTime:0.000425s ]
[2024-11-14T12:44:42+08:00][sql] SELECT `hook`,`plugin` FROM `cmf_hook_plugin` WHERE  `status` = 1  AND `hook` IN ('app_begin','module_init','action_begin','view_filter','app_end','log_write','response_end','admin_init','home_init','send_mobile_verification_code','body_start','before_head_end','footer_start','before_footer','before_footer_end','before_body_end','left_sidebar_start','before_left_sidebar_end','right_sidebar_start','before_right_sidebar_end','comment','guestbook','switch_theme','after_content','before_content','log_write_done','switch_admin_theme','captcha_image') ORDER BY `list_order` ASC [ RunTime:0.000392s ]
[2024-11-14T12:44:42+08:00][sql] SHOW FULL COLUMNS FROM `cmf_plugin` [ RunTime:0.000518s ]
[2024-11-14T12:44:42+08:00][sql] SELECT `config` FROM `cmf_plugin` WHERE  `name` = 'Qiniu' LIMIT 1 [ RunTime:0.000250s ]
[2024-11-14T12:44:42+08:00][sql] SHOW FULL COLUMNS FROM `cmf_live` [ RunTime:0.000580s ]
[2024-11-14T12:44:42+08:00][sql] SELECT * FROM `cmf_live` WHERE  ( islive='1' and isrecommend='1' and type='0' and live_type=0 ) [ RunTime:0.000416s ]
[2024-11-14T12:44:42+08:00][sql] SHOW FULL COLUMNS FROM `cmf_slide_item` [ RunTime:0.000469s ]
[2024-11-14T12:44:42+08:00][sql] SELECT * FROM `cmf_slide_item` WHERE  ( status='1' and slide_id='1' ) ORDER BY `list_order` ASC [ RunTime:0.000298s ]
[2024-11-14T12:44:42+08:00][sql] SHOW FULL COLUMNS FROM `cmf_live_class` [ RunTime:0.000430s ]
[2024-11-14T12:44:42+08:00][sql] SELECT * FROM `cmf_live_class` ORDER BY `list_order` LIMIT 5 [ RunTime:0.000251s ]
[2024-11-14T12:44:42+08:00][sql] SELECT * FROM `cmf_live` WHERE  `islive` = 1  AND `live_type` = 0  AND `liveclassid` = 8 ORDER BY `recommend_time` DESC,`starttime` DESC LIMIT 5 [ RunTime:0.000416s ]
[2024-11-14T12:44:42+08:00][sql] SELECT `uid`,`thumb`,`stream`,`title`,`city`,`islive`,`type` FROM `cmf_live` WHERE  ( islive='1' and ishot='1' and live_type=0 ) ORDER BY `isrecommend` DESC,`recommend_time` DESC,`hotvotes` DESC,`starttime` DESC LIMIT 5 [ RunTime:0.000300s ]
[2024-11-14T12:44:42+08:00][sql] SELECT `uid`,`thumb`,`stream`,`title`,`city`,`islive`,`type` FROM `cmf_live` WHERE  ( islive='1' and live_type=0 ) ORDER BY `starttime` DESC LIMIT 5 [ RunTime:0.000272s ]
[2024-11-14T12:44:42+08:00][sql] SHOW FULL COLUMNS FROM `cmf_theme_file` [ RunTime:0.000473s ]
[2024-11-14T12:44:42+08:00][sql] SELECT `more` FROM `cmf_theme_file` WHERE  `theme` = 'default'  AND (  `is_public` = 1 OR `file` = '../home/index/index' ) [ RunTime:0.000278s ]
[2024-11-14T12:44:42+08:00][sql] CONNECT:[ UseTime:0.000299s ] mysql:host=43.241.16.146;port=3306;dbname=zhibo;charset=utf8mb4
[2024-11-14T12:44:42+08:00][sql] SHOW FULL COLUMNS FROM `cmf_hook` [ RunTime:0.000469s ]
[2024-11-14T12:44:42+08:00][sql] SELECT `hook`,`id` FROM `cmf_hook` WHERE  (  (  `app` = '' OR `app` = 'cmf' )  AND `type` = 3 ) OR `type` = 1 [ RunTime:0.000326s ]
[2024-11-14T12:44:42+08:00][sql] SHOW FULL COLUMNS FROM `cmf_hook_plugin` [ RunTime:0.000440s ]
[2024-11-14T12:44:42+08:00][sql] SELECT `hook`,`plugin` FROM `cmf_hook_plugin` WHERE  `status` = 1  AND `hook` IN ('app_begin','module_init','action_begin','view_filter','app_end','log_write','response_end','admin_init','home_init','send_mobile_verification_code','body_start','before_head_end','footer_start','before_footer','before_footer_end','before_body_end','left_sidebar_start','before_left_sidebar_end','right_sidebar_start','before_right_sidebar_end','comment','guestbook','switch_theme','after_content','before_content','log_write_done','switch_admin_theme','captcha_image') ORDER BY `list_order` ASC [ RunTime:0.000397s ]
[2024-11-14T12:44:42+08:00][sql] SHOW FULL COLUMNS FROM `cmf_plugin` [ RunTime:0.000500s ]
[2024-11-14T12:44:42+08:00][sql] SELECT `config` FROM `cmf_plugin` WHERE  `name` = 'Qiniu' LIMIT 1 [ RunTime:0.000248s ]
[2024-11-14T12:44:42+08:00][sql] SHOW FULL COLUMNS FROM `cmf_live` [ RunTime:0.000583s ]
[2024-11-14T12:44:42+08:00][sql] SELECT * FROM `cmf_live` WHERE  ( islive='1' and isrecommend='1' and type='0' and live_type=0 ) [ RunTime:0.000387s ]
[2024-11-14T12:44:42+08:00][sql] SHOW FULL COLUMNS FROM `cmf_slide_item` [ RunTime:0.000465s ]
[2024-11-14T12:44:42+08:00][sql] SELECT * FROM `cmf_slide_item` WHERE  ( status='1' and slide_id='1' ) ORDER BY `list_order` ASC [ RunTime:0.000301s ]
[2024-11-14T12:44:42+08:00][sql] SHOW FULL COLUMNS FROM `cmf_live_class` [ RunTime:0.000428s ]
[2024-11-14T12:44:42+08:00][sql] SELECT * FROM `cmf_live_class` ORDER BY `list_order` LIMIT 5 [ RunTime:0.000261s ]
[2024-11-14T12:44:42+08:00][sql] SELECT * FROM `cmf_live` WHERE  `islive` = 1  AND `live_type` = 0  AND `liveclassid` = 8 ORDER BY `recommend_time` DESC,`starttime` DESC LIMIT 5 [ RunTime:0.000403s ]
[2024-11-14T12:44:42+08:00][sql] SELECT `uid`,`thumb`,`stream`,`title`,`city`,`islive`,`type` FROM `cmf_live` WHERE  ( islive='1' and ishot='1' and live_type=0 ) ORDER BY `isrecommend` DESC,`recommend_time` DESC,`hotvotes` DESC,`starttime` DESC LIMIT 5 [ RunTime:0.000304s ]
[2024-11-14T12:44:42+08:00][sql] SELECT `uid`,`thumb`,`stream`,`title`,`city`,`islive`,`type` FROM `cmf_live` WHERE  ( islive='1' and live_type=0 ) ORDER BY `starttime` DESC LIMIT 5 [ RunTime:0.000255s ]
[2024-11-14T12:44:42+08:00][sql] SHOW FULL COLUMNS FROM `cmf_theme_file` [ RunTime:0.000485s ]
[2024-11-14T12:44:42+08:00][sql] SELECT `more` FROM `cmf_theme_file` WHERE  `theme` = 'default'  AND (  `is_public` = 1 OR `file` = '../home/index/index' ) [ RunTime:0.000280s ]
