[2024-11-15T00:15:12+08:00][sql] CONNECT:[ UseTime:0.000410s ] mysql:host=43.241.16.146;port=3306;dbname=zhibo;charset=utf8mb4
[2024-11-15T00:15:12+08:00][sql] SHOW FULL COLUMNS FROM `cmf_hook` [ RunTime:0.000696s ]
[2024-11-15T00:15:12+08:00][sql] SELECT `hook`,`id` FROM `cmf_hook` WHERE  (  (  `app` = '' OR `app` = 'cmf' )  AND `type` = 3 ) OR `type` = 1 [ RunTime:0.000414s ]
[2024-11-15T00:15:12+08:00][sql] SHOW FULL COLUMNS FROM `cmf_hook_plugin` [ RunTime:0.000444s ]
[2024-11-15T00:15:12+08:00][sql] SELECT `hook`,`plugin` FROM `cmf_hook_plugin` WHERE  `status` = 1  AND `hook` IN ('app_begin','module_init','action_begin','view_filter','app_end','log_write','response_end','admin_init','home_init','send_mobile_verification_code','body_start','before_head_end','footer_start','before_footer','before_footer_end','before_body_end','left_sidebar_start','before_left_sidebar_end','right_sidebar_start','before_right_sidebar_end','comment','guestbook','switch_theme','after_content','before_content','log_write_done','switch_admin_theme','captcha_image') ORDER BY `list_order` ASC [ RunTime:0.000427s ]
[2024-11-15T00:15:12+08:00][sql] SHOW FULL COLUMNS FROM `cmf_plugin` [ RunTime:0.000524s ]
[2024-11-15T00:15:12+08:00][sql] SELECT `config` FROM `cmf_plugin` WHERE  `name` = 'Qiniu' LIMIT 1 [ RunTime:0.000254s ]
[2024-11-15T00:15:12+08:00][sql] SHOW FULL COLUMNS FROM `cmf_live` [ RunTime:0.000590s ]
[2024-11-15T00:15:12+08:00][sql] SELECT * FROM `cmf_live` WHERE  ( islive='1' and isrecommend='1' and type='0' and live_type=0 ) [ RunTime:0.000439s ]
[2024-11-15T00:15:12+08:00][sql] SHOW FULL COLUMNS FROM `cmf_slide_item` [ RunTime:0.000480s ]
[2024-11-15T00:15:12+08:00][sql] SELECT * FROM `cmf_slide_item` WHERE  ( status='1' and slide_id='1' ) ORDER BY `list_order` ASC [ RunTime:0.000315s ]
[2024-11-15T00:15:12+08:00][sql] SHOW FULL COLUMNS FROM `cmf_live_class` [ RunTime:0.000436s ]
[2024-11-15T00:15:12+08:00][sql] SELECT * FROM `cmf_live_class` ORDER BY `list_order` LIMIT 5 [ RunTime:0.000267s ]
[2024-11-15T00:15:12+08:00][sql] SELECT * FROM `cmf_live` WHERE  `islive` = 1  AND `live_type` = 0  AND `liveclassid` = 8 ORDER BY `recommend_time` DESC,`starttime` DESC LIMIT 5 [ RunTime:0.000419s ]
[2024-11-15T00:15:12+08:00][sql] SELECT `uid`,`thumb`,`stream`,`title`,`city`,`islive`,`type` FROM `cmf_live` WHERE  ( islive='1' and ishot='1' and live_type=0 ) ORDER BY `isrecommend` DESC,`recommend_time` DESC,`hotvotes` DESC,`starttime` DESC LIMIT 5 [ RunTime:0.000316s ]
[2024-11-15T00:15:12+08:00][sql] SELECT `uid`,`thumb`,`stream`,`title`,`city`,`islive`,`type` FROM `cmf_live` WHERE  ( islive='1' and live_type=0 ) ORDER BY `starttime` DESC LIMIT 5 [ RunTime:0.000273s ]
[2024-11-15T00:15:12+08:00][sql] SHOW FULL COLUMNS FROM `cmf_theme_file` [ RunTime:0.000486s ]
[2024-11-15T00:15:12+08:00][sql] SELECT `more` FROM `cmf_theme_file` WHERE  `theme` = 'default'  AND (  `is_public` = 1 OR `file` = '../home/index/index' ) [ RunTime:0.000282s ]
[2024-11-15T01:41:45+08:00][sql] CONNECT:[ UseTime:0.000416s ] mysql:host=43.241.16.146;port=3306;dbname=zhibo;charset=utf8mb4
[2024-11-15T01:41:45+08:00][sql] SHOW FULL COLUMNS FROM `cmf_hook` [ RunTime:0.000703s ]
[2024-11-15T01:41:45+08:00][sql] SELECT `hook`,`id` FROM `cmf_hook` WHERE  (  (  `app` = '' OR `app` = 'cmf' )  AND `type` = 3 ) OR `type` = 1 [ RunTime:0.000452s ]
[2024-11-15T01:41:45+08:00][sql] SHOW FULL COLUMNS FROM `cmf_hook_plugin` [ RunTime:0.000517s ]
[2024-11-15T01:41:45+08:00][sql] SELECT `hook`,`plugin` FROM `cmf_hook_plugin` WHERE  `status` = 1  AND `hook` IN ('app_begin','module_init','action_begin','view_filter','app_end','log_write','response_end','admin_init','home_init','send_mobile_verification_code','body_start','before_head_end','footer_start','before_footer','before_footer_end','before_body_end','left_sidebar_start','before_left_sidebar_end','right_sidebar_start','before_right_sidebar_end','comment','guestbook','switch_theme','after_content','before_content','log_write_done','switch_admin_theme','captcha_image') ORDER BY `list_order` ASC [ RunTime:0.000470s ]
[2024-11-15T01:41:45+08:00][sql] SHOW FULL COLUMNS FROM `cmf_plugin` [ RunTime:0.000597s ]
[2024-11-15T01:41:45+08:00][sql] SELECT `config` FROM `cmf_plugin` WHERE  `name` = 'Qiniu' LIMIT 1 [ RunTime:0.000305s ]
[2024-11-15T01:41:45+08:00][sql] SHOW FULL COLUMNS FROM `cmf_user` [ RunTime:0.000768s ]
[2024-11-15T01:41:45+08:00][sql] SELECT `id`,`user_login`,`user_nickname`,`avatar`,`avatar_thumb`,`sex`,`signature`,`consumption`,`votestotal`,`province`,`city`,`coin`,`votes`,`birthday`,`issuper` FROM `cmf_user` WHERE  `id` = 2 LIMIT 1 [ RunTime:0.000384s ]
[2024-11-15T01:41:45+08:00][sql] SHOW FULL COLUMNS FROM `cmf_vip_user` [ RunTime:0.000497s ]
[2024-11-15T01:41:45+08:00][sql] SELECT * FROM `cmf_vip_user` WHERE  `uid` = 2 LIMIT 1 [ RunTime:0.000303s ]
[2024-11-15T01:41:45+08:00][sql] SHOW FULL COLUMNS FROM `cmf_liang` [ RunTime:0.000543s ]
[2024-11-15T01:41:45+08:00][sql] SELECT * FROM `cmf_liang` WHERE  ( status=1 and state=1 )  AND `uid` = 2 LIMIT 1 [ RunTime:0.000334s ]
[2024-11-15T01:41:45+08:00][sql] SHOW FULL COLUMNS FROM `cmf_user_token` [ RunTime:0.000496s ]
[2024-11-15T01:41:45+08:00][sql] SELECT `token` FROM `cmf_user_token` WHERE  ( user_id=2 ) LIMIT 1 [ RunTime:0.000274s ]
[2024-11-15T01:41:45+08:00][sql] SELECT `id`,`user_login`,`user_nickname`,`avatar`,`avatar_thumb`,`sex`,`signature`,`consumption`,`votestotal`,`province`,`city`,`coin`,`votes`,`birthday`,`issuper` FROM `cmf_user` WHERE  `id` = 2 LIMIT 1 [ RunTime:0.000340s ]
[2024-11-15T01:41:45+08:00][sql] SELECT * FROM `cmf_vip_user` WHERE  `uid` = 2 LIMIT 1 [ RunTime:0.000296s ]
[2024-11-15T01:41:45+08:00][sql] SELECT * FROM `cmf_liang` WHERE  ( status=1 and state=1 )  AND `uid` = 2 LIMIT 1 [ RunTime:0.000316s ]
[2024-11-15T01:41:45+08:00][sql] SELECT `token` FROM `cmf_user_token` WHERE  ( user_id=2 ) LIMIT 1 [ RunTime:0.000258s ]
[2024-11-15T01:41:45+08:00][sql] SHOW FULL COLUMNS FROM `cmf_live` [ RunTime:0.000667s ]
[2024-11-15T01:41:45+08:00][sql] SELECT * FROM `cmf_live` WHERE  ( islive='1' and isrecommend='1' and type='0' and live_type=0 ) [ RunTime:0.000467s ]
[2024-11-15T01:41:45+08:00][sql] SHOW FULL COLUMNS FROM `cmf_slide_item` [ RunTime:0.000544s ]
[2024-11-15T01:41:45+08:00][sql] SELECT * FROM `cmf_slide_item` WHERE  ( status='1' and slide_id='1' ) ORDER BY `list_order` ASC [ RunTime:0.000359s ]
[2024-11-15T01:41:45+08:00][sql] SHOW FULL COLUMNS FROM `cmf_live_class` [ RunTime:0.000502s ]
[2024-11-15T01:41:45+08:00][sql] SELECT * FROM `cmf_live_class` ORDER BY `list_order` LIMIT 5 [ RunTime:0.000319s ]
[2024-11-15T01:41:45+08:00][sql] SELECT * FROM `cmf_live` WHERE  `islive` = 1  AND `live_type` = 0  AND `liveclassid` = 8 ORDER BY `recommend_time` DESC,`starttime` DESC LIMIT 5 [ RunTime:0.000470s ]
[2024-11-15T01:41:45+08:00][sql] SELECT `uid`,`thumb`,`stream`,`title`,`city`,`islive`,`type` FROM `cmf_live` WHERE  ( islive='1' and ishot='1' and live_type=0 ) ORDER BY `isrecommend` DESC,`recommend_time` DESC,`hotvotes` DESC,`starttime` DESC LIMIT 5 [ RunTime:0.000367s ]
[2024-11-15T01:41:45+08:00][sql] SELECT `uid`,`thumb`,`stream`,`title`,`city`,`islive`,`type` FROM `cmf_live` WHERE  ( islive='1' and live_type=0 ) ORDER BY `starttime` DESC LIMIT 5 [ RunTime:0.000333s ]
[2024-11-15T01:41:45+08:00][sql] SHOW FULL COLUMNS FROM `cmf_theme_file` [ RunTime:0.000544s ]
[2024-11-15T01:41:45+08:00][sql] SELECT `more` FROM `cmf_theme_file` WHERE  `theme` = 'default'  AND (  `is_public` = 1 OR `file` = '../home/index/index' ) [ RunTime:0.000337s ]
[2024-11-15T01:41:45+08:00][sql] CONNECT:[ UseTime:0.000310s ] mysql:host=43.241.16.146;port=3306;dbname=zhibo;charset=utf8mb4
[2024-11-15T01:41:45+08:00][sql] SHOW FULL COLUMNS FROM `cmf_hook` [ RunTime:0.000513s ]
[2024-11-15T01:41:45+08:00][sql] SELECT `hook`,`id` FROM `cmf_hook` WHERE  (  (  `app` = '' OR `app` = 'cmf' )  AND `type` = 3 ) OR `type` = 1 [ RunTime:0.000342s ]
[2024-11-15T01:41:45+08:00][sql] SHOW FULL COLUMNS FROM `cmf_hook_plugin` [ RunTime:0.000447s ]
[2024-11-15T01:41:45+08:00][sql] SELECT `hook`,`plugin` FROM `cmf_hook_plugin` WHERE  `status` = 1  AND `hook` IN ('app_begin','module_init','action_begin','view_filter','app_end','log_write','response_end','admin_init','home_init','send_mobile_verification_code','body_start','before_head_end','footer_start','before_footer','before_footer_end','before_body_end','left_sidebar_start','before_left_sidebar_end','right_sidebar_start','before_right_sidebar_end','comment','guestbook','switch_theme','after_content','before_content','log_write_done','switch_admin_theme','captcha_image') ORDER BY `list_order` ASC [ RunTime:0.000409s ]
[2024-11-15T01:41:45+08:00][sql] SHOW FULL COLUMNS FROM `cmf_plugin` [ RunTime:0.000501s ]
[2024-11-15T01:41:45+08:00][sql] SELECT `config` FROM `cmf_plugin` WHERE  `name` = 'Qiniu' LIMIT 1 [ RunTime:0.000250s ]
[2024-11-15T01:41:45+08:00][sql] SHOW FULL COLUMNS FROM `cmf_user` [ RunTime:0.000635s ]
[2024-11-15T01:41:45+08:00][sql] SELECT `id`,`user_login`,`user_nickname`,`avatar`,`avatar_thumb`,`sex`,`signature`,`consumption`,`votestotal`,`province`,`city`,`coin`,`votes`,`birthday`,`issuper` FROM `cmf_user` WHERE  `id` = 2 LIMIT 1 [ RunTime:0.000316s ]
[2024-11-15T01:41:45+08:00][sql] SHOW FULL COLUMNS FROM `cmf_vip_user` [ RunTime:0.000430s ]
[2024-11-15T01:41:45+08:00][sql] SELECT * FROM `cmf_vip_user` WHERE  `uid` = 2 LIMIT 1 [ RunTime:0.000234s ]
[2024-11-15T01:41:45+08:00][sql] SHOW FULL COLUMNS FROM `cmf_liang` [ RunTime:0.000451s ]
[2024-11-15T01:41:45+08:00][sql] SELECT * FROM `cmf_liang` WHERE  ( status=1 and state=1 )  AND `uid` = 2 LIMIT 1 [ RunTime:0.000288s ]
[2024-11-15T01:41:45+08:00][sql] SHOW FULL COLUMNS FROM `cmf_user_token` [ RunTime:0.000418s ]
[2024-11-15T01:41:45+08:00][sql] SELECT `token` FROM `cmf_user_token` WHERE  ( user_id=2 ) LIMIT 1 [ RunTime:0.000221s ]
[2024-11-15T01:41:45+08:00][sql] SELECT `id`,`user_login`,`user_nickname`,`avatar`,`avatar_thumb`,`sex`,`signature`,`consumption`,`votestotal`,`province`,`city`,`coin`,`votes`,`birthday`,`issuper` FROM `cmf_user` WHERE  `id` = 2 LIMIT 1 [ RunTime:0.000283s ]
[2024-11-15T01:41:45+08:00][sql] SELECT * FROM `cmf_vip_user` WHERE  `uid` = 2 LIMIT 1 [ RunTime:0.000231s ]
[2024-11-15T01:41:45+08:00][sql] SELECT * FROM `cmf_liang` WHERE  ( status=1 and state=1 )  AND `uid` = 2 LIMIT 1 [ RunTime:0.000254s ]
[2024-11-15T01:41:45+08:00][sql] SELECT `token` FROM `cmf_user_token` WHERE  ( user_id=2 ) LIMIT 1 [ RunTime:0.000204s ]
[2024-11-15T01:41:45+08:00][sql] SHOW FULL COLUMNS FROM `cmf_slide_item` [ RunTime:0.000466s ]
[2024-11-15T01:41:45+08:00][sql] SELECT * FROM `cmf_slide_item` WHERE  ( status='1' and slide_id='6' ) ORDER BY `list_order` ASC [ RunTime:0.000307s ]
[2024-11-15T01:41:45+08:00][sql] SHOW FULL COLUMNS FROM `cmf_live` [ RunTime:0.000578s ]
[2024-11-15T01:41:45+08:00][sql] SELECT `uid`,`title`,`city`,`stream`,`pull`,`thumb`,`type` FROM `cmf_live` WHERE  `islive` = 1  AND `live_type` = 0  AND `ishot` = 1 ORDER BY `recommend_time` DESC,`starttime` DESC LIMIT 0,20 [ RunTime:0.000341s ]
[2024-11-15T01:41:45+08:00][sql] SHOW FULL COLUMNS FROM `cmf_theme_file` [ RunTime:0.000468s ]
[2024-11-15T01:41:45+08:00][sql] SELECT `more` FROM `cmf_theme_file` WHERE  `theme` = 'default'  AND (  `is_public` = 1 OR `file` = '../wxshare/share/index' ) [ RunTime:0.000279s ]
[2024-11-15T01:41:46+08:00][sql] CONNECT:[ UseTime:0.000360s ] mysql:host=43.241.16.146;port=3306;dbname=zhibo;charset=utf8mb4
[2024-11-15T01:41:46+08:00][sql] SHOW FULL COLUMNS FROM `cmf_hook` [ RunTime:0.000646s ]
[2024-11-15T01:41:46+08:00][sql] SELECT `hook`,`id` FROM `cmf_hook` WHERE  (  (  `app` = '' OR `app` = 'cmf' )  AND `type` = 3 ) OR `type` = 1 [ RunTime:0.000402s ]
[2024-11-15T01:41:46+08:00][sql] SHOW FULL COLUMNS FROM `cmf_hook_plugin` [ RunTime:0.000424s ]
[2024-11-15T01:41:46+08:00][sql] SELECT `hook`,`plugin` FROM `cmf_hook_plugin` WHERE  `status` = 1  AND `hook` IN ('app_begin','module_init','action_begin','view_filter','app_end','log_write','response_end','admin_init','home_init','send_mobile_verification_code','body_start','before_head_end','footer_start','before_footer','before_footer_end','before_body_end','left_sidebar_start','before_left_sidebar_end','right_sidebar_start','before_right_sidebar_end','comment','guestbook','switch_theme','after_content','before_content','log_write_done','switch_admin_theme','captcha_image') ORDER BY `list_order` ASC [ RunTime:0.000419s ]
[2024-11-15T01:41:48+08:00][sql] CONNECT:[ UseTime:0.000300s ] mysql:host=43.241.16.146;port=3306;dbname=zhibo;charset=utf8mb4
[2024-11-15T01:41:48+08:00][sql] SHOW FULL COLUMNS FROM `cmf_hook` [ RunTime:0.000513s ]
[2024-11-15T01:41:48+08:00][sql] SELECT `hook`,`id` FROM `cmf_hook` WHERE  (  (  `app` = '' OR `app` = 'cmf' )  AND `type` = 3 ) OR `type` = 1 [ RunTime:0.000342s ]
[2024-11-15T01:41:48+08:00][sql] SHOW FULL COLUMNS FROM `cmf_hook_plugin` [ RunTime:0.000434s ]
[2024-11-15T01:41:48+08:00][sql] SELECT `hook`,`plugin` FROM `cmf_hook_plugin` WHERE  `status` = 1  AND `hook` IN ('app_begin','module_init','action_begin','view_filter','app_end','log_write','response_end','admin_init','home_init','send_mobile_verification_code','body_start','before_head_end','footer_start','before_footer','before_footer_end','before_body_end','left_sidebar_start','before_left_sidebar_end','right_sidebar_start','before_right_sidebar_end','comment','guestbook','switch_theme','after_content','before_content','log_write_done','switch_admin_theme','captcha_image') ORDER BY `list_order` ASC [ RunTime:0.000409s ]
[2024-11-15T01:41:48+08:00][sql] SHOW FULL COLUMNS FROM `cmf_plugin` [ RunTime:0.000503s ]
[2024-11-15T01:41:48+08:00][sql] SELECT `config` FROM `cmf_plugin` WHERE  `name` = 'Qiniu' LIMIT 1 [ RunTime:0.000250s ]
[2024-11-15T01:41:48+08:00][sql] SHOW FULL COLUMNS FROM `cmf_user` [ RunTime:0.000651s ]
[2024-11-15T01:41:48+08:00][sql] SELECT `id`,`user_login`,`user_nickname`,`avatar`,`avatar_thumb`,`sex`,`signature`,`consumption`,`votestotal`,`province`,`city`,`coin`,`votes`,`birthday`,`issuper` FROM `cmf_user` WHERE  `id` = 2 LIMIT 1 [ RunTime:0.000321s ]
[2024-11-15T01:41:48+08:00][sql] SHOW FULL COLUMNS FROM `cmf_vip_user` [ RunTime:0.000431s ]
[2024-11-15T01:41:48+08:00][sql] SELECT * FROM `cmf_vip_user` WHERE  `uid` = 2 LIMIT 1 [ RunTime:0.000238s ]
[2024-11-15T01:41:48+08:00][sql] SHOW FULL COLUMNS FROM `cmf_liang` [ RunTime:0.000447s ]
[2024-11-15T01:41:48+08:00][sql] SELECT * FROM `cmf_liang` WHERE  ( status=1 and state=1 )  AND `uid` = 2 LIMIT 1 [ RunTime:0.000281s ]
[2024-11-15T01:41:48+08:00][sql] SHOW FULL COLUMNS FROM `cmf_user_token` [ RunTime:0.000418s ]
[2024-11-15T01:41:48+08:00][sql] SELECT `token` FROM `cmf_user_token` WHERE  ( user_id=2 ) LIMIT 1 [ RunTime:0.000220s ]
[2024-11-15T01:41:48+08:00][sql] SELECT `id`,`user_login`,`user_nickname`,`avatar`,`avatar_thumb`,`sex`,`signature`,`consumption`,`votestotal`,`province`,`city`,`coin`,`votes`,`birthday`,`issuper` FROM `cmf_user` WHERE  `id` = 2 LIMIT 1 [ RunTime:0.000279s ]
[2024-11-15T01:41:48+08:00][sql] SELECT * FROM `cmf_vip_user` WHERE  `uid` = 2 LIMIT 1 [ RunTime:0.000232s ]
[2024-11-15T01:41:48+08:00][sql] SELECT * FROM `cmf_liang` WHERE  ( status=1 and state=1 )  AND `uid` = 2 LIMIT 1 [ RunTime:0.000257s ]
[2024-11-15T01:41:48+08:00][sql] SELECT `token` FROM `cmf_user_token` WHERE  ( user_id=2 ) LIMIT 1 [ RunTime:0.000203s ]
[2024-11-15T01:41:48+08:00][sql] SELECT `id`,`user_login`,`user_nickname`,`avatar`,`avatar_thumb`,`sex`,`signature`,`consumption`,`votestotal`,`province`,`city`,`coin`,`votes`,`birthday`,`issuper` FROM `cmf_user` WHERE  `id` = 2 LIMIT 1 [ RunTime:0.000283s ]
[2024-11-15T01:41:48+08:00][sql] SELECT * FROM `cmf_vip_user` WHERE  `uid` = 2 LIMIT 1 [ RunTime:0.000226s ]
[2024-11-15T01:41:48+08:00][sql] SELECT * FROM `cmf_liang` WHERE  ( status=1 and state=1 )  AND `uid` = 2 LIMIT 1 [ RunTime:0.000254s ]
[2024-11-15T01:41:48+08:00][sql] SELECT `token` FROM `cmf_user_token` WHERE  ( user_id=2 ) LIMIT 1 [ RunTime:0.000202s ]
[2024-11-15T01:41:48+08:00][sql] SHOW FULL COLUMNS FROM `cmf_user_attention` [ RunTime:0.000413s ]
[2024-11-15T01:41:48+08:00][sql] SELECT COUNT(*) AS think_count FROM `cmf_user_attention` WHERE  `uid` = 2 LIMIT 1 [ RunTime:0.000258s ]
[2024-11-15T01:41:48+08:00][sql] SELECT COUNT(*) AS think_count FROM `cmf_user_attention` WHERE  `touid` = 2 LIMIT 1 [ RunTime:0.000218s ]
[2024-11-15T01:41:48+08:00][sql] SHOW FULL COLUMNS FROM `cmf_theme_file` [ RunTime:0.000467s ]
[2024-11-15T01:41:48+08:00][sql] SELECT `more` FROM `cmf_theme_file` WHERE  `theme` = 'default'  AND (  `is_public` = 1 OR `file` = '../wxshare/user/index' ) [ RunTime:0.000287s ]
[2024-11-15T10:57:16+08:00][sql] CONNECT:[ UseTime:0.000407s ] mysql:host=43.241.16.146;port=3306;dbname=zhibo;charset=utf8mb4
[2024-11-15T10:57:16+08:00][sql] SHOW FULL COLUMNS FROM `cmf_hook` [ RunTime:0.000701s ]
[2024-11-15T10:57:16+08:00][sql] SELECT `hook`,`id` FROM `cmf_hook` WHERE  (  (  `app` = '' OR `app` = 'cmf' )  AND `type` = 3 ) OR `type` = 1 [ RunTime:0.000451s ]
[2024-11-15T10:57:16+08:00][sql] SHOW FULL COLUMNS FROM `cmf_hook_plugin` [ RunTime:0.000501s ]
[2024-11-15T10:57:16+08:00][sql] SELECT `hook`,`plugin` FROM `cmf_hook_plugin` WHERE  `status` = 1  AND `hook` IN ('app_begin','module_init','action_begin','view_filter','app_end','log_write','response_end','admin_init','home_init','send_mobile_verification_code','body_start','before_head_end','footer_start','before_footer','before_footer_end','before_body_end','left_sidebar_start','before_left_sidebar_end','right_sidebar_start','before_right_sidebar_end','comment','guestbook','switch_theme','after_content','before_content','log_write_done','switch_admin_theme','captcha_image') ORDER BY `list_order` ASC [ RunTime:0.000468s ]
[2024-11-15T10:57:16+08:00][sql] SHOW FULL COLUMNS FROM `cmf_plugin` [ RunTime:0.000591s ]
[2024-11-15T10:57:16+08:00][sql] SELECT `config` FROM `cmf_plugin` WHERE  `name` = 'Qiniu' LIMIT 1 [ RunTime:0.000299s ]
[2024-11-15T10:57:16+08:00][sql] SHOW FULL COLUMNS FROM `cmf_user` [ RunTime:0.000752s ]
[2024-11-15T10:57:16+08:00][sql] SELECT `id`,`user_login`,`user_nickname`,`avatar`,`avatar_thumb`,`sex`,`signature`,`consumption`,`votestotal`,`province`,`city`,`coin`,`votes`,`birthday`,`issuper` FROM `cmf_user` WHERE  `id` = 2 LIMIT 1 [ RunTime:0.000381s ]
[2024-11-15T10:57:16+08:00][sql] SHOW FULL COLUMNS FROM `cmf_vip_user` [ RunTime:0.000495s ]
[2024-11-15T10:57:16+08:00][sql] SELECT * FROM `cmf_vip_user` WHERE  `uid` = 2 LIMIT 1 [ RunTime:0.000285s ]
[2024-11-15T10:57:16+08:00][sql] SHOW FULL COLUMNS FROM `cmf_liang` [ RunTime:0.000524s ]
[2024-11-15T10:57:16+08:00][sql] SELECT * FROM `cmf_liang` WHERE  ( status=1 and state=1 )  AND `uid` = 2 LIMIT 1 [ RunTime:0.000332s ]
[2024-11-15T10:57:16+08:00][sql] SHOW FULL COLUMNS FROM `cmf_user_token` [ RunTime:0.000500s ]
[2024-11-15T10:57:16+08:00][sql] SELECT `token` FROM `cmf_user_token` WHERE  ( user_id=2 ) LIMIT 1 [ RunTime:0.000264s ]
[2024-11-15T10:57:16+08:00][sql] SELECT `id`,`user_login`,`user_nickname`,`avatar`,`avatar_thumb`,`sex`,`signature`,`consumption`,`votestotal`,`province`,`city`,`coin`,`votes`,`birthday`,`issuper` FROM `cmf_user` WHERE  `id` = 2 LIMIT 1 [ RunTime:0.000345s ]
[2024-11-15T10:57:16+08:00][sql] SELECT * FROM `cmf_vip_user` WHERE  `uid` = 2 LIMIT 1 [ RunTime:0.000280s ]
[2024-11-15T10:57:16+08:00][sql] SELECT * FROM `cmf_liang` WHERE  ( status=1 and state=1 )  AND `uid` = 2 LIMIT 1 [ RunTime:0.000315s ]
[2024-11-15T10:57:16+08:00][sql] SELECT `token` FROM `cmf_user_token` WHERE  ( user_id=2 ) LIMIT 1 [ RunTime:0.000250s ]
[2024-11-15T10:57:16+08:00][sql] SHOW FULL COLUMNS FROM `cmf_live` [ RunTime:0.000666s ]
[2024-11-15T10:57:16+08:00][sql] SELECT * FROM `cmf_live` WHERE  ( islive='1' and isrecommend='1' and type='0' and live_type=0 ) [ RunTime:0.000470s ]
[2024-11-15T10:57:16+08:00][sql] SHOW FULL COLUMNS FROM `cmf_slide_item` [ RunTime:0.000529s ]
[2024-11-15T10:57:16+08:00][sql] SELECT * FROM `cmf_slide_item` WHERE  ( status='1' and slide_id='1' ) ORDER BY `list_order` ASC [ RunTime:0.000353s ]
[2024-11-15T10:57:16+08:00][sql] SHOW FULL COLUMNS FROM `cmf_live_class` [ RunTime:0.000503s ]
[2024-11-15T10:57:16+08:00][sql] SELECT * FROM `cmf_live_class` ORDER BY `list_order` LIMIT 5 [ RunTime:0.000308s ]
[2024-11-15T10:57:16+08:00][sql] SELECT * FROM `cmf_live` WHERE  `islive` = 1  AND `live_type` = 0  AND `liveclassid` = 8 ORDER BY `recommend_time` DESC,`starttime` DESC LIMIT 5 [ RunTime:0.000470s ]
[2024-11-15T10:57:16+08:00][sql] SELECT `uid`,`thumb`,`stream`,`title`,`city`,`islive`,`type` FROM `cmf_live` WHERE  ( islive='1' and ishot='1' and live_type=0 ) ORDER BY `isrecommend` DESC,`recommend_time` DESC,`hotvotes` DESC,`starttime` DESC LIMIT 5 [ RunTime:0.000359s ]
[2024-11-15T10:57:16+08:00][sql] SELECT `uid`,`thumb`,`stream`,`title`,`city`,`islive`,`type` FROM `cmf_live` WHERE  ( islive='1' and live_type=0 ) ORDER BY `starttime` DESC LIMIT 5 [ RunTime:0.000320s ]
[2024-11-15T10:57:16+08:00][sql] SHOW FULL COLUMNS FROM `cmf_theme_file` [ RunTime:0.000553s ]
[2024-11-15T10:57:16+08:00][sql] SELECT `more` FROM `cmf_theme_file` WHERE  `theme` = 'default'  AND (  `is_public` = 1 OR `file` = '../home/index/index' ) [ RunTime:0.000332s ]
[2024-11-15T10:57:17+08:00][sql] CONNECT:[ UseTime:0.000313s ] mysql:host=43.241.16.146;port=3306;dbname=zhibo;charset=utf8mb4
[2024-11-15T10:57:17+08:00][sql] SHOW FULL COLUMNS FROM `cmf_hook` [ RunTime:0.000520s ]
[2024-11-15T10:57:17+08:00][sql] SELECT `hook`,`id` FROM `cmf_hook` WHERE  (  (  `app` = '' OR `app` = 'cmf' )  AND `type` = 3 ) OR `type` = 1 [ RunTime:0.000348s ]
[2024-11-15T10:57:17+08:00][sql] SHOW FULL COLUMNS FROM `cmf_hook_plugin` [ RunTime:0.000430s ]
[2024-11-15T10:57:17+08:00][sql] SELECT `hook`,`plugin` FROM `cmf_hook_plugin` WHERE  `status` = 1  AND `hook` IN ('app_begin','module_init','action_begin','view_filter','app_end','log_write','response_end','admin_init','home_init','send_mobile_verification_code','body_start','before_head_end','footer_start','before_footer','before_footer_end','before_body_end','left_sidebar_start','before_left_sidebar_end','right_sidebar_start','before_right_sidebar_end','comment','guestbook','switch_theme','after_content','before_content','log_write_done','switch_admin_theme','captcha_image') ORDER BY `list_order` ASC [ RunTime:0.000413s ]
[2024-11-15T10:57:17+08:00][sql] SHOW FULL COLUMNS FROM `cmf_plugin` [ RunTime:0.000503s ]
[2024-11-15T10:57:17+08:00][sql] SELECT `config` FROM `cmf_plugin` WHERE  `name` = 'Qiniu' LIMIT 1 [ RunTime:0.000247s ]
[2024-11-15T10:57:17+08:00][sql] SHOW FULL COLUMNS FROM `cmf_user` [ RunTime:0.000632s ]
[2024-11-15T10:57:17+08:00][sql] SELECT `id`,`user_login`,`user_nickname`,`avatar`,`avatar_thumb`,`sex`,`signature`,`consumption`,`votestotal`,`province`,`city`,`coin`,`votes`,`birthday`,`issuper` FROM `cmf_user` WHERE  `id` = 2 LIMIT 1 [ RunTime:0.000315s ]
[2024-11-15T10:57:17+08:00][sql] SHOW FULL COLUMNS FROM `cmf_vip_user` [ RunTime:0.000430s ]
[2024-11-15T10:57:17+08:00][sql] SELECT * FROM `cmf_vip_user` WHERE  `uid` = 2 LIMIT 1 [ RunTime:0.000235s ]
[2024-11-15T10:57:17+08:00][sql] SHOW FULL COLUMNS FROM `cmf_liang` [ RunTime:0.000442s ]
[2024-11-15T10:57:17+08:00][sql] SELECT * FROM `cmf_liang` WHERE  ( status=1 and state=1 )  AND `uid` = 2 LIMIT 1 [ RunTime:0.000284s ]
[2024-11-15T10:57:17+08:00][sql] SHOW FULL COLUMNS FROM `cmf_user_token` [ RunTime:0.000414s ]
[2024-11-15T10:57:17+08:00][sql] SELECT `token` FROM `cmf_user_token` WHERE  ( user_id=2 ) LIMIT 1 [ RunTime:0.000226s ]
[2024-11-15T10:57:17+08:00][sql] SELECT `id`,`user_login`,`user_nickname`,`avatar`,`avatar_thumb`,`sex`,`signature`,`consumption`,`votestotal`,`province`,`city`,`coin`,`votes`,`birthday`,`issuper` FROM `cmf_user` WHERE  `id` = 2 LIMIT 1 [ RunTime:0.000282s ]
[2024-11-15T10:57:17+08:00][sql] SELECT * FROM `cmf_vip_user` WHERE  `uid` = 2 LIMIT 1 [ RunTime:0.000237s ]
[2024-11-15T10:57:17+08:00][sql] SELECT * FROM `cmf_liang` WHERE  ( status=1 and state=1 )  AND `uid` = 2 LIMIT 1 [ RunTime:0.000253s ]
[2024-11-15T10:57:17+08:00][sql] SELECT `token` FROM `cmf_user_token` WHERE  ( user_id=2 ) LIMIT 1 [ RunTime:0.000202s ]
[2024-11-15T10:57:17+08:00][sql] SHOW FULL COLUMNS FROM `cmf_slide_item` [ RunTime:0.000460s ]
[2024-11-15T10:57:17+08:00][sql] SELECT * FROM `cmf_slide_item` WHERE  ( status='1' and slide_id='6' ) ORDER BY `list_order` ASC [ RunTime:0.000313s ]
[2024-11-15T10:57:17+08:00][sql] SHOW FULL COLUMNS FROM `cmf_live` [ RunTime:0.000575s ]
[2024-11-15T10:57:17+08:00][sql] SELECT `uid`,`title`,`city`,`stream`,`pull`,`thumb`,`type` FROM `cmf_live` WHERE  `islive` = 1  AND `live_type` = 0  AND `ishot` = 1 ORDER BY `recommend_time` DESC,`starttime` DESC LIMIT 0,20 [ RunTime:0.000335s ]
[2024-11-15T10:57:17+08:00][sql] SHOW FULL COLUMNS FROM `cmf_theme_file` [ RunTime:0.000467s ]
[2024-11-15T10:57:17+08:00][sql] SELECT `more` FROM `cmf_theme_file` WHERE  `theme` = 'default'  AND (  `is_public` = 1 OR `file` = '../wxshare/share/index' ) [ RunTime:0.000287s ]
[2024-11-15T10:57:20+08:00][sql] CONNECT:[ UseTime:0.000407s ] mysql:host=43.241.16.146;port=3306;dbname=zhibo;charset=utf8mb4
[2024-11-15T10:57:20+08:00][sql] SHOW FULL COLUMNS FROM `cmf_hook` [ RunTime:0.000631s ]
[2024-11-15T10:57:20+08:00][sql] SELECT `hook`,`id` FROM `cmf_hook` WHERE  (  (  `app` = '' OR `app` = 'cmf' )  AND `type` = 3 ) OR `type` = 1 [ RunTime:0.000400s ]
[2024-11-15T10:57:20+08:00][sql] SHOW FULL COLUMNS FROM `cmf_hook_plugin` [ RunTime:0.000441s ]
[2024-11-15T10:57:20+08:00][sql] SELECT `hook`,`plugin` FROM `cmf_hook_plugin` WHERE  `status` = 1  AND `hook` IN ('app_begin','module_init','action_begin','view_filter','app_end','log_write','response_end','admin_init','home_init','send_mobile_verification_code','body_start','before_head_end','footer_start','before_footer','before_footer_end','before_body_end','left_sidebar_start','before_left_sidebar_end','right_sidebar_start','before_right_sidebar_end','comment','guestbook','switch_theme','after_content','before_content','log_write_done','switch_admin_theme','captcha_image') ORDER BY `list_order` ASC [ RunTime:0.000418s ]
[2024-11-15T10:57:20+08:00][sql] SHOW FULL COLUMNS FROM `cmf_plugin` [ RunTime:0.000514s ]
[2024-11-15T10:57:20+08:00][sql] SELECT `config` FROM `cmf_plugin` WHERE  `name` = 'Qiniu' LIMIT 1 [ RunTime:0.000248s ]
[2024-11-15T10:57:20+08:00][sql] SHOW FULL COLUMNS FROM `cmf_user` [ RunTime:0.000649s ]
[2024-11-15T10:57:20+08:00][sql] SELECT `id`,`user_login`,`user_nickname`,`avatar`,`avatar_thumb`,`sex`,`signature`,`consumption`,`votestotal`,`province`,`city`,`coin`,`votes`,`birthday`,`issuper` FROM `cmf_user` WHERE  `id` = 2 LIMIT 1 [ RunTime:0.000336s ]
[2024-11-15T10:57:20+08:00][sql] SHOW FULL COLUMNS FROM `cmf_vip_user` [ RunTime:0.000418s ]
[2024-11-15T10:57:20+08:00][sql] SELECT * FROM `cmf_vip_user` WHERE  `uid` = 2 LIMIT 1 [ RunTime:0.000253s ]
[2024-11-15T10:57:20+08:00][sql] SHOW FULL COLUMNS FROM `cmf_liang` [ RunTime:0.000449s ]
[2024-11-15T10:57:20+08:00][sql] SELECT * FROM `cmf_liang` WHERE  ( status=1 and state=1 )  AND `uid` = 2 LIMIT 1 [ RunTime:0.000278s ]
[2024-11-15T10:57:20+08:00][sql] SHOW FULL COLUMNS FROM `cmf_user_token` [ RunTime:0.000426s ]
[2024-11-15T10:57:20+08:00][sql] SELECT `token` FROM `cmf_user_token` WHERE  ( user_id=2 ) LIMIT 1 [ RunTime:0.000214s ]
[2024-11-15T10:57:20+08:00][sql] SELECT `id`,`user_login`,`user_nickname`,`avatar`,`avatar_thumb`,`sex`,`signature`,`consumption`,`votestotal`,`province`,`city`,`coin`,`votes`,`birthday`,`issuper` FROM `cmf_user` WHERE  `id` = 2 LIMIT 1 [ RunTime:0.000286s ]
[2024-11-15T10:57:20+08:00][sql] SELECT * FROM `cmf_vip_user` WHERE  `uid` = 2 LIMIT 1 [ RunTime:0.000227s ]
[2024-11-15T10:57:20+08:00][sql] SELECT * FROM `cmf_liang` WHERE  ( status=1 and state=1 )  AND `uid` = 2 LIMIT 1 [ RunTime:0.000261s ]
[2024-11-15T10:57:20+08:00][sql] SELECT `token` FROM `cmf_user_token` WHERE  ( user_id=2 ) LIMIT 1 [ RunTime:0.000199s ]
[2024-11-15T10:57:20+08:00][sql] SELECT `id`,`user_login`,`user_nickname`,`avatar`,`avatar_thumb`,`sex`,`signature`,`consumption`,`votestotal`,`province`,`city`,`coin`,`votes`,`birthday`,`issuper` FROM `cmf_user` WHERE  `id` = 2 LIMIT 1 [ RunTime:0.000287s ]
[2024-11-15T10:57:20+08:00][sql] SELECT * FROM `cmf_vip_user` WHERE  `uid` = 2 LIMIT 1 [ RunTime:0.000223s ]
[2024-11-15T10:57:20+08:00][sql] SELECT * FROM `cmf_liang` WHERE  ( status=1 and state=1 )  AND `uid` = 2 LIMIT 1 [ RunTime:0.000256s ]
[2024-11-15T10:57:20+08:00][sql] SELECT `token` FROM `cmf_user_token` WHERE  ( user_id=2 ) LIMIT 1 [ RunTime:0.000194s ]
[2024-11-15T10:57:20+08:00][sql] SHOW FULL COLUMNS FROM `cmf_user_attention` [ RunTime:0.000416s ]
[2024-11-15T10:57:20+08:00][sql] SELECT COUNT(*) AS think_count FROM `cmf_user_attention` WHERE  `uid` = 2 LIMIT 1 [ RunTime:0.000262s ]
[2024-11-15T10:57:20+08:00][sql] SELECT COUNT(*) AS think_count FROM `cmf_user_attention` WHERE  `touid` = 2 LIMIT 1 [ RunTime:0.000214s ]
[2024-11-15T10:57:20+08:00][sql] SHOW FULL COLUMNS FROM `cmf_theme_file` [ RunTime:0.000464s ]
[2024-11-15T10:57:20+08:00][sql] SELECT `more` FROM `cmf_theme_file` WHERE  `theme` = 'default'  AND (  `is_public` = 1 OR `file` = '../wxshare/user/index' ) [ RunTime:0.000277s ]
[2024-11-15T10:57:22+08:00][sql] CONNECT:[ UseTime:0.000326s ] mysql:host=43.241.16.146;port=3306;dbname=zhibo;charset=utf8mb4
[2024-11-15T10:57:22+08:00][sql] SHOW FULL COLUMNS FROM `cmf_hook` [ RunTime:0.000514s ]
[2024-11-15T10:57:22+08:00][sql] SELECT `hook`,`id` FROM `cmf_hook` WHERE  (  (  `app` = '' OR `app` = 'cmf' )  AND `type` = 3 ) OR `type` = 1 [ RunTime:0.000353s ]
[2024-11-15T10:57:22+08:00][sql] SHOW FULL COLUMNS FROM `cmf_hook_plugin` [ RunTime:0.000441s ]
[2024-11-15T10:57:22+08:00][sql] SELECT `hook`,`plugin` FROM `cmf_hook_plugin` WHERE  `status` = 1  AND `hook` IN ('app_begin','module_init','action_begin','view_filter','app_end','log_write','response_end','admin_init','home_init','send_mobile_verification_code','body_start','before_head_end','footer_start','before_footer','before_footer_end','before_body_end','left_sidebar_start','before_left_sidebar_end','right_sidebar_start','before_right_sidebar_end','comment','guestbook','switch_theme','after_content','before_content','log_write_done','switch_admin_theme','captcha_image') ORDER BY `list_order` ASC [ RunTime:0.000404s ]
[2024-11-15T10:57:22+08:00][sql] SHOW FULL COLUMNS FROM `cmf_plugin` [ RunTime:0.000515s ]
[2024-11-15T10:57:22+08:00][sql] SELECT `config` FROM `cmf_plugin` WHERE  `name` = 'Qiniu' LIMIT 1 [ RunTime:0.000250s ]
[2024-11-15T10:57:22+08:00][sql] SHOW FULL COLUMNS FROM `cmf_user` [ RunTime:0.000638s ]
[2024-11-15T10:57:22+08:00][sql] SELECT `id`,`user_login`,`user_nickname`,`avatar`,`avatar_thumb`,`sex`,`signature`,`consumption`,`votestotal`,`province`,`city`,`coin`,`votes`,`birthday`,`issuper` FROM `cmf_user` WHERE  `id` = 2 LIMIT 1 [ RunTime:0.000318s ]
[2024-11-15T10:57:22+08:00][sql] SHOW FULL COLUMNS FROM `cmf_vip_user` [ RunTime:0.000434s ]
[2024-11-15T10:57:22+08:00][sql] SELECT * FROM `cmf_vip_user` WHERE  `uid` = 2 LIMIT 1 [ RunTime:0.000239s ]
[2024-11-15T10:57:22+08:00][sql] SHOW FULL COLUMNS FROM `cmf_liang` [ RunTime:0.000449s ]
[2024-11-15T10:57:22+08:00][sql] SELECT * FROM `cmf_liang` WHERE  ( status=1 and state=1 )  AND `uid` = 2 LIMIT 1 [ RunTime:0.000291s ]
[2024-11-15T10:57:22+08:00][sql] SHOW FULL COLUMNS FROM `cmf_user_token` [ RunTime:0.000423s ]
[2024-11-15T10:57:22+08:00][sql] SELECT `token` FROM `cmf_user_token` WHERE  ( user_id=2 ) LIMIT 1 [ RunTime:0.000219s ]
[2024-11-15T10:57:22+08:00][sql] SELECT `id`,`user_login`,`user_nickname`,`avatar`,`avatar_thumb`,`sex`,`signature`,`consumption`,`votestotal`,`province`,`city`,`coin`,`votes`,`birthday`,`issuper` FROM `cmf_user` WHERE  `id` = 2 LIMIT 1 [ RunTime:0.000285s ]
[2024-11-15T10:57:22+08:00][sql] SELECT * FROM `cmf_vip_user` WHERE  `uid` = 2 LIMIT 1 [ RunTime:0.000231s ]
[2024-11-15T10:57:22+08:00][sql] SELECT * FROM `cmf_liang` WHERE  ( status=1 and state=1 )  AND `uid` = 2 LIMIT 1 [ RunTime:0.000257s ]
[2024-11-15T10:57:22+08:00][sql] SELECT `token` FROM `cmf_user_token` WHERE  ( user_id=2 ) LIMIT 1 [ RunTime:0.000202s ]
[2024-11-15T10:57:22+08:00][sql] SELECT `id`,`user_login`,`user_nickname`,`avatar`,`avatar_thumb`,`sex`,`signature`,`consumption`,`votestotal`,`province`,`city`,`coin`,`votes`,`birthday`,`issuper` FROM `cmf_user` WHERE  `id` = 2 LIMIT 1 [ RunTime:0.000284s ]
[2024-11-15T10:57:22+08:00][sql] SELECT * FROM `cmf_vip_user` WHERE  `uid` = 2 LIMIT 1 [ RunTime:0.000227s ]
[2024-11-15T10:57:22+08:00][sql] SELECT * FROM `cmf_liang` WHERE  ( status=1 and state=1 )  AND `uid` = 2 LIMIT 1 [ RunTime:0.000256s ]
[2024-11-15T10:57:22+08:00][sql] SELECT `token` FROM `cmf_user_token` WHERE  ( user_id=2 ) LIMIT 1 [ RunTime:0.000196s ]
[2024-11-15T10:57:22+08:00][sql] SHOW FULL COLUMNS FROM `cmf_cash_account` [ RunTime:0.000491s ]
[2024-11-15T10:57:22+08:00][sql] SELECT * FROM `cmf_cash_account` WHERE  ( uid=2 ) ORDER BY `id` DESC [ RunTime:0.000256s ]
[2024-11-15T10:57:22+08:00][sql] SHOW FULL COLUMNS FROM `cmf_theme_file` [ RunTime:0.000474s ]
[2024-11-15T10:57:22+08:00][sql] SELECT `more` FROM `cmf_theme_file` WHERE  `theme` = 'default'  AND (  `is_public` = 1 OR `file` = '../wxshare/profit/index' ) [ RunTime:0.000278s ]
[2024-11-15T10:57:25+08:00][sql] CONNECT:[ UseTime:0.000298s ] mysql:host=43.241.16.146;port=3306;dbname=zhibo;charset=utf8mb4
[2024-11-15T10:57:25+08:00][sql] SHOW FULL COLUMNS FROM `cmf_hook` [ RunTime:0.000511s ]
[2024-11-15T10:57:25+08:00][sql] SELECT `hook`,`id` FROM `cmf_hook` WHERE  (  (  `app` = '' OR `app` = 'cmf' )  AND `type` = 3 ) OR `type` = 1 [ RunTime:0.000336s ]
[2024-11-15T10:57:25+08:00][sql] SHOW FULL COLUMNS FROM `cmf_hook_plugin` [ RunTime:0.000445s ]
[2024-11-15T10:57:25+08:00][sql] SELECT `hook`,`plugin` FROM `cmf_hook_plugin` WHERE  `status` = 1  AND `hook` IN ('app_begin','module_init','action_begin','view_filter','app_end','log_write','response_end','admin_init','home_init','send_mobile_verification_code','body_start','before_head_end','footer_start','before_footer','before_footer_end','before_body_end','left_sidebar_start','before_left_sidebar_end','right_sidebar_start','before_right_sidebar_end','comment','guestbook','switch_theme','after_content','before_content','log_write_done','switch_admin_theme','captcha_image') ORDER BY `list_order` ASC [ RunTime:0.000398s ]
[2024-11-15T10:57:25+08:00][sql] SHOW FULL COLUMNS FROM `cmf_plugin` [ RunTime:0.000525s ]
[2024-11-15T10:57:25+08:00][sql] SELECT `config` FROM `cmf_plugin` WHERE  `name` = 'Qiniu' LIMIT 1 [ RunTime:0.000254s ]
[2024-11-15T10:57:25+08:00][sql] SHOW FULL COLUMNS FROM `cmf_user` [ RunTime:0.000649s ]
[2024-11-15T10:57:25+08:00][sql] SELECT `id`,`user_login`,`user_nickname`,`avatar`,`avatar_thumb`,`sex`,`signature`,`consumption`,`votestotal`,`province`,`city`,`coin`,`votes`,`birthday`,`issuper` FROM `cmf_user` WHERE  `id` = 2 LIMIT 1 [ RunTime:0.000316s ]
[2024-11-15T10:57:25+08:00][sql] SHOW FULL COLUMNS FROM `cmf_vip_user` [ RunTime:0.000441s ]
[2024-11-15T10:57:25+08:00][sql] SELECT * FROM `cmf_vip_user` WHERE  `uid` = 2 LIMIT 1 [ RunTime:0.000237s ]
[2024-11-15T10:57:25+08:00][sql] SHOW FULL COLUMNS FROM `cmf_liang` [ RunTime:0.000449s ]
[2024-11-15T10:57:25+08:00][sql] SELECT * FROM `cmf_liang` WHERE  ( status=1 and state=1 )  AND `uid` = 2 LIMIT 1 [ RunTime:0.000282s ]
[2024-11-15T10:57:25+08:00][sql] SHOW FULL COLUMNS FROM `cmf_user_token` [ RunTime:0.000422s ]
[2024-11-15T10:57:25+08:00][sql] SELECT `token` FROM `cmf_user_token` WHERE  ( user_id=2 ) LIMIT 1 [ RunTime:0.000215s ]
[2024-11-15T10:57:25+08:00][sql] SELECT `id`,`user_login`,`user_nickname`,`avatar`,`avatar_thumb`,`sex`,`signature`,`consumption`,`votestotal`,`province`,`city`,`coin`,`votes`,`birthday`,`issuper` FROM `cmf_user` WHERE  `id` = 2 LIMIT 1 [ RunTime:0.000281s ]
[2024-11-15T10:57:25+08:00][sql] SELECT * FROM `cmf_vip_user` WHERE  `uid` = 2 LIMIT 1 [ RunTime:0.000236s ]
[2024-11-15T10:57:25+08:00][sql] SELECT * FROM `cmf_liang` WHERE  ( status=1 and state=1 )  AND `uid` = 2 LIMIT 1 [ RunTime:0.000257s ]
[2024-11-15T10:57:25+08:00][sql] SELECT `token` FROM `cmf_user_token` WHERE  ( user_id=2 ) LIMIT 1 [ RunTime:0.000208s ]
[2024-11-15T10:57:25+08:00][sql] SELECT `id`,`user_login`,`user_nickname`,`avatar`,`avatar_thumb`,`sex`,`signature`,`consumption`,`votestotal`,`province`,`city`,`coin`,`votes`,`birthday`,`issuper` FROM `cmf_user` WHERE  `id` = 2 LIMIT 1 [ RunTime:0.000283s ]
[2024-11-15T10:57:25+08:00][sql] SELECT * FROM `cmf_vip_user` WHERE  `uid` = 2 LIMIT 1 [ RunTime:0.000236s ]
[2024-11-15T10:57:25+08:00][sql] SELECT * FROM `cmf_liang` WHERE  ( status=1 and state=1 )  AND `uid` = 2 LIMIT 1 [ RunTime:0.000251s ]
[2024-11-15T10:57:25+08:00][sql] SELECT `token` FROM `cmf_user_token` WHERE  ( user_id=2 ) LIMIT 1 [ RunTime:0.000202s ]
[2024-11-15T10:57:25+08:00][sql] SHOW FULL COLUMNS FROM `cmf_user_attention` [ RunTime:0.000411s ]
[2024-11-15T10:57:25+08:00][sql] SELECT COUNT(*) AS think_count FROM `cmf_user_attention` WHERE  `uid` = 2 LIMIT 1 [ RunTime:0.000254s ]
[2024-11-15T10:57:25+08:00][sql] SELECT COUNT(*) AS think_count FROM `cmf_user_attention` WHERE  `touid` = 2 LIMIT 1 [ RunTime:0.000218s ]
[2024-11-15T10:57:25+08:00][sql] SHOW FULL COLUMNS FROM `cmf_theme_file` [ RunTime:0.000477s ]
[2024-11-15T10:57:25+08:00][sql] SELECT `more` FROM `cmf_theme_file` WHERE  `theme` = 'default'  AND (  `is_public` = 1 OR `file` = '../wxshare/user/index' ) [ RunTime:0.000276s ]
[2024-11-15T10:57:27+08:00][sql] CONNECT:[ UseTime:0.000344s ] mysql:host=43.241.16.146;port=3306;dbname=zhibo;charset=utf8mb4
[2024-11-15T10:57:27+08:00][sql] SHOW FULL COLUMNS FROM `cmf_hook` [ RunTime:0.000472s ]
[2024-11-15T10:57:27+08:00][sql] SELECT `hook`,`id` FROM `cmf_hook` WHERE  (  (  `app` = '' OR `app` = 'cmf' )  AND `type` = 3 ) OR `type` = 1 [ RunTime:0.000334s ]
[2024-11-15T10:57:27+08:00][sql] SHOW FULL COLUMNS FROM `cmf_hook_plugin` [ RunTime:0.000440s ]
[2024-11-15T10:57:27+08:00][sql] SELECT `hook`,`plugin` FROM `cmf_hook_plugin` WHERE  `status` = 1  AND `hook` IN ('app_begin','module_init','action_begin','view_filter','app_end','log_write','response_end','admin_init','home_init','send_mobile_verification_code','body_start','before_head_end','footer_start','before_footer','before_footer_end','before_body_end','left_sidebar_start','before_left_sidebar_end','right_sidebar_start','before_right_sidebar_end','comment','guestbook','switch_theme','after_content','before_content','log_write_done','switch_admin_theme','captcha_image') ORDER BY `list_order` ASC [ RunTime:0.000393s ]
[2024-11-15T10:57:27+08:00][sql] SHOW FULL COLUMNS FROM `cmf_plugin` [ RunTime:0.000538s ]
[2024-11-15T10:57:27+08:00][sql] SELECT `config` FROM `cmf_plugin` WHERE  `name` = 'Qiniu' LIMIT 1 [ RunTime:0.000252s ]
[2024-11-15T10:57:27+08:00][sql] SHOW FULL COLUMNS FROM `cmf_user` [ RunTime:0.000816s ]
[2024-11-15T10:57:27+08:00][sql] SELECT `id`,`user_login`,`user_nickname`,`avatar`,`avatar_thumb`,`sex`,`signature`,`consumption`,`votestotal`,`province`,`city`,`coin`,`votes`,`birthday`,`issuper` FROM `cmf_user` WHERE  `id` = 2 LIMIT 1 [ RunTime:0.000355s ]
[2024-11-15T10:57:27+08:00][sql] SHOW FULL COLUMNS FROM `cmf_vip_user` [ RunTime:0.000435s ]
[2024-11-15T10:57:27+08:00][sql] SELECT * FROM `cmf_vip_user` WHERE  `uid` = 2 LIMIT 1 [ RunTime:0.000241s ]
[2024-11-15T10:57:27+08:00][sql] SHOW FULL COLUMNS FROM `cmf_liang` [ RunTime:0.000453s ]
[2024-11-15T10:57:27+08:00][sql] SELECT * FROM `cmf_liang` WHERE  ( status=1 and state=1 )  AND `uid` = 2 LIMIT 1 [ RunTime:0.000285s ]
[2024-11-15T10:57:27+08:00][sql] SHOW FULL COLUMNS FROM `cmf_user_token` [ RunTime:0.000418s ]
[2024-11-15T10:57:27+08:00][sql] SELECT `token` FROM `cmf_user_token` WHERE  ( user_id=2 ) LIMIT 1 [ RunTime:0.000218s ]
[2024-11-15T10:57:27+08:00][sql] SELECT `id`,`user_login`,`user_nickname`,`avatar`,`avatar_thumb`,`sex`,`signature`,`consumption`,`votestotal`,`province`,`city`,`coin`,`votes`,`birthday`,`issuper` FROM `cmf_user` WHERE  `id` = 2 LIMIT 1 [ RunTime:0.000281s ]
[2024-11-15T10:57:27+08:00][sql] SELECT * FROM `cmf_vip_user` WHERE  `uid` = 2 LIMIT 1 [ RunTime:0.000232s ]
[2024-11-15T10:57:27+08:00][sql] SELECT * FROM `cmf_liang` WHERE  ( status=1 and state=1 )  AND `uid` = 2 LIMIT 1 [ RunTime:0.000254s ]
[2024-11-15T10:57:27+08:00][sql] SELECT `token` FROM `cmf_user_token` WHERE  ( user_id=2 ) LIMIT 1 [ RunTime:0.000206s ]
[2024-11-15T10:57:27+08:00][sql] SHOW FULL COLUMNS FROM `cmf_slide_item` [ RunTime:0.000476s ]
[2024-11-15T10:57:27+08:00][sql] SELECT * FROM `cmf_slide_item` WHERE  ( status='1' and slide_id='6' ) ORDER BY `list_order` ASC [ RunTime:0.000318s ]
[2024-11-15T10:57:27+08:00][sql] SHOW FULL COLUMNS FROM `cmf_live` [ RunTime:0.000577s ]
[2024-11-15T10:57:27+08:00][sql] SELECT `uid`,`title`,`city`,`stream`,`pull`,`thumb`,`type` FROM `cmf_live` WHERE  `islive` = 1  AND `live_type` = 0  AND `ishot` = 1 ORDER BY `recommend_time` DESC,`starttime` DESC LIMIT 0,20 [ RunTime:0.000355s ]
[2024-11-15T10:57:27+08:00][sql] SHOW FULL COLUMNS FROM `cmf_theme_file` [ RunTime:0.000475s ]
[2024-11-15T10:57:27+08:00][sql] SELECT `more` FROM `cmf_theme_file` WHERE  `theme` = 'default'  AND (  `is_public` = 1 OR `file` = '../wxshare/share/index' ) [ RunTime:0.000283s ]
[2024-11-15T10:58:16+08:00][sql] CONNECT:[ UseTime:0.000339s ] mysql:host=43.241.16.146;port=3306;dbname=zhibo;charset=utf8mb4
[2024-11-15T10:58:16+08:00][sql] SHOW FULL COLUMNS FROM `cmf_hook` [ RunTime:0.000549s ]
[2024-11-15T10:58:16+08:00][sql] SELECT `hook`,`id` FROM `cmf_hook` WHERE  (  (  `app` = '' OR `app` = 'cmf' )  AND `type` = 3 ) OR `type` = 1 [ RunTime:0.000390s ]
[2024-11-15T10:58:16+08:00][sql] SHOW FULL COLUMNS FROM `cmf_hook_plugin` [ RunTime:0.000504s ]
[2024-11-15T10:58:16+08:00][sql] SELECT `hook`,`plugin` FROM `cmf_hook_plugin` WHERE  `status` = 1  AND `hook` IN ('app_begin','module_init','action_begin','view_filter','app_end','log_write','response_end','admin_init','home_init','send_mobile_verification_code','body_start','before_head_end','footer_start','before_footer','before_footer_end','before_body_end','left_sidebar_start','before_left_sidebar_end','right_sidebar_start','before_right_sidebar_end','comment','guestbook','switch_theme','after_content','before_content','log_write_done','switch_admin_theme','captcha_image') ORDER BY `list_order` ASC [ RunTime:0.000455s ]
[2024-11-15T10:58:16+08:00][sql] SHOW FULL COLUMNS FROM `cmf_plugin` [ RunTime:0.000588s ]
[2024-11-15T10:58:16+08:00][sql] SELECT `config` FROM `cmf_plugin` WHERE  `name` = 'Qiniu' LIMIT 1 [ RunTime:0.000304s ]
[2024-11-15T10:58:16+08:00][sql] SHOW FULL COLUMNS FROM `cmf_live` [ RunTime:0.000680s ]
[2024-11-15T10:58:16+08:00][sql] SELECT * FROM `cmf_live` WHERE  ( islive='1' and isrecommend='1' and type='0' and live_type=0 ) [ RunTime:0.000446s ]
[2024-11-15T10:58:16+08:00][sql] SHOW FULL COLUMNS FROM `cmf_slide_item` [ RunTime:0.000536s ]
[2024-11-15T10:58:16+08:00][sql] SELECT * FROM `cmf_slide_item` WHERE  ( status='1' and slide_id='1' ) ORDER BY `list_order` ASC [ RunTime:0.000348s ]
[2024-11-15T10:58:16+08:00][sql] SHOW FULL COLUMNS FROM `cmf_live_class` [ RunTime:0.000500s ]
[2024-11-15T10:58:16+08:00][sql] SELECT * FROM `cmf_live_class` ORDER BY `list_order` LIMIT 5 [ RunTime:0.000322s ]
[2024-11-15T10:58:16+08:00][sql] SELECT * FROM `cmf_live` WHERE  `islive` = 1  AND `live_type` = 0  AND `liveclassid` = 8 ORDER BY `recommend_time` DESC,`starttime` DESC LIMIT 5 [ RunTime:0.000463s ]
[2024-11-15T10:58:16+08:00][sql] SELECT `uid`,`thumb`,`stream`,`title`,`city`,`islive`,`type` FROM `cmf_live` WHERE  ( islive='1' and ishot='1' and live_type=0 ) ORDER BY `isrecommend` DESC,`recommend_time` DESC,`hotvotes` DESC,`starttime` DESC LIMIT 5 [ RunTime:0.000361s ]
[2024-11-15T10:58:16+08:00][sql] SELECT `uid`,`thumb`,`stream`,`title`,`city`,`islive`,`type` FROM `cmf_live` WHERE  ( islive='1' and live_type=0 ) ORDER BY `starttime` DESC LIMIT 5 [ RunTime:0.000319s ]
[2024-11-15T10:58:16+08:00][sql] SHOW FULL COLUMNS FROM `cmf_theme_file` [ RunTime:0.000541s ]
[2024-11-15T10:58:16+08:00][sql] SELECT `more` FROM `cmf_theme_file` WHERE  `theme` = 'default'  AND (  `is_public` = 1 OR `file` = '../home/index/index' ) [ RunTime:0.000330s ]
[2024-11-15T10:58:42+08:00][sql] CONNECT:[ UseTime:0.000294s ] mysql:host=43.241.16.146;port=3306;dbname=zhibo;charset=utf8mb4
[2024-11-15T10:58:42+08:00][sql] SHOW FULL COLUMNS FROM `cmf_hook` [ RunTime:0.000512s ]
[2024-11-15T10:58:42+08:00][sql] SELECT `hook`,`id` FROM `cmf_hook` WHERE  (  (  `app` = '' OR `app` = 'cmf' )  AND `type` = 3 ) OR `type` = 1 [ RunTime:0.000338s ]
[2024-11-15T10:58:42+08:00][sql] SHOW FULL COLUMNS FROM `cmf_hook_plugin` [ RunTime:0.000451s ]
[2024-11-15T10:58:42+08:00][sql] SELECT `hook`,`plugin` FROM `cmf_hook_plugin` WHERE  `status` = 1  AND `hook` IN ('app_begin','module_init','action_begin','view_filter','app_end','log_write','response_end','admin_init','home_init','send_mobile_verification_code','body_start','before_head_end','footer_start','before_footer','before_footer_end','before_body_end','left_sidebar_start','before_left_sidebar_end','right_sidebar_start','before_right_sidebar_end','comment','guestbook','switch_theme','after_content','before_content','log_write_done','switch_admin_theme','captcha_image') ORDER BY `list_order` ASC [ RunTime:0.000408s ]
[2024-11-15T10:58:42+08:00][sql] CONNECT:[ UseTime:0.000306s ] mysql:host=43.241.16.146;port=3306;dbname=zhibo;charset=utf8mb4
[2024-11-15T10:58:42+08:00][sql] SHOW FULL COLUMNS FROM `cmf_hook` [ RunTime:0.000506s ]
[2024-11-15T10:58:42+08:00][sql] SELECT `hook`,`id` FROM `cmf_hook` WHERE  (  (  `app` = '' OR `app` = 'cmf' )  AND `type` = 3 ) OR `type` = 1 [ RunTime:0.000342s ]
[2024-11-15T10:58:42+08:00][sql] SHOW FULL COLUMNS FROM `cmf_hook_plugin` [ RunTime:0.000432s ]
[2024-11-15T10:58:42+08:00][sql] SELECT `hook`,`plugin` FROM `cmf_hook_plugin` WHERE  `status` = 1  AND `hook` IN ('app_begin','module_init','action_begin','view_filter','app_end','log_write','response_end','admin_init','home_init','send_mobile_verification_code','body_start','before_head_end','footer_start','before_footer','before_footer_end','before_body_end','left_sidebar_start','before_left_sidebar_end','right_sidebar_start','before_right_sidebar_end','comment','guestbook','switch_theme','after_content','before_content','log_write_done','switch_admin_theme','captcha_image') ORDER BY `list_order` ASC [ RunTime:0.000399s ]
[2024-11-15T10:58:42+08:00][sql] SHOW FULL COLUMNS FROM `cmf_plugin` [ RunTime:0.000531s ]
[2024-11-15T10:58:42+08:00][sql] SELECT `config` FROM `cmf_plugin` WHERE  `name` = 'Qiniu' LIMIT 1 [ RunTime:0.000252s ]
[2024-11-15T10:58:42+08:00][sql] SHOW FULL COLUMNS FROM `cmf_live` [ RunTime:0.000584s ]
[2024-11-15T10:58:42+08:00][sql] SELECT * FROM `cmf_live` WHERE  ( islive='1' and isrecommend='1' and type='0' and live_type=0 ) [ RunTime:0.000431s ]
[2024-11-15T10:58:42+08:00][sql] SHOW FULL COLUMNS FROM `cmf_slide_item` [ RunTime:0.000464s ]
[2024-11-15T10:58:42+08:00][sql] SELECT * FROM `cmf_slide_item` WHERE  ( status='1' and slide_id='1' ) ORDER BY `list_order` ASC [ RunTime:0.000304s ]
[2024-11-15T10:58:42+08:00][sql] SHOW FULL COLUMNS FROM `cmf_live_class` [ RunTime:0.000438s ]
[2024-11-15T10:58:42+08:00][sql] SELECT * FROM `cmf_live_class` ORDER BY `list_order` LIMIT 5 [ RunTime:0.000260s ]
[2024-11-15T10:58:42+08:00][sql] SELECT * FROM `cmf_live` WHERE  `islive` = 1  AND `live_type` = 0  AND `liveclassid` = 8 ORDER BY `recommend_time` DESC,`starttime` DESC LIMIT 5 [ RunTime:0.000423s ]
[2024-11-15T10:58:42+08:00][sql] SELECT `uid`,`thumb`,`stream`,`title`,`city`,`islive`,`type` FROM `cmf_live` WHERE  ( islive='1' and ishot='1' and live_type=0 ) ORDER BY `isrecommend` DESC,`recommend_time` DESC,`hotvotes` DESC,`starttime` DESC LIMIT 5 [ RunTime:0.000313s ]
[2024-11-15T10:58:42+08:00][sql] SELECT `uid`,`thumb`,`stream`,`title`,`city`,`islive`,`type` FROM `cmf_live` WHERE  ( islive='1' and live_type=0 ) ORDER BY `starttime` DESC LIMIT 5 [ RunTime:0.000268s ]
[2024-11-15T10:58:42+08:00][sql] SHOW FULL COLUMNS FROM `cmf_theme_file` [ RunTime:0.000475s ]
[2024-11-15T10:58:42+08:00][sql] SELECT `more` FROM `cmf_theme_file` WHERE  `theme` = 'default'  AND (  `is_public` = 1 OR `file` = '../home/index/index' ) [ RunTime:0.000279s ]
[2024-11-15T10:58:44+08:00][sql] CONNECT:[ UseTime:0.000287s ] mysql:host=43.241.16.146;port=3306;dbname=zhibo;charset=utf8mb4
[2024-11-15T10:58:44+08:00][sql] SHOW FULL COLUMNS FROM `cmf_hook` [ RunTime:0.000509s ]
[2024-11-15T10:58:44+08:00][sql] SELECT `hook`,`id` FROM `cmf_hook` WHERE  (  (  `app` = '' OR `app` = 'cmf' )  AND `type` = 3 ) OR `type` = 1 [ RunTime:0.000338s ]
[2024-11-15T10:58:44+08:00][sql] SHOW FULL COLUMNS FROM `cmf_hook_plugin` [ RunTime:0.000431s ]
[2024-11-15T10:58:44+08:00][sql] SELECT `hook`,`plugin` FROM `cmf_hook_plugin` WHERE  `status` = 1  AND `hook` IN ('app_begin','module_init','action_begin','view_filter','app_end','log_write','response_end','admin_init','home_init','send_mobile_verification_code','body_start','before_head_end','footer_start','before_footer','before_footer_end','before_body_end','left_sidebar_start','before_left_sidebar_end','right_sidebar_start','before_right_sidebar_end','comment','guestbook','switch_theme','after_content','before_content','log_write_done','switch_admin_theme','captcha_image') ORDER BY `list_order` ASC [ RunTime:0.000414s ]
[2024-11-15T10:58:44+08:00][sql] SHOW FULL COLUMNS FROM `cmf_plugin` [ RunTime:0.000503s ]
[2024-11-15T10:58:44+08:00][sql] SELECT `config` FROM `cmf_plugin` WHERE  `name` = 'Qiniu' LIMIT 1 [ RunTime:0.000248s ]
[2024-11-15T10:58:44+08:00][sql] CONNECT:[ UseTime:0.000281s ] mysql:host=43.241.16.146;port=3306;dbname=zhibo;charset=utf8mb4
[2024-11-15T10:58:44+08:00][sql] SHOW FULL COLUMNS FROM `cmf_hook` [ RunTime:0.000495s ]
[2024-11-15T10:58:44+08:00][sql] SELECT `hook`,`id` FROM `cmf_hook` WHERE  (  (  `app` = '' OR `app` = 'cmf' )  AND `type` = 3 ) OR `type` = 1 [ RunTime:0.000345s ]
[2024-11-15T10:58:44+08:00][sql] SHOW FULL COLUMNS FROM `cmf_hook_plugin` [ RunTime:0.000435s ]
[2024-11-15T10:58:44+08:00][sql] SELECT `hook`,`plugin` FROM `cmf_hook_plugin` WHERE  `status` = 1  AND `hook` IN ('app_begin','module_init','action_begin','view_filter','app_end','log_write','response_end','admin_init','home_init','send_mobile_verification_code','body_start','before_head_end','footer_start','before_footer','before_footer_end','before_body_end','left_sidebar_start','before_left_sidebar_end','right_sidebar_start','before_right_sidebar_end','comment','guestbook','switch_theme','after_content','before_content','log_write_done','switch_admin_theme','captcha_image') ORDER BY `list_order` ASC [ RunTime:0.000399s ]
[2024-11-15T10:58:44+08:00][sql] CONNECT:[ UseTime:0.000281s ] mysql:host=43.241.16.146;port=3306;dbname=zhibo;charset=utf8mb4
[2024-11-15T10:58:44+08:00][sql] SHOW FULL COLUMNS FROM `cmf_hook` [ RunTime:0.000476s ]
[2024-11-15T10:58:44+08:00][sql] SELECT `hook`,`id` FROM `cmf_hook` WHERE  (  (  `app` = '' OR `app` = 'cmf' )  AND `type` = 3 ) OR `type` = 1 [ RunTime:0.000342s ]
[2024-11-15T10:58:44+08:00][sql] SHOW FULL COLUMNS FROM `cmf_hook_plugin` [ RunTime:0.000430s ]
[2024-11-15T10:58:44+08:00][sql] SELECT `hook`,`plugin` FROM `cmf_hook_plugin` WHERE  `status` = 1  AND `hook` IN ('app_begin','module_init','action_begin','view_filter','app_end','log_write','response_end','admin_init','home_init','send_mobile_verification_code','body_start','before_head_end','footer_start','before_footer','before_footer_end','before_body_end','left_sidebar_start','before_left_sidebar_end','right_sidebar_start','before_right_sidebar_end','comment','guestbook','switch_theme','after_content','before_content','log_write_done','switch_admin_theme','captcha_image') ORDER BY `list_order` ASC [ RunTime:0.000396s ]
[2024-11-15T10:58:56+08:00][sql] CONNECT:[ UseTime:0.000298s ] mysql:host=43.241.16.146;port=3306;dbname=zhibo;charset=utf8mb4
[2024-11-15T10:58:56+08:00][sql] SHOW FULL COLUMNS FROM `cmf_hook` [ RunTime:0.000494s ]
[2024-11-15T10:58:56+08:00][sql] SELECT `hook`,`id` FROM `cmf_hook` WHERE  (  (  `app` = '' OR `app` = 'cmf' )  AND `type` = 3 ) OR `type` = 1 [ RunTime:0.000332s ]
[2024-11-15T10:58:56+08:00][sql] SHOW FULL COLUMNS FROM `cmf_hook_plugin` [ RunTime:0.000432s ]
[2024-11-15T10:58:56+08:00][sql] SELECT `hook`,`plugin` FROM `cmf_hook_plugin` WHERE  `status` = 1  AND `hook` IN ('app_begin','module_init','action_begin','view_filter','app_end','log_write','response_end','admin_init','home_init','send_mobile_verification_code','body_start','before_head_end','footer_start','before_footer','before_footer_end','before_body_end','left_sidebar_start','before_left_sidebar_end','right_sidebar_start','before_right_sidebar_end','comment','guestbook','switch_theme','after_content','before_content','log_write_done','switch_admin_theme','captcha_image') ORDER BY `list_order` ASC [ RunTime:0.000395s ]
[2024-11-15T10:58:56+08:00][sql] SHOW FULL COLUMNS FROM `cmf_plugin` [ RunTime:0.000502s ]
[2024-11-15T10:58:56+08:00][sql] SELECT `config` FROM `cmf_plugin` WHERE  `name` = 'Qiniu' LIMIT 1 [ RunTime:0.000247s ]
[2024-11-15T10:58:56+08:00][sql] SHOW FULL COLUMNS FROM `cmf_live_class` [ RunTime:0.000440s ]
[2024-11-15T10:58:56+08:00][sql] SELECT * FROM `cmf_live_class` ORDER BY `list_order` [ RunTime:0.000273s ]
[2024-11-15T10:58:56+08:00][sql] SHOW FULL COLUMNS FROM `cmf_live` [ RunTime:0.000575s ]
[2024-11-15T10:58:56+08:00][sql] SELECT COUNT(*) AS think_count FROM `cmf_live` WHERE  `islive` = 1  AND `live_type` = 0 LIMIT 1 [ RunTime:0.000300s ]
[2024-11-15T10:58:56+08:00][sql] SHOW FULL COLUMNS FROM `cmf_theme_file` [ RunTime:0.000477s ]
[2024-11-15T10:58:56+08:00][sql] SELECT `more` FROM `cmf_theme_file` WHERE  `theme` = 'default'  AND (  `is_public` = 1 OR `file` = '../home/category/classlive' ) [ RunTime:0.000280s ]
[2024-11-15T10:58:57+08:00][sql] CONNECT:[ UseTime:0.000277s ] mysql:host=43.241.16.146;port=3306;dbname=zhibo;charset=utf8mb4
[2024-11-15T10:58:57+08:00][sql] SHOW FULL COLUMNS FROM `cmf_hook` [ RunTime:0.000491s ]
[2024-11-15T10:58:57+08:00][sql] SELECT `hook`,`id` FROM `cmf_hook` WHERE  (  (  `app` = '' OR `app` = 'cmf' )  AND `type` = 3 ) OR `type` = 1 [ RunTime:0.000330s ]
[2024-11-15T10:58:57+08:00][sql] SHOW FULL COLUMNS FROM `cmf_hook_plugin` [ RunTime:0.000431s ]
[2024-11-15T10:58:57+08:00][sql] SELECT `hook`,`plugin` FROM `cmf_hook_plugin` WHERE  `status` = 1  AND `hook` IN ('app_begin','module_init','action_begin','view_filter','app_end','log_write','response_end','admin_init','home_init','send_mobile_verification_code','body_start','before_head_end','footer_start','before_footer','before_footer_end','before_body_end','left_sidebar_start','before_left_sidebar_end','right_sidebar_start','before_right_sidebar_end','comment','guestbook','switch_theme','after_content','before_content','log_write_done','switch_admin_theme','captcha_image') ORDER BY `list_order` ASC [ RunTime:0.000404s ]
[2024-11-15T10:58:57+08:00][sql] SHOW FULL COLUMNS FROM `cmf_plugin` [ RunTime:0.000495s ]
[2024-11-15T10:58:57+08:00][sql] SELECT `config` FROM `cmf_plugin` WHERE  `name` = 'Qiniu' LIMIT 1 [ RunTime:0.000251s ]
[2024-11-15T10:59:01+08:00][sql] CONNECT:[ UseTime:0.000311s ] mysql:host=43.241.16.146;port=3306;dbname=zhibo;charset=utf8mb4
[2024-11-15T10:59:01+08:00][sql] SHOW FULL COLUMNS FROM `cmf_hook` [ RunTime:0.000549s ]
[2024-11-15T10:59:01+08:00][sql] SELECT `hook`,`id` FROM `cmf_hook` WHERE  (  (  `app` = '' OR `app` = 'cmf' )  AND `type` = 3 ) OR `type` = 1 [ RunTime:0.000388s ]
[2024-11-15T10:59:01+08:00][sql] SHOW FULL COLUMNS FROM `cmf_hook_plugin` [ RunTime:0.000513s ]
[2024-11-15T10:59:01+08:00][sql] SELECT `hook`,`plugin` FROM `cmf_hook_plugin` WHERE  `status` = 1  AND `hook` IN ('app_begin','module_init','action_begin','view_filter','app_end','log_write','response_end','admin_init','home_init','send_mobile_verification_code','body_start','before_head_end','footer_start','before_footer','before_footer_end','before_body_end','left_sidebar_start','before_left_sidebar_end','right_sidebar_start','before_right_sidebar_end','comment','guestbook','switch_theme','after_content','before_content','log_write_done','switch_admin_theme','captcha_image') ORDER BY `list_order` ASC [ RunTime:0.000465s ]
[2024-11-15T10:59:01+08:00][sql] SHOW FULL COLUMNS FROM `cmf_plugin` [ RunTime:0.000579s ]
[2024-11-15T10:59:01+08:00][sql] SELECT `config` FROM `cmf_plugin` WHERE  `name` = 'Qiniu' LIMIT 1 [ RunTime:0.000307s ]
[2024-11-15T10:59:01+08:00][sql] SHOW FULL COLUMNS FROM `cmf_live_class` [ RunTime:0.000520s ]
[2024-11-15T10:59:01+08:00][sql] SELECT * FROM `cmf_live_class` ORDER BY `list_order` [ RunTime:0.000332s ]
[2024-11-15T10:59:01+08:00][sql] SHOW FULL COLUMNS FROM `cmf_live` [ RunTime:0.000670s ]
[2024-11-15T10:59:01+08:00][sql] SELECT COUNT(*) AS think_count FROM `cmf_live` WHERE  `islive` = 1  AND `live_type` = 0  AND `liveclassid` = 6 LIMIT 1 [ RunTime:0.000357s ]
[2024-11-15T10:59:01+08:00][sql] SHOW FULL COLUMNS FROM `cmf_theme_file` [ RunTime:0.000568s ]
[2024-11-15T10:59:01+08:00][sql] SELECT `more` FROM `cmf_theme_file` WHERE  `theme` = 'default'  AND (  `is_public` = 1 OR `file` = '../home/category/classlive' ) [ RunTime:0.000337s ]
[2024-11-15T10:59:01+08:00][sql] CONNECT:[ UseTime:0.000287s ] mysql:host=43.241.16.146;port=3306;dbname=zhibo;charset=utf8mb4
[2024-11-15T10:59:01+08:00][sql] SHOW FULL COLUMNS FROM `cmf_hook` [ RunTime:0.000500s ]
[2024-11-15T10:59:01+08:00][sql] SELECT `hook`,`id` FROM `cmf_hook` WHERE  (  (  `app` = '' OR `app` = 'cmf' )  AND `type` = 3 ) OR `type` = 1 [ RunTime:0.000336s ]
[2024-11-15T10:59:01+08:00][sql] SHOW FULL COLUMNS FROM `cmf_hook_plugin` [ RunTime:0.000455s ]
[2024-11-15T10:59:01+08:00][sql] SELECT `hook`,`plugin` FROM `cmf_hook_plugin` WHERE  `status` = 1  AND `hook` IN ('app_begin','module_init','action_begin','view_filter','app_end','log_write','response_end','admin_init','home_init','send_mobile_verification_code','body_start','before_head_end','footer_start','before_footer','before_footer_end','before_body_end','left_sidebar_start','before_left_sidebar_end','right_sidebar_start','before_right_sidebar_end','comment','guestbook','switch_theme','after_content','before_content','log_write_done','switch_admin_theme','captcha_image') ORDER BY `list_order` ASC [ RunTime:0.000399s ]
[2024-11-15T10:59:01+08:00][sql] SHOW FULL COLUMNS FROM `cmf_plugin` [ RunTime:0.000515s ]
[2024-11-15T10:59:01+08:00][sql] SELECT `config` FROM `cmf_plugin` WHERE  `name` = 'Qiniu' LIMIT 1 [ RunTime:0.000252s ]
[2024-11-15T10:59:02+08:00][sql] CONNECT:[ UseTime:0.000305s ] mysql:host=43.241.16.146;port=3306;dbname=zhibo;charset=utf8mb4
[2024-11-15T10:59:02+08:00][sql] SHOW FULL COLUMNS FROM `cmf_hook` [ RunTime:0.000473s ]
[2024-11-15T10:59:02+08:00][sql] SELECT `hook`,`id` FROM `cmf_hook` WHERE  (  (  `app` = '' OR `app` = 'cmf' )  AND `type` = 3 ) OR `type` = 1 [ RunTime:0.000338s ]
[2024-11-15T10:59:02+08:00][sql] SHOW FULL COLUMNS FROM `cmf_hook_plugin` [ RunTime:0.000425s ]
[2024-11-15T10:59:02+08:00][sql] SELECT `hook`,`plugin` FROM `cmf_hook_plugin` WHERE  `status` = 1  AND `hook` IN ('app_begin','module_init','action_begin','view_filter','app_end','log_write','response_end','admin_init','home_init','send_mobile_verification_code','body_start','before_head_end','footer_start','before_footer','before_footer_end','before_body_end','left_sidebar_start','before_left_sidebar_end','right_sidebar_start','before_right_sidebar_end','comment','guestbook','switch_theme','after_content','before_content','log_write_done','switch_admin_theme','captcha_image') ORDER BY `list_order` ASC [ RunTime:0.000394s ]
[2024-11-15T10:59:02+08:00][sql] SHOW FULL COLUMNS FROM `cmf_plugin` [ RunTime:0.000492s ]
[2024-11-15T10:59:02+08:00][sql] SELECT `config` FROM `cmf_plugin` WHERE  `name` = 'Qiniu' LIMIT 1 [ RunTime:0.000248s ]
[2024-11-15T10:59:02+08:00][sql] SHOW FULL COLUMNS FROM `cmf_live_class` [ RunTime:0.000432s ]
[2024-11-15T10:59:02+08:00][sql] SELECT * FROM `cmf_live_class` ORDER BY `list_order` [ RunTime:0.000267s ]
[2024-11-15T10:59:02+08:00][sql] SHOW FULL COLUMNS FROM `cmf_live` [ RunTime:0.000578s ]
[2024-11-15T10:59:02+08:00][sql] SELECT COUNT(*) AS think_count FROM `cmf_live` WHERE  `islive` = 1  AND `live_type` = 0  AND `liveclassid` = 6 LIMIT 1 [ RunTime:0.000300s ]
[2024-11-15T10:59:02+08:00][sql] SHOW FULL COLUMNS FROM `cmf_theme_file` [ RunTime:0.000476s ]
[2024-11-15T10:59:02+08:00][sql] SELECT `more` FROM `cmf_theme_file` WHERE  `theme` = 'default'  AND (  `is_public` = 1 OR `file` = '../home/category/classlive' ) [ RunTime:0.000280s ]
[2024-11-15T10:59:02+08:00][sql] CONNECT:[ UseTime:0.000273s ] mysql:host=43.241.16.146;port=3306;dbname=zhibo;charset=utf8mb4
[2024-11-15T10:59:02+08:00][sql] SHOW FULL COLUMNS FROM `cmf_hook` [ RunTime:0.000479s ]
[2024-11-15T10:59:02+08:00][sql] SELECT `hook`,`id` FROM `cmf_hook` WHERE  (  (  `app` = '' OR `app` = 'cmf' )  AND `type` = 3 ) OR `type` = 1 [ RunTime:0.000328s ]
[2024-11-15T10:59:02+08:00][sql] SHOW FULL COLUMNS FROM `cmf_hook_plugin` [ RunTime:0.000424s ]
[2024-11-15T10:59:02+08:00][sql] SELECT `hook`,`plugin` FROM `cmf_hook_plugin` WHERE  `status` = 1  AND `hook` IN ('app_begin','module_init','action_begin','view_filter','app_end','log_write','response_end','admin_init','home_init','send_mobile_verification_code','body_start','before_head_end','footer_start','before_footer','before_footer_end','before_body_end','left_sidebar_start','before_left_sidebar_end','right_sidebar_start','before_right_sidebar_end','comment','guestbook','switch_theme','after_content','before_content','log_write_done','switch_admin_theme','captcha_image') ORDER BY `list_order` ASC [ RunTime:0.000399s ]
[2024-11-15T10:59:02+08:00][sql] SHOW FULL COLUMNS FROM `cmf_plugin` [ RunTime:0.000505s ]
[2024-11-15T10:59:02+08:00][sql] SELECT `config` FROM `cmf_plugin` WHERE  `name` = 'Qiniu' LIMIT 1 [ RunTime:0.000243s ]
[2024-11-15T10:59:04+08:00][sql] CONNECT:[ UseTime:0.000283s ] mysql:host=43.241.16.146;port=3306;dbname=zhibo;charset=utf8mb4
[2024-11-15T10:59:04+08:00][sql] SHOW FULL COLUMNS FROM `cmf_hook` [ RunTime:0.000504s ]
[2024-11-15T10:59:04+08:00][sql] SELECT `hook`,`id` FROM `cmf_hook` WHERE  (  (  `app` = '' OR `app` = 'cmf' )  AND `type` = 3 ) OR `type` = 1 [ RunTime:0.000338s ]
[2024-11-15T10:59:04+08:00][sql] SHOW FULL COLUMNS FROM `cmf_hook_plugin` [ RunTime:0.000437s ]
[2024-11-15T10:59:04+08:00][sql] SELECT `hook`,`plugin` FROM `cmf_hook_plugin` WHERE  `status` = 1  AND `hook` IN ('app_begin','module_init','action_begin','view_filter','app_end','log_write','response_end','admin_init','home_init','send_mobile_verification_code','body_start','before_head_end','footer_start','before_footer','before_footer_end','before_body_end','left_sidebar_start','before_left_sidebar_end','right_sidebar_start','before_right_sidebar_end','comment','guestbook','switch_theme','after_content','before_content','log_write_done','switch_admin_theme','captcha_image') ORDER BY `list_order` ASC [ RunTime:0.000405s ]
[2024-11-15T10:59:04+08:00][sql] SHOW FULL COLUMNS FROM `cmf_plugin` [ RunTime:0.000497s ]
[2024-11-15T10:59:04+08:00][sql] SELECT `config` FROM `cmf_plugin` WHERE  `name` = 'Qiniu' LIMIT 1 [ RunTime:0.000251s ]
[2024-11-15T10:59:04+08:00][sql] SHOW FULL COLUMNS FROM `cmf_live_class` [ RunTime:0.000447s ]
[2024-11-15T10:59:04+08:00][sql] SELECT * FROM `cmf_live_class` ORDER BY `list_order` [ RunTime:0.000273s ]
[2024-11-15T10:59:04+08:00][sql] SHOW FULL COLUMNS FROM `cmf_live` [ RunTime:0.000582s ]
[2024-11-15T10:59:04+08:00][sql] SELECT COUNT(*) AS think_count FROM `cmf_live` WHERE  `islive` = 1  AND `live_type` = 0  AND `liveclassid` = 3 LIMIT 1 [ RunTime:0.000305s ]
[2024-11-15T10:59:04+08:00][sql] SHOW FULL COLUMNS FROM `cmf_theme_file` [ RunTime:0.000471s ]
[2024-11-15T10:59:04+08:00][sql] SELECT `more` FROM `cmf_theme_file` WHERE  `theme` = 'default'  AND (  `is_public` = 1 OR `file` = '../home/category/classlive' ) [ RunTime:0.000286s ]
[2024-11-15T10:59:05+08:00][sql] CONNECT:[ UseTime:0.000278s ] mysql:host=43.241.16.146;port=3306;dbname=zhibo;charset=utf8mb4
[2024-11-15T10:59:05+08:00][sql] SHOW FULL COLUMNS FROM `cmf_hook` [ RunTime:0.000502s ]
[2024-11-15T10:59:05+08:00][sql] SELECT `hook`,`id` FROM `cmf_hook` WHERE  (  (  `app` = '' OR `app` = 'cmf' )  AND `type` = 3 ) OR `type` = 1 [ RunTime:0.000337s ]
[2024-11-15T10:59:05+08:00][sql] SHOW FULL COLUMNS FROM `cmf_hook_plugin` [ RunTime:0.000434s ]
[2024-11-15T10:59:05+08:00][sql] SELECT `hook`,`plugin` FROM `cmf_hook_plugin` WHERE  `status` = 1  AND `hook` IN ('app_begin','module_init','action_begin','view_filter','app_end','log_write','response_end','admin_init','home_init','send_mobile_verification_code','body_start','before_head_end','footer_start','before_footer','before_footer_end','before_body_end','left_sidebar_start','before_left_sidebar_end','right_sidebar_start','before_right_sidebar_end','comment','guestbook','switch_theme','after_content','before_content','log_write_done','switch_admin_theme','captcha_image') ORDER BY `list_order` ASC [ RunTime:0.000405s ]
[2024-11-15T10:59:05+08:00][sql] SHOW FULL COLUMNS FROM `cmf_plugin` [ RunTime:0.000508s ]
[2024-11-15T10:59:05+08:00][sql] SELECT `config` FROM `cmf_plugin` WHERE  `name` = 'Qiniu' LIMIT 1 [ RunTime:0.000249s ]
[2024-11-15T10:59:06+08:00][sql] CONNECT:[ UseTime:0.000265s ] mysql:host=43.241.16.146;port=3306;dbname=zhibo;charset=utf8mb4
[2024-11-15T10:59:06+08:00][sql] SHOW FULL COLUMNS FROM `cmf_hook` [ RunTime:0.000457s ]
[2024-11-15T10:59:06+08:00][sql] SELECT `hook`,`id` FROM `cmf_hook` WHERE  (  (  `app` = '' OR `app` = 'cmf' )  AND `type` = 3 ) OR `type` = 1 [ RunTime:0.000322s ]
[2024-11-15T10:59:06+08:00][sql] SHOW FULL COLUMNS FROM `cmf_hook_plugin` [ RunTime:0.000426s ]
[2024-11-15T10:59:06+08:00][sql] SELECT `hook`,`plugin` FROM `cmf_hook_plugin` WHERE  `status` = 1  AND `hook` IN ('app_begin','module_init','action_begin','view_filter','app_end','log_write','response_end','admin_init','home_init','send_mobile_verification_code','body_start','before_head_end','footer_start','before_footer','before_footer_end','before_body_end','left_sidebar_start','before_left_sidebar_end','right_sidebar_start','before_right_sidebar_end','comment','guestbook','switch_theme','after_content','before_content','log_write_done','switch_admin_theme','captcha_image') ORDER BY `list_order` ASC [ RunTime:0.000387s ]
[2024-11-15T10:59:06+08:00][sql] SHOW FULL COLUMNS FROM `cmf_plugin` [ RunTime:0.000490s ]
[2024-11-15T10:59:06+08:00][sql] SELECT `config` FROM `cmf_plugin` WHERE  `name` = 'Qiniu' LIMIT 1 [ RunTime:0.000240s ]
[2024-11-15T10:59:06+08:00][sql] SHOW FULL COLUMNS FROM `cmf_live_class` [ RunTime:0.000436s ]
[2024-11-15T10:59:06+08:00][sql] SELECT * FROM `cmf_live_class` ORDER BY `list_order` [ RunTime:0.000263s ]
[2024-11-15T10:59:06+08:00][sql] SHOW FULL COLUMNS FROM `cmf_live` [ RunTime:0.000576s ]
[2024-11-15T10:59:06+08:00][sql] SELECT COUNT(*) AS think_count FROM `cmf_live` WHERE  `islive` = 1  AND `live_type` = 0  AND `liveclassid` = 1 LIMIT 1 [ RunTime:0.000291s ]
[2024-11-15T10:59:06+08:00][sql] SHOW FULL COLUMNS FROM `cmf_theme_file` [ RunTime:0.000459s ]
[2024-11-15T10:59:06+08:00][sql] SELECT `more` FROM `cmf_theme_file` WHERE  `theme` = 'default'  AND (  `is_public` = 1 OR `file` = '../home/category/classlive' ) [ RunTime:0.000273s ]
[2024-11-15T10:59:06+08:00][sql] CONNECT:[ UseTime:0.000291s ] mysql:host=43.241.16.146;port=3306;dbname=zhibo;charset=utf8mb4
[2024-11-15T10:59:06+08:00][sql] SHOW FULL COLUMNS FROM `cmf_hook` [ RunTime:0.000489s ]
[2024-11-15T10:59:06+08:00][sql] SELECT `hook`,`id` FROM `cmf_hook` WHERE  (  (  `app` = '' OR `app` = 'cmf' )  AND `type` = 3 ) OR `type` = 1 [ RunTime:0.000345s ]
[2024-11-15T10:59:06+08:00][sql] SHOW FULL COLUMNS FROM `cmf_hook_plugin` [ RunTime:0.000431s ]
[2024-11-15T10:59:06+08:00][sql] SELECT `hook`,`plugin` FROM `cmf_hook_plugin` WHERE  `status` = 1  AND `hook` IN ('app_begin','module_init','action_begin','view_filter','app_end','log_write','response_end','admin_init','home_init','send_mobile_verification_code','body_start','before_head_end','footer_start','before_footer','before_footer_end','before_body_end','left_sidebar_start','before_left_sidebar_end','right_sidebar_start','before_right_sidebar_end','comment','guestbook','switch_theme','after_content','before_content','log_write_done','switch_admin_theme','captcha_image') ORDER BY `list_order` ASC [ RunTime:0.000397s ]
[2024-11-15T10:59:06+08:00][sql] SHOW FULL COLUMNS FROM `cmf_plugin` [ RunTime:0.000509s ]
[2024-11-15T10:59:06+08:00][sql] SELECT `config` FROM `cmf_plugin` WHERE  `name` = 'Qiniu' LIMIT 1 [ RunTime:0.000248s ]
[2024-11-15T10:59:06+08:00][sql] CONNECT:[ UseTime:0.000284s ] mysql:host=43.241.16.146;port=3306;dbname=zhibo;charset=utf8mb4
[2024-11-15T10:59:06+08:00][sql] SHOW FULL COLUMNS FROM `cmf_hook` [ RunTime:0.000483s ]
[2024-11-15T10:59:06+08:00][sql] SELECT `hook`,`id` FROM `cmf_hook` WHERE  (  (  `app` = '' OR `app` = 'cmf' )  AND `type` = 3 ) OR `type` = 1 [ RunTime:0.000331s ]
[2024-11-15T10:59:06+08:00][sql] SHOW FULL COLUMNS FROM `cmf_hook_plugin` [ RunTime:0.000446s ]
[2024-11-15T10:59:06+08:00][sql] SELECT `hook`,`plugin` FROM `cmf_hook_plugin` WHERE  `status` = 1  AND `hook` IN ('app_begin','module_init','action_begin','view_filter','app_end','log_write','response_end','admin_init','home_init','send_mobile_verification_code','body_start','before_head_end','footer_start','before_footer','before_footer_end','before_body_end','left_sidebar_start','before_left_sidebar_end','right_sidebar_start','before_right_sidebar_end','comment','guestbook','switch_theme','after_content','before_content','log_write_done','switch_admin_theme','captcha_image') ORDER BY `list_order` ASC [ RunTime:0.000394s ]
[2024-11-15T10:59:06+08:00][sql] SHOW FULL COLUMNS FROM `cmf_plugin` [ RunTime:0.000491s ]
[2024-11-15T10:59:06+08:00][sql] SELECT `config` FROM `cmf_plugin` WHERE  `name` = 'Qiniu' LIMIT 1 [ RunTime:0.000253s ]
[2024-11-15T10:59:06+08:00][sql] SHOW FULL COLUMNS FROM `cmf_live_class` [ RunTime:0.000436s ]
[2024-11-15T10:59:06+08:00][sql] SELECT * FROM `cmf_live_class` ORDER BY `list_order` [ RunTime:0.000274s ]
[2024-11-15T10:59:06+08:00][sql] SHOW FULL COLUMNS FROM `cmf_live` [ RunTime:0.000575s ]
[2024-11-15T10:59:06+08:00][sql] SELECT COUNT(*) AS think_count FROM `cmf_live` WHERE  `islive` = 1  AND `live_type` = 0  AND `liveclassid` = 2 LIMIT 1 [ RunTime:0.000299s ]
[2024-11-15T10:59:06+08:00][sql] SHOW FULL COLUMNS FROM `cmf_theme_file` [ RunTime:0.000473s ]
[2024-11-15T10:59:06+08:00][sql] SELECT `more` FROM `cmf_theme_file` WHERE  `theme` = 'default'  AND (  `is_public` = 1 OR `file` = '../home/category/classlive' ) [ RunTime:0.000279s ]
[2024-11-15T10:59:06+08:00][sql] CONNECT:[ UseTime:0.000266s ] mysql:host=43.241.16.146;port=3306;dbname=zhibo;charset=utf8mb4
[2024-11-15T10:59:06+08:00][sql] SHOW FULL COLUMNS FROM `cmf_hook` [ RunTime:0.000472s ]
[2024-11-15T10:59:06+08:00][sql] SELECT `hook`,`id` FROM `cmf_hook` WHERE  (  (  `app` = '' OR `app` = 'cmf' )  AND `type` = 3 ) OR `type` = 1 [ RunTime:0.000333s ]
[2024-11-15T10:59:06+08:00][sql] SHOW FULL COLUMNS FROM `cmf_hook_plugin` [ RunTime:0.000428s ]
[2024-11-15T10:59:06+08:00][sql] SELECT `hook`,`plugin` FROM `cmf_hook_plugin` WHERE  `status` = 1  AND `hook` IN ('app_begin','module_init','action_begin','view_filter','app_end','log_write','response_end','admin_init','home_init','send_mobile_verification_code','body_start','before_head_end','footer_start','before_footer','before_footer_end','before_body_end','left_sidebar_start','before_left_sidebar_end','right_sidebar_start','before_right_sidebar_end','comment','guestbook','switch_theme','after_content','before_content','log_write_done','switch_admin_theme','captcha_image') ORDER BY `list_order` ASC [ RunTime:0.000397s ]
[2024-11-15T10:59:06+08:00][sql] SHOW FULL COLUMNS FROM `cmf_plugin` [ RunTime:0.000506s ]
[2024-11-15T10:59:06+08:00][sql] SELECT `config` FROM `cmf_plugin` WHERE  `name` = 'Qiniu' LIMIT 1 [ RunTime:0.000257s ]
[2024-11-15T10:59:07+08:00][sql] CONNECT:[ UseTime:0.000269s ] mysql:host=43.241.16.146;port=3306;dbname=zhibo;charset=utf8mb4
[2024-11-15T10:59:07+08:00][sql] SHOW FULL COLUMNS FROM `cmf_hook` [ RunTime:0.000453s ]
[2024-11-15T10:59:07+08:00][sql] SELECT `hook`,`id` FROM `cmf_hook` WHERE  (  (  `app` = '' OR `app` = 'cmf' )  AND `type` = 3 ) OR `type` = 1 [ RunTime:0.000327s ]
[2024-11-15T10:59:07+08:00][sql] SHOW FULL COLUMNS FROM `cmf_hook_plugin` [ RunTime:0.000425s ]
[2024-11-15T10:59:07+08:00][sql] SELECT `hook`,`plugin` FROM `cmf_hook_plugin` WHERE  `status` = 1  AND `hook` IN ('app_begin','module_init','action_begin','view_filter','app_end','log_write','response_end','admin_init','home_init','send_mobile_verification_code','body_start','before_head_end','footer_start','before_footer','before_footer_end','before_body_end','left_sidebar_start','before_left_sidebar_end','right_sidebar_start','before_right_sidebar_end','comment','guestbook','switch_theme','after_content','before_content','log_write_done','switch_admin_theme','captcha_image') ORDER BY `list_order` ASC [ RunTime:0.000394s ]
[2024-11-15T10:59:07+08:00][sql] SHOW FULL COLUMNS FROM `cmf_plugin` [ RunTime:0.000501s ]
[2024-11-15T10:59:07+08:00][sql] SELECT `config` FROM `cmf_plugin` WHERE  `name` = 'Qiniu' LIMIT 1 [ RunTime:0.000245s ]
[2024-11-15T10:59:07+08:00][sql] SHOW FULL COLUMNS FROM `cmf_live_class` [ RunTime:0.000440s ]
[2024-11-15T10:59:07+08:00][sql] SELECT * FROM `cmf_live_class` ORDER BY `list_order` [ RunTime:0.000265s ]
[2024-11-15T10:59:07+08:00][sql] SHOW FULL COLUMNS FROM `cmf_live` [ RunTime:0.000563s ]
[2024-11-15T10:59:07+08:00][sql] SELECT COUNT(*) AS think_count FROM `cmf_live` WHERE  `islive` = 1  AND `live_type` = 0  AND `liveclassid` = 8 LIMIT 1 [ RunTime:0.000298s ]
[2024-11-15T10:59:07+08:00][sql] SHOW FULL COLUMNS FROM `cmf_theme_file` [ RunTime:0.000476s ]
[2024-11-15T10:59:07+08:00][sql] SELECT `more` FROM `cmf_theme_file` WHERE  `theme` = 'default'  AND (  `is_public` = 1 OR `file` = '../home/category/classlive' ) [ RunTime:0.000278s ]
[2024-11-15T10:59:07+08:00][sql] CONNECT:[ UseTime:0.000271s ] mysql:host=43.241.16.146;port=3306;dbname=zhibo;charset=utf8mb4
[2024-11-15T10:59:07+08:00][sql] SHOW FULL COLUMNS FROM `cmf_hook` [ RunTime:0.000468s ]
[2024-11-15T10:59:07+08:00][sql] SELECT `hook`,`id` FROM `cmf_hook` WHERE  (  (  `app` = '' OR `app` = 'cmf' )  AND `type` = 3 ) OR `type` = 1 [ RunTime:0.000326s ]
[2024-11-15T10:59:07+08:00][sql] SHOW FULL COLUMNS FROM `cmf_hook_plugin` [ RunTime:0.000437s ]
[2024-11-15T10:59:07+08:00][sql] SELECT `hook`,`plugin` FROM `cmf_hook_plugin` WHERE  `status` = 1  AND `hook` IN ('app_begin','module_init','action_begin','view_filter','app_end','log_write','response_end','admin_init','home_init','send_mobile_verification_code','body_start','before_head_end','footer_start','before_footer','before_footer_end','before_body_end','left_sidebar_start','before_left_sidebar_end','right_sidebar_start','before_right_sidebar_end','comment','guestbook','switch_theme','after_content','before_content','log_write_done','switch_admin_theme','captcha_image') ORDER BY `list_order` ASC [ RunTime:0.000391s ]
[2024-11-15T10:59:07+08:00][sql] SHOW FULL COLUMNS FROM `cmf_plugin` [ RunTime:0.000490s ]
[2024-11-15T10:59:07+08:00][sql] SELECT `config` FROM `cmf_plugin` WHERE  `name` = 'Qiniu' LIMIT 1 [ RunTime:0.000244s ]
[2024-11-15T10:59:08+08:00][sql] CONNECT:[ UseTime:0.000284s ] mysql:host=43.241.16.146;port=3306;dbname=zhibo;charset=utf8mb4
[2024-11-15T10:59:08+08:00][sql] SHOW FULL COLUMNS FROM `cmf_hook` [ RunTime:0.000484s ]
[2024-11-15T10:59:08+08:00][sql] SELECT `hook`,`id` FROM `cmf_hook` WHERE  (  (  `app` = '' OR `app` = 'cmf' )  AND `type` = 3 ) OR `type` = 1 [ RunTime:0.000341s ]
[2024-11-15T10:59:08+08:00][sql] SHOW FULL COLUMNS FROM `cmf_hook_plugin` [ RunTime:0.000445s ]
[2024-11-15T10:59:08+08:00][sql] SELECT `hook`,`plugin` FROM `cmf_hook_plugin` WHERE  `status` = 1  AND `hook` IN ('app_begin','module_init','action_begin','view_filter','app_end','log_write','response_end','admin_init','home_init','send_mobile_verification_code','body_start','before_head_end','footer_start','before_footer','before_footer_end','before_body_end','left_sidebar_start','before_left_sidebar_end','right_sidebar_start','before_right_sidebar_end','comment','guestbook','switch_theme','after_content','before_content','log_write_done','switch_admin_theme','captcha_image') ORDER BY `list_order` ASC [ RunTime:0.000400s ]
[2024-11-15T10:59:08+08:00][sql] SHOW FULL COLUMNS FROM `cmf_plugin` [ RunTime:0.000503s ]
[2024-11-15T10:59:08+08:00][sql] SELECT `config` FROM `cmf_plugin` WHERE  `name` = 'Qiniu' LIMIT 1 [ RunTime:0.000260s ]
[2024-11-15T10:59:08+08:00][sql] SHOW FULL COLUMNS FROM `cmf_live` [ RunTime:0.000589s ]
[2024-11-15T10:59:08+08:00][sql] SELECT COUNT(*) AS think_count FROM `cmf_live` `l` LEFT JOIN `cmf_user` `u` ON `u`.`id`=`l`.`uid` WHERE  ( u.sex='2' and l.islive='1'  ) LIMIT 1 [ RunTime:0.000314s ]
[2024-11-15T10:59:08+08:00][sql] SELECT COUNT(*) AS think_count FROM `cmf_live` `l` LEFT JOIN `cmf_user` `u` ON `u`.`id`=`l`.`uid` WHERE  ( u.sex='2' and l.islive='1'  ) LIMIT 1 [ RunTime:0.000261s ]
[2024-11-15T10:59:08+08:00][sql] SHOW FULL COLUMNS FROM `cmf_theme_file` [ RunTime:0.000487s ]
[2024-11-15T10:59:08+08:00][sql] SELECT `more` FROM `cmf_theme_file` WHERE  `theme` = 'default'  AND (  `is_public` = 1 OR `file` = '../home/category/index' ) [ RunTime:0.000281s ]
[2024-11-15T10:59:08+08:00][sql] CONNECT:[ UseTime:0.000275s ] mysql:host=43.241.16.146;port=3306;dbname=zhibo;charset=utf8mb4
[2024-11-15T10:59:08+08:00][sql] SHOW FULL COLUMNS FROM `cmf_hook` [ RunTime:0.000477s ]
[2024-11-15T10:59:08+08:00][sql] SELECT `hook`,`id` FROM `cmf_hook` WHERE  (  (  `app` = '' OR `app` = 'cmf' )  AND `type` = 3 ) OR `type` = 1 [ RunTime:0.000336s ]
[2024-11-15T10:59:08+08:00][sql] SHOW FULL COLUMNS FROM `cmf_hook_plugin` [ RunTime:0.000422s ]
[2024-11-15T10:59:08+08:00][sql] SELECT `hook`,`plugin` FROM `cmf_hook_plugin` WHERE  `status` = 1  AND `hook` IN ('app_begin','module_init','action_begin','view_filter','app_end','log_write','response_end','admin_init','home_init','send_mobile_verification_code','body_start','before_head_end','footer_start','before_footer','before_footer_end','before_body_end','left_sidebar_start','before_left_sidebar_end','right_sidebar_start','before_right_sidebar_end','comment','guestbook','switch_theme','after_content','before_content','log_write_done','switch_admin_theme','captcha_image') ORDER BY `list_order` ASC [ RunTime:0.000393s ]
[2024-11-15T10:59:08+08:00][sql] SHOW FULL COLUMNS FROM `cmf_plugin` [ RunTime:0.000527s ]
[2024-11-15T10:59:08+08:00][sql] SELECT `config` FROM `cmf_plugin` WHERE  `name` = 'Qiniu' LIMIT 1 [ RunTime:0.000246s ]
[2024-11-15T10:59:09+08:00][sql] CONNECT:[ UseTime:0.000267s ] mysql:host=43.241.16.146;port=3306;dbname=zhibo;charset=utf8mb4
[2024-11-15T10:59:09+08:00][sql] SHOW FULL COLUMNS FROM `cmf_hook` [ RunTime:0.000466s ]
[2024-11-15T10:59:09+08:00][sql] SELECT `hook`,`id` FROM `cmf_hook` WHERE  (  (  `app` = '' OR `app` = 'cmf' )  AND `type` = 3 ) OR `type` = 1 [ RunTime:0.000321s ]
[2024-11-15T10:59:09+08:00][sql] SHOW FULL COLUMNS FROM `cmf_hook_plugin` [ RunTime:0.000428s ]
[2024-11-15T10:59:09+08:00][sql] SELECT `hook`,`plugin` FROM `cmf_hook_plugin` WHERE  `status` = 1  AND `hook` IN ('app_begin','module_init','action_begin','view_filter','app_end','log_write','response_end','admin_init','home_init','send_mobile_verification_code','body_start','before_head_end','footer_start','before_footer','before_footer_end','before_body_end','left_sidebar_start','before_left_sidebar_end','right_sidebar_start','before_right_sidebar_end','comment','guestbook','switch_theme','after_content','before_content','log_write_done','switch_admin_theme','captcha_image') ORDER BY `list_order` ASC [ RunTime:0.000390s ]
[2024-11-15T10:59:09+08:00][sql] SHOW FULL COLUMNS FROM `cmf_plugin` [ RunTime:0.000493s ]
[2024-11-15T10:59:09+08:00][sql] SELECT `config` FROM `cmf_plugin` WHERE  `name` = 'Qiniu' LIMIT 1 [ RunTime:0.000242s ]
[2024-11-15T10:59:09+08:00][sql] SHOW FULL COLUMNS FROM `cmf_slide_item` [ RunTime:0.000466s ]
[2024-11-15T10:59:09+08:00][sql] SELECT * FROM `cmf_slide_item` WHERE  `slide_id` = 7  AND `status` = 1 ORDER BY `list_order` [ RunTime:0.000315s ]
[2024-11-15T10:59:09+08:00][sql] SHOW FULL COLUMNS FROM `cmf_theme_file` [ RunTime:0.000472s ]
[2024-11-15T10:59:09+08:00][sql] SELECT `more` FROM `cmf_theme_file` WHERE  `theme` = 'default'  AND (  `is_public` = 1 OR `file` = '../home/app/programe' ) [ RunTime:0.000272s ]
[2024-11-15T10:59:09+08:00][sql] CONNECT:[ UseTime:0.000290s ] mysql:host=43.241.16.146;port=3306;dbname=zhibo;charset=utf8mb4
[2024-11-15T10:59:09+08:00][sql] SHOW FULL COLUMNS FROM `cmf_hook` [ RunTime:0.000486s ]
[2024-11-15T10:59:09+08:00][sql] SELECT `hook`,`id` FROM `cmf_hook` WHERE  (  (  `app` = '' OR `app` = 'cmf' )  AND `type` = 3 ) OR `type` = 1 [ RunTime:0.000343s ]
[2024-11-15T10:59:09+08:00][sql] SHOW FULL COLUMNS FROM `cmf_hook_plugin` [ RunTime:0.000426s ]
[2024-11-15T10:59:09+08:00][sql] SELECT `hook`,`plugin` FROM `cmf_hook_plugin` WHERE  `status` = 1  AND `hook` IN ('app_begin','module_init','action_begin','view_filter','app_end','log_write','response_end','admin_init','home_init','send_mobile_verification_code','body_start','before_head_end','footer_start','before_footer','before_footer_end','before_body_end','left_sidebar_start','before_left_sidebar_end','right_sidebar_start','before_right_sidebar_end','comment','guestbook','switch_theme','after_content','before_content','log_write_done','switch_admin_theme','captcha_image') ORDER BY `list_order` ASC [ RunTime:0.000396s ]
[2024-11-15T10:59:09+08:00][sql] SHOW FULL COLUMNS FROM `cmf_plugin` [ RunTime:0.000501s ]
[2024-11-15T10:59:09+08:00][sql] SELECT `config` FROM `cmf_plugin` WHERE  `name` = 'Qiniu' LIMIT 1 [ RunTime:0.000247s ]
[2024-11-15T10:59:22+08:00][sql] CONNECT:[ UseTime:0.000397s ] mysql:host=43.241.16.146;port=3306;dbname=zhibo;charset=utf8mb4
[2024-11-15T10:59:22+08:00][sql] SHOW FULL COLUMNS FROM `cmf_hook` [ RunTime:0.000625s ]
[2024-11-15T10:59:22+08:00][sql] SELECT `hook`,`id` FROM `cmf_hook` WHERE  (  (  `app` = '' OR `app` = 'cmf' )  AND `type` = 3 ) OR `type` = 1 [ RunTime:0.000391s ]
[2024-11-15T10:59:22+08:00][sql] SHOW FULL COLUMNS FROM `cmf_hook_plugin` [ RunTime:0.000449s ]
[2024-11-15T10:59:22+08:00][sql] SELECT `hook`,`plugin` FROM `cmf_hook_plugin` WHERE  `status` = 1  AND `hook` IN ('app_begin','module_init','action_begin','view_filter','app_end','log_write','response_end','admin_init','home_init','send_mobile_verification_code','body_start','before_head_end','footer_start','before_footer','before_footer_end','before_body_end','left_sidebar_start','before_left_sidebar_end','right_sidebar_start','before_right_sidebar_end','comment','guestbook','switch_theme','after_content','before_content','log_write_done','switch_admin_theme','captcha_image') ORDER BY `list_order` ASC [ RunTime:0.000419s ]
[2024-11-15T10:59:22+08:00][sql] SHOW FULL COLUMNS FROM `cmf_plugin` [ RunTime:0.000500s ]
[2024-11-15T10:59:22+08:00][sql] SELECT `config` FROM `cmf_plugin` WHERE  `name` = 'Qiniu' LIMIT 1 [ RunTime:0.000255s ]
[2024-11-15T10:59:22+08:00][sql] SHOW FULL COLUMNS FROM `cmf_live` [ RunTime:0.000590s ]
[2024-11-15T10:59:22+08:00][sql] SELECT COUNT(*) AS think_count FROM `cmf_live` `l` LEFT JOIN `cmf_user` `u` ON `u`.`id`=`l`.`uid` WHERE  ( u.sex='1' and l.islive='1'  ) LIMIT 1 [ RunTime:0.000349s ]
[2024-11-15T10:59:22+08:00][sql] SELECT COUNT(*) AS think_count FROM `cmf_live` `l` LEFT JOIN `cmf_user` `u` ON `u`.`id`=`l`.`uid` WHERE  ( u.sex='1' and l.islive='1'  ) LIMIT 1 [ RunTime:0.000267s ]
[2024-11-15T10:59:22+08:00][sql] SHOW FULL COLUMNS FROM `cmf_theme_file` [ RunTime:0.000485s ]
[2024-11-15T10:59:22+08:00][sql] SELECT `more` FROM `cmf_theme_file` WHERE  `theme` = 'default'  AND (  `is_public` = 1 OR `file` = '../home/category/index' ) [ RunTime:0.000289s ]
[2024-11-15T10:59:22+08:00][sql] CONNECT:[ UseTime:0.000291s ] mysql:host=43.241.16.146;port=3306;dbname=zhibo;charset=utf8mb4
[2024-11-15T10:59:22+08:00][sql] SHOW FULL COLUMNS FROM `cmf_hook` [ RunTime:0.000496s ]
[2024-11-15T10:59:22+08:00][sql] SELECT `hook`,`id` FROM `cmf_hook` WHERE  (  (  `app` = '' OR `app` = 'cmf' )  AND `type` = 3 ) OR `type` = 1 [ RunTime:0.000333s ]
[2024-11-15T10:59:22+08:00][sql] SHOW FULL COLUMNS FROM `cmf_hook_plugin` [ RunTime:0.000438s ]
[2024-11-15T10:59:22+08:00][sql] SELECT `hook`,`plugin` FROM `cmf_hook_plugin` WHERE  `status` = 1  AND `hook` IN ('app_begin','module_init','action_begin','view_filter','app_end','log_write','response_end','admin_init','home_init','send_mobile_verification_code','body_start','before_head_end','footer_start','before_footer','before_footer_end','before_body_end','left_sidebar_start','before_left_sidebar_end','right_sidebar_start','before_right_sidebar_end','comment','guestbook','switch_theme','after_content','before_content','log_write_done','switch_admin_theme','captcha_image') ORDER BY `list_order` ASC [ RunTime:0.000405s ]
[2024-11-15T10:59:22+08:00][sql] SHOW FULL COLUMNS FROM `cmf_plugin` [ RunTime:0.000506s ]
[2024-11-15T10:59:22+08:00][sql] SELECT `config` FROM `cmf_plugin` WHERE  `name` = 'Qiniu' LIMIT 1 [ RunTime:0.000250s ]
[2024-11-15T10:59:23+08:00][sql] CONNECT:[ UseTime:0.000287s ] mysql:host=43.241.16.146;port=3306;dbname=zhibo;charset=utf8mb4
[2024-11-15T10:59:23+08:00][sql] SHOW FULL COLUMNS FROM `cmf_hook` [ RunTime:0.000482s ]
[2024-11-15T10:59:23+08:00][sql] SELECT `hook`,`id` FROM `cmf_hook` WHERE  (  (  `app` = '' OR `app` = 'cmf' )  AND `type` = 3 ) OR `type` = 1 [ RunTime:0.000332s ]
[2024-11-15T10:59:23+08:00][sql] SHOW FULL COLUMNS FROM `cmf_hook_plugin` [ RunTime:0.000439s ]
[2024-11-15T10:59:23+08:00][sql] SELECT `hook`,`plugin` FROM `cmf_hook_plugin` WHERE  `status` = 1  AND `hook` IN ('app_begin','module_init','action_begin','view_filter','app_end','log_write','response_end','admin_init','home_init','send_mobile_verification_code','body_start','before_head_end','footer_start','before_footer','before_footer_end','before_body_end','left_sidebar_start','before_left_sidebar_end','right_sidebar_start','before_right_sidebar_end','comment','guestbook','switch_theme','after_content','before_content','log_write_done','switch_admin_theme','captcha_image') ORDER BY `list_order` ASC [ RunTime:0.000399s ]
[2024-11-15T10:59:23+08:00][sql] SHOW FULL COLUMNS FROM `cmf_plugin` [ RunTime:0.000492s ]
[2024-11-15T10:59:23+08:00][sql] SELECT `config` FROM `cmf_plugin` WHERE  `name` = 'Qiniu' LIMIT 1 [ RunTime:0.000248s ]
[2024-11-15T10:59:23+08:00][sql] SHOW FULL COLUMNS FROM `cmf_live` [ RunTime:0.000593s ]
[2024-11-15T10:59:23+08:00][sql] SELECT COUNT(*) AS think_count FROM `cmf_live` `l` LEFT JOIN `cmf_user` `u` ON `u`.`id`=`l`.`uid` WHERE  ( u.sex='2' and l.islive='1'  ) LIMIT 1 [ RunTime:0.000300s ]
[2024-11-15T10:59:23+08:00][sql] SELECT COUNT(*) AS think_count FROM `cmf_live` `l` LEFT JOIN `cmf_user` `u` ON `u`.`id`=`l`.`uid` WHERE  ( u.sex='2' and l.islive='1'  ) LIMIT 1 [ RunTime:0.000257s ]
[2024-11-15T10:59:23+08:00][sql] SHOW FULL COLUMNS FROM `cmf_theme_file` [ RunTime:0.000471s ]
[2024-11-15T10:59:23+08:00][sql] SELECT `more` FROM `cmf_theme_file` WHERE  `theme` = 'default'  AND (  `is_public` = 1 OR `file` = '../home/category/index' ) [ RunTime:0.000280s ]
[2024-11-15T10:59:24+08:00][sql] CONNECT:[ UseTime:0.000279s ] mysql:host=43.241.16.146;port=3306;dbname=zhibo;charset=utf8mb4
[2024-11-15T10:59:24+08:00][sql] SHOW FULL COLUMNS FROM `cmf_hook` [ RunTime:0.000489s ]
[2024-11-15T10:59:24+08:00][sql] SELECT `hook`,`id` FROM `cmf_hook` WHERE  (  (  `app` = '' OR `app` = 'cmf' )  AND `type` = 3 ) OR `type` = 1 [ RunTime:0.000332s ]
[2024-11-15T10:59:24+08:00][sql] SHOW FULL COLUMNS FROM `cmf_hook_plugin` [ RunTime:0.000439s ]
[2024-11-15T10:59:24+08:00][sql] SELECT `hook`,`plugin` FROM `cmf_hook_plugin` WHERE  `status` = 1  AND `hook` IN ('app_begin','module_init','action_begin','view_filter','app_end','log_write','response_end','admin_init','home_init','send_mobile_verification_code','body_start','before_head_end','footer_start','before_footer','before_footer_end','before_body_end','left_sidebar_start','before_left_sidebar_end','right_sidebar_start','before_right_sidebar_end','comment','guestbook','switch_theme','after_content','before_content','log_write_done','switch_admin_theme','captcha_image') ORDER BY `list_order` ASC [ RunTime:0.000405s ]
[2024-11-15T10:59:24+08:00][sql] SHOW FULL COLUMNS FROM `cmf_plugin` [ RunTime:0.000512s ]
[2024-11-15T10:59:24+08:00][sql] SELECT `config` FROM `cmf_plugin` WHERE  `name` = 'Qiniu' LIMIT 1 [ RunTime:0.000247s ]
[2024-11-15T10:59:26+08:00][sql] CONNECT:[ UseTime:0.000360s ] mysql:host=43.241.16.146;port=3306;dbname=zhibo;charset=utf8mb4
[2024-11-15T10:59:26+08:00][sql] SHOW FULL COLUMNS FROM `cmf_hook` [ RunTime:0.000549s ]
[2024-11-15T10:59:26+08:00][sql] SELECT `hook`,`id` FROM `cmf_hook` WHERE  (  (  `app` = '' OR `app` = 'cmf' )  AND `type` = 3 ) OR `type` = 1 [ RunTime:0.000360s ]
[2024-11-15T10:59:26+08:00][sql] SHOW FULL COLUMNS FROM `cmf_hook_plugin` [ RunTime:0.000437s ]
[2024-11-15T10:59:26+08:00][sql] SELECT `hook`,`plugin` FROM `cmf_hook_plugin` WHERE  `status` = 1  AND `hook` IN ('app_begin','module_init','action_begin','view_filter','app_end','log_write','response_end','admin_init','home_init','send_mobile_verification_code','body_start','before_head_end','footer_start','before_footer','before_footer_end','before_body_end','left_sidebar_start','before_left_sidebar_end','right_sidebar_start','before_right_sidebar_end','comment','guestbook','switch_theme','after_content','before_content','log_write_done','switch_admin_theme','captcha_image') ORDER BY `list_order` ASC [ RunTime:0.000397s ]
[2024-11-15T10:59:26+08:00][sql] SHOW FULL COLUMNS FROM `cmf_plugin` [ RunTime:0.000510s ]
[2024-11-15T10:59:26+08:00][sql] SELECT `config` FROM `cmf_plugin` WHERE  `name` = 'Qiniu' LIMIT 1 [ RunTime:0.000248s ]
[2024-11-15T10:59:26+08:00][sql] SHOW FULL COLUMNS FROM `cmf_live_class` [ RunTime:0.000450s ]
[2024-11-15T10:59:26+08:00][sql] SELECT * FROM `cmf_live_class` ORDER BY `list_order` [ RunTime:0.000280s ]
[2024-11-15T10:59:26+08:00][sql] SHOW FULL COLUMNS FROM `cmf_live` [ RunTime:0.000584s ]
[2024-11-15T10:59:26+08:00][sql] SELECT COUNT(*) AS think_count FROM `cmf_live` WHERE  `islive` = 1  AND `live_type` = 0 LIMIT 1 [ RunTime:0.000306s ]
[2024-11-15T10:59:26+08:00][sql] SHOW FULL COLUMNS FROM `cmf_theme_file` [ RunTime:0.000483s ]
[2024-11-15T10:59:26+08:00][sql] SELECT `more` FROM `cmf_theme_file` WHERE  `theme` = 'default'  AND (  `is_public` = 1 OR `file` = '../home/category/classlive' ) [ RunTime:0.000283s ]
[2024-11-15T10:59:26+08:00][sql] CONNECT:[ UseTime:0.000285s ] mysql:host=43.241.16.146;port=3306;dbname=zhibo;charset=utf8mb4
[2024-11-15T10:59:26+08:00][sql] SHOW FULL COLUMNS FROM `cmf_hook` [ RunTime:0.000487s ]
[2024-11-15T10:59:26+08:00][sql] SELECT `hook`,`id` FROM `cmf_hook` WHERE  (  (  `app` = '' OR `app` = 'cmf' )  AND `type` = 3 ) OR `type` = 1 [ RunTime:0.000330s ]
[2024-11-15T10:59:26+08:00][sql] SHOW FULL COLUMNS FROM `cmf_hook_plugin` [ RunTime:0.000444s ]
[2024-11-15T10:59:26+08:00][sql] SELECT `hook`,`plugin` FROM `cmf_hook_plugin` WHERE  `status` = 1  AND `hook` IN ('app_begin','module_init','action_begin','view_filter','app_end','log_write','response_end','admin_init','home_init','send_mobile_verification_code','body_start','before_head_end','footer_start','before_footer','before_footer_end','before_body_end','left_sidebar_start','before_left_sidebar_end','right_sidebar_start','before_right_sidebar_end','comment','guestbook','switch_theme','after_content','before_content','log_write_done','switch_admin_theme','captcha_image') ORDER BY `list_order` ASC [ RunTime:0.000404s ]
[2024-11-15T10:59:26+08:00][sql] SHOW FULL COLUMNS FROM `cmf_plugin` [ RunTime:0.000501s ]
[2024-11-15T10:59:26+08:00][sql] SELECT `config` FROM `cmf_plugin` WHERE  `name` = 'Qiniu' LIMIT 1 [ RunTime:0.000247s ]
[2024-11-15T10:59:26+08:00][sql] CONNECT:[ UseTime:0.000287s ] mysql:host=43.241.16.146;port=3306;dbname=zhibo;charset=utf8mb4
[2024-11-15T10:59:26+08:00][sql] SHOW FULL COLUMNS FROM `cmf_hook` [ RunTime:0.000478s ]
[2024-11-15T10:59:26+08:00][sql] SELECT `hook`,`id` FROM `cmf_hook` WHERE  (  (  `app` = '' OR `app` = 'cmf' )  AND `type` = 3 ) OR `type` = 1 [ RunTime:0.000335s ]
[2024-11-15T10:59:26+08:00][sql] SHOW FULL COLUMNS FROM `cmf_hook_plugin` [ RunTime:0.000424s ]
[2024-11-15T10:59:26+08:00][sql] SELECT `hook`,`plugin` FROM `cmf_hook_plugin` WHERE  `status` = 1  AND `hook` IN ('app_begin','module_init','action_begin','view_filter','app_end','log_write','response_end','admin_init','home_init','send_mobile_verification_code','body_start','before_head_end','footer_start','before_footer','before_footer_end','before_body_end','left_sidebar_start','before_left_sidebar_end','right_sidebar_start','before_right_sidebar_end','comment','guestbook','switch_theme','after_content','before_content','log_write_done','switch_admin_theme','captcha_image') ORDER BY `list_order` ASC [ RunTime:0.000394s ]
[2024-11-15T10:59:26+08:00][sql] SHOW FULL COLUMNS FROM `cmf_plugin` [ RunTime:0.000490s ]
[2024-11-15T10:59:26+08:00][sql] SELECT `config` FROM `cmf_plugin` WHERE  `name` = 'Qiniu' LIMIT 1 [ RunTime:0.000247s ]
[2024-11-15T10:59:26+08:00][sql] SHOW FULL COLUMNS FROM `cmf_live` [ RunTime:0.000573s ]
[2024-11-15T10:59:26+08:00][sql] SELECT * FROM `cmf_live` WHERE  ( islive='1' and isrecommend='1' and type='0' and live_type=0 ) [ RunTime:0.000405s ]
[2024-11-15T10:59:26+08:00][sql] SHOW FULL COLUMNS FROM `cmf_slide_item` [ RunTime:0.000462s ]
[2024-11-15T10:59:26+08:00][sql] SELECT * FROM `cmf_slide_item` WHERE  ( status='1' and slide_id='1' ) ORDER BY `list_order` ASC [ RunTime:0.000304s ]
[2024-11-15T10:59:26+08:00][sql] SHOW FULL COLUMNS FROM `cmf_live_class` [ RunTime:0.000425s ]
[2024-11-15T10:59:26+08:00][sql] SELECT * FROM `cmf_live_class` ORDER BY `list_order` LIMIT 5 [ RunTime:0.000256s ]
[2024-11-15T10:59:26+08:00][sql] SELECT * FROM `cmf_live` WHERE  `islive` = 1  AND `live_type` = 0  AND `liveclassid` = 8 ORDER BY `recommend_time` DESC,`starttime` DESC LIMIT 5 [ RunTime:0.000403s ]
[2024-11-15T10:59:26+08:00][sql] SELECT `uid`,`thumb`,`stream`,`title`,`city`,`islive`,`type` FROM `cmf_live` WHERE  ( islive='1' and ishot='1' and live_type=0 ) ORDER BY `isrecommend` DESC,`recommend_time` DESC,`hotvotes` DESC,`starttime` DESC LIMIT 5 [ RunTime:0.000299s ]
[2024-11-15T10:59:26+08:00][sql] SELECT `uid`,`thumb`,`stream`,`title`,`city`,`islive`,`type` FROM `cmf_live` WHERE  ( islive='1' and live_type=0 ) ORDER BY `starttime` DESC LIMIT 5 [ RunTime:0.000257s ]
[2024-11-15T10:59:26+08:00][sql] SHOW FULL COLUMNS FROM `cmf_theme_file` [ RunTime:0.000468s ]
[2024-11-15T10:59:26+08:00][sql] SELECT `more` FROM `cmf_theme_file` WHERE  `theme` = 'default'  AND (  `is_public` = 1 OR `file` = '../home/index/index' ) [ RunTime:0.000281s ]
[2024-11-15T10:59:26+08:00][sql] CONNECT:[ UseTime:0.000285s ] mysql:host=43.241.16.146;port=3306;dbname=zhibo;charset=utf8mb4
[2024-11-15T10:59:26+08:00][sql] SHOW FULL COLUMNS FROM `cmf_hook` [ RunTime:0.000497s ]
[2024-11-15T10:59:26+08:00][sql] SELECT `hook`,`id` FROM `cmf_hook` WHERE  (  (  `app` = '' OR `app` = 'cmf' )  AND `type` = 3 ) OR `type` = 1 [ RunTime:0.000332s ]
[2024-11-15T10:59:26+08:00][sql] SHOW FULL COLUMNS FROM `cmf_hook_plugin` [ RunTime:0.000434s ]
[2024-11-15T10:59:26+08:00][sql] SELECT `hook`,`plugin` FROM `cmf_hook_plugin` WHERE  `status` = 1  AND `hook` IN ('app_begin','module_init','action_begin','view_filter','app_end','log_write','response_end','admin_init','home_init','send_mobile_verification_code','body_start','before_head_end','footer_start','before_footer','before_footer_end','before_body_end','left_sidebar_start','before_left_sidebar_end','right_sidebar_start','before_right_sidebar_end','comment','guestbook','switch_theme','after_content','before_content','log_write_done','switch_admin_theme','captcha_image') ORDER BY `list_order` ASC [ RunTime:0.000408s ]
[2024-11-15T10:59:26+08:00][sql] SHOW FULL COLUMNS FROM `cmf_plugin` [ RunTime:0.000499s ]
[2024-11-15T10:59:26+08:00][sql] SELECT `config` FROM `cmf_plugin` WHERE  `name` = 'Qiniu' LIMIT 1 [ RunTime:0.000250s ]
[2024-11-15T10:59:29+08:00][sql] CONNECT:[ UseTime:0.000284s ] mysql:host=43.241.16.146;port=3306;dbname=zhibo;charset=utf8mb4
[2024-11-15T10:59:29+08:00][sql] SHOW FULL COLUMNS FROM `cmf_hook` [ RunTime:0.000492s ]
[2024-11-15T10:59:29+08:00][sql] SELECT `hook`,`id` FROM `cmf_hook` WHERE  (  (  `app` = '' OR `app` = 'cmf' )  AND `type` = 3 ) OR `type` = 1 [ RunTime:0.000336s ]
[2024-11-15T10:59:29+08:00][sql] SHOW FULL COLUMNS FROM `cmf_hook_plugin` [ RunTime:0.000453s ]
[2024-11-15T10:59:29+08:00][sql] SELECT `hook`,`plugin` FROM `cmf_hook_plugin` WHERE  `status` = 1  AND `hook` IN ('app_begin','module_init','action_begin','view_filter','app_end','log_write','response_end','admin_init','home_init','send_mobile_verification_code','body_start','before_head_end','footer_start','before_footer','before_footer_end','before_body_end','left_sidebar_start','before_left_sidebar_end','right_sidebar_start','before_right_sidebar_end','comment','guestbook','switch_theme','after_content','before_content','log_write_done','switch_admin_theme','captcha_image') ORDER BY `list_order` ASC [ RunTime:0.000403s ]
[2024-11-15T10:59:29+08:00][sql] SHOW FULL COLUMNS FROM `cmf_plugin` [ RunTime:0.000496s ]
[2024-11-15T10:59:29+08:00][sql] SELECT `config` FROM `cmf_plugin` WHERE  `name` = 'Qiniu' LIMIT 1 [ RunTime:0.000253s ]
[2024-11-15T10:59:29+08:00][sql] SHOW FULL COLUMNS FROM `cmf_live` [ RunTime:0.000590s ]
[2024-11-15T10:59:29+08:00][sql] SELECT * FROM `cmf_live` WHERE  ( islive='1' and isrecommend='1' and type='0' and live_type=0 ) [ RunTime:0.000397s ]
[2024-11-15T10:59:29+08:00][sql] SHOW FULL COLUMNS FROM `cmf_slide_item` [ RunTime:0.000476s ]
[2024-11-15T10:59:29+08:00][sql] SELECT * FROM `cmf_slide_item` WHERE  ( status='1' and slide_id='1' ) ORDER BY `list_order` ASC [ RunTime:0.000299s ]
[2024-11-15T10:59:29+08:00][sql] SHOW FULL COLUMNS FROM `cmf_live_class` [ RunTime:0.000441s ]
[2024-11-15T10:59:29+08:00][sql] SELECT * FROM `cmf_live_class` ORDER BY `list_order` LIMIT 5 [ RunTime:0.000254s ]
[2024-11-15T10:59:29+08:00][sql] SELECT * FROM `cmf_live` WHERE  `islive` = 1  AND `live_type` = 0  AND `liveclassid` = 8 ORDER BY `recommend_time` DESC,`starttime` DESC LIMIT 5 [ RunTime:0.000419s ]
[2024-11-15T10:59:29+08:00][sql] SELECT `uid`,`thumb`,`stream`,`title`,`city`,`islive`,`type` FROM `cmf_live` WHERE  ( islive='1' and ishot='1' and live_type=0 ) ORDER BY `isrecommend` DESC,`recommend_time` DESC,`hotvotes` DESC,`starttime` DESC LIMIT 5 [ RunTime:0.000324s ]
[2024-11-15T10:59:29+08:00][sql] SELECT `uid`,`thumb`,`stream`,`title`,`city`,`islive`,`type` FROM `cmf_live` WHERE  ( islive='1' and live_type=0 ) ORDER BY `starttime` DESC LIMIT 5 [ RunTime:0.000263s ]
[2024-11-15T10:59:29+08:00][sql] SHOW FULL COLUMNS FROM `cmf_theme_file` [ RunTime:0.000490s ]
[2024-11-15T10:59:29+08:00][sql] SELECT `more` FROM `cmf_theme_file` WHERE  `theme` = 'default'  AND (  `is_public` = 1 OR `file` = '../home/index/index' ) [ RunTime:0.000279s ]
[2024-11-15T10:59:29+08:00][sql] CONNECT:[ UseTime:0.000269s ] mysql:host=43.241.16.146;port=3306;dbname=zhibo;charset=utf8mb4
[2024-11-15T10:59:29+08:00][sql] SHOW FULL COLUMNS FROM `cmf_hook` [ RunTime:0.000477s ]
[2024-11-15T10:59:29+08:00][sql] SELECT `hook`,`id` FROM `cmf_hook` WHERE  (  (  `app` = '' OR `app` = 'cmf' )  AND `type` = 3 ) OR `type` = 1 [ RunTime:0.000325s ]
[2024-11-15T10:59:29+08:00][sql] SHOW FULL COLUMNS FROM `cmf_hook_plugin` [ RunTime:0.000427s ]
[2024-11-15T10:59:29+08:00][sql] SELECT `hook`,`plugin` FROM `cmf_hook_plugin` WHERE  `status` = 1  AND `hook` IN ('app_begin','module_init','action_begin','view_filter','app_end','log_write','response_end','admin_init','home_init','send_mobile_verification_code','body_start','before_head_end','footer_start','before_footer','before_footer_end','before_body_end','left_sidebar_start','before_left_sidebar_end','right_sidebar_start','before_right_sidebar_end','comment','guestbook','switch_theme','after_content','before_content','log_write_done','switch_admin_theme','captcha_image') ORDER BY `list_order` ASC [ RunTime:0.000403s ]
[2024-11-15T10:59:29+08:00][sql] SHOW FULL COLUMNS FROM `cmf_plugin` [ RunTime:0.000494s ]
[2024-11-15T10:59:29+08:00][sql] SELECT `config` FROM `cmf_plugin` WHERE  `name` = 'Qiniu' LIMIT 1 [ RunTime:0.000246s ]
[2024-11-15T10:59:30+08:00][sql] CONNECT:[ UseTime:0.000271s ] mysql:host=43.241.16.146;port=3306;dbname=zhibo;charset=utf8mb4
[2024-11-15T10:59:30+08:00][sql] SHOW FULL COLUMNS FROM `cmf_hook` [ RunTime:0.000468s ]
[2024-11-15T10:59:30+08:00][sql] SELECT `hook`,`id` FROM `cmf_hook` WHERE  (  (  `app` = '' OR `app` = 'cmf' )  AND `type` = 3 ) OR `type` = 1 [ RunTime:0.000339s ]
[2024-11-15T10:59:30+08:00][sql] SHOW FULL COLUMNS FROM `cmf_hook_plugin` [ RunTime:0.000422s ]
[2024-11-15T10:59:30+08:00][sql] SELECT `hook`,`plugin` FROM `cmf_hook_plugin` WHERE  `status` = 1  AND `hook` IN ('app_begin','module_init','action_begin','view_filter','app_end','log_write','response_end','admin_init','home_init','send_mobile_verification_code','body_start','before_head_end','footer_start','before_footer','before_footer_end','before_body_end','left_sidebar_start','before_left_sidebar_end','right_sidebar_start','before_right_sidebar_end','comment','guestbook','switch_theme','after_content','before_content','log_write_done','switch_admin_theme','captcha_image') ORDER BY `list_order` ASC [ RunTime:0.000394s ]
[2024-11-15T10:59:30+08:00][sql] SHOW FULL COLUMNS FROM `cmf_plugin` [ RunTime:0.000511s ]
[2024-11-15T10:59:30+08:00][sql] SELECT `config` FROM `cmf_plugin` WHERE  `name` = 'Qiniu' LIMIT 1 [ RunTime:0.000252s ]
[2024-11-15T10:59:30+08:00][sql] SHOW FULL COLUMNS FROM `cmf_live` [ RunTime:0.000594s ]
[2024-11-15T10:59:30+08:00][sql] SELECT * FROM `cmf_live` WHERE  ( islive='1' and isrecommend='1' and type='0' and live_type=0 ) [ RunTime:0.000395s ]
[2024-11-15T10:59:30+08:00][sql] SHOW FULL COLUMNS FROM `cmf_slide_item` [ RunTime:0.000459s ]
[2024-11-15T10:59:30+08:00][sql] SELECT * FROM `cmf_slide_item` WHERE  ( status='1' and slide_id='1' ) ORDER BY `list_order` ASC [ RunTime:0.000295s ]
[2024-11-15T10:59:30+08:00][sql] SHOW FULL COLUMNS FROM `cmf_live_class` [ RunTime:0.000426s ]
[2024-11-15T10:59:30+08:00][sql] SELECT * FROM `cmf_live_class` ORDER BY `list_order` LIMIT 5 [ RunTime:0.000252s ]
[2024-11-15T10:59:30+08:00][sql] SELECT * FROM `cmf_live` WHERE  `islive` = 1  AND `live_type` = 0  AND `liveclassid` = 8 ORDER BY `recommend_time` DESC,`starttime` DESC LIMIT 5 [ RunTime:0.000407s ]
[2024-11-15T10:59:30+08:00][sql] SELECT `uid`,`thumb`,`stream`,`title`,`city`,`islive`,`type` FROM `cmf_live` WHERE  ( islive='1' and ishot='1' and live_type=0 ) ORDER BY `isrecommend` DESC,`recommend_time` DESC,`hotvotes` DESC,`starttime` DESC LIMIT 5 [ RunTime:0.000300s ]
[2024-11-15T10:59:30+08:00][sql] SELECT `uid`,`thumb`,`stream`,`title`,`city`,`islive`,`type` FROM `cmf_live` WHERE  ( islive='1' and live_type=0 ) ORDER BY `starttime` DESC LIMIT 5 [ RunTime:0.000267s ]
[2024-11-15T10:59:30+08:00][sql] SHOW FULL COLUMNS FROM `cmf_theme_file` [ RunTime:0.000474s ]
[2024-11-15T10:59:30+08:00][sql] SELECT `more` FROM `cmf_theme_file` WHERE  `theme` = 'default'  AND (  `is_public` = 1 OR `file` = '../home/index/index' ) [ RunTime:0.000277s ]
[2024-11-15T10:59:30+08:00][sql] CONNECT:[ UseTime:0.000296s ] mysql:host=43.241.16.146;port=3306;dbname=zhibo;charset=utf8mb4
[2024-11-15T10:59:30+08:00][sql] SHOW FULL COLUMNS FROM `cmf_hook` [ RunTime:0.000530s ]
[2024-11-15T10:59:30+08:00][sql] SELECT `hook`,`id` FROM `cmf_hook` WHERE  (  (  `app` = '' OR `app` = 'cmf' )  AND `type` = 3 ) OR `type` = 1 [ RunTime:0.000388s ]
[2024-11-15T10:59:30+08:00][sql] SHOW FULL COLUMNS FROM `cmf_hook_plugin` [ RunTime:0.000495s ]
[2024-11-15T10:59:30+08:00][sql] SELECT `hook`,`plugin` FROM `cmf_hook_plugin` WHERE  `status` = 1  AND `hook` IN ('app_begin','module_init','action_begin','view_filter','app_end','log_write','response_end','admin_init','home_init','send_mobile_verification_code','body_start','before_head_end','footer_start','before_footer','before_footer_end','before_body_end','left_sidebar_start','before_left_sidebar_end','right_sidebar_start','before_right_sidebar_end','comment','guestbook','switch_theme','after_content','before_content','log_write_done','switch_admin_theme','captcha_image') ORDER BY `list_order` ASC [ RunTime:0.000446s ]
[2024-11-15T10:59:30+08:00][sql] SHOW FULL COLUMNS FROM `cmf_plugin` [ RunTime:0.000579s ]
[2024-11-15T10:59:30+08:00][sql] SELECT `config` FROM `cmf_plugin` WHERE  `name` = 'Qiniu' LIMIT 1 [ RunTime:0.000305s ]
[2024-11-15T11:00:11+08:00][sql] CONNECT:[ UseTime:0.000283s ] mysql:host=43.241.16.146;port=3306;dbname=zhibo;charset=utf8mb4
[2024-11-15T11:00:11+08:00][sql] SHOW FULL COLUMNS FROM `cmf_hook` [ RunTime:0.000483s ]
[2024-11-15T11:00:11+08:00][sql] SELECT `hook`,`id` FROM `cmf_hook` WHERE  (  (  `app` = '' OR `app` = 'cmf' )  AND `type` = 3 ) OR `type` = 1 [ RunTime:0.000330s ]
[2024-11-15T11:00:11+08:00][sql] SHOW FULL COLUMNS FROM `cmf_hook_plugin` [ RunTime:0.000432s ]
[2024-11-15T11:00:11+08:00][sql] SELECT `hook`,`plugin` FROM `cmf_hook_plugin` WHERE  `status` = 1  AND `hook` IN ('app_begin','module_init','action_begin','view_filter','app_end','log_write','response_end','admin_init','home_init','send_mobile_verification_code','body_start','before_head_end','footer_start','before_footer','before_footer_end','before_body_end','left_sidebar_start','before_left_sidebar_end','right_sidebar_start','before_right_sidebar_end','comment','guestbook','switch_theme','after_content','before_content','log_write_done','switch_admin_theme','captcha_image') ORDER BY `list_order` ASC [ RunTime:0.000391s ]
[2024-11-15T11:00:11+08:00][sql] SHOW FULL COLUMNS FROM `cmf_plugin` [ RunTime:0.000492s ]
[2024-11-15T11:00:11+08:00][sql] SELECT `config` FROM `cmf_plugin` WHERE  `name` = 'Qiniu' LIMIT 1 [ RunTime:0.000255s ]
[2024-11-15T11:00:11+08:00][sql] SHOW FULL COLUMNS FROM `cmf_user` [ RunTime:0.000649s ]
[2024-11-15T11:00:11+08:00][sql] SELECT * FROM `cmf_user` WHERE  `country_code` = 86  AND `user_login` = '13205083606'  AND ( user_type='2' ) LIMIT 1 [ RunTime:0.000488s ]
[2024-11-15T11:00:11+08:00][sql] UPDATE `cmf_user`  SET `last_login_time` = 1731639611 , `last_login_ip` = '36.251.131.92'  WHERE  ( id=2 ) [ RunTime:0.014370s ]
[2024-11-15T11:00:11+08:00][sql] SHOW FULL COLUMNS FROM `cmf_user_token` [ RunTime:0.000504s ]
[2024-11-15T11:00:11+08:00][sql] UPDATE `cmf_user_token`  SET `token` = '564efd63170016927fd5dd769e3752d0' , `expire_time` = 1757559611 , `create_time` = 1731639611  WHERE  ( user_id=2 ) [ RunTime:0.014255s ]
[2024-11-15T11:00:11+08:00][sql] CONNECT:[ UseTime:0.000285s ] mysql:host=43.241.16.146;port=3306;dbname=zhibo;charset=utf8mb4
[2024-11-15T11:00:11+08:00][sql] SHOW FULL COLUMNS FROM `cmf_hook` [ RunTime:0.000508s ]
[2024-11-15T11:00:11+08:00][sql] SELECT `hook`,`id` FROM `cmf_hook` WHERE  (  (  `app` = '' OR `app` = 'cmf' )  AND `type` = 3 ) OR `type` = 1 [ RunTime:0.000336s ]
[2024-11-15T11:00:11+08:00][sql] SHOW FULL COLUMNS FROM `cmf_hook_plugin` [ RunTime:0.000434s ]
[2024-11-15T11:00:11+08:00][sql] SELECT `hook`,`plugin` FROM `cmf_hook_plugin` WHERE  `status` = 1  AND `hook` IN ('app_begin','module_init','action_begin','view_filter','app_end','log_write','response_end','admin_init','home_init','send_mobile_verification_code','body_start','before_head_end','footer_start','before_footer','before_footer_end','before_body_end','left_sidebar_start','before_left_sidebar_end','right_sidebar_start','before_right_sidebar_end','comment','guestbook','switch_theme','after_content','before_content','log_write_done','switch_admin_theme','captcha_image') ORDER BY `list_order` ASC [ RunTime:0.000405s ]
[2024-11-15T11:00:11+08:00][sql] SHOW FULL COLUMNS FROM `cmf_plugin` [ RunTime:0.000516s ]
[2024-11-15T11:00:11+08:00][sql] SELECT `config` FROM `cmf_plugin` WHERE  `name` = 'Qiniu' LIMIT 1 [ RunTime:0.000247s ]
[2024-11-15T11:00:11+08:00][sql] SHOW FULL COLUMNS FROM `cmf_user` [ RunTime:0.000646s ]
[2024-11-15T11:00:11+08:00][sql] SELECT `id`,`user_login`,`user_nickname`,`avatar`,`avatar_thumb`,`sex`,`signature`,`consumption`,`votestotal`,`province`,`city`,`coin`,`votes`,`birthday`,`issuper` FROM `cmf_user` WHERE  `id` = 2 LIMIT 1 [ RunTime:0.000322s ]
[2024-11-15T11:00:11+08:00][sql] SHOW FULL COLUMNS FROM `cmf_vip_user` [ RunTime:0.000437s ]
[2024-11-15T11:00:11+08:00][sql] SELECT * FROM `cmf_vip_user` WHERE  `uid` = 2 LIMIT 1 [ RunTime:0.000240s ]
[2024-11-15T11:00:11+08:00][sql] SHOW FULL COLUMNS FROM `cmf_liang` [ RunTime:0.000450s ]
[2024-11-15T11:00:11+08:00][sql] SELECT * FROM `cmf_liang` WHERE  ( status=1 and state=1 )  AND `uid` = 2 LIMIT 1 [ RunTime:0.000291s ]
[2024-11-15T11:00:11+08:00][sql] SHOW FULL COLUMNS FROM `cmf_user_token` [ RunTime:0.000422s ]
[2024-11-15T11:00:11+08:00][sql] SELECT `token` FROM `cmf_user_token` WHERE  ( user_id=2 ) LIMIT 1 [ RunTime:0.000219s ]
[2024-11-15T11:00:11+08:00][sql] SELECT `id`,`user_login`,`user_nickname`,`avatar`,`avatar_thumb`,`sex`,`signature`,`consumption`,`votestotal`,`province`,`city`,`coin`,`votes`,`birthday`,`issuper` FROM `cmf_user` WHERE  `id` = 2 LIMIT 1 [ RunTime:0.000284s ]
[2024-11-15T11:00:11+08:00][sql] SELECT * FROM `cmf_vip_user` WHERE  `uid` = 2 LIMIT 1 [ RunTime:0.000233s ]
[2024-11-15T11:00:11+08:00][sql] SELECT * FROM `cmf_liang` WHERE  ( status=1 and state=1 )  AND `uid` = 2 LIMIT 1 [ RunTime:0.000258s ]
[2024-11-15T11:00:11+08:00][sql] SELECT `token` FROM `cmf_user_token` WHERE  ( user_id=2 ) LIMIT 1 [ RunTime:0.000208s ]
[2024-11-15T11:00:11+08:00][sql] SHOW FULL COLUMNS FROM `cmf_live` [ RunTime:0.000597s ]
[2024-11-15T11:00:11+08:00][sql] SELECT * FROM `cmf_live` WHERE  ( islive='1' and isrecommend='1' and type='0' and live_type=0 ) [ RunTime:0.000400s ]
[2024-11-15T11:00:11+08:00][sql] SHOW FULL COLUMNS FROM `cmf_slide_item` [ RunTime:0.000471s ]
[2024-11-15T11:00:11+08:00][sql] SELECT * FROM `cmf_slide_item` WHERE  ( status='1' and slide_id='1' ) ORDER BY `list_order` ASC [ RunTime:0.000307s ]
[2024-11-15T11:00:11+08:00][sql] SHOW FULL COLUMNS FROM `cmf_live_class` [ RunTime:0.000434s ]
[2024-11-15T11:00:11+08:00][sql] SELECT * FROM `cmf_live_class` ORDER BY `list_order` LIMIT 5 [ RunTime:0.000259s ]
[2024-11-15T11:00:11+08:00][sql] SELECT * FROM `cmf_live` WHERE  `islive` = 1  AND `live_type` = 0  AND `liveclassid` = 8 ORDER BY `recommend_time` DESC,`starttime` DESC LIMIT 5 [ RunTime:0.000407s ]
[2024-11-15T11:00:11+08:00][sql] SELECT `uid`,`thumb`,`stream`,`title`,`city`,`islive`,`type` FROM `cmf_live` WHERE  ( islive='1' and ishot='1' and live_type=0 ) ORDER BY `isrecommend` DESC,`recommend_time` DESC,`hotvotes` DESC,`starttime` DESC LIMIT 5 [ RunTime:0.000307s ]
[2024-11-15T11:00:11+08:00][sql] SELECT `uid`,`thumb`,`stream`,`title`,`city`,`islive`,`type` FROM `cmf_live` WHERE  ( islive='1' and live_type=0 ) ORDER BY `starttime` DESC LIMIT 5 [ RunTime:0.000260s ]
[2024-11-15T11:00:11+08:00][sql] SHOW FULL COLUMNS FROM `cmf_theme_file` [ RunTime:0.000479s ]
[2024-11-15T11:00:11+08:00][sql] SELECT `more` FROM `cmf_theme_file` WHERE  `theme` = 'default'  AND (  `is_public` = 1 OR `file` = '../home/index/index' ) [ RunTime:0.000286s ]
[2024-11-15T11:00:11+08:00][sql] CONNECT:[ UseTime:0.000286s ] mysql:host=43.241.16.146;port=3306;dbname=zhibo;charset=utf8mb4
[2024-11-15T11:00:11+08:00][sql] SHOW FULL COLUMNS FROM `cmf_hook` [ RunTime:0.000475s ]
[2024-11-15T11:00:11+08:00][sql] SELECT `hook`,`id` FROM `cmf_hook` WHERE  (  (  `app` = '' OR `app` = 'cmf' )  AND `type` = 3 ) OR `type` = 1 [ RunTime:0.000333s ]
[2024-11-15T11:00:11+08:00][sql] SHOW FULL COLUMNS FROM `cmf_hook_plugin` [ RunTime:0.000421s ]
[2024-11-15T11:00:11+08:00][sql] SELECT `hook`,`plugin` FROM `cmf_hook_plugin` WHERE  `status` = 1  AND `hook` IN ('app_begin','module_init','action_begin','view_filter','app_end','log_write','response_end','admin_init','home_init','send_mobile_verification_code','body_start','before_head_end','footer_start','before_footer','before_footer_end','before_body_end','left_sidebar_start','before_left_sidebar_end','right_sidebar_start','before_right_sidebar_end','comment','guestbook','switch_theme','after_content','before_content','log_write_done','switch_admin_theme','captcha_image') ORDER BY `list_order` ASC [ RunTime:0.000405s ]
[2024-11-15T11:00:11+08:00][sql] SHOW FULL COLUMNS FROM `cmf_plugin` [ RunTime:0.000508s ]
[2024-11-15T11:00:11+08:00][sql] SELECT `config` FROM `cmf_plugin` WHERE  `name` = 'Qiniu' LIMIT 1 [ RunTime:0.000243s ]
[2024-11-15T11:00:11+08:00][sql] SHOW FULL COLUMNS FROM `cmf_user` [ RunTime:0.000629s ]
[2024-11-15T11:00:11+08:00][sql] SELECT `id`,`user_login`,`user_nickname`,`avatar`,`avatar_thumb`,`sex`,`signature`,`consumption`,`votestotal`,`province`,`city`,`coin`,`votes`,`birthday`,`issuper` FROM `cmf_user` WHERE  `id` = 2 LIMIT 1 [ RunTime:0.000314s ]
[2024-11-15T11:00:11+08:00][sql] SHOW FULL COLUMNS FROM `cmf_vip_user` [ RunTime:0.000415s ]
[2024-11-15T11:00:11+08:00][sql] SELECT * FROM `cmf_vip_user` WHERE  `uid` = 2 LIMIT 1 [ RunTime:0.000232s ]
[2024-11-15T11:00:11+08:00][sql] SHOW FULL COLUMNS FROM `cmf_liang` [ RunTime:0.000438s ]
[2024-11-15T11:00:11+08:00][sql] SELECT * FROM `cmf_liang` WHERE  ( status=1 and state=1 )  AND `uid` = 2 LIMIT 1 [ RunTime:0.000273s ]
[2024-11-15T11:00:11+08:00][sql] SHOW FULL COLUMNS FROM `cmf_user_token` [ RunTime:0.000410s ]
[2024-11-15T11:00:11+08:00][sql] SELECT `token` FROM `cmf_user_token` WHERE  ( user_id=2 ) LIMIT 1 [ RunTime:0.000212s ]
[2024-11-15T11:00:11+08:00][sql] SELECT `id`,`user_login`,`user_nickname`,`avatar`,`avatar_thumb`,`sex`,`signature`,`consumption`,`votestotal`,`province`,`city`,`coin`,`votes`,`birthday`,`issuper` FROM `cmf_user` WHERE  `id` = 2 LIMIT 1 [ RunTime:0.000277s ]
[2024-11-15T11:00:11+08:00][sql] SELECT * FROM `cmf_vip_user` WHERE  `uid` = 2 LIMIT 1 [ RunTime:0.000224s ]
[2024-11-15T11:00:11+08:00][sql] SELECT * FROM `cmf_liang` WHERE  ( status=1 and state=1 )  AND `uid` = 2 LIMIT 1 [ RunTime:0.000249s ]
[2024-11-15T11:00:11+08:00][sql] SELECT `token` FROM `cmf_user_token` WHERE  ( user_id=2 ) LIMIT 1 [ RunTime:0.000196s ]
[2024-11-15T11:00:19+08:00][sql] CONNECT:[ UseTime:0.000313s ] mysql:host=43.241.16.146;port=3306;dbname=zhibo;charset=utf8mb4
[2024-11-15T11:00:19+08:00][sql] SHOW FULL COLUMNS FROM `cmf_hook` [ RunTime:0.000523s ]
[2024-11-15T11:00:19+08:00][sql] SELECT `hook`,`id` FROM `cmf_hook` WHERE  (  (  `app` = '' OR `app` = 'cmf' )  AND `type` = 3 ) OR `type` = 1 [ RunTime:0.000348s ]
[2024-11-15T11:00:19+08:00][sql] SHOW FULL COLUMNS FROM `cmf_hook_plugin` [ RunTime:0.000429s ]
[2024-11-15T11:00:19+08:00][sql] SELECT `hook`,`plugin` FROM `cmf_hook_plugin` WHERE  `status` = 1  AND `hook` IN ('app_begin','module_init','action_begin','view_filter','app_end','log_write','response_end','admin_init','home_init','send_mobile_verification_code','body_start','before_head_end','footer_start','before_footer','before_footer_end','before_body_end','left_sidebar_start','before_left_sidebar_end','right_sidebar_start','before_right_sidebar_end','comment','guestbook','switch_theme','after_content','before_content','log_write_done','switch_admin_theme','captcha_image') ORDER BY `list_order` ASC [ RunTime:0.000401s ]
[2024-11-15T11:00:19+08:00][sql] SHOW FULL COLUMNS FROM `cmf_plugin` [ RunTime:0.000504s ]
[2024-11-15T11:00:19+08:00][sql] SELECT `config` FROM `cmf_plugin` WHERE  `name` = 'Qiniu' LIMIT 1 [ RunTime:0.000257s ]
[2024-11-15T11:00:19+08:00][sql] SHOW FULL COLUMNS FROM `cmf_user` [ RunTime:0.000636s ]
[2024-11-15T11:00:19+08:00][sql] SELECT `id`,`user_login`,`user_nickname`,`avatar`,`avatar_thumb`,`sex`,`signature`,`consumption`,`votestotal`,`province`,`city`,`coin`,`votes`,`birthday`,`issuper` FROM `cmf_user` WHERE  `id` = 2 LIMIT 1 [ RunTime:0.000318s ]
[2024-11-15T11:00:19+08:00][sql] SHOW FULL COLUMNS FROM `cmf_vip_user` [ RunTime:0.000423s ]
[2024-11-15T11:00:19+08:00][sql] SELECT * FROM `cmf_vip_user` WHERE  `uid` = 2 LIMIT 1 [ RunTime:0.000235s ]
[2024-11-15T11:00:19+08:00][sql] SHOW FULL COLUMNS FROM `cmf_liang` [ RunTime:0.000444s ]
[2024-11-15T11:00:19+08:00][sql] SELECT * FROM `cmf_liang` WHERE  ( status=1 and state=1 )  AND `uid` = 2 LIMIT 1 [ RunTime:0.000278s ]
[2024-11-15T11:00:19+08:00][sql] SHOW FULL COLUMNS FROM `cmf_user_token` [ RunTime:0.000420s ]
[2024-11-15T11:00:19+08:00][sql] SELECT `token` FROM `cmf_user_token` WHERE  ( user_id=2 ) LIMIT 1 [ RunTime:0.000216s ]
[2024-11-15T11:00:19+08:00][sql] SELECT `id`,`user_login`,`user_nickname`,`avatar`,`avatar_thumb`,`sex`,`signature`,`consumption`,`votestotal`,`province`,`city`,`coin`,`votes`,`birthday`,`issuper` FROM `cmf_user` WHERE  `id` = 2 LIMIT 1 [ RunTime:0.000281s ]
[2024-11-15T11:00:19+08:00][sql] SELECT * FROM `cmf_vip_user` WHERE  `uid` = 2 LIMIT 1 [ RunTime:0.000228s ]
[2024-11-15T11:00:19+08:00][sql] SELECT * FROM `cmf_liang` WHERE  ( status=1 and state=1 )  AND `uid` = 2 LIMIT 1 [ RunTime:0.000255s ]
[2024-11-15T11:00:19+08:00][sql] SELECT `token` FROM `cmf_user_token` WHERE  ( user_id=2 ) LIMIT 1 [ RunTime:0.000203s ]
[2024-11-15T11:00:19+08:00][sql] SELECT `id`,`user_nickname`,`avatar`,`avatar_thumb`,`sex`,`signature`,`consumption`,`votestotal`,`province`,`user_status`,`city`,`birthday`,`issuper`,`end_bantime` FROM `cmf_user` WHERE  `id` = 2 LIMIT 1 [ RunTime:0.000278s ]
[2024-11-15T11:00:19+08:00][sql] SELECT * FROM `cmf_vip_user` WHERE  `uid` = 2 LIMIT 1 [ RunTime:0.000222s ]
[2024-11-15T11:00:19+08:00][sql] SELECT * FROM `cmf_liang` WHERE  ( status=1 and state=1 )  AND `uid` = 2 LIMIT 1 [ RunTime:0.000251s ]
[2024-11-15T11:00:19+08:00][sql] SELECT `token` FROM `cmf_user_token` WHERE  ( user_id=2 ) LIMIT 1 [ RunTime:0.000200s ]
[2024-11-15T11:00:19+08:00][sql] SELECT `id`,`user_login`,`user_nickname`,`avatar`,`avatar_thumb`,`sex`,`signature`,`consumption`,`votestotal`,`province`,`city`,`coin`,`votes`,`birthday`,`issuper` FROM `cmf_user` WHERE  `id` = 2 LIMIT 1 [ RunTime:0.000269s ]
[2024-11-15T11:00:19+08:00][sql] SELECT * FROM `cmf_vip_user` WHERE  `uid` = 2 LIMIT 1 [ RunTime:0.000221s ]
[2024-11-15T11:00:19+08:00][sql] SELECT * FROM `cmf_liang` WHERE  ( status=1 and state=1 )  AND `uid` = 2 LIMIT 1 [ RunTime:0.000249s ]
[2024-11-15T11:00:19+08:00][sql] SELECT `token` FROM `cmf_user_token` WHERE  ( user_id=2 ) LIMIT 1 [ RunTime:0.000198s ]
[2024-11-15T11:00:19+08:00][sql] select sum(case when touid=2 then 1 else 0 end) as tsd,sum(case when uid=2 then 1 else 0 end) as tsc from cmf_user_coinrecord [ RunTime:0.000271s ]
[2024-11-15T11:00:19+08:00][sql] SHOW FULL COLUMNS FROM `cmf_theme_file` [ RunTime:0.000499s ]
[2024-11-15T11:00:19+08:00][sql] SELECT `more` FROM `cmf_theme_file` WHERE  `theme` = 'default'  AND (  `is_public` = 1 OR `file` = '../home/personal/index' ) [ RunTime:0.000282s ]
[2024-11-15T11:00:19+08:00][sql] CONNECT:[ UseTime:0.000386s ] mysql:host=43.241.16.146;port=3306;dbname=zhibo;charset=utf8mb4
[2024-11-15T11:00:19+08:00][sql] SHOW FULL COLUMNS FROM `cmf_hook` [ RunTime:0.000631s ]
[2024-11-15T11:00:19+08:00][sql] SELECT `hook`,`id` FROM `cmf_hook` WHERE  (  (  `app` = '' OR `app` = 'cmf' )  AND `type` = 3 ) OR `type` = 1 [ RunTime:0.000381s ]
[2024-11-15T11:00:19+08:00][sql] SHOW FULL COLUMNS FROM `cmf_hook_plugin` [ RunTime:0.000439s ]
[2024-11-15T11:00:19+08:00][sql] SELECT `hook`,`plugin` FROM `cmf_hook_plugin` WHERE  `status` = 1  AND `hook` IN ('app_begin','module_init','action_begin','view_filter','app_end','log_write','response_end','admin_init','home_init','send_mobile_verification_code','body_start','before_head_end','footer_start','before_footer','before_footer_end','before_body_end','left_sidebar_start','before_left_sidebar_end','right_sidebar_start','before_right_sidebar_end','comment','guestbook','switch_theme','after_content','before_content','log_write_done','switch_admin_theme','captcha_image') ORDER BY `list_order` ASC [ RunTime:0.000433s ]
[2024-11-15T11:00:19+08:00][sql] SHOW FULL COLUMNS FROM `cmf_plugin` [ RunTime:0.000491s ]
[2024-11-15T11:00:19+08:00][sql] SELECT `config` FROM `cmf_plugin` WHERE  `name` = 'Qiniu' LIMIT 1 [ RunTime:0.000250s ]
[2024-11-15T11:00:19+08:00][sql] SHOW FULL COLUMNS FROM `cmf_user` [ RunTime:0.000648s ]
[2024-11-15T11:00:19+08:00][sql] SELECT `id`,`user_login`,`user_nickname`,`avatar`,`avatar_thumb`,`sex`,`signature`,`consumption`,`votestotal`,`province`,`city`,`coin`,`votes`,`birthday`,`issuper` FROM `cmf_user` WHERE  `id` = 2 LIMIT 1 [ RunTime:0.000327s ]
[2024-11-15T11:00:19+08:00][sql] SHOW FULL COLUMNS FROM `cmf_vip_user` [ RunTime:0.000419s ]
[2024-11-15T11:00:19+08:00][sql] SELECT * FROM `cmf_vip_user` WHERE  `uid` = 2 LIMIT 1 [ RunTime:0.000235s ]
[2024-11-15T11:00:19+08:00][sql] SHOW FULL COLUMNS FROM `cmf_liang` [ RunTime:0.000443s ]
[2024-11-15T11:00:19+08:00][sql] SELECT * FROM `cmf_liang` WHERE  ( status=1 and state=1 )  AND `uid` = 2 LIMIT 1 [ RunTime:0.000279s ]
[2024-11-15T11:00:19+08:00][sql] SHOW FULL COLUMNS FROM `cmf_user_token` [ RunTime:0.000409s ]
[2024-11-15T11:00:19+08:00][sql] SELECT `token` FROM `cmf_user_token` WHERE  ( user_id=2 ) LIMIT 1 [ RunTime:0.000214s ]
[2024-11-15T11:00:19+08:00][sql] SELECT `id`,`user_login`,`user_nickname`,`avatar`,`avatar_thumb`,`sex`,`signature`,`consumption`,`votestotal`,`province`,`city`,`coin`,`votes`,`birthday`,`issuper` FROM `cmf_user` WHERE  `id` = 2 LIMIT 1 [ RunTime:0.000283s ]
[2024-11-15T11:00:19+08:00][sql] SELECT * FROM `cmf_vip_user` WHERE  `uid` = 2 LIMIT 1 [ RunTime:0.000227s ]
[2024-11-15T11:00:19+08:00][sql] SELECT * FROM `cmf_liang` WHERE  ( status=1 and state=1 )  AND `uid` = 2 LIMIT 1 [ RunTime:0.000256s ]
[2024-11-15T11:00:19+08:00][sql] SELECT `token` FROM `cmf_user_token` WHERE  ( user_id=2 ) LIMIT 1 [ RunTime:0.000200s ]
[2024-11-15T11:00:32+08:00][sql] CONNECT:[ UseTime:0.000356s ] mysql:host=43.241.16.146;port=3306;dbname=zhibo;charset=utf8mb4
[2024-11-15T11:00:32+08:00][sql] SHOW FULL COLUMNS FROM `cmf_hook` [ RunTime:0.000568s ]
[2024-11-15T11:00:32+08:00][sql] SELECT `hook`,`id` FROM `cmf_hook` WHERE  (  (  `app` = '' OR `app` = 'cmf' )  AND `type` = 3 ) OR `type` = 1 [ RunTime:0.000370s ]
[2024-11-15T11:00:32+08:00][sql] SHOW FULL COLUMNS FROM `cmf_hook_plugin` [ RunTime:0.000432s ]
[2024-11-15T11:00:32+08:00][sql] SELECT `hook`,`plugin` FROM `cmf_hook_plugin` WHERE  `status` = 1  AND `hook` IN ('app_begin','module_init','action_begin','view_filter','app_end','log_write','response_end','admin_init','home_init','send_mobile_verification_code','body_start','before_head_end','footer_start','before_footer','before_footer_end','before_body_end','left_sidebar_start','before_left_sidebar_end','right_sidebar_start','before_right_sidebar_end','comment','guestbook','switch_theme','after_content','before_content','log_write_done','switch_admin_theme','captcha_image') ORDER BY `list_order` ASC [ RunTime:0.000408s ]
[2024-11-15T11:00:32+08:00][sql] SHOW FULL COLUMNS FROM `cmf_plugin` [ RunTime:0.000506s ]
[2024-11-15T11:00:32+08:00][sql] SELECT `config` FROM `cmf_plugin` WHERE  `name` = 'Qiniu' LIMIT 1 [ RunTime:0.000251s ]
[2024-11-15T11:00:32+08:00][sql] SHOW FULL COLUMNS FROM `cmf_user` [ RunTime:0.000657s ]
[2024-11-15T11:00:32+08:00][sql] SELECT `id`,`user_login`,`user_nickname`,`avatar`,`avatar_thumb`,`sex`,`signature`,`consumption`,`votestotal`,`province`,`city`,`coin`,`votes`,`birthday`,`issuper` FROM `cmf_user` WHERE  `id` = 2 LIMIT 1 [ RunTime:0.000334s ]
[2024-11-15T11:00:32+08:00][sql] SHOW FULL COLUMNS FROM `cmf_vip_user` [ RunTime:0.000424s ]
[2024-11-15T11:00:32+08:00][sql] SELECT * FROM `cmf_vip_user` WHERE  `uid` = 2 LIMIT 1 [ RunTime:0.000238s ]
[2024-11-15T11:00:32+08:00][sql] SHOW FULL COLUMNS FROM `cmf_liang` [ RunTime:0.000453s ]
[2024-11-15T11:00:32+08:00][sql] SELECT * FROM `cmf_liang` WHERE  ( status=1 and state=1 )  AND `uid` = 2 LIMIT 1 [ RunTime:0.000279s ]
[2024-11-15T11:00:32+08:00][sql] SHOW FULL COLUMNS FROM `cmf_user_token` [ RunTime:0.000427s ]
[2024-11-15T11:00:32+08:00][sql] SELECT `token` FROM `cmf_user_token` WHERE  ( user_id=2 ) LIMIT 1 [ RunTime:0.000215s ]
[2024-11-15T11:00:32+08:00][sql] SELECT `id`,`user_login`,`user_nickname`,`avatar`,`avatar_thumb`,`sex`,`signature`,`consumption`,`votestotal`,`province`,`city`,`coin`,`votes`,`birthday`,`issuper` FROM `cmf_user` WHERE  `id` = 2 LIMIT 1 [ RunTime:0.000287s ]
[2024-11-15T11:00:32+08:00][sql] SELECT * FROM `cmf_vip_user` WHERE  `uid` = 2 LIMIT 1 [ RunTime:0.000229s ]
[2024-11-15T11:00:32+08:00][sql] SELECT * FROM `cmf_liang` WHERE  ( status=1 and state=1 )  AND `uid` = 2 LIMIT 1 [ RunTime:0.000257s ]
[2024-11-15T11:00:32+08:00][sql] SELECT `token` FROM `cmf_user_token` WHERE  ( user_id=2 ) LIMIT 1 [ RunTime:0.000202s ]
[2024-11-15T11:00:32+08:00][sql] SELECT `id`,`user_nickname`,`avatar`,`avatar_thumb`,`sex`,`signature`,`consumption`,`votestotal`,`province`,`user_status`,`city`,`birthday`,`issuper`,`end_bantime` FROM `cmf_user` WHERE  `id` = 2 LIMIT 1 [ RunTime:0.000280s ]
[2024-11-15T11:00:32+08:00][sql] SELECT * FROM `cmf_vip_user` WHERE  `uid` = 2 LIMIT 1 [ RunTime:0.000225s ]
[2024-11-15T11:00:32+08:00][sql] SELECT * FROM `cmf_liang` WHERE  ( status=1 and state=1 )  AND `uid` = 2 LIMIT 1 [ RunTime:0.000254s ]
[2024-11-15T11:00:32+08:00][sql] SELECT `token` FROM `cmf_user_token` WHERE  ( user_id=2 ) LIMIT 1 [ RunTime:0.000195s ]
[2024-11-15T11:00:32+08:00][sql] SELECT `id`,`user_login`,`user_nickname`,`avatar`,`avatar_thumb`,`sex`,`signature`,`consumption`,`votestotal`,`province`,`city`,`coin`,`votes`,`birthday`,`issuper` FROM `cmf_user` WHERE  `id` = 2 LIMIT 1 [ RunTime:0.000282s ]
[2024-11-15T11:00:32+08:00][sql] SELECT * FROM `cmf_vip_user` WHERE  `uid` = 2 LIMIT 1 [ RunTime:0.000224s ]
[2024-11-15T11:00:32+08:00][sql] SELECT * FROM `cmf_liang` WHERE  ( status=1 and state=1 )  AND `uid` = 2 LIMIT 1 [ RunTime:0.000253s ]
[2024-11-15T11:00:32+08:00][sql] SELECT `token` FROM `cmf_user_token` WHERE  ( user_id=2 ) LIMIT 1 [ RunTime:0.000191s ]
[2024-11-15T11:00:32+08:00][sql] SHOW FULL COLUMNS FROM `cmf_cash_account` [ RunTime:0.000467s ]
[2024-11-15T11:00:32+08:00][sql] SELECT * FROM `cmf_cash_account` WHERE  ( uid=2 ) ORDER BY `id` DESC [ RunTime:0.000238s ]
[2024-11-15T11:00:32+08:00][sql] SHOW FULL COLUMNS FROM `cmf_theme_file` [ RunTime:0.000468s ]
[2024-11-15T11:00:32+08:00][sql] SELECT `more` FROM `cmf_theme_file` WHERE  `theme` = 'default'  AND (  `is_public` = 1 OR `file` = '../home/personal/exchange' ) [ RunTime:0.000287s ]
[2024-11-15T11:00:32+08:00][sql] CONNECT:[ UseTime:0.000303s ] mysql:host=43.241.16.146;port=3306;dbname=zhibo;charset=utf8mb4
[2024-11-15T11:00:32+08:00][sql] SHOW FULL COLUMNS FROM `cmf_hook` [ RunTime:0.000500s ]
[2024-11-15T11:00:32+08:00][sql] SELECT `hook`,`id` FROM `cmf_hook` WHERE  (  (  `app` = '' OR `app` = 'cmf' )  AND `type` = 3 ) OR `type` = 1 [ RunTime:0.000336s ]
[2024-11-15T11:00:32+08:00][sql] SHOW FULL COLUMNS FROM `cmf_hook_plugin` [ RunTime:0.000429s ]
[2024-11-15T11:00:32+08:00][sql] SELECT `hook`,`plugin` FROM `cmf_hook_plugin` WHERE  `status` = 1  AND `hook` IN ('app_begin','module_init','action_begin','view_filter','app_end','log_write','response_end','admin_init','home_init','send_mobile_verification_code','body_start','before_head_end','footer_start','before_footer','before_footer_end','before_body_end','left_sidebar_start','before_left_sidebar_end','right_sidebar_start','before_right_sidebar_end','comment','guestbook','switch_theme','after_content','before_content','log_write_done','switch_admin_theme','captcha_image') ORDER BY `list_order` ASC [ RunTime:0.000397s ]
[2024-11-15T11:00:32+08:00][sql] SHOW FULL COLUMNS FROM `cmf_plugin` [ RunTime:0.000511s ]
[2024-11-15T11:00:32+08:00][sql] SELECT `config` FROM `cmf_plugin` WHERE  `name` = 'Qiniu' LIMIT 1 [ RunTime:0.000248s ]
[2024-11-15T11:00:32+08:00][sql] SHOW FULL COLUMNS FROM `cmf_user` [ RunTime:0.000654s ]
[2024-11-15T11:00:32+08:00][sql] SELECT `id`,`user_login`,`user_nickname`,`avatar`,`avatar_thumb`,`sex`,`signature`,`consumption`,`votestotal`,`province`,`city`,`coin`,`votes`,`birthday`,`issuper` FROM `cmf_user` WHERE  `id` = 2 LIMIT 1 [ RunTime:0.000318s ]
[2024-11-15T11:00:32+08:00][sql] SHOW FULL COLUMNS FROM `cmf_vip_user` [ RunTime:0.000425s ]
[2024-11-15T11:00:32+08:00][sql] SELECT * FROM `cmf_vip_user` WHERE  `uid` = 2 LIMIT 1 [ RunTime:0.000238s ]
[2024-11-15T11:00:32+08:00][sql] SHOW FULL COLUMNS FROM `cmf_liang` [ RunTime:0.000447s ]
[2024-11-15T11:00:32+08:00][sql] SELECT * FROM `cmf_liang` WHERE  ( status=1 and state=1 )  AND `uid` = 2 LIMIT 1 [ RunTime:0.000282s ]
[2024-11-15T11:00:32+08:00][sql] SHOW FULL COLUMNS FROM `cmf_user_token` [ RunTime:0.000417s ]
[2024-11-15T11:00:32+08:00][sql] SELECT `token` FROM `cmf_user_token` WHERE  ( user_id=2 ) LIMIT 1 [ RunTime:0.000219s ]
[2024-11-15T11:00:32+08:00][sql] SELECT `id`,`user_login`,`user_nickname`,`avatar`,`avatar_thumb`,`sex`,`signature`,`consumption`,`votestotal`,`province`,`city`,`coin`,`votes`,`birthday`,`issuper` FROM `cmf_user` WHERE  `id` = 2 LIMIT 1 [ RunTime:0.000279s ]
[2024-11-15T11:00:32+08:00][sql] SELECT * FROM `cmf_vip_user` WHERE  `uid` = 2 LIMIT 1 [ RunTime:0.000240s ]
[2024-11-15T11:00:32+08:00][sql] SELECT * FROM `cmf_liang` WHERE  ( status=1 and state=1 )  AND `uid` = 2 LIMIT 1 [ RunTime:0.000255s ]
[2024-11-15T11:00:32+08:00][sql] SELECT `token` FROM `cmf_user_token` WHERE  ( user_id=2 ) LIMIT 1 [ RunTime:0.000211s ]
[2024-11-15T11:02:00+08:00][sql] CONNECT:[ UseTime:0.000417s ] mysql:host=43.241.16.146;port=3306;dbname=zhibo;charset=utf8mb4
[2024-11-15T11:02:00+08:00][sql] SHOW FULL COLUMNS FROM `cmf_hook` [ RunTime:0.000692s ]
[2024-11-15T11:02:00+08:00][sql] SELECT `hook`,`id` FROM `cmf_hook` WHERE  (  (  `app` = '' OR `app` = 'cmf' )  AND `type` = 3 ) OR `type` = 1 [ RunTime:0.000446s ]
[2024-11-15T11:02:00+08:00][sql] SHOW FULL COLUMNS FROM `cmf_hook_plugin` [ RunTime:0.000512s ]
[2024-11-15T11:02:00+08:00][sql] SELECT `hook`,`plugin` FROM `cmf_hook_plugin` WHERE  `status` = 1  AND `hook` IN ('app_begin','module_init','action_begin','view_filter','app_end','log_write','response_end','admin_init','home_init','send_mobile_verification_code','body_start','before_head_end','footer_start','before_footer','before_footer_end','before_body_end','left_sidebar_start','before_left_sidebar_end','right_sidebar_start','before_right_sidebar_end','comment','guestbook','switch_theme','after_content','before_content','log_write_done','switch_admin_theme','captcha_image') ORDER BY `list_order` ASC [ RunTime:0.000465s ]
[2024-11-15T11:02:00+08:00][sql] SHOW FULL COLUMNS FROM `cmf_plugin` [ RunTime:0.000581s ]
[2024-11-15T11:02:00+08:00][sql] SELECT `config` FROM `cmf_plugin` WHERE  `name` = 'Qiniu' LIMIT 1 [ RunTime:0.000306s ]
[2024-11-15T11:02:00+08:00][sql] SHOW FULL COLUMNS FROM `cmf_user` [ RunTime:0.000747s ]
[2024-11-15T11:02:00+08:00][sql] SELECT `id`,`user_login`,`user_nickname`,`avatar`,`avatar_thumb`,`sex`,`signature`,`consumption`,`votestotal`,`province`,`city`,`coin`,`votes`,`birthday`,`issuper` FROM `cmf_user` WHERE  `id` = 2 LIMIT 1 [ RunTime:0.000390s ]
[2024-11-15T11:02:00+08:00][sql] SHOW FULL COLUMNS FROM `cmf_vip_user` [ RunTime:0.000485s ]
[2024-11-15T11:02:00+08:00][sql] SELECT * FROM `cmf_vip_user` WHERE  `uid` = 2 LIMIT 1 [ RunTime:0.000285s ]
[2024-11-15T11:02:00+08:00][sql] SHOW FULL COLUMNS FROM `cmf_liang` [ RunTime:0.000531s ]
[2024-11-15T11:02:00+08:00][sql] SELECT * FROM `cmf_liang` WHERE  ( status=1 and state=1 )  AND `uid` = 2 LIMIT 1 [ RunTime:0.000328s ]
[2024-11-15T11:02:00+08:00][sql] SHOW FULL COLUMNS FROM `cmf_user_token` [ RunTime:0.000490s ]
[2024-11-15T11:02:00+08:00][sql] SELECT `token` FROM `cmf_user_token` WHERE  ( user_id=2 ) LIMIT 1 [ RunTime:0.000268s ]
[2024-11-15T11:02:00+08:00][sql] SELECT `id`,`user_login`,`user_nickname`,`avatar`,`avatar_thumb`,`sex`,`signature`,`consumption`,`votestotal`,`province`,`city`,`coin`,`votes`,`birthday`,`issuper` FROM `cmf_user` WHERE  `id` = 2 LIMIT 1 [ RunTime:0.000334s ]
[2024-11-15T11:02:00+08:00][sql] SELECT * FROM `cmf_vip_user` WHERE  `uid` = 2 LIMIT 1 [ RunTime:0.000288s ]
[2024-11-15T11:02:00+08:00][sql] SELECT * FROM `cmf_liang` WHERE  ( status=1 and state=1 )  AND `uid` = 2 LIMIT 1 [ RunTime:0.000310s ]
[2024-11-15T11:02:00+08:00][sql] SELECT `token` FROM `cmf_user_token` WHERE  ( user_id=2 ) LIMIT 1 [ RunTime:0.000250s ]
[2024-11-15T11:02:00+08:00][sql] SELECT `id`,`user_login`,`user_nickname`,`avatar`,`avatar_thumb`,`sex`,`signature`,`consumption`,`votestotal`,`province`,`city`,`coin`,`votes`,`birthday`,`issuper` FROM `cmf_user` WHERE  `id` = 2 LIMIT 1 [ RunTime:0.000347s ]
[2024-11-15T11:02:00+08:00][sql] SELECT * FROM `cmf_vip_user` WHERE  `uid` = 2 LIMIT 1 [ RunTime:0.000281s ]
[2024-11-15T11:02:00+08:00][sql] SELECT * FROM `cmf_liang` WHERE  ( status=1 and state=1 )  AND `uid` = 2 LIMIT 1 [ RunTime:0.000318s ]
[2024-11-15T11:02:00+08:00][sql] SELECT `token` FROM `cmf_user_token` WHERE  ( user_id=2 ) LIMIT 1 [ RunTime:0.000252s ]
[2024-11-15T11:02:00+08:00][sql] SHOW FULL COLUMNS FROM `cmf_theme_file` [ RunTime:0.000555s ]
[2024-11-15T11:02:00+08:00][sql] SELECT `more` FROM `cmf_theme_file` WHERE  `theme` = 'default'  AND (  `is_public` = 1 OR `file` = '../home/personal/modify' ) [ RunTime:0.000339s ]
[2024-11-15T11:02:01+08:00][sql] CONNECT:[ UseTime:0.000302s ] mysql:host=43.241.16.146;port=3306;dbname=zhibo;charset=utf8mb4
[2024-11-15T11:02:01+08:00][sql] SHOW FULL COLUMNS FROM `cmf_hook` [ RunTime:0.000506s ]
[2024-11-15T11:02:01+08:00][sql] SELECT `hook`,`id` FROM `cmf_hook` WHERE  (  (  `app` = '' OR `app` = 'cmf' )  AND `type` = 3 ) OR `type` = 1 [ RunTime:0.000340s ]
[2024-11-15T11:02:01+08:00][sql] SHOW FULL COLUMNS FROM `cmf_hook_plugin` [ RunTime:0.000430s ]
[2024-11-15T11:02:01+08:00][sql] SELECT `hook`,`plugin` FROM `cmf_hook_plugin` WHERE  `status` = 1  AND `hook` IN ('app_begin','module_init','action_begin','view_filter','app_end','log_write','response_end','admin_init','home_init','send_mobile_verification_code','body_start','before_head_end','footer_start','before_footer','before_footer_end','before_body_end','left_sidebar_start','before_left_sidebar_end','right_sidebar_start','before_right_sidebar_end','comment','guestbook','switch_theme','after_content','before_content','log_write_done','switch_admin_theme','captcha_image') ORDER BY `list_order` ASC [ RunTime:0.000403s ]
[2024-11-15T11:02:01+08:00][sql] SHOW FULL COLUMNS FROM `cmf_plugin` [ RunTime:0.000499s ]
[2024-11-15T11:02:01+08:00][sql] SELECT `config` FROM `cmf_plugin` WHERE  `name` = 'Qiniu' LIMIT 1 [ RunTime:0.000252s ]
[2024-11-15T11:02:01+08:00][sql] SHOW FULL COLUMNS FROM `cmf_user` [ RunTime:0.000635s ]
[2024-11-15T11:02:01+08:00][sql] SELECT `id`,`user_login`,`user_nickname`,`avatar`,`avatar_thumb`,`sex`,`signature`,`consumption`,`votestotal`,`province`,`city`,`coin`,`votes`,`birthday`,`issuper` FROM `cmf_user` WHERE  `id` = 2 LIMIT 1 [ RunTime:0.000316s ]
[2024-11-15T11:02:01+08:00][sql] SHOW FULL COLUMNS FROM `cmf_vip_user` [ RunTime:0.000416s ]
[2024-11-15T11:02:01+08:00][sql] SELECT * FROM `cmf_vip_user` WHERE  `uid` = 2 LIMIT 1 [ RunTime:0.000231s ]
[2024-11-15T11:02:01+08:00][sql] SHOW FULL COLUMNS FROM `cmf_liang` [ RunTime:0.000442s ]
[2024-11-15T11:02:01+08:00][sql] SELECT * FROM `cmf_liang` WHERE  ( status=1 and state=1 )  AND `uid` = 2 LIMIT 1 [ RunTime:0.000275s ]
[2024-11-15T11:02:01+08:00][sql] SHOW FULL COLUMNS FROM `cmf_user_token` [ RunTime:0.000416s ]
[2024-11-15T11:02:01+08:00][sql] SELECT `token` FROM `cmf_user_token` WHERE  ( user_id=2 ) LIMIT 1 [ RunTime:0.000213s ]
[2024-11-15T11:02:01+08:00][sql] SELECT `id`,`user_login`,`user_nickname`,`avatar`,`avatar_thumb`,`sex`,`signature`,`consumption`,`votestotal`,`province`,`city`,`coin`,`votes`,`birthday`,`issuper` FROM `cmf_user` WHERE  `id` = 2 LIMIT 1 [ RunTime:0.000278s ]
[2024-11-15T11:02:01+08:00][sql] SELECT * FROM `cmf_vip_user` WHERE  `uid` = 2 LIMIT 1 [ RunTime:0.000227s ]
[2024-11-15T11:02:01+08:00][sql] SELECT * FROM `cmf_liang` WHERE  ( status=1 and state=1 )  AND `uid` = 2 LIMIT 1 [ RunTime:0.000252s ]
[2024-11-15T11:02:01+08:00][sql] SELECT `token` FROM `cmf_user_token` WHERE  ( user_id=2 ) LIMIT 1 [ RunTime:0.000201s ]
[2024-11-15T11:02:58+08:00][sql] CONNECT:[ UseTime:0.000416s ] mysql:host=43.241.16.146;port=3306;dbname=zhibo;charset=utf8mb4
[2024-11-15T11:02:58+08:00][sql] SHOW FULL COLUMNS FROM `cmf_hook` [ RunTime:0.000650s ]
[2024-11-15T11:02:58+08:00][sql] SELECT `hook`,`id` FROM `cmf_hook` WHERE  (  (  `app` = '' OR `app` = 'cmf' )  AND `type` = 3 ) OR `type` = 1 [ RunTime:0.000408s ]
[2024-11-15T11:02:58+08:00][sql] SHOW FULL COLUMNS FROM `cmf_hook_plugin` [ RunTime:0.000442s ]
[2024-11-15T11:02:58+08:00][sql] SELECT `hook`,`plugin` FROM `cmf_hook_plugin` WHERE  `status` = 1  AND `hook` IN ('app_begin','module_init','action_begin','view_filter','app_end','log_write','response_end','admin_init','home_init','send_mobile_verification_code','body_start','before_head_end','footer_start','before_footer','before_footer_end','before_body_end','left_sidebar_start','before_left_sidebar_end','right_sidebar_start','before_right_sidebar_end','comment','guestbook','switch_theme','after_content','before_content','log_write_done','switch_admin_theme','captcha_image') ORDER BY `list_order` ASC [ RunTime:0.000437s ]
[2024-11-15T11:02:58+08:00][sql] SHOW FULL COLUMNS FROM `cmf_plugin` [ RunTime:0.000515s ]
[2024-11-15T11:02:58+08:00][sql] SELECT `config` FROM `cmf_plugin` WHERE  `name` = 'Qiniu' LIMIT 1 [ RunTime:0.000256s ]
[2024-11-15T11:02:58+08:00][sql] SHOW FULL COLUMNS FROM `cmf_user` [ RunTime:0.000646s ]
[2024-11-15T11:02:58+08:00][sql] SELECT `id`,`user_login`,`user_nickname`,`avatar`,`avatar_thumb`,`sex`,`signature`,`consumption`,`votestotal`,`province`,`city`,`coin`,`votes`,`birthday`,`issuper` FROM `cmf_user` WHERE  `id` = 2 LIMIT 1 [ RunTime:0.000334s ]
[2024-11-15T11:02:58+08:00][sql] SHOW FULL COLUMNS FROM `cmf_vip_user` [ RunTime:0.000428s ]
[2024-11-15T11:02:58+08:00][sql] SELECT * FROM `cmf_vip_user` WHERE  `uid` = 2 LIMIT 1 [ RunTime:0.000241s ]
[2024-11-15T11:02:58+08:00][sql] SHOW FULL COLUMNS FROM `cmf_liang` [ RunTime:0.000449s ]
[2024-11-15T11:02:58+08:00][sql] SELECT * FROM `cmf_liang` WHERE  ( status=1 and state=1 )  AND `uid` = 2 LIMIT 1 [ RunTime:0.000287s ]
[2024-11-15T11:02:58+08:00][sql] SHOW FULL COLUMNS FROM `cmf_user_token` [ RunTime:0.000424s ]
[2024-11-15T11:02:58+08:00][sql] SELECT `token` FROM `cmf_user_token` WHERE  ( user_id=2 ) LIMIT 1 [ RunTime:0.000221s ]
[2024-11-15T11:02:58+08:00][sql] SELECT `id`,`user_login`,`user_nickname`,`avatar`,`avatar_thumb`,`sex`,`signature`,`consumption`,`votestotal`,`province`,`city`,`coin`,`votes`,`birthday`,`issuper` FROM `cmf_user` WHERE  `id` = 2 LIMIT 1 [ RunTime:0.000284s ]
[2024-11-15T11:02:58+08:00][sql] SELECT * FROM `cmf_vip_user` WHERE  `uid` = 2 LIMIT 1 [ RunTime:0.000231s ]
[2024-11-15T11:02:58+08:00][sql] SELECT * FROM `cmf_liang` WHERE  ( status=1 and state=1 )  AND `uid` = 2 LIMIT 1 [ RunTime:0.000264s ]
[2024-11-15T11:02:58+08:00][sql] SELECT `token` FROM `cmf_user_token` WHERE  ( user_id=2 ) LIMIT 1 [ RunTime:0.000204s ]
[2024-11-15T11:02:58+08:00][sql] SHOW FULL COLUMNS FROM `cmf_live` [ RunTime:0.000592s ]
[2024-11-15T11:02:58+08:00][sql] SELECT COUNT(*) AS think_count FROM `cmf_live` `l` LEFT JOIN `cmf_user` `u` ON `u`.`id`=`l`.`uid` WHERE  ( u.sex='1' and l.islive='1'  ) LIMIT 1 [ RunTime:0.000330s ]
[2024-11-15T11:02:58+08:00][sql] SELECT COUNT(*) AS think_count FROM `cmf_live` `l` LEFT JOIN `cmf_user` `u` ON `u`.`id`=`l`.`uid` WHERE  ( u.sex='1' and l.islive='1'  ) LIMIT 1 [ RunTime:0.000261s ]
[2024-11-15T11:02:58+08:00][sql] SHOW FULL COLUMNS FROM `cmf_theme_file` [ RunTime:0.000485s ]
[2024-11-15T11:02:58+08:00][sql] SELECT `more` FROM `cmf_theme_file` WHERE  `theme` = 'default'  AND (  `is_public` = 1 OR `file` = '../home/category/index' ) [ RunTime:0.000297s ]
[2024-11-15T11:02:59+08:00][sql] CONNECT:[ UseTime:0.000303s ] mysql:host=43.241.16.146;port=3306;dbname=zhibo;charset=utf8mb4
[2024-11-15T11:02:59+08:00][sql] SHOW FULL COLUMNS FROM `cmf_hook` [ RunTime:0.000495s ]
[2024-11-15T11:02:59+08:00][sql] SELECT `hook`,`id` FROM `cmf_hook` WHERE  (  (  `app` = '' OR `app` = 'cmf' )  AND `type` = 3 ) OR `type` = 1 [ RunTime:0.000343s ]
[2024-11-15T11:02:59+08:00][sql] SHOW FULL COLUMNS FROM `cmf_hook_plugin` [ RunTime:0.000433s ]
[2024-11-15T11:02:59+08:00][sql] SELECT `hook`,`plugin` FROM `cmf_hook_plugin` WHERE  `status` = 1  AND `hook` IN ('app_begin','module_init','action_begin','view_filter','app_end','log_write','response_end','admin_init','home_init','send_mobile_verification_code','body_start','before_head_end','footer_start','before_footer','before_footer_end','before_body_end','left_sidebar_start','before_left_sidebar_end','right_sidebar_start','before_right_sidebar_end','comment','guestbook','switch_theme','after_content','before_content','log_write_done','switch_admin_theme','captcha_image') ORDER BY `list_order` ASC [ RunTime:0.000395s ]
[2024-11-15T11:02:59+08:00][sql] SHOW FULL COLUMNS FROM `cmf_plugin` [ RunTime:0.000503s ]
[2024-11-15T11:02:59+08:00][sql] SELECT `config` FROM `cmf_plugin` WHERE  `name` = 'Qiniu' LIMIT 1 [ RunTime:0.000247s ]
[2024-11-15T11:02:59+08:00][sql] SHOW FULL COLUMNS FROM `cmf_user` [ RunTime:0.000639s ]
[2024-11-15T11:02:59+08:00][sql] SELECT `id`,`user_login`,`user_nickname`,`avatar`,`avatar_thumb`,`sex`,`signature`,`consumption`,`votestotal`,`province`,`city`,`coin`,`votes`,`birthday`,`issuper` FROM `cmf_user` WHERE  `id` = 2 LIMIT 1 [ RunTime:0.000317s ]
[2024-11-15T11:02:59+08:00][sql] SHOW FULL COLUMNS FROM `cmf_vip_user` [ RunTime:0.000424s ]
[2024-11-15T11:02:59+08:00][sql] SELECT * FROM `cmf_vip_user` WHERE  `uid` = 2 LIMIT 1 [ RunTime:0.000230s ]
[2024-11-15T11:02:59+08:00][sql] SHOW FULL COLUMNS FROM `cmf_liang` [ RunTime:0.000447s ]
[2024-11-15T11:02:59+08:00][sql] SELECT * FROM `cmf_liang` WHERE  ( status=1 and state=1 )  AND `uid` = 2 LIMIT 1 [ RunTime:0.000283s ]
[2024-11-15T11:02:59+08:00][sql] SHOW FULL COLUMNS FROM `cmf_user_token` [ RunTime:0.000419s ]
[2024-11-15T11:02:59+08:00][sql] SELECT `token` FROM `cmf_user_token` WHERE  ( user_id=2 ) LIMIT 1 [ RunTime:0.000216s ]
[2024-11-15T11:02:59+08:00][sql] SELECT `id`,`user_login`,`user_nickname`,`avatar`,`avatar_thumb`,`sex`,`signature`,`consumption`,`votestotal`,`province`,`city`,`coin`,`votes`,`birthday`,`issuper` FROM `cmf_user` WHERE  `id` = 2 LIMIT 1 [ RunTime:0.000282s ]
[2024-11-15T11:02:59+08:00][sql] SELECT * FROM `cmf_vip_user` WHERE  `uid` = 2 LIMIT 1 [ RunTime:0.000230s ]
[2024-11-15T11:02:59+08:00][sql] SELECT * FROM `cmf_liang` WHERE  ( status=1 and state=1 )  AND `uid` = 2 LIMIT 1 [ RunTime:0.000253s ]
[2024-11-15T11:02:59+08:00][sql] SELECT `token` FROM `cmf_user_token` WHERE  ( user_id=2 ) LIMIT 1 [ RunTime:0.000202s ]
[2024-11-15T11:02:59+08:00][sql] CONNECT:[ UseTime:0.000302s ] mysql:host=43.241.16.146;port=3306;dbname=zhibo;charset=utf8mb4
[2024-11-15T11:02:59+08:00][sql] SHOW FULL COLUMNS FROM `cmf_hook` [ RunTime:0.000521s ]
[2024-11-15T11:02:59+08:00][sql] SELECT `hook`,`id` FROM `cmf_hook` WHERE  (  (  `app` = '' OR `app` = 'cmf' )  AND `type` = 3 ) OR `type` = 1 [ RunTime:0.000343s ]
[2024-11-15T11:02:59+08:00][sql] SHOW FULL COLUMNS FROM `cmf_hook_plugin` [ RunTime:0.000428s ]
[2024-11-15T11:02:59+08:00][sql] SELECT `hook`,`plugin` FROM `cmf_hook_plugin` WHERE  `status` = 1  AND `hook` IN ('app_begin','module_init','action_begin','view_filter','app_end','log_write','response_end','admin_init','home_init','send_mobile_verification_code','body_start','before_head_end','footer_start','before_footer','before_footer_end','before_body_end','left_sidebar_start','before_left_sidebar_end','right_sidebar_start','before_right_sidebar_end','comment','guestbook','switch_theme','after_content','before_content','log_write_done','switch_admin_theme','captcha_image') ORDER BY `list_order` ASC [ RunTime:0.000397s ]
[2024-11-15T11:02:59+08:00][sql] SHOW FULL COLUMNS FROM `cmf_plugin` [ RunTime:0.000503s ]
[2024-11-15T11:02:59+08:00][sql] SELECT `config` FROM `cmf_plugin` WHERE  `name` = 'Qiniu' LIMIT 1 [ RunTime:0.000245s ]
[2024-11-15T11:02:59+08:00][sql] SHOW FULL COLUMNS FROM `cmf_user` [ RunTime:0.000655s ]
[2024-11-15T11:02:59+08:00][sql] SELECT `id`,`user_login`,`user_nickname`,`avatar`,`avatar_thumb`,`sex`,`signature`,`consumption`,`votestotal`,`province`,`city`,`coin`,`votes`,`birthday`,`issuper` FROM `cmf_user` WHERE  `id` = 2 LIMIT 1 [ RunTime:0.000323s ]
[2024-11-15T11:02:59+08:00][sql] SHOW FULL COLUMNS FROM `cmf_vip_user` [ RunTime:0.000420s ]
[2024-11-15T11:02:59+08:00][sql] SELECT * FROM `cmf_vip_user` WHERE  `uid` = 2 LIMIT 1 [ RunTime:0.000246s ]
[2024-11-15T11:02:59+08:00][sql] SHOW FULL COLUMNS FROM `cmf_liang` [ RunTime:0.000463s ]
[2024-11-15T11:02:59+08:00][sql] SELECT * FROM `cmf_liang` WHERE  ( status=1 and state=1 )  AND `uid` = 2 LIMIT 1 [ RunTime:0.000279s ]
[2024-11-15T11:02:59+08:00][sql] SHOW FULL COLUMNS FROM `cmf_user_token` [ RunTime:0.000428s ]
[2024-11-15T11:02:59+08:00][sql] SELECT `token` FROM `cmf_user_token` WHERE  ( user_id=2 ) LIMIT 1 [ RunTime:0.000214s ]
[2024-11-15T11:02:59+08:00][sql] SELECT `id`,`user_login`,`user_nickname`,`avatar`,`avatar_thumb`,`sex`,`signature`,`consumption`,`votestotal`,`province`,`city`,`coin`,`votes`,`birthday`,`issuper` FROM `cmf_user` WHERE  `id` = 2 LIMIT 1 [ RunTime:0.000288s ]
[2024-11-15T11:02:59+08:00][sql] SELECT * FROM `cmf_vip_user` WHERE  `uid` = 2 LIMIT 1 [ RunTime:0.000230s ]
[2024-11-15T11:02:59+08:00][sql] SELECT * FROM `cmf_liang` WHERE  ( status=1 and state=1 )  AND `uid` = 2 LIMIT 1 [ RunTime:0.000261s ]
[2024-11-15T11:02:59+08:00][sql] SELECT `token` FROM `cmf_user_token` WHERE  ( user_id=2 ) LIMIT 1 [ RunTime:0.000197s ]
[2024-11-15T11:02:59+08:00][sql] SHOW FULL COLUMNS FROM `cmf_slide_item` [ RunTime:0.000468s ]
[2024-11-15T11:02:59+08:00][sql] SELECT * FROM `cmf_slide_item` WHERE  `slide_id` = 7  AND `status` = 1 ORDER BY `list_order` [ RunTime:0.000328s ]
[2024-11-15T11:02:59+08:00][sql] SHOW FULL COLUMNS FROM `cmf_theme_file` [ RunTime:0.000468s ]
[2024-11-15T11:02:59+08:00][sql] SELECT `more` FROM `cmf_theme_file` WHERE  `theme` = 'default'  AND (  `is_public` = 1 OR `file` = '../home/app/programe' ) [ RunTime:0.000280s ]
[2024-11-15T11:03:00+08:00][sql] CONNECT:[ UseTime:0.000291s ] mysql:host=43.241.16.146;port=3306;dbname=zhibo;charset=utf8mb4
[2024-11-15T11:03:00+08:00][sql] SHOW FULL COLUMNS FROM `cmf_hook` [ RunTime:0.000499s ]
[2024-11-15T11:03:00+08:00][sql] SELECT `hook`,`id` FROM `cmf_hook` WHERE  (  (  `app` = '' OR `app` = 'cmf' )  AND `type` = 3 ) OR `type` = 1 [ RunTime:0.000335s ]
[2024-11-15T11:03:00+08:00][sql] SHOW FULL COLUMNS FROM `cmf_hook_plugin` [ RunTime:0.000441s ]
[2024-11-15T11:03:00+08:00][sql] SELECT `hook`,`plugin` FROM `cmf_hook_plugin` WHERE  `status` = 1  AND `hook` IN ('app_begin','module_init','action_begin','view_filter','app_end','log_write','response_end','admin_init','home_init','send_mobile_verification_code','body_start','before_head_end','footer_start','before_footer','before_footer_end','before_body_end','left_sidebar_start','before_left_sidebar_end','right_sidebar_start','before_right_sidebar_end','comment','guestbook','switch_theme','after_content','before_content','log_write_done','switch_admin_theme','captcha_image') ORDER BY `list_order` ASC [ RunTime:0.000397s ]
[2024-11-15T11:03:00+08:00][sql] SHOW FULL COLUMNS FROM `cmf_plugin` [ RunTime:0.000530s ]
[2024-11-15T11:03:00+08:00][sql] SELECT `config` FROM `cmf_plugin` WHERE  `name` = 'Qiniu' LIMIT 1 [ RunTime:0.000249s ]
[2024-11-15T11:03:00+08:00][sql] SHOW FULL COLUMNS FROM `cmf_user` [ RunTime:0.000638s ]
[2024-11-15T11:03:00+08:00][sql] SELECT `id`,`user_login`,`user_nickname`,`avatar`,`avatar_thumb`,`sex`,`signature`,`consumption`,`votestotal`,`province`,`city`,`coin`,`votes`,`birthday`,`issuper` FROM `cmf_user` WHERE  `id` = 2 LIMIT 1 [ RunTime:0.000318s ]
[2024-11-15T11:03:00+08:00][sql] SHOW FULL COLUMNS FROM `cmf_vip_user` [ RunTime:0.000419s ]
[2024-11-15T11:03:00+08:00][sql] SELECT * FROM `cmf_vip_user` WHERE  `uid` = 2 LIMIT 1 [ RunTime:0.000235s ]
[2024-11-15T11:03:00+08:00][sql] SHOW FULL COLUMNS FROM `cmf_liang` [ RunTime:0.000449s ]
[2024-11-15T11:03:00+08:00][sql] SELECT * FROM `cmf_liang` WHERE  ( status=1 and state=1 )  AND `uid` = 2 LIMIT 1 [ RunTime:0.000277s ]
[2024-11-15T11:03:00+08:00][sql] SHOW FULL COLUMNS FROM `cmf_user_token` [ RunTime:0.000418s ]
[2024-11-15T11:03:00+08:00][sql] SELECT `token` FROM `cmf_user_token` WHERE  ( user_id=2 ) LIMIT 1 [ RunTime:0.000215s ]
[2024-11-15T11:03:00+08:00][sql] SELECT `id`,`user_login`,`user_nickname`,`avatar`,`avatar_thumb`,`sex`,`signature`,`consumption`,`votestotal`,`province`,`city`,`coin`,`votes`,`birthday`,`issuper` FROM `cmf_user` WHERE  `id` = 2 LIMIT 1 [ RunTime:0.000280s ]
[2024-11-15T11:03:00+08:00][sql] SELECT * FROM `cmf_vip_user` WHERE  `uid` = 2 LIMIT 1 [ RunTime:0.000230s ]
[2024-11-15T11:03:00+08:00][sql] SELECT * FROM `cmf_liang` WHERE  ( status=1 and state=1 )  AND `uid` = 2 LIMIT 1 [ RunTime:0.000261s ]
[2024-11-15T11:03:00+08:00][sql] SELECT `token` FROM `cmf_user_token` WHERE  ( user_id=2 ) LIMIT 1 [ RunTime:0.000201s ]
[2024-11-15T11:03:09+08:00][sql] CONNECT:[ UseTime:0.000281s ] mysql:host=43.241.16.146;port=3306;dbname=zhibo;charset=utf8mb4
[2024-11-15T11:03:09+08:00][sql] SHOW FULL COLUMNS FROM `cmf_hook` [ RunTime:0.000477s ]
[2024-11-15T11:03:09+08:00][sql] SELECT `hook`,`id` FROM `cmf_hook` WHERE  (  (  `app` = '' OR `app` = 'cmf' )  AND `type` = 3 ) OR `type` = 1 [ RunTime:0.000335s ]
[2024-11-15T11:03:09+08:00][sql] SHOW FULL COLUMNS FROM `cmf_hook_plugin` [ RunTime:0.000443s ]
[2024-11-15T11:03:09+08:00][sql] SELECT `hook`,`plugin` FROM `cmf_hook_plugin` WHERE  `status` = 1  AND `hook` IN ('app_begin','module_init','action_begin','view_filter','app_end','log_write','response_end','admin_init','home_init','send_mobile_verification_code','body_start','before_head_end','footer_start','before_footer','before_footer_end','before_body_end','left_sidebar_start','before_left_sidebar_end','right_sidebar_start','before_right_sidebar_end','comment','guestbook','switch_theme','after_content','before_content','log_write_done','switch_admin_theme','captcha_image') ORDER BY `list_order` ASC [ RunTime:0.000410s ]
[2024-11-15T11:03:09+08:00][sql] SHOW FULL COLUMNS FROM `cmf_plugin` [ RunTime:0.000509s ]
[2024-11-15T11:03:09+08:00][sql] SELECT `config` FROM `cmf_plugin` WHERE  `name` = 'Qiniu' LIMIT 1 [ RunTime:0.000248s ]
[2024-11-15T11:03:09+08:00][sql] SHOW FULL COLUMNS FROM `cmf_user` [ RunTime:0.000650s ]
[2024-11-15T11:03:09+08:00][sql] SELECT `id`,`user_login`,`user_nickname`,`avatar`,`avatar_thumb`,`sex`,`signature`,`consumption`,`votestotal`,`province`,`city`,`coin`,`votes`,`birthday`,`issuper` FROM `cmf_user` WHERE  `id` = 2 LIMIT 1 [ RunTime:0.000321s ]
[2024-11-15T11:03:09+08:00][sql] SHOW FULL COLUMNS FROM `cmf_vip_user` [ RunTime:0.000426s ]
[2024-11-15T11:03:09+08:00][sql] SELECT * FROM `cmf_vip_user` WHERE  `uid` = 2 LIMIT 1 [ RunTime:0.000237s ]
[2024-11-15T11:03:09+08:00][sql] SHOW FULL COLUMNS FROM `cmf_liang` [ RunTime:0.000472s ]
[2024-11-15T11:03:09+08:00][sql] SELECT * FROM `cmf_liang` WHERE  ( status=1 and state=1 )  AND `uid` = 2 LIMIT 1 [ RunTime:0.000292s ]
[2024-11-15T11:03:09+08:00][sql] SHOW FULL COLUMNS FROM `cmf_user_token` [ RunTime:0.000426s ]
[2024-11-15T11:03:09+08:00][sql] SELECT `token` FROM `cmf_user_token` WHERE  ( user_id=2 ) LIMIT 1 [ RunTime:0.000219s ]
[2024-11-15T11:03:09+08:00][sql] SELECT `id`,`user_login`,`user_nickname`,`avatar`,`avatar_thumb`,`sex`,`signature`,`consumption`,`votestotal`,`province`,`city`,`coin`,`votes`,`birthday`,`issuper` FROM `cmf_user` WHERE  `id` = 2 LIMIT 1 [ RunTime:0.000282s ]
[2024-11-15T11:03:09+08:00][sql] SELECT * FROM `cmf_vip_user` WHERE  `uid` = 2 LIMIT 1 [ RunTime:0.000231s ]
[2024-11-15T11:03:09+08:00][sql] SELECT * FROM `cmf_liang` WHERE  ( status=1 and state=1 )  AND `uid` = 2 LIMIT 1 [ RunTime:0.000257s ]
[2024-11-15T11:03:09+08:00][sql] SELECT `token` FROM `cmf_user_token` WHERE  ( user_id=2 ) LIMIT 1 [ RunTime:0.000206s ]
[2024-11-15T11:03:09+08:00][sql] SHOW FULL COLUMNS FROM `cmf_slide_item` [ RunTime:0.000482s ]
[2024-11-15T11:03:09+08:00][sql] SELECT * FROM `cmf_slide_item` WHERE  `slide_id` = 7  AND `status` = 1 ORDER BY `list_order` [ RunTime:0.000323s ]
[2024-11-15T11:03:09+08:00][sql] SHOW FULL COLUMNS FROM `cmf_theme_file` [ RunTime:0.000478s ]
[2024-11-15T11:03:09+08:00][sql] SELECT `more` FROM `cmf_theme_file` WHERE  `theme` = 'default'  AND (  `is_public` = 1 OR `file` = '../home/app/programe' ) [ RunTime:0.000285s ]
[2024-11-15T11:03:09+08:00][sql] CONNECT:[ UseTime:0.000274s ] mysql:host=43.241.16.146;port=3306;dbname=zhibo;charset=utf8mb4
[2024-11-15T11:03:09+08:00][sql] SHOW FULL COLUMNS FROM `cmf_hook` [ RunTime:0.000475s ]
[2024-11-15T11:03:09+08:00][sql] SELECT `hook`,`id` FROM `cmf_hook` WHERE  (  (  `app` = '' OR `app` = 'cmf' )  AND `type` = 3 ) OR `type` = 1 [ RunTime:0.000324s ]
[2024-11-15T11:03:09+08:00][sql] SHOW FULL COLUMNS FROM `cmf_hook_plugin` [ RunTime:0.000429s ]
[2024-11-15T11:03:09+08:00][sql] SELECT `hook`,`plugin` FROM `cmf_hook_plugin` WHERE  `status` = 1  AND `hook` IN ('app_begin','module_init','action_begin','view_filter','app_end','log_write','response_end','admin_init','home_init','send_mobile_verification_code','body_start','before_head_end','footer_start','before_footer','before_footer_end','before_body_end','left_sidebar_start','before_left_sidebar_end','right_sidebar_start','before_right_sidebar_end','comment','guestbook','switch_theme','after_content','before_content','log_write_done','switch_admin_theme','captcha_image') ORDER BY `list_order` ASC [ RunTime:0.000399s ]
[2024-11-15T11:03:09+08:00][sql] SHOW FULL COLUMNS FROM `cmf_plugin` [ RunTime:0.000491s ]
[2024-11-15T11:03:09+08:00][sql] SELECT `config` FROM `cmf_plugin` WHERE  `name` = 'Qiniu' LIMIT 1 [ RunTime:0.000241s ]
[2024-11-15T11:03:09+08:00][sql] SHOW FULL COLUMNS FROM `cmf_user` [ RunTime:0.000643s ]
[2024-11-15T11:03:09+08:00][sql] SELECT `id`,`user_login`,`user_nickname`,`avatar`,`avatar_thumb`,`sex`,`signature`,`consumption`,`votestotal`,`province`,`city`,`coin`,`votes`,`birthday`,`issuper` FROM `cmf_user` WHERE  `id` = 2 LIMIT 1 [ RunTime:0.000311s ]
[2024-11-15T11:03:09+08:00][sql] SHOW FULL COLUMNS FROM `cmf_vip_user` [ RunTime:0.000416s ]
[2024-11-15T11:03:09+08:00][sql] SELECT * FROM `cmf_vip_user` WHERE  `uid` = 2 LIMIT 1 [ RunTime:0.000231s ]
[2024-11-15T11:03:09+08:00][sql] SHOW FULL COLUMNS FROM `cmf_liang` [ RunTime:0.000441s ]
[2024-11-15T11:03:09+08:00][sql] SELECT * FROM `cmf_liang` WHERE  ( status=1 and state=1 )  AND `uid` = 2 LIMIT 1 [ RunTime:0.000273s ]
[2024-11-15T11:03:09+08:00][sql] SHOW FULL COLUMNS FROM `cmf_user_token` [ RunTime:0.000408s ]
[2024-11-15T11:03:09+08:00][sql] SELECT `token` FROM `cmf_user_token` WHERE  ( user_id=2 ) LIMIT 1 [ RunTime:0.000213s ]
[2024-11-15T11:03:09+08:00][sql] SELECT `id`,`user_login`,`user_nickname`,`avatar`,`avatar_thumb`,`sex`,`signature`,`consumption`,`votestotal`,`province`,`city`,`coin`,`votes`,`birthday`,`issuper` FROM `cmf_user` WHERE  `id` = 2 LIMIT 1 [ RunTime:0.000274s ]
[2024-11-15T11:03:09+08:00][sql] SELECT * FROM `cmf_vip_user` WHERE  `uid` = 2 LIMIT 1 [ RunTime:0.000227s ]
[2024-11-15T11:03:09+08:00][sql] SELECT * FROM `cmf_liang` WHERE  ( status=1 and state=1 )  AND `uid` = 2 LIMIT 1 [ RunTime:0.000250s ]
[2024-11-15T11:03:09+08:00][sql] SELECT `token` FROM `cmf_user_token` WHERE  ( user_id=2 ) LIMIT 1 [ RunTime:0.000200s ]
[2024-11-15T11:04:20+08:00][sql] CONNECT:[ UseTime:0.000419s ] mysql:host=43.241.16.146;port=3306;dbname=zhibo;charset=utf8mb4
[2024-11-15T11:04:20+08:00][sql] SHOW FULL COLUMNS FROM `cmf_hook` [ RunTime:0.000634s ]
[2024-11-15T11:04:20+08:00][sql] SELECT `hook`,`id` FROM `cmf_hook` WHERE  (  (  `app` = '' OR `app` = 'cmf' )  AND `type` = 3 ) OR `type` = 1 [ RunTime:0.000390s ]
[2024-11-15T11:04:20+08:00][sql] SHOW FULL COLUMNS FROM `cmf_hook_plugin` [ RunTime:0.000444s ]
[2024-11-15T11:04:20+08:00][sql] SELECT `hook`,`plugin` FROM `cmf_hook_plugin` WHERE  `status` = 1  AND `hook` IN ('app_begin','module_init','action_begin','view_filter','app_end','log_write','response_end','admin_init','home_init','send_mobile_verification_code','body_start','before_head_end','footer_start','before_footer','before_footer_end','before_body_end','left_sidebar_start','before_left_sidebar_end','right_sidebar_start','before_right_sidebar_end','comment','guestbook','switch_theme','after_content','before_content','log_write_done','switch_admin_theme','captcha_image') ORDER BY `list_order` ASC [ RunTime:0.000411s ]
[2024-11-15T11:04:20+08:00][sql] SHOW FULL COLUMNS FROM `cmf_plugin` [ RunTime:0.000506s ]
[2024-11-15T11:04:20+08:00][sql] SELECT `config` FROM `cmf_plugin` WHERE  `name` = 'Qiniu' LIMIT 1 [ RunTime:0.000245s ]
[2024-11-15T11:04:20+08:00][sql] SHOW FULL COLUMNS FROM `cmf_user` [ RunTime:0.000631s ]
[2024-11-15T11:04:20+08:00][sql] SELECT `id`,`user_login`,`user_nickname`,`avatar`,`avatar_thumb`,`sex`,`signature`,`consumption`,`votestotal`,`province`,`city`,`coin`,`votes`,`birthday`,`issuper` FROM `cmf_user` WHERE  `id` = 2 LIMIT 1 [ RunTime:0.000325s ]
[2024-11-15T11:04:20+08:00][sql] SHOW FULL COLUMNS FROM `cmf_vip_user` [ RunTime:0.000425s ]
[2024-11-15T11:04:20+08:00][sql] SELECT * FROM `cmf_vip_user` WHERE  `uid` = 2 LIMIT 1 [ RunTime:0.000235s ]
[2024-11-15T11:04:20+08:00][sql] SHOW FULL COLUMNS FROM `cmf_liang` [ RunTime:0.000442s ]
[2024-11-15T11:04:20+08:00][sql] SELECT * FROM `cmf_liang` WHERE  ( status=1 and state=1 )  AND `uid` = 2 LIMIT 1 [ RunTime:0.000281s ]
[2024-11-15T11:04:20+08:00][sql] SHOW FULL COLUMNS FROM `cmf_user_token` [ RunTime:0.000410s ]
[2024-11-15T11:04:20+08:00][sql] SELECT `token` FROM `cmf_user_token` WHERE  ( user_id=2 ) LIMIT 1 [ RunTime:0.000219s ]
[2024-11-15T11:04:20+08:00][sql] SELECT `id`,`user_login`,`user_nickname`,`avatar`,`avatar_thumb`,`sex`,`signature`,`consumption`,`votestotal`,`province`,`city`,`coin`,`votes`,`birthday`,`issuper` FROM `cmf_user` WHERE  `id` = 2 LIMIT 1 [ RunTime:0.000275s ]
[2024-11-15T11:04:20+08:00][sql] SELECT * FROM `cmf_vip_user` WHERE  `uid` = 2 LIMIT 1 [ RunTime:0.000223s ]
[2024-11-15T11:04:20+08:00][sql] SELECT * FROM `cmf_liang` WHERE  ( status=1 and state=1 )  AND `uid` = 2 LIMIT 1 [ RunTime:0.000250s ]
[2024-11-15T11:04:20+08:00][sql] SELECT `token` FROM `cmf_user_token` WHERE  ( user_id=2 ) LIMIT 1 [ RunTime:0.000204s ]
[2024-11-15T11:04:20+08:00][sql] SHOW FULL COLUMNS FROM `cmf_live` [ RunTime:0.000581s ]
[2024-11-15T11:04:20+08:00][sql] SELECT COUNT(*) AS think_count FROM `cmf_live` `l` LEFT JOIN `cmf_user` `u` ON `u`.`id`=`l`.`uid` WHERE  ( u.sex='1' and l.islive='1'  ) LIMIT 1 [ RunTime:0.000317s ]
[2024-11-15T11:04:20+08:00][sql] SELECT COUNT(*) AS think_count FROM `cmf_live` `l` LEFT JOIN `cmf_user` `u` ON `u`.`id`=`l`.`uid` WHERE  ( u.sex='1' and l.islive='1'  ) LIMIT 1 [ RunTime:0.000250s ]
[2024-11-15T11:04:20+08:00][sql] SHOW FULL COLUMNS FROM `cmf_theme_file` [ RunTime:0.000477s ]
[2024-11-15T11:04:20+08:00][sql] SELECT `more` FROM `cmf_theme_file` WHERE  `theme` = 'default'  AND (  `is_public` = 1 OR `file` = '../home/category/index' ) [ RunTime:0.000278s ]
[2024-11-15T11:04:20+08:00][sql] CONNECT:[ UseTime:0.000331s ] mysql:host=43.241.16.146;port=3306;dbname=zhibo;charset=utf8mb4
[2024-11-15T11:04:20+08:00][sql] SHOW FULL COLUMNS FROM `cmf_hook` [ RunTime:0.000508s ]
[2024-11-15T11:04:20+08:00][sql] SELECT `hook`,`id` FROM `cmf_hook` WHERE  (  (  `app` = '' OR `app` = 'cmf' )  AND `type` = 3 ) OR `type` = 1 [ RunTime:0.000343s ]
[2024-11-15T11:04:20+08:00][sql] SHOW FULL COLUMNS FROM `cmf_hook_plugin` [ RunTime:0.000434s ]
[2024-11-15T11:04:20+08:00][sql] SELECT `hook`,`plugin` FROM `cmf_hook_plugin` WHERE  `status` = 1  AND `hook` IN ('app_begin','module_init','action_begin','view_filter','app_end','log_write','response_end','admin_init','home_init','send_mobile_verification_code','body_start','before_head_end','footer_start','before_footer','before_footer_end','before_body_end','left_sidebar_start','before_left_sidebar_end','right_sidebar_start','before_right_sidebar_end','comment','guestbook','switch_theme','after_content','before_content','log_write_done','switch_admin_theme','captcha_image') ORDER BY `list_order` ASC [ RunTime:0.000400s ]
[2024-11-15T11:04:20+08:00][sql] SHOW FULL COLUMNS FROM `cmf_plugin` [ RunTime:0.000495s ]
[2024-11-15T11:04:20+08:00][sql] SELECT `config` FROM `cmf_plugin` WHERE  `name` = 'Qiniu' LIMIT 1 [ RunTime:0.000262s ]
[2024-11-15T11:04:20+08:00][sql] SHOW FULL COLUMNS FROM `cmf_user` [ RunTime:0.000632s ]
[2024-11-15T11:04:20+08:00][sql] SELECT `id`,`user_login`,`user_nickname`,`avatar`,`avatar_thumb`,`sex`,`signature`,`consumption`,`votestotal`,`province`,`city`,`coin`,`votes`,`birthday`,`issuper` FROM `cmf_user` WHERE  `id` = 2 LIMIT 1 [ RunTime:0.000325s ]
[2024-11-15T11:04:20+08:00][sql] SHOW FULL COLUMNS FROM `cmf_vip_user` [ RunTime:0.000415s ]
[2024-11-15T11:04:20+08:00][sql] SELECT * FROM `cmf_vip_user` WHERE  `uid` = 2 LIMIT 1 [ RunTime:0.000236s ]
[2024-11-15T11:04:20+08:00][sql] SHOW FULL COLUMNS FROM `cmf_liang` [ RunTime:0.000447s ]
[2024-11-15T11:04:20+08:00][sql] SELECT * FROM `cmf_liang` WHERE  ( status=1 and state=1 )  AND `uid` = 2 LIMIT 1 [ RunTime:0.000273s ]
[2024-11-15T11:04:20+08:00][sql] SHOW FULL COLUMNS FROM `cmf_user_token` [ RunTime:0.000421s ]
[2024-11-15T11:04:20+08:00][sql] SELECT `token` FROM `cmf_user_token` WHERE  ( user_id=2 ) LIMIT 1 [ RunTime:0.000215s ]
[2024-11-15T11:04:20+08:00][sql] SELECT `id`,`user_login`,`user_nickname`,`avatar`,`avatar_thumb`,`sex`,`signature`,`consumption`,`votestotal`,`province`,`city`,`coin`,`votes`,`birthday`,`issuper` FROM `cmf_user` WHERE  `id` = 2 LIMIT 1 [ RunTime:0.000292s ]
[2024-11-15T11:04:20+08:00][sql] SELECT * FROM `cmf_vip_user` WHERE  `uid` = 2 LIMIT 1 [ RunTime:0.000225s ]
[2024-11-15T11:04:20+08:00][sql] SELECT * FROM `cmf_liang` WHERE  ( status=1 and state=1 )  AND `uid` = 2 LIMIT 1 [ RunTime:0.000256s ]
[2024-11-15T11:04:20+08:00][sql] SELECT `token` FROM `cmf_user_token` WHERE  ( user_id=2 ) LIMIT 1 [ RunTime:0.000201s ]
[2024-11-15T11:04:21+08:00][sql] CONNECT:[ UseTime:0.000329s ] mysql:host=43.241.16.146;port=3306;dbname=zhibo;charset=utf8mb4
[2024-11-15T11:04:21+08:00][sql] SHOW FULL COLUMNS FROM `cmf_hook` [ RunTime:0.000515s ]
[2024-11-15T11:04:21+08:00][sql] SELECT `hook`,`id` FROM `cmf_hook` WHERE  (  (  `app` = '' OR `app` = 'cmf' )  AND `type` = 3 ) OR `type` = 1 [ RunTime:0.000353s ]
[2024-11-15T11:04:21+08:00][sql] SHOW FULL COLUMNS FROM `cmf_hook_plugin` [ RunTime:0.000439s ]
[2024-11-15T11:04:21+08:00][sql] SELECT `hook`,`plugin` FROM `cmf_hook_plugin` WHERE  `status` = 1  AND `hook` IN ('app_begin','module_init','action_begin','view_filter','app_end','log_write','response_end','admin_init','home_init','send_mobile_verification_code','body_start','before_head_end','footer_start','before_footer','before_footer_end','before_body_end','left_sidebar_start','before_left_sidebar_end','right_sidebar_start','before_right_sidebar_end','comment','guestbook','switch_theme','after_content','before_content','log_write_done','switch_admin_theme','captcha_image') ORDER BY `list_order` ASC [ RunTime:0.000411s ]
[2024-11-15T11:04:21+08:00][sql] SHOW FULL COLUMNS FROM `cmf_plugin` [ RunTime:0.000506s ]
[2024-11-15T11:04:21+08:00][sql] SELECT `config` FROM `cmf_plugin` WHERE  `name` = 'Qiniu' LIMIT 1 [ RunTime:0.000263s ]
[2024-11-15T11:04:21+08:00][sql] SHOW FULL COLUMNS FROM `cmf_user` [ RunTime:0.000650s ]
[2024-11-15T11:04:21+08:00][sql] SELECT `id`,`user_login`,`user_nickname`,`avatar`,`avatar_thumb`,`sex`,`signature`,`consumption`,`votestotal`,`province`,`city`,`coin`,`votes`,`birthday`,`issuper` FROM `cmf_user` WHERE  `id` = 2 LIMIT 1 [ RunTime:0.000324s ]
[2024-11-15T11:04:21+08:00][sql] SHOW FULL COLUMNS FROM `cmf_vip_user` [ RunTime:0.000429s ]
[2024-11-15T11:04:21+08:00][sql] SELECT * FROM `cmf_vip_user` WHERE  `uid` = 2 LIMIT 1 [ RunTime:0.000251s ]
[2024-11-15T11:04:21+08:00][sql] SHOW FULL COLUMNS FROM `cmf_liang` [ RunTime:0.000461s ]
[2024-11-15T11:04:21+08:00][sql] SELECT * FROM `cmf_liang` WHERE  ( status=1 and state=1 )  AND `uid` = 2 LIMIT 1 [ RunTime:0.000285s ]
[2024-11-15T11:04:21+08:00][sql] SHOW FULL COLUMNS FROM `cmf_user_token` [ RunTime:0.000427s ]
[2024-11-15T11:04:21+08:00][sql] SELECT `token` FROM `cmf_user_token` WHERE  ( user_id=2 ) LIMIT 1 [ RunTime:0.000218s ]
[2024-11-15T11:04:21+08:00][sql] SELECT `id`,`user_login`,`user_nickname`,`avatar`,`avatar_thumb`,`sex`,`signature`,`consumption`,`votestotal`,`province`,`city`,`coin`,`votes`,`birthday`,`issuper` FROM `cmf_user` WHERE  `id` = 2 LIMIT 1 [ RunTime:0.000291s ]
[2024-11-15T11:04:21+08:00][sql] SELECT * FROM `cmf_vip_user` WHERE  `uid` = 2 LIMIT 1 [ RunTime:0.000233s ]
[2024-11-15T11:04:21+08:00][sql] SELECT * FROM `cmf_liang` WHERE  ( status=1 and state=1 )  AND `uid` = 2 LIMIT 1 [ RunTime:0.000270s ]
[2024-11-15T11:04:21+08:00][sql] SELECT `token` FROM `cmf_user_token` WHERE  ( user_id=2 ) LIMIT 1 [ RunTime:0.000202s ]
[2024-11-15T11:04:21+08:00][sql] SHOW FULL COLUMNS FROM `cmf_live` [ RunTime:0.000593s ]
[2024-11-15T11:04:21+08:00][sql] SELECT COUNT(*) AS think_count FROM `cmf_live` `l` LEFT JOIN `cmf_user` `u` ON `u`.`id`=`l`.`uid` WHERE  ( u.sex='2' and l.islive='1'  ) LIMIT 1 [ RunTime:0.000315s ]
[2024-11-15T11:04:21+08:00][sql] SELECT COUNT(*) AS think_count FROM `cmf_live` `l` LEFT JOIN `cmf_user` `u` ON `u`.`id`=`l`.`uid` WHERE  ( u.sex='2' and l.islive='1'  ) LIMIT 1 [ RunTime:0.000273s ]
[2024-11-15T11:04:21+08:00][sql] SHOW FULL COLUMNS FROM `cmf_theme_file` [ RunTime:0.000485s ]
[2024-11-15T11:04:21+08:00][sql] SELECT `more` FROM `cmf_theme_file` WHERE  `theme` = 'default'  AND (  `is_public` = 1 OR `file` = '../home/category/index' ) [ RunTime:0.000290s ]
[2024-11-15T11:04:21+08:00][sql] CONNECT:[ UseTime:0.000294s ] mysql:host=43.241.16.146;port=3306;dbname=zhibo;charset=utf8mb4
[2024-11-15T11:04:21+08:00][sql] SHOW FULL COLUMNS FROM `cmf_hook` [ RunTime:0.000491s ]
[2024-11-15T11:04:21+08:00][sql] SELECT `hook`,`id` FROM `cmf_hook` WHERE  (  (  `app` = '' OR `app` = 'cmf' )  AND `type` = 3 ) OR `type` = 1 [ RunTime:0.000329s ]
[2024-11-15T11:04:21+08:00][sql] SHOW FULL COLUMNS FROM `cmf_hook_plugin` [ RunTime:0.000436s ]
[2024-11-15T11:04:21+08:00][sql] SELECT `hook`,`plugin` FROM `cmf_hook_plugin` WHERE  `status` = 1  AND `hook` IN ('app_begin','module_init','action_begin','view_filter','app_end','log_write','response_end','admin_init','home_init','send_mobile_verification_code','body_start','before_head_end','footer_start','before_footer','before_footer_end','before_body_end','left_sidebar_start','before_left_sidebar_end','right_sidebar_start','before_right_sidebar_end','comment','guestbook','switch_theme','after_content','before_content','log_write_done','switch_admin_theme','captcha_image') ORDER BY `list_order` ASC [ RunTime:0.000402s ]
[2024-11-15T11:04:21+08:00][sql] SHOW FULL COLUMNS FROM `cmf_plugin` [ RunTime:0.000497s ]
[2024-11-15T11:04:21+08:00][sql] SELECT `config` FROM `cmf_plugin` WHERE  `name` = 'Qiniu' LIMIT 1 [ RunTime:0.000255s ]
[2024-11-15T11:04:21+08:00][sql] SHOW FULL COLUMNS FROM `cmf_user` [ RunTime:0.000633s ]
[2024-11-15T11:04:21+08:00][sql] SELECT `id`,`user_login`,`user_nickname`,`avatar`,`avatar_thumb`,`sex`,`signature`,`consumption`,`votestotal`,`province`,`city`,`coin`,`votes`,`birthday`,`issuper` FROM `cmf_user` WHERE  `id` = 2 LIMIT 1 [ RunTime:0.000321s ]
[2024-11-15T11:04:21+08:00][sql] SHOW FULL COLUMNS FROM `cmf_vip_user` [ RunTime:0.000420s ]
[2024-11-15T11:04:21+08:00][sql] SELECT * FROM `cmf_vip_user` WHERE  `uid` = 2 LIMIT 1 [ RunTime:0.000244s ]
[2024-11-15T11:04:21+08:00][sql] SHOW FULL COLUMNS FROM `cmf_liang` [ RunTime:0.000452s ]
[2024-11-15T11:04:21+08:00][sql] SELECT * FROM `cmf_liang` WHERE  ( status=1 and state=1 )  AND `uid` = 2 LIMIT 1 [ RunTime:0.000275s ]
[2024-11-15T11:04:21+08:00][sql] SHOW FULL COLUMNS FROM `cmf_user_token` [ RunTime:0.000420s ]
[2024-11-15T11:04:21+08:00][sql] SELECT `token` FROM `cmf_user_token` WHERE  ( user_id=2 ) LIMIT 1 [ RunTime:0.000214s ]
[2024-11-15T11:04:21+08:00][sql] SELECT `id`,`user_login`,`user_nickname`,`avatar`,`avatar_thumb`,`sex`,`signature`,`consumption`,`votestotal`,`province`,`city`,`coin`,`votes`,`birthday`,`issuper` FROM `cmf_user` WHERE  `id` = 2 LIMIT 1 [ RunTime:0.000288s ]
[2024-11-15T11:04:21+08:00][sql] SELECT * FROM `cmf_vip_user` WHERE  `uid` = 2 LIMIT 1 [ RunTime:0.000227s ]
[2024-11-15T11:04:21+08:00][sql] SELECT * FROM `cmf_liang` WHERE  ( status=1 and state=1 )  AND `uid` = 2 LIMIT 1 [ RunTime:0.000255s ]
[2024-11-15T11:04:21+08:00][sql] SELECT `token` FROM `cmf_user_token` WHERE  ( user_id=2 ) LIMIT 1 [ RunTime:0.000203s ]
[2024-11-15T11:04:22+08:00][sql] CONNECT:[ UseTime:0.000279s ] mysql:host=43.241.16.146;port=3306;dbname=zhibo;charset=utf8mb4
[2024-11-15T11:04:22+08:00][sql] SHOW FULL COLUMNS FROM `cmf_hook` [ RunTime:0.000485s ]
[2024-11-15T11:04:22+08:00][sql] SELECT `hook`,`id` FROM `cmf_hook` WHERE  (  (  `app` = '' OR `app` = 'cmf' )  AND `type` = 3 ) OR `type` = 1 [ RunTime:0.000332s ]
[2024-11-15T11:04:22+08:00][sql] SHOW FULL COLUMNS FROM `cmf_hook_plugin` [ RunTime:0.000425s ]
[2024-11-15T11:04:22+08:00][sql] SELECT `hook`,`plugin` FROM `cmf_hook_plugin` WHERE  `status` = 1  AND `hook` IN ('app_begin','module_init','action_begin','view_filter','app_end','log_write','response_end','admin_init','home_init','send_mobile_verification_code','body_start','before_head_end','footer_start','before_footer','before_footer_end','before_body_end','left_sidebar_start','before_left_sidebar_end','right_sidebar_start','before_right_sidebar_end','comment','guestbook','switch_theme','after_content','before_content','log_write_done','switch_admin_theme','captcha_image') ORDER BY `list_order` ASC [ RunTime:0.000392s ]
[2024-11-15T11:04:22+08:00][sql] SHOW FULL COLUMNS FROM `cmf_plugin` [ RunTime:0.000488s ]
[2024-11-15T11:04:22+08:00][sql] SELECT `config` FROM `cmf_plugin` WHERE  `name` = 'Qiniu' LIMIT 1 [ RunTime:0.000241s ]
[2024-11-15T11:04:22+08:00][sql] SHOW FULL COLUMNS FROM `cmf_user` [ RunTime:0.000639s ]
[2024-11-15T11:04:22+08:00][sql] SELECT `id`,`user_login`,`user_nickname`,`avatar`,`avatar_thumb`,`sex`,`signature`,`consumption`,`votestotal`,`province`,`city`,`coin`,`votes`,`birthday`,`issuper` FROM `cmf_user` WHERE  `id` = 2 LIMIT 1 [ RunTime:0.000311s ]
[2024-11-15T11:04:22+08:00][sql] SHOW FULL COLUMNS FROM `cmf_vip_user` [ RunTime:0.000416s ]
[2024-11-15T11:04:22+08:00][sql] SELECT * FROM `cmf_vip_user` WHERE  `uid` = 2 LIMIT 1 [ RunTime:0.000235s ]
[2024-11-15T11:04:22+08:00][sql] SHOW FULL COLUMNS FROM `cmf_liang` [ RunTime:0.000443s ]
[2024-11-15T11:04:22+08:00][sql] SELECT * FROM `cmf_liang` WHERE  ( status=1 and state=1 )  AND `uid` = 2 LIMIT 1 [ RunTime:0.000274s ]
[2024-11-15T11:04:22+08:00][sql] SHOW FULL COLUMNS FROM `cmf_user_token` [ RunTime:0.000417s ]
[2024-11-15T11:04:22+08:00][sql] SELECT `token` FROM `cmf_user_token` WHERE  ( user_id=2 ) LIMIT 1 [ RunTime:0.000211s ]
[2024-11-15T11:04:22+08:00][sql] SELECT `id`,`user_login`,`user_nickname`,`avatar`,`avatar_thumb`,`sex`,`signature`,`consumption`,`votestotal`,`province`,`city`,`coin`,`votes`,`birthday`,`issuper` FROM `cmf_user` WHERE  `id` = 2 LIMIT 1 [ RunTime:0.000271s ]
[2024-11-15T11:04:22+08:00][sql] SELECT * FROM `cmf_vip_user` WHERE  `uid` = 2 LIMIT 1 [ RunTime:0.000225s ]
[2024-11-15T11:04:22+08:00][sql] SELECT * FROM `cmf_liang` WHERE  ( status=1 and state=1 )  AND `uid` = 2 LIMIT 1 [ RunTime:0.000258s ]
[2024-11-15T11:04:22+08:00][sql] SELECT `token` FROM `cmf_user_token` WHERE  ( user_id=2 ) LIMIT 1 [ RunTime:0.000198s ]
[2024-11-15T11:04:22+08:00][sql] SHOW FULL COLUMNS FROM `cmf_live_class` [ RunTime:0.000441s ]
[2024-11-15T11:04:22+08:00][sql] SELECT * FROM `cmf_live_class` ORDER BY `list_order` [ RunTime:0.000263s ]
[2024-11-15T11:04:22+08:00][sql] SHOW FULL COLUMNS FROM `cmf_live` [ RunTime:0.000574s ]
[2024-11-15T11:04:22+08:00][sql] SELECT COUNT(*) AS think_count FROM `cmf_live` WHERE  `islive` = 1  AND `live_type` = 0 LIMIT 1 [ RunTime:0.000284s ]
[2024-11-15T11:04:22+08:00][sql] SHOW FULL COLUMNS FROM `cmf_theme_file` [ RunTime:0.000462s ]
[2024-11-15T11:04:22+08:00][sql] SELECT `more` FROM `cmf_theme_file` WHERE  `theme` = 'default'  AND (  `is_public` = 1 OR `file` = '../home/category/classlive' ) [ RunTime:0.000280s ]
[2024-11-15T11:04:22+08:00][sql] CONNECT:[ UseTime:0.000285s ] mysql:host=43.241.16.146;port=3306;dbname=zhibo;charset=utf8mb4
[2024-11-15T11:04:22+08:00][sql] SHOW FULL COLUMNS FROM `cmf_hook` [ RunTime:0.000499s ]
[2024-11-15T11:04:22+08:00][sql] SELECT `hook`,`id` FROM `cmf_hook` WHERE  (  (  `app` = '' OR `app` = 'cmf' )  AND `type` = 3 ) OR `type` = 1 [ RunTime:0.000347s ]
[2024-11-15T11:04:22+08:00][sql] SHOW FULL COLUMNS FROM `cmf_hook_plugin` [ RunTime:0.000426s ]
[2024-11-15T11:04:22+08:00][sql] SELECT `hook`,`plugin` FROM `cmf_hook_plugin` WHERE  `status` = 1  AND `hook` IN ('app_begin','module_init','action_begin','view_filter','app_end','log_write','response_end','admin_init','home_init','send_mobile_verification_code','body_start','before_head_end','footer_start','before_footer','before_footer_end','before_body_end','left_sidebar_start','before_left_sidebar_end','right_sidebar_start','before_right_sidebar_end','comment','guestbook','switch_theme','after_content','before_content','log_write_done','switch_admin_theme','captcha_image') ORDER BY `list_order` ASC [ RunTime:0.000395s ]
[2024-11-15T11:04:22+08:00][sql] SHOW FULL COLUMNS FROM `cmf_plugin` [ RunTime:0.000491s ]
[2024-11-15T11:04:22+08:00][sql] SELECT `config` FROM `cmf_plugin` WHERE  `name` = 'Qiniu' LIMIT 1 [ RunTime:0.000246s ]
[2024-11-15T11:04:22+08:00][sql] SHOW FULL COLUMNS FROM `cmf_user` [ RunTime:0.000639s ]
[2024-11-15T11:04:22+08:00][sql] SELECT `id`,`user_login`,`user_nickname`,`avatar`,`avatar_thumb`,`sex`,`signature`,`consumption`,`votestotal`,`province`,`city`,`coin`,`votes`,`birthday`,`issuper` FROM `cmf_user` WHERE  `id` = 2 LIMIT 1 [ RunTime:0.000318s ]
[2024-11-15T11:04:22+08:00][sql] SHOW FULL COLUMNS FROM `cmf_vip_user` [ RunTime:0.000441s ]
[2024-11-15T11:04:22+08:00][sql] SELECT * FROM `cmf_vip_user` WHERE  `uid` = 2 LIMIT 1 [ RunTime:0.000235s ]
[2024-11-15T11:04:22+08:00][sql] SHOW FULL COLUMNS FROM `cmf_liang` [ RunTime:0.000450s ]
[2024-11-15T11:04:22+08:00][sql] SELECT * FROM `cmf_liang` WHERE  ( status=1 and state=1 )  AND `uid` = 2 LIMIT 1 [ RunTime:0.000272s ]
[2024-11-15T11:04:22+08:00][sql] SHOW FULL COLUMNS FROM `cmf_user_token` [ RunTime:0.000421s ]
[2024-11-15T11:04:22+08:00][sql] SELECT `token` FROM `cmf_user_token` WHERE  ( user_id=2 ) LIMIT 1 [ RunTime:0.000214s ]
[2024-11-15T11:04:22+08:00][sql] SELECT `id`,`user_login`,`user_nickname`,`avatar`,`avatar_thumb`,`sex`,`signature`,`consumption`,`votestotal`,`province`,`city`,`coin`,`votes`,`birthday`,`issuper` FROM `cmf_user` WHERE  `id` = 2 LIMIT 1 [ RunTime:0.000281s ]
[2024-11-15T11:04:22+08:00][sql] SELECT * FROM `cmf_vip_user` WHERE  `uid` = 2 LIMIT 1 [ RunTime:0.000230s ]
[2024-11-15T11:04:22+08:00][sql] SELECT * FROM `cmf_liang` WHERE  ( status=1 and state=1 )  AND `uid` = 2 LIMIT 1 [ RunTime:0.000256s ]
[2024-11-15T11:04:22+08:00][sql] SELECT `token` FROM `cmf_user_token` WHERE  ( user_id=2 ) LIMIT 1 [ RunTime:0.000199s ]
[2024-11-15T11:04:23+08:00][sql] CONNECT:[ UseTime:0.000279s ] mysql:host=43.241.16.146;port=3306;dbname=zhibo;charset=utf8mb4
[2024-11-15T11:04:23+08:00][sql] SHOW FULL COLUMNS FROM `cmf_hook` [ RunTime:0.000492s ]
[2024-11-15T11:04:23+08:00][sql] SELECT `hook`,`id` FROM `cmf_hook` WHERE  (  (  `app` = '' OR `app` = 'cmf' )  AND `type` = 3 ) OR `type` = 1 [ RunTime:0.000345s ]
[2024-11-15T11:04:23+08:00][sql] SHOW FULL COLUMNS FROM `cmf_hook_plugin` [ RunTime:0.000429s ]
[2024-11-15T11:04:23+08:00][sql] SELECT `hook`,`plugin` FROM `cmf_hook_plugin` WHERE  `status` = 1  AND `hook` IN ('app_begin','module_init','action_begin','view_filter','app_end','log_write','response_end','admin_init','home_init','send_mobile_verification_code','body_start','before_head_end','footer_start','before_footer','before_footer_end','before_body_end','left_sidebar_start','before_left_sidebar_end','right_sidebar_start','before_right_sidebar_end','comment','guestbook','switch_theme','after_content','before_content','log_write_done','switch_admin_theme','captcha_image') ORDER BY `list_order` ASC [ RunTime:0.000395s ]
[2024-11-15T11:04:23+08:00][sql] SHOW FULL COLUMNS FROM `cmf_plugin` [ RunTime:0.000512s ]
[2024-11-15T11:04:23+08:00][sql] SELECT `config` FROM `cmf_plugin` WHERE  `name` = 'Qiniu' LIMIT 1 [ RunTime:0.000254s ]
[2024-11-15T11:04:23+08:00][sql] SHOW FULL COLUMNS FROM `cmf_user` [ RunTime:0.000640s ]
[2024-11-15T11:04:23+08:00][sql] SELECT `id`,`user_login`,`user_nickname`,`avatar`,`avatar_thumb`,`sex`,`signature`,`consumption`,`votestotal`,`province`,`city`,`coin`,`votes`,`birthday`,`issuper` FROM `cmf_user` WHERE  `id` = 2 LIMIT 1 [ RunTime:0.000318s ]
[2024-11-15T11:04:23+08:00][sql] SHOW FULL COLUMNS FROM `cmf_vip_user` [ RunTime:0.000422s ]
[2024-11-15T11:04:23+08:00][sql] SELECT * FROM `cmf_vip_user` WHERE  `uid` = 2 LIMIT 1 [ RunTime:0.000235s ]
[2024-11-15T11:04:23+08:00][sql] SHOW FULL COLUMNS FROM `cmf_liang` [ RunTime:0.000445s ]
[2024-11-15T11:04:23+08:00][sql] SELECT * FROM `cmf_liang` WHERE  ( status=1 and state=1 )  AND `uid` = 2 LIMIT 1 [ RunTime:0.000278s ]
[2024-11-15T11:04:23+08:00][sql] SHOW FULL COLUMNS FROM `cmf_user_token` [ RunTime:0.000417s ]
[2024-11-15T11:04:23+08:00][sql] SELECT `token` FROM `cmf_user_token` WHERE  ( user_id=2 ) LIMIT 1 [ RunTime:0.000217s ]
[2024-11-15T11:04:23+08:00][sql] SELECT `id`,`user_login`,`user_nickname`,`avatar`,`avatar_thumb`,`sex`,`signature`,`consumption`,`votestotal`,`province`,`city`,`coin`,`votes`,`birthday`,`issuper` FROM `cmf_user` WHERE  `id` = 2 LIMIT 1 [ RunTime:0.000280s ]
[2024-11-15T11:04:23+08:00][sql] SELECT * FROM `cmf_vip_user` WHERE  `uid` = 2 LIMIT 1 [ RunTime:0.000231s ]
[2024-11-15T11:04:23+08:00][sql] SELECT * FROM `cmf_liang` WHERE  ( status=1 and state=1 )  AND `uid` = 2 LIMIT 1 [ RunTime:0.000255s ]
[2024-11-15T11:04:23+08:00][sql] SELECT `token` FROM `cmf_user_token` WHERE  ( user_id=2 ) LIMIT 1 [ RunTime:0.000199s ]
[2024-11-15T11:04:23+08:00][sql] SHOW FULL COLUMNS FROM `cmf_live` [ RunTime:0.000592s ]
[2024-11-15T11:04:23+08:00][sql] SELECT * FROM `cmf_live` WHERE  ( islive='1' and isrecommend='1' and type='0' and live_type=0 ) [ RunTime:0.000404s ]
[2024-11-15T11:04:23+08:00][sql] SHOW FULL COLUMNS FROM `cmf_slide_item` [ RunTime:0.000467s ]
[2024-11-15T11:04:23+08:00][sql] SELECT * FROM `cmf_slide_item` WHERE  ( status='1' and slide_id='1' ) ORDER BY `list_order` ASC [ RunTime:0.000310s ]
[2024-11-15T11:04:23+08:00][sql] SHOW FULL COLUMNS FROM `cmf_live_class` [ RunTime:0.000431s ]
[2024-11-15T11:04:23+08:00][sql] SELECT * FROM `cmf_live_class` ORDER BY `list_order` LIMIT 5 [ RunTime:0.000264s ]
[2024-11-15T11:04:23+08:00][sql] SELECT * FROM `cmf_live` WHERE  `islive` = 1  AND `live_type` = 0  AND `liveclassid` = 8 ORDER BY `recommend_time` DESC,`starttime` DESC LIMIT 5 [ RunTime:0.000409s ]
[2024-11-15T11:04:23+08:00][sql] SELECT `uid`,`thumb`,`stream`,`title`,`city`,`islive`,`type` FROM `cmf_live` WHERE  ( islive='1' and ishot='1' and live_type=0 ) ORDER BY `isrecommend` DESC,`recommend_time` DESC,`hotvotes` DESC,`starttime` DESC LIMIT 5 [ RunTime:0.000308s ]
[2024-11-15T11:04:23+08:00][sql] SELECT `uid`,`thumb`,`stream`,`title`,`city`,`islive`,`type` FROM `cmf_live` WHERE  ( islive='1' and live_type=0 ) ORDER BY `starttime` DESC LIMIT 5 [ RunTime:0.000261s ]
[2024-11-15T11:04:23+08:00][sql] SHOW FULL COLUMNS FROM `cmf_theme_file` [ RunTime:0.000478s ]
[2024-11-15T11:04:23+08:00][sql] SELECT `more` FROM `cmf_theme_file` WHERE  `theme` = 'default'  AND (  `is_public` = 1 OR `file` = '../home/index/index' ) [ RunTime:0.000290s ]
[2024-11-15T11:04:23+08:00][sql] CONNECT:[ UseTime:0.000268s ] mysql:host=43.241.16.146;port=3306;dbname=zhibo;charset=utf8mb4
[2024-11-15T11:04:23+08:00][sql] SHOW FULL COLUMNS FROM `cmf_hook` [ RunTime:0.000466s ]
[2024-11-15T11:04:23+08:00][sql] SELECT `hook`,`id` FROM `cmf_hook` WHERE  (  (  `app` = '' OR `app` = 'cmf' )  AND `type` = 3 ) OR `type` = 1 [ RunTime:0.000331s ]
[2024-11-15T11:04:23+08:00][sql] SHOW FULL COLUMNS FROM `cmf_hook_plugin` [ RunTime:0.000419s ]
[2024-11-15T11:04:23+08:00][sql] SELECT `hook`,`plugin` FROM `cmf_hook_plugin` WHERE  `status` = 1  AND `hook` IN ('app_begin','module_init','action_begin','view_filter','app_end','log_write','response_end','admin_init','home_init','send_mobile_verification_code','body_start','before_head_end','footer_start','before_footer','before_footer_end','before_body_end','left_sidebar_start','before_left_sidebar_end','right_sidebar_start','before_right_sidebar_end','comment','guestbook','switch_theme','after_content','before_content','log_write_done','switch_admin_theme','captcha_image') ORDER BY `list_order` ASC [ RunTime:0.000390s ]
[2024-11-15T11:04:23+08:00][sql] SHOW FULL COLUMNS FROM `cmf_plugin` [ RunTime:0.000501s ]
[2024-11-15T11:04:23+08:00][sql] SELECT `config` FROM `cmf_plugin` WHERE  `name` = 'Qiniu' LIMIT 1 [ RunTime:0.000253s ]
[2024-11-15T11:04:23+08:00][sql] SHOW FULL COLUMNS FROM `cmf_user` [ RunTime:0.000639s ]
[2024-11-15T11:04:23+08:00][sql] SELECT `id`,`user_login`,`user_nickname`,`avatar`,`avatar_thumb`,`sex`,`signature`,`consumption`,`votestotal`,`province`,`city`,`coin`,`votes`,`birthday`,`issuper` FROM `cmf_user` WHERE  `id` = 2 LIMIT 1 [ RunTime:0.000315s ]
[2024-11-15T11:04:23+08:00][sql] SHOW FULL COLUMNS FROM `cmf_vip_user` [ RunTime:0.000425s ]
[2024-11-15T11:04:23+08:00][sql] SELECT * FROM `cmf_vip_user` WHERE  `uid` = 2 LIMIT 1 [ RunTime:0.000241s ]
[2024-11-15T11:04:23+08:00][sql] SHOW FULL COLUMNS FROM `cmf_liang` [ RunTime:0.000466s ]
[2024-11-15T11:04:23+08:00][sql] SELECT * FROM `cmf_liang` WHERE  ( status=1 and state=1 )  AND `uid` = 2 LIMIT 1 [ RunTime:0.000279s ]
[2024-11-15T11:04:23+08:00][sql] SHOW FULL COLUMNS FROM `cmf_user_token` [ RunTime:0.000430s ]
[2024-11-15T11:04:23+08:00][sql] SELECT `token` FROM `cmf_user_token` WHERE  ( user_id=2 ) LIMIT 1 [ RunTime:0.000212s ]
[2024-11-15T11:04:23+08:00][sql] SELECT `id`,`user_login`,`user_nickname`,`avatar`,`avatar_thumb`,`sex`,`signature`,`consumption`,`votestotal`,`province`,`city`,`coin`,`votes`,`birthday`,`issuper` FROM `cmf_user` WHERE  `id` = 2 LIMIT 1 [ RunTime:0.000288s ]
[2024-11-15T11:04:23+08:00][sql] SELECT * FROM `cmf_vip_user` WHERE  `uid` = 2 LIMIT 1 [ RunTime:0.000230s ]
[2024-11-15T11:04:23+08:00][sql] SELECT * FROM `cmf_liang` WHERE  ( status=1 and state=1 )  AND `uid` = 2 LIMIT 1 [ RunTime:0.000264s ]
[2024-11-15T11:04:23+08:00][sql] SELECT `token` FROM `cmf_user_token` WHERE  ( user_id=2 ) LIMIT 1 [ RunTime:0.000202s ]
[2024-11-15T11:04:26+08:00][sql] CONNECT:[ UseTime:0.000282s ] mysql:host=43.241.16.146;port=3306;dbname=zhibo;charset=utf8mb4
[2024-11-15T11:04:26+08:00][sql] SHOW FULL COLUMNS FROM `cmf_hook` [ RunTime:0.000496s ]
[2024-11-15T11:04:26+08:00][sql] SELECT `hook`,`id` FROM `cmf_hook` WHERE  (  (  `app` = '' OR `app` = 'cmf' )  AND `type` = 3 ) OR `type` = 1 [ RunTime:0.000335s ]
[2024-11-15T11:04:26+08:00][sql] SHOW FULL COLUMNS FROM `cmf_hook_plugin` [ RunTime:0.000441s ]
[2024-11-15T11:04:26+08:00][sql] SELECT `hook`,`plugin` FROM `cmf_hook_plugin` WHERE  `status` = 1  AND `hook` IN ('app_begin','module_init','action_begin','view_filter','app_end','log_write','response_end','admin_init','home_init','send_mobile_verification_code','body_start','before_head_end','footer_start','before_footer','before_footer_end','before_body_end','left_sidebar_start','before_left_sidebar_end','right_sidebar_start','before_right_sidebar_end','comment','guestbook','switch_theme','after_content','before_content','log_write_done','switch_admin_theme','captcha_image') ORDER BY `list_order` ASC [ RunTime:0.000401s ]
[2024-11-15T11:04:26+08:00][sql] SHOW FULL COLUMNS FROM `cmf_plugin` [ RunTime:0.000501s ]
[2024-11-15T11:04:26+08:00][sql] SELECT `config` FROM `cmf_plugin` WHERE  `name` = 'Qiniu' LIMIT 1 [ RunTime:0.000245s ]
[2024-11-15T11:04:26+08:00][sql] SHOW FULL COLUMNS FROM `cmf_user` [ RunTime:0.000645s ]
[2024-11-15T11:04:26+08:00][sql] SELECT `id`,`user_login`,`user_nickname`,`avatar`,`avatar_thumb`,`sex`,`signature`,`consumption`,`votestotal`,`province`,`city`,`coin`,`votes`,`birthday`,`issuper` FROM `cmf_user` WHERE  `id` = 2 LIMIT 1 [ RunTime:0.000316s ]
[2024-11-15T11:04:26+08:00][sql] SHOW FULL COLUMNS FROM `cmf_vip_user` [ RunTime:0.000426s ]
[2024-11-15T11:04:26+08:00][sql] SELECT * FROM `cmf_vip_user` WHERE  `uid` = 2 LIMIT 1 [ RunTime:0.000237s ]
[2024-11-15T11:04:26+08:00][sql] SHOW FULL COLUMNS FROM `cmf_liang` [ RunTime:0.000451s ]
[2024-11-15T11:04:26+08:00][sql] SELECT * FROM `cmf_liang` WHERE  ( status=1 and state=1 )  AND `uid` = 2 LIMIT 1 [ RunTime:0.000280s ]
[2024-11-15T11:04:26+08:00][sql] SHOW FULL COLUMNS FROM `cmf_user_token` [ RunTime:0.000418s ]
[2024-11-15T11:04:26+08:00][sql] SELECT `token` FROM `cmf_user_token` WHERE  ( user_id=2 ) LIMIT 1 [ RunTime:0.000213s ]
[2024-11-15T11:04:26+08:00][sql] SELECT `id`,`user_login`,`user_nickname`,`avatar`,`avatar_thumb`,`sex`,`signature`,`consumption`,`votestotal`,`province`,`city`,`coin`,`votes`,`birthday`,`issuper` FROM `cmf_user` WHERE  `id` = 2 LIMIT 1 [ RunTime:0.000279s ]
[2024-11-15T11:04:26+08:00][sql] SELECT * FROM `cmf_vip_user` WHERE  `uid` = 2 LIMIT 1 [ RunTime:0.000230s ]
[2024-11-15T11:04:26+08:00][sql] SELECT * FROM `cmf_liang` WHERE  ( status=1 and state=1 )  AND `uid` = 2 LIMIT 1 [ RunTime:0.000254s ]
[2024-11-15T11:04:26+08:00][sql] SELECT `token` FROM `cmf_user_token` WHERE  ( user_id=2 ) LIMIT 1 [ RunTime:0.000201s ]
[2024-11-15T11:04:26+08:00][sql] SHOW FULL COLUMNS FROM `cmf_live` [ RunTime:0.000578s ]
[2024-11-15T11:04:26+08:00][sql] SELECT * FROM `cmf_live` WHERE  ( islive='1' and isrecommend='1' and type='0' and live_type=0 ) [ RunTime:0.000382s ]
[2024-11-15T11:04:26+08:00][sql] SHOW FULL COLUMNS FROM `cmf_slide_item` [ RunTime:0.000470s ]
[2024-11-15T11:04:26+08:00][sql] SELECT * FROM `cmf_slide_item` WHERE  ( status='1' and slide_id='1' ) ORDER BY `list_order` ASC [ RunTime:0.000292s ]
[2024-11-15T11:04:26+08:00][sql] SHOW FULL COLUMNS FROM `cmf_live_class` [ RunTime:0.000431s ]
[2024-11-15T11:04:26+08:00][sql] SELECT * FROM `cmf_live_class` ORDER BY `list_order` LIMIT 5 [ RunTime:0.000251s ]
[2024-11-15T11:04:26+08:00][sql] SELECT * FROM `cmf_live` WHERE  `islive` = 1  AND `live_type` = 0  AND `liveclassid` = 8 ORDER BY `recommend_time` DESC,`starttime` DESC LIMIT 5 [ RunTime:0.000406s ]
[2024-11-15T11:04:26+08:00][sql] SELECT `uid`,`thumb`,`stream`,`title`,`city`,`islive`,`type` FROM `cmf_live` WHERE  ( islive='1' and ishot='1' and live_type=0 ) ORDER BY `isrecommend` DESC,`recommend_time` DESC,`hotvotes` DESC,`starttime` DESC LIMIT 5 [ RunTime:0.000313s ]
[2024-11-15T11:04:26+08:00][sql] SELECT `uid`,`thumb`,`stream`,`title`,`city`,`islive`,`type` FROM `cmf_live` WHERE  ( islive='1' and live_type=0 ) ORDER BY `starttime` DESC LIMIT 5 [ RunTime:0.000261s ]
[2024-11-15T11:04:26+08:00][sql] SHOW FULL COLUMNS FROM `cmf_theme_file` [ RunTime:0.000484s ]
[2024-11-15T11:04:26+08:00][sql] SELECT `more` FROM `cmf_theme_file` WHERE  `theme` = 'default'  AND (  `is_public` = 1 OR `file` = '../home/index/index' ) [ RunTime:0.000275s ]
[2024-11-15T11:04:26+08:00][sql] CONNECT:[ UseTime:0.000285s ] mysql:host=43.241.16.146;port=3306;dbname=zhibo;charset=utf8mb4
[2024-11-15T11:04:26+08:00][sql] SHOW FULL COLUMNS FROM `cmf_hook` [ RunTime:0.000486s ]
[2024-11-15T11:04:26+08:00][sql] SELECT `hook`,`id` FROM `cmf_hook` WHERE  (  (  `app` = '' OR `app` = 'cmf' )  AND `type` = 3 ) OR `type` = 1 [ RunTime:0.000342s ]
[2024-11-15T11:04:26+08:00][sql] SHOW FULL COLUMNS FROM `cmf_hook_plugin` [ RunTime:0.000456s ]
[2024-11-15T11:04:26+08:00][sql] SELECT `hook`,`plugin` FROM `cmf_hook_plugin` WHERE  `status` = 1  AND `hook` IN ('app_begin','module_init','action_begin','view_filter','app_end','log_write','response_end','admin_init','home_init','send_mobile_verification_code','body_start','before_head_end','footer_start','before_footer','before_footer_end','before_body_end','left_sidebar_start','before_left_sidebar_end','right_sidebar_start','before_right_sidebar_end','comment','guestbook','switch_theme','after_content','before_content','log_write_done','switch_admin_theme','captcha_image') ORDER BY `list_order` ASC [ RunTime:0.000401s ]
[2024-11-15T11:04:26+08:00][sql] SHOW FULL COLUMNS FROM `cmf_plugin` [ RunTime:0.000496s ]
[2024-11-15T11:04:26+08:00][sql] SELECT `config` FROM `cmf_plugin` WHERE  `name` = 'Qiniu' LIMIT 1 [ RunTime:0.000250s ]
[2024-11-15T11:04:26+08:00][sql] SHOW FULL COLUMNS FROM `cmf_user` [ RunTime:0.000645s ]
[2024-11-15T11:04:26+08:00][sql] SELECT `id`,`user_login`,`user_nickname`,`avatar`,`avatar_thumb`,`sex`,`signature`,`consumption`,`votestotal`,`province`,`city`,`coin`,`votes`,`birthday`,`issuper` FROM `cmf_user` WHERE  `id` = 2 LIMIT 1 [ RunTime:0.000320s ]
[2024-11-15T11:04:26+08:00][sql] SHOW FULL COLUMNS FROM `cmf_vip_user` [ RunTime:0.000434s ]
[2024-11-15T11:04:26+08:00][sql] SELECT * FROM `cmf_vip_user` WHERE  `uid` = 2 LIMIT 1 [ RunTime:0.000237s ]
[2024-11-15T11:04:26+08:00][sql] SHOW FULL COLUMNS FROM `cmf_liang` [ RunTime:0.000450s ]
[2024-11-15T11:04:26+08:00][sql] SELECT * FROM `cmf_liang` WHERE  ( status=1 and state=1 )  AND `uid` = 2 LIMIT 1 [ RunTime:0.000285s ]
[2024-11-15T11:04:26+08:00][sql] SHOW FULL COLUMNS FROM `cmf_user_token` [ RunTime:0.000419s ]
[2024-11-15T11:04:26+08:00][sql] SELECT `token` FROM `cmf_user_token` WHERE  ( user_id=2 ) LIMIT 1 [ RunTime:0.000221s ]
[2024-11-15T11:04:26+08:00][sql] SELECT `id`,`user_login`,`user_nickname`,`avatar`,`avatar_thumb`,`sex`,`signature`,`consumption`,`votestotal`,`province`,`city`,`coin`,`votes`,`birthday`,`issuper` FROM `cmf_user` WHERE  `id` = 2 LIMIT 1 [ RunTime:0.000281s ]
[2024-11-15T11:04:26+08:00][sql] SELECT * FROM `cmf_vip_user` WHERE  `uid` = 2 LIMIT 1 [ RunTime:0.000241s ]
[2024-11-15T11:04:26+08:00][sql] SELECT * FROM `cmf_liang` WHERE  ( status=1 and state=1 )  AND `uid` = 2 LIMIT 1 [ RunTime:0.000257s ]
[2024-11-15T11:04:26+08:00][sql] SELECT `token` FROM `cmf_user_token` WHERE  ( user_id=2 ) LIMIT 1 [ RunTime:0.000203s ]
[2024-11-15T11:29:52+08:00][sql] CONNECT:[ UseTime:0.000327s ] mysql:host=43.241.16.146;port=3306;dbname=zhibo;charset=utf8mb4
[2024-11-15T11:29:52+08:00][sql] SHOW FULL COLUMNS FROM `cmf_hook` [ RunTime:0.000542s ]
[2024-11-15T11:29:52+08:00][sql] SELECT `hook`,`id` FROM `cmf_hook` WHERE  (  (  `app` = '' OR `app` = 'cmf' )  AND `type` = 3 ) OR `type` = 1 [ RunTime:0.000348s ]
[2024-11-15T11:29:52+08:00][sql] SHOW FULL COLUMNS FROM `cmf_hook_plugin` [ RunTime:0.000438s ]
[2024-11-15T11:29:52+08:00][sql] SELECT `hook`,`plugin` FROM `cmf_hook_plugin` WHERE  `status` = 1  AND `hook` IN ('app_begin','module_init','action_begin','view_filter','app_end','log_write','response_end','admin_init','home_init','send_mobile_verification_code','body_start','before_head_end','footer_start','before_footer','before_footer_end','before_body_end','left_sidebar_start','before_left_sidebar_end','right_sidebar_start','before_right_sidebar_end','comment','guestbook','switch_theme','after_content','before_content','log_write_done','switch_admin_theme','captcha_image') ORDER BY `list_order` ASC [ RunTime:0.000403s ]
