[2024-11-20T08:54:48+08:00][sql] CONNECT:[ UseTime:0.000388s ] mysql:host=43.241.16.146;port=3306;dbname=zhibo;charset=utf8mb4
[2024-11-20T08:54:48+08:00][sql] SHOW FULL COLUMNS FROM `cmf_hook` [ RunTime:0.000588s ]
[2024-11-20T08:54:48+08:00][sql] SELECT `hook`,`id` FROM `cmf_hook` WHERE  (  (  `app` = '' OR `app` = 'cmf' )  AND `type` = 3 ) OR `type` = 1 [ RunTime:0.000342s ]
[2024-11-20T08:54:48+08:00][sql] SHOW FULL COLUMNS FROM `cmf_hook_plugin` [ RunTime:0.000482s ]
[2024-11-20T08:54:48+08:00][sql] SELECT `hook`,`plugin` FROM `cmf_hook_plugin` WHERE  `status` = 1  AND `hook` IN ('app_begin','module_init','action_begin','view_filter','app_end','log_write','response_end','admin_init','home_init','send_mobile_verification_code','body_start','before_head_end','footer_start','before_footer','before_footer_end','before_body_end','left_sidebar_start','before_left_sidebar_end','right_sidebar_start','before_right_sidebar_end','comment','guestbook','switch_theme','after_content','before_content','log_write_done','switch_admin_theme','captcha_image') ORDER BY `list_order` ASC [ RunTime:0.000416s ]
[2024-11-20T08:54:48+08:00][sql] SHOW FULL COLUMNS FROM `cmf_plugin` [ RunTime:0.000535s ]
[2024-11-20T08:54:48+08:00][sql] SELECT `config` FROM `cmf_plugin` WHERE  `name` = 'Qiniu' LIMIT 1 [ RunTime:0.000245s ]
[2024-11-20T08:54:48+08:00][sql] SHOW FULL COLUMNS FROM `cmf_user` [ RunTime:0.000646s ]
[2024-11-20T08:54:48+08:00][sql] SELECT `id`,`user_nickname`,`coin`,`score` FROM `cmf_user` WHERE  `id` = 3 LIMIT 1 [ RunTime:0.000266s ]
[2024-11-20T08:54:48+08:00][sql] SHOW FULL COLUMNS FROM `cmf_vip` [ RunTime:0.002075s ]
[2024-11-20T08:54:48+08:00][sql] SELECT * FROM `cmf_vip` ORDER BY `list_order` ASC [ RunTime:0.000257s ]
[2024-11-20T08:54:48+08:00][sql] SHOW FULL COLUMNS FROM `cmf_vip_user` [ RunTime:0.000440s ]
[2024-11-20T08:54:48+08:00][sql] SELECT * FROM `cmf_vip_user` WHERE  `uid` = 3  AND `endtime` > 1732064088 LIMIT 1 [ RunTime:0.000248s ]
[2024-11-20T08:54:48+08:00][sql] SHOW FULL COLUMNS FROM `cmf_liang` [ RunTime:0.000479s ]
[2024-11-20T08:54:48+08:00][sql] SELECT * FROM `cmf_liang` WHERE  ( status=0 ) ORDER BY `list_order` ASC,`id` DESC LIMIT 21 [ RunTime:0.000259s ]
[2024-11-20T08:54:48+08:00][sql] SHOW FULL COLUMNS FROM `cmf_theme_file` [ RunTime:0.000514s ]
[2024-11-20T08:54:48+08:00][sql] SELECT `more` FROM `cmf_theme_file` WHERE  `theme` = 'default'  AND (  `is_public` = 1 OR `file` = '../appapi/mall/index' ) [ RunTime:0.000278s ]
[2024-11-20T08:54:49+08:00][sql] CONNECT:[ UseTime:0.000358s ] mysql:host=43.241.16.146;port=3306;dbname=zhibo;charset=utf8mb4
[2024-11-20T08:54:49+08:00][sql] SHOW FULL COLUMNS FROM `cmf_hook` [ RunTime:0.000641s ]
[2024-11-20T08:54:49+08:00][sql] SELECT `hook`,`id` FROM `cmf_hook` WHERE  (  (  `app` = '' OR `app` = 'cmf' )  AND `type` = 3 ) OR `type` = 1 [ RunTime:0.000408s ]
[2024-11-20T08:54:49+08:00][sql] SHOW FULL COLUMNS FROM `cmf_hook_plugin` [ RunTime:0.000434s ]
[2024-11-20T08:54:49+08:00][sql] SELECT `hook`,`plugin` FROM `cmf_hook_plugin` WHERE  `status` = 1  AND `hook` IN ('app_begin','module_init','action_begin','view_filter','app_end','log_write','response_end','admin_init','home_init','send_mobile_verification_code','body_start','before_head_end','footer_start','before_footer','before_footer_end','before_body_end','left_sidebar_start','before_left_sidebar_end','right_sidebar_start','before_right_sidebar_end','comment','guestbook','switch_theme','after_content','before_content','log_write_done','switch_admin_theme','captcha_image') ORDER BY `list_order` ASC [ RunTime:0.000432s ]
[2024-11-20T09:19:29+08:00][sql] CONNECT:[ UseTime:0.000436s ] mysql:host=43.241.16.146;port=3306;dbname=zhibo;charset=utf8mb4
[2024-11-20T09:19:29+08:00][sql] SHOW FULL COLUMNS FROM `cmf_hook` [ RunTime:0.000645s ]
[2024-11-20T09:19:29+08:00][sql] SELECT `hook`,`id` FROM `cmf_hook` WHERE  (  (  `app` = '' OR `app` = 'cmf' )  AND `type` = 3 ) OR `type` = 1 [ RunTime:0.000409s ]
[2024-11-20T09:19:29+08:00][sql] SHOW FULL COLUMNS FROM `cmf_hook_plugin` [ RunTime:0.000447s ]
[2024-11-20T09:19:29+08:00][sql] SELECT `hook`,`plugin` FROM `cmf_hook_plugin` WHERE  `status` = 1  AND `hook` IN ('app_begin','module_init','action_begin','view_filter','app_end','log_write','response_end','admin_init','home_init','send_mobile_verification_code','body_start','before_head_end','footer_start','before_footer','before_footer_end','before_body_end','left_sidebar_start','before_left_sidebar_end','right_sidebar_start','before_right_sidebar_end','comment','guestbook','switch_theme','after_content','before_content','log_write_done','switch_admin_theme','captcha_image') ORDER BY `list_order` ASC [ RunTime:0.000415s ]
[2024-11-20T09:19:29+08:00][sql] CONNECT:[ UseTime:0.000399s ] mysql:host=43.241.16.146;port=3306;dbname=zhibo;charset=utf8mb4
[2024-11-20T09:19:29+08:00][sql] SHOW FULL COLUMNS FROM `cmf_hook` [ RunTime:0.000661s ]
[2024-11-20T09:19:29+08:00][sql] SELECT `hook`,`id` FROM `cmf_hook` WHERE  (  (  `app` = '' OR `app` = 'cmf' )  AND `type` = 3 ) OR `type` = 1 [ RunTime:0.000407s ]
[2024-11-20T09:19:29+08:00][sql] SHOW FULL COLUMNS FROM `cmf_hook_plugin` [ RunTime:0.000439s ]
[2024-11-20T09:19:29+08:00][sql] SELECT `hook`,`plugin` FROM `cmf_hook_plugin` WHERE  `status` = 1  AND `hook` IN ('app_begin','module_init','action_begin','view_filter','app_end','log_write','response_end','admin_init','home_init','send_mobile_verification_code','body_start','before_head_end','footer_start','before_footer','before_footer_end','before_body_end','left_sidebar_start','before_left_sidebar_end','right_sidebar_start','before_right_sidebar_end','comment','guestbook','switch_theme','after_content','before_content','log_write_done','switch_admin_theme','captcha_image') ORDER BY `list_order` ASC [ RunTime:0.000416s ]
[2024-11-20T09:19:30+08:00][sql] CONNECT:[ UseTime:0.000282s ] mysql:host=43.241.16.146;port=3306;dbname=zhibo;charset=utf8mb4
[2024-11-20T09:19:30+08:00][sql] SHOW FULL COLUMNS FROM `cmf_hook` [ RunTime:0.000466s ]
[2024-11-20T09:19:30+08:00][sql] SELECT `hook`,`id` FROM `cmf_hook` WHERE  (  (  `app` = '' OR `app` = 'cmf' )  AND `type` = 3 ) OR `type` = 1 [ RunTime:0.000341s ]
[2024-11-20T09:19:30+08:00][sql] SHOW FULL COLUMNS FROM `cmf_hook_plugin` [ RunTime:0.000429s ]
[2024-11-20T09:19:30+08:00][sql] SELECT `hook`,`plugin` FROM `cmf_hook_plugin` WHERE  `status` = 1  AND `hook` IN ('app_begin','module_init','action_begin','view_filter','app_end','log_write','response_end','admin_init','home_init','send_mobile_verification_code','body_start','before_head_end','footer_start','before_footer','before_footer_end','before_body_end','left_sidebar_start','before_left_sidebar_end','right_sidebar_start','before_right_sidebar_end','comment','guestbook','switch_theme','after_content','before_content','log_write_done','switch_admin_theme','captcha_image') ORDER BY `list_order` ASC [ RunTime:0.000391s ]
[2024-11-20T09:19:33+08:00][sql] CONNECT:[ UseTime:0.000307s ] mysql:host=43.241.16.146;port=3306;dbname=zhibo;charset=utf8mb4
[2024-11-20T09:19:33+08:00][sql] SHOW FULL COLUMNS FROM `cmf_hook` [ RunTime:0.000467s ]
[2024-11-20T09:19:33+08:00][sql] SELECT `hook`,`id` FROM `cmf_hook` WHERE  (  (  `app` = '' OR `app` = 'cmf' )  AND `type` = 3 ) OR `type` = 1 [ RunTime:0.000330s ]
[2024-11-20T09:19:33+08:00][sql] SHOW FULL COLUMNS FROM `cmf_hook_plugin` [ RunTime:0.000421s ]
[2024-11-20T09:19:33+08:00][sql] SELECT `hook`,`plugin` FROM `cmf_hook_plugin` WHERE  `status` = 1  AND `hook` IN ('app_begin','module_init','action_begin','view_filter','app_end','log_write','response_end','admin_init','home_init','send_mobile_verification_code','body_start','before_head_end','footer_start','before_footer','before_footer_end','before_body_end','left_sidebar_start','before_left_sidebar_end','right_sidebar_start','before_right_sidebar_end','comment','guestbook','switch_theme','after_content','before_content','log_write_done','switch_admin_theme','captcha_image') ORDER BY `list_order` ASC [ RunTime:0.000396s ]
[2024-11-20T09:19:33+08:00][sql] SHOW FULL COLUMNS FROM `cmf_plugin` [ RunTime:0.000542s ]
[2024-11-20T09:19:33+08:00][sql] SELECT `config` FROM `cmf_plugin` WHERE  `name` = 'Qiniu' LIMIT 1 [ RunTime:0.000250s ]
[2024-11-20T09:19:33+08:00][sql] SHOW FULL COLUMNS FROM `cmf_live` [ RunTime:0.000580s ]
[2024-11-20T09:19:33+08:00][sql] SELECT * FROM `cmf_live` WHERE  ( islive='1' and isrecommend='1' and type='0' and live_type=0 ) [ RunTime:0.000421s ]
[2024-11-20T09:19:33+08:00][sql] SHOW FULL COLUMNS FROM `cmf_slide_item` [ RunTime:0.000465s ]
[2024-11-20T09:19:33+08:00][sql] SELECT * FROM `cmf_slide_item` WHERE  ( status='1' and slide_id='1' ) ORDER BY `list_order` ASC [ RunTime:0.000312s ]
[2024-11-20T09:19:33+08:00][sql] SHOW FULL COLUMNS FROM `cmf_live_class` [ RunTime:0.000461s ]
[2024-11-20T09:19:33+08:00][sql] SELECT * FROM `cmf_live_class` ORDER BY `list_order` LIMIT 5 [ RunTime:0.000288s ]
[2024-11-20T09:19:33+08:00][sql] SELECT * FROM `cmf_live` WHERE  `islive` = 1  AND `live_type` = 0  AND `liveclassid` = 8 ORDER BY `recommend_time` DESC,`starttime` DESC LIMIT 5 [ RunTime:0.000407s ]
[2024-11-20T09:19:33+08:00][sql] SELECT `uid`,`thumb`,`stream`,`title`,`city`,`islive`,`type` FROM `cmf_live` WHERE  ( islive='1' and ishot='1' and live_type=0 ) ORDER BY `isrecommend` DESC,`recommend_time` DESC,`hotvotes` DESC,`starttime` DESC LIMIT 5 [ RunTime:0.000311s ]
[2024-11-20T09:19:33+08:00][sql] SELECT `uid`,`thumb`,`stream`,`title`,`city`,`islive`,`type` FROM `cmf_live` WHERE  ( islive='1' and live_type=0 ) ORDER BY `starttime` DESC LIMIT 5 [ RunTime:0.000264s ]
[2024-11-20T09:19:33+08:00][sql] SHOW FULL COLUMNS FROM `cmf_theme_file` [ RunTime:0.000494s ]
[2024-11-20T09:19:33+08:00][sql] SELECT `more` FROM `cmf_theme_file` WHERE  `theme` = 'default'  AND (  `is_public` = 1 OR `file` = '../home/index/index' ) [ RunTime:0.000282s ]
[2024-11-20T09:19:34+08:00][sql] CONNECT:[ UseTime:0.000299s ] mysql:host=43.241.16.146;port=3306;dbname=zhibo;charset=utf8mb4
[2024-11-20T09:19:34+08:00][sql] SHOW FULL COLUMNS FROM `cmf_hook` [ RunTime:0.000455s ]
[2024-11-20T09:19:34+08:00][sql] SELECT `hook`,`id` FROM `cmf_hook` WHERE  (  (  `app` = '' OR `app` = 'cmf' )  AND `type` = 3 ) OR `type` = 1 [ RunTime:0.000330s ]
[2024-11-20T09:19:34+08:00][sql] SHOW FULL COLUMNS FROM `cmf_hook_plugin` [ RunTime:0.000434s ]
[2024-11-20T09:19:34+08:00][sql] SELECT `hook`,`plugin` FROM `cmf_hook_plugin` WHERE  `status` = 1  AND `hook` IN ('app_begin','module_init','action_begin','view_filter','app_end','log_write','response_end','admin_init','home_init','send_mobile_verification_code','body_start','before_head_end','footer_start','before_footer','before_footer_end','before_body_end','left_sidebar_start','before_left_sidebar_end','right_sidebar_start','before_right_sidebar_end','comment','guestbook','switch_theme','after_content','before_content','log_write_done','switch_admin_theme','captcha_image') ORDER BY `list_order` ASC [ RunTime:0.000387s ]
[2024-11-20T09:19:34+08:00][sql] SHOW FULL COLUMNS FROM `cmf_plugin` [ RunTime:0.000510s ]
[2024-11-20T09:19:34+08:00][sql] SELECT `config` FROM `cmf_plugin` WHERE  `name` = 'Qiniu' LIMIT 1 [ RunTime:0.000242s ]
[2024-11-20T09:19:34+08:00][sql] SHOW FULL COLUMNS FROM `cmf_live` [ RunTime:0.000579s ]
[2024-11-20T09:19:34+08:00][sql] SELECT * FROM `cmf_live` WHERE  ( islive='1' and isrecommend='1' and type='0' and live_type=0 ) [ RunTime:0.000396s ]
[2024-11-20T09:19:34+08:00][sql] SHOW FULL COLUMNS FROM `cmf_slide_item` [ RunTime:0.000467s ]
[2024-11-20T09:19:34+08:00][sql] SELECT * FROM `cmf_slide_item` WHERE  ( status='1' and slide_id='1' ) ORDER BY `list_order` ASC [ RunTime:0.000295s ]
[2024-11-20T09:19:34+08:00][sql] SHOW FULL COLUMNS FROM `cmf_live_class` [ RunTime:0.000460s ]
[2024-11-20T09:19:34+08:00][sql] SELECT * FROM `cmf_live_class` ORDER BY `list_order` LIMIT 5 [ RunTime:0.000261s ]
[2024-11-20T09:19:34+08:00][sql] SELECT * FROM `cmf_live` WHERE  `islive` = 1  AND `live_type` = 0  AND `liveclassid` = 8 ORDER BY `recommend_time` DESC,`starttime` DESC LIMIT 5 [ RunTime:0.000411s ]
[2024-11-20T09:19:34+08:00][sql] SELECT `uid`,`thumb`,`stream`,`title`,`city`,`islive`,`type` FROM `cmf_live` WHERE  ( islive='1' and ishot='1' and live_type=0 ) ORDER BY `isrecommend` DESC,`recommend_time` DESC,`hotvotes` DESC,`starttime` DESC LIMIT 5 [ RunTime:0.000315s ]
[2024-11-20T09:19:34+08:00][sql] SELECT `uid`,`thumb`,`stream`,`title`,`city`,`islive`,`type` FROM `cmf_live` WHERE  ( islive='1' and live_type=0 ) ORDER BY `starttime` DESC LIMIT 5 [ RunTime:0.000266s ]
[2024-11-20T09:19:34+08:00][sql] SHOW FULL COLUMNS FROM `cmf_theme_file` [ RunTime:0.000499s ]
[2024-11-20T09:19:34+08:00][sql] SELECT `more` FROM `cmf_theme_file` WHERE  `theme` = 'default'  AND (  `is_public` = 1 OR `file` = '../home/index/index' ) [ RunTime:0.000274s ]
[2024-11-20T09:19:34+08:00][sql] CONNECT:[ UseTime:0.000275s ] mysql:host=43.241.16.146;port=3306;dbname=zhibo;charset=utf8mb4
[2024-11-20T09:19:34+08:00][sql] SHOW FULL COLUMNS FROM `cmf_hook` [ RunTime:0.000476s ]
[2024-11-20T09:19:34+08:00][sql] SELECT `hook`,`id` FROM `cmf_hook` WHERE  (  (  `app` = '' OR `app` = 'cmf' )  AND `type` = 3 ) OR `type` = 1 [ RunTime:0.000335s ]
[2024-11-20T09:19:34+08:00][sql] SHOW FULL COLUMNS FROM `cmf_hook_plugin` [ RunTime:0.000436s ]
[2024-11-20T09:19:34+08:00][sql] SELECT `hook`,`plugin` FROM `cmf_hook_plugin` WHERE  `status` = 1  AND `hook` IN ('app_begin','module_init','action_begin','view_filter','app_end','log_write','response_end','admin_init','home_init','send_mobile_verification_code','body_start','before_head_end','footer_start','before_footer','before_footer_end','before_body_end','left_sidebar_start','before_left_sidebar_end','right_sidebar_start','before_right_sidebar_end','comment','guestbook','switch_theme','after_content','before_content','log_write_done','switch_admin_theme','captcha_image') ORDER BY `list_order` ASC [ RunTime:0.000392s ]
[2024-11-20T09:19:34+08:00][sql] SHOW FULL COLUMNS FROM `cmf_plugin` [ RunTime:0.000621s ]
[2024-11-20T09:19:34+08:00][sql] SELECT `config` FROM `cmf_plugin` WHERE  `name` = 'Qiniu' LIMIT 1 [ RunTime:0.000267s ]
[2024-11-20T09:19:34+08:00][sql] CONNECT:[ UseTime:0.000272s ] mysql:host=43.241.16.146;port=3306;dbname=zhibo;charset=utf8mb4
[2024-11-20T09:19:34+08:00][sql] SHOW FULL COLUMNS FROM `cmf_hook` [ RunTime:0.000508s ]
[2024-11-20T09:19:34+08:00][sql] SELECT `hook`,`id` FROM `cmf_hook` WHERE  (  (  `app` = '' OR `app` = 'cmf' )  AND `type` = 3 ) OR `type` = 1 [ RunTime:0.000332s ]
[2024-11-20T09:19:34+08:00][sql] SHOW FULL COLUMNS FROM `cmf_hook_plugin` [ RunTime:0.000469s ]
[2024-11-20T09:19:34+08:00][sql] SELECT `hook`,`plugin` FROM `cmf_hook_plugin` WHERE  `status` = 1  AND `hook` IN ('app_begin','module_init','action_begin','view_filter','app_end','log_write','response_end','admin_init','home_init','send_mobile_verification_code','body_start','before_head_end','footer_start','before_footer','before_footer_end','before_body_end','left_sidebar_start','before_left_sidebar_end','right_sidebar_start','before_right_sidebar_end','comment','guestbook','switch_theme','after_content','before_content','log_write_done','switch_admin_theme','captcha_image') ORDER BY `list_order` ASC [ RunTime:0.000411s ]
[2024-11-20T09:19:34+08:00][sql] CONNECT:[ UseTime:0.000276s ] mysql:host=43.241.16.146;port=3306;dbname=zhibo;charset=utf8mb4
[2024-11-20T09:19:34+08:00][sql] SHOW FULL COLUMNS FROM `cmf_hook` [ RunTime:0.000457s ]
[2024-11-20T09:19:34+08:00][sql] SELECT `hook`,`id` FROM `cmf_hook` WHERE  (  (  `app` = '' OR `app` = 'cmf' )  AND `type` = 3 ) OR `type` = 1 [ RunTime:0.000330s ]
[2024-11-20T09:19:34+08:00][sql] SHOW FULL COLUMNS FROM `cmf_hook_plugin` [ RunTime:0.000436s ]
[2024-11-20T09:19:34+08:00][sql] SELECT `hook`,`plugin` FROM `cmf_hook_plugin` WHERE  `status` = 1  AND `hook` IN ('app_begin','module_init','action_begin','view_filter','app_end','log_write','response_end','admin_init','home_init','send_mobile_verification_code','body_start','before_head_end','footer_start','before_footer','before_footer_end','before_body_end','left_sidebar_start','before_left_sidebar_end','right_sidebar_start','before_right_sidebar_end','comment','guestbook','switch_theme','after_content','before_content','log_write_done','switch_admin_theme','captcha_image') ORDER BY `list_order` ASC [ RunTime:0.000397s ]
[2024-11-20T09:19:34+08:00][sql] SHOW FULL COLUMNS FROM `cmf_plugin` [ RunTime:0.000568s ]
[2024-11-20T09:19:34+08:00][sql] SELECT `config` FROM `cmf_plugin` WHERE  `name` = 'Qiniu' LIMIT 1 [ RunTime:0.000255s ]
[2024-11-20T09:19:34+08:00][sql] SHOW FULL COLUMNS FROM `cmf_slide_item` [ RunTime:0.000478s ]
[2024-11-20T09:19:34+08:00][sql] SELECT * FROM `cmf_slide_item` WHERE  ( status='1' and slide_id='6' ) ORDER BY `list_order` ASC [ RunTime:0.000315s ]
[2024-11-20T09:19:34+08:00][sql] SHOW FULL COLUMNS FROM `cmf_live` [ RunTime:0.000580s ]
[2024-11-20T09:19:34+08:00][sql] SELECT `uid`,`title`,`city`,`stream`,`pull`,`thumb`,`type` FROM `cmf_live` WHERE  `islive` = 1  AND `live_type` = 0  AND `ishot` = 1 ORDER BY `recommend_time` DESC,`starttime` DESC LIMIT 0,20 [ RunTime:0.000351s ]
[2024-11-20T09:19:34+08:00][sql] SHOW FULL COLUMNS FROM `cmf_theme_file` [ RunTime:0.000485s ]
[2024-11-20T09:19:34+08:00][sql] SELECT `more` FROM `cmf_theme_file` WHERE  `theme` = 'default'  AND (  `is_public` = 1 OR `file` = '../wxshare/share/index' ) [ RunTime:0.000281s ]
[2024-11-20T09:19:35+08:00][sql] CONNECT:[ UseTime:0.000316s ] mysql:host=43.241.16.146;port=3306;dbname=zhibo;charset=utf8mb4
[2024-11-20T09:19:35+08:00][sql] SHOW FULL COLUMNS FROM `cmf_hook` [ RunTime:0.000458s ]
[2024-11-20T09:19:35+08:00][sql] SELECT `hook`,`id` FROM `cmf_hook` WHERE  (  (  `app` = '' OR `app` = 'cmf' )  AND `type` = 3 ) OR `type` = 1 [ RunTime:0.000337s ]
[2024-11-20T09:19:35+08:00][sql] SHOW FULL COLUMNS FROM `cmf_hook_plugin` [ RunTime:0.000435s ]
[2024-11-20T09:19:35+08:00][sql] SELECT `hook`,`plugin` FROM `cmf_hook_plugin` WHERE  `status` = 1  AND `hook` IN ('app_begin','module_init','action_begin','view_filter','app_end','log_write','response_end','admin_init','home_init','send_mobile_verification_code','body_start','before_head_end','footer_start','before_footer','before_footer_end','before_body_end','left_sidebar_start','before_left_sidebar_end','right_sidebar_start','before_right_sidebar_end','comment','guestbook','switch_theme','after_content','before_content','log_write_done','switch_admin_theme','captcha_image') ORDER BY `list_order` ASC [ RunTime:0.000395s ]
[2024-11-20T09:19:35+08:00][sql] SHOW FULL COLUMNS FROM `cmf_plugin` [ RunTime:0.000510s ]
[2024-11-20T09:19:35+08:00][sql] SELECT `config` FROM `cmf_plugin` WHERE  `name` = 'Qiniu' LIMIT 1 [ RunTime:0.000249s ]
[2024-11-20T09:19:41+08:00][sql] CONNECT:[ UseTime:0.000291s ] mysql:host=43.241.16.146;port=3306;dbname=zhibo;charset=utf8mb4
[2024-11-20T09:19:41+08:00][sql] SHOW FULL COLUMNS FROM `cmf_hook` [ RunTime:0.000483s ]
[2024-11-20T09:19:41+08:00][sql] SELECT `hook`,`id` FROM `cmf_hook` WHERE  (  (  `app` = '' OR `app` = 'cmf' )  AND `type` = 3 ) OR `type` = 1 [ RunTime:0.000339s ]
[2024-11-20T09:19:41+08:00][sql] SHOW FULL COLUMNS FROM `cmf_hook_plugin` [ RunTime:0.000441s ]
[2024-11-20T09:19:41+08:00][sql] SELECT `hook`,`plugin` FROM `cmf_hook_plugin` WHERE  `status` = 1  AND `hook` IN ('app_begin','module_init','action_begin','view_filter','app_end','log_write','response_end','admin_init','home_init','send_mobile_verification_code','body_start','before_head_end','footer_start','before_footer','before_footer_end','before_body_end','left_sidebar_start','before_left_sidebar_end','right_sidebar_start','before_right_sidebar_end','comment','guestbook','switch_theme','after_content','before_content','log_write_done','switch_admin_theme','captcha_image') ORDER BY `list_order` ASC [ RunTime:0.000404s ]
[2024-11-20T09:19:41+08:00][sql] SHOW FULL COLUMNS FROM `cmf_plugin` [ RunTime:0.000579s ]
[2024-11-20T09:19:41+08:00][sql] SELECT `config` FROM `cmf_plugin` WHERE  `name` = 'Qiniu' LIMIT 1 [ RunTime:0.000253s ]
[2024-11-20T09:19:41+08:00][sql] SHOW FULL COLUMNS FROM `cmf_slide_item` [ RunTime:0.000471s ]
[2024-11-20T09:19:41+08:00][sql] SELECT * FROM `cmf_slide_item` WHERE  ( status='1' and slide_id='6' ) ORDER BY `list_order` ASC [ RunTime:0.000317s ]
[2024-11-20T09:19:41+08:00][sql] SHOW FULL COLUMNS FROM `cmf_live` [ RunTime:0.000586s ]
[2024-11-20T09:19:41+08:00][sql] SELECT `uid`,`title`,`city`,`stream`,`pull`,`thumb`,`type` FROM `cmf_live` WHERE  `islive` = 1  AND `live_type` = 0 ORDER BY `starttime` DESC LIMIT 0,20 [ RunTime:0.000316s ]
[2024-11-20T09:19:41+08:00][sql] SHOW FULL COLUMNS FROM `cmf_theme_file` [ RunTime:0.000469s ]
[2024-11-20T09:19:41+08:00][sql] SELECT `more` FROM `cmf_theme_file` WHERE  `theme` = 'default'  AND (  `is_public` = 1 OR `file` = '../wxshare/share/index' ) [ RunTime:0.000289s ]
[2024-11-20T09:19:42+08:00][sql] CONNECT:[ UseTime:0.000314s ] mysql:host=43.241.16.146;port=3306;dbname=zhibo;charset=utf8mb4
[2024-11-20T09:19:42+08:00][sql] SHOW FULL COLUMNS FROM `cmf_hook` [ RunTime:0.000460s ]
[2024-11-20T09:19:42+08:00][sql] SELECT `hook`,`id` FROM `cmf_hook` WHERE  (  (  `app` = '' OR `app` = 'cmf' )  AND `type` = 3 ) OR `type` = 1 [ RunTime:0.000334s ]
[2024-11-20T09:19:42+08:00][sql] SHOW FULL COLUMNS FROM `cmf_hook_plugin` [ RunTime:0.000437s ]
[2024-11-20T09:19:42+08:00][sql] SELECT `hook`,`plugin` FROM `cmf_hook_plugin` WHERE  `status` = 1  AND `hook` IN ('app_begin','module_init','action_begin','view_filter','app_end','log_write','response_end','admin_init','home_init','send_mobile_verification_code','body_start','before_head_end','footer_start','before_footer','before_footer_end','before_body_end','left_sidebar_start','before_left_sidebar_end','right_sidebar_start','before_right_sidebar_end','comment','guestbook','switch_theme','after_content','before_content','log_write_done','switch_admin_theme','captcha_image') ORDER BY `list_order` ASC [ RunTime:0.000398s ]
[2024-11-20T09:19:42+08:00][sql] SHOW FULL COLUMNS FROM `cmf_plugin` [ RunTime:0.000501s ]
[2024-11-20T09:19:42+08:00][sql] SELECT `config` FROM `cmf_plugin` WHERE  `name` = 'Qiniu' LIMIT 1 [ RunTime:0.000252s ]
[2024-11-20T09:19:42+08:00][sql] SHOW FULL COLUMNS FROM `cmf_slide_item` [ RunTime:0.000469s ]
[2024-11-20T09:19:42+08:00][sql] SELECT * FROM `cmf_slide_item` WHERE  ( status='1' and slide_id='6' ) ORDER BY `list_order` ASC [ RunTime:0.000322s ]
[2024-11-20T09:19:42+08:00][sql] SHOW FULL COLUMNS FROM `cmf_live` [ RunTime:0.000584s ]
[2024-11-20T09:19:42+08:00][sql] SELECT `uid`,`title`,`city`,`stream`,`pull`,`thumb`,`type` FROM `cmf_live` WHERE  `islive` = 1  AND `live_type` = 0  AND `ishot` = 1 ORDER BY `recommend_time` DESC,`starttime` DESC LIMIT 0,20 [ RunTime:0.000349s ]
[2024-11-20T09:19:42+08:00][sql] SHOW FULL COLUMNS FROM `cmf_theme_file` [ RunTime:0.000475s ]
[2024-11-20T09:19:42+08:00][sql] SELECT `more` FROM `cmf_theme_file` WHERE  `theme` = 'default'  AND (  `is_public` = 1 OR `file` = '../wxshare/share/index' ) [ RunTime:0.000295s ]
[2024-11-20T09:20:03+08:00][sql] CONNECT:[ UseTime:0.000292s ] mysql:host=43.241.16.146;port=3306;dbname=zhibo;charset=utf8mb4
[2024-11-20T09:20:03+08:00][sql] SHOW FULL COLUMNS FROM `cmf_hook` [ RunTime:0.000513s ]
[2024-11-20T09:20:03+08:00][sql] SELECT `hook`,`id` FROM `cmf_hook` WHERE  (  (  `app` = '' OR `app` = 'cmf' )  AND `type` = 3 ) OR `type` = 1 [ RunTime:0.000349s ]
[2024-11-20T09:20:03+08:00][sql] SHOW FULL COLUMNS FROM `cmf_hook_plugin` [ RunTime:0.000445s ]
[2024-11-20T09:20:03+08:00][sql] SELECT `hook`,`plugin` FROM `cmf_hook_plugin` WHERE  `status` = 1  AND `hook` IN ('app_begin','module_init','action_begin','view_filter','app_end','log_write','response_end','admin_init','home_init','send_mobile_verification_code','body_start','before_head_end','footer_start','before_footer','before_footer_end','before_body_end','left_sidebar_start','before_left_sidebar_end','right_sidebar_start','before_right_sidebar_end','comment','guestbook','switch_theme','after_content','before_content','log_write_done','switch_admin_theme','captcha_image') ORDER BY `list_order` ASC [ RunTime:0.000405s ]
[2024-11-20T09:20:03+08:00][sql] SHOW FULL COLUMNS FROM `cmf_plugin` [ RunTime:0.000583s ]
[2024-11-20T09:20:03+08:00][sql] SELECT `config` FROM `cmf_plugin` WHERE  `name` = 'Qiniu' LIMIT 1 [ RunTime:0.000268s ]
[2024-11-20T09:20:03+08:00][sql] SHOW FULL COLUMNS FROM `cmf_live` [ RunTime:0.000591s ]
[2024-11-20T09:20:03+08:00][sql] SELECT * FROM `cmf_live` WHERE  ( islive='1' and isrecommend='1' and type='0' and live_type=0 ) [ RunTime:0.000396s ]
[2024-11-20T09:20:03+08:00][sql] SHOW FULL COLUMNS FROM `cmf_slide_item` [ RunTime:0.000475s ]
[2024-11-20T09:20:03+08:00][sql] SELECT * FROM `cmf_slide_item` WHERE  ( status='1' and slide_id='1' ) ORDER BY `list_order` ASC [ RunTime:0.000298s ]
[2024-11-20T09:20:03+08:00][sql] SHOW FULL COLUMNS FROM `cmf_live_class` [ RunTime:0.000480s ]
[2024-11-20T09:20:03+08:00][sql] SELECT * FROM `cmf_live_class` ORDER BY `list_order` LIMIT 5 [ RunTime:0.000280s ]
[2024-11-20T09:20:03+08:00][sql] SELECT * FROM `cmf_live` WHERE  `islive` = 1  AND `live_type` = 0  AND `liveclassid` = 8 ORDER BY `recommend_time` DESC,`starttime` DESC LIMIT 5 [ RunTime:0.000408s ]
[2024-11-20T09:20:03+08:00][sql] SELECT `uid`,`thumb`,`stream`,`title`,`city`,`islive`,`type` FROM `cmf_live` WHERE  ( islive='1' and ishot='1' and live_type=0 ) ORDER BY `isrecommend` DESC,`recommend_time` DESC,`hotvotes` DESC,`starttime` DESC LIMIT 5 [ RunTime:0.000319s ]
[2024-11-20T09:20:03+08:00][sql] SELECT `uid`,`thumb`,`stream`,`title`,`city`,`islive`,`type` FROM `cmf_live` WHERE  ( islive='1' and live_type=0 ) ORDER BY `starttime` DESC LIMIT 5 [ RunTime:0.000262s ]
[2024-11-20T09:20:03+08:00][sql] SHOW FULL COLUMNS FROM `cmf_theme_file` [ RunTime:0.000492s ]
[2024-11-20T09:20:03+08:00][sql] SELECT `more` FROM `cmf_theme_file` WHERE  `theme` = 'default'  AND (  `is_public` = 1 OR `file` = '../home/index/index' ) [ RunTime:0.000278s ]
[2024-11-20T09:20:03+08:00][sql] CONNECT:[ UseTime:0.000279s ] mysql:host=43.241.16.146;port=3306;dbname=zhibo;charset=utf8mb4
[2024-11-20T09:20:03+08:00][sql] SHOW FULL COLUMNS FROM `cmf_hook` [ RunTime:0.000478s ]
[2024-11-20T09:20:03+08:00][sql] SELECT `hook`,`id` FROM `cmf_hook` WHERE  (  (  `app` = '' OR `app` = 'cmf' )  AND `type` = 3 ) OR `type` = 1 [ RunTime:0.000337s ]
[2024-11-20T09:20:03+08:00][sql] SHOW FULL COLUMNS FROM `cmf_hook_plugin` [ RunTime:0.000465s ]
[2024-11-20T09:20:03+08:00][sql] SELECT `hook`,`plugin` FROM `cmf_hook_plugin` WHERE  `status` = 1  AND `hook` IN ('app_begin','module_init','action_begin','view_filter','app_end','log_write','response_end','admin_init','home_init','send_mobile_verification_code','body_start','before_head_end','footer_start','before_footer','before_footer_end','before_body_end','left_sidebar_start','before_left_sidebar_end','right_sidebar_start','before_right_sidebar_end','comment','guestbook','switch_theme','after_content','before_content','log_write_done','switch_admin_theme','captcha_image') ORDER BY `list_order` ASC [ RunTime:0.000399s ]
[2024-11-20T09:20:03+08:00][sql] SHOW FULL COLUMNS FROM `cmf_plugin` [ RunTime:0.000538s ]
[2024-11-20T09:20:03+08:00][sql] SELECT `config` FROM `cmf_plugin` WHERE  `name` = 'Qiniu' LIMIT 1 [ RunTime:0.000248s ]
[2024-11-20T09:20:03+08:00][sql] CONNECT:[ UseTime:0.000301s ] mysql:host=43.241.16.146;port=3306;dbname=zhibo;charset=utf8mb4
[2024-11-20T09:20:03+08:00][sql] SHOW FULL COLUMNS FROM `cmf_hook` [ RunTime:0.000464s ]
[2024-11-20T09:20:03+08:00][sql] SELECT `hook`,`id` FROM `cmf_hook` WHERE  (  (  `app` = '' OR `app` = 'cmf' )  AND `type` = 3 ) OR `type` = 1 [ RunTime:0.000336s ]
[2024-11-20T09:20:03+08:00][sql] SHOW FULL COLUMNS FROM `cmf_hook_plugin` [ RunTime:0.000426s ]
[2024-11-20T09:20:03+08:00][sql] SELECT `hook`,`plugin` FROM `cmf_hook_plugin` WHERE  `status` = 1  AND `hook` IN ('app_begin','module_init','action_begin','view_filter','app_end','log_write','response_end','admin_init','home_init','send_mobile_verification_code','body_start','before_head_end','footer_start','before_footer','before_footer_end','before_body_end','left_sidebar_start','before_left_sidebar_end','right_sidebar_start','before_right_sidebar_end','comment','guestbook','switch_theme','after_content','before_content','log_write_done','switch_admin_theme','captcha_image') ORDER BY `list_order` ASC [ RunTime:0.000398s ]
[2024-11-20T09:20:29+08:00][sql] CONNECT:[ UseTime:0.000398s ] mysql:host=43.241.16.146;port=3306;dbname=zhibo;charset=utf8mb4
[2024-11-20T09:20:29+08:00][sql] SHOW FULL COLUMNS FROM `cmf_hook` [ RunTime:0.000654s ]
[2024-11-20T09:20:29+08:00][sql] SELECT `hook`,`id` FROM `cmf_hook` WHERE  (  (  `app` = '' OR `app` = 'cmf' )  AND `type` = 3 ) OR `type` = 1 [ RunTime:0.000403s ]
[2024-11-20T09:20:29+08:00][sql] SHOW FULL COLUMNS FROM `cmf_hook_plugin` [ RunTime:0.000429s ]
[2024-11-20T09:20:29+08:00][sql] SELECT `hook`,`plugin` FROM `cmf_hook_plugin` WHERE  `status` = 1  AND `hook` IN ('app_begin','module_init','action_begin','view_filter','app_end','log_write','response_end','admin_init','home_init','send_mobile_verification_code','body_start','before_head_end','footer_start','before_footer','before_footer_end','before_body_end','left_sidebar_start','before_left_sidebar_end','right_sidebar_start','before_right_sidebar_end','comment','guestbook','switch_theme','after_content','before_content','log_write_done','switch_admin_theme','captcha_image') ORDER BY `list_order` ASC [ RunTime:0.000407s ]
[2024-11-20T09:20:29+08:00][sql] CONNECT:[ UseTime:0.000334s ] mysql:host=43.241.16.146;port=3306;dbname=zhibo;charset=utf8mb4
[2024-11-20T09:20:29+08:00][sql] SHOW FULL COLUMNS FROM `cmf_hook` [ RunTime:0.000482s ]
[2024-11-20T09:20:29+08:00][sql] SELECT `hook`,`id` FROM `cmf_hook` WHERE  (  (  `app` = '' OR `app` = 'cmf' )  AND `type` = 3 ) OR `type` = 1 [ RunTime:0.000337s ]
[2024-11-20T09:20:29+08:00][sql] SHOW FULL COLUMNS FROM `cmf_hook_plugin` [ RunTime:0.000442s ]
[2024-11-20T09:20:29+08:00][sql] SELECT `hook`,`plugin` FROM `cmf_hook_plugin` WHERE  `status` = 1  AND `hook` IN ('app_begin','module_init','action_begin','view_filter','app_end','log_write','response_end','admin_init','home_init','send_mobile_verification_code','body_start','before_head_end','footer_start','before_footer','before_footer_end','before_body_end','left_sidebar_start','before_left_sidebar_end','right_sidebar_start','before_right_sidebar_end','comment','guestbook','switch_theme','after_content','before_content','log_write_done','switch_admin_theme','captcha_image') ORDER BY `list_order` ASC [ RunTime:0.000398s ]
[2024-11-20T09:20:30+08:00][sql] CONNECT:[ UseTime:0.000305s ] mysql:host=43.241.16.146;port=3306;dbname=zhibo;charset=utf8mb4
[2024-11-20T09:20:30+08:00][sql] SHOW FULL COLUMNS FROM `cmf_hook` [ RunTime:0.000462s ]
[2024-11-20T09:20:30+08:00][sql] SELECT `hook`,`id` FROM `cmf_hook` WHERE  (  (  `app` = '' OR `app` = 'cmf' )  AND `type` = 3 ) OR `type` = 1 [ RunTime:0.000334s ]
[2024-11-20T09:20:30+08:00][sql] SHOW FULL COLUMNS FROM `cmf_hook_plugin` [ RunTime:0.000442s ]
[2024-11-20T09:20:30+08:00][sql] SELECT `hook`,`plugin` FROM `cmf_hook_plugin` WHERE  `status` = 1  AND `hook` IN ('app_begin','module_init','action_begin','view_filter','app_end','log_write','response_end','admin_init','home_init','send_mobile_verification_code','body_start','before_head_end','footer_start','before_footer','before_footer_end','before_body_end','left_sidebar_start','before_left_sidebar_end','right_sidebar_start','before_right_sidebar_end','comment','guestbook','switch_theme','after_content','before_content','log_write_done','switch_admin_theme','captcha_image') ORDER BY `list_order` ASC [ RunTime:0.000406s ]
[2024-11-20T09:20:30+08:00][sql] CONNECT:[ UseTime:0.000291s ] mysql:host=43.241.16.146;port=3306;dbname=zhibo;charset=utf8mb4
[2024-11-20T09:20:30+08:00][sql] SHOW FULL COLUMNS FROM `cmf_hook` [ RunTime:0.000465s ]
[2024-11-20T09:20:30+08:00][sql] SELECT `hook`,`id` FROM `cmf_hook` WHERE  (  (  `app` = '' OR `app` = 'cmf' )  AND `type` = 3 ) OR `type` = 1 [ RunTime:0.000339s ]
[2024-11-20T09:20:30+08:00][sql] SHOW FULL COLUMNS FROM `cmf_hook_plugin` [ RunTime:0.000424s ]
[2024-11-20T09:20:30+08:00][sql] SELECT `hook`,`plugin` FROM `cmf_hook_plugin` WHERE  `status` = 1  AND `hook` IN ('app_begin','module_init','action_begin','view_filter','app_end','log_write','response_end','admin_init','home_init','send_mobile_verification_code','body_start','before_head_end','footer_start','before_footer','before_footer_end','before_body_end','left_sidebar_start','before_left_sidebar_end','right_sidebar_start','before_right_sidebar_end','comment','guestbook','switch_theme','after_content','before_content','log_write_done','switch_admin_theme','captcha_image') ORDER BY `list_order` ASC [ RunTime:0.000393s ]
[2024-11-20T09:20:30+08:00][sql] SHOW FULL COLUMNS FROM `cmf_plugin` [ RunTime:0.000561s ]
[2024-11-20T09:20:30+08:00][sql] SELECT `config` FROM `cmf_plugin` WHERE  `name` = 'Qiniu' LIMIT 1 [ RunTime:0.000252s ]
[2024-11-20T09:20:30+08:00][sql] SHOW FULL COLUMNS FROM `cmf_live` [ RunTime:0.000584s ]
[2024-11-20T09:20:30+08:00][sql] SELECT * FROM `cmf_live` WHERE  ( islive='1' and isrecommend='1' and type='0' and live_type=0 ) [ RunTime:0.000417s ]
[2024-11-20T09:20:30+08:00][sql] SHOW FULL COLUMNS FROM `cmf_slide_item` [ RunTime:0.000477s ]
[2024-11-20T09:20:30+08:00][sql] SELECT * FROM `cmf_slide_item` WHERE  ( status='1' and slide_id='1' ) ORDER BY `list_order` ASC [ RunTime:0.000306s ]
[2024-11-20T09:20:30+08:00][sql] SHOW FULL COLUMNS FROM `cmf_live_class` [ RunTime:0.000432s ]
[2024-11-20T09:20:30+08:00][sql] SELECT * FROM `cmf_live_class` ORDER BY `list_order` LIMIT 5 [ RunTime:0.000256s ]
[2024-11-20T09:20:30+08:00][sql] SELECT * FROM `cmf_live` WHERE  `islive` = 1  AND `live_type` = 0  AND `liveclassid` = 8 ORDER BY `recommend_time` DESC,`starttime` DESC LIMIT 5 [ RunTime:0.000409s ]
[2024-11-20T09:20:30+08:00][sql] SELECT `uid`,`thumb`,`stream`,`title`,`city`,`islive`,`type` FROM `cmf_live` WHERE  ( islive='1' and ishot='1' and live_type=0 ) ORDER BY `isrecommend` DESC,`recommend_time` DESC,`hotvotes` DESC,`starttime` DESC LIMIT 5 [ RunTime:0.000328s ]
[2024-11-20T09:20:30+08:00][sql] SELECT `uid`,`thumb`,`stream`,`title`,`city`,`islive`,`type` FROM `cmf_live` WHERE  ( islive='1' and live_type=0 ) ORDER BY `starttime` DESC LIMIT 5 [ RunTime:0.000263s ]
[2024-11-20T09:20:30+08:00][sql] SHOW FULL COLUMNS FROM `cmf_theme_file` [ RunTime:0.000493s ]
[2024-11-20T09:20:30+08:00][sql] SELECT `more` FROM `cmf_theme_file` WHERE  `theme` = 'default'  AND (  `is_public` = 1 OR `file` = '../home/index/index' ) [ RunTime:0.000281s ]
[2024-11-20T09:20:33+08:00][sql] CONNECT:[ UseTime:0.000312s ] mysql:host=43.241.16.146;port=3306;dbname=zhibo;charset=utf8mb4
[2024-11-20T09:20:33+08:00][sql] SHOW FULL COLUMNS FROM `cmf_hook` [ RunTime:0.000478s ]
[2024-11-20T09:20:33+08:00][sql] SELECT `hook`,`id` FROM `cmf_hook` WHERE  (  (  `app` = '' OR `app` = 'cmf' )  AND `type` = 3 ) OR `type` = 1 [ RunTime:0.000343s ]
[2024-11-20T09:20:33+08:00][sql] SHOW FULL COLUMNS FROM `cmf_hook_plugin` [ RunTime:0.000431s ]
[2024-11-20T09:20:33+08:00][sql] SELECT `hook`,`plugin` FROM `cmf_hook_plugin` WHERE  `status` = 1  AND `hook` IN ('app_begin','module_init','action_begin','view_filter','app_end','log_write','response_end','admin_init','home_init','send_mobile_verification_code','body_start','before_head_end','footer_start','before_footer','before_footer_end','before_body_end','left_sidebar_start','before_left_sidebar_end','right_sidebar_start','before_right_sidebar_end','comment','guestbook','switch_theme','after_content','before_content','log_write_done','switch_admin_theme','captcha_image') ORDER BY `list_order` ASC [ RunTime:0.000396s ]
[2024-11-20T09:20:33+08:00][sql] SHOW FULL COLUMNS FROM `cmf_plugin` [ RunTime:0.000513s ]
[2024-11-20T09:20:33+08:00][sql] SELECT `config` FROM `cmf_plugin` WHERE  `name` = 'Qiniu' LIMIT 1 [ RunTime:0.000252s ]
[2024-11-20T09:20:33+08:00][sql] SHOW FULL COLUMNS FROM `cmf_live` [ RunTime:0.000601s ]
[2024-11-20T09:20:33+08:00][sql] SELECT * FROM `cmf_live` WHERE  ( islive='1' and isrecommend='1' and type='0' and live_type=0 ) [ RunTime:0.000394s ]
[2024-11-20T09:20:33+08:00][sql] SHOW FULL COLUMNS FROM `cmf_slide_item` [ RunTime:0.000480s ]
[2024-11-20T09:20:33+08:00][sql] SELECT * FROM `cmf_slide_item` WHERE  ( status='1' and slide_id='1' ) ORDER BY `list_order` ASC [ RunTime:0.000299s ]
[2024-11-20T09:20:33+08:00][sql] SHOW FULL COLUMNS FROM `cmf_live_class` [ RunTime:0.000475s ]
[2024-11-20T09:20:33+08:00][sql] SELECT * FROM `cmf_live_class` ORDER BY `list_order` LIMIT 5 [ RunTime:0.000270s ]
[2024-11-20T09:20:33+08:00][sql] SELECT * FROM `cmf_live` WHERE  `islive` = 1  AND `live_type` = 0  AND `liveclassid` = 8 ORDER BY `recommend_time` DESC,`starttime` DESC LIMIT 5 [ RunTime:0.000411s ]
[2024-11-20T09:20:33+08:00][sql] SELECT `uid`,`thumb`,`stream`,`title`,`city`,`islive`,`type` FROM `cmf_live` WHERE  ( islive='1' and ishot='1' and live_type=0 ) ORDER BY `isrecommend` DESC,`recommend_time` DESC,`hotvotes` DESC,`starttime` DESC LIMIT 5 [ RunTime:0.000328s ]
[2024-11-20T09:20:33+08:00][sql] SELECT `uid`,`thumb`,`stream`,`title`,`city`,`islive`,`type` FROM `cmf_live` WHERE  ( islive='1' and live_type=0 ) ORDER BY `starttime` DESC LIMIT 5 [ RunTime:0.000266s ]
[2024-11-20T09:20:33+08:00][sql] SHOW FULL COLUMNS FROM `cmf_theme_file` [ RunTime:0.000508s ]
[2024-11-20T09:20:33+08:00][sql] SELECT `more` FROM `cmf_theme_file` WHERE  `theme` = 'default'  AND (  `is_public` = 1 OR `file` = '../home/index/index' ) [ RunTime:0.000280s ]
[2024-11-20T09:20:34+08:00][sql] CONNECT:[ UseTime:0.000308s ] mysql:host=43.241.16.146;port=3306;dbname=zhibo;charset=utf8mb4
[2024-11-20T09:20:34+08:00][sql] SHOW FULL COLUMNS FROM `cmf_hook` [ RunTime:0.000513s ]
[2024-11-20T09:20:34+08:00][sql] SELECT `hook`,`id` FROM `cmf_hook` WHERE  (  (  `app` = '' OR `app` = 'cmf' )  AND `type` = 3 ) OR `type` = 1 [ RunTime:0.000348s ]
[2024-11-20T09:20:34+08:00][sql] SHOW FULL COLUMNS FROM `cmf_hook_plugin` [ RunTime:0.000460s ]
[2024-11-20T09:20:34+08:00][sql] SELECT `hook`,`plugin` FROM `cmf_hook_plugin` WHERE  `status` = 1  AND `hook` IN ('app_begin','module_init','action_begin','view_filter','app_end','log_write','response_end','admin_init','home_init','send_mobile_verification_code','body_start','before_head_end','footer_start','before_footer','before_footer_end','before_body_end','left_sidebar_start','before_left_sidebar_end','right_sidebar_start','before_right_sidebar_end','comment','guestbook','switch_theme','after_content','before_content','log_write_done','switch_admin_theme','captcha_image') ORDER BY `list_order` ASC [ RunTime:0.000415s ]
[2024-11-20T09:20:34+08:00][sql] SHOW FULL COLUMNS FROM `cmf_plugin` [ RunTime:0.000610s ]
[2024-11-20T09:20:34+08:00][sql] SELECT `config` FROM `cmf_plugin` WHERE  `name` = 'Qiniu' LIMIT 1 [ RunTime:0.000258s ]
[2024-11-20T09:20:46+08:00][sql] CONNECT:[ UseTime:0.000303s ] mysql:host=43.241.16.146;port=3306;dbname=zhibo;charset=utf8mb4
[2024-11-20T09:20:46+08:00][sql] SHOW FULL COLUMNS FROM `cmf_hook` [ RunTime:0.000521s ]
[2024-11-20T09:20:46+08:00][sql] SELECT `hook`,`id` FROM `cmf_hook` WHERE  (  (  `app` = '' OR `app` = 'cmf' )  AND `type` = 3 ) OR `type` = 1 [ RunTime:0.000343s ]
[2024-11-20T09:20:46+08:00][sql] SHOW FULL COLUMNS FROM `cmf_hook_plugin` [ RunTime:0.000432s ]
[2024-11-20T09:20:46+08:00][sql] SELECT `hook`,`plugin` FROM `cmf_hook_plugin` WHERE  `status` = 1  AND `hook` IN ('app_begin','module_init','action_begin','view_filter','app_end','log_write','response_end','admin_init','home_init','send_mobile_verification_code','body_start','before_head_end','footer_start','before_footer','before_footer_end','before_body_end','left_sidebar_start','before_left_sidebar_end','right_sidebar_start','before_right_sidebar_end','comment','guestbook','switch_theme','after_content','before_content','log_write_done','switch_admin_theme','captcha_image') ORDER BY `list_order` ASC [ RunTime:0.000408s ]
[2024-11-20T09:20:46+08:00][sql] SHOW FULL COLUMNS FROM `cmf_plugin` [ RunTime:0.000592s ]
[2024-11-20T09:20:46+08:00][sql] SELECT `config` FROM `cmf_plugin` WHERE  `name` = 'Qiniu' LIMIT 1 [ RunTime:0.000252s ]
[2024-11-20T09:20:46+08:00][sql] SHOW FULL COLUMNS FROM `cmf_live` [ RunTime:0.000586s ]
[2024-11-20T09:20:46+08:00][sql] SELECT * FROM `cmf_live` WHERE  ( islive='1' and isrecommend='1' and type='0' and live_type=0 ) [ RunTime:0.000400s ]
[2024-11-20T09:20:46+08:00][sql] SHOW FULL COLUMNS FROM `cmf_slide_item` [ RunTime:0.000467s ]
[2024-11-20T09:20:46+08:00][sql] SELECT * FROM `cmf_slide_item` WHERE  ( status='1' and slide_id='1' ) ORDER BY `list_order` ASC [ RunTime:0.000307s ]
[2024-11-20T09:20:46+08:00][sql] SHOW FULL COLUMNS FROM `cmf_live_class` [ RunTime:0.000432s ]
[2024-11-20T09:20:46+08:00][sql] SELECT * FROM `cmf_live_class` ORDER BY `list_order` LIMIT 5 [ RunTime:0.000262s ]
[2024-11-20T09:20:46+08:00][sql] SELECT * FROM `cmf_live` WHERE  `islive` = 1  AND `live_type` = 0  AND `liveclassid` = 8 ORDER BY `recommend_time` DESC,`starttime` DESC LIMIT 5 [ RunTime:0.000408s ]
[2024-11-20T09:20:46+08:00][sql] SELECT `uid`,`thumb`,`stream`,`title`,`city`,`islive`,`type` FROM `cmf_live` WHERE  ( islive='1' and ishot='1' and live_type=0 ) ORDER BY `isrecommend` DESC,`recommend_time` DESC,`hotvotes` DESC,`starttime` DESC LIMIT 5 [ RunTime:0.000318s ]
[2024-11-20T09:20:46+08:00][sql] SELECT `uid`,`thumb`,`stream`,`title`,`city`,`islive`,`type` FROM `cmf_live` WHERE  ( islive='1' and live_type=0 ) ORDER BY `starttime` DESC LIMIT 5 [ RunTime:0.000260s ]
[2024-11-20T09:20:46+08:00][sql] SHOW FULL COLUMNS FROM `cmf_theme_file` [ RunTime:0.000486s ]
[2024-11-20T09:20:46+08:00][sql] SELECT `more` FROM `cmf_theme_file` WHERE  `theme` = 'default'  AND (  `is_public` = 1 OR `file` = '../home/index/index' ) [ RunTime:0.000283s ]
[2024-11-20T09:21:53+08:00][sql] CONNECT:[ UseTime:0.000402s ] mysql:host=43.241.16.146;port=3306;dbname=zhibo;charset=utf8mb4
[2024-11-20T09:21:53+08:00][sql] SHOW FULL COLUMNS FROM `cmf_hook` [ RunTime:0.000637s ]
[2024-11-20T09:21:53+08:00][sql] SELECT `hook`,`id` FROM `cmf_hook` WHERE  (  (  `app` = '' OR `app` = 'cmf' )  AND `type` = 3 ) OR `type` = 1 [ RunTime:0.000397s ]
[2024-11-20T09:21:53+08:00][sql] SHOW FULL COLUMNS FROM `cmf_hook_plugin` [ RunTime:0.000440s ]
[2024-11-20T09:21:53+08:00][sql] SELECT `hook`,`plugin` FROM `cmf_hook_plugin` WHERE  `status` = 1  AND `hook` IN ('app_begin','module_init','action_begin','view_filter','app_end','log_write','response_end','admin_init','home_init','send_mobile_verification_code','body_start','before_head_end','footer_start','before_footer','before_footer_end','before_body_end','left_sidebar_start','before_left_sidebar_end','right_sidebar_start','before_right_sidebar_end','comment','guestbook','switch_theme','after_content','before_content','log_write_done','switch_admin_theme','captcha_image') ORDER BY `list_order` ASC [ RunTime:0.000409s ]
[2024-11-20T09:21:53+08:00][sql] SHOW FULL COLUMNS FROM `cmf_plugin` [ RunTime:0.000598s ]
[2024-11-20T09:21:53+08:00][sql] SELECT `config` FROM `cmf_plugin` WHERE  `name` = 'Qiniu' LIMIT 1 [ RunTime:0.000263s ]
[2024-11-20T09:21:53+08:00][sql] SHOW FULL COLUMNS FROM `cmf_live` [ RunTime:0.000598s ]
[2024-11-20T09:21:53+08:00][sql] SELECT * FROM `cmf_live` WHERE  ( islive='1' and isrecommend='1' and type='0' and live_type=0 ) [ RunTime:0.000400s ]
[2024-11-20T09:21:53+08:00][sql] SHOW FULL COLUMNS FROM `cmf_slide_item` [ RunTime:0.000474s ]
[2024-11-20T09:21:53+08:00][sql] SELECT * FROM `cmf_slide_item` WHERE  ( status='1' and slide_id='1' ) ORDER BY `list_order` ASC [ RunTime:0.000307s ]
[2024-11-20T09:21:53+08:00][sql] SHOW FULL COLUMNS FROM `cmf_live_class` [ RunTime:0.000437s ]
[2024-11-20T09:21:53+08:00][sql] SELECT * FROM `cmf_live_class` ORDER BY `list_order` LIMIT 5 [ RunTime:0.000256s ]
[2024-11-20T09:21:53+08:00][sql] SELECT * FROM `cmf_live` WHERE  `islive` = 1  AND `live_type` = 0  AND `liveclassid` = 8 ORDER BY `recommend_time` DESC,`starttime` DESC LIMIT 5 [ RunTime:0.000415s ]
[2024-11-20T09:21:53+08:00][sql] SELECT `uid`,`thumb`,`stream`,`title`,`city`,`islive`,`type` FROM `cmf_live` WHERE  ( islive='1' and ishot='1' and live_type=0 ) ORDER BY `isrecommend` DESC,`recommend_time` DESC,`hotvotes` DESC,`starttime` DESC LIMIT 5 [ RunTime:0.000305s ]
[2024-11-20T09:21:53+08:00][sql] SELECT `uid`,`thumb`,`stream`,`title`,`city`,`islive`,`type` FROM `cmf_live` WHERE  ( islive='1' and live_type=0 ) ORDER BY `starttime` DESC LIMIT 5 [ RunTime:0.000262s ]
[2024-11-20T09:21:53+08:00][sql] SHOW FULL COLUMNS FROM `cmf_theme_file` [ RunTime:0.000478s ]
[2024-11-20T09:21:53+08:00][sql] SELECT `more` FROM `cmf_theme_file` WHERE  `theme` = 'default'  AND (  `is_public` = 1 OR `file` = '../home/index/index' ) [ RunTime:0.000280s ]
[2024-11-20T09:21:54+08:00][sql] CONNECT:[ UseTime:0.000322s ] mysql:host=43.241.16.146;port=3306;dbname=zhibo;charset=utf8mb4
[2024-11-20T09:21:54+08:00][sql] SHOW FULL COLUMNS FROM `cmf_hook` [ RunTime:0.000477s ]
[2024-11-20T09:21:54+08:00][sql] SELECT `hook`,`id` FROM `cmf_hook` WHERE  (  (  `app` = '' OR `app` = 'cmf' )  AND `type` = 3 ) OR `type` = 1 [ RunTime:0.000347s ]
[2024-11-20T09:21:54+08:00][sql] SHOW FULL COLUMNS FROM `cmf_hook_plugin` [ RunTime:0.000429s ]
[2024-11-20T09:21:54+08:00][sql] SELECT `hook`,`plugin` FROM `cmf_hook_plugin` WHERE  `status` = 1  AND `hook` IN ('app_begin','module_init','action_begin','view_filter','app_end','log_write','response_end','admin_init','home_init','send_mobile_verification_code','body_start','before_head_end','footer_start','before_footer','before_footer_end','before_body_end','left_sidebar_start','before_left_sidebar_end','right_sidebar_start','before_right_sidebar_end','comment','guestbook','switch_theme','after_content','before_content','log_write_done','switch_admin_theme','captcha_image') ORDER BY `list_order` ASC [ RunTime:0.000403s ]
[2024-11-20T09:21:54+08:00][sql] CONNECT:[ UseTime:0.000295s ] mysql:host=43.241.16.146;port=3306;dbname=zhibo;charset=utf8mb4
[2024-11-20T09:21:54+08:00][sql] SHOW FULL COLUMNS FROM `cmf_hook` [ RunTime:0.000456s ]
[2024-11-20T09:21:54+08:00][sql] SELECT `hook`,`id` FROM `cmf_hook` WHERE  (  (  `app` = '' OR `app` = 'cmf' )  AND `type` = 3 ) OR `type` = 1 [ RunTime:0.000333s ]
[2024-11-20T09:21:54+08:00][sql] SHOW FULL COLUMNS FROM `cmf_hook_plugin` [ RunTime:0.000430s ]
[2024-11-20T09:21:54+08:00][sql] SELECT `hook`,`plugin` FROM `cmf_hook_plugin` WHERE  `status` = 1  AND `hook` IN ('app_begin','module_init','action_begin','view_filter','app_end','log_write','response_end','admin_init','home_init','send_mobile_verification_code','body_start','before_head_end','footer_start','before_footer','before_footer_end','before_body_end','left_sidebar_start','before_left_sidebar_end','right_sidebar_start','before_right_sidebar_end','comment','guestbook','switch_theme','after_content','before_content','log_write_done','switch_admin_theme','captcha_image') ORDER BY `list_order` ASC [ RunTime:0.000408s ]
[2024-11-20T09:21:54+08:00][sql] CONNECT:[ UseTime:0.000274s ] mysql:host=43.241.16.146;port=3306;dbname=zhibo;charset=utf8mb4
[2024-11-20T09:21:54+08:00][sql] SHOW FULL COLUMNS FROM `cmf_hook` [ RunTime:0.000486s ]
[2024-11-20T09:21:54+08:00][sql] SELECT `hook`,`id` FROM `cmf_hook` WHERE  (  (  `app` = '' OR `app` = 'cmf' )  AND `type` = 3 ) OR `type` = 1 [ RunTime:0.000340s ]
[2024-11-20T09:21:54+08:00][sql] SHOW FULL COLUMNS FROM `cmf_hook_plugin` [ RunTime:0.000427s ]
[2024-11-20T09:21:54+08:00][sql] SELECT `hook`,`plugin` FROM `cmf_hook_plugin` WHERE  `status` = 1  AND `hook` IN ('app_begin','module_init','action_begin','view_filter','app_end','log_write','response_end','admin_init','home_init','send_mobile_verification_code','body_start','before_head_end','footer_start','before_footer','before_footer_end','before_body_end','left_sidebar_start','before_left_sidebar_end','right_sidebar_start','before_right_sidebar_end','comment','guestbook','switch_theme','after_content','before_content','log_write_done','switch_admin_theme','captcha_image') ORDER BY `list_order` ASC [ RunTime:0.000389s ]
[2024-11-20T09:21:54+08:00][sql] SHOW FULL COLUMNS FROM `cmf_plugin` [ RunTime:0.000596s ]
[2024-11-20T09:21:54+08:00][sql] SELECT `config` FROM `cmf_plugin` WHERE  `name` = 'Qiniu' LIMIT 1 [ RunTime:0.000250s ]
[2024-11-20T09:21:55+08:00][sql] CONNECT:[ UseTime:0.000298s ] mysql:host=43.241.16.146;port=3306;dbname=zhibo;charset=utf8mb4
[2024-11-20T09:21:55+08:00][sql] SHOW FULL COLUMNS FROM `cmf_hook` [ RunTime:0.000467s ]
[2024-11-20T09:21:55+08:00][sql] SELECT `hook`,`id` FROM `cmf_hook` WHERE  (  (  `app` = '' OR `app` = 'cmf' )  AND `type` = 3 ) OR `type` = 1 [ RunTime:0.000332s ]
[2024-11-20T09:21:55+08:00][sql] SHOW FULL COLUMNS FROM `cmf_hook_plugin` [ RunTime:0.000427s ]
[2024-11-20T09:21:55+08:00][sql] SELECT `hook`,`plugin` FROM `cmf_hook_plugin` WHERE  `status` = 1  AND `hook` IN ('app_begin','module_init','action_begin','view_filter','app_end','log_write','response_end','admin_init','home_init','send_mobile_verification_code','body_start','before_head_end','footer_start','before_footer','before_footer_end','before_body_end','left_sidebar_start','before_left_sidebar_end','right_sidebar_start','before_right_sidebar_end','comment','guestbook','switch_theme','after_content','before_content','log_write_done','switch_admin_theme','captcha_image') ORDER BY `list_order` ASC [ RunTime:0.000406s ]
[2024-11-20T09:22:16+08:00][sql] CONNECT:[ UseTime:0.000365s ] mysql:host=43.241.16.146;port=3306;dbname=zhibo;charset=utf8mb4
[2024-11-20T09:22:16+08:00][sql] SHOW FULL COLUMNS FROM `cmf_hook` [ RunTime:0.000492s ]
[2024-11-20T09:22:16+08:00][sql] SELECT `hook`,`id` FROM `cmf_hook` WHERE  (  (  `app` = '' OR `app` = 'cmf' )  AND `type` = 3 ) OR `type` = 1 [ RunTime:0.000340s ]
[2024-11-20T09:22:16+08:00][sql] SHOW FULL COLUMNS FROM `cmf_hook_plugin` [ RunTime:0.000447s ]
[2024-11-20T09:22:16+08:00][sql] SELECT `hook`,`plugin` FROM `cmf_hook_plugin` WHERE  `status` = 1  AND `hook` IN ('app_begin','module_init','action_begin','view_filter','app_end','log_write','response_end','admin_init','home_init','send_mobile_verification_code','body_start','before_head_end','footer_start','before_footer','before_footer_end','before_body_end','left_sidebar_start','before_left_sidebar_end','right_sidebar_start','before_right_sidebar_end','comment','guestbook','switch_theme','after_content','before_content','log_write_done','switch_admin_theme','captcha_image') ORDER BY `list_order` ASC [ RunTime:0.000426s ]
[2024-11-20T09:22:16+08:00][sql] CONNECT:[ UseTime:0.000311s ] mysql:host=43.241.16.146;port=3306;dbname=zhibo;charset=utf8mb4
[2024-11-20T09:22:16+08:00][sql] SHOW FULL COLUMNS FROM `cmf_hook` [ RunTime:0.000466s ]
[2024-11-20T09:22:16+08:00][sql] SELECT `hook`,`id` FROM `cmf_hook` WHERE  (  (  `app` = '' OR `app` = 'cmf' )  AND `type` = 3 ) OR `type` = 1 [ RunTime:0.000332s ]
[2024-11-20T09:22:16+08:00][sql] SHOW FULL COLUMNS FROM `cmf_hook_plugin` [ RunTime:0.000430s ]
[2024-11-20T09:22:16+08:00][sql] SELECT `hook`,`plugin` FROM `cmf_hook_plugin` WHERE  `status` = 1  AND `hook` IN ('app_begin','module_init','action_begin','view_filter','app_end','log_write','response_end','admin_init','home_init','send_mobile_verification_code','body_start','before_head_end','footer_start','before_footer','before_footer_end','before_body_end','left_sidebar_start','before_left_sidebar_end','right_sidebar_start','before_right_sidebar_end','comment','guestbook','switch_theme','after_content','before_content','log_write_done','switch_admin_theme','captcha_image') ORDER BY `list_order` ASC [ RunTime:0.000390s ]
[2024-11-20T09:22:23+08:00][sql] CONNECT:[ UseTime:0.000308s ] mysql:host=43.241.16.146;port=3306;dbname=zhibo;charset=utf8mb4
[2024-11-20T09:22:23+08:00][sql] SHOW FULL COLUMNS FROM `cmf_hook` [ RunTime:0.000477s ]
[2024-11-20T09:22:23+08:00][sql] SELECT `hook`,`id` FROM `cmf_hook` WHERE  (  (  `app` = '' OR `app` = 'cmf' )  AND `type` = 3 ) OR `type` = 1 [ RunTime:0.000339s ]
[2024-11-20T09:22:23+08:00][sql] SHOW FULL COLUMNS FROM `cmf_hook_plugin` [ RunTime:0.000432s ]
[2024-11-20T09:22:23+08:00][sql] SELECT `hook`,`plugin` FROM `cmf_hook_plugin` WHERE  `status` = 1  AND `hook` IN ('app_begin','module_init','action_begin','view_filter','app_end','log_write','response_end','admin_init','home_init','send_mobile_verification_code','body_start','before_head_end','footer_start','before_footer','before_footer_end','before_body_end','left_sidebar_start','before_left_sidebar_end','right_sidebar_start','before_right_sidebar_end','comment','guestbook','switch_theme','after_content','before_content','log_write_done','switch_admin_theme','captcha_image') ORDER BY `list_order` ASC [ RunTime:0.000409s ]
[2024-11-20T09:22:23+08:00][sql] SHOW FULL COLUMNS FROM `cmf_user` [ RunTime:0.000670s ]
[2024-11-20T09:22:23+08:00][sql] SELECT * FROM `cmf_user` WHERE  `user_login` = 'admin' LIMIT 1 [ RunTime:0.000481s ]
[2024-11-20T09:22:23+08:00][sql] SHOW FULL COLUMNS FROM `cmf_role_user` [ RunTime:0.001181s ]
[2024-11-20T09:22:23+08:00][sql] SELECT `role_id` FROM `cmf_role_user` `a` INNER JOIN `cmf_role` `b` ON `a`.`role_id`=`b`.`id` WHERE  `user_id` = 1  AND `status` = '1' LIMIT 1 [ RunTime:0.007153s ]
[2024-11-20T09:22:23+08:00][sql] SHOW FULL COLUMNS FROM `cmf_user_token` [ RunTime:0.000481s ]
[2024-11-20T09:22:23+08:00][sql] SELECT * FROM `cmf_user_token` WHERE  `user_id` = 1  AND `device_type` = 'web' LIMIT 1 [ RunTime:0.000276s ]
[2024-11-20T09:22:23+08:00][sql] UPDATE `cmf_user`  SET `last_login_ip` = '223.88.94.247' , `last_login_time` = 1732065743  WHERE  `id` = 1 [ RunTime:0.014952s ]
[2024-11-20T09:22:25+08:00][sql] CONNECT:[ UseTime:0.000322s ] mysql:host=43.241.16.146;port=3306;dbname=zhibo;charset=utf8mb4
[2024-11-20T09:22:25+08:00][sql] SHOW FULL COLUMNS FROM `cmf_hook` [ RunTime:0.000475s ]
[2024-11-20T09:22:25+08:00][sql] SELECT `hook`,`id` FROM `cmf_hook` WHERE  (  (  `app` = '' OR `app` = 'cmf' )  AND `type` = 3 ) OR `type` = 1 [ RunTime:0.000336s ]
[2024-11-20T09:22:25+08:00][sql] SHOW FULL COLUMNS FROM `cmf_hook_plugin` [ RunTime:0.000441s ]
[2024-11-20T09:22:25+08:00][sql] SELECT `hook`,`plugin` FROM `cmf_hook_plugin` WHERE  `status` = 1  AND `hook` IN ('app_begin','module_init','action_begin','view_filter','app_end','log_write','response_end','admin_init','home_init','send_mobile_verification_code','body_start','before_head_end','footer_start','before_footer','before_footer_end','before_body_end','left_sidebar_start','before_left_sidebar_end','right_sidebar_start','before_right_sidebar_end','comment','guestbook','switch_theme','after_content','before_content','log_write_done','switch_admin_theme','captcha_image') ORDER BY `list_order` ASC [ RunTime:0.000396s ]
[2024-11-20T09:22:25+08:00][sql] SHOW FULL COLUMNS FROM `cmf_user` [ RunTime:0.000677s ]
[2024-11-20T09:22:25+08:00][sql] SELECT * FROM `cmf_user` WHERE  `id` = 1 LIMIT 1 [ RunTime:0.000428s ]
[2024-11-20T09:22:25+08:00][sql] SHOW FULL COLUMNS FROM `cmf_admin_menu` [ RunTime:0.001223s ]
[2024-11-20T09:22:25+08:00][sql] SELECT * FROM `cmf_admin_menu` ORDER BY `app` ASC,`controller` ASC,`action` ASC [ RunTime:0.002422s ]
[2024-11-20T09:22:36+08:00][sql] CONNECT:[ UseTime:0.000319s ] mysql:host=43.241.16.146;port=3306;dbname=zhibo;charset=utf8mb4
[2024-11-20T09:22:36+08:00][sql] SHOW FULL COLUMNS FROM `cmf_hook` [ RunTime:0.000493s ]
[2024-11-20T09:22:36+08:00][sql] SELECT `hook`,`id` FROM `cmf_hook` WHERE  (  (  `app` = '' OR `app` = 'cmf' )  AND `type` = 3 ) OR `type` = 1 [ RunTime:0.000344s ]
[2024-11-20T09:22:36+08:00][sql] SHOW FULL COLUMNS FROM `cmf_hook_plugin` [ RunTime:0.000428s ]
[2024-11-20T09:22:36+08:00][sql] SELECT `hook`,`plugin` FROM `cmf_hook_plugin` WHERE  `status` = 1  AND `hook` IN ('app_begin','module_init','action_begin','view_filter','app_end','log_write','response_end','admin_init','home_init','send_mobile_verification_code','body_start','before_head_end','footer_start','before_footer','before_footer_end','before_body_end','left_sidebar_start','before_left_sidebar_end','right_sidebar_start','before_right_sidebar_end','comment','guestbook','switch_theme','after_content','before_content','log_write_done','switch_admin_theme','captcha_image') ORDER BY `list_order` ASC [ RunTime:0.000407s ]
[2024-11-20T09:22:36+08:00][sql] SHOW FULL COLUMNS FROM `cmf_plugin` [ RunTime:0.000504s ]
[2024-11-20T09:22:36+08:00][sql] SELECT `config` FROM `cmf_plugin` WHERE  `name` = 'Qiniu' LIMIT 1 [ RunTime:0.000245s ]
[2024-11-20T09:22:36+08:00][sql] SHOW FULL COLUMNS FROM `cmf_live` [ RunTime:0.000580s ]
[2024-11-20T09:22:36+08:00][sql] SELECT * FROM `cmf_live` WHERE  ( islive='1' and isrecommend='1' and type='0' and live_type=0 ) [ RunTime:0.000400s ]
[2024-11-20T09:22:36+08:00][sql] SHOW FULL COLUMNS FROM `cmf_slide_item` [ RunTime:0.000474s ]
[2024-11-20T09:22:36+08:00][sql] SELECT * FROM `cmf_slide_item` WHERE  ( status='1' and slide_id='1' ) ORDER BY `list_order` ASC [ RunTime:0.000296s ]
[2024-11-20T09:22:36+08:00][sql] SHOW FULL COLUMNS FROM `cmf_live_class` [ RunTime:0.000473s ]
[2024-11-20T09:22:36+08:00][sql] SELECT * FROM `cmf_live_class` ORDER BY `list_order` LIMIT 5 [ RunTime:0.000282s ]
[2024-11-20T09:22:36+08:00][sql] SELECT * FROM `cmf_live` WHERE  `islive` = 1  AND `live_type` = 0  AND `liveclassid` = 8 ORDER BY `recommend_time` DESC,`starttime` DESC LIMIT 5 [ RunTime:0.000407s ]
[2024-11-20T09:22:36+08:00][sql] SELECT `uid`,`thumb`,`stream`,`title`,`city`,`islive`,`type` FROM `cmf_live` WHERE  ( islive='1' and ishot='1' and live_type=0 ) ORDER BY `isrecommend` DESC,`recommend_time` DESC,`hotvotes` DESC,`starttime` DESC LIMIT 5 [ RunTime:0.000315s ]
[2024-11-20T09:22:36+08:00][sql] SELECT `uid`,`thumb`,`stream`,`title`,`city`,`islive`,`type` FROM `cmf_live` WHERE  ( islive='1' and live_type=0 ) ORDER BY `starttime` DESC LIMIT 5 [ RunTime:0.000259s ]
[2024-11-20T09:22:36+08:00][sql] SHOW FULL COLUMNS FROM `cmf_theme_file` [ RunTime:0.000523s ]
[2024-11-20T09:22:36+08:00][sql] SELECT `more` FROM `cmf_theme_file` WHERE  `theme` = 'default'  AND (  `is_public` = 1 OR `file` = '../home/index/index' ) [ RunTime:0.000281s ]
[2024-11-20T09:22:56+08:00][sql] CONNECT:[ UseTime:0.000317s ] mysql:host=43.241.16.146;port=3306;dbname=zhibo;charset=utf8mb4
[2024-11-20T09:22:56+08:00][sql] SHOW FULL COLUMNS FROM `cmf_hook` [ RunTime:0.000500s ]
[2024-11-20T09:22:56+08:00][sql] SELECT `hook`,`id` FROM `cmf_hook` WHERE  (  (  `app` = '' OR `app` = 'cmf' )  AND `type` = 3 ) OR `type` = 1 [ RunTime:0.000345s ]
[2024-11-20T09:22:56+08:00][sql] SHOW FULL COLUMNS FROM `cmf_hook_plugin` [ RunTime:0.000434s ]
[2024-11-20T09:22:56+08:00][sql] SELECT `hook`,`plugin` FROM `cmf_hook_plugin` WHERE  `status` = 1  AND `hook` IN ('app_begin','module_init','action_begin','view_filter','app_end','log_write','response_end','admin_init','home_init','send_mobile_verification_code','body_start','before_head_end','footer_start','before_footer','before_footer_end','before_body_end','left_sidebar_start','before_left_sidebar_end','right_sidebar_start','before_right_sidebar_end','comment','guestbook','switch_theme','after_content','before_content','log_write_done','switch_admin_theme','captcha_image') ORDER BY `list_order` ASC [ RunTime:0.000412s ]
[2024-11-20T09:22:56+08:00][sql] SHOW FULL COLUMNS FROM `cmf_user` [ RunTime:0.000667s ]
[2024-11-20T09:22:56+08:00][sql] SELECT * FROM `cmf_user` WHERE  `id` = 1 LIMIT 1 [ RunTime:0.000421s ]
[2024-11-20T09:22:56+08:00][sql] SELECT COUNT(*) AS think_count FROM `cmf_user` WHERE  ( user_type=2 ) LIMIT 1 [ RunTime:0.000277s ]
[2024-11-20T09:22:56+08:00][sql] SELECT count(id) as nums,source FROM `cmf_user` WHERE  ( user_type=2 ) GROUP BY `source` [ RunTime:0.000466s ]
[2024-11-20T09:22:56+08:00][sql] SELECT count(id) as nums,login_type FROM `cmf_user` WHERE  ( user_type=2 ) GROUP BY `login_type` ORDER BY `nums` DESC [ RunTime:0.000310s ]
[2024-11-20T09:22:56+08:00][sql] SELECT COUNT(*) AS think_count FROM `cmf_user` WHERE  ( user_type=2 ) LIMIT 1 [ RunTime:0.000364s ]
[2024-11-20T09:22:56+08:00][sql] SHOW FULL COLUMNS FROM `cmf_live` [ RunTime:0.000642s ]
[2024-11-20T09:22:56+08:00][sql] SELECT COUNT(*) AS think_count FROM `cmf_live` WHERE  ( islive=1 ) LIMIT 1 [ RunTime:0.000257s ]
[2024-11-20T09:22:56+08:00][sql] select sum(endtime - starttime) as times from cmf_live_record [ RunTime:0.000210s ]
[2024-11-20T09:22:56+08:00][sql] SHOW FULL COLUMNS FROM `cmf_live_record` [ RunTime:0.000517s ]
[2024-11-20T09:22:56+08:00][sql] SELECT COUNT(*) AS think_count FROM ( SELECT count(*) AS think_count FROM `cmf_live_record` WHERE  ( starttime >= 1732032000 and starttime<1732118400 ) GROUP BY `uid` ) `_group_count_` LIMIT 1 [ RunTime:0.000309s ]
[2024-11-20T09:22:56+08:00][sql] SELECT COUNT(*) AS think_count FROM `cmf_live_record` WHERE  ( starttime >= 1732032000 and starttime<1732118400 ) LIMIT 1 [ RunTime:0.000214s ]
[2024-11-20T09:22:56+08:00][sql] select sum(endtime - starttime) as times from cmf_live_record where starttime >= 1732032000 and starttime<1732118400 [ RunTime:0.000217s ]
[2024-11-20T09:22:56+08:00][sql] SELECT `id`,`user_nickname`,`avatar`,`avatar_thumb`,`votestotal` FROM `cmf_user` WHERE  ( user_type=2 ) ORDER BY `votestotal` DESC LIMIT 0,3 [ RunTime:0.000265s ]
[2024-11-20T09:22:56+08:00][sql] SELECT `id`,`user_nickname`,`avatar`,`avatar_thumb`,`consumption` FROM `cmf_user` WHERE  ( user_type=2 ) ORDER BY `consumption` DESC LIMIT 0,3 [ RunTime:0.000261s ]
[2024-11-20T09:22:56+08:00][sql] SHOW FULL COLUMNS FROM `cmf_charge_user` [ RunTime:0.015573s ]
[2024-11-20T09:22:56+08:00][sql] SELECT SUM(`money`) AS think_sum FROM `cmf_charge_user` WHERE  ( status=1 ) LIMIT 1 [ RunTime:0.000242s ]
[2024-11-20T09:22:56+08:00][sql] SELECT SUM(`money`) AS think_sum FROM `cmf_charge_user` WHERE  ( status=1 and addtime>=1732032000 and addtime<1732118400 ) LIMIT 1 [ RunTime:0.000230s ]
[2024-11-20T09:22:56+08:00][sql] SELECT SUM(`money`) AS think_sum FROM `cmf_charge_user` WHERE  ( status=1 and type=1 and addtime>=1732032000 and addtime<1732118400 ) LIMIT 1 [ RunTime:0.000213s ]
[2024-11-20T09:22:56+08:00][sql] SELECT SUM(`money`) AS think_sum FROM `cmf_charge_user` WHERE  ( status=1 and type=2 and addtime>=1732032000 and addtime<1732118400 ) LIMIT 1 [ RunTime:0.000221s ]
[2024-11-20T09:22:56+08:00][sql] SELECT SUM(`money`) AS think_sum FROM `cmf_charge_user` WHERE  ( status=1 and type=3 and addtime>=1732032000 and addtime<1732118400 ) LIMIT 1 [ RunTime:0.000210s ]
[2024-11-20T09:22:56+08:00][sql] SHOW FULL COLUMNS FROM `cmf_cash_record` [ RunTime:0.000929s ]
[2024-11-20T09:22:56+08:00][sql] SELECT SUM(`money`) AS think_sum FROM `cmf_cash_record` WHERE  ( status=0 and addtime>=1732032000 and addtime<1732118400 ) LIMIT 1 [ RunTime:0.000255s ]
[2024-11-20T09:22:56+08:00][sql] SELECT SUM(`money`) AS think_sum FROM `cmf_cash_record` WHERE  ( status=1 and addtime>=1732032000 and addtime<1732118400 ) LIMIT 1 [ RunTime:0.000215s ]
[2024-11-20T09:22:56+08:00][sql] SELECT COUNT(*) AS think_count FROM ( SELECT count(*) AS think_count FROM `cmf_cash_record` WHERE  ( addtime>=1732032000 and addtime<1732118400 ) GROUP BY `uid` ) `_group_count_` LIMIT 1 [ RunTime:0.000270s ]
[2024-11-20T09:22:56+08:00][sql] SELECT SUM(`money`) AS think_sum FROM `cmf_cash_record` WHERE  ( status=1 ) LIMIT 1 [ RunTime:0.000204s ]
[2024-11-20T09:22:56+08:00][sql] SHOW FULL COLUMNS FROM `cmf_shop_apply` [ RunTime:0.000576s ]
[2024-11-20T09:22:56+08:00][sql] SELECT COUNT(*) AS think_count FROM `cmf_shop_apply` WHERE  ( status=0 ) LIMIT 1 [ RunTime:0.000239s ]
[2024-11-20T09:22:56+08:00][sql] SHOW FULL COLUMNS FROM `cmf_shop_goods` [ RunTime:0.000600s ]
[2024-11-20T09:22:56+08:00][sql] SELECT COUNT(*) AS think_count FROM `cmf_shop_goods` WHERE  ( status=0 ) LIMIT 1 [ RunTime:0.000269s ]
[2024-11-20T09:22:56+08:00][sql] SHOW FULL COLUMNS FROM `cmf_shop_order_refund` [ RunTime:0.001271s ]
[2024-11-20T09:22:56+08:00][sql] SELECT COUNT(*) AS think_count FROM `cmf_shop_order_refund` WHERE  ( is_platform_interpose=1 and platform_result=0 ) LIMIT 1 [ RunTime:0.000256s ]
[2024-11-20T09:22:56+08:00][sql] SHOW FULL COLUMNS FROM `cmf_paidprogram` [ RunTime:0.001082s ]
[2024-11-20T09:22:56+08:00][sql] SELECT COUNT(*) AS think_count FROM `cmf_paidprogram` WHERE  ( status=0 ) LIMIT 1 [ RunTime:0.000234s ]
[2024-11-20T09:22:56+08:00][sql] SHOW FULL COLUMNS FROM `cmf_paidprogram_apply` [ RunTime:0.000436s ]
[2024-11-20T09:22:56+08:00][sql] SELECT COUNT(*) AS think_count FROM `cmf_paidprogram_apply` WHERE  ( status=0 ) LIMIT 1 [ RunTime:0.000221s ]
[2024-11-20T09:22:56+08:00][sql] SHOW FULL COLUMNS FROM `cmf_report` [ RunTime:0.000941s ]
[2024-11-20T09:22:56+08:00][sql] SELECT COUNT(*) AS think_count FROM `cmf_report` WHERE  ( status=0 ) LIMIT 1 [ RunTime:0.000237s ]
[2024-11-20T09:22:56+08:00][sql] SHOW FULL COLUMNS FROM `cmf_dynamic` [ RunTime:0.000532s ]
[2024-11-20T09:22:56+08:00][sql] SELECT COUNT(*) AS think_count FROM `cmf_dynamic` WHERE  ( isdel=0 and status=0 ) LIMIT 1 [ RunTime:0.000240s ]
[2024-11-20T09:22:56+08:00][sql] SHOW FULL COLUMNS FROM `cmf_dynamic_report` [ RunTime:0.000990s ]
[2024-11-20T09:22:56+08:00][sql] SELECT COUNT(*) AS think_count FROM `cmf_dynamic_report` WHERE  ( status=0 ) LIMIT 1 [ RunTime:0.000231s ]
[2024-11-20T09:22:56+08:00][sql] SHOW FULL COLUMNS FROM `cmf_video` [ RunTime:0.000595s ]
[2024-11-20T09:22:56+08:00][sql] SELECT COUNT(*) AS think_count FROM `cmf_video` WHERE  ( isdel=0 and status=0 ) LIMIT 1 [ RunTime:0.000253s ]
[2024-11-20T09:22:56+08:00][sql] SHOW FULL COLUMNS FROM `cmf_video_report` [ RunTime:0.000911s ]
[2024-11-20T09:22:56+08:00][sql] SELECT COUNT(*) AS think_count FROM `cmf_video_report` WHERE  ( status=0 ) LIMIT 1 [ RunTime:0.000229s ]
[2024-11-20T09:22:56+08:00][sql] SHOW FULL COLUMNS FROM `cmf_family` [ RunTime:0.000485s ]
[2024-11-20T09:22:56+08:00][sql] SELECT COUNT(*) AS think_count FROM `cmf_family` WHERE  ( state=0 ) LIMIT 1 [ RunTime:0.000226s ]
[2024-11-20T09:22:56+08:00][sql] SHOW FULL COLUMNS FROM `cmf_family_user_divide_apply` [ RunTime:0.000977s ]
[2024-11-20T09:22:56+08:00][sql] SELECT COUNT(*) AS think_count FROM `cmf_family_user_divide_apply` WHERE  ( status=0 ) LIMIT 1 [ RunTime:0.000238s ]
[2024-11-20T09:22:56+08:00][sql] SHOW FULL COLUMNS FROM `cmf_user_auth` [ RunTime:0.000466s ]
[2024-11-20T09:22:56+08:00][sql] SELECT COUNT(*) AS think_count FROM `cmf_user_auth` WHERE  ( status=0 ) LIMIT 1 [ RunTime:0.000229s ]
[2024-11-20T09:22:56+08:00][sql] CONNECT:[ UseTime:0.000322s ] mysql:host=43.241.16.146;port=3306;dbname=zhibo;charset=utf8mb4
[2024-11-20T09:22:56+08:00][sql] SHOW FULL COLUMNS FROM `cmf_hook` [ RunTime:0.000474s ]
[2024-11-20T09:22:56+08:00][sql] SELECT `hook`,`id` FROM `cmf_hook` WHERE  (  (  `app` = '' OR `app` = 'cmf' )  AND `type` = 3 ) OR `type` = 1 [ RunTime:0.000337s ]
[2024-11-20T09:22:56+08:00][sql] SHOW FULL COLUMNS FROM `cmf_hook_plugin` [ RunTime:0.000444s ]
[2024-11-20T09:22:56+08:00][sql] SELECT `hook`,`plugin` FROM `cmf_hook_plugin` WHERE  `status` = 1  AND `hook` IN ('app_begin','module_init','action_begin','view_filter','app_end','log_write','response_end','admin_init','home_init','send_mobile_verification_code','body_start','before_head_end','footer_start','before_footer','before_footer_end','before_body_end','left_sidebar_start','before_left_sidebar_end','right_sidebar_start','before_right_sidebar_end','comment','guestbook','switch_theme','after_content','before_content','log_write_done','switch_admin_theme','captcha_image') ORDER BY `list_order` ASC [ RunTime:0.000401s ]
[2024-11-20T09:23:02+08:00][sql] CONNECT:[ UseTime:0.000338s ] mysql:host=43.241.16.146;port=3306;dbname=zhibo;charset=utf8mb4
[2024-11-20T09:23:02+08:00][sql] SHOW FULL COLUMNS FROM `cmf_hook` [ RunTime:0.000638s ]
[2024-11-20T09:23:02+08:00][sql] SELECT `hook`,`id` FROM `cmf_hook` WHERE  (  (  `app` = '' OR `app` = 'cmf' )  AND `type` = 3 ) OR `type` = 1 [ RunTime:0.000396s ]
[2024-11-20T09:23:02+08:00][sql] SHOW FULL COLUMNS FROM `cmf_hook_plugin` [ RunTime:0.000449s ]
[2024-11-20T09:23:02+08:00][sql] SELECT `hook`,`plugin` FROM `cmf_hook_plugin` WHERE  `status` = 1  AND `hook` IN ('app_begin','module_init','action_begin','view_filter','app_end','log_write','response_end','admin_init','home_init','send_mobile_verification_code','body_start','before_head_end','footer_start','before_footer','before_footer_end','before_body_end','left_sidebar_start','before_left_sidebar_end','right_sidebar_start','before_right_sidebar_end','comment','guestbook','switch_theme','after_content','before_content','log_write_done','switch_admin_theme','captcha_image') ORDER BY `list_order` ASC [ RunTime:0.000432s ]
[2024-11-20T09:23:02+08:00][sql] SHOW FULL COLUMNS FROM `cmf_plugin` [ RunTime:0.000578s ]
[2024-11-20T09:23:02+08:00][sql] SELECT `config` FROM `cmf_plugin` WHERE  `name` = 'Qiniu' LIMIT 1 [ RunTime:0.000255s ]
[2024-11-20T09:23:02+08:00][sql] SHOW FULL COLUMNS FROM `cmf_user` [ RunTime:0.000683s ]
[2024-11-20T09:23:02+08:00][sql] SELECT `id`,`user_login`,`user_nickname`,`avatar`,`avatar_thumb`,`sex`,`signature`,`consumption`,`votestotal`,`province`,`city`,`coin`,`votes`,`birthday`,`issuper` FROM `cmf_user` WHERE  `id` = 2 LIMIT 1 [ RunTime:0.000322s ]
[2024-11-20T09:23:02+08:00][sql] SHOW FULL COLUMNS FROM `cmf_vip_user` [ RunTime:0.000434s ]
[2024-11-20T09:23:02+08:00][sql] SELECT * FROM `cmf_vip_user` WHERE  `uid` = 2 LIMIT 1 [ RunTime:0.000240s ]
[2024-11-20T09:23:02+08:00][sql] SHOW FULL COLUMNS FROM `cmf_liang` [ RunTime:0.000454s ]
[2024-11-20T09:23:02+08:00][sql] SELECT * FROM `cmf_liang` WHERE  ( status=1 and state=1 )  AND `uid` = 2 LIMIT 1 [ RunTime:0.000281s ]
[2024-11-20T09:23:02+08:00][sql] SHOW FULL COLUMNS FROM `cmf_user_token` [ RunTime:0.000425s ]
[2024-11-20T09:23:02+08:00][sql] SELECT `token` FROM `cmf_user_token` WHERE  ( user_id=2 ) LIMIT 1 [ RunTime:0.000225s ]
[2024-11-20T09:23:02+08:00][sql] SELECT `id`,`user_login`,`user_nickname`,`avatar`,`avatar_thumb`,`sex`,`signature`,`consumption`,`votestotal`,`province`,`city`,`coin`,`votes`,`birthday`,`issuper` FROM `cmf_user` WHERE  `id` = 2 LIMIT 1 [ RunTime:0.000284s ]
[2024-11-20T09:23:02+08:00][sql] SELECT * FROM `cmf_vip_user` WHERE  `uid` = 2 LIMIT 1 [ RunTime:0.000233s ]
[2024-11-20T09:23:02+08:00][sql] SELECT * FROM `cmf_liang` WHERE  ( status=1 and state=1 )  AND `uid` = 2 LIMIT 1 [ RunTime:0.000255s ]
[2024-11-20T09:23:02+08:00][sql] SELECT `token` FROM `cmf_user_token` WHERE  ( user_id=2 ) LIMIT 1 [ RunTime:0.000196s ]
[2024-11-20T09:23:02+08:00][sql] SHOW FULL COLUMNS FROM `cmf_live` [ RunTime:0.000585s ]
[2024-11-20T09:23:02+08:00][sql] SELECT * FROM `cmf_live` WHERE  ( islive='1' and isrecommend='1' and type='0' and live_type=0 ) [ RunTime:0.000391s ]
[2024-11-20T09:23:02+08:00][sql] SHOW FULL COLUMNS FROM `cmf_slide_item` [ RunTime:0.000471s ]
[2024-11-20T09:23:02+08:00][sql] SELECT * FROM `cmf_slide_item` WHERE  ( status='1' and slide_id='1' ) ORDER BY `list_order` ASC [ RunTime:0.000298s ]
[2024-11-20T09:23:02+08:00][sql] SHOW FULL COLUMNS FROM `cmf_live_class` [ RunTime:0.000431s ]
[2024-11-20T09:23:02+08:00][sql] SELECT * FROM `cmf_live_class` ORDER BY `list_order` LIMIT 5 [ RunTime:0.000253s ]
[2024-11-20T09:23:02+08:00][sql] SELECT * FROM `cmf_live` WHERE  `islive` = 1  AND `live_type` = 0  AND `liveclassid` = 8 ORDER BY `recommend_time` DESC,`starttime` DESC LIMIT 5 [ RunTime:0.000407s ]
[2024-11-20T09:23:02+08:00][sql] SELECT `uid`,`thumb`,`stream`,`title`,`city`,`islive`,`type` FROM `cmf_live` WHERE  ( islive='1' and ishot='1' and live_type=0 ) ORDER BY `isrecommend` DESC,`recommend_time` DESC,`hotvotes` DESC,`starttime` DESC LIMIT 5 [ RunTime:0.000311s ]
[2024-11-20T09:23:02+08:00][sql] SELECT `uid`,`thumb`,`stream`,`title`,`city`,`islive`,`type` FROM `cmf_live` WHERE  ( islive='1' and live_type=0 ) ORDER BY `starttime` DESC LIMIT 5 [ RunTime:0.000259s ]
[2024-11-20T09:23:02+08:00][sql] SHOW FULL COLUMNS FROM `cmf_theme_file` [ RunTime:0.000489s ]
[2024-11-20T09:23:02+08:00][sql] SELECT `more` FROM `cmf_theme_file` WHERE  `theme` = 'default'  AND (  `is_public` = 1 OR `file` = '../home/index/index' ) [ RunTime:0.000280s ]
[2024-11-20T09:23:05+08:00][sql] CONNECT:[ UseTime:0.000326s ] mysql:host=43.241.16.146;port=3306;dbname=zhibo;charset=utf8mb4
[2024-11-20T09:23:05+08:00][sql] SHOW FULL COLUMNS FROM `cmf_hook` [ RunTime:0.000483s ]
[2024-11-20T09:23:05+08:00][sql] SELECT `hook`,`id` FROM `cmf_hook` WHERE  (  (  `app` = '' OR `app` = 'cmf' )  AND `type` = 3 ) OR `type` = 1 [ RunTime:0.000344s ]
[2024-11-20T09:23:05+08:00][sql] SHOW FULL COLUMNS FROM `cmf_hook_plugin` [ RunTime:0.000431s ]
[2024-11-20T09:23:05+08:00][sql] SELECT `hook`,`plugin` FROM `cmf_hook_plugin` WHERE  `status` = 1  AND `hook` IN ('app_begin','module_init','action_begin','view_filter','app_end','log_write','response_end','admin_init','home_init','send_mobile_verification_code','body_start','before_head_end','footer_start','before_footer','before_footer_end','before_body_end','left_sidebar_start','before_left_sidebar_end','right_sidebar_start','before_right_sidebar_end','comment','guestbook','switch_theme','after_content','before_content','log_write_done','switch_admin_theme','captcha_image') ORDER BY `list_order` ASC [ RunTime:0.000406s ]
[2024-11-20T09:23:05+08:00][sql] SHOW FULL COLUMNS FROM `cmf_user` [ RunTime:0.000672s ]
[2024-11-20T09:23:05+08:00][sql] SELECT * FROM `cmf_user` WHERE  `id` = 1 LIMIT 1 [ RunTime:0.000422s ]
[2024-11-20T09:23:05+08:00][sql] SHOW FULL COLUMNS FROM `cmf_portal_post` [ RunTime:0.004762s ]
[2024-11-20T09:23:05+08:00][sql] SELECT COUNT(*) AS think_count FROM `cmf_portal_post` LIMIT 1 [ RunTime:0.000256s ]
[2024-11-20T09:23:05+08:00][sql] SELECT * FROM `cmf_portal_post` ORDER BY `create_time` DESC LIMIT 0,20 [ RunTime:0.000315s ]
[2024-11-20T09:23:05+08:00][sql] SELECT `id`,`user_nickname` FROM `cmf_user` WHERE  `id` = 1 LIMIT 1 [ RunTime:0.000258s ]
[2024-11-20T09:23:05+08:00][sql] SELECT `id`,`user_nickname` FROM `cmf_user` WHERE  `id` = 36315 LIMIT 1 [ RunTime:0.000225s ]
[2024-11-20T09:23:05+08:00][sql] SELECT `id`,`user_nickname` FROM `cmf_user` WHERE  `id` = 36315 LIMIT 1 [ RunTime:0.000214s ]
[2024-11-20T09:23:05+08:00][sql] SELECT `id`,`user_nickname` FROM `cmf_user` WHERE  `id` = 36315 LIMIT 1 [ RunTime:0.000213s ]
[2024-11-20T09:23:05+08:00][sql] SELECT `id`,`user_nickname` FROM `cmf_user` WHERE  `id` = 1 LIMIT 1 [ RunTime:0.000218s ]
[2024-11-20T09:23:05+08:00][sql] SELECT `id`,`user_nickname` FROM `cmf_user` WHERE  `id` = 1 LIMIT 1 [ RunTime:0.000225s ]
[2024-11-20T09:23:05+08:00][sql] SELECT `id`,`user_nickname` FROM `cmf_user` WHERE  `id` = 1 LIMIT 1 [ RunTime:0.000218s ]
[2024-11-20T09:23:05+08:00][sql] SELECT `id`,`user_nickname` FROM `cmf_user` WHERE  `id` = 1 LIMIT 1 [ RunTime:0.000222s ]
[2024-11-20T09:23:05+08:00][sql] SELECT `id`,`user_nickname` FROM `cmf_user` WHERE  `id` = 1 LIMIT 1 [ RunTime:0.000218s ]
[2024-11-20T09:23:05+08:00][sql] SELECT `id`,`user_nickname` FROM `cmf_user` WHERE  `id` = 1 LIMIT 1 [ RunTime:0.000214s ]
[2024-11-20T09:23:05+08:00][sql] SELECT `id`,`user_nickname` FROM `cmf_user` WHERE  `id` = 1 LIMIT 1 [ RunTime:0.000218s ]
[2024-11-20T09:23:05+08:00][sql] SELECT `id`,`user_nickname` FROM `cmf_user` WHERE  `id` = 1 LIMIT 1 [ RunTime:0.000213s ]
[2024-11-20T09:23:05+08:00][sql] SELECT `id`,`user_nickname` FROM `cmf_user` WHERE  `id` = 1 LIMIT 1 [ RunTime:0.000222s ]
[2024-11-20T09:23:05+08:00][sql] SELECT `id`,`user_nickname` FROM `cmf_user` WHERE  `id` = 1 LIMIT 1 [ RunTime:0.000214s ]
[2024-11-20T09:23:05+08:00][sql] SELECT `id`,`user_nickname` FROM `cmf_user` WHERE  `id` = 1 LIMIT 1 [ RunTime:0.000213s ]
[2024-11-20T09:23:05+08:00][sql] SELECT `id`,`user_nickname` FROM `cmf_user` WHERE  `id` = 1 LIMIT 1 [ RunTime:0.000213s ]
[2024-11-20T09:23:05+08:00][sql] SELECT `id`,`user_nickname` FROM `cmf_user` WHERE  `id` = 1 LIMIT 1 [ RunTime:0.000215s ]
[2024-11-20T09:23:05+08:00][sql] SELECT `id`,`user_nickname` FROM `cmf_user` WHERE  `id` = 1 LIMIT 1 [ RunTime:0.000223s ]
[2024-11-20T09:23:05+08:00][sql] SELECT `id`,`user_nickname` FROM `cmf_user` WHERE  `id` = 1 LIMIT 1 [ RunTime:0.000216s ]
[2024-11-20T09:23:05+08:00][sql] SELECT `id`,`user_nickname` FROM `cmf_user` WHERE  `id` = 1 LIMIT 1 [ RunTime:0.000214s ]
[2024-11-20T09:23:06+08:00][sql] CONNECT:[ UseTime:0.000281s ] mysql:host=43.241.16.146;port=3306;dbname=zhibo;charset=utf8mb4
[2024-11-20T09:23:06+08:00][sql] SHOW FULL COLUMNS FROM `cmf_hook` [ RunTime:0.000503s ]
[2024-11-20T09:23:06+08:00][sql] SELECT `hook`,`id` FROM `cmf_hook` WHERE  (  (  `app` = '' OR `app` = 'cmf' )  AND `type` = 3 ) OR `type` = 1 [ RunTime:0.000343s ]
[2024-11-20T09:23:06+08:00][sql] SHOW FULL COLUMNS FROM `cmf_hook_plugin` [ RunTime:0.000442s ]
[2024-11-20T09:23:06+08:00][sql] SELECT `hook`,`plugin` FROM `cmf_hook_plugin` WHERE  `status` = 1  AND `hook` IN ('app_begin','module_init','action_begin','view_filter','app_end','log_write','response_end','admin_init','home_init','send_mobile_verification_code','body_start','before_head_end','footer_start','before_footer','before_footer_end','before_body_end','left_sidebar_start','before_left_sidebar_end','right_sidebar_start','before_right_sidebar_end','comment','guestbook','switch_theme','after_content','before_content','log_write_done','switch_admin_theme','captcha_image') ORDER BY `list_order` ASC [ RunTime:0.000395s ]
[2024-11-20T09:23:06+08:00][sql] SHOW FULL COLUMNS FROM `cmf_plugin` [ RunTime:0.000553s ]
[2024-11-20T09:23:06+08:00][sql] SELECT `config` FROM `cmf_plugin` WHERE  `name` = 'Qiniu' LIMIT 1 [ RunTime:0.000253s ]
[2024-11-20T09:23:06+08:00][sql] SHOW FULL COLUMNS FROM `cmf_user` [ RunTime:0.000654s ]
[2024-11-20T09:23:06+08:00][sql] SELECT `id`,`user_login`,`user_nickname`,`avatar`,`avatar_thumb`,`sex`,`signature`,`consumption`,`votestotal`,`province`,`city`,`coin`,`votes`,`birthday`,`issuper` FROM `cmf_user` WHERE  `id` = 2 LIMIT 1 [ RunTime:0.000323s ]
[2024-11-20T09:23:06+08:00][sql] SHOW FULL COLUMNS FROM `cmf_vip_user` [ RunTime:0.000426s ]
[2024-11-20T09:23:06+08:00][sql] SELECT * FROM `cmf_vip_user` WHERE  `uid` = 2 LIMIT 1 [ RunTime:0.000237s ]
[2024-11-20T09:23:06+08:00][sql] SHOW FULL COLUMNS FROM `cmf_liang` [ RunTime:0.000459s ]
[2024-11-20T09:23:06+08:00][sql] SELECT * FROM `cmf_liang` WHERE  ( status=1 and state=1 )  AND `uid` = 2 LIMIT 1 [ RunTime:0.000277s ]
[2024-11-20T09:23:06+08:00][sql] SHOW FULL COLUMNS FROM `cmf_user_token` [ RunTime:0.000416s ]
[2024-11-20T09:23:06+08:00][sql] SELECT `token` FROM `cmf_user_token` WHERE  ( user_id=2 ) LIMIT 1 [ RunTime:0.000215s ]
[2024-11-20T09:23:06+08:00][sql] SELECT `id`,`user_login`,`user_nickname`,`avatar`,`avatar_thumb`,`sex`,`signature`,`consumption`,`votestotal`,`province`,`city`,`coin`,`votes`,`birthday`,`issuper` FROM `cmf_user` WHERE  `id` = 2 LIMIT 1 [ RunTime:0.000283s ]
[2024-11-20T09:23:06+08:00][sql] SELECT * FROM `cmf_vip_user` WHERE  `uid` = 2 LIMIT 1 [ RunTime:0.000226s ]
[2024-11-20T09:23:06+08:00][sql] SELECT * FROM `cmf_liang` WHERE  ( status=1 and state=1 )  AND `uid` = 2 LIMIT 1 [ RunTime:0.000257s ]
[2024-11-20T09:23:06+08:00][sql] SELECT `token` FROM `cmf_user_token` WHERE  ( user_id=2 ) LIMIT 1 [ RunTime:0.000196s ]
[2024-11-20T09:23:06+08:00][sql] SHOW FULL COLUMNS FROM `cmf_slide_item` [ RunTime:0.000465s ]
[2024-11-20T09:23:06+08:00][sql] SELECT * FROM `cmf_slide_item` WHERE  ( status='1' and slide_id='6' ) ORDER BY `list_order` ASC [ RunTime:0.000303s ]
[2024-11-20T09:23:06+08:00][sql] SHOW FULL COLUMNS FROM `cmf_live` [ RunTime:0.000570s ]
[2024-11-20T09:23:06+08:00][sql] SELECT `uid`,`title`,`city`,`stream`,`pull`,`thumb`,`type` FROM `cmf_live` WHERE  `islive` = 1  AND `live_type` = 0  AND `ishot` = 1 ORDER BY `recommend_time` DESC,`starttime` DESC LIMIT 0,20 [ RunTime:0.000340s ]
[2024-11-20T09:23:06+08:00][sql] SHOW FULL COLUMNS FROM `cmf_theme_file` [ RunTime:0.000477s ]
[2024-11-20T09:23:06+08:00][sql] SELECT `more` FROM `cmf_theme_file` WHERE  `theme` = 'default'  AND (  `is_public` = 1 OR `file` = '../wxshare/share/index' ) [ RunTime:0.000278s ]
[2024-11-20T09:23:06+08:00][sql] CONNECT:[ UseTime:0.000294s ] mysql:host=43.241.16.146;port=3306;dbname=zhibo;charset=utf8mb4
[2024-11-20T09:23:06+08:00][sql] SHOW FULL COLUMNS FROM `cmf_hook` [ RunTime:0.000469s ]
[2024-11-20T09:23:06+08:00][sql] SELECT `hook`,`id` FROM `cmf_hook` WHERE  (  (  `app` = '' OR `app` = 'cmf' )  AND `type` = 3 ) OR `type` = 1 [ RunTime:0.000335s ]
[2024-11-20T09:23:06+08:00][sql] SHOW FULL COLUMNS FROM `cmf_hook_plugin` [ RunTime:0.000428s ]
[2024-11-20T09:23:06+08:00][sql] SELECT `hook`,`plugin` FROM `cmf_hook_plugin` WHERE  `status` = 1  AND `hook` IN ('app_begin','module_init','action_begin','view_filter','app_end','log_write','response_end','admin_init','home_init','send_mobile_verification_code','body_start','before_head_end','footer_start','before_footer','before_footer_end','before_body_end','left_sidebar_start','before_left_sidebar_end','right_sidebar_start','before_right_sidebar_end','comment','guestbook','switch_theme','after_content','before_content','log_write_done','switch_admin_theme','captcha_image') ORDER BY `list_order` ASC [ RunTime:0.000400s ]
[2024-11-20T09:23:09+08:00][sql] CONNECT:[ UseTime:0.000422s ] mysql:host=43.241.16.146;port=3306;dbname=zhibo;charset=utf8mb4
[2024-11-20T09:23:09+08:00][sql] SHOW FULL COLUMNS FROM `cmf_hook` [ RunTime:0.000646s ]
[2024-11-20T09:23:09+08:00][sql] SELECT `hook`,`id` FROM `cmf_hook` WHERE  (  (  `app` = '' OR `app` = 'cmf' )  AND `type` = 3 ) OR `type` = 1 [ RunTime:0.000404s ]
[2024-11-20T09:23:09+08:00][sql] SHOW FULL COLUMNS FROM `cmf_hook_plugin` [ RunTime:0.000448s ]
[2024-11-20T09:23:09+08:00][sql] SELECT `hook`,`plugin` FROM `cmf_hook_plugin` WHERE  `status` = 1  AND `hook` IN ('app_begin','module_init','action_begin','view_filter','app_end','log_write','response_end','admin_init','home_init','send_mobile_verification_code','body_start','before_head_end','footer_start','before_footer','before_footer_end','before_body_end','left_sidebar_start','before_left_sidebar_end','right_sidebar_start','before_right_sidebar_end','comment','guestbook','switch_theme','after_content','before_content','log_write_done','switch_admin_theme','captcha_image') ORDER BY `list_order` ASC [ RunTime:0.000417s ]
[2024-11-20T09:23:09+08:00][sql] SHOW FULL COLUMNS FROM `cmf_plugin` [ RunTime:0.000569s ]
[2024-11-20T09:23:09+08:00][sql] SELECT `config` FROM `cmf_plugin` WHERE  `name` = 'Qiniu' LIMIT 1 [ RunTime:0.000252s ]
[2024-11-20T09:23:09+08:00][sql] SHOW FULL COLUMNS FROM `cmf_user` [ RunTime:0.000654s ]
[2024-11-20T09:23:09+08:00][sql] SELECT `id`,`user_login`,`user_nickname`,`avatar`,`avatar_thumb`,`sex`,`signature`,`consumption`,`votestotal`,`province`,`city`,`coin`,`votes`,`birthday`,`issuper` FROM `cmf_user` WHERE  `id` = 2 LIMIT 1 [ RunTime:0.000319s ]
[2024-11-20T09:23:09+08:00][sql] SHOW FULL COLUMNS FROM `cmf_vip_user` [ RunTime:0.000427s ]
[2024-11-20T09:23:09+08:00][sql] SELECT * FROM `cmf_vip_user` WHERE  `uid` = 2 LIMIT 1 [ RunTime:0.000237s ]
[2024-11-20T09:23:09+08:00][sql] SHOW FULL COLUMNS FROM `cmf_liang` [ RunTime:0.000444s ]
[2024-11-20T09:23:09+08:00][sql] SELECT * FROM `cmf_liang` WHERE  ( status=1 and state=1 )  AND `uid` = 2 LIMIT 1 [ RunTime:0.000283s ]
[2024-11-20T09:23:09+08:00][sql] SHOW FULL COLUMNS FROM `cmf_user_token` [ RunTime:0.000449s ]
[2024-11-20T09:23:09+08:00][sql] SELECT `token` FROM `cmf_user_token` WHERE  ( user_id=2 ) LIMIT 1 [ RunTime:0.000220s ]
[2024-11-20T09:23:09+08:00][sql] SELECT `id`,`user_login`,`user_nickname`,`avatar`,`avatar_thumb`,`sex`,`signature`,`consumption`,`votestotal`,`province`,`city`,`coin`,`votes`,`birthday`,`issuper` FROM `cmf_user` WHERE  `id` = 2 LIMIT 1 [ RunTime:0.000281s ]
[2024-11-20T09:23:09+08:00][sql] SELECT * FROM `cmf_vip_user` WHERE  `uid` = 2 LIMIT 1 [ RunTime:0.000227s ]
[2024-11-20T09:23:09+08:00][sql] SELECT * FROM `cmf_liang` WHERE  ( status=1 and state=1 )  AND `uid` = 2 LIMIT 1 [ RunTime:0.000252s ]
[2024-11-20T09:23:09+08:00][sql] SELECT `token` FROM `cmf_user_token` WHERE  ( user_id=2 ) LIMIT 1 [ RunTime:0.000201s ]
[2024-11-20T09:23:09+08:00][sql] SELECT `id`,`user_login`,`user_nickname`,`avatar`,`avatar_thumb`,`sex`,`signature`,`consumption`,`votestotal`,`province`,`city`,`coin`,`votes`,`birthday`,`issuper` FROM `cmf_user` WHERE  `id` = 2 LIMIT 1 [ RunTime:0.000282s ]
[2024-11-20T09:23:09+08:00][sql] SELECT * FROM `cmf_vip_user` WHERE  `uid` = 2 LIMIT 1 [ RunTime:0.000223s ]
[2024-11-20T09:23:09+08:00][sql] SELECT * FROM `cmf_liang` WHERE  ( status=1 and state=1 )  AND `uid` = 2 LIMIT 1 [ RunTime:0.000251s ]
[2024-11-20T09:23:09+08:00][sql] SELECT `token` FROM `cmf_user_token` WHERE  ( user_id=2 ) LIMIT 1 [ RunTime:0.000200s ]
[2024-11-20T09:23:09+08:00][sql] SHOW FULL COLUMNS FROM `cmf_user_attention` [ RunTime:0.000411s ]
[2024-11-20T09:23:09+08:00][sql] SELECT COUNT(*) AS think_count FROM `cmf_user_attention` WHERE  `uid` = 2 LIMIT 1 [ RunTime:0.000255s ]
[2024-11-20T09:23:09+08:00][sql] SELECT COUNT(*) AS think_count FROM `cmf_user_attention` WHERE  `touid` = 2 LIMIT 1 [ RunTime:0.000218s ]
[2024-11-20T09:23:09+08:00][sql] SHOW FULL COLUMNS FROM `cmf_theme_file` [ RunTime:0.000510s ]
[2024-11-20T09:23:09+08:00][sql] SELECT `more` FROM `cmf_theme_file` WHERE  `theme` = 'default'  AND (  `is_public` = 1 OR `file` = '../wxshare/user/index' ) [ RunTime:0.000285s ]
[2024-11-20T09:23:25+08:00][sql] CONNECT:[ UseTime:0.000318s ] mysql:host=43.241.16.146;port=3306;dbname=zhibo;charset=utf8mb4
[2024-11-20T09:23:25+08:00][sql] SHOW FULL COLUMNS FROM `cmf_hook` [ RunTime:0.000471s ]
[2024-11-20T09:23:25+08:00][sql] SELECT `hook`,`id` FROM `cmf_hook` WHERE  (  (  `app` = '' OR `app` = 'cmf' )  AND `type` = 3 ) OR `type` = 1 [ RunTime:0.000338s ]
[2024-11-20T09:23:25+08:00][sql] SHOW FULL COLUMNS FROM `cmf_hook_plugin` [ RunTime:0.000431s ]
[2024-11-20T09:23:25+08:00][sql] SELECT `hook`,`plugin` FROM `cmf_hook_plugin` WHERE  `status` = 1  AND `hook` IN ('app_begin','module_init','action_begin','view_filter','app_end','log_write','response_end','admin_init','home_init','send_mobile_verification_code','body_start','before_head_end','footer_start','before_footer','before_footer_end','before_body_end','left_sidebar_start','before_left_sidebar_end','right_sidebar_start','before_right_sidebar_end','comment','guestbook','switch_theme','after_content','before_content','log_write_done','switch_admin_theme','captcha_image') ORDER BY `list_order` ASC [ RunTime:0.000404s ]
[2024-11-20T09:23:26+08:00][sql] CONNECT:[ UseTime:0.000297s ] mysql:host=43.241.16.146;port=3306;dbname=zhibo;charset=utf8mb4
[2024-11-20T09:23:26+08:00][sql] SHOW FULL COLUMNS FROM `cmf_hook` [ RunTime:0.000462s ]
[2024-11-20T09:23:26+08:00][sql] SELECT `hook`,`id` FROM `cmf_hook` WHERE  (  (  `app` = '' OR `app` = 'cmf' )  AND `type` = 3 ) OR `type` = 1 [ RunTime:0.000332s ]
[2024-11-20T09:23:26+08:00][sql] SHOW FULL COLUMNS FROM `cmf_hook_plugin` [ RunTime:0.000426s ]
[2024-11-20T09:23:26+08:00][sql] SELECT `hook`,`plugin` FROM `cmf_hook_plugin` WHERE  `status` = 1  AND `hook` IN ('app_begin','module_init','action_begin','view_filter','app_end','log_write','response_end','admin_init','home_init','send_mobile_verification_code','body_start','before_head_end','footer_start','before_footer','before_footer_end','before_body_end','left_sidebar_start','before_left_sidebar_end','right_sidebar_start','before_right_sidebar_end','comment','guestbook','switch_theme','after_content','before_content','log_write_done','switch_admin_theme','captcha_image') ORDER BY `list_order` ASC [ RunTime:0.000400s ]
[2024-11-20T09:23:46+08:00][sql] CONNECT:[ UseTime:0.000341s ] mysql:host=43.241.16.146;port=3306;dbname=zhibo;charset=utf8mb4
[2024-11-20T09:23:46+08:00][sql] SHOW FULL COLUMNS FROM `cmf_hook` [ RunTime:0.000491s ]
[2024-11-20T09:23:46+08:00][sql] SELECT `hook`,`id` FROM `cmf_hook` WHERE  (  (  `app` = '' OR `app` = 'cmf' )  AND `type` = 3 ) OR `type` = 1 [ RunTime:0.000336s ]
[2024-11-20T09:23:46+08:00][sql] SHOW FULL COLUMNS FROM `cmf_hook_plugin` [ RunTime:0.000438s ]
[2024-11-20T09:23:46+08:00][sql] SELECT `hook`,`plugin` FROM `cmf_hook_plugin` WHERE  `status` = 1  AND `hook` IN ('app_begin','module_init','action_begin','view_filter','app_end','log_write','response_end','admin_init','home_init','send_mobile_verification_code','body_start','before_head_end','footer_start','before_footer','before_footer_end','before_body_end','left_sidebar_start','before_left_sidebar_end','right_sidebar_start','before_right_sidebar_end','comment','guestbook','switch_theme','after_content','before_content','log_write_done','switch_admin_theme','captcha_image') ORDER BY `list_order` ASC [ RunTime:0.000402s ]
[2024-11-20T09:23:46+08:00][sql] SHOW FULL COLUMNS FROM `cmf_user` [ RunTime:0.000674s ]
[2024-11-20T09:23:46+08:00][sql] SELECT * FROM `cmf_user` WHERE  `id` = 1 LIMIT 1 [ RunTime:0.000426s ]
[2024-11-20T09:23:46+08:00][sql] SHOW FULL COLUMNS FROM `cmf_option` [ RunTime:0.000599s ]
[2024-11-20T09:23:46+08:00][sql] SELECT `option_value` FROM `cmf_option` WHERE  `option_name` = 'cmf_settings' LIMIT 1 [ RunTime:0.000256s ]
[2024-11-20T09:24:02+08:00][sql] CONNECT:[ UseTime:0.000321s ] mysql:host=43.241.16.146;port=3306;dbname=zhibo;charset=utf8mb4
[2024-11-20T09:24:02+08:00][sql] SHOW FULL COLUMNS FROM `cmf_hook` [ RunTime:0.000575s ]
[2024-11-20T09:24:02+08:00][sql] SELECT `hook`,`id` FROM `cmf_hook` WHERE  (  (  `app` = '' OR `app` = 'cmf' )  AND `type` = 3 ) OR `type` = 1 [ RunTime:0.000370s ]
[2024-11-20T09:24:02+08:00][sql] SHOW FULL COLUMNS FROM `cmf_hook_plugin` [ RunTime:0.000441s ]
[2024-11-20T09:24:02+08:00][sql] SELECT `hook`,`plugin` FROM `cmf_hook_plugin` WHERE  `status` = 1  AND `hook` IN ('app_begin','module_init','action_begin','view_filter','app_end','log_write','response_end','admin_init','home_init','send_mobile_verification_code','body_start','before_head_end','footer_start','before_footer','before_footer_end','before_body_end','left_sidebar_start','before_left_sidebar_end','right_sidebar_start','before_right_sidebar_end','comment','guestbook','switch_theme','after_content','before_content','log_write_done','switch_admin_theme','captcha_image') ORDER BY `list_order` ASC [ RunTime:0.000403s ]
[2024-11-20T09:24:02+08:00][sql] SHOW FULL COLUMNS FROM `cmf_plugin` [ RunTime:0.000587s ]
[2024-11-20T09:24:02+08:00][sql] SELECT `config` FROM `cmf_plugin` WHERE  `name` = 'Qiniu' LIMIT 1 [ RunTime:0.000252s ]
[2024-11-20T09:24:02+08:00][sql] SHOW FULL COLUMNS FROM `cmf_live` [ RunTime:0.000581s ]
[2024-11-20T09:24:02+08:00][sql] SELECT * FROM `cmf_live` WHERE  ( islive='1' and isrecommend='1' and type='0' and live_type=0 ) [ RunTime:0.000413s ]
[2024-11-20T09:24:02+08:00][sql] SHOW FULL COLUMNS FROM `cmf_slide_item` [ RunTime:0.000474s ]
[2024-11-20T09:24:02+08:00][sql] SELECT * FROM `cmf_slide_item` WHERE  ( status='1' and slide_id='1' ) ORDER BY `list_order` ASC [ RunTime:0.000307s ]
[2024-11-20T09:24:02+08:00][sql] SHOW FULL COLUMNS FROM `cmf_live_class` [ RunTime:0.000430s ]
[2024-11-20T09:24:02+08:00][sql] SELECT * FROM `cmf_live_class` ORDER BY `list_order` LIMIT 5 [ RunTime:0.000258s ]
[2024-11-20T09:24:02+08:00][sql] SELECT * FROM `cmf_live` WHERE  `islive` = 1  AND `live_type` = 0  AND `liveclassid` = 8 ORDER BY `recommend_time` DESC,`starttime` DESC LIMIT 5 [ RunTime:0.000408s ]
[2024-11-20T09:24:02+08:00][sql] SELECT `uid`,`thumb`,`stream`,`title`,`city`,`islive`,`type` FROM `cmf_live` WHERE  ( islive='1' and ishot='1' and live_type=0 ) ORDER BY `isrecommend` DESC,`recommend_time` DESC,`hotvotes` DESC,`starttime` DESC LIMIT 5 [ RunTime:0.000313s ]
[2024-11-20T09:24:02+08:00][sql] SELECT `uid`,`thumb`,`stream`,`title`,`city`,`islive`,`type` FROM `cmf_live` WHERE  ( islive='1' and live_type=0 ) ORDER BY `starttime` DESC LIMIT 5 [ RunTime:0.000266s ]
[2024-11-20T09:24:02+08:00][sql] SHOW FULL COLUMNS FROM `cmf_theme_file` [ RunTime:0.000482s ]
[2024-11-20T09:24:02+08:00][sql] SELECT `more` FROM `cmf_theme_file` WHERE  `theme` = 'default'  AND (  `is_public` = 1 OR `file` = '../home/index/index' ) [ RunTime:0.000279s ]
[2024-11-20T09:24:09+08:00][sql] CONNECT:[ UseTime:0.000304s ] mysql:host=43.241.16.146;port=3306;dbname=zhibo;charset=utf8mb4
[2024-11-20T09:24:09+08:00][sql] SHOW FULL COLUMNS FROM `cmf_hook` [ RunTime:0.000466s ]
[2024-11-20T09:24:09+08:00][sql] SELECT `hook`,`id` FROM `cmf_hook` WHERE  (  (  `app` = '' OR `app` = 'cmf' )  AND `type` = 3 ) OR `type` = 1 [ RunTime:0.000335s ]
[2024-11-20T09:24:09+08:00][sql] SHOW FULL COLUMNS FROM `cmf_hook_plugin` [ RunTime:0.000438s ]
[2024-11-20T09:24:09+08:00][sql] SELECT `hook`,`plugin` FROM `cmf_hook_plugin` WHERE  `status` = 1  AND `hook` IN ('app_begin','module_init','action_begin','view_filter','app_end','log_write','response_end','admin_init','home_init','send_mobile_verification_code','body_start','before_head_end','footer_start','before_footer','before_footer_end','before_body_end','left_sidebar_start','before_left_sidebar_end','right_sidebar_start','before_right_sidebar_end','comment','guestbook','switch_theme','after_content','before_content','log_write_done','switch_admin_theme','captcha_image') ORDER BY `list_order` ASC [ RunTime:0.000403s ]
[2024-11-20T09:24:09+08:00][sql] SHOW FULL COLUMNS FROM `cmf_user` [ RunTime:0.000665s ]
[2024-11-20T09:24:09+08:00][sql] SELECT * FROM `cmf_user` WHERE  `id` = 1 LIMIT 1 [ RunTime:0.000423s ]
[2024-11-20T09:24:09+08:00][sql] SHOW FULL COLUMNS FROM `cmf_option` [ RunTime:0.000455s ]
[2024-11-20T09:24:09+08:00][sql] SELECT * FROM `cmf_option` WHERE  `option_name` = 'site_info' LIMIT 1 [ RunTime:0.000271s ]
[2024-11-20T09:24:09+08:00][sql] UPDATE `cmf_option`  SET `option_value` = '{"site_name":"晋江市享趣网络科技有限公司","site_seo_title":"","site_seo_keywords":"","site_seo_description":"","maintain_switch":"0","maintain_tips":"维护通知：为了更好的为您服务，本站正在升级维护中，因此带来不便深表歉意","company_name":"直播系统","company_desc":"专注于音视频软件开发，提供软件源码、开发及售后服务，为客户打造多样化软件，公司秉承&quot;专注专业，永争第一，用心服务&quot;的企业理念，自主研发了享誉行业的&quot;直播系统&quot;，努力为客户提供更好的产品。rn","site":"http:\/\/yuliao.012539.cn","copyright":"","copyright_url":"","name_coin":"钻石","name_score":"积分","name_votes":"云票","mobile":"","address":"","apk_ewm":"","ipa_ewm":"","wechat_ewm":"","voicelive_icon":"","voicelive_name":"","isup":"0","apk_ver":"","apk_url":"","apk_des":"","ipa_ver":"","ios_shelves":"0","ipa_url":"","ipa_des":"","qr_url":"","wx_siteurl":"http:\/\/x.com\/wxshare\/Share\/show?roomnum=","share_title":"分享了{username}的精彩直播！","share_des":"我看到一个很好看的直播，快来跟我一起围观吧","app_android":"","app_ios":"","video_share_title":"分享了{username}的精彩视频！","video_share_des":"我看到一个很好看的视频，快来跟我一起围观吧","live_time_coin":"20,30,40,50,60,70,80","sprout_appid":"","sprout_key":"","sprout_appid_ios":"","sprout_key_ios":"","skin_whiting":"4","skin_smooth":"4","skin_tenderness":"5","brightness":"60","eye_brow":"20","big_eye":"20","eye_length":"30","eye_corner":"60","eye_alat":"30","face_lift":"40","face_shave":"10","mouse_lift":"10","nose_lift":"10","chin_lift":"30","forehead_lift":"50","lengthen_noseLift":"60","payment_des":"1.付费内容必须符合中华人民共和国法律法规，不得涉及国家法律法规禁止的一切违法内容。rn2.平台有权对用户上传的付费内容进行监管及审核。rn3.如发现违反国家法律的内容，平台有权向相关部门上报，并删除相关违规信息，封禁违规帐号。rn4.请仔细阅读","payment_time":"1","payment_percent":"15","login_alert_title":"服务协议和隐私政策","login_alert_content":"请您务必仔细阅读，充分理解服务协议和隐私政策各条款，包括但不限于为了向您提供即时通讯，内容分享等服务，我们需要收集您设备信息和个人信息，您可以在设置中查看，管理您的授权。您可阅读《隐私政策》和《服务协议》了解详细信息，如您同意，请点击同意接受我们的服务。","login_clause_title":"我已详细阅读并同意《隐私政策》和《服务协议》","login_private_title":"《隐私政策》","login_private_url":"\/portal\/page\/index?id=3","login_service_title":"《服务协议》","login_service_url":"\/portal\/page\/index?id=4","wxmini_version":"2.2.0","wxmini_shelves_version":"2.2.1","wxmini_des":"","teenager_des":"为呵护未成年人健康成长，特别推出青少年模式，该模式下部分功能无法正常使用。请监护人主动选择并设置监护密码。","leaderboard_switch":"1","login_type":"qq,wx,facebook,twitter,ios","share_type":"qq,qzone,wx,wchat,facebook,twitter","live_type":"0;普通房间,1;密码房间,2;门票房间,3;计时房间","login_img":"","login_img_old":"","site_name_en":"Yunbaolivebroadcastsystem","maintain_tips_en":"MaintenanceNotice:Inordertobetterserveyou,thissiteisbeingupgradedandmaintained,soweapologizefortheinconvenience.","name_coin_en":"Coin","name_score_en":"Integral","name_votes_en":"Ticket","login_img_en":"","apk_des_en":"24.03.02rnAddvoicenetworkpushpullstreamingSDKrnrnOfficialwebsitewww.yunbaokj.com","ipa_des_en":"24.03.07rnFixknownbugsrnrnOfficialwebsitewww.yunbaokj.comrnrn","share_title_en":"Shared{username}\'swonderfullivebroadcast!","share_des_en":"Isawaveryinterestinglivebroadcast,comeandwatchitwithme","video_share_title_en":"Shared{username}\'swonderfulvideo!","video_share_des_en":"Isawaveryinterestingvideo,comeandwatchitwithme","payment_des_en":"1.PaidcontentmustcomplywiththelawsandregulationsofthePeople\'sRepublicofChinaandmustnotinvolveanyillegalcontentprohibitedbynationallawsandregulations.rn2.Theplatformhastherighttosuperviseandreviewpaidcontentuploadedbyusers.rn3.Ifcontentthatviolatesnationallawsisdiscovered,theplatformhastherighttoreportittorelevantdepartments,deleterelevantillegalinformation,andbanillegalaccounts.rn4.Pleasereadcarefully","login_alert_title_en":"ServiceAgreementandPrivacyPolicy","login_alert_content_en":"Pleasebesuretoreaditcarefullyandfullyunderstandthetermsoftheserviceagreementandprivacypolicy,includingbutnotlimitedto,inordertoprovideyouwithinstantmessaging,contentsharingandotherservices,weneedtocollectyourdeviceinformationandpersonalinformation.Youcanviewandmanageitinthesettings.YourAuthorization.YoucanreadthePrivacyPolicyandServiceAgreementfordetailedinformation.Ifyouagree,pleaseclicktoagreetoacceptourservices.","login_clause_title_en":"Ihavereadindetailandagreetothe《PrivacyPolicy》and《ServiceAgreement》","login_private_title_en":"PrivacyPolicy","login_service_title_en":"ServiceAgreement","teenager_des_en":"Inordertoprotectthehealthygrowthofminors,ayouthmodeisspeciallylaunched.Inthismode,somefunctionscannotbeusednormally.Guardiansareaskedtoactivelychooseandsetaguardianshippassword."}'  WHERE  `option_name` = 'site_info' [ RunTime:0.017910s ]
[2024-11-20T09:24:09+08:00][sql] SELECT * FROM `cmf_option` WHERE  `option_name` = 'cdn_settings' LIMIT 1 [ RunTime:0.000265s ]
[2024-11-20T09:24:09+08:00][sql] UPDATE `cmf_option`  SET `option_value` = '{"cdn_static_root":""}'  WHERE  `option_name` = 'cdn_settings' [ RunTime:0.013687s ]
[2024-11-20T09:24:09+08:00][sql] SHOW FULL COLUMNS FROM `cmf_route` [ RunTime:0.001157s ]
[2024-11-20T09:24:09+08:00][sql] DELETE FROM `cmf_route` WHERE  `full_url` = 'admin/Index/index' [ RunTime:0.013616s ]
[2024-11-20T09:24:09+08:00][sql] SELECT * FROM `cmf_route` WHERE  `status` = 1 ORDER BY `list_order` ASC [ RunTime:0.000277s ]
[2024-11-20T09:24:09+08:00][sql] SELECT * FROM `cmf_option` WHERE  `option_name` = 'admin_settings' LIMIT 1 [ RunTime:0.000266s ]
[2024-11-20T09:24:09+08:00][sql] UPDATE `cmf_option`  SET `option_value` = '{"admin_password":"","admin_theme":"admin_simpleboot3","admin_style":"flatadmin"}'  WHERE  `option_name` = 'admin_settings' [ RunTime:0.021209s ]
[2024-11-20T09:24:09+08:00][sql] SHOW FULL COLUMNS FROM `cmf_admin_log` [ RunTime:0.002076s ]
[2024-11-20T09:24:09+08:00][sql] INSERT INTO `cmf_admin_log` SET `adminid` = 1 , `admin` = 'admin' , `action` = '修改公共配置 网站名称 晋江市享趣网络科技有限公司 网站域名 http://yuliao.012539.cn ' , `ip` = 3747110647 , `addtime` = 1732065849 [ RunTime:0.014163s ]
[2024-11-20T09:24:12+08:00][sql] CONNECT:[ UseTime:0.000353s ] mysql:host=43.241.16.146;port=3306;dbname=zhibo;charset=utf8mb4
[2024-11-20T09:24:12+08:00][sql] SHOW FULL COLUMNS FROM `cmf_hook` [ RunTime:0.000625s ]
[2024-11-20T09:24:12+08:00][sql] SELECT `hook`,`id` FROM `cmf_hook` WHERE  (  (  `app` = '' OR `app` = 'cmf' )  AND `type` = 3 ) OR `type` = 1 [ RunTime:0.000400s ]
[2024-11-20T09:24:12+08:00][sql] SHOW FULL COLUMNS FROM `cmf_hook_plugin` [ RunTime:0.000427s ]
[2024-11-20T09:24:12+08:00][sql] SELECT `hook`,`plugin` FROM `cmf_hook_plugin` WHERE  `status` = 1  AND `hook` IN ('app_begin','module_init','action_begin','view_filter','app_end','log_write','response_end','admin_init','home_init','send_mobile_verification_code','body_start','before_head_end','footer_start','before_footer','before_footer_end','before_body_end','left_sidebar_start','before_left_sidebar_end','right_sidebar_start','before_right_sidebar_end','comment','guestbook','switch_theme','after_content','before_content','log_write_done','switch_admin_theme','captcha_image') ORDER BY `list_order` ASC [ RunTime:0.000410s ]
[2024-11-20T09:24:12+08:00][sql] SELECT `hook` FROM `cmf_hook` WHERE  `app` = 'admin' [ RunTime:0.000278s ]
[2024-11-20T09:24:12+08:00][sql] SELECT `hook`,`plugin` FROM `cmf_hook_plugin` WHERE  `status` = 1  AND `hook` IN ('admin_dashboard','admin_login','admin_theme_design_view','admin_setting_site_view','admin_setting_clear_cache_view','admin_nav_index_view','admin_link_index_view','admin_slide_index_view','admin_user_index_view','admin_rbac_index_view','admin_index_index_view','admin_recycle_bin_index_view','admin_menu_index_view','admin_custom_login_open','admin_slide_item_index_view','admin_slide_item_add_view','admin_slide_item_edit_view','admin_user_add_view','admin_user_edit_view','admin_rbac_role_add_view','admin_rbac_role_edit_view','admin_rbac_authorize_view') ORDER BY `list_order` ASC [ RunTime:0.000362s ]
[2024-11-20T09:24:12+08:00][sql] SHOW FULL COLUMNS FROM `cmf_option` [ RunTime:0.000450s ]
[2024-11-20T09:24:12+08:00][sql] SELECT `option_value` FROM `cmf_option` WHERE  `option_name` = 'cdn_settings' LIMIT 1 [ RunTime:0.000257s ]
[2024-11-20T09:24:12+08:00][sql] SELECT `option_value` FROM `cmf_option` WHERE  `option_name` = 'site_info' LIMIT 1 [ RunTime:0.000253s ]
[2024-11-20T09:24:12+08:00][sql] SHOW FULL COLUMNS FROM `cmf_user` [ RunTime:0.000743s ]
[2024-11-20T09:24:12+08:00][sql] SELECT * FROM `cmf_user` WHERE  `id` = 1 LIMIT 1 [ RunTime:0.000434s ]
[2024-11-20T09:24:12+08:00][sql] SELECT `option_value` FROM `cmf_option` WHERE  `option_name` = 'cmf_settings' LIMIT 1 [ RunTime:0.000966s ]
[2024-11-20T09:24:12+08:00][sql] SELECT `option_value` FROM `cmf_option` WHERE  `option_name` = 'admin_settings' LIMIT 1 [ RunTime:0.000247s ]
[2024-11-20T09:24:12+08:00][sql] CONNECT:[ UseTime:0.000302s ] mysql:host=43.241.16.146;port=3306;dbname=zhibo;charset=utf8mb4
[2024-11-20T09:24:12+08:00][sql] SHOW FULL COLUMNS FROM `cmf_hook` [ RunTime:0.000467s ]
[2024-11-20T09:24:12+08:00][sql] SELECT `hook`,`id` FROM `cmf_hook` WHERE  (  (  `app` = '' OR `app` = 'cmf' )  AND `type` = 3 ) OR `type` = 1 [ RunTime:0.000331s ]
[2024-11-20T09:24:12+08:00][sql] SHOW FULL COLUMNS FROM `cmf_hook_plugin` [ RunTime:0.000444s ]
[2024-11-20T09:24:12+08:00][sql] SELECT `hook`,`plugin` FROM `cmf_hook_plugin` WHERE  `status` = 1  AND `hook` IN ('app_begin','module_init','action_begin','view_filter','app_end','log_write','response_end','admin_init','home_init','send_mobile_verification_code','body_start','before_head_end','footer_start','before_footer','before_footer_end','before_body_end','left_sidebar_start','before_left_sidebar_end','right_sidebar_start','before_right_sidebar_end','comment','guestbook','switch_theme','after_content','before_content','log_write_done','switch_admin_theme','captcha_image') ORDER BY `list_order` ASC [ RunTime:0.000418s ]
[2024-11-20T09:24:12+08:00][sql] SELECT `hook` FROM `cmf_hook` WHERE  `app` = 'home' [ RunTime:0.000282s ]
[2024-11-20T09:24:12+08:00][sql] SELECT `hook`,`plugin` FROM `cmf_hook_plugin` WHERE  `status` = 1  AND 0 = 1 ORDER BY `list_order` ASC [ RunTime:0.000220s ]
[2024-11-20T09:24:12+08:00][sql] SHOW FULL COLUMNS FROM `cmf_option` [ RunTime:0.000439s ]
[2024-11-20T09:24:12+08:00][sql] SELECT `option_value` FROM `cmf_option` WHERE  `option_name` = 'storage' LIMIT 1 [ RunTime:0.000257s ]
[2024-11-20T09:24:12+08:00][sql] SHOW FULL COLUMNS FROM `cmf_plugin` [ RunTime:0.000500s ]
[2024-11-20T09:24:12+08:00][sql] SELECT `config` FROM `cmf_plugin` WHERE  `name` = 'Qiniu' LIMIT 1 [ RunTime:0.000257s ]
[2024-11-20T09:24:12+08:00][sql] SHOW FULL COLUMNS FROM `cmf_live` [ RunTime:0.000599s ]
[2024-11-20T09:24:12+08:00][sql] SELECT * FROM `cmf_live` WHERE  ( islive='1' and isrecommend='1' and type='0' and live_type=0 ) [ RunTime:0.000398s ]
[2024-11-20T09:24:12+08:00][sql] SHOW FULL COLUMNS FROM `cmf_slide_item` [ RunTime:0.000487s ]
[2024-11-20T09:24:12+08:00][sql] SELECT * FROM `cmf_slide_item` WHERE  ( status='1' and slide_id='1' ) ORDER BY `list_order` ASC [ RunTime:0.000303s ]
[2024-11-20T09:24:12+08:00][sql] SHOW FULL COLUMNS FROM `cmf_live_class` [ RunTime:0.000444s ]
[2024-11-20T09:24:12+08:00][sql] SELECT * FROM `cmf_live_class` ORDER BY `list_order` LIMIT 5 [ RunTime:0.000259s ]
[2024-11-20T09:24:12+08:00][sql] SELECT * FROM `cmf_live` WHERE  `islive` = 1  AND `live_type` = 0  AND `liveclassid` = 8 ORDER BY `recommend_time` DESC,`starttime` DESC LIMIT 5 [ RunTime:0.000419s ]
[2024-11-20T09:24:12+08:00][sql] SELECT `uid`,`thumb`,`stream`,`title`,`city`,`islive`,`type` FROM `cmf_live` WHERE  ( islive='1' and ishot='1' and live_type=0 ) ORDER BY `isrecommend` DESC,`recommend_time` DESC,`hotvotes` DESC,`starttime` DESC LIMIT 5 [ RunTime:0.000311s ]
[2024-11-20T09:24:12+08:00][sql] SELECT `uid`,`thumb`,`stream`,`title`,`city`,`islive`,`type` FROM `cmf_live` WHERE  ( islive='1' and live_type=0 ) ORDER BY `starttime` DESC LIMIT 5 [ RunTime:0.000266s ]
[2024-11-20T09:24:12+08:00][sql] SHOW FULL COLUMNS FROM `cmf_theme_file` [ RunTime:0.000481s ]
[2024-11-20T09:24:12+08:00][sql] SELECT `more` FROM `cmf_theme_file` WHERE  `theme` = 'default'  AND (  `is_public` = 1 OR `file` = '../home/index/index' ) [ RunTime:0.000283s ]
[2024-11-20T09:24:12+08:00][sql] CONNECT:[ UseTime:0.000285s ] mysql:host=43.241.16.146;port=3306;dbname=zhibo;charset=utf8mb4
[2024-11-20T09:24:12+08:00][sql] SHOW FULL COLUMNS FROM `cmf_hook` [ RunTime:0.000459s ]
[2024-11-20T09:24:12+08:00][sql] SELECT `hook`,`id` FROM `cmf_hook` WHERE  (  (  `app` = '' OR `app` = 'cmf' )  AND `type` = 3 ) OR `type` = 1 [ RunTime:0.000339s ]
[2024-11-20T09:24:12+08:00][sql] SHOW FULL COLUMNS FROM `cmf_hook_plugin` [ RunTime:0.000434s ]
[2024-11-20T09:24:12+08:00][sql] SELECT `hook`,`plugin` FROM `cmf_hook_plugin` WHERE  `status` = 1  AND `hook` IN ('app_begin','module_init','action_begin','view_filter','app_end','log_write','response_end','admin_init','home_init','send_mobile_verification_code','body_start','before_head_end','footer_start','before_footer','before_footer_end','before_body_end','left_sidebar_start','before_left_sidebar_end','right_sidebar_start','before_right_sidebar_end','comment','guestbook','switch_theme','after_content','before_content','log_write_done','switch_admin_theme','captcha_image') ORDER BY `list_order` ASC [ RunTime:0.000393s ]
[2024-11-20T09:24:12+08:00][sql] SELECT `hook` FROM `cmf_hook` WHERE  `app` = 'favicon.ico' [ RunTime:0.000269s ]
[2024-11-20T09:24:12+08:00][sql] SELECT `hook`,`plugin` FROM `cmf_hook_plugin` WHERE  `status` = 1  AND 0 = 1 ORDER BY `list_order` ASC [ RunTime:0.000218s ]
[2024-11-20T09:24:13+08:00][sql] CONNECT:[ UseTime:0.000305s ] mysql:host=43.241.16.146;port=3306;dbname=zhibo;charset=utf8mb4
[2024-11-20T09:24:13+08:00][sql] SHOW FULL COLUMNS FROM `cmf_hook` [ RunTime:0.000464s ]
[2024-11-20T09:24:13+08:00][sql] SELECT `hook`,`id` FROM `cmf_hook` WHERE  (  (  `app` = '' OR `app` = 'cmf' )  AND `type` = 3 ) OR `type` = 1 [ RunTime:0.000326s ]
[2024-11-20T09:24:13+08:00][sql] SHOW FULL COLUMNS FROM `cmf_hook_plugin` [ RunTime:0.000437s ]
[2024-11-20T09:24:13+08:00][sql] SELECT `hook`,`plugin` FROM `cmf_hook_plugin` WHERE  `status` = 1  AND `hook` IN ('app_begin','module_init','action_begin','view_filter','app_end','log_write','response_end','admin_init','home_init','send_mobile_verification_code','body_start','before_head_end','footer_start','before_footer','before_footer_end','before_body_end','left_sidebar_start','before_left_sidebar_end','right_sidebar_start','before_right_sidebar_end','comment','guestbook','switch_theme','after_content','before_content','log_write_done','switch_admin_theme','captcha_image') ORDER BY `list_order` ASC [ RunTime:0.000388s ]
[2024-11-20T09:24:13+08:00][sql] CONNECT:[ UseTime:0.000303s ] mysql:host=43.241.16.146;port=3306;dbname=zhibo;charset=utf8mb4
[2024-11-20T09:24:13+08:00][sql] SHOW FULL COLUMNS FROM `cmf_hook` [ RunTime:0.000467s ]
[2024-11-20T09:24:13+08:00][sql] SELECT `hook`,`id` FROM `cmf_hook` WHERE  (  (  `app` = '' OR `app` = 'cmf' )  AND `type` = 3 ) OR `type` = 1 [ RunTime:0.000331s ]
[2024-11-20T09:24:13+08:00][sql] SHOW FULL COLUMNS FROM `cmf_hook_plugin` [ RunTime:0.000430s ]
[2024-11-20T09:24:13+08:00][sql] SELECT `hook`,`plugin` FROM `cmf_hook_plugin` WHERE  `status` = 1  AND `hook` IN ('app_begin','module_init','action_begin','view_filter','app_end','log_write','response_end','admin_init','home_init','send_mobile_verification_code','body_start','before_head_end','footer_start','before_footer','before_footer_end','before_body_end','left_sidebar_start','before_left_sidebar_end','right_sidebar_start','before_right_sidebar_end','comment','guestbook','switch_theme','after_content','before_content','log_write_done','switch_admin_theme','captcha_image') ORDER BY `list_order` ASC [ RunTime:0.000401s ]
[2024-11-20T09:24:13+08:00][sql] SHOW FULL COLUMNS FROM `cmf_plugin` [ RunTime:0.000504s ]
[2024-11-20T09:24:13+08:00][sql] SELECT `config` FROM `cmf_plugin` WHERE  `name` = 'Qiniu' LIMIT 1 [ RunTime:0.000251s ]
[2024-11-20T09:24:16+08:00][sql] CONNECT:[ UseTime:0.000315s ] mysql:host=43.241.16.146;port=3306;dbname=zhibo;charset=utf8mb4
[2024-11-20T09:24:16+08:00][sql] SHOW FULL COLUMNS FROM `cmf_hook` [ RunTime:0.000527s ]
[2024-11-20T09:24:16+08:00][sql] SELECT `hook`,`id` FROM `cmf_hook` WHERE  (  (  `app` = '' OR `app` = 'cmf' )  AND `type` = 3 ) OR `type` = 1 [ RunTime:0.000357s ]
[2024-11-20T09:24:16+08:00][sql] SHOW FULL COLUMNS FROM `cmf_hook_plugin` [ RunTime:0.000438s ]
[2024-11-20T09:24:16+08:00][sql] SELECT `hook`,`plugin` FROM `cmf_hook_plugin` WHERE  `status` = 1  AND `hook` IN ('app_begin','module_init','action_begin','view_filter','app_end','log_write','response_end','admin_init','home_init','send_mobile_verification_code','body_start','before_head_end','footer_start','before_footer','before_footer_end','before_body_end','left_sidebar_start','before_left_sidebar_end','right_sidebar_start','before_right_sidebar_end','comment','guestbook','switch_theme','after_content','before_content','log_write_done','switch_admin_theme','captcha_image') ORDER BY `list_order` ASC [ RunTime:0.000400s ]
[2024-11-20T09:24:16+08:00][sql] SHOW FULL COLUMNS FROM `cmf_plugin` [ RunTime:0.000590s ]
[2024-11-20T09:24:16+08:00][sql] SELECT `config` FROM `cmf_plugin` WHERE  `name` = 'Qiniu' LIMIT 1 [ RunTime:0.000255s ]
[2024-11-20T09:24:16+08:00][sql] SHOW FULL COLUMNS FROM `cmf_live` [ RunTime:0.000596s ]
[2024-11-20T09:24:16+08:00][sql] SELECT * FROM `cmf_live` WHERE  ( islive='1' and isrecommend='1' and type='0' and live_type=0 ) [ RunTime:0.000397s ]
[2024-11-20T09:24:16+08:00][sql] SHOW FULL COLUMNS FROM `cmf_slide_item` [ RunTime:0.000466s ]
[2024-11-20T09:24:16+08:00][sql] SELECT * FROM `cmf_slide_item` WHERE  ( status='1' and slide_id='1' ) ORDER BY `list_order` ASC [ RunTime:0.000293s ]
[2024-11-20T09:24:16+08:00][sql] SHOW FULL COLUMNS FROM `cmf_live_class` [ RunTime:0.000455s ]
[2024-11-20T09:24:16+08:00][sql] SELECT * FROM `cmf_live_class` ORDER BY `list_order` LIMIT 5 [ RunTime:0.000277s ]
[2024-11-20T09:24:16+08:00][sql] SELECT * FROM `cmf_live` WHERE  `islive` = 1  AND `live_type` = 0  AND `liveclassid` = 8 ORDER BY `recommend_time` DESC,`starttime` DESC LIMIT 5 [ RunTime:0.000412s ]
[2024-11-20T09:24:16+08:00][sql] SELECT `uid`,`thumb`,`stream`,`title`,`city`,`islive`,`type` FROM `cmf_live` WHERE  ( islive='1' and ishot='1' and live_type=0 ) ORDER BY `isrecommend` DESC,`recommend_time` DESC,`hotvotes` DESC,`starttime` DESC LIMIT 5 [ RunTime:0.000307s ]
[2024-11-20T09:24:16+08:00][sql] SELECT `uid`,`thumb`,`stream`,`title`,`city`,`islive`,`type` FROM `cmf_live` WHERE  ( islive='1' and live_type=0 ) ORDER BY `starttime` DESC LIMIT 5 [ RunTime:0.000266s ]
[2024-11-20T09:24:16+08:00][sql] SHOW FULL COLUMNS FROM `cmf_theme_file` [ RunTime:0.000511s ]
[2024-11-20T09:24:16+08:00][sql] SELECT `more` FROM `cmf_theme_file` WHERE  `theme` = 'default'  AND (  `is_public` = 1 OR `file` = '../home/index/index' ) [ RunTime:0.000279s ]
[2024-11-20T09:24:16+08:00][sql] CONNECT:[ UseTime:0.000295s ] mysql:host=43.241.16.146;port=3306;dbname=zhibo;charset=utf8mb4
[2024-11-20T09:24:16+08:00][sql] SHOW FULL COLUMNS FROM `cmf_hook` [ RunTime:0.000492s ]
[2024-11-20T09:24:16+08:00][sql] SELECT `hook`,`id` FROM `cmf_hook` WHERE  (  (  `app` = '' OR `app` = 'cmf' )  AND `type` = 3 ) OR `type` = 1 [ RunTime:0.000385s ]
[2024-11-20T09:24:16+08:00][sql] SHOW FULL COLUMNS FROM `cmf_hook_plugin` [ RunTime:0.000435s ]
[2024-11-20T09:24:16+08:00][sql] SELECT `hook`,`plugin` FROM `cmf_hook_plugin` WHERE  `status` = 1  AND `hook` IN ('app_begin','module_init','action_begin','view_filter','app_end','log_write','response_end','admin_init','home_init','send_mobile_verification_code','body_start','before_head_end','footer_start','before_footer','before_footer_end','before_body_end','left_sidebar_start','before_left_sidebar_end','right_sidebar_start','before_right_sidebar_end','comment','guestbook','switch_theme','after_content','before_content','log_write_done','switch_admin_theme','captcha_image') ORDER BY `list_order` ASC [ RunTime:0.000392s ]
[2024-11-20T09:24:16+08:00][sql] CONNECT:[ UseTime:0.000301s ] mysql:host=43.241.16.146;port=3306;dbname=zhibo;charset=utf8mb4
[2024-11-20T09:24:16+08:00][sql] SHOW FULL COLUMNS FROM `cmf_hook` [ RunTime:0.000467s ]
[2024-11-20T09:24:16+08:00][sql] SELECT `hook`,`id` FROM `cmf_hook` WHERE  (  (  `app` = '' OR `app` = 'cmf' )  AND `type` = 3 ) OR `type` = 1 [ RunTime:0.000330s ]
[2024-11-20T09:24:16+08:00][sql] SHOW FULL COLUMNS FROM `cmf_hook_plugin` [ RunTime:0.000438s ]
[2024-11-20T09:24:16+08:00][sql] SELECT `hook`,`plugin` FROM `cmf_hook_plugin` WHERE  `status` = 1  AND `hook` IN ('app_begin','module_init','action_begin','view_filter','app_end','log_write','response_end','admin_init','home_init','send_mobile_verification_code','body_start','before_head_end','footer_start','before_footer','before_footer_end','before_body_end','left_sidebar_start','before_left_sidebar_end','right_sidebar_start','before_right_sidebar_end','comment','guestbook','switch_theme','after_content','before_content','log_write_done','switch_admin_theme','captcha_image') ORDER BY `list_order` ASC [ RunTime:0.000396s ]
[2024-11-20T09:24:16+08:00][sql] CONNECT:[ UseTime:0.000358s ] mysql:host=43.241.16.146;port=3306;dbname=zhibo;charset=utf8mb4
[2024-11-20T09:24:16+08:00][sql] SHOW FULL COLUMNS FROM `cmf_hook` [ RunTime:0.000470s ]
[2024-11-20T09:24:16+08:00][sql] SELECT `hook`,`id` FROM `cmf_hook` WHERE  (  (  `app` = '' OR `app` = 'cmf' )  AND `type` = 3 ) OR `type` = 1 [ RunTime:0.000341s ]
[2024-11-20T09:24:16+08:00][sql] SHOW FULL COLUMNS FROM `cmf_hook_plugin` [ RunTime:0.000427s ]
[2024-11-20T09:24:16+08:00][sql] SELECT `hook`,`plugin` FROM `cmf_hook_plugin` WHERE  `status` = 1  AND `hook` IN ('app_begin','module_init','action_begin','view_filter','app_end','log_write','response_end','admin_init','home_init','send_mobile_verification_code','body_start','before_head_end','footer_start','before_footer','before_footer_end','before_body_end','left_sidebar_start','before_left_sidebar_end','right_sidebar_start','before_right_sidebar_end','comment','guestbook','switch_theme','after_content','before_content','log_write_done','switch_admin_theme','captcha_image') ORDER BY `list_order` ASC [ RunTime:0.000408s ]
[2024-11-20T09:24:17+08:00][sql] CONNECT:[ UseTime:0.000297s ] mysql:host=43.241.16.146;port=3306;dbname=zhibo;charset=utf8mb4
[2024-11-20T09:24:17+08:00][sql] SHOW FULL COLUMNS FROM `cmf_hook` [ RunTime:0.000468s ]
[2024-11-20T09:24:17+08:00][sql] SELECT `hook`,`id` FROM `cmf_hook` WHERE  (  (  `app` = '' OR `app` = 'cmf' )  AND `type` = 3 ) OR `type` = 1 [ RunTime:0.000326s ]
[2024-11-20T09:24:17+08:00][sql] SHOW FULL COLUMNS FROM `cmf_hook_plugin` [ RunTime:0.000423s ]
[2024-11-20T09:24:17+08:00][sql] SELECT `hook`,`plugin` FROM `cmf_hook_plugin` WHERE  `status` = 1  AND `hook` IN ('app_begin','module_init','action_begin','view_filter','app_end','log_write','response_end','admin_init','home_init','send_mobile_verification_code','body_start','before_head_end','footer_start','before_footer','before_footer_end','before_body_end','left_sidebar_start','before_left_sidebar_end','right_sidebar_start','before_right_sidebar_end','comment','guestbook','switch_theme','after_content','before_content','log_write_done','switch_admin_theme','captcha_image') ORDER BY `list_order` ASC [ RunTime:0.000393s ]
[2024-11-20T09:24:17+08:00][sql] SHOW FULL COLUMNS FROM `cmf_plugin` [ RunTime:0.000502s ]
[2024-11-20T09:24:17+08:00][sql] SELECT `config` FROM `cmf_plugin` WHERE  `name` = 'Qiniu' LIMIT 1 [ RunTime:0.000252s ]
[2024-11-20T09:24:47+08:00][sql] CONNECT:[ UseTime:0.000331s ] mysql:host=43.241.16.146;port=3306;dbname=zhibo;charset=utf8mb4
[2024-11-20T09:24:47+08:00][sql] SHOW FULL COLUMNS FROM `cmf_hook` [ RunTime:0.000472s ]
[2024-11-20T09:24:47+08:00][sql] SELECT `hook`,`id` FROM `cmf_hook` WHERE  (  (  `app` = '' OR `app` = 'cmf' )  AND `type` = 3 ) OR `type` = 1 [ RunTime:0.000332s ]
[2024-11-20T09:24:47+08:00][sql] SHOW FULL COLUMNS FROM `cmf_hook_plugin` [ RunTime:0.000437s ]
[2024-11-20T09:24:47+08:00][sql] SELECT `hook`,`plugin` FROM `cmf_hook_plugin` WHERE  `status` = 1  AND `hook` IN ('app_begin','module_init','action_begin','view_filter','app_end','log_write','response_end','admin_init','home_init','send_mobile_verification_code','body_start','before_head_end','footer_start','before_footer','before_footer_end','before_body_end','left_sidebar_start','before_left_sidebar_end','right_sidebar_start','before_right_sidebar_end','comment','guestbook','switch_theme','after_content','before_content','log_write_done','switch_admin_theme','captcha_image') ORDER BY `list_order` ASC [ RunTime:0.000394s ]
[2024-11-20T09:24:47+08:00][sql] CONNECT:[ UseTime:0.000304s ] mysql:host=43.241.16.146;port=3306;dbname=zhibo;charset=utf8mb4
[2024-11-20T09:24:47+08:00][sql] SHOW FULL COLUMNS FROM `cmf_hook` [ RunTime:0.000473s ]
[2024-11-20T09:24:47+08:00][sql] SELECT `hook`,`id` FROM `cmf_hook` WHERE  (  (  `app` = '' OR `app` = 'cmf' )  AND `type` = 3 ) OR `type` = 1 [ RunTime:0.000335s ]
[2024-11-20T09:24:47+08:00][sql] SHOW FULL COLUMNS FROM `cmf_hook_plugin` [ RunTime:0.000437s ]
[2024-11-20T09:24:47+08:00][sql] SELECT `hook`,`plugin` FROM `cmf_hook_plugin` WHERE  `status` = 1  AND `hook` IN ('app_begin','module_init','action_begin','view_filter','app_end','log_write','response_end','admin_init','home_init','send_mobile_verification_code','body_start','before_head_end','footer_start','before_footer','before_footer_end','before_body_end','left_sidebar_start','before_left_sidebar_end','right_sidebar_start','before_right_sidebar_end','comment','guestbook','switch_theme','after_content','before_content','log_write_done','switch_admin_theme','captcha_image') ORDER BY `list_order` ASC [ RunTime:0.000395s ]
[2024-11-20T09:25:01+08:00][sql] CONNECT:[ UseTime:0.000326s ] mysql:host=43.241.16.146;port=3306;dbname=zhibo;charset=utf8mb4
[2024-11-20T09:25:01+08:00][sql] SHOW FULL COLUMNS FROM `cmf_hook` [ RunTime:0.000577s ]
[2024-11-20T09:25:01+08:00][sql] SELECT `hook`,`id` FROM `cmf_hook` WHERE  (  (  `app` = '' OR `app` = 'cmf' )  AND `type` = 3 ) OR `type` = 1 [ RunTime:0.000374s ]
[2024-11-20T09:25:01+08:00][sql] SHOW FULL COLUMNS FROM `cmf_hook_plugin` [ RunTime:0.000433s ]
[2024-11-20T09:25:01+08:00][sql] SELECT `hook`,`plugin` FROM `cmf_hook_plugin` WHERE  `status` = 1  AND `hook` IN ('app_begin','module_init','action_begin','view_filter','app_end','log_write','response_end','admin_init','home_init','send_mobile_verification_code','body_start','before_head_end','footer_start','before_footer','before_footer_end','before_body_end','left_sidebar_start','before_left_sidebar_end','right_sidebar_start','before_right_sidebar_end','comment','guestbook','switch_theme','after_content','before_content','log_write_done','switch_admin_theme','captcha_image') ORDER BY `list_order` ASC [ RunTime:0.000412s ]
[2024-11-20T09:25:01+08:00][sql] SHOW FULL COLUMNS FROM `cmf_user` [ RunTime:0.000753s ]
[2024-11-20T09:25:01+08:00][sql] SELECT * FROM `cmf_user` WHERE  `id` = 1 LIMIT 1 [ RunTime:0.000443s ]
[2024-11-20T09:25:01+08:00][sql] SHOW FULL COLUMNS FROM `cmf_option` [ RunTime:0.000444s ]
[2024-11-20T09:25:01+08:00][sql] SELECT * FROM `cmf_option` WHERE  `option_name` = 'site_info' LIMIT 1 [ RunTime:0.000271s ]
[2024-11-20T09:25:01+08:00][sql] UPDATE `cmf_option`  SET `option_value` = '{"site_name":"晋江市享趣网络科技有限公司","site_seo_title":"","site_seo_keywords":"","site_seo_description":"","maintain_switch":"0","maintain_tips":"维护通知：为了更好的为您服务，本站正在升级维护中，因此带来不便深表歉意","company_name":"晋江市享趣网络科技有限公司","company_desc":"专注于音视频软件开发，提供软件源码、开发及售后服务，为客户打造多样化软件，公司秉承&quot;专注专业，永争第一，用心服务&quot;的企业理念，自主研发了享誉行业的&quot;直播系统&quot;，努力为客户提供更好的产品。rn","site":"http:\/\/yuliao.012539.cn","copyright":"","copyright_url":"","name_coin":"钻石","name_score":"积分","name_votes":"云票","mobile":"","address":"晋江市享趣网络科技有限公司","apk_ewm":"","ipa_ewm":"","wechat_ewm":"","voicelive_icon":"","voicelive_name":"","isup":"0","apk_ver":"","apk_url":"","apk_des":"","ipa_ver":"","ios_shelves":"0","ipa_url":"","ipa_des":"","qr_url":"","wx_siteurl":"http:\/\/x.com\/wxshare\/Share\/show?roomnum=","share_title":"分享了{username}的精彩直播！","share_des":"我看到一个很好看的直播，快来跟我一起围观吧","app_android":"","app_ios":"","video_share_title":"分享了{username}的精彩视频！","video_share_des":"我看到一个很好看的视频，快来跟我一起围观吧","live_time_coin":"20,30,40,50,60,70,80","sprout_appid":"","sprout_key":"","sprout_appid_ios":"","sprout_key_ios":"","skin_whiting":"4","skin_smooth":"4","skin_tenderness":"5","brightness":"60","eye_brow":"20","big_eye":"20","eye_length":"30","eye_corner":"60","eye_alat":"30","face_lift":"40","face_shave":"10","mouse_lift":"10","nose_lift":"10","chin_lift":"30","forehead_lift":"50","lengthen_noseLift":"60","payment_des":"1.付费内容必须符合中华人民共和国法律法规，不得涉及国家法律法规禁止的一切违法内容。rn2.平台有权对用户上传的付费内容进行监管及审核。rn3.如发现违反国家法律的内容，平台有权向相关部门上报，并删除相关违规信息，封禁违规帐号。rn4.请仔细阅读","payment_time":"1","payment_percent":"15","login_alert_title":"服务协议和隐私政策","login_alert_content":"请您务必仔细阅读，充分理解服务协议和隐私政策各条款，包括但不限于为了向您提供即时通讯，内容分享等服务，我们需要收集您设备信息和个人信息，您可以在设置中查看，管理您的授权。您可阅读《隐私政策》和《服务协议》了解详细信息，如您同意，请点击同意接受我们的服务。","login_clause_title":"我已详细阅读并同意《隐私政策》和《服务协议》","login_private_title":"《隐私政策》","login_private_url":"\/portal\/page\/index?id=3","login_service_title":"《服务协议》","login_service_url":"\/portal\/page\/index?id=4","wxmini_version":"2.2.0","wxmini_shelves_version":"2.2.1","wxmini_des":"","teenager_des":"为呵护未成年人健康成长，特别推出青少年模式，该模式下部分功能无法正常使用。请监护人主动选择并设置监护密码。","leaderboard_switch":"1","login_type":"qq,wx,facebook,twitter,ios","share_type":"qq,qzone,wx,wchat,facebook,twitter","live_type":"0;普通房间,1;密码房间,2;门票房间,3;计时房间","login_img":"","login_img_old":"","site_name_en":"Yunbaolivebroadcastsystem","maintain_tips_en":"MaintenanceNotice:Inordertobetterserveyou,thissiteisbeingupgradedandmaintained,soweapologizefortheinconvenience.","name_coin_en":"Coin","name_score_en":"Integral","name_votes_en":"Ticket","login_img_en":"","apk_des_en":"24.03.02rnAddvoicenetworkpushpullstreamingSDKrnrnOfficialwebsitewww.yunbaokj.com","ipa_des_en":"24.03.07rnFixknownbugsrnrnOfficialwebsitewww.yunbaokj.comrnrn","share_title_en":"Shared{username}\'swonderfullivebroadcast!","share_des_en":"Isawaveryinterestinglivebroadcast,comeandwatchitwithme","video_share_title_en":"Shared{username}\'swonderfulvideo!","video_share_des_en":"Isawaveryinterestingvideo,comeandwatchitwithme","payment_des_en":"1.PaidcontentmustcomplywiththelawsandregulationsofthePeople\'sRepublicofChinaandmustnotinvolveanyillegalcontentprohibitedbynationallawsandregulations.rn2.Theplatformhastherighttosuperviseandreviewpaidcontentuploadedbyusers.rn3.Ifcontentthatviolatesnationallawsisdiscovered,theplatformhastherighttoreportittorelevantdepartments,deleterelevantillegalinformation,andbanillegalaccounts.rn4.Pleasereadcarefully","login_alert_title_en":"ServiceAgreementandPrivacyPolicy","login_alert_content_en":"Pleasebesuretoreaditcarefullyandfullyunderstandthetermsoftheserviceagreementandprivacypolicy,includingbutnotlimitedto,inordertoprovideyouwithinstantmessaging,contentsharingandotherservices,weneedtocollectyourdeviceinformationandpersonalinformation.Youcanviewandmanageitinthesettings.YourAuthorization.YoucanreadthePrivacyPolicyandServiceAgreementfordetailedinformation.Ifyouagree,pleaseclicktoagreetoacceptourservices.","login_clause_title_en":"Ihavereadindetailandagreetothe《PrivacyPolicy》and《ServiceAgreement》","login_private_title_en":"PrivacyPolicy","login_service_title_en":"ServiceAgreement","teenager_des_en":"Inordertoprotectthehealthygrowthofminors,ayouthmodeisspeciallylaunched.Inthismode,somefunctionscannotbeusednormally.Guardiansareaskedtoactivelychooseandsetaguardianshippassword."}'  WHERE  `option_name` = 'site_info' [ RunTime:0.021640s ]
[2024-11-20T09:25:01+08:00][sql] SELECT * FROM `cmf_option` WHERE  `option_name` = 'cdn_settings' LIMIT 1 [ RunTime:0.000263s ]
[2024-11-20T09:25:01+08:00][sql] UPDATE `cmf_option`  SET `option_value` = '{"cdn_static_root":""}'  WHERE  `option_name` = 'cdn_settings' [ RunTime:0.013596s ]
[2024-11-20T09:25:01+08:00][sql] SHOW FULL COLUMNS FROM `cmf_route` [ RunTime:0.000489s ]
[2024-11-20T09:25:01+08:00][sql] DELETE FROM `cmf_route` WHERE  `full_url` = 'admin/Index/index' [ RunTime:0.013829s ]
[2024-11-20T09:25:01+08:00][sql] SELECT * FROM `cmf_route` WHERE  `status` = 1 ORDER BY `list_order` ASC [ RunTime:0.000280s ]
[2024-11-20T09:25:01+08:00][sql] SELECT * FROM `cmf_option` WHERE  `option_name` = 'admin_settings' LIMIT 1 [ RunTime:0.000263s ]
[2024-11-20T09:25:01+08:00][sql] UPDATE `cmf_option`  SET `option_value` = '{"admin_password":"","admin_theme":"admin_simpleboot3","admin_style":"flatadmin"}'  WHERE  `option_name` = 'admin_settings' [ RunTime:0.014828s ]
[2024-11-20T09:25:03+08:00][sql] CONNECT:[ UseTime:0.000298s ] mysql:host=43.241.16.146;port=3306;dbname=zhibo;charset=utf8mb4
[2024-11-20T09:25:03+08:00][sql] SHOW FULL COLUMNS FROM `cmf_hook` [ RunTime:0.000513s ]
[2024-11-20T09:25:03+08:00][sql] SELECT `hook`,`id` FROM `cmf_hook` WHERE  (  (  `app` = '' OR `app` = 'cmf' )  AND `type` = 3 ) OR `type` = 1 [ RunTime:0.000350s ]
[2024-11-20T09:25:03+08:00][sql] SHOW FULL COLUMNS FROM `cmf_hook_plugin` [ RunTime:0.000432s ]
[2024-11-20T09:25:03+08:00][sql] SELECT `hook`,`plugin` FROM `cmf_hook_plugin` WHERE  `status` = 1  AND `hook` IN ('app_begin','module_init','action_begin','view_filter','app_end','log_write','response_end','admin_init','home_init','send_mobile_verification_code','body_start','before_head_end','footer_start','before_footer','before_footer_end','before_body_end','left_sidebar_start','before_left_sidebar_end','right_sidebar_start','before_right_sidebar_end','comment','guestbook','switch_theme','after_content','before_content','log_write_done','switch_admin_theme','captcha_image') ORDER BY `list_order` ASC [ RunTime:0.000397s ]
[2024-11-20T09:25:03+08:00][sql] SELECT `hook` FROM `cmf_hook` WHERE  `app` = 'home' [ RunTime:0.000280s ]
[2024-11-20T09:25:03+08:00][sql] SELECT `hook`,`plugin` FROM `cmf_hook_plugin` WHERE  `status` = 1  AND 0 = 1 ORDER BY `list_order` ASC [ RunTime:0.000219s ]
[2024-11-20T09:25:03+08:00][sql] SHOW FULL COLUMNS FROM `cmf_option` [ RunTime:0.000445s ]
[2024-11-20T09:25:03+08:00][sql] SELECT `option_value` FROM `cmf_option` WHERE  `option_name` = 'cdn_settings' LIMIT 1 [ RunTime:0.000260s ]
[2024-11-20T09:25:03+08:00][sql] SELECT `option_value` FROM `cmf_option` WHERE  `option_name` = 'storage' LIMIT 1 [ RunTime:0.000310s ]
[2024-11-20T09:25:03+08:00][sql] SHOW FULL COLUMNS FROM `cmf_plugin` [ RunTime:0.000527s ]
[2024-11-20T09:25:03+08:00][sql] SELECT `config` FROM `cmf_plugin` WHERE  `name` = 'Qiniu' LIMIT 1 [ RunTime:0.000255s ]
[2024-11-20T09:25:03+08:00][sql] SHOW FULL COLUMNS FROM `cmf_live` [ RunTime:0.000587s ]
[2024-11-20T09:25:03+08:00][sql] SELECT * FROM `cmf_live` WHERE  ( islive='1' and isrecommend='1' and type='0' and live_type=0 ) [ RunTime:0.000406s ]
[2024-11-20T09:25:03+08:00][sql] SHOW FULL COLUMNS FROM `cmf_slide_item` [ RunTime:0.000479s ]
[2024-11-20T09:25:03+08:00][sql] SELECT * FROM `cmf_slide_item` WHERE  ( status='1' and slide_id='1' ) ORDER BY `list_order` ASC [ RunTime:0.000299s ]
[2024-11-20T09:25:03+08:00][sql] SHOW FULL COLUMNS FROM `cmf_live_class` [ RunTime:0.000473s ]
[2024-11-20T09:25:03+08:00][sql] SELECT * FROM `cmf_live_class` ORDER BY `list_order` LIMIT 5 [ RunTime:0.000281s ]
[2024-11-20T09:25:03+08:00][sql] SELECT * FROM `cmf_live` WHERE  `islive` = 1  AND `live_type` = 0  AND `liveclassid` = 8 ORDER BY `recommend_time` DESC,`starttime` DESC LIMIT 5 [ RunTime:0.000414s ]
[2024-11-20T09:25:03+08:00][sql] SELECT `uid`,`thumb`,`stream`,`title`,`city`,`islive`,`type` FROM `cmf_live` WHERE  ( islive='1' and ishot='1' and live_type=0 ) ORDER BY `isrecommend` DESC,`recommend_time` DESC,`hotvotes` DESC,`starttime` DESC LIMIT 5 [ RunTime:0.000307s ]
[2024-11-20T09:25:03+08:00][sql] SELECT `uid`,`thumb`,`stream`,`title`,`city`,`islive`,`type` FROM `cmf_live` WHERE  ( islive='1' and live_type=0 ) ORDER BY `starttime` DESC LIMIT 5 [ RunTime:0.000259s ]
[2024-11-20T09:25:03+08:00][sql] SELECT `option_value` FROM `cmf_option` WHERE  `option_name` = 'site_info' LIMIT 1 [ RunTime:0.000249s ]
[2024-11-20T09:25:03+08:00][sql] SHOW FULL COLUMNS FROM `cmf_theme_file` [ RunTime:0.000478s ]
[2024-11-20T09:25:03+08:00][sql] SELECT `more` FROM `cmf_theme_file` WHERE  `theme` = 'default'  AND (  `is_public` = 1 OR `file` = '../home/index/index' ) [ RunTime:0.000276s ]
[2024-11-20T09:25:04+08:00][sql] CONNECT:[ UseTime:0.000323s ] mysql:host=43.241.16.146;port=3306;dbname=zhibo;charset=utf8mb4
[2024-11-20T09:25:04+08:00][sql] SHOW FULL COLUMNS FROM `cmf_hook` [ RunTime:0.000489s ]
[2024-11-20T09:25:04+08:00][sql] SELECT `hook`,`id` FROM `cmf_hook` WHERE  (  (  `app` = '' OR `app` = 'cmf' )  AND `type` = 3 ) OR `type` = 1 [ RunTime:0.000339s ]
[2024-11-20T09:25:04+08:00][sql] SHOW FULL COLUMNS FROM `cmf_hook_plugin` [ RunTime:0.000433s ]
[2024-11-20T09:25:04+08:00][sql] SELECT `hook`,`plugin` FROM `cmf_hook_plugin` WHERE  `status` = 1  AND `hook` IN ('app_begin','module_init','action_begin','view_filter','app_end','log_write','response_end','admin_init','home_init','send_mobile_verification_code','body_start','before_head_end','footer_start','before_footer','before_footer_end','before_body_end','left_sidebar_start','before_left_sidebar_end','right_sidebar_start','before_right_sidebar_end','comment','guestbook','switch_theme','after_content','before_content','log_write_done','switch_admin_theme','captcha_image') ORDER BY `list_order` ASC [ RunTime:0.000390s ]
[2024-11-20T09:25:04+08:00][sql] SELECT `hook` FROM `cmf_hook` WHERE  `app` = 'favicon.ico' [ RunTime:0.000274s ]
[2024-11-20T09:25:04+08:00][sql] SELECT `hook`,`plugin` FROM `cmf_hook_plugin` WHERE  `status` = 1  AND 0 = 1 ORDER BY `list_order` ASC [ RunTime:0.000221s ]
[2024-11-20T09:25:04+08:00][sql] CONNECT:[ UseTime:0.000302s ] mysql:host=43.241.16.146;port=3306;dbname=zhibo;charset=utf8mb4
[2024-11-20T09:25:04+08:00][sql] SHOW FULL COLUMNS FROM `cmf_hook` [ RunTime:0.000473s ]
[2024-11-20T09:25:04+08:00][sql] SELECT `hook`,`id` FROM `cmf_hook` WHERE  (  (  `app` = '' OR `app` = 'cmf' )  AND `type` = 3 ) OR `type` = 1 [ RunTime:0.000366s ]
[2024-11-20T09:25:04+08:00][sql] SHOW FULL COLUMNS FROM `cmf_hook_plugin` [ RunTime:0.000459s ]
[2024-11-20T09:25:04+08:00][sql] SELECT `hook`,`plugin` FROM `cmf_hook_plugin` WHERE  `status` = 1  AND `hook` IN ('app_begin','module_init','action_begin','view_filter','app_end','log_write','response_end','admin_init','home_init','send_mobile_verification_code','body_start','before_head_end','footer_start','before_footer','before_footer_end','before_body_end','left_sidebar_start','before_left_sidebar_end','right_sidebar_start','before_right_sidebar_end','comment','guestbook','switch_theme','after_content','before_content','log_write_done','switch_admin_theme','captcha_image') ORDER BY `list_order` ASC [ RunTime:0.000445s ]
[2024-11-20T09:25:04+08:00][sql] SELECT `hook` FROM `cmf_hook` WHERE  `app` = '404' [ RunTime:0.000278s ]
[2024-11-20T09:25:04+08:00][sql] SELECT `hook`,`plugin` FROM `cmf_hook_plugin` WHERE  `status` = 1  AND 0 = 1 ORDER BY `list_order` ASC [ RunTime:0.000217s ]
[2024-11-20T09:25:04+08:00][sql] CONNECT:[ UseTime:0.000295s ] mysql:host=43.241.16.146;port=3306;dbname=zhibo;charset=utf8mb4
[2024-11-20T09:25:04+08:00][sql] SHOW FULL COLUMNS FROM `cmf_hook` [ RunTime:0.000447s ]
[2024-11-20T09:25:04+08:00][sql] SELECT `hook`,`id` FROM `cmf_hook` WHERE  (  (  `app` = '' OR `app` = 'cmf' )  AND `type` = 3 ) OR `type` = 1 [ RunTime:0.000328s ]
[2024-11-20T09:25:04+08:00][sql] SHOW FULL COLUMNS FROM `cmf_hook_plugin` [ RunTime:0.000436s ]
[2024-11-20T09:25:04+08:00][sql] SELECT `hook`,`plugin` FROM `cmf_hook_plugin` WHERE  `status` = 1  AND `hook` IN ('app_begin','module_init','action_begin','view_filter','app_end','log_write','response_end','admin_init','home_init','send_mobile_verification_code','body_start','before_head_end','footer_start','before_footer','before_footer_end','before_body_end','left_sidebar_start','before_left_sidebar_end','right_sidebar_start','before_right_sidebar_end','comment','guestbook','switch_theme','after_content','before_content','log_write_done','switch_admin_theme','captcha_image') ORDER BY `list_order` ASC [ RunTime:0.000389s ]
[2024-11-20T09:25:04+08:00][sql] SHOW FULL COLUMNS FROM `cmf_plugin` [ RunTime:0.000506s ]
[2024-11-20T09:25:04+08:00][sql] SELECT `config` FROM `cmf_plugin` WHERE  `name` = 'Qiniu' LIMIT 1 [ RunTime:0.000245s ]
[2024-11-20T09:25:04+08:00][sql] CONNECT:[ UseTime:0.000295s ] mysql:host=43.241.16.146;port=3306;dbname=zhibo;charset=utf8mb4
[2024-11-20T09:25:04+08:00][sql] SHOW FULL COLUMNS FROM `cmf_hook` [ RunTime:0.000467s ]
[2024-11-20T09:25:04+08:00][sql] SELECT `hook`,`id` FROM `cmf_hook` WHERE  (  (  `app` = '' OR `app` = 'cmf' )  AND `type` = 3 ) OR `type` = 1 [ RunTime:0.000327s ]
[2024-11-20T09:25:04+08:00][sql] SHOW FULL COLUMNS FROM `cmf_hook_plugin` [ RunTime:0.000444s ]
[2024-11-20T09:25:04+08:00][sql] SELECT `hook`,`plugin` FROM `cmf_hook_plugin` WHERE  `status` = 1  AND `hook` IN ('app_begin','module_init','action_begin','view_filter','app_end','log_write','response_end','admin_init','home_init','send_mobile_verification_code','body_start','before_head_end','footer_start','before_footer','before_footer_end','before_body_end','left_sidebar_start','before_left_sidebar_end','right_sidebar_start','before_right_sidebar_end','comment','guestbook','switch_theme','after_content','before_content','log_write_done','switch_admin_theme','captcha_image') ORDER BY `list_order` ASC [ RunTime:0.000384s ]
[2024-11-20T09:25:05+08:00][sql] CONNECT:[ UseTime:0.000282s ] mysql:host=43.241.16.146;port=3306;dbname=zhibo;charset=utf8mb4
[2024-11-20T09:25:05+08:00][sql] SHOW FULL COLUMNS FROM `cmf_hook` [ RunTime:0.000522s ]
[2024-11-20T09:25:05+08:00][sql] SELECT `hook`,`id` FROM `cmf_hook` WHERE  (  (  `app` = '' OR `app` = 'cmf' )  AND `type` = 3 ) OR `type` = 1 [ RunTime:0.000349s ]
[2024-11-20T09:25:05+08:00][sql] SHOW FULL COLUMNS FROM `cmf_hook_plugin` [ RunTime:0.000437s ]
[2024-11-20T09:25:05+08:00][sql] SELECT `hook`,`plugin` FROM `cmf_hook_plugin` WHERE  `status` = 1  AND `hook` IN ('app_begin','module_init','action_begin','view_filter','app_end','log_write','response_end','admin_init','home_init','send_mobile_verification_code','body_start','before_head_end','footer_start','before_footer','before_footer_end','before_body_end','left_sidebar_start','before_left_sidebar_end','right_sidebar_start','before_right_sidebar_end','comment','guestbook','switch_theme','after_content','before_content','log_write_done','switch_admin_theme','captcha_image') ORDER BY `list_order` ASC [ RunTime:0.000402s ]
[2024-11-20T09:25:05+08:00][sql] SELECT `hook` FROM `cmf_hook` WHERE  `app` = 'admin' [ RunTime:0.000284s ]
[2024-11-20T09:25:05+08:00][sql] SELECT `hook`,`plugin` FROM `cmf_hook_plugin` WHERE  `status` = 1  AND `hook` IN ('admin_dashboard','admin_login','admin_theme_design_view','admin_setting_site_view','admin_setting_clear_cache_view','admin_nav_index_view','admin_link_index_view','admin_slide_index_view','admin_user_index_view','admin_rbac_index_view','admin_index_index_view','admin_recycle_bin_index_view','admin_menu_index_view','admin_custom_login_open','admin_slide_item_index_view','admin_slide_item_add_view','admin_slide_item_edit_view','admin_user_add_view','admin_user_edit_view','admin_rbac_role_add_view','admin_rbac_role_edit_view','admin_rbac_authorize_view') ORDER BY `list_order` ASC [ RunTime:0.000354s ]
[2024-11-20T09:25:05+08:00][sql] SHOW FULL COLUMNS FROM `cmf_user` [ RunTime:0.000733s ]
[2024-11-20T09:25:05+08:00][sql] SELECT * FROM `cmf_user` WHERE  `id` = 1 LIMIT 1 [ RunTime:0.000434s ]
[2024-11-20T09:25:05+08:00][sql] SHOW FULL COLUMNS FROM `cmf_option` [ RunTime:0.000446s ]
[2024-11-20T09:25:05+08:00][sql] SELECT `option_value` FROM `cmf_option` WHERE  `option_name` = 'cmf_settings' LIMIT 1 [ RunTime:0.000234s ]
[2024-11-20T09:25:05+08:00][sql] SELECT `option_value` FROM `cmf_option` WHERE  `option_name` = 'admin_settings' LIMIT 1 [ RunTime:0.000228s ]
[2024-11-20T09:25:08+08:00][sql] CONNECT:[ UseTime:0.000355s ] mysql:host=43.241.16.146;port=3306;dbname=zhibo;charset=utf8mb4
[2024-11-20T09:25:08+08:00][sql] SHOW FULL COLUMNS FROM `cmf_hook` [ RunTime:0.000480s ]
[2024-11-20T09:25:08+08:00][sql] SELECT `hook`,`id` FROM `cmf_hook` WHERE  (  (  `app` = '' OR `app` = 'cmf' )  AND `type` = 3 ) OR `type` = 1 [ RunTime:0.000340s ]
[2024-11-20T09:25:08+08:00][sql] SHOW FULL COLUMNS FROM `cmf_hook_plugin` [ RunTime:0.000430s ]
[2024-11-20T09:25:08+08:00][sql] SELECT `hook`,`plugin` FROM `cmf_hook_plugin` WHERE  `status` = 1  AND `hook` IN ('app_begin','module_init','action_begin','view_filter','app_end','log_write','response_end','admin_init','home_init','send_mobile_verification_code','body_start','before_head_end','footer_start','before_footer','before_footer_end','before_body_end','left_sidebar_start','before_left_sidebar_end','right_sidebar_start','before_right_sidebar_end','comment','guestbook','switch_theme','after_content','before_content','log_write_done','switch_admin_theme','captcha_image') ORDER BY `list_order` ASC [ RunTime:0.000407s ]
[2024-11-20T09:25:08+08:00][sql] SHOW FULL COLUMNS FROM `cmf_plugin` [ RunTime:0.000502s ]
[2024-11-20T09:25:08+08:00][sql] SELECT `config` FROM `cmf_plugin` WHERE  `name` = 'Qiniu' LIMIT 1 [ RunTime:0.000251s ]
[2024-11-20T09:25:08+08:00][sql] SHOW FULL COLUMNS FROM `cmf_live` [ RunTime:0.000596s ]
[2024-11-20T09:25:08+08:00][sql] SELECT * FROM `cmf_live` WHERE  ( islive='1' and isrecommend='1' and type='0' and live_type=0 ) [ RunTime:0.000411s ]
[2024-11-20T09:25:08+08:00][sql] SHOW FULL COLUMNS FROM `cmf_slide_item` [ RunTime:0.000483s ]
[2024-11-20T09:25:08+08:00][sql] SELECT * FROM `cmf_slide_item` WHERE  ( status='1' and slide_id='1' ) ORDER BY `list_order` ASC [ RunTime:0.000303s ]
[2024-11-20T09:25:08+08:00][sql] SHOW FULL COLUMNS FROM `cmf_live_class` [ RunTime:0.000443s ]
[2024-11-20T09:25:08+08:00][sql] SELECT * FROM `cmf_live_class` ORDER BY `list_order` LIMIT 5 [ RunTime:0.000258s ]
[2024-11-20T09:25:08+08:00][sql] SELECT * FROM `cmf_live` WHERE  `islive` = 1  AND `live_type` = 0  AND `liveclassid` = 8 ORDER BY `recommend_time` DESC,`starttime` DESC LIMIT 5 [ RunTime:0.000411s ]
[2024-11-20T09:25:08+08:00][sql] SELECT `uid`,`thumb`,`stream`,`title`,`city`,`islive`,`type` FROM `cmf_live` WHERE  ( islive='1' and ishot='1' and live_type=0 ) ORDER BY `isrecommend` DESC,`recommend_time` DESC,`hotvotes` DESC,`starttime` DESC LIMIT 5 [ RunTime:0.000305s ]
[2024-11-20T09:25:08+08:00][sql] SELECT `uid`,`thumb`,`stream`,`title`,`city`,`islive`,`type` FROM `cmf_live` WHERE  ( islive='1' and live_type=0 ) ORDER BY `starttime` DESC LIMIT 5 [ RunTime:0.000263s ]
[2024-11-20T09:25:08+08:00][sql] SHOW FULL COLUMNS FROM `cmf_theme_file` [ RunTime:0.000491s ]
[2024-11-20T09:25:08+08:00][sql] SELECT `more` FROM `cmf_theme_file` WHERE  `theme` = 'default'  AND (  `is_public` = 1 OR `file` = '../home/index/index' ) [ RunTime:0.000284s ]
[2024-11-20T09:25:08+08:00][sql] CONNECT:[ UseTime:0.000302s ] mysql:host=43.241.16.146;port=3306;dbname=zhibo;charset=utf8mb4
[2024-11-20T09:25:08+08:00][sql] SHOW FULL COLUMNS FROM `cmf_hook` [ RunTime:0.000471s ]
[2024-11-20T09:25:08+08:00][sql] SELECT `hook`,`id` FROM `cmf_hook` WHERE  (  (  `app` = '' OR `app` = 'cmf' )  AND `type` = 3 ) OR `type` = 1 [ RunTime:0.000326s ]
[2024-11-20T09:25:08+08:00][sql] SHOW FULL COLUMNS FROM `cmf_hook_plugin` [ RunTime:0.000416s ]
[2024-11-20T09:25:08+08:00][sql] SELECT `hook`,`plugin` FROM `cmf_hook_plugin` WHERE  `status` = 1  AND `hook` IN ('app_begin','module_init','action_begin','view_filter','app_end','log_write','response_end','admin_init','home_init','send_mobile_verification_code','body_start','before_head_end','footer_start','before_footer','before_footer_end','before_body_end','left_sidebar_start','before_left_sidebar_end','right_sidebar_start','before_right_sidebar_end','comment','guestbook','switch_theme','after_content','before_content','log_write_done','switch_admin_theme','captcha_image') ORDER BY `list_order` ASC [ RunTime:0.000389s ]
[2024-11-20T09:25:08+08:00][sql] CONNECT:[ UseTime:0.000298s ] mysql:host=43.241.16.146;port=3306;dbname=zhibo;charset=utf8mb4
[2024-11-20T09:25:08+08:00][sql] SHOW FULL COLUMNS FROM `cmf_hook` [ RunTime:0.000465s ]
[2024-11-20T09:25:08+08:00][sql] SELECT `hook`,`id` FROM `cmf_hook` WHERE  (  (  `app` = '' OR `app` = 'cmf' )  AND `type` = 3 ) OR `type` = 1 [ RunTime:0.000343s ]
[2024-11-20T09:25:08+08:00][sql] SHOW FULL COLUMNS FROM `cmf_hook_plugin` [ RunTime:0.000429s ]
[2024-11-20T09:25:08+08:00][sql] SELECT `hook`,`plugin` FROM `cmf_hook_plugin` WHERE  `status` = 1  AND `hook` IN ('app_begin','module_init','action_begin','view_filter','app_end','log_write','response_end','admin_init','home_init','send_mobile_verification_code','body_start','before_head_end','footer_start','before_footer','before_footer_end','before_body_end','left_sidebar_start','before_left_sidebar_end','right_sidebar_start','before_right_sidebar_end','comment','guestbook','switch_theme','after_content','before_content','log_write_done','switch_admin_theme','captcha_image') ORDER BY `list_order` ASC [ RunTime:0.000398s ]
[2024-11-20T09:25:09+08:00][sql] CONNECT:[ UseTime:0.000302s ] mysql:host=43.241.16.146;port=3306;dbname=zhibo;charset=utf8mb4
[2024-11-20T09:25:09+08:00][sql] SHOW FULL COLUMNS FROM `cmf_hook` [ RunTime:0.000451s ]
[2024-11-20T09:25:09+08:00][sql] SELECT `hook`,`id` FROM `cmf_hook` WHERE  (  (  `app` = '' OR `app` = 'cmf' )  AND `type` = 3 ) OR `type` = 1 [ RunTime:0.000328s ]
[2024-11-20T09:25:09+08:00][sql] SHOW FULL COLUMNS FROM `cmf_hook_plugin` [ RunTime:0.000413s ]
[2024-11-20T09:25:09+08:00][sql] SELECT `hook`,`plugin` FROM `cmf_hook_plugin` WHERE  `status` = 1  AND `hook` IN ('app_begin','module_init','action_begin','view_filter','app_end','log_write','response_end','admin_init','home_init','send_mobile_verification_code','body_start','before_head_end','footer_start','before_footer','before_footer_end','before_body_end','left_sidebar_start','before_left_sidebar_end','right_sidebar_start','before_right_sidebar_end','comment','guestbook','switch_theme','after_content','before_content','log_write_done','switch_admin_theme','captcha_image') ORDER BY `list_order` ASC [ RunTime:0.000381s ]
[2024-11-20T09:25:09+08:00][sql] SHOW FULL COLUMNS FROM `cmf_plugin` [ RunTime:0.000490s ]
[2024-11-20T09:25:09+08:00][sql] SELECT `config` FROM `cmf_plugin` WHERE  `name` = 'Qiniu' LIMIT 1 [ RunTime:0.000250s ]
[2024-11-20T09:25:09+08:00][sql] CONNECT:[ UseTime:0.000290s ] mysql:host=43.241.16.146;port=3306;dbname=zhibo;charset=utf8mb4
[2024-11-20T09:25:09+08:00][sql] SHOW FULL COLUMNS FROM `cmf_hook` [ RunTime:0.000460s ]
[2024-11-20T09:25:09+08:00][sql] SELECT `hook`,`id` FROM `cmf_hook` WHERE  (  (  `app` = '' OR `app` = 'cmf' )  AND `type` = 3 ) OR `type` = 1 [ RunTime:0.000333s ]
[2024-11-20T09:25:09+08:00][sql] SHOW FULL COLUMNS FROM `cmf_hook_plugin` [ RunTime:0.000442s ]
[2024-11-20T09:25:09+08:00][sql] SELECT `hook`,`plugin` FROM `cmf_hook_plugin` WHERE  `status` = 1  AND `hook` IN ('app_begin','module_init','action_begin','view_filter','app_end','log_write','response_end','admin_init','home_init','send_mobile_verification_code','body_start','before_head_end','footer_start','before_footer','before_footer_end','before_body_end','left_sidebar_start','before_left_sidebar_end','right_sidebar_start','before_right_sidebar_end','comment','guestbook','switch_theme','after_content','before_content','log_write_done','switch_admin_theme','captcha_image') ORDER BY `list_order` ASC [ RunTime:0.000395s ]
[2024-11-20T09:25:36+08:00][sql] CONNECT:[ UseTime:0.000351s ] mysql:host=43.241.16.146;port=3306;dbname=zhibo;charset=utf8mb4
[2024-11-20T09:25:36+08:00][sql] SHOW FULL COLUMNS FROM `cmf_hook` [ RunTime:0.000644s ]
[2024-11-20T09:25:36+08:00][sql] SELECT `hook`,`id` FROM `cmf_hook` WHERE  (  (  `app` = '' OR `app` = 'cmf' )  AND `type` = 3 ) OR `type` = 1 [ RunTime:0.000394s ]
[2024-11-20T09:25:36+08:00][sql] SHOW FULL COLUMNS FROM `cmf_hook_plugin` [ RunTime:0.000433s ]
[2024-11-20T09:25:36+08:00][sql] SELECT `hook`,`plugin` FROM `cmf_hook_plugin` WHERE  `status` = 1  AND `hook` IN ('app_begin','module_init','action_begin','view_filter','app_end','log_write','response_end','admin_init','home_init','send_mobile_verification_code','body_start','before_head_end','footer_start','before_footer','before_footer_end','before_body_end','left_sidebar_start','before_left_sidebar_end','right_sidebar_start','before_right_sidebar_end','comment','guestbook','switch_theme','after_content','before_content','log_write_done','switch_admin_theme','captcha_image') ORDER BY `list_order` ASC [ RunTime:0.000413s ]
[2024-11-20T09:25:36+08:00][sql] SHOW FULL COLUMNS FROM `cmf_user` [ RunTime:0.000752s ]
[2024-11-20T09:25:36+08:00][sql] SELECT * FROM `cmf_user` WHERE  `id` = 1 LIMIT 1 [ RunTime:0.000452s ]
[2024-11-20T09:25:36+08:00][sql] SHOW FULL COLUMNS FROM `cmf_option` [ RunTime:0.000456s ]
[2024-11-20T09:25:36+08:00][sql] SELECT * FROM `cmf_option` WHERE  `option_name` = 'site_info' LIMIT 1 [ RunTime:0.000271s ]
[2024-11-20T09:25:36+08:00][sql] UPDATE `cmf_option`  SET `option_value` = '{"site_name":"晋江市享趣网络科技有限公司","site_seo_title":"","site_seo_keywords":"","site_seo_description":"","maintain_switch":"0","maintain_tips":"维护通知：为了更好的为您服务，本站正在升级维护中，因此带来不便深表歉意","company_name":"晋江市享趣网络科技有限公司","company_desc":"专注于音视频软件开发，提供软件源码、开发及售后服务，为客户打造多样化软件，公司秉承&quot;专注专业，永争第一，用心服务&quot;的企业理念，自主研发了享誉行业的&quot;直播系统&quot;，努力为客户提供更好的产品。rn","site":"http:\/\/yuliao.012539.cn","copyright":"晋江市享趣网络科技有限公司","copyright_url":"","name_coin":"钻石","name_score":"积分","name_votes":"云票","mobile":"","address":"晋江市享趣网络科技有限公司","apk_ewm":"","ipa_ewm":"","wechat_ewm":"","voicelive_icon":"","voicelive_name":"","isup":"0","apk_ver":"","apk_url":"","apk_des":"","ipa_ver":"","ios_shelves":"0","ipa_url":"","ipa_des":"","qr_url":"","wx_siteurl":"http:\/\/x.com\/wxshare\/Share\/show?roomnum=","share_title":"分享了{username}的精彩直播！","share_des":"我看到一个很好看的直播，快来跟我一起围观吧","app_android":"","app_ios":"","video_share_title":"分享了{username}的精彩视频！","video_share_des":"我看到一个很好看的视频，快来跟我一起围观吧","live_time_coin":"20,30,40,50,60,70,80","sprout_appid":"","sprout_key":"","sprout_appid_ios":"","sprout_key_ios":"","skin_whiting":"4","skin_smooth":"4","skin_tenderness":"5","brightness":"60","eye_brow":"20","big_eye":"20","eye_length":"30","eye_corner":"60","eye_alat":"30","face_lift":"40","face_shave":"10","mouse_lift":"10","nose_lift":"10","chin_lift":"30","forehead_lift":"50","lengthen_noseLift":"60","payment_des":"1.付费内容必须符合中华人民共和国法律法规，不得涉及国家法律法规禁止的一切违法内容。rn2.平台有权对用户上传的付费内容进行监管及审核。rn3.如发现违反国家法律的内容，平台有权向相关部门上报，并删除相关违规信息，封禁违规帐号。rn4.请仔细阅读","payment_time":"1","payment_percent":"15","login_alert_title":"服务协议和隐私政策","login_alert_content":"请您务必仔细阅读，充分理解服务协议和隐私政策各条款，包括但不限于为了向您提供即时通讯，内容分享等服务，我们需要收集您设备信息和个人信息，您可以在设置中查看，管理您的授权。您可阅读《隐私政策》和《服务协议》了解详细信息，如您同意，请点击同意接受我们的服务。","login_clause_title":"我已详细阅读并同意《隐私政策》和《服务协议》","login_private_title":"《隐私政策》","login_private_url":"\/portal\/page\/index?id=3","login_service_title":"《服务协议》","login_service_url":"\/portal\/page\/index?id=4","wxmini_version":"2.2.0","wxmini_shelves_version":"2.2.1","wxmini_des":"","teenager_des":"为呵护未成年人健康成长，特别推出青少年模式，该模式下部分功能无法正常使用。请监护人主动选择并设置监护密码。","leaderboard_switch":"1","login_type":"qq,wx,facebook,twitter,ios","share_type":"qq,qzone,wx,wchat,facebook,twitter","live_type":"0;普通房间,1;密码房间,2;门票房间,3;计时房间","login_img":"","login_img_old":"","site_name_en":"Yunbaolivebroadcastsystem","maintain_tips_en":"MaintenanceNotice:Inordertobetterserveyou,thissiteisbeingupgradedandmaintained,soweapologizefortheinconvenience.","name_coin_en":"Coin","name_score_en":"Integral","name_votes_en":"Ticket","login_img_en":"","apk_des_en":"24.03.02rnAddvoicenetworkpushpullstreamingSDKrnrnOfficialwebsitewww.yunbaokj.com","ipa_des_en":"24.03.07rnFixknownbugsrnrnOfficialwebsitewww.yunbaokj.comrnrn","share_title_en":"Shared{username}\'swonderfullivebroadcast!","share_des_en":"Isawaveryinterestinglivebroadcast,comeandwatchitwithme","video_share_title_en":"Shared{username}\'swonderfulvideo!","video_share_des_en":"Isawaveryinterestingvideo,comeandwatchitwithme","payment_des_en":"1.PaidcontentmustcomplywiththelawsandregulationsofthePeople\'sRepublicofChinaandmustnotinvolveanyillegalcontentprohibitedbynationallawsandregulations.rn2.Theplatformhastherighttosuperviseandreviewpaidcontentuploadedbyusers.rn3.Ifcontentthatviolatesnationallawsisdiscovered,theplatformhastherighttoreportittorelevantdepartments,deleterelevantillegalinformation,andbanillegalaccounts.rn4.Pleasereadcarefully","login_alert_title_en":"ServiceAgreementandPrivacyPolicy","login_alert_content_en":"Pleasebesuretoreaditcarefullyandfullyunderstandthetermsoftheserviceagreementandprivacypolicy,includingbutnotlimitedto,inordertoprovideyouwithinstantmessaging,contentsharingandotherservices,weneedtocollectyourdeviceinformationandpersonalinformation.Youcanviewandmanageitinthesettings.YourAuthorization.YoucanreadthePrivacyPolicyandServiceAgreementfordetailedinformation.Ifyouagree,pleaseclicktoagreetoacceptourservices.","login_clause_title_en":"Ihavereadindetailandagreetothe《PrivacyPolicy》and《ServiceAgreement》","login_private_title_en":"PrivacyPolicy","login_service_title_en":"ServiceAgreement","teenager_des_en":"Inordertoprotectthehealthygrowthofminors,ayouthmodeisspeciallylaunched.Inthismode,somefunctionscannotbeusednormally.Guardiansareaskedtoactivelychooseandsetaguardianshippassword."}'  WHERE  `option_name` = 'site_info' [ RunTime:0.025504s ]
[2024-11-20T09:25:36+08:00][sql] SELECT * FROM `cmf_option` WHERE  `option_name` = 'cdn_settings' LIMIT 1 [ RunTime:0.000264s ]
[2024-11-20T09:25:36+08:00][sql] UPDATE `cmf_option`  SET `option_value` = '{"cdn_static_root":""}'  WHERE  `option_name` = 'cdn_settings' [ RunTime:0.013596s ]
[2024-11-20T09:25:36+08:00][sql] SHOW FULL COLUMNS FROM `cmf_route` [ RunTime:0.000508s ]
[2024-11-20T09:25:36+08:00][sql] DELETE FROM `cmf_route` WHERE  `full_url` = 'admin/Index/index' [ RunTime:0.014216s ]
[2024-11-20T09:25:36+08:00][sql] SELECT * FROM `cmf_route` WHERE  `status` = 1 ORDER BY `list_order` ASC [ RunTime:0.000272s ]
[2024-11-20T09:25:36+08:00][sql] SELECT * FROM `cmf_option` WHERE  `option_name` = 'admin_settings' LIMIT 1 [ RunTime:0.000261s ]
[2024-11-20T09:25:36+08:00][sql] UPDATE `cmf_option`  SET `option_value` = '{"admin_password":"","admin_theme":"admin_simpleboot3","admin_style":"flatadmin"}'  WHERE  `option_name` = 'admin_settings' [ RunTime:0.014775s ]
[2024-11-20T09:25:38+08:00][sql] CONNECT:[ UseTime:0.000307s ] mysql:host=43.241.16.146;port=3306;dbname=zhibo;charset=utf8mb4
[2024-11-20T09:25:38+08:00][sql] SHOW FULL COLUMNS FROM `cmf_hook` [ RunTime:0.000479s ]
[2024-11-20T09:25:38+08:00][sql] SELECT `hook`,`id` FROM `cmf_hook` WHERE  (  (  `app` = '' OR `app` = 'cmf' )  AND `type` = 3 ) OR `type` = 1 [ RunTime:0.000332s ]
[2024-11-20T09:25:38+08:00][sql] SHOW FULL COLUMNS FROM `cmf_hook_plugin` [ RunTime:0.000425s ]
[2024-11-20T09:25:38+08:00][sql] SELECT `hook`,`plugin` FROM `cmf_hook_plugin` WHERE  `status` = 1  AND `hook` IN ('app_begin','module_init','action_begin','view_filter','app_end','log_write','response_end','admin_init','home_init','send_mobile_verification_code','body_start','before_head_end','footer_start','before_footer','before_footer_end','before_body_end','left_sidebar_start','before_left_sidebar_end','right_sidebar_start','before_right_sidebar_end','comment','guestbook','switch_theme','after_content','before_content','log_write_done','switch_admin_theme','captcha_image') ORDER BY `list_order` ASC [ RunTime:0.000398s ]
[2024-11-20T09:25:38+08:00][sql] SELECT `hook` FROM `cmf_hook` WHERE  `app` = 'admin' [ RunTime:0.000292s ]
[2024-11-20T09:25:38+08:00][sql] SELECT `hook`,`plugin` FROM `cmf_hook_plugin` WHERE  `status` = 1  AND `hook` IN ('admin_dashboard','admin_login','admin_theme_design_view','admin_setting_site_view','admin_setting_clear_cache_view','admin_nav_index_view','admin_link_index_view','admin_slide_index_view','admin_user_index_view','admin_rbac_index_view','admin_index_index_view','admin_recycle_bin_index_view','admin_menu_index_view','admin_custom_login_open','admin_slide_item_index_view','admin_slide_item_add_view','admin_slide_item_edit_view','admin_user_add_view','admin_user_edit_view','admin_rbac_role_add_view','admin_rbac_role_edit_view','admin_rbac_authorize_view') ORDER BY `list_order` ASC [ RunTime:0.000356s ]
[2024-11-20T09:25:38+08:00][sql] SHOW FULL COLUMNS FROM `cmf_option` [ RunTime:0.000478s ]
[2024-11-20T09:25:38+08:00][sql] SELECT `option_value` FROM `cmf_option` WHERE  `option_name` = 'cdn_settings' LIMIT 1 [ RunTime:0.000245s ]
[2024-11-20T09:25:38+08:00][sql] SELECT `option_value` FROM `cmf_option` WHERE  `option_name` = 'site_info' LIMIT 1 [ RunTime:0.000254s ]
[2024-11-20T09:25:38+08:00][sql] SHOW FULL COLUMNS FROM `cmf_user` [ RunTime:0.000657s ]
[2024-11-20T09:25:38+08:00][sql] SELECT * FROM `cmf_user` WHERE  `id` = 1 LIMIT 1 [ RunTime:0.000420s ]
[2024-11-20T09:25:38+08:00][sql] SELECT `option_value` FROM `cmf_option` WHERE  `option_name` = 'cmf_settings' LIMIT 1 [ RunTime:0.000242s ]
[2024-11-20T09:25:38+08:00][sql] SELECT `option_value` FROM `cmf_option` WHERE  `option_name` = 'admin_settings' LIMIT 1 [ RunTime:0.000225s ]
[2024-11-20T09:25:39+08:00][sql] CONNECT:[ UseTime:0.000302s ] mysql:host=43.241.16.146;port=3306;dbname=zhibo;charset=utf8mb4
[2024-11-20T09:25:39+08:00][sql] SHOW FULL COLUMNS FROM `cmf_hook` [ RunTime:0.000490s ]
[2024-11-20T09:25:39+08:00][sql] SELECT `hook`,`id` FROM `cmf_hook` WHERE  (  (  `app` = '' OR `app` = 'cmf' )  AND `type` = 3 ) OR `type` = 1 [ RunTime:0.000339s ]
[2024-11-20T09:25:39+08:00][sql] SHOW FULL COLUMNS FROM `cmf_hook_plugin` [ RunTime:0.000434s ]
[2024-11-20T09:25:39+08:00][sql] SELECT `hook`,`plugin` FROM `cmf_hook_plugin` WHERE  `status` = 1  AND `hook` IN ('app_begin','module_init','action_begin','view_filter','app_end','log_write','response_end','admin_init','home_init','send_mobile_verification_code','body_start','before_head_end','footer_start','before_footer','before_footer_end','before_body_end','left_sidebar_start','before_left_sidebar_end','right_sidebar_start','before_right_sidebar_end','comment','guestbook','switch_theme','after_content','before_content','log_write_done','switch_admin_theme','captcha_image') ORDER BY `list_order` ASC [ RunTime:0.000406s ]
[2024-11-20T09:25:39+08:00][sql] SELECT `hook` FROM `cmf_hook` WHERE  `app` = '404' [ RunTime:0.000287s ]
[2024-11-20T09:25:39+08:00][sql] SELECT `hook`,`plugin` FROM `cmf_hook_plugin` WHERE  `status` = 1  AND 0 = 1 ORDER BY `list_order` ASC [ RunTime:0.000220s ]
[2024-11-20T09:25:41+08:00][sql] CONNECT:[ UseTime:0.000299s ] mysql:host=43.241.16.146;port=3306;dbname=zhibo;charset=utf8mb4
[2024-11-20T09:25:41+08:00][sql] SHOW FULL COLUMNS FROM `cmf_hook` [ RunTime:0.000478s ]
[2024-11-20T09:25:41+08:00][sql] SELECT `hook`,`id` FROM `cmf_hook` WHERE  (  (  `app` = '' OR `app` = 'cmf' )  AND `type` = 3 ) OR `type` = 1 [ RunTime:0.000334s ]
[2024-11-20T09:25:41+08:00][sql] SHOW FULL COLUMNS FROM `cmf_hook_plugin` [ RunTime:0.000437s ]
[2024-11-20T09:25:41+08:00][sql] SELECT `hook`,`plugin` FROM `cmf_hook_plugin` WHERE  `status` = 1  AND `hook` IN ('app_begin','module_init','action_begin','view_filter','app_end','log_write','response_end','admin_init','home_init','send_mobile_verification_code','body_start','before_head_end','footer_start','before_footer','before_footer_end','before_body_end','left_sidebar_start','before_left_sidebar_end','right_sidebar_start','before_right_sidebar_end','comment','guestbook','switch_theme','after_content','before_content','log_write_done','switch_admin_theme','captcha_image') ORDER BY `list_order` ASC [ RunTime:0.000398s ]
[2024-11-20T09:25:41+08:00][sql] SELECT `hook` FROM `cmf_hook` WHERE  `app` = 'home' [ RunTime:0.000274s ]
[2024-11-20T09:25:41+08:00][sql] SELECT `hook`,`plugin` FROM `cmf_hook_plugin` WHERE  `status` = 1  AND 0 = 1 ORDER BY `list_order` ASC [ RunTime:0.000221s ]
[2024-11-20T09:25:41+08:00][sql] SHOW FULL COLUMNS FROM `cmf_option` [ RunTime:0.000440s ]
[2024-11-20T09:25:41+08:00][sql] SELECT `option_value` FROM `cmf_option` WHERE  `option_name` = 'storage' LIMIT 1 [ RunTime:0.000256s ]
[2024-11-20T09:25:41+08:00][sql] SHOW FULL COLUMNS FROM `cmf_plugin` [ RunTime:0.000488s ]
[2024-11-20T09:25:41+08:00][sql] SELECT `config` FROM `cmf_plugin` WHERE  `name` = 'Qiniu' LIMIT 1 [ RunTime:0.000252s ]
[2024-11-20T09:25:41+08:00][sql] SHOW FULL COLUMNS FROM `cmf_live` [ RunTime:0.000590s ]
[2024-11-20T09:25:41+08:00][sql] SELECT * FROM `cmf_live` WHERE  ( islive='1' and isrecommend='1' and type='0' and live_type=0 ) [ RunTime:0.000414s ]
[2024-11-20T09:25:41+08:00][sql] SHOW FULL COLUMNS FROM `cmf_slide_item` [ RunTime:0.000477s ]
[2024-11-20T09:25:41+08:00][sql] SELECT * FROM `cmf_slide_item` WHERE  ( status='1' and slide_id='1' ) ORDER BY `list_order` ASC [ RunTime:0.000304s ]
[2024-11-20T09:25:41+08:00][sql] SHOW FULL COLUMNS FROM `cmf_live_class` [ RunTime:0.000437s ]
[2024-11-20T09:25:41+08:00][sql] SELECT * FROM `cmf_live_class` ORDER BY `list_order` LIMIT 5 [ RunTime:0.000260s ]
[2024-11-20T09:25:41+08:00][sql] SELECT * FROM `cmf_live` WHERE  `islive` = 1  AND `live_type` = 0  AND `liveclassid` = 8 ORDER BY `recommend_time` DESC,`starttime` DESC LIMIT 5 [ RunTime:0.000419s ]
[2024-11-20T09:25:41+08:00][sql] SELECT `uid`,`thumb`,`stream`,`title`,`city`,`islive`,`type` FROM `cmf_live` WHERE  ( islive='1' and ishot='1' and live_type=0 ) ORDER BY `isrecommend` DESC,`recommend_time` DESC,`hotvotes` DESC,`starttime` DESC LIMIT 5 [ RunTime:0.000306s ]
[2024-11-20T09:25:41+08:00][sql] SELECT `uid`,`thumb`,`stream`,`title`,`city`,`islive`,`type` FROM `cmf_live` WHERE  ( islive='1' and live_type=0 ) ORDER BY `starttime` DESC LIMIT 5 [ RunTime:0.000273s ]
[2024-11-20T09:25:41+08:00][sql] SHOW FULL COLUMNS FROM `cmf_theme_file` [ RunTime:0.000475s ]
[2024-11-20T09:25:41+08:00][sql] SELECT `more` FROM `cmf_theme_file` WHERE  `theme` = 'default'  AND (  `is_public` = 1 OR `file` = '../home/index/index' ) [ RunTime:0.000284s ]
[2024-11-20T09:25:41+08:00][sql] CONNECT:[ UseTime:0.000304s ] mysql:host=43.241.16.146;port=3306;dbname=zhibo;charset=utf8mb4
[2024-11-20T09:25:41+08:00][sql] SHOW FULL COLUMNS FROM `cmf_hook` [ RunTime:0.000464s ]
[2024-11-20T09:25:41+08:00][sql] SELECT `hook`,`id` FROM `cmf_hook` WHERE  (  (  `app` = '' OR `app` = 'cmf' )  AND `type` = 3 ) OR `type` = 1 [ RunTime:0.000335s ]
[2024-11-20T09:25:41+08:00][sql] SHOW FULL COLUMNS FROM `cmf_hook_plugin` [ RunTime:0.000432s ]
[2024-11-20T09:25:41+08:00][sql] SELECT `hook`,`plugin` FROM `cmf_hook_plugin` WHERE  `status` = 1  AND `hook` IN ('app_begin','module_init','action_begin','view_filter','app_end','log_write','response_end','admin_init','home_init','send_mobile_verification_code','body_start','before_head_end','footer_start','before_footer','before_footer_end','before_body_end','left_sidebar_start','before_left_sidebar_end','right_sidebar_start','before_right_sidebar_end','comment','guestbook','switch_theme','after_content','before_content','log_write_done','switch_admin_theme','captcha_image') ORDER BY `list_order` ASC [ RunTime:0.000404s ]
[2024-11-20T09:25:41+08:00][sql] SHOW FULL COLUMNS FROM `cmf_plugin` [ RunTime:0.000513s ]
[2024-11-20T09:25:41+08:00][sql] SELECT `config` FROM `cmf_plugin` WHERE  `name` = 'Qiniu' LIMIT 1 [ RunTime:0.000251s ]
[2024-11-20T09:25:41+08:00][sql] CONNECT:[ UseTime:0.000300s ] mysql:host=43.241.16.146;port=3306;dbname=zhibo;charset=utf8mb4
[2024-11-20T09:25:41+08:00][sql] SHOW FULL COLUMNS FROM `cmf_hook` [ RunTime:0.000458s ]
[2024-11-20T09:25:41+08:00][sql] SELECT `hook`,`id` FROM `cmf_hook` WHERE  (  (  `app` = '' OR `app` = 'cmf' )  AND `type` = 3 ) OR `type` = 1 [ RunTime:0.000333s ]
[2024-11-20T09:25:41+08:00][sql] SHOW FULL COLUMNS FROM `cmf_hook_plugin` [ RunTime:0.000425s ]
[2024-11-20T09:25:41+08:00][sql] SELECT `hook`,`plugin` FROM `cmf_hook_plugin` WHERE  `status` = 1  AND `hook` IN ('app_begin','module_init','action_begin','view_filter','app_end','log_write','response_end','admin_init','home_init','send_mobile_verification_code','body_start','before_head_end','footer_start','before_footer','before_footer_end','before_body_end','left_sidebar_start','before_left_sidebar_end','right_sidebar_start','before_right_sidebar_end','comment','guestbook','switch_theme','after_content','before_content','log_write_done','switch_admin_theme','captcha_image') ORDER BY `list_order` ASC [ RunTime:0.000395s ]
[2024-11-20T09:25:42+08:00][sql] CONNECT:[ UseTime:0.000302s ] mysql:host=43.241.16.146;port=3306;dbname=zhibo;charset=utf8mb4
[2024-11-20T09:25:42+08:00][sql] SHOW FULL COLUMNS FROM `cmf_hook` [ RunTime:0.000457s ]
[2024-11-20T09:25:42+08:00][sql] SELECT `hook`,`id` FROM `cmf_hook` WHERE  (  (  `app` = '' OR `app` = 'cmf' )  AND `type` = 3 ) OR `type` = 1 [ RunTime:0.000337s ]
[2024-11-20T09:25:42+08:00][sql] SHOW FULL COLUMNS FROM `cmf_hook_plugin` [ RunTime:0.000419s ]
[2024-11-20T09:25:42+08:00][sql] SELECT `hook`,`plugin` FROM `cmf_hook_plugin` WHERE  `status` = 1  AND `hook` IN ('app_begin','module_init','action_begin','view_filter','app_end','log_write','response_end','admin_init','home_init','send_mobile_verification_code','body_start','before_head_end','footer_start','before_footer','before_footer_end','before_body_end','left_sidebar_start','before_left_sidebar_end','right_sidebar_start','before_right_sidebar_end','comment','guestbook','switch_theme','after_content','before_content','log_write_done','switch_admin_theme','captcha_image') ORDER BY `list_order` ASC [ RunTime:0.000384s ]
[2024-11-20T10:03:18+08:00][sql] CONNECT:[ UseTime:0.000343s ] mysql:host=43.241.16.146;port=3306;dbname=zhibo;charset=utf8mb4
[2024-11-20T10:03:18+08:00][sql] SHOW FULL COLUMNS FROM `cmf_hook` [ RunTime:0.000527s ]
[2024-11-20T10:03:18+08:00][sql] SELECT `hook`,`id` FROM `cmf_hook` WHERE  (  (  `app` = '' OR `app` = 'cmf' )  AND `type` = 3 ) OR `type` = 1 [ RunTime:0.000334s ]
[2024-11-20T10:03:18+08:00][sql] SHOW FULL COLUMNS FROM `cmf_hook_plugin` [ RunTime:0.000436s ]
[2024-11-20T10:03:18+08:00][sql] SELECT `hook`,`plugin` FROM `cmf_hook_plugin` WHERE  `status` = 1  AND `hook` IN ('app_begin','module_init','action_begin','view_filter','app_end','log_write','response_end','admin_init','home_init','send_mobile_verification_code','body_start','before_head_end','footer_start','before_footer','before_footer_end','before_body_end','left_sidebar_start','before_left_sidebar_end','right_sidebar_start','before_right_sidebar_end','comment','guestbook','switch_theme','after_content','before_content','log_write_done','switch_admin_theme','captcha_image') ORDER BY `list_order` ASC [ RunTime:0.000394s ]
[2024-11-20T10:03:18+08:00][sql] SELECT `hook` FROM `cmf_hook` WHERE  `app` = 'appapi' [ RunTime:0.000264s ]
[2024-11-20T10:03:18+08:00][sql] SELECT `hook`,`plugin` FROM `cmf_hook_plugin` WHERE  `status` = 1  AND 0 = 1 ORDER BY `list_order` ASC [ RunTime:0.000218s ]
[2024-11-20T10:03:18+08:00][sql] SHOW FULL COLUMNS FROM `cmf_plugin` [ RunTime:0.000494s ]
[2024-11-20T10:03:18+08:00][sql] SELECT `config` FROM `cmf_plugin` WHERE  `name` = 'Qiniu' LIMIT 1 [ RunTime:0.000238s ]
[2024-11-20T10:03:18+08:00][sql] SHOW FULL COLUMNS FROM `cmf_family_user` [ RunTime:0.000458s ]
[2024-11-20T10:03:18+08:00][sql] SELECT * FROM `cmf_family_user` WHERE  `uid` = 3 LIMIT 1 [ RunTime:0.000259s ]
[2024-11-20T10:03:18+08:00][sql] SHOW FULL COLUMNS FROM `cmf_family` [ RunTime:0.000462s ]
[2024-11-20T10:03:18+08:00][sql] SELECT * FROM `cmf_family` WHERE  ( disable=0 and state=2 ) ORDER BY `addtime` ASC LIMIT 0,50 [ RunTime:0.000284s ]
[2024-11-20T10:03:18+08:00][sql] SHOW FULL COLUMNS FROM `cmf_theme_file` [ RunTime:0.000458s ]
[2024-11-20T10:03:18+08:00][sql] SELECT `more` FROM `cmf_theme_file` WHERE  `theme` = 'default'  AND (  `is_public` = 1 OR `file` = '../appapi/family/index' ) [ RunTime:0.000279s ]
[2024-11-20T10:03:19+08:00][sql] CONNECT:[ UseTime:0.000283s ] mysql:host=43.241.16.146;port=3306;dbname=zhibo;charset=utf8mb4
[2024-11-20T10:03:19+08:00][sql] SHOW FULL COLUMNS FROM `cmf_hook` [ RunTime:0.000455s ]
[2024-11-20T10:03:19+08:00][sql] SELECT `hook`,`id` FROM `cmf_hook` WHERE  (  (  `app` = '' OR `app` = 'cmf' )  AND `type` = 3 ) OR `type` = 1 [ RunTime:0.000321s ]
[2024-11-20T10:03:19+08:00][sql] SHOW FULL COLUMNS FROM `cmf_hook_plugin` [ RunTime:0.000429s ]
[2024-11-20T10:03:19+08:00][sql] SELECT `hook`,`plugin` FROM `cmf_hook_plugin` WHERE  `status` = 1  AND `hook` IN ('app_begin','module_init','action_begin','view_filter','app_end','log_write','response_end','admin_init','home_init','send_mobile_verification_code','body_start','before_head_end','footer_start','before_footer','before_footer_end','before_body_end','left_sidebar_start','before_left_sidebar_end','right_sidebar_start','before_right_sidebar_end','comment','guestbook','switch_theme','after_content','before_content','log_write_done','switch_admin_theme','captcha_image') ORDER BY `list_order` ASC [ RunTime:0.000386s ]
[2024-11-20T10:05:28+08:00][sql] CONNECT:[ UseTime:0.000353s ] mysql:host=43.241.16.146;port=3306;dbname=zhibo;charset=utf8mb4
[2024-11-20T10:05:28+08:00][sql] SHOW FULL COLUMNS FROM `cmf_hook` [ RunTime:0.000500s ]
[2024-11-20T10:05:28+08:00][sql] SELECT `hook`,`id` FROM `cmf_hook` WHERE  (  (  `app` = '' OR `app` = 'cmf' )  AND `type` = 3 ) OR `type` = 1 [ RunTime:0.000331s ]
[2024-11-20T10:05:28+08:00][sql] SHOW FULL COLUMNS FROM `cmf_hook_plugin` [ RunTime:0.000424s ]
[2024-11-20T10:05:28+08:00][sql] SELECT `hook`,`plugin` FROM `cmf_hook_plugin` WHERE  `status` = 1  AND `hook` IN ('app_begin','module_init','action_begin','view_filter','app_end','log_write','response_end','admin_init','home_init','send_mobile_verification_code','body_start','before_head_end','footer_start','before_footer','before_footer_end','before_body_end','left_sidebar_start','before_left_sidebar_end','right_sidebar_start','before_right_sidebar_end','comment','guestbook','switch_theme','after_content','before_content','log_write_done','switch_admin_theme','captcha_image') ORDER BY `list_order` ASC [ RunTime:0.000399s ]
[2024-11-20T10:05:28+08:00][sql] SHOW FULL COLUMNS FROM `cmf_plugin` [ RunTime:0.000500s ]
[2024-11-20T10:05:28+08:00][sql] SELECT `config` FROM `cmf_plugin` WHERE  `name` = 'Qiniu' LIMIT 1 [ RunTime:0.000242s ]
[2024-11-20T10:05:28+08:00][sql] SHOW FULL COLUMNS FROM `cmf_user` [ RunTime:0.000632s ]
[2024-11-20T10:05:28+08:00][sql] SELECT `id`,`user_nickname`,`coin`,`score` FROM `cmf_user` WHERE  `id` = 3 LIMIT 1 [ RunTime:0.000266s ]
[2024-11-20T10:05:28+08:00][sql] SHOW FULL COLUMNS FROM `cmf_vip` [ RunTime:0.000445s ]
[2024-11-20T10:05:28+08:00][sql] SELECT * FROM `cmf_vip` ORDER BY `list_order` ASC [ RunTime:0.000239s ]
[2024-11-20T10:05:28+08:00][sql] SHOW FULL COLUMNS FROM `cmf_vip_user` [ RunTime:0.000416s ]
[2024-11-20T10:05:28+08:00][sql] SELECT * FROM `cmf_vip_user` WHERE  `uid` = 3  AND `endtime` > 1732068328 LIMIT 1 [ RunTime:0.000243s ]
[2024-11-20T10:05:28+08:00][sql] SHOW FULL COLUMNS FROM `cmf_liang` [ RunTime:0.000441s ]
[2024-11-20T10:05:28+08:00][sql] SELECT * FROM `cmf_liang` WHERE  ( status=0 ) ORDER BY `list_order` ASC,`id` DESC LIMIT 21 [ RunTime:0.000262s ]
[2024-11-20T10:05:28+08:00][sql] SHOW FULL COLUMNS FROM `cmf_theme_file` [ RunTime:0.000450s ]
[2024-11-20T10:05:28+08:00][sql] SELECT `more` FROM `cmf_theme_file` WHERE  `theme` = 'default'  AND (  `is_public` = 1 OR `file` = '../appapi/mall/index' ) [ RunTime:0.000276s ]
[2024-11-20T10:05:28+08:00][sql] CONNECT:[ UseTime:0.000286s ] mysql:host=43.241.16.146;port=3306;dbname=zhibo;charset=utf8mb4
[2024-11-20T10:05:28+08:00][sql] SHOW FULL COLUMNS FROM `cmf_hook` [ RunTime:0.000466s ]
[2024-11-20T10:05:28+08:00][sql] SELECT `hook`,`id` FROM `cmf_hook` WHERE  (  (  `app` = '' OR `app` = 'cmf' )  AND `type` = 3 ) OR `type` = 1 [ RunTime:0.000330s ]
[2024-11-20T10:05:28+08:00][sql] SHOW FULL COLUMNS FROM `cmf_hook_plugin` [ RunTime:0.000417s ]
[2024-11-20T10:05:28+08:00][sql] SELECT `hook`,`plugin` FROM `cmf_hook_plugin` WHERE  `status` = 1  AND `hook` IN ('app_begin','module_init','action_begin','view_filter','app_end','log_write','response_end','admin_init','home_init','send_mobile_verification_code','body_start','before_head_end','footer_start','before_footer','before_footer_end','before_body_end','left_sidebar_start','before_left_sidebar_end','right_sidebar_start','before_right_sidebar_end','comment','guestbook','switch_theme','after_content','before_content','log_write_done','switch_admin_theme','captcha_image') ORDER BY `list_order` ASC [ RunTime:0.000389s ]
[2024-11-20T10:05:30+08:00][sql] CONNECT:[ UseTime:0.000331s ] mysql:host=43.241.16.146;port=3306;dbname=zhibo;charset=utf8mb4
[2024-11-20T10:05:30+08:00][sql] SHOW FULL COLUMNS FROM `cmf_hook` [ RunTime:0.000454s ]
[2024-11-20T10:05:30+08:00][sql] SELECT `hook`,`id` FROM `cmf_hook` WHERE  (  (  `app` = '' OR `app` = 'cmf' )  AND `type` = 3 ) OR `type` = 1 [ RunTime:0.000324s ]
[2024-11-20T10:05:30+08:00][sql] SHOW FULL COLUMNS FROM `cmf_hook_plugin` [ RunTime:0.000445s ]
[2024-11-20T10:05:30+08:00][sql] SELECT `hook`,`plugin` FROM `cmf_hook_plugin` WHERE  `status` = 1  AND `hook` IN ('app_begin','module_init','action_begin','view_filter','app_end','log_write','response_end','admin_init','home_init','send_mobile_verification_code','body_start','before_head_end','footer_start','before_footer','before_footer_end','before_body_end','left_sidebar_start','before_left_sidebar_end','right_sidebar_start','before_right_sidebar_end','comment','guestbook','switch_theme','after_content','before_content','log_write_done','switch_admin_theme','captcha_image') ORDER BY `list_order` ASC [ RunTime:0.000393s ]
[2024-11-20T10:05:30+08:00][sql] SHOW FULL COLUMNS FROM `cmf_plugin` [ RunTime:0.000540s ]
[2024-11-20T10:05:30+08:00][sql] SELECT `config` FROM `cmf_plugin` WHERE  `name` = 'Qiniu' LIMIT 1 [ RunTime:0.000241s ]
[2024-11-20T10:05:30+08:00][sql] SHOW FULL COLUMNS FROM `cmf_user` [ RunTime:0.000634s ]
[2024-11-20T10:05:30+08:00][sql] SELECT `id`,`user_nickname`,`coin`,`score` FROM `cmf_user` WHERE  `id` = 3 LIMIT 1 [ RunTime:0.000266s ]
[2024-11-20T10:05:30+08:00][sql] SHOW FULL COLUMNS FROM `cmf_vip` [ RunTime:0.000451s ]
[2024-11-20T10:05:30+08:00][sql] SELECT * FROM `cmf_vip` ORDER BY `list_order` ASC [ RunTime:0.000239s ]
[2024-11-20T10:05:30+08:00][sql] SHOW FULL COLUMNS FROM `cmf_vip_user` [ RunTime:0.000398s ]
[2024-11-20T10:05:30+08:00][sql] SELECT * FROM `cmf_vip_user` WHERE  `uid` = 3  AND `endtime` > 1732068330 LIMIT 1 [ RunTime:0.000241s ]
[2024-11-20T10:05:30+08:00][sql] SHOW FULL COLUMNS FROM `cmf_liang` [ RunTime:0.000441s ]
[2024-11-20T10:05:30+08:00][sql] SELECT * FROM `cmf_liang` WHERE  ( status=0 ) ORDER BY `list_order` ASC,`id` DESC LIMIT 21 [ RunTime:0.000261s ]
[2024-11-20T10:05:30+08:00][sql] SHOW FULL COLUMNS FROM `cmf_theme_file` [ RunTime:0.000479s ]
[2024-11-20T10:05:30+08:00][sql] SELECT `more` FROM `cmf_theme_file` WHERE  `theme` = 'default'  AND (  `is_public` = 1 OR `file` = '../appapi/mall/index' ) [ RunTime:0.000270s ]
[2024-11-20T10:05:34+08:00][sql] CONNECT:[ UseTime:0.000271s ] mysql:host=43.241.16.146;port=3306;dbname=zhibo;charset=utf8mb4
[2024-11-20T10:05:34+08:00][sql] SHOW FULL COLUMNS FROM `cmf_hook` [ RunTime:0.000469s ]
[2024-11-20T10:05:34+08:00][sql] SELECT `hook`,`id` FROM `cmf_hook` WHERE  (  (  `app` = '' OR `app` = 'cmf' )  AND `type` = 3 ) OR `type` = 1 [ RunTime:0.000328s ]
[2024-11-20T10:05:34+08:00][sql] SHOW FULL COLUMNS FROM `cmf_hook_plugin` [ RunTime:0.000432s ]
[2024-11-20T10:05:34+08:00][sql] SELECT `hook`,`plugin` FROM `cmf_hook_plugin` WHERE  `status` = 1  AND `hook` IN ('app_begin','module_init','action_begin','view_filter','app_end','log_write','response_end','admin_init','home_init','send_mobile_verification_code','body_start','before_head_end','footer_start','before_footer','before_footer_end','before_body_end','left_sidebar_start','before_left_sidebar_end','right_sidebar_start','before_right_sidebar_end','comment','guestbook','switch_theme','after_content','before_content','log_write_done','switch_admin_theme','captcha_image') ORDER BY `list_order` ASC [ RunTime:0.000398s ]
[2024-11-20T10:05:34+08:00][sql] SHOW FULL COLUMNS FROM `cmf_plugin` [ RunTime:0.000565s ]
[2024-11-20T10:05:34+08:00][sql] SELECT `config` FROM `cmf_plugin` WHERE  `name` = 'Qiniu' LIMIT 1 [ RunTime:0.000245s ]
[2024-11-20T10:05:34+08:00][sql] SHOW FULL COLUMNS FROM `cmf_user` [ RunTime:0.000625s ]
[2024-11-20T10:05:34+08:00][sql] SELECT `id`,`user_nickname`,`coin`,`score` FROM `cmf_user` WHERE  `id` = 3 LIMIT 1 [ RunTime:0.000268s ]
[2024-11-20T10:05:34+08:00][sql] SHOW FULL COLUMNS FROM `cmf_vip` [ RunTime:0.000447s ]
[2024-11-20T10:05:34+08:00][sql] SELECT * FROM `cmf_vip` ORDER BY `list_order` ASC [ RunTime:0.000242s ]
[2024-11-20T10:05:34+08:00][sql] SHOW FULL COLUMNS FROM `cmf_vip_user` [ RunTime:0.000421s ]
[2024-11-20T10:05:34+08:00][sql] SELECT * FROM `cmf_vip_user` WHERE  `uid` = 3  AND `endtime` > 1732068334 LIMIT 1 [ RunTime:0.000254s ]
[2024-11-20T10:05:34+08:00][sql] SHOW FULL COLUMNS FROM `cmf_liang` [ RunTime:0.000447s ]
[2024-11-20T10:05:34+08:00][sql] SELECT * FROM `cmf_liang` WHERE  ( status=0 ) ORDER BY `list_order` ASC,`id` DESC LIMIT 21 [ RunTime:0.000258s ]
[2024-11-20T10:05:34+08:00][sql] SHOW FULL COLUMNS FROM `cmf_theme_file` [ RunTime:0.000455s ]
[2024-11-20T10:05:34+08:00][sql] SELECT `more` FROM `cmf_theme_file` WHERE  `theme` = 'default'  AND (  `is_public` = 1 OR `file` = '../appapi/mall/index' ) [ RunTime:0.000279s ]
[2024-11-20T10:05:34+08:00][sql] CONNECT:[ UseTime:0.000291s ] mysql:host=43.241.16.146;port=3306;dbname=zhibo;charset=utf8mb4
[2024-11-20T10:05:34+08:00][sql] SHOW FULL COLUMNS FROM `cmf_hook` [ RunTime:0.000463s ]
[2024-11-20T10:05:34+08:00][sql] SELECT `hook`,`id` FROM `cmf_hook` WHERE  (  (  `app` = '' OR `app` = 'cmf' )  AND `type` = 3 ) OR `type` = 1 [ RunTime:0.000324s ]
[2024-11-20T10:05:34+08:00][sql] SHOW FULL COLUMNS FROM `cmf_hook_plugin` [ RunTime:0.000419s ]
[2024-11-20T10:05:34+08:00][sql] SELECT `hook`,`plugin` FROM `cmf_hook_plugin` WHERE  `status` = 1  AND `hook` IN ('app_begin','module_init','action_begin','view_filter','app_end','log_write','response_end','admin_init','home_init','send_mobile_verification_code','body_start','before_head_end','footer_start','before_footer','before_footer_end','before_body_end','left_sidebar_start','before_left_sidebar_end','right_sidebar_start','before_right_sidebar_end','comment','guestbook','switch_theme','after_content','before_content','log_write_done','switch_admin_theme','captcha_image') ORDER BY `list_order` ASC [ RunTime:0.000395s ]
[2024-11-20T11:51:30+08:00][sql] CONNECT:[ UseTime:0.000362s ] mysql:host=43.241.16.146;port=3306;dbname=zhibo;charset=utf8mb4
[2024-11-20T11:51:30+08:00][sql] SHOW FULL COLUMNS FROM `cmf_hook` [ RunTime:0.000658s ]
[2024-11-20T11:51:30+08:00][sql] SELECT `hook`,`id` FROM `cmf_hook` WHERE  (  (  `app` = '' OR `app` = 'cmf' )  AND `type` = 3 ) OR `type` = 1 [ RunTime:0.000394s ]
[2024-11-20T11:51:30+08:00][sql] SHOW FULL COLUMNS FROM `cmf_hook_plugin` [ RunTime:0.000428s ]
[2024-11-20T11:51:30+08:00][sql] SELECT `hook`,`plugin` FROM `cmf_hook_plugin` WHERE  `status` = 1  AND `hook` IN ('app_begin','module_init','action_begin','view_filter','app_end','log_write','response_end','admin_init','home_init','send_mobile_verification_code','body_start','before_head_end','footer_start','before_footer','before_footer_end','before_body_end','left_sidebar_start','before_left_sidebar_end','right_sidebar_start','before_right_sidebar_end','comment','guestbook','switch_theme','after_content','before_content','log_write_done','switch_admin_theme','captcha_image') ORDER BY `list_order` ASC [ RunTime:0.000421s ]
[2024-11-20T11:51:30+08:00][sql] SHOW FULL COLUMNS FROM `cmf_plugin` [ RunTime:0.000631s ]
[2024-11-20T11:51:30+08:00][sql] SELECT `config` FROM `cmf_plugin` WHERE  `name` = 'Qiniu' LIMIT 1 [ RunTime:0.000261s ]
[2024-11-20T11:51:30+08:00][sql] SHOW FULL COLUMNS FROM `cmf_liang` [ RunTime:0.000461s ]
[2024-11-20T11:51:30+08:00][sql] SELECT * FROM `cmf_liang` WHERE  `uid` = 3 ORDER BY `buytime` DESC [ RunTime:0.000288s ]
[2024-11-20T11:51:30+08:00][sql] SHOW FULL COLUMNS FROM `cmf_car_user` [ RunTime:0.002213s ]
[2024-11-20T11:51:30+08:00][sql] SELECT * FROM `cmf_car_user` WHERE  `uid` = 3  AND `endtime` > 1732074690 [ RunTime:0.000268s ]
[2024-11-20T11:51:30+08:00][sql] SHOW FULL COLUMNS FROM `cmf_theme_file` [ RunTime:0.000490s ]
[2024-11-20T11:51:30+08:00][sql] SELECT `more` FROM `cmf_theme_file` WHERE  `theme` = 'default'  AND (  `is_public` = 1 OR `file` = '../appapi/equipment/index' ) [ RunTime:0.000284s ]
[2024-11-20T11:51:30+08:00][sql] CONNECT:[ UseTime:0.000288s ] mysql:host=43.241.16.146;port=3306;dbname=zhibo;charset=utf8mb4
[2024-11-20T11:51:30+08:00][sql] SHOW FULL COLUMNS FROM `cmf_hook` [ RunTime:0.000491s ]
[2024-11-20T11:51:30+08:00][sql] SELECT `hook`,`id` FROM `cmf_hook` WHERE  (  (  `app` = '' OR `app` = 'cmf' )  AND `type` = 3 ) OR `type` = 1 [ RunTime:0.000323s ]
[2024-11-20T11:51:30+08:00][sql] SHOW FULL COLUMNS FROM `cmf_hook_plugin` [ RunTime:0.000430s ]
[2024-11-20T11:51:30+08:00][sql] SELECT `hook`,`plugin` FROM `cmf_hook_plugin` WHERE  `status` = 1  AND `hook` IN ('app_begin','module_init','action_begin','view_filter','app_end','log_write','response_end','admin_init','home_init','send_mobile_verification_code','body_start','before_head_end','footer_start','before_footer','before_footer_end','before_body_end','left_sidebar_start','before_left_sidebar_end','right_sidebar_start','before_right_sidebar_end','comment','guestbook','switch_theme','after_content','before_content','log_write_done','switch_admin_theme','captcha_image') ORDER BY `list_order` ASC [ RunTime:0.000389s ]
[2024-11-20T11:51:33+08:00][sql] CONNECT:[ UseTime:0.000304s ] mysql:host=43.241.16.146;port=3306;dbname=zhibo;charset=utf8mb4
[2024-11-20T11:51:33+08:00][sql] SHOW FULL COLUMNS FROM `cmf_hook` [ RunTime:0.000506s ]
[2024-11-20T11:51:33+08:00][sql] SELECT `hook`,`id` FROM `cmf_hook` WHERE  (  (  `app` = '' OR `app` = 'cmf' )  AND `type` = 3 ) OR `type` = 1 [ RunTime:0.000331s ]
[2024-11-20T11:51:33+08:00][sql] SHOW FULL COLUMNS FROM `cmf_hook_plugin` [ RunTime:0.000420s ]
[2024-11-20T11:51:33+08:00][sql] SELECT `hook`,`plugin` FROM `cmf_hook_plugin` WHERE  `status` = 1  AND `hook` IN ('app_begin','module_init','action_begin','view_filter','app_end','log_write','response_end','admin_init','home_init','send_mobile_verification_code','body_start','before_head_end','footer_start','before_footer','before_footer_end','before_body_end','left_sidebar_start','before_left_sidebar_end','right_sidebar_start','before_right_sidebar_end','comment','guestbook','switch_theme','after_content','before_content','log_write_done','switch_admin_theme','captcha_image') ORDER BY `list_order` ASC [ RunTime:0.000388s ]
[2024-11-20T11:51:33+08:00][sql] SHOW FULL COLUMNS FROM `cmf_plugin` [ RunTime:0.000571s ]
[2024-11-20T11:51:33+08:00][sql] SELECT `config` FROM `cmf_plugin` WHERE  `name` = 'Qiniu' LIMIT 1 [ RunTime:0.000253s ]
[2024-11-20T11:51:33+08:00][sql] SHOW FULL COLUMNS FROM `cmf_family_user` [ RunTime:0.000473s ]
[2024-11-20T11:51:33+08:00][sql] SELECT * FROM `cmf_family_user` WHERE  `uid` = 3 LIMIT 1 [ RunTime:0.000270s ]
[2024-11-20T11:51:33+08:00][sql] SHOW FULL COLUMNS FROM `cmf_family` [ RunTime:0.000476s ]
[2024-11-20T11:51:33+08:00][sql] SELECT * FROM `cmf_family` WHERE  ( disable=0 and state=2 ) ORDER BY `addtime` ASC LIMIT 0,50 [ RunTime:0.000298s ]
[2024-11-20T11:51:33+08:00][sql] SHOW FULL COLUMNS FROM `cmf_theme_file` [ RunTime:0.000468s ]
[2024-11-20T11:51:33+08:00][sql] SELECT `more` FROM `cmf_theme_file` WHERE  `theme` = 'default'  AND (  `is_public` = 1 OR `file` = '../appapi/family/index' ) [ RunTime:0.000282s ]
[2024-11-20T11:51:39+08:00][sql] CONNECT:[ UseTime:0.000319s ] mysql:host=43.241.16.146;port=3306;dbname=zhibo;charset=utf8mb4
[2024-11-20T11:51:39+08:00][sql] SHOW FULL COLUMNS FROM `cmf_hook` [ RunTime:0.000482s ]
[2024-11-20T11:51:39+08:00][sql] SELECT `hook`,`id` FROM `cmf_hook` WHERE  (  (  `app` = '' OR `app` = 'cmf' )  AND `type` = 3 ) OR `type` = 1 [ RunTime:0.000339s ]
[2024-11-20T11:51:39+08:00][sql] SHOW FULL COLUMNS FROM `cmf_hook_plugin` [ RunTime:0.000441s ]
[2024-11-20T11:51:39+08:00][sql] SELECT `hook`,`plugin` FROM `cmf_hook_plugin` WHERE  `status` = 1  AND `hook` IN ('app_begin','module_init','action_begin','view_filter','app_end','log_write','response_end','admin_init','home_init','send_mobile_verification_code','body_start','before_head_end','footer_start','before_footer','before_footer_end','before_body_end','left_sidebar_start','before_left_sidebar_end','right_sidebar_start','before_right_sidebar_end','comment','guestbook','switch_theme','after_content','before_content','log_write_done','switch_admin_theme','captcha_image') ORDER BY `list_order` ASC [ RunTime:0.000395s ]
[2024-11-20T11:51:39+08:00][sql] SHOW FULL COLUMNS FROM `cmf_plugin` [ RunTime:0.000506s ]
[2024-11-20T11:51:39+08:00][sql] SELECT `config` FROM `cmf_plugin` WHERE  `name` = 'Qiniu' LIMIT 1 [ RunTime:0.000252s ]
[2024-11-20T11:51:39+08:00][sql] SHOW FULL COLUMNS FROM `cmf_user` [ RunTime:0.000648s ]
[2024-11-20T11:51:39+08:00][sql] SELECT `id`,`user_nickname`,`avatar`,`avatar_thumb`,`sex`,`signature`,`consumption`,`votestotal`,`province`,`user_status`,`city`,`birthday`,`issuper`,`end_bantime` FROM `cmf_user` WHERE  `id` = 3 LIMIT 1 [ RunTime:0.000315s ]
[2024-11-20T11:51:39+08:00][sql] SHOW FULL COLUMNS FROM `cmf_vip_user` [ RunTime:0.000428s ]
[2024-11-20T11:51:39+08:00][sql] SELECT * FROM `cmf_vip_user` WHERE  `uid` = 3 LIMIT 1 [ RunTime:0.000238s ]
[2024-11-20T11:51:39+08:00][sql] SHOW FULL COLUMNS FROM `cmf_liang` [ RunTime:0.000456s ]
[2024-11-20T11:51:39+08:00][sql] SELECT * FROM `cmf_liang` WHERE  ( status=1 and state=1 )  AND `uid` = 3 LIMIT 1 [ RunTime:0.000277s ]
[2024-11-20T11:51:39+08:00][sql] SHOW FULL COLUMNS FROM `cmf_user_token` [ RunTime:0.000420s ]
[2024-11-20T11:51:39+08:00][sql] SELECT `token` FROM `cmf_user_token` WHERE  ( user_id=3 ) LIMIT 1 [ RunTime:0.000218s ]
[2024-11-20T11:51:39+08:00][sql] SHOW FULL COLUMNS FROM `cmf_agent_code` [ RunTime:0.000420s ]
[2024-11-20T11:51:39+08:00][sql] SELECT `code` FROM `cmf_agent_code` WHERE  `uid` = 3 LIMIT 1 [ RunTime:0.000231s ]
[2024-11-20T11:51:39+08:00][sql] SHOW FULL COLUMNS FROM `cmf_agent` [ RunTime:0.000447s ]
[2024-11-20T11:51:39+08:00][sql] SELECT * FROM `cmf_agent` WHERE  `uid` = 3 LIMIT 1 [ RunTime:0.000253s ]
[2024-11-20T11:51:39+08:00][sql] SHOW FULL COLUMNS FROM `cmf_agent_profit` [ RunTime:0.002137s ]
[2024-11-20T11:51:39+08:00][sql] SELECT * FROM `cmf_agent_profit` WHERE  `uid` = 3 LIMIT 1 [ RunTime:0.000277s ]
[2024-11-20T11:51:39+08:00][sql] SHOW FULL COLUMNS FROM `cmf_theme_file` [ RunTime:0.000481s ]
[2024-11-20T11:51:39+08:00][sql] SELECT `more` FROM `cmf_theme_file` WHERE  `theme` = 'default'  AND (  `is_public` = 1 OR `file` = '../appapi/agent/index' ) [ RunTime:0.000281s ]
[2024-11-20T11:51:40+08:00][sql] CONNECT:[ UseTime:0.000300s ] mysql:host=43.241.16.146;port=3306;dbname=zhibo;charset=utf8mb4
[2024-11-20T11:51:40+08:00][sql] SHOW FULL COLUMNS FROM `cmf_hook` [ RunTime:0.000475s ]
[2024-11-20T11:51:40+08:00][sql] SELECT `hook`,`id` FROM `cmf_hook` WHERE  (  (  `app` = '' OR `app` = 'cmf' )  AND `type` = 3 ) OR `type` = 1 [ RunTime:0.000337s ]
[2024-11-20T11:51:40+08:00][sql] SHOW FULL COLUMNS FROM `cmf_hook_plugin` [ RunTime:0.000442s ]
[2024-11-20T11:51:40+08:00][sql] SELECT `hook`,`plugin` FROM `cmf_hook_plugin` WHERE  `status` = 1  AND `hook` IN ('app_begin','module_init','action_begin','view_filter','app_end','log_write','response_end','admin_init','home_init','send_mobile_verification_code','body_start','before_head_end','footer_start','before_footer','before_footer_end','before_body_end','left_sidebar_start','before_left_sidebar_end','right_sidebar_start','before_right_sidebar_end','comment','guestbook','switch_theme','after_content','before_content','log_write_done','switch_admin_theme','captcha_image') ORDER BY `list_order` ASC [ RunTime:0.000423s ]
[2024-11-20T11:51:42+08:00][sql] CONNECT:[ UseTime:0.000285s ] mysql:host=43.241.16.146;port=3306;dbname=zhibo;charset=utf8mb4
[2024-11-20T11:51:42+08:00][sql] SHOW FULL COLUMNS FROM `cmf_hook` [ RunTime:0.000521s ]
[2024-11-20T11:51:42+08:00][sql] SELECT `hook`,`id` FROM `cmf_hook` WHERE  (  (  `app` = '' OR `app` = 'cmf' )  AND `type` = 3 ) OR `type` = 1 [ RunTime:0.000333s ]
[2024-11-20T11:51:42+08:00][sql] SHOW FULL COLUMNS FROM `cmf_hook_plugin` [ RunTime:0.000418s ]
[2024-11-20T11:51:42+08:00][sql] SELECT `hook`,`plugin` FROM `cmf_hook_plugin` WHERE  `status` = 1  AND `hook` IN ('app_begin','module_init','action_begin','view_filter','app_end','log_write','response_end','admin_init','home_init','send_mobile_verification_code','body_start','before_head_end','footer_start','before_footer','before_footer_end','before_body_end','left_sidebar_start','before_left_sidebar_end','right_sidebar_start','before_right_sidebar_end','comment','guestbook','switch_theme','after_content','before_content','log_write_done','switch_admin_theme','captcha_image') ORDER BY `list_order` ASC [ RunTime:0.000407s ]
[2024-11-20T11:51:42+08:00][sql] SHOW FULL COLUMNS FROM `cmf_plugin` [ RunTime:0.000595s ]
[2024-11-20T11:51:42+08:00][sql] SELECT `config` FROM `cmf_plugin` WHERE  `name` = 'Qiniu' LIMIT 1 [ RunTime:0.000263s ]
[2024-11-20T11:51:42+08:00][sql] SHOW FULL COLUMNS FROM `cmf_user` [ RunTime:0.000645s ]
[2024-11-20T11:51:42+08:00][sql] SELECT `id`,`user_nickname`,`avatar`,`avatar_thumb`,`sex`,`signature`,`consumption`,`votestotal`,`province`,`user_status`,`city`,`birthday`,`issuper`,`end_bantime` FROM `cmf_user` WHERE  `id` = 3 LIMIT 1 [ RunTime:0.000320s ]
[2024-11-20T11:51:42+08:00][sql] SHOW FULL COLUMNS FROM `cmf_vip_user` [ RunTime:0.000429s ]
[2024-11-20T11:51:42+08:00][sql] SELECT * FROM `cmf_vip_user` WHERE  `uid` = 3 LIMIT 1 [ RunTime:0.000236s ]
[2024-11-20T11:51:42+08:00][sql] SHOW FULL COLUMNS FROM `cmf_liang` [ RunTime:0.000460s ]
[2024-11-20T11:51:42+08:00][sql] SELECT * FROM `cmf_liang` WHERE  ( status=1 and state=1 )  AND `uid` = 3 LIMIT 1 [ RunTime:0.000275s ]
[2024-11-20T11:51:42+08:00][sql] SHOW FULL COLUMNS FROM `cmf_user_token` [ RunTime:0.000437s ]
[2024-11-20T11:51:42+08:00][sql] SELECT `token` FROM `cmf_user_token` WHERE  ( user_id=3 ) LIMIT 1 [ RunTime:0.000218s ]
[2024-11-20T11:51:42+08:00][sql] SHOW FULL COLUMNS FROM `cmf_agent_code` [ RunTime:0.000418s ]
[2024-11-20T11:51:42+08:00][sql] SELECT `code` FROM `cmf_agent_code` WHERE  `uid` = 3 LIMIT 1 [ RunTime:0.000226s ]
[2024-11-20T11:51:42+08:00][sql] SHOW FULL COLUMNS FROM `cmf_agent` [ RunTime:0.000403s ]
[2024-11-20T11:51:42+08:00][sql] SELECT * FROM `cmf_agent` WHERE  `uid` = 3 LIMIT 1 [ RunTime:0.000248s ]
[2024-11-20T11:51:42+08:00][sql] SHOW FULL COLUMNS FROM `cmf_agent_profit` [ RunTime:0.000420s ]
[2024-11-20T11:51:42+08:00][sql] SELECT * FROM `cmf_agent_profit` WHERE  `uid` = 3 LIMIT 1 [ RunTime:0.000244s ]
[2024-11-20T11:51:42+08:00][sql] SHOW FULL COLUMNS FROM `cmf_theme_file` [ RunTime:0.000463s ]
[2024-11-20T11:51:42+08:00][sql] SELECT `more` FROM `cmf_theme_file` WHERE  `theme` = 'default'  AND (  `is_public` = 1 OR `file` = '../appapi/agent/index' ) [ RunTime:0.000278s ]
[2024-11-20T11:51:43+08:00][sql] CONNECT:[ UseTime:0.000305s ] mysql:host=43.241.16.146;port=3306;dbname=zhibo;charset=utf8mb4
[2024-11-20T11:51:43+08:00][sql] SHOW FULL COLUMNS FROM `cmf_hook` [ RunTime:0.000467s ]
[2024-11-20T11:51:43+08:00][sql] SELECT `hook`,`id` FROM `cmf_hook` WHERE  (  (  `app` = '' OR `app` = 'cmf' )  AND `type` = 3 ) OR `type` = 1 [ RunTime:0.000339s ]
[2024-11-20T11:51:43+08:00][sql] SHOW FULL COLUMNS FROM `cmf_hook_plugin` [ RunTime:0.000442s ]
[2024-11-20T11:51:43+08:00][sql] SELECT `hook`,`plugin` FROM `cmf_hook_plugin` WHERE  `status` = 1  AND `hook` IN ('app_begin','module_init','action_begin','view_filter','app_end','log_write','response_end','admin_init','home_init','send_mobile_verification_code','body_start','before_head_end','footer_start','before_footer','before_footer_end','before_body_end','left_sidebar_start','before_left_sidebar_end','right_sidebar_start','before_right_sidebar_end','comment','guestbook','switch_theme','after_content','before_content','log_write_done','switch_admin_theme','captcha_image') ORDER BY `list_order` ASC [ RunTime:0.000416s ]
[2024-11-20T11:52:02+08:00][sql] CONNECT:[ UseTime:0.000327s ] mysql:host=43.241.16.146;port=3306;dbname=zhibo;charset=utf8mb4
[2024-11-20T11:52:02+08:00][sql] SHOW FULL COLUMNS FROM `cmf_hook` [ RunTime:0.000489s ]
[2024-11-20T11:52:02+08:00][sql] SELECT `hook`,`id` FROM `cmf_hook` WHERE  (  (  `app` = '' OR `app` = 'cmf' )  AND `type` = 3 ) OR `type` = 1 [ RunTime:0.000340s ]
[2024-11-20T11:52:02+08:00][sql] SHOW FULL COLUMNS FROM `cmf_hook_plugin` [ RunTime:0.000435s ]
[2024-11-20T11:52:02+08:00][sql] SELECT `hook`,`plugin` FROM `cmf_hook_plugin` WHERE  `status` = 1  AND `hook` IN ('app_begin','module_init','action_begin','view_filter','app_end','log_write','response_end','admin_init','home_init','send_mobile_verification_code','body_start','before_head_end','footer_start','before_footer','before_footer_end','before_body_end','left_sidebar_start','before_left_sidebar_end','right_sidebar_start','before_right_sidebar_end','comment','guestbook','switch_theme','after_content','before_content','log_write_done','switch_admin_theme','captcha_image') ORDER BY `list_order` ASC [ RunTime:0.000405s ]
[2024-11-20T11:52:02+08:00][sql] SHOW FULL COLUMNS FROM `cmf_plugin` [ RunTime:0.000502s ]
[2024-11-20T11:52:02+08:00][sql] SELECT `config` FROM `cmf_plugin` WHERE  `name` = 'Qiniu' LIMIT 1 [ RunTime:0.000248s ]
[2024-11-20T11:52:02+08:00][sql] SHOW FULL COLUMNS FROM `cmf_user_auth` [ RunTime:0.000475s ]
[2024-11-20T11:52:02+08:00][sql] SELECT * FROM `cmf_user_auth` WHERE  `uid` = 3 LIMIT 1 [ RunTime:0.000263s ]
[2024-11-20T11:52:02+08:00][sql] SHOW FULL COLUMNS FROM `cmf_theme_file` [ RunTime:0.000460s ]
[2024-11-20T11:52:02+08:00][sql] SELECT `more` FROM `cmf_theme_file` WHERE  `theme` = 'default'  AND (  `is_public` = 1 OR `file` = '../appapi/auth/index' ) [ RunTime:0.000285s ]
[2024-11-20T11:52:03+08:00][sql] CONNECT:[ UseTime:0.000307s ] mysql:host=43.241.16.146;port=3306;dbname=zhibo;charset=utf8mb4
[2024-11-20T11:52:03+08:00][sql] SHOW FULL COLUMNS FROM `cmf_hook` [ RunTime:0.000474s ]
[2024-11-20T11:52:03+08:00][sql] SELECT `hook`,`id` FROM `cmf_hook` WHERE  (  (  `app` = '' OR `app` = 'cmf' )  AND `type` = 3 ) OR `type` = 1 [ RunTime:0.000339s ]
[2024-11-20T11:52:03+08:00][sql] SHOW FULL COLUMNS FROM `cmf_hook_plugin` [ RunTime:0.000433s ]
[2024-11-20T11:52:03+08:00][sql] SELECT `hook`,`plugin` FROM `cmf_hook_plugin` WHERE  `status` = 1  AND `hook` IN ('app_begin','module_init','action_begin','view_filter','app_end','log_write','response_end','admin_init','home_init','send_mobile_verification_code','body_start','before_head_end','footer_start','before_footer','before_footer_end','before_body_end','left_sidebar_start','before_left_sidebar_end','right_sidebar_start','before_right_sidebar_end','comment','guestbook','switch_theme','after_content','before_content','log_write_done','switch_admin_theme','captcha_image') ORDER BY `list_order` ASC [ RunTime:0.000412s ]
[2024-11-20T12:05:26+08:00][sql] CONNECT:[ UseTime:0.000368s ] mysql:host=43.241.16.146;port=3306;dbname=zhibo;charset=utf8mb4
[2024-11-20T12:05:26+08:00][sql] SHOW FULL COLUMNS FROM `cmf_hook` [ RunTime:0.000499s ]
[2024-11-20T12:05:26+08:00][sql] SELECT `hook`,`id` FROM `cmf_hook` WHERE  (  (  `app` = '' OR `app` = 'cmf' )  AND `type` = 3 ) OR `type` = 1 [ RunTime:0.000347s ]
[2024-11-20T12:05:26+08:00][sql] SHOW FULL COLUMNS FROM `cmf_hook_plugin` [ RunTime:0.000440s ]
[2024-11-20T12:05:26+08:00][sql] SELECT `hook`,`plugin` FROM `cmf_hook_plugin` WHERE  `status` = 1  AND `hook` IN ('app_begin','module_init','action_begin','view_filter','app_end','log_write','response_end','admin_init','home_init','send_mobile_verification_code','body_start','before_head_end','footer_start','before_footer','before_footer_end','before_body_end','left_sidebar_start','before_left_sidebar_end','right_sidebar_start','before_right_sidebar_end','comment','guestbook','switch_theme','after_content','before_content','log_write_done','switch_admin_theme','captcha_image') ORDER BY `list_order` ASC [ RunTime:0.000396s ]
[2024-11-20T12:05:26+08:00][sql] SHOW FULL COLUMNS FROM `cmf_plugin` [ RunTime:0.000511s ]
[2024-11-20T12:05:26+08:00][sql] SELECT `config` FROM `cmf_plugin` WHERE  `name` = 'Qiniu' LIMIT 1 [ RunTime:0.000261s ]
[2024-11-20T12:05:26+08:00][sql] SHOW FULL COLUMNS FROM `cmf_user` [ RunTime:0.000657s ]
[2024-11-20T12:05:26+08:00][sql] SELECT `id`,`user_login`,`user_nickname`,`avatar`,`avatar_thumb`,`sex`,`signature`,`consumption`,`votestotal`,`province`,`city`,`coin`,`votes`,`birthday`,`issuper` FROM `cmf_user` WHERE  `id` = 2 LIMIT 1 [ RunTime:0.000333s ]
[2024-11-20T12:05:26+08:00][sql] SHOW FULL COLUMNS FROM `cmf_vip_user` [ RunTime:0.000424s ]
[2024-11-20T12:05:26+08:00][sql] SELECT * FROM `cmf_vip_user` WHERE  `uid` = 2 LIMIT 1 [ RunTime:0.000244s ]
[2024-11-20T12:05:26+08:00][sql] SHOW FULL COLUMNS FROM `cmf_liang` [ RunTime:0.000465s ]
[2024-11-20T12:05:26+08:00][sql] SELECT * FROM `cmf_liang` WHERE  ( status=1 and state=1 )  AND `uid` = 2 LIMIT 1 [ RunTime:0.000280s ]
[2024-11-20T12:05:26+08:00][sql] SHOW FULL COLUMNS FROM `cmf_user_token` [ RunTime:0.000460s ]
[2024-11-20T12:05:26+08:00][sql] SELECT `token` FROM `cmf_user_token` WHERE  ( user_id=2 ) LIMIT 1 [ RunTime:0.000220s ]
[2024-11-20T12:05:26+08:00][sql] SELECT `id`,`user_login`,`user_nickname`,`avatar`,`avatar_thumb`,`sex`,`signature`,`consumption`,`votestotal`,`province`,`city`,`coin`,`votes`,`birthday`,`issuper` FROM `cmf_user` WHERE  `id` = 2 LIMIT 1 [ RunTime:0.000292s ]
[2024-11-20T12:05:26+08:00][sql] SELECT * FROM `cmf_vip_user` WHERE  `uid` = 2 LIMIT 1 [ RunTime:0.000226s ]
[2024-11-20T12:05:26+08:00][sql] SELECT * FROM `cmf_liang` WHERE  ( status=1 and state=1 )  AND `uid` = 2 LIMIT 1 [ RunTime:0.000258s ]
[2024-11-20T12:05:26+08:00][sql] SELECT `token` FROM `cmf_user_token` WHERE  ( user_id=2 ) LIMIT 1 [ RunTime:0.000200s ]
[2024-11-20T12:05:26+08:00][sql] SHOW FULL COLUMNS FROM `cmf_live` [ RunTime:0.000597s ]
[2024-11-20T12:05:26+08:00][sql] SELECT * FROM `cmf_live` WHERE  ( islive='1' and isrecommend='1' and type='0' and live_type=0 ) [ RunTime:0.000408s ]
[2024-11-20T12:05:26+08:00][sql] SHOW FULL COLUMNS FROM `cmf_slide_item` [ RunTime:0.000469s ]
[2024-11-20T12:05:26+08:00][sql] SELECT * FROM `cmf_slide_item` WHERE  ( status='1' and slide_id='1' ) ORDER BY `list_order` ASC [ RunTime:0.000313s ]
[2024-11-20T12:05:26+08:00][sql] SHOW FULL COLUMNS FROM `cmf_live_class` [ RunTime:0.000461s ]
[2024-11-20T12:05:26+08:00][sql] SELECT * FROM `cmf_live_class` ORDER BY `list_order` LIMIT 5 [ RunTime:0.000295s ]
[2024-11-20T12:05:26+08:00][sql] SELECT * FROM `cmf_live` WHERE  `islive` = 1  AND `live_type` = 0  AND `liveclassid` = 8 ORDER BY `recommend_time` DESC,`starttime` DESC LIMIT 5 [ RunTime:0.000418s ]
[2024-11-20T12:05:26+08:00][sql] SELECT `uid`,`thumb`,`stream`,`title`,`city`,`islive`,`type` FROM `cmf_live` WHERE  ( islive='1' and ishot='1' and live_type=0 ) ORDER BY `isrecommend` DESC,`recommend_time` DESC,`hotvotes` DESC,`starttime` DESC LIMIT 5 [ RunTime:0.000309s ]
[2024-11-20T12:05:26+08:00][sql] SELECT `uid`,`thumb`,`stream`,`title`,`city`,`islive`,`type` FROM `cmf_live` WHERE  ( islive='1' and live_type=0 ) ORDER BY `starttime` DESC LIMIT 5 [ RunTime:0.000264s ]
[2024-11-20T12:05:26+08:00][sql] SHOW FULL COLUMNS FROM `cmf_theme_file` [ RunTime:0.000490s ]
[2024-11-20T12:05:26+08:00][sql] SELECT `more` FROM `cmf_theme_file` WHERE  `theme` = 'default'  AND (  `is_public` = 1 OR `file` = '../home/index/index' ) [ RunTime:0.000284s ]
[2024-11-20T12:05:27+08:00][sql] CONNECT:[ UseTime:0.000312s ] mysql:host=43.241.16.146;port=3306;dbname=zhibo;charset=utf8mb4
[2024-11-20T12:05:27+08:00][sql] SHOW FULL COLUMNS FROM `cmf_hook` [ RunTime:0.000486s ]
[2024-11-20T12:05:27+08:00][sql] SELECT `hook`,`id` FROM `cmf_hook` WHERE  (  (  `app` = '' OR `app` = 'cmf' )  AND `type` = 3 ) OR `type` = 1 [ RunTime:0.000354s ]
[2024-11-20T12:05:27+08:00][sql] SHOW FULL COLUMNS FROM `cmf_hook_plugin` [ RunTime:0.000439s ]
[2024-11-20T12:05:27+08:00][sql] SELECT `hook`,`plugin` FROM `cmf_hook_plugin` WHERE  `status` = 1  AND `hook` IN ('app_begin','module_init','action_begin','view_filter','app_end','log_write','response_end','admin_init','home_init','send_mobile_verification_code','body_start','before_head_end','footer_start','before_footer','before_footer_end','before_body_end','left_sidebar_start','before_left_sidebar_end','right_sidebar_start','before_right_sidebar_end','comment','guestbook','switch_theme','after_content','before_content','log_write_done','switch_admin_theme','captcha_image') ORDER BY `list_order` ASC [ RunTime:0.000399s ]
[2024-11-20T12:05:27+08:00][sql] SELECT `hook` FROM `cmf_hook` WHERE  `app` = 'wxshare' [ RunTime:0.000278s ]
[2024-11-20T12:05:27+08:00][sql] SELECT `hook`,`plugin` FROM `cmf_hook_plugin` WHERE  `status` = 1  AND 0 = 1 ORDER BY `list_order` ASC [ RunTime:0.000221s ]
[2024-11-20T12:05:27+08:00][sql] SHOW FULL COLUMNS FROM `cmf_plugin` [ RunTime:0.000513s ]
[2024-11-20T12:05:27+08:00][sql] SELECT `config` FROM `cmf_plugin` WHERE  `name` = 'Qiniu' LIMIT 1 [ RunTime:0.000251s ]
[2024-11-20T12:05:27+08:00][sql] SHOW FULL COLUMNS FROM `cmf_user` [ RunTime:0.000656s ]
[2024-11-20T12:05:27+08:00][sql] SELECT `id`,`user_login`,`user_nickname`,`avatar`,`avatar_thumb`,`sex`,`signature`,`consumption`,`votestotal`,`province`,`city`,`coin`,`votes`,`birthday`,`issuper` FROM `cmf_user` WHERE  `id` = 2 LIMIT 1 [ RunTime:0.000331s ]
[2024-11-20T12:05:27+08:00][sql] SHOW FULL COLUMNS FROM `cmf_vip_user` [ RunTime:0.000436s ]
[2024-11-20T12:05:27+08:00][sql] SELECT * FROM `cmf_vip_user` WHERE  `uid` = 2 LIMIT 1 [ RunTime:0.000249s ]
[2024-11-20T12:05:27+08:00][sql] SHOW FULL COLUMNS FROM `cmf_liang` [ RunTime:0.000474s ]
[2024-11-20T12:05:27+08:00][sql] SELECT * FROM `cmf_liang` WHERE  ( status=1 and state=1 )  AND `uid` = 2 LIMIT 1 [ RunTime:0.000283s ]
[2024-11-20T12:05:27+08:00][sql] SHOW FULL COLUMNS FROM `cmf_user_token` [ RunTime:0.000475s ]
[2024-11-20T12:05:27+08:00][sql] SELECT `token` FROM `cmf_user_token` WHERE  ( user_id=2 ) LIMIT 1 [ RunTime:0.000224s ]
[2024-11-20T12:05:27+08:00][sql] SELECT `id`,`user_login`,`user_nickname`,`avatar`,`avatar_thumb`,`sex`,`signature`,`consumption`,`votestotal`,`province`,`city`,`coin`,`votes`,`birthday`,`issuper` FROM `cmf_user` WHERE  `id` = 2 LIMIT 1 [ RunTime:0.000292s ]
[2024-11-20T12:05:27+08:00][sql] SELECT * FROM `cmf_vip_user` WHERE  `uid` = 2 LIMIT 1 [ RunTime:0.000242s ]
[2024-11-20T12:05:27+08:00][sql] SELECT * FROM `cmf_liang` WHERE  ( status=1 and state=1 )  AND `uid` = 2 LIMIT 1 [ RunTime:0.000270s ]
[2024-11-20T12:05:27+08:00][sql] SELECT `token` FROM `cmf_user_token` WHERE  ( user_id=2 ) LIMIT 1 [ RunTime:0.000218s ]
[2024-11-20T12:05:27+08:00][sql] SHOW FULL COLUMNS FROM `cmf_slide_item` [ RunTime:0.000480s ]
[2024-11-20T12:05:27+08:00][sql] SELECT * FROM `cmf_slide_item` WHERE  ( status='1' and slide_id='6' ) ORDER BY `list_order` ASC [ RunTime:0.000318s ]
[2024-11-20T12:05:27+08:00][sql] SHOW FULL COLUMNS FROM `cmf_live` [ RunTime:0.000587s ]
[2024-11-20T12:05:27+08:00][sql] SELECT `uid`,`title`,`city`,`stream`,`pull`,`thumb`,`type` FROM `cmf_live` WHERE  `islive` = 1  AND `live_type` = 0  AND `ishot` = 1 ORDER BY `recommend_time` DESC,`starttime` DESC LIMIT 0,20 [ RunTime:0.000341s ]
[2024-11-20T12:05:27+08:00][sql] SHOW FULL COLUMNS FROM `cmf_theme_file` [ RunTime:0.000486s ]
[2024-11-20T12:05:27+08:00][sql] SELECT `more` FROM `cmf_theme_file` WHERE  `theme` = 'default'  AND (  `is_public` = 1 OR `file` = '../wxshare/share/index' ) [ RunTime:0.000290s ]
[2024-11-20T12:05:34+08:00][sql] CONNECT:[ UseTime:0.000340s ] mysql:host=43.241.16.146;port=3306;dbname=zhibo;charset=utf8mb4
[2024-11-20T12:05:34+08:00][sql] SHOW FULL COLUMNS FROM `cmf_hook` [ RunTime:0.000490s ]
[2024-11-20T12:05:34+08:00][sql] SELECT `hook`,`id` FROM `cmf_hook` WHERE  (  (  `app` = '' OR `app` = 'cmf' )  AND `type` = 3 ) OR `type` = 1 [ RunTime:0.000343s ]
[2024-11-20T12:05:34+08:00][sql] SHOW FULL COLUMNS FROM `cmf_hook_plugin` [ RunTime:0.000440s ]
[2024-11-20T12:05:34+08:00][sql] SELECT `hook`,`plugin` FROM `cmf_hook_plugin` WHERE  `status` = 1  AND `hook` IN ('app_begin','module_init','action_begin','view_filter','app_end','log_write','response_end','admin_init','home_init','send_mobile_verification_code','body_start','before_head_end','footer_start','before_footer','before_footer_end','before_body_end','left_sidebar_start','before_left_sidebar_end','right_sidebar_start','before_right_sidebar_end','comment','guestbook','switch_theme','after_content','before_content','log_write_done','switch_admin_theme','captcha_image') ORDER BY `list_order` ASC [ RunTime:0.000417s ]
[2024-11-20T12:05:34+08:00][sql] SHOW FULL COLUMNS FROM `cmf_plugin` [ RunTime:0.000515s ]
[2024-11-20T12:05:34+08:00][sql] SELECT `config` FROM `cmf_plugin` WHERE  `name` = 'Qiniu' LIMIT 1 [ RunTime:0.000251s ]
[2024-11-20T12:05:34+08:00][sql] SHOW FULL COLUMNS FROM `cmf_user` [ RunTime:0.000648s ]
[2024-11-20T12:05:34+08:00][sql] SELECT `id`,`user_login`,`user_nickname`,`avatar`,`avatar_thumb`,`sex`,`signature`,`consumption`,`votestotal`,`province`,`city`,`coin`,`votes`,`birthday`,`issuper` FROM `cmf_user` WHERE  `id` = 2 LIMIT 1 [ RunTime:0.000320s ]
[2024-11-20T12:05:34+08:00][sql] SHOW FULL COLUMNS FROM `cmf_vip_user` [ RunTime:0.000433s ]
[2024-11-20T12:05:34+08:00][sql] SELECT * FROM `cmf_vip_user` WHERE  `uid` = 2 LIMIT 1 [ RunTime:0.000234s ]
[2024-11-20T12:05:34+08:00][sql] SHOW FULL COLUMNS FROM `cmf_liang` [ RunTime:0.000447s ]
[2024-11-20T12:05:34+08:00][sql] SELECT * FROM `cmf_liang` WHERE  ( status=1 and state=1 )  AND `uid` = 2 LIMIT 1 [ RunTime:0.000283s ]
[2024-11-20T12:05:34+08:00][sql] SHOW FULL COLUMNS FROM `cmf_user_token` [ RunTime:0.000414s ]
[2024-11-20T12:05:34+08:00][sql] SELECT `token` FROM `cmf_user_token` WHERE  ( user_id=2 ) LIMIT 1 [ RunTime:0.000218s ]
[2024-11-20T12:05:34+08:00][sql] SELECT `id`,`user_login`,`user_nickname`,`avatar`,`avatar_thumb`,`sex`,`signature`,`consumption`,`votestotal`,`province`,`city`,`coin`,`votes`,`birthday`,`issuper` FROM `cmf_user` WHERE  `id` = 2 LIMIT 1 [ RunTime:0.000282s ]
[2024-11-20T12:05:34+08:00][sql] SELECT * FROM `cmf_vip_user` WHERE  `uid` = 2 LIMIT 1 [ RunTime:0.000277s ]
[2024-11-20T12:05:34+08:00][sql] SELECT * FROM `cmf_liang` WHERE  ( status=1 and state=1 )  AND `uid` = 2 LIMIT 1 [ RunTime:0.000268s ]
[2024-11-20T12:05:34+08:00][sql] SELECT `token` FROM `cmf_user_token` WHERE  ( user_id=2 ) LIMIT 1 [ RunTime:0.000208s ]
[2024-11-20T12:05:34+08:00][sql] SHOW FULL COLUMNS FROM `cmf_slide_item` [ RunTime:0.000497s ]
[2024-11-20T12:05:34+08:00][sql] SELECT * FROM `cmf_slide_item` WHERE  ( status='1' and slide_id='6' ) ORDER BY `list_order` ASC [ RunTime:0.000311s ]
[2024-11-20T12:05:34+08:00][sql] SHOW FULL COLUMNS FROM `cmf_live` [ RunTime:0.000578s ]
[2024-11-20T12:05:34+08:00][sql] SELECT `uid`,`title`,`city`,`stream`,`pull`,`thumb`,`type` FROM `cmf_live` WHERE  `islive` = 1  AND `live_type` = 0 ORDER BY `starttime` DESC LIMIT 0,20 [ RunTime:0.000318s ]
[2024-11-20T12:05:34+08:00][sql] SHOW FULL COLUMNS FROM `cmf_theme_file` [ RunTime:0.000473s ]
[2024-11-20T12:05:34+08:00][sql] SELECT `more` FROM `cmf_theme_file` WHERE  `theme` = 'default'  AND (  `is_public` = 1 OR `file` = '../wxshare/share/index' ) [ RunTime:0.000280s ]
[2024-11-20T12:05:36+08:00][sql] CONNECT:[ UseTime:0.000325s ] mysql:host=43.241.16.146;port=3306;dbname=zhibo;charset=utf8mb4
[2024-11-20T12:05:36+08:00][sql] SHOW FULL COLUMNS FROM `cmf_hook` [ RunTime:0.000565s ]
[2024-11-20T12:05:36+08:00][sql] SELECT `hook`,`id` FROM `cmf_hook` WHERE  (  (  `app` = '' OR `app` = 'cmf' )  AND `type` = 3 ) OR `type` = 1 [ RunTime:0.000368s ]
[2024-11-20T12:05:36+08:00][sql] SHOW FULL COLUMNS FROM `cmf_hook_plugin` [ RunTime:0.000436s ]
[2024-11-20T12:05:36+08:00][sql] SELECT `hook`,`plugin` FROM `cmf_hook_plugin` WHERE  `status` = 1  AND `hook` IN ('app_begin','module_init','action_begin','view_filter','app_end','log_write','response_end','admin_init','home_init','send_mobile_verification_code','body_start','before_head_end','footer_start','before_footer','before_footer_end','before_body_end','left_sidebar_start','before_left_sidebar_end','right_sidebar_start','before_right_sidebar_end','comment','guestbook','switch_theme','after_content','before_content','log_write_done','switch_admin_theme','captcha_image') ORDER BY `list_order` ASC [ RunTime:0.000408s ]
[2024-11-20T12:05:36+08:00][sql] SHOW FULL COLUMNS FROM `cmf_plugin` [ RunTime:0.000570s ]
[2024-11-20T12:05:36+08:00][sql] SELECT `config` FROM `cmf_plugin` WHERE  `name` = 'Qiniu' LIMIT 1 [ RunTime:0.000251s ]
[2024-11-20T12:05:36+08:00][sql] SHOW FULL COLUMNS FROM `cmf_user` [ RunTime:0.000649s ]
[2024-11-20T12:05:36+08:00][sql] SELECT `id`,`user_login`,`user_nickname`,`avatar`,`avatar_thumb`,`sex`,`signature`,`consumption`,`votestotal`,`province`,`city`,`coin`,`votes`,`birthday`,`issuper` FROM `cmf_user` WHERE  `id` = 2 LIMIT 1 [ RunTime:0.000322s ]
[2024-11-20T12:05:36+08:00][sql] SHOW FULL COLUMNS FROM `cmf_vip_user` [ RunTime:0.000427s ]
[2024-11-20T12:05:36+08:00][sql] SELECT * FROM `cmf_vip_user` WHERE  `uid` = 2 LIMIT 1 [ RunTime:0.000235s ]
[2024-11-20T12:05:36+08:00][sql] SHOW FULL COLUMNS FROM `cmf_liang` [ RunTime:0.000436s ]
[2024-11-20T12:05:36+08:00][sql] SELECT * FROM `cmf_liang` WHERE  ( status=1 and state=1 )  AND `uid` = 2 LIMIT 1 [ RunTime:0.000274s ]
[2024-11-20T12:05:36+08:00][sql] SHOW FULL COLUMNS FROM `cmf_user_token` [ RunTime:0.000433s ]
[2024-11-20T12:05:36+08:00][sql] SELECT `token` FROM `cmf_user_token` WHERE  ( user_id=2 ) LIMIT 1 [ RunTime:0.000214s ]
[2024-11-20T12:05:36+08:00][sql] SELECT `id`,`user_login`,`user_nickname`,`avatar`,`avatar_thumb`,`sex`,`signature`,`consumption`,`votestotal`,`province`,`city`,`coin`,`votes`,`birthday`,`issuper` FROM `cmf_user` WHERE  `id` = 2 LIMIT 1 [ RunTime:0.000279s ]
[2024-11-20T12:05:36+08:00][sql] SELECT * FROM `cmf_vip_user` WHERE  `uid` = 2 LIMIT 1 [ RunTime:0.000226s ]
[2024-11-20T12:05:36+08:00][sql] SELECT * FROM `cmf_liang` WHERE  ( status=1 and state=1 )  AND `uid` = 2 LIMIT 1 [ RunTime:0.000251s ]
[2024-11-20T12:05:36+08:00][sql] SELECT `token` FROM `cmf_user_token` WHERE  ( user_id=2 ) LIMIT 1 [ RunTime:0.000199s ]
[2024-11-20T12:05:36+08:00][sql] SELECT `id`,`user_login`,`user_nickname`,`avatar`,`avatar_thumb`,`sex`,`signature`,`consumption`,`votestotal`,`province`,`city`,`coin`,`votes`,`birthday`,`issuper` FROM `cmf_user` WHERE  `id` = 2 LIMIT 1 [ RunTime:0.000277s ]
[2024-11-20T12:05:36+08:00][sql] SELECT * FROM `cmf_vip_user` WHERE  `uid` = 2 LIMIT 1 [ RunTime:0.000224s ]
[2024-11-20T12:05:36+08:00][sql] SELECT * FROM `cmf_liang` WHERE  ( status=1 and state=1 )  AND `uid` = 2 LIMIT 1 [ RunTime:0.000247s ]
[2024-11-20T12:05:36+08:00][sql] SELECT `token` FROM `cmf_user_token` WHERE  ( user_id=2 ) LIMIT 1 [ RunTime:0.000196s ]
[2024-11-20T12:05:36+08:00][sql] SHOW FULL COLUMNS FROM `cmf_user_attention` [ RunTime:0.000404s ]
[2024-11-20T12:05:36+08:00][sql] SELECT COUNT(*) AS think_count FROM `cmf_user_attention` WHERE  `uid` = 2 LIMIT 1 [ RunTime:0.000245s ]
[2024-11-20T12:05:36+08:00][sql] SELECT COUNT(*) AS think_count FROM `cmf_user_attention` WHERE  `touid` = 2 LIMIT 1 [ RunTime:0.000208s ]
[2024-11-20T12:05:36+08:00][sql] SHOW FULL COLUMNS FROM `cmf_theme_file` [ RunTime:0.000464s ]
[2024-11-20T12:05:36+08:00][sql] SELECT `more` FROM `cmf_theme_file` WHERE  `theme` = 'default'  AND (  `is_public` = 1 OR `file` = '../wxshare/user/index' ) [ RunTime:0.000278s ]
[2024-11-20T12:05:40+08:00][sql] CONNECT:[ UseTime:0.000338s ] mysql:host=43.241.16.146;port=3306;dbname=zhibo;charset=utf8mb4
[2024-11-20T12:05:40+08:00][sql] SHOW FULL COLUMNS FROM `cmf_hook` [ RunTime:0.000488s ]
[2024-11-20T12:05:40+08:00][sql] SELECT `hook`,`id` FROM `cmf_hook` WHERE  (  (  `app` = '' OR `app` = 'cmf' )  AND `type` = 3 ) OR `type` = 1 [ RunTime:0.000341s ]
[2024-11-20T12:05:40+08:00][sql] SHOW FULL COLUMNS FROM `cmf_hook_plugin` [ RunTime:0.000429s ]
[2024-11-20T12:05:40+08:00][sql] SELECT `hook`,`plugin` FROM `cmf_hook_plugin` WHERE  `status` = 1  AND `hook` IN ('app_begin','module_init','action_begin','view_filter','app_end','log_write','response_end','admin_init','home_init','send_mobile_verification_code','body_start','before_head_end','footer_start','before_footer','before_footer_end','before_body_end','left_sidebar_start','before_left_sidebar_end','right_sidebar_start','before_right_sidebar_end','comment','guestbook','switch_theme','after_content','before_content','log_write_done','switch_admin_theme','captcha_image') ORDER BY `list_order` ASC [ RunTime:0.000395s ]
[2024-11-20T12:05:40+08:00][sql] SHOW FULL COLUMNS FROM `cmf_plugin` [ RunTime:0.000515s ]
[2024-11-20T12:05:40+08:00][sql] SELECT `config` FROM `cmf_plugin` WHERE  `name` = 'Qiniu' LIMIT 1 [ RunTime:0.000250s ]
[2024-11-20T12:05:40+08:00][sql] SHOW FULL COLUMNS FROM `cmf_user` [ RunTime:0.000669s ]
[2024-11-20T12:05:40+08:00][sql] SELECT `id`,`user_login`,`user_nickname`,`avatar`,`avatar_thumb`,`sex`,`signature`,`consumption`,`votestotal`,`province`,`city`,`coin`,`votes`,`birthday`,`issuper` FROM `cmf_user` WHERE  `id` = 2 LIMIT 1 [ RunTime:0.000319s ]
[2024-11-20T12:05:40+08:00][sql] SHOW FULL COLUMNS FROM `cmf_vip_user` [ RunTime:0.000421s ]
[2024-11-20T12:05:40+08:00][sql] SELECT * FROM `cmf_vip_user` WHERE  `uid` = 2 LIMIT 1 [ RunTime:0.000235s ]
[2024-11-20T12:05:40+08:00][sql] SHOW FULL COLUMNS FROM `cmf_liang` [ RunTime:0.000451s ]
[2024-11-20T12:05:40+08:00][sql] SELECT * FROM `cmf_liang` WHERE  ( status=1 and state=1 )  AND `uid` = 2 LIMIT 1 [ RunTime:0.000278s ]
[2024-11-20T12:05:40+08:00][sql] SHOW FULL COLUMNS FROM `cmf_user_token` [ RunTime:0.000418s ]
[2024-11-20T12:05:40+08:00][sql] SELECT `token` FROM `cmf_user_token` WHERE  ( user_id=2 ) LIMIT 1 [ RunTime:0.000215s ]
[2024-11-20T12:05:40+08:00][sql] SELECT `id`,`user_login`,`user_nickname`,`avatar`,`avatar_thumb`,`sex`,`signature`,`consumption`,`votestotal`,`province`,`city`,`coin`,`votes`,`birthday`,`issuper` FROM `cmf_user` WHERE  `id` = 2 LIMIT 1 [ RunTime:0.000286s ]
[2024-11-20T12:05:40+08:00][sql] SELECT * FROM `cmf_vip_user` WHERE  `uid` = 2 LIMIT 1 [ RunTime:0.000228s ]
[2024-11-20T12:05:40+08:00][sql] SELECT * FROM `cmf_liang` WHERE  ( status=1 and state=1 )  AND `uid` = 2 LIMIT 1 [ RunTime:0.000264s ]
[2024-11-20T12:05:40+08:00][sql] SELECT `token` FROM `cmf_user_token` WHERE  ( user_id=2 ) LIMIT 1 [ RunTime:0.000200s ]
[2024-11-20T12:05:40+08:00][sql] SELECT `id`,`user_login`,`user_nickname`,`avatar`,`avatar_thumb`,`sex`,`signature`,`consumption`,`votestotal`,`coin`,`votes`,`birthday` FROM `cmf_user` WHERE  `id` = 2 LIMIT 1 [ RunTime:0.000277s ]
[2024-11-20T12:05:40+08:00][sql] SELECT * FROM `cmf_plugin` WHERE  ( name='Qiniu' ) LIMIT 1 [ RunTime:0.000259s ]
[2024-11-20T12:05:40+08:00][sql] SHOW FULL COLUMNS FROM `cmf_theme_file` [ RunTime:0.000483s ]
[2024-11-20T12:05:40+08:00][sql] SELECT `more` FROM `cmf_theme_file` WHERE  `theme` = 'default'  AND (  `is_public` = 1 OR `file` = '../wxshare/user/uedit' ) [ RunTime:0.000276s ]
[2024-11-20T12:05:43+08:00][sql] CONNECT:[ UseTime:0.000307s ] mysql:host=43.241.16.146;port=3306;dbname=zhibo;charset=utf8mb4
[2024-11-20T12:05:43+08:00][sql] SHOW FULL COLUMNS FROM `cmf_hook` [ RunTime:0.000460s ]
[2024-11-20T12:05:43+08:00][sql] SELECT `hook`,`id` FROM `cmf_hook` WHERE  (  (  `app` = '' OR `app` = 'cmf' )  AND `type` = 3 ) OR `type` = 1 [ RunTime:0.000328s ]
[2024-11-20T12:05:43+08:00][sql] SHOW FULL COLUMNS FROM `cmf_hook_plugin` [ RunTime:0.000430s ]
[2024-11-20T12:05:43+08:00][sql] SELECT `hook`,`plugin` FROM `cmf_hook_plugin` WHERE  `status` = 1  AND `hook` IN ('app_begin','module_init','action_begin','view_filter','app_end','log_write','response_end','admin_init','home_init','send_mobile_verification_code','body_start','before_head_end','footer_start','before_footer','before_footer_end','before_body_end','left_sidebar_start','before_left_sidebar_end','right_sidebar_start','before_right_sidebar_end','comment','guestbook','switch_theme','after_content','before_content','log_write_done','switch_admin_theme','captcha_image') ORDER BY `list_order` ASC [ RunTime:0.000385s ]
[2024-11-20T12:05:43+08:00][sql] SHOW FULL COLUMNS FROM `cmf_plugin` [ RunTime:0.000491s ]
[2024-11-20T12:05:43+08:00][sql] SELECT `config` FROM `cmf_plugin` WHERE  `name` = 'Qiniu' LIMIT 1 [ RunTime:0.000240s ]
[2024-11-20T12:05:43+08:00][sql] SHOW FULL COLUMNS FROM `cmf_user` [ RunTime:0.000635s ]
[2024-11-20T12:05:43+08:00][sql] SELECT `id`,`user_login`,`user_nickname`,`avatar`,`avatar_thumb`,`sex`,`signature`,`consumption`,`votestotal`,`province`,`city`,`coin`,`votes`,`birthday`,`issuper` FROM `cmf_user` WHERE  `id` = 2 LIMIT 1 [ RunTime:0.000308s ]
[2024-11-20T12:05:43+08:00][sql] SHOW FULL COLUMNS FROM `cmf_vip_user` [ RunTime:0.000409s ]
[2024-11-20T12:05:43+08:00][sql] SELECT * FROM `cmf_vip_user` WHERE  `uid` = 2 LIMIT 1 [ RunTime:0.000228s ]
[2024-11-20T12:05:43+08:00][sql] SHOW FULL COLUMNS FROM `cmf_liang` [ RunTime:0.000435s ]
[2024-11-20T12:05:43+08:00][sql] SELECT * FROM `cmf_liang` WHERE  ( status=1 and state=1 )  AND `uid` = 2 LIMIT 1 [ RunTime:0.000267s ]
[2024-11-20T12:05:43+08:00][sql] SHOW FULL COLUMNS FROM `cmf_user_token` [ RunTime:0.000407s ]
[2024-11-20T12:05:43+08:00][sql] SELECT `token` FROM `cmf_user_token` WHERE  ( user_id=2 ) LIMIT 1 [ RunTime:0.000209s ]
[2024-11-20T12:05:43+08:00][sql] SELECT `id`,`user_login`,`user_nickname`,`avatar`,`avatar_thumb`,`sex`,`signature`,`consumption`,`votestotal`,`province`,`city`,`coin`,`votes`,`birthday`,`issuper` FROM `cmf_user` WHERE  `id` = 2 LIMIT 1 [ RunTime:0.000273s ]
[2024-11-20T12:05:43+08:00][sql] SELECT * FROM `cmf_vip_user` WHERE  `uid` = 2 LIMIT 1 [ RunTime:0.000224s ]
[2024-11-20T12:05:43+08:00][sql] SELECT * FROM `cmf_liang` WHERE  ( status=1 and state=1 )  AND `uid` = 2 LIMIT 1 [ RunTime:0.000246s ]
[2024-11-20T12:05:43+08:00][sql] SELECT `token` FROM `cmf_user_token` WHERE  ( user_id=2 ) LIMIT 1 [ RunTime:0.000192s ]
[2024-11-20T12:05:43+08:00][sql] SELECT `id`,`user_login`,`user_nickname`,`avatar`,`avatar_thumb`,`sex`,`signature`,`consumption`,`votestotal`,`province`,`city`,`coin`,`votes`,`birthday`,`issuper` FROM `cmf_user` WHERE  `id` = 2 LIMIT 1 [ RunTime:0.000274s ]
[2024-11-20T12:05:43+08:00][sql] SELECT * FROM `cmf_vip_user` WHERE  `uid` = 2 LIMIT 1 [ RunTime:0.000221s ]
[2024-11-20T12:05:43+08:00][sql] SELECT * FROM `cmf_liang` WHERE  ( status=1 and state=1 )  AND `uid` = 2 LIMIT 1 [ RunTime:0.000243s ]
[2024-11-20T12:05:43+08:00][sql] SELECT `token` FROM `cmf_user_token` WHERE  ( user_id=2 ) LIMIT 1 [ RunTime:0.000200s ]
[2024-11-20T12:05:43+08:00][sql] SHOW FULL COLUMNS FROM `cmf_user_attention` [ RunTime:0.000399s ]
[2024-11-20T12:05:43+08:00][sql] SELECT COUNT(*) AS think_count FROM `cmf_user_attention` WHERE  `uid` = 2 LIMIT 1 [ RunTime:0.000245s ]
[2024-11-20T12:05:43+08:00][sql] SELECT COUNT(*) AS think_count FROM `cmf_user_attention` WHERE  `touid` = 2 LIMIT 1 [ RunTime:0.000211s ]
[2024-11-20T12:05:43+08:00][sql] SHOW FULL COLUMNS FROM `cmf_theme_file` [ RunTime:0.000460s ]
[2024-11-20T12:05:43+08:00][sql] SELECT `more` FROM `cmf_theme_file` WHERE  `theme` = 'default'  AND (  `is_public` = 1 OR `file` = '../wxshare/user/index' ) [ RunTime:0.000268s ]
[2024-11-20T12:05:44+08:00][sql] CONNECT:[ UseTime:0.000302s ] mysql:host=43.241.16.146;port=3306;dbname=zhibo;charset=utf8mb4
[2024-11-20T12:05:44+08:00][sql] SHOW FULL COLUMNS FROM `cmf_hook` [ RunTime:0.000453s ]
[2024-11-20T12:05:44+08:00][sql] SELECT `hook`,`id` FROM `cmf_hook` WHERE  (  (  `app` = '' OR `app` = 'cmf' )  AND `type` = 3 ) OR `type` = 1 [ RunTime:0.000327s ]
[2024-11-20T12:05:44+08:00][sql] SHOW FULL COLUMNS FROM `cmf_hook_plugin` [ RunTime:0.000409s ]
[2024-11-20T12:05:44+08:00][sql] SELECT `hook`,`plugin` FROM `cmf_hook_plugin` WHERE  `status` = 1  AND `hook` IN ('app_begin','module_init','action_begin','view_filter','app_end','log_write','response_end','admin_init','home_init','send_mobile_verification_code','body_start','before_head_end','footer_start','before_footer','before_footer_end','before_body_end','left_sidebar_start','before_left_sidebar_end','right_sidebar_start','before_right_sidebar_end','comment','guestbook','switch_theme','after_content','before_content','log_write_done','switch_admin_theme','captcha_image') ORDER BY `list_order` ASC [ RunTime:0.000399s ]
[2024-11-20T12:05:44+08:00][sql] SHOW FULL COLUMNS FROM `cmf_plugin` [ RunTime:0.000486s ]
[2024-11-20T12:05:44+08:00][sql] SELECT `config` FROM `cmf_plugin` WHERE  `name` = 'Qiniu' LIMIT 1 [ RunTime:0.000240s ]
[2024-11-20T12:05:44+08:00][sql] SHOW FULL COLUMNS FROM `cmf_user` [ RunTime:0.000662s ]
[2024-11-20T12:05:44+08:00][sql] SELECT `id`,`user_login`,`user_nickname`,`avatar`,`avatar_thumb`,`sex`,`signature`,`consumption`,`votestotal`,`province`,`city`,`coin`,`votes`,`birthday`,`issuper` FROM `cmf_user` WHERE  `id` = 2 LIMIT 1 [ RunTime:0.000316s ]
[2024-11-20T12:05:44+08:00][sql] SHOW FULL COLUMNS FROM `cmf_vip_user` [ RunTime:0.000412s ]
[2024-11-20T12:05:44+08:00][sql] SELECT * FROM `cmf_vip_user` WHERE  `uid` = 2 LIMIT 1 [ RunTime:0.000238s ]
[2024-11-20T12:05:44+08:00][sql] SHOW FULL COLUMNS FROM `cmf_liang` [ RunTime:0.000443s ]
[2024-11-20T12:05:44+08:00][sql] SELECT * FROM `cmf_liang` WHERE  ( status=1 and state=1 )  AND `uid` = 2 LIMIT 1 [ RunTime:0.000268s ]
[2024-11-20T12:05:44+08:00][sql] SHOW FULL COLUMNS FROM `cmf_user_token` [ RunTime:0.000407s ]
[2024-11-20T12:05:44+08:00][sql] SELECT `token` FROM `cmf_user_token` WHERE  ( user_id=2 ) LIMIT 1 [ RunTime:0.000208s ]
[2024-11-20T12:05:44+08:00][sql] SELECT `id`,`user_login`,`user_nickname`,`avatar`,`avatar_thumb`,`sex`,`signature`,`consumption`,`votestotal`,`province`,`city`,`coin`,`votes`,`birthday`,`issuper` FROM `cmf_user` WHERE  `id` = 2 LIMIT 1 [ RunTime:0.000280s ]
[2024-11-20T12:05:44+08:00][sql] SELECT * FROM `cmf_vip_user` WHERE  `uid` = 2 LIMIT 1 [ RunTime:0.000224s ]
[2024-11-20T12:05:44+08:00][sql] SELECT * FROM `cmf_liang` WHERE  ( status=1 and state=1 )  AND `uid` = 2 LIMIT 1 [ RunTime:0.000257s ]
[2024-11-20T12:05:44+08:00][sql] SELECT `token` FROM `cmf_user_token` WHERE  ( user_id=2 ) LIMIT 1 [ RunTime:0.000194s ]
[2024-11-20T12:05:44+08:00][sql] SHOW FULL COLUMNS FROM `cmf_user_auth` [ RunTime:0.000448s ]
[2024-11-20T12:05:44+08:00][sql] SELECT * FROM `cmf_user_auth` WHERE  `uid` = 2 LIMIT 1 [ RunTime:0.000263s ]
[2024-11-20T12:05:44+08:00][sql] SELECT * FROM `cmf_plugin` WHERE  ( name='Qiniu' ) LIMIT 1 [ RunTime:0.000244s ]
[2024-11-20T12:05:44+08:00][sql] SHOW FULL COLUMNS FROM `cmf_theme_file` [ RunTime:0.000461s ]
[2024-11-20T12:05:44+08:00][sql] SELECT `more` FROM `cmf_theme_file` WHERE  `theme` = 'default'  AND (  `is_public` = 1 OR `file` = '../wxshare/error' ) [ RunTime:0.000265s ]
[2024-11-20T12:05:46+08:00][sql] CONNECT:[ UseTime:0.000312s ] mysql:host=43.241.16.146;port=3306;dbname=zhibo;charset=utf8mb4
[2024-11-20T12:05:46+08:00][sql] SHOW FULL COLUMNS FROM `cmf_hook` [ RunTime:0.000474s ]
[2024-11-20T12:05:46+08:00][sql] SELECT `hook`,`id` FROM `cmf_hook` WHERE  (  (  `app` = '' OR `app` = 'cmf' )  AND `type` = 3 ) OR `type` = 1 [ RunTime:0.000335s ]
[2024-11-20T12:05:46+08:00][sql] SHOW FULL COLUMNS FROM `cmf_hook_plugin` [ RunTime:0.000467s ]
[2024-11-20T12:05:46+08:00][sql] SELECT `hook`,`plugin` FROM `cmf_hook_plugin` WHERE  `status` = 1  AND `hook` IN ('app_begin','module_init','action_begin','view_filter','app_end','log_write','response_end','admin_init','home_init','send_mobile_verification_code','body_start','before_head_end','footer_start','before_footer','before_footer_end','before_body_end','left_sidebar_start','before_left_sidebar_end','right_sidebar_start','before_right_sidebar_end','comment','guestbook','switch_theme','after_content','before_content','log_write_done','switch_admin_theme','captcha_image') ORDER BY `list_order` ASC [ RunTime:0.000403s ]
[2024-11-20T12:05:46+08:00][sql] SHOW FULL COLUMNS FROM `cmf_plugin` [ RunTime:0.000506s ]
[2024-11-20T12:05:46+08:00][sql] SELECT `config` FROM `cmf_plugin` WHERE  `name` = 'Qiniu' LIMIT 1 [ RunTime:0.000252s ]
[2024-11-20T12:05:46+08:00][sql] SHOW FULL COLUMNS FROM `cmf_user` [ RunTime:0.000649s ]
[2024-11-20T12:05:46+08:00][sql] SELECT `id`,`user_login`,`user_nickname`,`avatar`,`avatar_thumb`,`sex`,`signature`,`consumption`,`votestotal`,`province`,`city`,`coin`,`votes`,`birthday`,`issuper` FROM `cmf_user` WHERE  `id` = 2 LIMIT 1 [ RunTime:0.000328s ]
[2024-11-20T12:05:46+08:00][sql] SHOW FULL COLUMNS FROM `cmf_vip_user` [ RunTime:0.000425s ]
[2024-11-20T12:05:46+08:00][sql] SELECT * FROM `cmf_vip_user` WHERE  `uid` = 2 LIMIT 1 [ RunTime:0.000240s ]
[2024-11-20T12:05:46+08:00][sql] SHOW FULL COLUMNS FROM `cmf_liang` [ RunTime:0.000457s ]
[2024-11-20T12:05:46+08:00][sql] SELECT * FROM `cmf_liang` WHERE  ( status=1 and state=1 )  AND `uid` = 2 LIMIT 1 [ RunTime:0.000279s ]
[2024-11-20T12:05:46+08:00][sql] SHOW FULL COLUMNS FROM `cmf_user_token` [ RunTime:0.000421s ]
[2024-11-20T12:05:46+08:00][sql] SELECT `token` FROM `cmf_user_token` WHERE  ( user_id=2 ) LIMIT 1 [ RunTime:0.000217s ]
[2024-11-20T12:05:46+08:00][sql] SELECT `id`,`user_login`,`user_nickname`,`avatar`,`avatar_thumb`,`sex`,`signature`,`consumption`,`votestotal`,`province`,`city`,`coin`,`votes`,`birthday`,`issuper` FROM `cmf_user` WHERE  `id` = 2 LIMIT 1 [ RunTime:0.000283s ]
[2024-11-20T12:05:46+08:00][sql] SELECT * FROM `cmf_vip_user` WHERE  `uid` = 2 LIMIT 1 [ RunTime:0.000228s ]
[2024-11-20T12:05:46+08:00][sql] SELECT * FROM `cmf_liang` WHERE  ( status=1 and state=1 )  AND `uid` = 2 LIMIT 1 [ RunTime:0.000260s ]
[2024-11-20T12:05:46+08:00][sql] SELECT `token` FROM `cmf_user_token` WHERE  ( user_id=2 ) LIMIT 1 [ RunTime:0.000201s ]
[2024-11-20T12:05:46+08:00][sql] SHOW FULL COLUMNS FROM `cmf_user_voterecord` [ RunTime:0.000494s ]
[2024-11-20T12:05:46+08:00][sql] SELECT fromid,actionid,sum(nums) as num,sum(total) as totalall FROM `cmf_user_voterecord` WHERE  `action` = 1  AND `uid` = 2 GROUP BY `fromid`,`actionid`,`showid` ORDER BY `addtime` DESC LIMIT 0,50 [ RunTime:0.000356s ]
[2024-11-20T12:05:46+08:00][sql] SHOW FULL COLUMNS FROM `cmf_live_record` [ RunTime:0.000519s ]
[2024-11-20T12:05:46+08:00][sql] SELECT `starttime`,`endtime` FROM `cmf_live_record` WHERE  `uid` = 2 ORDER BY `starttime` DESC LIMIT 0,50 [ RunTime:0.000271s ]
[2024-11-20T12:05:46+08:00][sql] SHOW FULL COLUMNS FROM `cmf_theme_file` [ RunTime:0.000466s ]
[2024-11-20T12:05:46+08:00][sql] SELECT `more` FROM `cmf_theme_file` WHERE  `theme` = 'default'  AND (  `is_public` = 1 OR `file` = '../wxshare/detail/index' ) [ RunTime:0.000279s ]
[2024-11-20T12:05:48+08:00][sql] CONNECT:[ UseTime:0.000303s ] mysql:host=43.241.16.146;port=3306;dbname=zhibo;charset=utf8mb4
[2024-11-20T12:05:48+08:00][sql] SHOW FULL COLUMNS FROM `cmf_hook` [ RunTime:0.000459s ]
[2024-11-20T12:05:48+08:00][sql] SELECT `hook`,`id` FROM `cmf_hook` WHERE  (  (  `app` = '' OR `app` = 'cmf' )  AND `type` = 3 ) OR `type` = 1 [ RunTime:0.000326s ]
[2024-11-20T12:05:48+08:00][sql] SHOW FULL COLUMNS FROM `cmf_hook_plugin` [ RunTime:0.000426s ]
[2024-11-20T12:05:48+08:00][sql] SELECT `hook`,`plugin` FROM `cmf_hook_plugin` WHERE  `status` = 1  AND `hook` IN ('app_begin','module_init','action_begin','view_filter','app_end','log_write','response_end','admin_init','home_init','send_mobile_verification_code','body_start','before_head_end','footer_start','before_footer','before_footer_end','before_body_end','left_sidebar_start','before_left_sidebar_end','right_sidebar_start','before_right_sidebar_end','comment','guestbook','switch_theme','after_content','before_content','log_write_done','switch_admin_theme','captcha_image') ORDER BY `list_order` ASC [ RunTime:0.000387s ]
[2024-11-20T12:05:48+08:00][sql] SHOW FULL COLUMNS FROM `cmf_plugin` [ RunTime:0.000495s ]
[2024-11-20T12:05:48+08:00][sql] SELECT `config` FROM `cmf_plugin` WHERE  `name` = 'Qiniu' LIMIT 1 [ RunTime:0.000245s ]
[2024-11-20T12:05:48+08:00][sql] SHOW FULL COLUMNS FROM `cmf_user` [ RunTime:0.000622s ]
[2024-11-20T12:05:48+08:00][sql] SELECT `id`,`user_login`,`user_nickname`,`avatar`,`avatar_thumb`,`sex`,`signature`,`consumption`,`votestotal`,`province`,`city`,`coin`,`votes`,`birthday`,`issuper` FROM `cmf_user` WHERE  `id` = 2 LIMIT 1 [ RunTime:0.000308s ]
[2024-11-20T12:05:48+08:00][sql] SHOW FULL COLUMNS FROM `cmf_vip_user` [ RunTime:0.000412s ]
[2024-11-20T12:05:48+08:00][sql] SELECT * FROM `cmf_vip_user` WHERE  `uid` = 2 LIMIT 1 [ RunTime:0.000233s ]
[2024-11-20T12:05:48+08:00][sql] SHOW FULL COLUMNS FROM `cmf_liang` [ RunTime:0.000432s ]
[2024-11-20T12:05:48+08:00][sql] SELECT * FROM `cmf_liang` WHERE  ( status=1 and state=1 )  AND `uid` = 2 LIMIT 1 [ RunTime:0.000268s ]
[2024-11-20T12:05:48+08:00][sql] SHOW FULL COLUMNS FROM `cmf_user_token` [ RunTime:0.000421s ]
[2024-11-20T12:05:48+08:00][sql] SELECT `token` FROM `cmf_user_token` WHERE  ( user_id=2 ) LIMIT 1 [ RunTime:0.000208s ]
[2024-11-20T12:05:48+08:00][sql] SELECT `id`,`user_login`,`user_nickname`,`avatar`,`avatar_thumb`,`sex`,`signature`,`consumption`,`votestotal`,`province`,`city`,`coin`,`votes`,`birthday`,`issuper` FROM `cmf_user` WHERE  `id` = 2 LIMIT 1 [ RunTime:0.000273s ]
[2024-11-20T12:05:48+08:00][sql] SELECT * FROM `cmf_vip_user` WHERE  `uid` = 2 LIMIT 1 [ RunTime:0.000220s ]
[2024-11-20T12:05:48+08:00][sql] SELECT * FROM `cmf_liang` WHERE  ( status=1 and state=1 )  AND `uid` = 2 LIMIT 1 [ RunTime:0.000246s ]
[2024-11-20T12:05:48+08:00][sql] SELECT `token` FROM `cmf_user_token` WHERE  ( user_id=2 ) LIMIT 1 [ RunTime:0.000195s ]
[2024-11-20T12:05:48+08:00][sql] SELECT `id`,`user_login`,`user_nickname`,`avatar`,`avatar_thumb`,`sex`,`signature`,`consumption`,`votestotal`,`province`,`city`,`coin`,`votes`,`birthday`,`issuper` FROM `cmf_user` WHERE  `id` = 2 LIMIT 1 [ RunTime:0.000276s ]
[2024-11-20T12:05:48+08:00][sql] SELECT * FROM `cmf_vip_user` WHERE  `uid` = 2 LIMIT 1 [ RunTime:0.000218s ]
[2024-11-20T12:05:48+08:00][sql] SELECT * FROM `cmf_liang` WHERE  ( status=1 and state=1 )  AND `uid` = 2 LIMIT 1 [ RunTime:0.000242s ]
[2024-11-20T12:05:48+08:00][sql] SELECT `token` FROM `cmf_user_token` WHERE  ( user_id=2 ) LIMIT 1 [ RunTime:0.000193s ]
[2024-11-20T12:05:48+08:00][sql] SHOW FULL COLUMNS FROM `cmf_user_attention` [ RunTime:0.000396s ]
[2024-11-20T12:05:48+08:00][sql] SELECT COUNT(*) AS think_count FROM `cmf_user_attention` WHERE  `uid` = 2 LIMIT 1 [ RunTime:0.000243s ]
[2024-11-20T12:05:48+08:00][sql] SELECT COUNT(*) AS think_count FROM `cmf_user_attention` WHERE  `touid` = 2 LIMIT 1 [ RunTime:0.000208s ]
[2024-11-20T12:05:48+08:00][sql] SHOW FULL COLUMNS FROM `cmf_theme_file` [ RunTime:0.000462s ]
[2024-11-20T12:05:48+08:00][sql] SELECT `more` FROM `cmf_theme_file` WHERE  `theme` = 'default'  AND (  `is_public` = 1 OR `file` = '../wxshare/user/index' ) [ RunTime:0.000270s ]
[2024-11-20T12:05:48+08:00][sql] CONNECT:[ UseTime:0.000298s ] mysql:host=43.241.16.146;port=3306;dbname=zhibo;charset=utf8mb4
[2024-11-20T12:05:48+08:00][sql] SHOW FULL COLUMNS FROM `cmf_hook` [ RunTime:0.000448s ]
[2024-11-20T12:05:48+08:00][sql] SELECT `hook`,`id` FROM `cmf_hook` WHERE  (  (  `app` = '' OR `app` = 'cmf' )  AND `type` = 3 ) OR `type` = 1 [ RunTime:0.000324s ]
[2024-11-20T12:05:48+08:00][sql] SHOW FULL COLUMNS FROM `cmf_hook_plugin` [ RunTime:0.000417s ]
[2024-11-20T12:05:48+08:00][sql] SELECT `hook`,`plugin` FROM `cmf_hook_plugin` WHERE  `status` = 1  AND `hook` IN ('app_begin','module_init','action_begin','view_filter','app_end','log_write','response_end','admin_init','home_init','send_mobile_verification_code','body_start','before_head_end','footer_start','before_footer','before_footer_end','before_body_end','left_sidebar_start','before_left_sidebar_end','right_sidebar_start','before_right_sidebar_end','comment','guestbook','switch_theme','after_content','before_content','log_write_done','switch_admin_theme','captcha_image') ORDER BY `list_order` ASC [ RunTime:0.000387s ]
[2024-11-20T12:05:48+08:00][sql] SHOW FULL COLUMNS FROM `cmf_plugin` [ RunTime:0.000484s ]
[2024-11-20T12:05:48+08:00][sql] SELECT `config` FROM `cmf_plugin` WHERE  `name` = 'Qiniu' LIMIT 1 [ RunTime:0.000240s ]
[2024-11-20T12:05:48+08:00][sql] SHOW FULL COLUMNS FROM `cmf_user` [ RunTime:0.000631s ]
[2024-11-20T12:05:48+08:00][sql] SELECT `id`,`user_login`,`user_nickname`,`avatar`,`avatar_thumb`,`sex`,`signature`,`consumption`,`votestotal`,`province`,`city`,`coin`,`votes`,`birthday`,`issuper` FROM `cmf_user` WHERE  `id` = 2 LIMIT 1 [ RunTime:0.000306s ]
[2024-11-20T12:05:48+08:00][sql] SHOW FULL COLUMNS FROM `cmf_vip_user` [ RunTime:0.000402s ]
[2024-11-20T12:05:48+08:00][sql] SELECT * FROM `cmf_vip_user` WHERE  `uid` = 2 LIMIT 1 [ RunTime:0.000228s ]
[2024-11-20T12:05:48+08:00][sql] SHOW FULL COLUMNS FROM `cmf_liang` [ RunTime:0.000439s ]
[2024-11-20T12:05:48+08:00][sql] SELECT * FROM `cmf_liang` WHERE  ( status=1 and state=1 )  AND `uid` = 2 LIMIT 1 [ RunTime:0.000270s ]
[2024-11-20T12:05:48+08:00][sql] SHOW FULL COLUMNS FROM `cmf_user_token` [ RunTime:0.000413s ]
[2024-11-20T12:05:48+08:00][sql] SELECT `token` FROM `cmf_user_token` WHERE  ( user_id=2 ) LIMIT 1 [ RunTime:0.000209s ]
[2024-11-20T12:05:48+08:00][sql] SELECT `id`,`user_login`,`user_nickname`,`avatar`,`avatar_thumb`,`sex`,`signature`,`consumption`,`votestotal`,`province`,`city`,`coin`,`votes`,`birthday`,`issuper` FROM `cmf_user` WHERE  `id` = 2 LIMIT 1 [ RunTime:0.000273s ]
[2024-11-20T12:05:48+08:00][sql] SELECT * FROM `cmf_vip_user` WHERE  `uid` = 2 LIMIT 1 [ RunTime:0.000224s ]
[2024-11-20T12:05:48+08:00][sql] SELECT * FROM `cmf_liang` WHERE  ( status=1 and state=1 )  AND `uid` = 2 LIMIT 1 [ RunTime:0.000247s ]
[2024-11-20T12:05:48+08:00][sql] SELECT `token` FROM `cmf_user_token` WHERE  ( user_id=2 ) LIMIT 1 [ RunTime:0.000195s ]
[2024-11-20T12:05:48+08:00][sql] SELECT `avatar`,`consumption`,`votestotal` FROM `cmf_user` WHERE  `id` = 2 LIMIT 1 [ RunTime:0.000228s ]
[2024-11-20T12:05:48+08:00][sql] SHOW FULL COLUMNS FROM `cmf_level` [ RunTime:0.009273s ]
[2024-11-20T12:05:48+08:00][sql] SELECT * FROM `cmf_level` WHERE  ( level_up>='0' ) ORDER BY `levelid` ASC LIMIT 1 [ RunTime:0.000292s ]
[2024-11-20T12:05:48+08:00][sql] SHOW FULL COLUMNS FROM `cmf_level_anchor` [ RunTime:0.000870s ]
[2024-11-20T12:05:48+08:00][sql] SELECT * FROM `cmf_level_anchor` WHERE  ( level_up>='0' ) ORDER BY `levelid` ASC LIMIT 1 [ RunTime:0.000283s ]
[2024-11-20T12:05:48+08:00][sql] SHOW FULL COLUMNS FROM `cmf_theme_file` [ RunTime:0.000461s ]
[2024-11-20T12:05:48+08:00][sql] SELECT `more` FROM `cmf_theme_file` WHERE  `theme` = 'default'  AND (  `is_public` = 1 OR `file` = '../wxshare/level/index' ) [ RunTime:0.000271s ]
[2024-11-20T12:05:53+08:00][sql] CONNECT:[ UseTime:0.000306s ] mysql:host=43.241.16.146;port=3306;dbname=zhibo;charset=utf8mb4
[2024-11-20T12:05:53+08:00][sql] SHOW FULL COLUMNS FROM `cmf_hook` [ RunTime:0.000460s ]
[2024-11-20T12:05:53+08:00][sql] SELECT `hook`,`id` FROM `cmf_hook` WHERE  (  (  `app` = '' OR `app` = 'cmf' )  AND `type` = 3 ) OR `type` = 1 [ RunTime:0.000324s ]
[2024-11-20T12:05:53+08:00][sql] SHOW FULL COLUMNS FROM `cmf_hook_plugin` [ RunTime:0.000419s ]
[2024-11-20T12:05:53+08:00][sql] SELECT `hook`,`plugin` FROM `cmf_hook_plugin` WHERE  `status` = 1  AND `hook` IN ('app_begin','module_init','action_begin','view_filter','app_end','log_write','response_end','admin_init','home_init','send_mobile_verification_code','body_start','before_head_end','footer_start','before_footer','before_footer_end','before_body_end','left_sidebar_start','before_left_sidebar_end','right_sidebar_start','before_right_sidebar_end','comment','guestbook','switch_theme','after_content','before_content','log_write_done','switch_admin_theme','captcha_image') ORDER BY `list_order` ASC [ RunTime:0.000381s ]
[2024-11-20T12:05:53+08:00][sql] SHOW FULL COLUMNS FROM `cmf_plugin` [ RunTime:0.000478s ]
[2024-11-20T12:05:53+08:00][sql] SELECT `config` FROM `cmf_plugin` WHERE  `name` = 'Qiniu' LIMIT 1 [ RunTime:0.000242s ]
[2024-11-20T12:05:53+08:00][sql] SHOW FULL COLUMNS FROM `cmf_user` [ RunTime:0.000632s ]
[2024-11-20T12:05:53+08:00][sql] SELECT `id`,`user_login`,`user_nickname`,`avatar`,`avatar_thumb`,`sex`,`signature`,`consumption`,`votestotal`,`province`,`city`,`coin`,`votes`,`birthday`,`issuper` FROM `cmf_user` WHERE  `id` = 2 LIMIT 1 [ RunTime:0.000309s ]
[2024-11-20T12:05:53+08:00][sql] SHOW FULL COLUMNS FROM `cmf_vip_user` [ RunTime:0.000416s ]
[2024-11-20T12:05:53+08:00][sql] SELECT * FROM `cmf_vip_user` WHERE  `uid` = 2 LIMIT 1 [ RunTime:0.000228s ]
[2024-11-20T12:05:53+08:00][sql] SHOW FULL COLUMNS FROM `cmf_liang` [ RunTime:0.000434s ]
[2024-11-20T12:05:53+08:00][sql] SELECT * FROM `cmf_liang` WHERE  ( status=1 and state=1 )  AND `uid` = 2 LIMIT 1 [ RunTime:0.000276s ]
[2024-11-20T12:05:53+08:00][sql] SHOW FULL COLUMNS FROM `cmf_user_token` [ RunTime:0.000405s ]
[2024-11-20T12:05:53+08:00][sql] SELECT `token` FROM `cmf_user_token` WHERE  ( user_id=2 ) LIMIT 1 [ RunTime:0.000215s ]
[2024-11-20T12:05:53+08:00][sql] SELECT `id`,`user_login`,`user_nickname`,`avatar`,`avatar_thumb`,`sex`,`signature`,`consumption`,`votestotal`,`province`,`city`,`coin`,`votes`,`birthday`,`issuper` FROM `cmf_user` WHERE  `id` = 2 LIMIT 1 [ RunTime:0.000273s ]
[2024-11-20T12:05:53+08:00][sql] SELECT * FROM `cmf_vip_user` WHERE  `uid` = 2 LIMIT 1 [ RunTime:0.000227s ]
[2024-11-20T12:05:53+08:00][sql] SELECT * FROM `cmf_liang` WHERE  ( status=1 and state=1 )  AND `uid` = 2 LIMIT 1 [ RunTime:0.000246s ]
[2024-11-20T12:05:53+08:00][sql] SELECT `token` FROM `cmf_user_token` WHERE  ( user_id=2 ) LIMIT 1 [ RunTime:0.000198s ]
[2024-11-20T12:05:53+08:00][sql] SELECT `id`,`user_login`,`user_nickname`,`avatar`,`avatar_thumb`,`sex`,`signature`,`consumption`,`votestotal`,`province`,`city`,`coin`,`votes`,`birthday`,`issuper` FROM `cmf_user` WHERE  `id` = 2 LIMIT 1 [ RunTime:0.000277s ]
[2024-11-20T12:05:53+08:00][sql] SELECT * FROM `cmf_vip_user` WHERE  `uid` = 2 LIMIT 1 [ RunTime:0.000222s ]
[2024-11-20T12:05:53+08:00][sql] SELECT * FROM `cmf_liang` WHERE  ( status=1 and state=1 )  AND `uid` = 2 LIMIT 1 [ RunTime:0.000242s ]
[2024-11-20T12:05:53+08:00][sql] SELECT `token` FROM `cmf_user_token` WHERE  ( user_id=2 ) LIMIT 1 [ RunTime:0.000190s ]
[2024-11-20T12:05:53+08:00][sql] SHOW FULL COLUMNS FROM `cmf_user_attention` [ RunTime:0.000401s ]
[2024-11-20T12:05:53+08:00][sql] SELECT COUNT(*) AS think_count FROM `cmf_user_attention` WHERE  `uid` = 2 LIMIT 1 [ RunTime:0.000234s ]
[2024-11-20T12:05:53+08:00][sql] SELECT COUNT(*) AS think_count FROM `cmf_user_attention` WHERE  `touid` = 2 LIMIT 1 [ RunTime:0.000212s ]
[2024-11-20T12:05:53+08:00][sql] SHOW FULL COLUMNS FROM `cmf_theme_file` [ RunTime:0.000464s ]
[2024-11-20T12:05:53+08:00][sql] SELECT `more` FROM `cmf_theme_file` WHERE  `theme` = 'default'  AND (  `is_public` = 1 OR `file` = '../wxshare/user/index' ) [ RunTime:0.000266s ]
[2024-11-20T16:04:48+08:00][sql] CONNECT:[ UseTime:0.000418s ] mysql:host=43.241.16.146;port=3306;dbname=zhibo;charset=utf8mb4
[2024-11-20T16:04:48+08:00][sql] SHOW FULL COLUMNS FROM `cmf_hook` [ RunTime:0.000595s ]
[2024-11-20T16:04:48+08:00][sql] SELECT `hook`,`id` FROM `cmf_hook` WHERE  (  (  `app` = '' OR `app` = 'cmf' )  AND `type` = 3 ) OR `type` = 1 [ RunTime:0.000359s ]
[2024-11-20T16:04:48+08:00][sql] SHOW FULL COLUMNS FROM `cmf_hook_plugin` [ RunTime:0.000437s ]
[2024-11-20T16:04:48+08:00][sql] SELECT `hook`,`plugin` FROM `cmf_hook_plugin` WHERE  `status` = 1  AND `hook` IN ('app_begin','module_init','action_begin','view_filter','app_end','log_write','response_end','admin_init','home_init','send_mobile_verification_code','body_start','before_head_end','footer_start','before_footer','before_footer_end','before_body_end','left_sidebar_start','before_left_sidebar_end','right_sidebar_start','before_right_sidebar_end','comment','guestbook','switch_theme','after_content','before_content','log_write_done','switch_admin_theme','captcha_image') ORDER BY `list_order` ASC [ RunTime:0.000425s ]
[2024-11-20T16:04:49+08:00][sql] CONNECT:[ UseTime:0.000329s ] mysql:host=43.241.16.146;port=3306;dbname=zhibo;charset=utf8mb4
[2024-11-20T16:04:49+08:00][sql] SHOW FULL COLUMNS FROM `cmf_hook` [ RunTime:0.000525s ]
[2024-11-20T16:04:49+08:00][sql] SELECT `hook`,`id` FROM `cmf_hook` WHERE  (  (  `app` = '' OR `app` = 'cmf' )  AND `type` = 3 ) OR `type` = 1 [ RunTime:0.000340s ]
[2024-11-20T16:04:49+08:00][sql] SHOW FULL COLUMNS FROM `cmf_hook_plugin` [ RunTime:0.000432s ]
[2024-11-20T16:04:49+08:00][sql] SELECT `hook`,`plugin` FROM `cmf_hook_plugin` WHERE  `status` = 1  AND `hook` IN ('app_begin','module_init','action_begin','view_filter','app_end','log_write','response_end','admin_init','home_init','send_mobile_verification_code','body_start','before_head_end','footer_start','before_footer','before_footer_end','before_body_end','left_sidebar_start','before_left_sidebar_end','right_sidebar_start','before_right_sidebar_end','comment','guestbook','switch_theme','after_content','before_content','log_write_done','switch_admin_theme','captcha_image') ORDER BY `list_order` ASC [ RunTime:0.000423s ]
[2024-11-20T16:04:49+08:00][sql] CONNECT:[ UseTime:0.000304s ] mysql:host=43.241.16.146;port=3306;dbname=zhibo;charset=utf8mb4
[2024-11-20T16:04:49+08:00][sql] SHOW FULL COLUMNS FROM `cmf_hook` [ RunTime:0.000498s ]
[2024-11-20T16:04:49+08:00][sql] SELECT `hook`,`id` FROM `cmf_hook` WHERE  (  (  `app` = '' OR `app` = 'cmf' )  AND `type` = 3 ) OR `type` = 1 [ RunTime:0.000329s ]
[2024-11-20T16:04:49+08:00][sql] SHOW FULL COLUMNS FROM `cmf_hook_plugin` [ RunTime:0.000431s ]
[2024-11-20T16:04:49+08:00][sql] SELECT `hook`,`plugin` FROM `cmf_hook_plugin` WHERE  `status` = 1  AND `hook` IN ('app_begin','module_init','action_begin','view_filter','app_end','log_write','response_end','admin_init','home_init','send_mobile_verification_code','body_start','before_head_end','footer_start','before_footer','before_footer_end','before_body_end','left_sidebar_start','before_left_sidebar_end','right_sidebar_start','before_right_sidebar_end','comment','guestbook','switch_theme','after_content','before_content','log_write_done','switch_admin_theme','captcha_image') ORDER BY `list_order` ASC [ RunTime:0.000403s ]
[2024-11-20T16:05:05+08:00][sql] CONNECT:[ UseTime:0.000373s ] mysql:host=43.241.16.146;port=3306;dbname=zhibo;charset=utf8mb4
[2024-11-20T16:05:05+08:00][sql] SHOW FULL COLUMNS FROM `cmf_hook` [ RunTime:0.000636s ]
[2024-11-20T16:05:05+08:00][sql] SELECT `hook`,`id` FROM `cmf_hook` WHERE  (  (  `app` = '' OR `app` = 'cmf' )  AND `type` = 3 ) OR `type` = 1 [ RunTime:0.000402s ]
[2024-11-20T16:05:05+08:00][sql] SHOW FULL COLUMNS FROM `cmf_hook_plugin` [ RunTime:0.000450s ]
[2024-11-20T16:05:05+08:00][sql] SELECT `hook`,`plugin` FROM `cmf_hook_plugin` WHERE  `status` = 1  AND `hook` IN ('app_begin','module_init','action_begin','view_filter','app_end','log_write','response_end','admin_init','home_init','send_mobile_verification_code','body_start','before_head_end','footer_start','before_footer','before_footer_end','before_body_end','left_sidebar_start','before_left_sidebar_end','right_sidebar_start','before_right_sidebar_end','comment','guestbook','switch_theme','after_content','before_content','log_write_done','switch_admin_theme','captcha_image') ORDER BY `list_order` ASC [ RunTime:0.000415s ]
[2024-11-20T16:05:05+08:00][sql] SHOW FULL COLUMNS FROM `cmf_user` [ RunTime:0.000672s ]
[2024-11-20T16:05:05+08:00][sql] SELECT * FROM `cmf_user` WHERE  `user_login` = 'admin' LIMIT 1 [ RunTime:0.000486s ]
[2024-11-20T16:05:05+08:00][sql] SHOW FULL COLUMNS FROM `cmf_role_user` [ RunTime:0.000477s ]
[2024-11-20T16:05:05+08:00][sql] SELECT `role_id` FROM `cmf_role_user` `a` INNER JOIN `cmf_role` `b` ON `a`.`role_id`=`b`.`id` WHERE  `user_id` = 1  AND `status` = '1' LIMIT 1 [ RunTime:0.000338s ]
[2024-11-20T16:05:05+08:00][sql] SHOW FULL COLUMNS FROM `cmf_user_token` [ RunTime:0.000445s ]
[2024-11-20T16:05:05+08:00][sql] SELECT * FROM `cmf_user_token` WHERE  `user_id` = 1  AND `device_type` = 'web' LIMIT 1 [ RunTime:0.000268s ]
[2024-11-20T16:05:05+08:00][sql] UPDATE `cmf_user`  SET `last_login_ip` = '223.88.94.247' , `last_login_time` = 1732089905  WHERE  `id` = 1 [ RunTime:0.014726s ]
[2024-11-20T16:05:07+08:00][sql] CONNECT:[ UseTime:0.000315s ] mysql:host=43.241.16.146;port=3306;dbname=zhibo;charset=utf8mb4
[2024-11-20T16:05:07+08:00][sql] SHOW FULL COLUMNS FROM `cmf_hook` [ RunTime:0.000476s ]
[2024-11-20T16:05:07+08:00][sql] SELECT `hook`,`id` FROM `cmf_hook` WHERE  (  (  `app` = '' OR `app` = 'cmf' )  AND `type` = 3 ) OR `type` = 1 [ RunTime:0.000333s ]
[2024-11-20T16:05:07+08:00][sql] SHOW FULL COLUMNS FROM `cmf_hook_plugin` [ RunTime:0.000429s ]
[2024-11-20T16:05:07+08:00][sql] SELECT `hook`,`plugin` FROM `cmf_hook_plugin` WHERE  `status` = 1  AND `hook` IN ('app_begin','module_init','action_begin','view_filter','app_end','log_write','response_end','admin_init','home_init','send_mobile_verification_code','body_start','before_head_end','footer_start','before_footer','before_footer_end','before_body_end','left_sidebar_start','before_left_sidebar_end','right_sidebar_start','before_right_sidebar_end','comment','guestbook','switch_theme','after_content','before_content','log_write_done','switch_admin_theme','captcha_image') ORDER BY `list_order` ASC [ RunTime:0.000407s ]
[2024-11-20T16:05:07+08:00][sql] SHOW FULL COLUMNS FROM `cmf_user` [ RunTime:0.000658s ]
[2024-11-20T16:05:07+08:00][sql] SELECT * FROM `cmf_user` WHERE  `id` = 1 LIMIT 1 [ RunTime:0.000426s ]
[2024-11-20T16:05:07+08:00][sql] SHOW FULL COLUMNS FROM `cmf_admin_menu` [ RunTime:0.000518s ]
[2024-11-20T16:05:07+08:00][sql] SELECT * FROM `cmf_admin_menu` WHERE  `parent_id` = 0  AND `status` = 1 ORDER BY `list_order` ASC [ RunTime:0.001463s ]
[2024-11-20T16:05:07+08:00][sql] SELECT * FROM `cmf_admin_menu` WHERE  `parent_id` = 6  AND `status` = 1 ORDER BY `list_order` ASC [ RunTime:0.000429s ]
[2024-11-20T16:05:07+08:00][sql] SELECT * FROM `cmf_admin_menu` WHERE  `parent_id` = 71  AND `status` = 1 ORDER BY `list_order` ASC [ RunTime:0.000340s ]
[2024-11-20T16:05:07+08:00][sql] SELECT * FROM `cmf_admin_menu` WHERE  `parent_id` = 169  AND `status` = 1 ORDER BY `list_order` ASC [ RunTime:0.000314s ]
[2024-11-20T16:05:07+08:00][sql] SELECT * FROM `cmf_admin_menu` WHERE  `parent_id` = 78  AND `status` = 1 ORDER BY `list_order` ASC [ RunTime:0.000345s ]
[2024-11-20T16:05:07+08:00][sql] SELECT * FROM `cmf_admin_menu` WHERE  `parent_id` = 75  AND `status` = 1 ORDER BY `list_order` ASC [ RunTime:0.000317s ]
[2024-11-20T16:05:07+08:00][sql] SELECT * FROM `cmf_admin_menu` WHERE  `parent_id` = 171  AND `status` = 1 ORDER BY `list_order` ASC [ RunTime:0.000339s ]
[2024-11-20T16:05:07+08:00][sql] SELECT * FROM `cmf_admin_menu` WHERE  `parent_id` = 110  AND `status` = 1 ORDER BY `list_order` ASC [ RunTime:0.000351s ]
[2024-11-20T16:05:07+08:00][sql] SELECT * FROM `cmf_admin_menu` WHERE  `parent_id` = 49  AND `status` = 1 ORDER BY `list_order` ASC [ RunTime:0.000354s ]
[2024-11-20T16:05:07+08:00][sql] SELECT * FROM `cmf_admin_menu` WHERE  `parent_id` = 50  AND `status` = 1 ORDER BY `list_order` ASC [ RunTime:0.000345s ]
[2024-11-20T16:05:07+08:00][sql] SELECT * FROM `cmf_admin_menu` WHERE  `parent_id` = 111  AND `status` = 1 ORDER BY `list_order` ASC [ RunTime:0.000342s ]
[2024-11-20T16:05:07+08:00][sql] SELECT * FROM `cmf_admin_menu` WHERE  `parent_id` = 180  AND `status` = 1 ORDER BY `list_order` ASC [ RunTime:0.000334s ]
[2024-11-20T16:05:07+08:00][sql] SELECT * FROM `cmf_admin_menu` WHERE  `parent_id` = 123  AND `status` = 1 ORDER BY `list_order` ASC [ RunTime:0.000349s ]
[2024-11-20T16:05:07+08:00][sql] SELECT * FROM `cmf_admin_menu` WHERE  `parent_id` = 124  AND `status` = 1 ORDER BY `list_order` ASC [ RunTime:0.000349s ]
[2024-11-20T16:05:07+08:00][sql] SELECT * FROM `cmf_admin_menu` WHERE  `parent_id` = 199  AND `status` = 1 ORDER BY `list_order` ASC [ RunTime:0.000336s ]
[2024-11-20T16:05:07+08:00][sql] SELECT * FROM `cmf_admin_menu` WHERE  `parent_id` = 206  AND `status` = 1 ORDER BY `list_order` ASC [ RunTime:0.000335s ]
[2024-11-20T16:05:07+08:00][sql] SELECT * FROM `cmf_admin_menu` WHERE  `parent_id` = 214  AND `status` = 1 ORDER BY `list_order` ASC [ RunTime:0.000336s ]
[2024-11-20T16:05:07+08:00][sql] SELECT * FROM `cmf_admin_menu` WHERE  `parent_id` = 218  AND `status` = 1 ORDER BY `list_order` ASC [ RunTime:0.000417s ]
[2024-11-20T16:05:07+08:00][sql] SELECT * FROM `cmf_admin_menu` WHERE  `parent_id` = 219  AND `status` = 1 ORDER BY `list_order` ASC [ RunTime:0.000350s ]
[2024-11-20T16:05:07+08:00][sql] SELECT * FROM `cmf_admin_menu` WHERE  `parent_id` = 226  AND `status` = 1 ORDER BY `list_order` ASC [ RunTime:0.000310s ]
[2024-11-20T16:05:07+08:00][sql] SELECT * FROM `cmf_admin_menu` WHERE  `parent_id` = 228  AND `status` = 1 ORDER BY `list_order` ASC [ RunTime:0.000308s ]
[2024-11-20T16:05:07+08:00][sql] SELECT * FROM `cmf_admin_menu` WHERE  `parent_id` = 229  AND `status` = 1 ORDER BY `list_order` ASC [ RunTime:0.000311s ]
[2024-11-20T16:05:07+08:00][sql] SELECT * FROM `cmf_admin_menu` WHERE  `parent_id` = 232  AND `status` = 1 ORDER BY `list_order` ASC [ RunTime:0.000341s ]
[2024-11-20T16:05:07+08:00][sql] SELECT * FROM `cmf_admin_menu` WHERE  `parent_id` = 238  AND `status` = 1 ORDER BY `list_order` ASC [ RunTime:0.000340s ]
[2024-11-20T16:05:07+08:00][sql] SELECT * FROM `cmf_admin_menu` WHERE  `parent_id` = 241  AND `status` = 1 ORDER BY `list_order` ASC [ RunTime:0.000342s ]
[2024-11-20T16:05:07+08:00][sql] SELECT * FROM `cmf_admin_menu` WHERE  `parent_id` = 261  AND `status` = 1 ORDER BY `list_order` ASC [ RunTime:0.000348s ]
[2024-11-20T16:05:07+08:00][sql] SELECT * FROM `cmf_admin_menu` WHERE  `parent_id` = 268  AND `status` = 1 ORDER BY `list_order` ASC [ RunTime:0.000354s ]
[2024-11-20T16:05:07+08:00][sql] SELECT * FROM `cmf_admin_menu` WHERE  `parent_id` = 269  AND `status` = 1 ORDER BY `list_order` ASC [ RunTime:0.000344s ]
[2024-11-20T16:05:07+08:00][sql] SELECT * FROM `cmf_admin_menu` WHERE  `parent_id` = 276  AND `status` = 1 ORDER BY `list_order` ASC [ RunTime:0.000348s ]
[2024-11-20T16:05:07+08:00][sql] SELECT * FROM `cmf_admin_menu` WHERE  `parent_id` = 279  AND `status` = 1 ORDER BY `list_order` ASC [ RunTime:0.000306s ]
[2024-11-20T16:05:07+08:00][sql] SELECT * FROM `cmf_admin_menu` WHERE  `parent_id` = 598  AND `status` = 1 ORDER BY `list_order` ASC [ RunTime:0.000305s ]
[2024-11-20T16:05:07+08:00][sql] SELECT * FROM `cmf_admin_menu` WHERE  `parent_id` = 281  AND `status` = 1 ORDER BY `list_order` ASC [ RunTime:0.000367s ]
[2024-11-20T16:05:07+08:00][sql] SELECT * FROM `cmf_admin_menu` WHERE  `parent_id` = 282  AND `status` = 1 ORDER BY `list_order` ASC [ RunTime:0.000354s ]
[2024-11-20T16:05:07+08:00][sql] SELECT * FROM `cmf_admin_menu` WHERE  `parent_id` = 290  AND `status` = 1 ORDER BY `list_order` ASC [ RunTime:0.000362s ]
[2024-11-20T16:05:07+08:00][sql] SELECT * FROM `cmf_admin_menu` WHERE  `parent_id` = 291  AND `status` = 1 ORDER BY `list_order` ASC [ RunTime:0.000311s ]
[2024-11-20T16:05:07+08:00][sql] SELECT * FROM `cmf_admin_menu` WHERE  `parent_id` = 292  AND `status` = 1 ORDER BY `list_order` ASC [ RunTime:0.000307s ]
[2024-11-20T16:05:07+08:00][sql] SELECT * FROM `cmf_admin_menu` WHERE  `parent_id` = 293  AND `status` = 1 ORDER BY `list_order` ASC [ RunTime:0.000309s ]
[2024-11-20T16:05:07+08:00][sql] SELECT * FROM `cmf_admin_menu` WHERE  `parent_id` = 294  AND `status` = 1 ORDER BY `list_order` ASC [ RunTime:0.000296s ]
[2024-11-20T16:05:07+08:00][sql] SELECT * FROM `cmf_admin_menu` WHERE  `parent_id` = 302  AND `status` = 1 ORDER BY `list_order` ASC [ RunTime:0.000347s ]
[2024-11-20T16:05:07+08:00][sql] SELECT * FROM `cmf_admin_menu` WHERE  `parent_id` = 309  AND `status` = 1 ORDER BY `list_order` ASC [ RunTime:0.000353s ]
[2024-11-20T16:05:07+08:00][sql] SELECT * FROM `cmf_admin_menu` WHERE  `parent_id` = 312  AND `status` = 1 ORDER BY `list_order` ASC [ RunTime:0.000381s ]
[2024-11-20T16:05:07+08:00][sql] SELECT * FROM `cmf_admin_menu` WHERE  `parent_id` = 313  AND `status` = 1 ORDER BY `list_order` ASC [ RunTime:0.000350s ]
[2024-11-20T16:05:07+08:00][sql] SELECT * FROM `cmf_admin_menu` WHERE  `parent_id` = 321  AND `status` = 1 ORDER BY `list_order` ASC [ RunTime:0.000348s ]
[2024-11-20T16:05:07+08:00][sql] SELECT * FROM `cmf_admin_menu` WHERE  `parent_id` = 336  AND `status` = 1 ORDER BY `list_order` ASC [ RunTime:0.000367s ]
[2024-11-20T16:05:07+08:00][sql] SELECT * FROM `cmf_admin_menu` WHERE  `parent_id` = 337  AND `status` = 1 ORDER BY `list_order` ASC [ RunTime:0.000311s ]
[2024-11-20T16:05:07+08:00][sql] SELECT * FROM `cmf_admin_menu` WHERE  `parent_id` = 338  AND `status` = 1 ORDER BY `list_order` ASC [ RunTime:0.000347s ]
[2024-11-20T16:05:07+08:00][sql] SELECT * FROM `cmf_admin_menu` WHERE  `parent_id` = 339  AND `status` = 1 ORDER BY `list_order` ASC [ RunTime:0.000302s ]
[2024-11-20T16:05:07+08:00][sql] SELECT * FROM `cmf_admin_menu` WHERE  `parent_id` = 340  AND `status` = 1 ORDER BY `list_order` ASC [ RunTime:0.000305s ]
[2024-11-20T16:05:07+08:00][sql] SELECT * FROM `cmf_admin_menu` WHERE  `parent_id` = 351  AND `status` = 1 ORDER BY `list_order` ASC [ RunTime:0.000354s ]
[2024-11-20T16:05:07+08:00][sql] SELECT * FROM `cmf_admin_menu` WHERE  `parent_id` = 358  AND `status` = 1 ORDER BY `list_order` ASC [ RunTime:0.000309s ]
[2024-11-20T16:05:07+08:00][sql] SELECT * FROM `cmf_admin_menu` WHERE  `parent_id` = 360  AND `status` = 1 ORDER BY `list_order` ASC [ RunTime:0.000362s ]
[2024-11-20T16:05:07+08:00][sql] SELECT * FROM `cmf_admin_menu` WHERE  `parent_id` = 365  AND `status` = 1 ORDER BY `list_order` ASC [ RunTime:0.000316s ]
[2024-11-20T16:05:07+08:00][sql] SELECT * FROM `cmf_admin_menu` WHERE  `parent_id` = 366  AND `status` = 1 ORDER BY `list_order` ASC [ RunTime:0.000304s ]
[2024-11-20T16:05:07+08:00][sql] SELECT * FROM `cmf_admin_menu` WHERE  `parent_id` = 371  AND `status` = 1 ORDER BY `list_order` ASC [ RunTime:0.000376s ]
[2024-11-20T16:05:07+08:00][sql] SELECT * FROM `cmf_admin_menu` WHERE  `parent_id` = 372  AND `status` = 1 ORDER BY `list_order` ASC [ RunTime:0.000369s ]
[2024-11-20T16:05:07+08:00][sql] SELECT * FROM `cmf_admin_menu` WHERE  `parent_id` = 373  AND `status` = 1 ORDER BY `list_order` ASC [ RunTime:0.000312s ]
[2024-11-20T16:05:07+08:00][sql] SELECT * FROM `cmf_admin_menu` WHERE  `parent_id` = 374  AND `status` = 1 ORDER BY `list_order` ASC [ RunTime:0.000299s ]
[2024-11-20T16:05:07+08:00][sql] SELECT * FROM `cmf_admin_menu` WHERE  `parent_id` = 381  AND `status` = 1 ORDER BY `list_order` ASC [ RunTime:0.000349s ]
[2024-11-20T16:05:07+08:00][sql] SELECT * FROM `cmf_admin_menu` WHERE  `parent_id` = 384  AND `status` = 1 ORDER BY `list_order` ASC [ RunTime:0.000350s ]
[2024-11-20T16:05:07+08:00][sql] SELECT * FROM `cmf_admin_menu` WHERE  `parent_id` = 388  AND `status` = 1 ORDER BY `list_order` ASC [ RunTime:0.000313s ]
[2024-11-20T16:05:07+08:00][sql] SELECT * FROM `cmf_admin_menu` WHERE  `parent_id` = 390  AND `status` = 1 ORDER BY `list_order` ASC [ RunTime:0.000350s ]
[2024-11-20T16:05:07+08:00][sql] SELECT * FROM `cmf_admin_menu` WHERE  `parent_id` = 394  AND `status` = 1 ORDER BY `list_order` ASC [ RunTime:0.000300s ]
[2024-11-20T16:05:07+08:00][sql] SELECT * FROM `cmf_admin_menu` WHERE  `parent_id` = 395  AND `status` = 1 ORDER BY `list_order` ASC [ RunTime:0.000374s ]
[2024-11-20T16:05:07+08:00][sql] SELECT * FROM `cmf_admin_menu` WHERE  `parent_id` = 396  AND `status` = 1 ORDER BY `list_order` ASC [ RunTime:0.000357s ]
[2024-11-20T16:05:07+08:00][sql] SELECT * FROM `cmf_admin_menu` WHERE  `parent_id` = 404  AND `status` = 1 ORDER BY `list_order` ASC [ RunTime:0.000356s ]
[2024-11-20T16:05:07+08:00][sql] SELECT * FROM `cmf_admin_menu` WHERE  `parent_id` = 410  AND `status` = 1 ORDER BY `list_order` ASC [ RunTime:0.000354s ]
[2024-11-20T16:05:07+08:00][sql] SELECT * FROM `cmf_admin_menu` WHERE  `parent_id` = 414  AND `status` = 1 ORDER BY `list_order` ASC [ RunTime:0.000377s ]
[2024-11-20T16:05:07+08:00][sql] SELECT * FROM `cmf_admin_menu` WHERE  `parent_id` = 415  AND `status` = 1 ORDER BY `list_order` ASC [ RunTime:0.000363s ]
[2024-11-20T16:05:07+08:00][sql] SELECT * FROM `cmf_admin_menu` WHERE  `parent_id` = 422  AND `status` = 1 ORDER BY `list_order` ASC [ RunTime:0.000357s ]
[2024-11-20T16:05:07+08:00][sql] SELECT * FROM `cmf_admin_menu` WHERE  `parent_id` = 430  AND `status` = 1 ORDER BY `list_order` ASC [ RunTime:0.000378s ]
[2024-11-20T16:05:07+08:00][sql] SELECT * FROM `cmf_admin_menu` WHERE  `parent_id` = 591  AND `status` = 1 ORDER BY `list_order` ASC [ RunTime:0.000363s ]
[2024-11-20T16:05:07+08:00][sql] SELECT * FROM `cmf_admin_menu` WHERE  `parent_id` = 592  AND `status` = 1 ORDER BY `list_order` ASC [ RunTime:0.000375s ]
[2024-11-20T16:05:07+08:00][sql] SELECT * FROM `cmf_admin_menu` WHERE  `parent_id` = 437  AND `status` = 1 ORDER BY `list_order` ASC [ RunTime:0.000310s ]
[2024-11-20T16:05:07+08:00][sql] SELECT * FROM `cmf_admin_menu` WHERE  `parent_id` = 439  AND `status` = 1 ORDER BY `list_order` ASC [ RunTime:0.000356s ]
[2024-11-20T16:05:07+08:00][sql] SELECT * FROM `cmf_admin_menu` WHERE  `parent_id` = 446  AND `status` = 1 ORDER BY `list_order` ASC [ RunTime:0.000375s ]
[2024-11-20T16:05:07+08:00][sql] SELECT * FROM `cmf_admin_menu` WHERE  `parent_id` = 447  AND `status` = 1 ORDER BY `list_order` ASC [ RunTime:0.000360s ]
[2024-11-20T16:05:07+08:00][sql] SELECT * FROM `cmf_admin_menu` WHERE  `parent_id` = 448  AND `status` = 1 ORDER BY `list_order` ASC [ RunTime:0.000356s ]
[2024-11-20T16:05:07+08:00][sql] SELECT * FROM `cmf_admin_menu` WHERE  `parent_id` = 459  AND `status` = 1 ORDER BY `list_order` ASC [ RunTime:0.000367s ]
[2024-11-20T16:05:07+08:00][sql] SELECT * FROM `cmf_admin_menu` WHERE  `parent_id` = 460  AND `status` = 1 ORDER BY `list_order` ASC [ RunTime:0.000312s ]
[2024-11-20T16:05:07+08:00][sql] SELECT * FROM `cmf_admin_menu` WHERE  `parent_id` = 461  AND `status` = 1 ORDER BY `list_order` ASC [ RunTime:0.000300s ]
[2024-11-20T16:05:07+08:00][sql] SELECT * FROM `cmf_admin_menu` WHERE  `parent_id` = 462  AND `status` = 1 ORDER BY `list_order` ASC [ RunTime:0.000416s ]
[2024-11-20T16:05:07+08:00][sql] SELECT * FROM `cmf_admin_menu` WHERE  `parent_id` = 463  AND `status` = 1 ORDER BY `list_order` ASC [ RunTime:0.000369s ]
[2024-11-20T16:05:07+08:00][sql] SELECT * FROM `cmf_admin_menu` WHERE  `parent_id` = 469  AND `status` = 1 ORDER BY `list_order` ASC [ RunTime:0.000313s ]
[2024-11-20T16:05:07+08:00][sql] SELECT * FROM `cmf_admin_menu` WHERE  `parent_id` = 471  AND `status` = 1 ORDER BY `list_order` ASC [ RunTime:0.000372s ]
[2024-11-20T16:05:07+08:00][sql] SELECT * FROM `cmf_admin_menu` WHERE  `parent_id` = 484  AND `status` = 1 ORDER BY `list_order` ASC [ RunTime:0.000303s ]
[2024-11-20T16:05:07+08:00][sql] SELECT * FROM `cmf_admin_menu` WHERE  `parent_id` = 485  AND `status` = 1 ORDER BY `list_order` ASC [ RunTime:0.000305s ]
[2024-11-20T16:05:07+08:00][sql] SELECT * FROM `cmf_admin_menu` WHERE  `parent_id` = 487  AND `status` = 1 ORDER BY `list_order` ASC [ RunTime:0.000370s ]
[2024-11-20T16:05:07+08:00][sql] SELECT * FROM `cmf_admin_menu` WHERE  `parent_id` = 494  AND `status` = 1 ORDER BY `list_order` ASC [ RunTime:0.000360s ]
[2024-11-20T16:05:07+08:00][sql] SELECT * FROM `cmf_admin_menu` WHERE  `parent_id` = 501  AND `status` = 1 ORDER BY `list_order` ASC [ RunTime:0.000361s ]
[2024-11-20T16:05:07+08:00][sql] SELECT * FROM `cmf_admin_menu` WHERE  `parent_id` = 508  AND `status` = 1 ORDER BY `list_order` ASC [ RunTime:0.000359s ]
[2024-11-20T16:05:07+08:00][sql] SELECT * FROM `cmf_admin_menu` WHERE  `parent_id` = 515  AND `status` = 1 ORDER BY `list_order` ASC [ RunTime:0.000365s ]
[2024-11-20T16:05:07+08:00][sql] SELECT * FROM `cmf_admin_menu` WHERE  `parent_id` = 519  AND `status` = 1 ORDER BY `list_order` ASC [ RunTime:0.000360s ]
[2024-11-20T16:05:07+08:00][sql] SELECT * FROM `cmf_admin_menu` WHERE  `parent_id` = 524  AND `status` = 1 ORDER BY `list_order` ASC [ RunTime:0.000367s ]
[2024-11-20T16:05:07+08:00][sql] SELECT * FROM `cmf_admin_menu` WHERE  `parent_id` = 525  AND `status` = 1 ORDER BY `list_order` ASC [ RunTime:0.000365s ]
[2024-11-20T16:05:07+08:00][sql] SELECT * FROM `cmf_admin_menu` WHERE  `parent_id` = 532  AND `status` = 1 ORDER BY `list_order` ASC [ RunTime:0.000366s ]
[2024-11-20T16:05:07+08:00][sql] SELECT * FROM `cmf_admin_menu` WHERE  `parent_id` = 536  AND `status` = 1 ORDER BY `list_order` ASC [ RunTime:0.000381s ]
[2024-11-20T16:05:07+08:00][sql] SELECT * FROM `cmf_admin_menu` WHERE  `parent_id` = 537  AND `status` = 1 ORDER BY `list_order` ASC [ RunTime:0.000367s ]
[2024-11-20T16:05:07+08:00][sql] SELECT * FROM `cmf_admin_menu` WHERE  `parent_id` = 541  AND `status` = 1 ORDER BY `list_order` ASC [ RunTime:0.000360s ]
[2024-11-20T16:05:07+08:00][sql] SELECT * FROM `cmf_admin_menu` WHERE  `parent_id` = 542  AND `status` = 1 ORDER BY `list_order` ASC [ RunTime:0.000311s ]
[2024-11-20T16:05:07+08:00][sql] SELECT * FROM `cmf_admin_menu` WHERE  `parent_id` = 543  AND `status` = 1 ORDER BY `list_order` ASC [ RunTime:0.000305s ]
[2024-11-20T16:05:07+08:00][sql] SELECT * FROM `cmf_admin_menu` WHERE  `parent_id` = 547  AND `status` = 1 ORDER BY `list_order` ASC [ RunTime:0.000364s ]
[2024-11-20T16:05:07+08:00][sql] SELECT * FROM `cmf_admin_menu` WHERE  `parent_id` = 551  AND `status` = 1 ORDER BY `list_order` ASC [ RunTime:0.000386s ]
[2024-11-20T16:05:07+08:00][sql] SELECT * FROM `cmf_admin_menu` WHERE  `parent_id` = 552  AND `status` = 1 ORDER BY `list_order` ASC [ RunTime:0.000390s ]
[2024-11-20T16:05:07+08:00][sql] SELECT * FROM `cmf_admin_menu` WHERE  `parent_id` = 553  AND `status` = 1 ORDER BY `list_order` ASC [ RunTime:0.000375s ]
[2024-11-20T16:05:07+08:00][sql] SELECT * FROM `cmf_admin_menu` WHERE  `parent_id` = 554  AND `status` = 1 ORDER BY `list_order` ASC [ RunTime:0.000309s ]
[2024-11-20T16:05:07+08:00][sql] SELECT * FROM `cmf_admin_menu` WHERE  `parent_id` = 572  AND `status` = 1 ORDER BY `list_order` ASC [ RunTime:0.000387s ]
[2024-11-20T16:05:07+08:00][sql] SELECT * FROM `cmf_admin_menu` WHERE  `parent_id` = 580  AND `status` = 1 ORDER BY `list_order` ASC [ RunTime:0.000384s ]
[2024-11-20T16:05:07+08:00][sql] SELECT * FROM `cmf_admin_menu` WHERE  `parent_id` = 584  AND `status` = 1 ORDER BY `list_order` ASC [ RunTime:0.000366s ]
[2024-11-20T16:05:07+08:00][sql] SELECT * FROM `cmf_admin_menu` WHERE  `parent_id` = 588  AND `status` = 1 ORDER BY `list_order` ASC [ RunTime:0.000366s ]
[2024-11-20T16:05:07+08:00][sql] SELECT * FROM `cmf_admin_menu` WHERE  `parent_id` = 561  AND `status` = 1 ORDER BY `list_order` ASC [ RunTime:0.000380s ]
[2024-11-20T16:05:07+08:00][sql] SELECT * FROM `cmf_admin_menu` WHERE  `parent_id` = 562  AND `status` = 1 ORDER BY `list_order` ASC [ RunTime:0.000370s ]
[2024-11-20T16:05:07+08:00][sql] SELECT * FROM `cmf_admin_menu` WHERE  `parent_id` = 565  AND `status` = 1 ORDER BY `list_order` ASC [ RunTime:0.000367s ]
[2024-11-20T16:05:07+08:00][sql] SELECT * FROM `cmf_admin_menu` WHERE  `parent_id` = 600  AND `status` = 1 ORDER BY `list_order` ASC [ RunTime:0.000378s ]
[2024-11-20T16:05:07+08:00][sql] SELECT * FROM `cmf_admin_menu` WHERE  `parent_id` = 601  AND `status` = 1 ORDER BY `list_order` ASC [ RunTime:0.000380s ]
[2024-11-20T16:05:07+08:00][sql] SELECT * FROM `cmf_admin_menu` WHERE  `parent_id` = 603  AND `status` = 1 ORDER BY `list_order` ASC [ RunTime:0.000378s ]
[2024-11-20T16:05:07+08:00][sql] SELECT * FROM `cmf_admin_menu` WHERE  `parent_id` = 604  AND `status` = 1 ORDER BY `list_order` ASC [ RunTime:0.000303s ]
[2024-11-20T16:05:07+08:00][sql] SELECT * FROM `cmf_admin_menu` WHERE  `parent_id` = 602  AND `status` = 1 ORDER BY `list_order` ASC [ RunTime:0.000380s ]
[2024-11-20T16:05:07+08:00][sql] SELECT * FROM `cmf_admin_menu` WHERE  `parent_id` = 605  AND `status` = 1 ORDER BY `list_order` ASC [ RunTime:0.000304s ]
[2024-11-20T16:05:07+08:00][sql] SELECT * FROM `cmf_admin_menu` WHERE  `parent_id` = 606  AND `status` = 1 ORDER BY `list_order` ASC [ RunTime:0.000305s ]
[2024-11-20T16:05:07+08:00][sql] SELECT * FROM `cmf_admin_menu` WHERE  `parent_id` = 1  AND `status` = 1 ORDER BY `list_order` ASC [ RunTime:0.000345s ]
[2024-11-20T16:05:07+08:00][sql] SELECT * FROM `cmf_admin_menu` WHERE  `parent_id` = 42  AND `status` = 1 ORDER BY `list_order` ASC [ RunTime:0.000335s ]
[2024-11-20T16:05:07+08:00][sql] SELECT * FROM `cmf_admin_menu` ORDER BY `app` ASC,`controller` ASC,`action` ASC [ RunTime:0.001715s ]
[2024-11-20T16:05:07+08:00][sql] CONNECT:[ UseTime:0.000306s ] mysql:host=43.241.16.146;port=3306;dbname=zhibo;charset=utf8mb4
[2024-11-20T16:05:07+08:00][sql] SHOW FULL COLUMNS FROM `cmf_hook` [ RunTime:0.000472s ]
[2024-11-20T16:05:07+08:00][sql] SELECT `hook`,`id` FROM `cmf_hook` WHERE  (  (  `app` = '' OR `app` = 'cmf' )  AND `type` = 3 ) OR `type` = 1 [ RunTime:0.000333s ]
[2024-11-20T16:05:07+08:00][sql] SHOW FULL COLUMNS FROM `cmf_hook_plugin` [ RunTime:0.000423s ]
[2024-11-20T16:05:07+08:00][sql] SELECT `hook`,`plugin` FROM `cmf_hook_plugin` WHERE  `status` = 1  AND `hook` IN ('app_begin','module_init','action_begin','view_filter','app_end','log_write','response_end','admin_init','home_init','send_mobile_verification_code','body_start','before_head_end','footer_start','before_footer','before_footer_end','before_body_end','left_sidebar_start','before_left_sidebar_end','right_sidebar_start','before_right_sidebar_end','comment','guestbook','switch_theme','after_content','before_content','log_write_done','switch_admin_theme','captcha_image') ORDER BY `list_order` ASC [ RunTime:0.000396s ]
[2024-11-20T16:05:07+08:00][sql] SHOW FULL COLUMNS FROM `cmf_user` [ RunTime:0.000656s ]
[2024-11-20T16:05:07+08:00][sql] SELECT * FROM `cmf_user` WHERE  `id` = 1 LIMIT 1 [ RunTime:0.000419s ]
[2024-11-20T16:05:07+08:00][sql] SELECT COUNT(*) AS think_count FROM `cmf_user` WHERE  ( user_type=2 ) LIMIT 1 [ RunTime:0.000264s ]
[2024-11-20T16:05:07+08:00][sql] SELECT count(id) as nums,source FROM `cmf_user` WHERE  ( user_type=2 ) GROUP BY `source` [ RunTime:0.000458s ]
[2024-11-20T16:05:07+08:00][sql] SELECT count(id) as nums,login_type FROM `cmf_user` WHERE  ( user_type=2 ) GROUP BY `login_type` ORDER BY `nums` DESC [ RunTime:0.000295s ]
[2024-11-20T16:05:07+08:00][sql] SELECT COUNT(*) AS think_count FROM `cmf_user` WHERE  ( user_type=2 ) LIMIT 1 [ RunTime:0.000365s ]
[2024-11-20T16:05:07+08:00][sql] SHOW FULL COLUMNS FROM `cmf_live` [ RunTime:0.000599s ]
[2024-11-20T16:05:07+08:00][sql] SELECT COUNT(*) AS think_count FROM `cmf_live` WHERE  ( islive=1 ) LIMIT 1 [ RunTime:0.000250s ]
[2024-11-20T16:05:07+08:00][sql] select sum(endtime - starttime) as times from cmf_live_record [ RunTime:0.000206s ]
[2024-11-20T16:05:07+08:00][sql] SHOW FULL COLUMNS FROM `cmf_live_record` [ RunTime:0.000514s ]
[2024-11-20T16:05:07+08:00][sql] SELECT COUNT(*) AS think_count FROM ( SELECT count(*) AS think_count FROM `cmf_live_record` WHERE  ( starttime >= 1732032000 and starttime<1732118400 ) GROUP BY `uid` ) `_group_count_` LIMIT 1 [ RunTime:0.000308s ]
[2024-11-20T16:05:07+08:00][sql] SELECT COUNT(*) AS think_count FROM `cmf_live_record` WHERE  ( starttime >= 1732032000 and starttime<1732118400 ) LIMIT 1 [ RunTime:0.000209s ]
[2024-11-20T16:05:07+08:00][sql] select sum(endtime - starttime) as times from cmf_live_record where starttime >= 1732032000 and starttime<1732118400 [ RunTime:0.000204s ]
[2024-11-20T16:05:07+08:00][sql] SELECT `id`,`user_nickname`,`avatar`,`avatar_thumb`,`votestotal` FROM `cmf_user` WHERE  ( user_type=2 ) ORDER BY `votestotal` DESC LIMIT 0,3 [ RunTime:0.000255s ]
[2024-11-20T16:05:07+08:00][sql] SELECT `id`,`user_nickname`,`avatar`,`avatar_thumb`,`consumption` FROM `cmf_user` WHERE  ( user_type=2 ) ORDER BY `consumption` DESC LIMIT 0,3 [ RunTime:0.000256s ]
[2024-11-20T16:05:07+08:00][sql] SHOW FULL COLUMNS FROM `cmf_charge_user` [ RunTime:0.000522s ]
[2024-11-20T16:05:07+08:00][sql] SELECT SUM(`money`) AS think_sum FROM `cmf_charge_user` WHERE  ( status=1 ) LIMIT 1 [ RunTime:0.000224s ]
[2024-11-20T16:05:07+08:00][sql] SELECT SUM(`money`) AS think_sum FROM `cmf_charge_user` WHERE  ( status=1 and addtime>=1732032000 and addtime<1732118400 ) LIMIT 1 [ RunTime:0.000225s ]
[2024-11-20T16:05:07+08:00][sql] SELECT SUM(`money`) AS think_sum FROM `cmf_charge_user` WHERE  ( status=1 and type=1 and addtime>=1732032000 and addtime<1732118400 ) LIMIT 1 [ RunTime:0.000209s ]
[2024-11-20T16:05:07+08:00][sql] SELECT SUM(`money`) AS think_sum FROM `cmf_charge_user` WHERE  ( status=1 and type=2 and addtime>=1732032000 and addtime<1732118400 ) LIMIT 1 [ RunTime:0.000204s ]
[2024-11-20T16:05:07+08:00][sql] SELECT SUM(`money`) AS think_sum FROM `cmf_charge_user` WHERE  ( status=1 and type=3 and addtime>=1732032000 and addtime<1732118400 ) LIMIT 1 [ RunTime:0.000204s ]
[2024-11-20T16:05:07+08:00][sql] SHOW FULL COLUMNS FROM `cmf_cash_record` [ RunTime:0.000486s ]
[2024-11-20T16:05:07+08:00][sql] SELECT SUM(`money`) AS think_sum FROM `cmf_cash_record` WHERE  ( status=0 and addtime>=1732032000 and addtime<1732118400 ) LIMIT 1 [ RunTime:0.000230s ]
[2024-11-20T16:05:07+08:00][sql] SELECT SUM(`money`) AS think_sum FROM `cmf_cash_record` WHERE  ( status=1 and addtime>=1732032000 and addtime<1732118400 ) LIMIT 1 [ RunTime:0.000207s ]
[2024-11-20T16:05:07+08:00][sql] SELECT COUNT(*) AS think_count FROM ( SELECT count(*) AS think_count FROM `cmf_cash_record` WHERE  ( addtime>=1732032000 and addtime<1732118400 ) GROUP BY `uid` ) `_group_count_` LIMIT 1 [ RunTime:0.000273s ]
[2024-11-20T16:05:07+08:00][sql] SELECT SUM(`money`) AS think_sum FROM `cmf_cash_record` WHERE  ( status=1 ) LIMIT 1 [ RunTime:0.000194s ]
[2024-11-20T16:05:07+08:00][sql] SHOW FULL COLUMNS FROM `cmf_shop_apply` [ RunTime:0.000574s ]
[2024-11-20T16:05:07+08:00][sql] SELECT COUNT(*) AS think_count FROM `cmf_shop_apply` WHERE  ( status=0 ) LIMIT 1 [ RunTime:0.000228s ]
[2024-11-20T16:05:07+08:00][sql] SHOW FULL COLUMNS FROM `cmf_shop_goods` [ RunTime:0.000580s ]
[2024-11-20T16:05:07+08:00][sql] SELECT COUNT(*) AS think_count FROM `cmf_shop_goods` WHERE  ( status=0 ) LIMIT 1 [ RunTime:0.000232s ]
[2024-11-20T16:05:07+08:00][sql] SHOW FULL COLUMNS FROM `cmf_shop_order_refund` [ RunTime:0.000554s ]
[2024-11-20T16:05:07+08:00][sql] SELECT COUNT(*) AS think_count FROM `cmf_shop_order_refund` WHERE  ( is_platform_interpose=1 and platform_result=0 ) LIMIT 1 [ RunTime:0.000234s ]
[2024-11-20T16:05:07+08:00][sql] SHOW FULL COLUMNS FROM `cmf_paidprogram` [ RunTime:0.000502s ]
[2024-11-20T16:05:07+08:00][sql] SELECT COUNT(*) AS think_count FROM `cmf_paidprogram` WHERE  ( status=0 ) LIMIT 1 [ RunTime:0.000219s ]
[2024-11-20T16:05:07+08:00][sql] SHOW FULL COLUMNS FROM `cmf_paidprogram_apply` [ RunTime:0.000417s ]
[2024-11-20T16:05:07+08:00][sql] SELECT COUNT(*) AS think_count FROM `cmf_paidprogram_apply` WHERE  ( status=0 ) LIMIT 1 [ RunTime:0.000209s ]
[2024-11-20T16:05:07+08:00][sql] SHOW FULL COLUMNS FROM `cmf_report` [ RunTime:0.000433s ]
[2024-11-20T16:05:07+08:00][sql] SELECT COUNT(*) AS think_count FROM `cmf_report` WHERE  ( status=0 ) LIMIT 1 [ RunTime:0.000210s ]
[2024-11-20T16:05:07+08:00][sql] SHOW FULL COLUMNS FROM `cmf_dynamic` [ RunTime:0.000508s ]
[2024-11-20T16:05:07+08:00][sql] SELECT COUNT(*) AS think_count FROM `cmf_dynamic` WHERE  ( isdel=0 and status=0 ) LIMIT 1 [ RunTime:0.000230s ]
[2024-11-20T16:05:07+08:00][sql] SHOW FULL COLUMNS FROM `cmf_dynamic_report` [ RunTime:0.000452s ]
[2024-11-20T16:05:07+08:00][sql] SELECT COUNT(*) AS think_count FROM `cmf_dynamic_report` WHERE  ( status=0 ) LIMIT 1 [ RunTime:0.000215s ]
[2024-11-20T16:05:07+08:00][sql] SHOW FULL COLUMNS FROM `cmf_video` [ RunTime:0.000561s ]
[2024-11-20T16:05:07+08:00][sql] SELECT COUNT(*) AS think_count FROM `cmf_video` WHERE  ( isdel=0 and status=0 ) LIMIT 1 [ RunTime:0.000232s ]
[2024-11-20T16:05:07+08:00][sql] SHOW FULL COLUMNS FROM `cmf_video_report` [ RunTime:0.000448s ]
[2024-11-20T16:05:07+08:00][sql] SELECT COUNT(*) AS think_count FROM `cmf_video_report` WHERE  ( status=0 ) LIMIT 1 [ RunTime:0.000213s ]
[2024-11-20T16:05:07+08:00][sql] SHOW FULL COLUMNS FROM `cmf_family` [ RunTime:0.000461s ]
[2024-11-20T16:05:07+08:00][sql] SELECT COUNT(*) AS think_count FROM `cmf_family` WHERE  ( state=0 ) LIMIT 1 [ RunTime:0.000215s ]
[2024-11-20T16:05:07+08:00][sql] SHOW FULL COLUMNS FROM `cmf_family_user_divide_apply` [ RunTime:0.000432s ]
[2024-11-20T16:05:07+08:00][sql] SELECT COUNT(*) AS think_count FROM `cmf_family_user_divide_apply` WHERE  ( status=0 ) LIMIT 1 [ RunTime:0.000213s ]
[2024-11-20T16:05:07+08:00][sql] SHOW FULL COLUMNS FROM `cmf_user_auth` [ RunTime:0.000434s ]
[2024-11-20T16:05:07+08:00][sql] SELECT COUNT(*) AS think_count FROM `cmf_user_auth` WHERE  ( status=0 ) LIMIT 1 [ RunTime:0.000213s ]
[2024-11-20T16:05:19+08:00][sql] CONNECT:[ UseTime:0.000301s ] mysql:host=43.241.16.146;port=3306;dbname=zhibo;charset=utf8mb4
[2024-11-20T16:05:19+08:00][sql] SHOW FULL COLUMNS FROM `cmf_hook` [ RunTime:0.000471s ]
[2024-11-20T16:05:19+08:00][sql] SELECT `hook`,`id` FROM `cmf_hook` WHERE  (  (  `app` = '' OR `app` = 'cmf' )  AND `type` = 3 ) OR `type` = 1 [ RunTime:0.000329s ]
[2024-11-20T16:05:19+08:00][sql] SHOW FULL COLUMNS FROM `cmf_hook_plugin` [ RunTime:0.000419s ]
[2024-11-20T16:05:19+08:00][sql] SELECT `hook`,`plugin` FROM `cmf_hook_plugin` WHERE  `status` = 1  AND `hook` IN ('app_begin','module_init','action_begin','view_filter','app_end','log_write','response_end','admin_init','home_init','send_mobile_verification_code','body_start','before_head_end','footer_start','before_footer','before_footer_end','before_body_end','left_sidebar_start','before_left_sidebar_end','right_sidebar_start','before_right_sidebar_end','comment','guestbook','switch_theme','after_content','before_content','log_write_done','switch_admin_theme','captcha_image') ORDER BY `list_order` ASC [ RunTime:0.000408s ]
[2024-11-20T16:05:19+08:00][sql] CONNECT:[ UseTime:0.000295s ] mysql:host=43.241.16.146;port=3306;dbname=zhibo;charset=utf8mb4
[2024-11-20T16:05:19+08:00][sql] SHOW FULL COLUMNS FROM `cmf_hook` [ RunTime:0.000508s ]
[2024-11-20T16:05:19+08:00][sql] SELECT `hook`,`id` FROM `cmf_hook` WHERE  (  (  `app` = '' OR `app` = 'cmf' )  AND `type` = 3 ) OR `type` = 1 [ RunTime:0.000357s ]
[2024-11-20T16:05:19+08:00][sql] SHOW FULL COLUMNS FROM `cmf_hook_plugin` [ RunTime:0.000430s ]
[2024-11-20T16:05:19+08:00][sql] SELECT `hook`,`plugin` FROM `cmf_hook_plugin` WHERE  `status` = 1  AND `hook` IN ('app_begin','module_init','action_begin','view_filter','app_end','log_write','response_end','admin_init','home_init','send_mobile_verification_code','body_start','before_head_end','footer_start','before_footer','before_footer_end','before_body_end','left_sidebar_start','before_left_sidebar_end','right_sidebar_start','before_right_sidebar_end','comment','guestbook','switch_theme','after_content','before_content','log_write_done','switch_admin_theme','captcha_image') ORDER BY `list_order` ASC [ RunTime:0.000401s ]
[2024-11-20T16:05:19+08:00][sql] CONNECT:[ UseTime:0.000298s ] mysql:host=43.241.16.146;port=3306;dbname=zhibo;charset=utf8mb4
[2024-11-20T16:05:19+08:00][sql] SHOW FULL COLUMNS FROM `cmf_hook` [ RunTime:0.000461s ]
[2024-11-20T16:05:19+08:00][sql] SELECT `hook`,`id` FROM `cmf_hook` WHERE  (  (  `app` = '' OR `app` = 'cmf' )  AND `type` = 3 ) OR `type` = 1 [ RunTime:0.000331s ]
[2024-11-20T16:05:19+08:00][sql] SHOW FULL COLUMNS FROM `cmf_hook_plugin` [ RunTime:0.000421s ]
[2024-11-20T16:05:19+08:00][sql] SELECT `hook`,`plugin` FROM `cmf_hook_plugin` WHERE  `status` = 1  AND `hook` IN ('app_begin','module_init','action_begin','view_filter','app_end','log_write','response_end','admin_init','home_init','send_mobile_verification_code','body_start','before_head_end','footer_start','before_footer','before_footer_end','before_body_end','left_sidebar_start','before_left_sidebar_end','right_sidebar_start','before_right_sidebar_end','comment','guestbook','switch_theme','after_content','before_content','log_write_done','switch_admin_theme','captcha_image') ORDER BY `list_order` ASC [ RunTime:0.000392s ]
[2024-11-20T16:05:23+08:00][sql] CONNECT:[ UseTime:0.000324s ] mysql:host=43.241.16.146;port=3306;dbname=zhibo;charset=utf8mb4
[2024-11-20T16:05:23+08:00][sql] SHOW FULL COLUMNS FROM `cmf_hook` [ RunTime:0.000460s ]
[2024-11-20T16:05:23+08:00][sql] SELECT `hook`,`id` FROM `cmf_hook` WHERE  (  (  `app` = '' OR `app` = 'cmf' )  AND `type` = 3 ) OR `type` = 1 [ RunTime:0.000328s ]
[2024-11-20T16:05:23+08:00][sql] SHOW FULL COLUMNS FROM `cmf_hook_plugin` [ RunTime:0.000426s ]
[2024-11-20T16:05:23+08:00][sql] SELECT `hook`,`plugin` FROM `cmf_hook_plugin` WHERE  `status` = 1  AND `hook` IN ('app_begin','module_init','action_begin','view_filter','app_end','log_write','response_end','admin_init','home_init','send_mobile_verification_code','body_start','before_head_end','footer_start','before_footer','before_footer_end','before_body_end','left_sidebar_start','before_left_sidebar_end','right_sidebar_start','before_right_sidebar_end','comment','guestbook','switch_theme','after_content','before_content','log_write_done','switch_admin_theme','captcha_image') ORDER BY `list_order` ASC [ RunTime:0.000386s ]
[2024-11-20T16:05:23+08:00][sql] SHOW FULL COLUMNS FROM `cmf_user` [ RunTime:0.000655s ]
[2024-11-20T16:05:23+08:00][sql] SELECT * FROM `cmf_user` WHERE  `id` = 1 LIMIT 1 [ RunTime:0.000416s ]
[2024-11-20T16:05:23+08:00][sql] SHOW FULL COLUMNS FROM `cmf_option` [ RunTime:0.000590s ]
[2024-11-20T16:05:23+08:00][sql] SELECT `option_value` FROM `cmf_option` WHERE  `option_name` = 'cmf_settings' LIMIT 1 [ RunTime:0.000251s ]
[2024-11-20T16:06:05+08:00][sql] CONNECT:[ UseTime:0.000334s ] mysql:host=43.241.16.146;port=3306;dbname=zhibo;charset=utf8mb4
[2024-11-20T16:06:05+08:00][sql] SHOW FULL COLUMNS FROM `cmf_hook` [ RunTime:0.000528s ]
[2024-11-20T16:06:05+08:00][sql] SELECT `hook`,`id` FROM `cmf_hook` WHERE  (  (  `app` = '' OR `app` = 'cmf' )  AND `type` = 3 ) OR `type` = 1 [ RunTime:0.000342s ]
[2024-11-20T16:06:05+08:00][sql] SHOW FULL COLUMNS FROM `cmf_hook_plugin` [ RunTime:0.000463s ]
[2024-11-20T16:06:05+08:00][sql] SELECT `hook`,`plugin` FROM `cmf_hook_plugin` WHERE  `status` = 1  AND `hook` IN ('app_begin','module_init','action_begin','view_filter','app_end','log_write','response_end','admin_init','home_init','send_mobile_verification_code','body_start','before_head_end','footer_start','before_footer','before_footer_end','before_body_end','left_sidebar_start','before_left_sidebar_end','right_sidebar_start','before_right_sidebar_end','comment','guestbook','switch_theme','after_content','before_content','log_write_done','switch_admin_theme','captcha_image') ORDER BY `list_order` ASC [ RunTime:0.000423s ]
[2024-11-20T16:06:05+08:00][sql] SHOW FULL COLUMNS FROM `cmf_user` [ RunTime:0.000680s ]
[2024-11-20T16:06:05+08:00][sql] SELECT * FROM `cmf_user` WHERE  `id` = 1 LIMIT 1 [ RunTime:0.000427s ]
[2024-11-20T16:06:05+08:00][sql] SHOW FULL COLUMNS FROM `cmf_option` [ RunTime:0.000450s ]
[2024-11-20T16:06:05+08:00][sql] SELECT * FROM `cmf_option` WHERE  `option_name` = 'site_info' LIMIT 1 [ RunTime:0.000283s ]
[2024-11-20T16:06:05+08:00][sql] UPDATE `cmf_option`  SET `option_value` = '{"site_name":"享趣APP","site_seo_title":"","site_seo_keywords":"","site_seo_description":"","maintain_switch":"0","maintain_tips":"维护通知：为了更好的为您服务，本站正在升级维护中，因此带来不便深表歉意","company_name":"晋江市享趣网络科技有限公司","company_desc":"专注于音视频软件开发，提供软件源码、开发及售后服务，为客户打造多样化软件，公司秉承&quot;专注专业，永争第一，用心服务&quot;的企业理念，自主研发了享誉行业的&quot;直播系统&quot;，努力为客户提供更好的产品。rn","site":"http:\/\/yuliao.012539.cn","copyright":"晋江市享趣网络科技有限公司","copyright_url":"","name_coin":"钻石","name_score":"积分","name_votes":"云票","mobile":"","address":"晋江市享趣网络科技有限公司","apk_ewm":"","ipa_ewm":"","wechat_ewm":"","voicelive_icon":"","voicelive_name":"","isup":"0","apk_ver":"","apk_url":"","apk_des":"","ipa_ver":"","ios_shelves":"0","ipa_url":"","ipa_des":"","qr_url":"","wx_siteurl":"http:\/\/x.com\/wxshare\/Share\/show?roomnum=","share_title":"分享了{username}的精彩直播！","share_des":"我看到一个很好看的直播，快来跟我一起围观吧","app_android":"","app_ios":"","video_share_title":"分享了{username}的精彩视频！","video_share_des":"我看到一个很好看的视频，快来跟我一起围观吧","live_time_coin":"20,30,40,50,60,70,80","sprout_appid":"","sprout_key":"","sprout_appid_ios":"","sprout_key_ios":"","skin_whiting":"4","skin_smooth":"4","skin_tenderness":"5","brightness":"60","eye_brow":"20","big_eye":"20","eye_length":"30","eye_corner":"60","eye_alat":"30","face_lift":"40","face_shave":"10","mouse_lift":"10","nose_lift":"10","chin_lift":"30","forehead_lift":"50","lengthen_noseLift":"60","payment_des":"1.付费内容必须符合中华人民共和国法律法规，不得涉及国家法律法规禁止的一切违法内容。rn2.平台有权对用户上传的付费内容进行监管及审核。rn3.如发现违反国家法律的内容，平台有权向相关部门上报，并删除相关违规信息，封禁违规帐号。rn4.请仔细阅读","payment_time":"1","payment_percent":"15","login_alert_title":"服务协议和隐私政策","login_alert_content":"请您务必仔细阅读，充分理解服务协议和隐私政策各条款，包括但不限于为了向您提供即时通讯，内容分享等服务，我们需要收集您设备信息和个人信息，您可以在设置中查看，管理您的授权。您可阅读《隐私政策》和《服务协议》了解详细信息，如您同意，请点击同意接受我们的服务。","login_clause_title":"我已详细阅读并同意《隐私政策》和《服务协议》","login_private_title":"《隐私政策》","login_private_url":"\/portal\/page\/index?id=3","login_service_title":"《服务协议》","login_service_url":"\/portal\/page\/index?id=4","wxmini_version":"2.2.0","wxmini_shelves_version":"2.2.1","wxmini_des":"","teenager_des":"为呵护未成年人健康成长，特别推出青少年模式，该模式下部分功能无法正常使用。请监护人主动选择并设置监护密码。","leaderboard_switch":"1","login_type":"qq,wx,facebook,twitter,ios","share_type":"qq,qzone,wx,wchat,facebook,twitter","live_type":"0;普通房间,1;密码房间,2;门票房间,3;计时房间","login_img":"","login_img_old":"","site_name_en":"Yunbaolivebroadcastsystem","maintain_tips_en":"MaintenanceNotice:Inordertobetterserveyou,thissiteisbeingupgradedandmaintained,soweapologizefortheinconvenience.","name_coin_en":"Coin","name_score_en":"Integral","name_votes_en":"Ticket","login_img_en":"","apk_des_en":"24.03.02rnAddvoicenetworkpushpullstreamingSDKrnrnOfficialwebsitewww.yunbaokj.com","ipa_des_en":"24.03.07rnFixknownbugsrnrnOfficialwebsitewww.yunbaokj.comrnrn","share_title_en":"Shared{username}\'swonderfullivebroadcast!","share_des_en":"Isawaveryinterestinglivebroadcast,comeandwatchitwithme","video_share_title_en":"Shared{username}\'swonderfulvideo!","video_share_des_en":"Isawaveryinterestingvideo,comeandwatchitwithme","payment_des_en":"1.PaidcontentmustcomplywiththelawsandregulationsofthePeople\'sRepublicofChinaandmustnotinvolveanyillegalcontentprohibitedbynationallawsandregulations.rn2.Theplatformhastherighttosuperviseandreviewpaidcontentuploadedbyusers.rn3.Ifcontentthatviolatesnationallawsisdiscovered,theplatformhastherighttoreportittorelevantdepartments,deleterelevantillegalinformation,andbanillegalaccounts.rn4.Pleasereadcarefully","login_alert_title_en":"ServiceAgreementandPrivacyPolicy","login_alert_content_en":"Pleasebesuretoreaditcarefullyandfullyunderstandthetermsoftheserviceagreementandprivacypolicy,includingbutnotlimitedto,inordertoprovideyouwithinstantmessaging,contentsharingandotherservices,weneedtocollectyourdeviceinformationandpersonalinformation.Youcanviewandmanageitinthesettings.YourAuthorization.YoucanreadthePrivacyPolicyandServiceAgreementfordetailedinformation.Ifyouagree,pleaseclicktoagreetoacceptourservices.","login_clause_title_en":"Ihavereadindetailandagreetothe《PrivacyPolicy》and《ServiceAgreement》","login_private_title_en":"PrivacyPolicy","login_service_title_en":"ServiceAgreement","teenager_des_en":"Inordertoprotectthehealthygrowthofminors,ayouthmodeisspeciallylaunched.Inthismode,somefunctionscannotbeusednormally.Guardiansareaskedtoactivelychooseandsetaguardianshippassword."}'  WHERE  `option_name` = 'site_info' [ RunTime:0.017531s ]
[2024-11-20T16:06:05+08:00][sql] SELECT * FROM `cmf_option` WHERE  `option_name` = 'cdn_settings' LIMIT 1 [ RunTime:0.000274s ]
[2024-11-20T16:06:05+08:00][sql] UPDATE `cmf_option`  SET `option_value` = '{"cdn_static_root":""}'  WHERE  `option_name` = 'cdn_settings' [ RunTime:0.017973s ]
[2024-11-20T16:06:05+08:00][sql] SHOW FULL COLUMNS FROM `cmf_route` [ RunTime:0.000488s ]
[2024-11-20T16:06:05+08:00][sql] DELETE FROM `cmf_route` WHERE  `full_url` = 'admin/Index/index' [ RunTime:0.014025s ]
[2024-11-20T16:06:05+08:00][sql] SELECT * FROM `cmf_route` WHERE  `status` = 1 ORDER BY `list_order` ASC [ RunTime:0.000279s ]
[2024-11-20T16:06:05+08:00][sql] SELECT * FROM `cmf_option` WHERE  `option_name` = 'admin_settings' LIMIT 1 [ RunTime:0.000268s ]
[2024-11-20T16:06:05+08:00][sql] UPDATE `cmf_option`  SET `option_value` = '{"admin_password":"","admin_theme":"admin_simpleboot3","admin_style":"flatadmin"}'  WHERE  `option_name` = 'admin_settings' [ RunTime:0.014619s ]
[2024-11-20T16:06:05+08:00][sql] SHOW FULL COLUMNS FROM `cmf_admin_log` [ RunTime:0.000493s ]
[2024-11-20T16:06:05+08:00][sql] INSERT INTO `cmf_admin_log` SET `adminid` = 1 , `admin` = 'admin' , `action` = '修改公共配置 网站名称 享趣APP ' , `ip` = 3747110647 , `addtime` = 1732089965 [ RunTime:0.014459s ]
[2024-11-20T16:06:07+08:00][sql] CONNECT:[ UseTime:0.000312s ] mysql:host=43.241.16.146;port=3306;dbname=zhibo;charset=utf8mb4
[2024-11-20T16:06:07+08:00][sql] SHOW FULL COLUMNS FROM `cmf_hook` [ RunTime:0.000493s ]
[2024-11-20T16:06:07+08:00][sql] SELECT `hook`,`id` FROM `cmf_hook` WHERE  (  (  `app` = '' OR `app` = 'cmf' )  AND `type` = 3 ) OR `type` = 1 [ RunTime:0.000337s ]
[2024-11-20T16:06:07+08:00][sql] SHOW FULL COLUMNS FROM `cmf_hook_plugin` [ RunTime:0.000459s ]
[2024-11-20T16:06:07+08:00][sql] SELECT `hook`,`plugin` FROM `cmf_hook_plugin` WHERE  `status` = 1  AND `hook` IN ('app_begin','module_init','action_begin','view_filter','app_end','log_write','response_end','admin_init','home_init','send_mobile_verification_code','body_start','before_head_end','footer_start','before_footer','before_footer_end','before_body_end','left_sidebar_start','before_left_sidebar_end','right_sidebar_start','before_right_sidebar_end','comment','guestbook','switch_theme','after_content','before_content','log_write_done','switch_admin_theme','captcha_image') ORDER BY `list_order` ASC [ RunTime:0.000425s ]
[2024-11-20T16:06:07+08:00][sql] SELECT `hook` FROM `cmf_hook` WHERE  `app` = 'admin' [ RunTime:0.000301s ]
[2024-11-20T16:06:07+08:00][sql] SELECT `hook`,`plugin` FROM `cmf_hook_plugin` WHERE  `status` = 1  AND `hook` IN ('admin_dashboard','admin_login','admin_theme_design_view','admin_setting_site_view','admin_setting_clear_cache_view','admin_nav_index_view','admin_link_index_view','admin_slide_index_view','admin_user_index_view','admin_rbac_index_view','admin_index_index_view','admin_recycle_bin_index_view','admin_menu_index_view','admin_custom_login_open','admin_slide_item_index_view','admin_slide_item_add_view','admin_slide_item_edit_view','admin_user_add_view','admin_user_edit_view','admin_rbac_role_add_view','admin_rbac_role_edit_view','admin_rbac_authorize_view') ORDER BY `list_order` ASC [ RunTime:0.000374s ]
[2024-11-20T16:06:07+08:00][sql] SHOW FULL COLUMNS FROM `cmf_option` [ RunTime:0.000465s ]
[2024-11-20T16:06:07+08:00][sql] SELECT `option_value` FROM `cmf_option` WHERE  `option_name` = 'cdn_settings' LIMIT 1 [ RunTime:0.000249s ]
[2024-11-20T16:06:07+08:00][sql] SELECT `option_value` FROM `cmf_option` WHERE  `option_name` = 'site_info' LIMIT 1 [ RunTime:0.000261s ]
[2024-11-20T16:06:07+08:00][sql] SHOW FULL COLUMNS FROM `cmf_user` [ RunTime:0.000652s ]
[2024-11-20T16:06:07+08:00][sql] SELECT * FROM `cmf_user` WHERE  `id` = 1 LIMIT 1 [ RunTime:0.000421s ]
[2024-11-20T16:06:07+08:00][sql] SELECT `option_value` FROM `cmf_option` WHERE  `option_name` = 'cmf_settings' LIMIT 1 [ RunTime:0.000544s ]
[2024-11-20T16:06:07+08:00][sql] SELECT `option_value` FROM `cmf_option` WHERE  `option_name` = 'admin_settings' LIMIT 1 [ RunTime:0.000250s ]
[2024-11-20T16:06:07+08:00][sql] CONNECT:[ UseTime:0.000323s ] mysql:host=43.241.16.146;port=3306;dbname=zhibo;charset=utf8mb4
[2024-11-20T16:06:07+08:00][sql] SHOW FULL COLUMNS FROM `cmf_hook` [ RunTime:0.000594s ]
[2024-11-20T16:06:07+08:00][sql] SELECT `hook`,`id` FROM `cmf_hook` WHERE  (  (  `app` = '' OR `app` = 'cmf' )  AND `type` = 3 ) OR `type` = 1 [ RunTime:0.000392s ]
[2024-11-20T16:06:07+08:00][sql] SHOW FULL COLUMNS FROM `cmf_hook_plugin` [ RunTime:0.000439s ]
[2024-11-20T16:06:07+08:00][sql] SELECT `hook`,`plugin` FROM `cmf_hook_plugin` WHERE  `status` = 1  AND `hook` IN ('app_begin','module_init','action_begin','view_filter','app_end','log_write','response_end','admin_init','home_init','send_mobile_verification_code','body_start','before_head_end','footer_start','before_footer','before_footer_end','before_body_end','left_sidebar_start','before_left_sidebar_end','right_sidebar_start','before_right_sidebar_end','comment','guestbook','switch_theme','after_content','before_content','log_write_done','switch_admin_theme','captcha_image') ORDER BY `list_order` ASC [ RunTime:0.000423s ]
[2024-11-20T16:06:08+08:00][sql] CONNECT:[ UseTime:0.000299s ] mysql:host=43.241.16.146;port=3306;dbname=zhibo;charset=utf8mb4
[2024-11-20T16:06:08+08:00][sql] SHOW FULL COLUMNS FROM `cmf_hook` [ RunTime:0.000480s ]
[2024-11-20T16:06:08+08:00][sql] SELECT `hook`,`id` FROM `cmf_hook` WHERE  (  (  `app` = '' OR `app` = 'cmf' )  AND `type` = 3 ) OR `type` = 1 [ RunTime:0.000338s ]
[2024-11-20T16:06:08+08:00][sql] SHOW FULL COLUMNS FROM `cmf_hook_plugin` [ RunTime:0.000426s ]
[2024-11-20T16:06:08+08:00][sql] SELECT `hook`,`plugin` FROM `cmf_hook_plugin` WHERE  `status` = 1  AND `hook` IN ('app_begin','module_init','action_begin','view_filter','app_end','log_write','response_end','admin_init','home_init','send_mobile_verification_code','body_start','before_head_end','footer_start','before_footer','before_footer_end','before_body_end','left_sidebar_start','before_left_sidebar_end','right_sidebar_start','before_right_sidebar_end','comment','guestbook','switch_theme','after_content','before_content','log_write_done','switch_admin_theme','captcha_image') ORDER BY `list_order` ASC [ RunTime:0.000394s ]
[2024-11-20T16:06:28+08:00][sql] CONNECT:[ UseTime:0.000332s ] mysql:host=43.241.16.146;port=3306;dbname=zhibo;charset=utf8mb4
[2024-11-20T16:06:28+08:00][sql] SHOW FULL COLUMNS FROM `cmf_hook` [ RunTime:0.000485s ]
[2024-11-20T16:06:28+08:00][sql] SELECT `hook`,`id` FROM `cmf_hook` WHERE  (  (  `app` = '' OR `app` = 'cmf' )  AND `type` = 3 ) OR `type` = 1 [ RunTime:0.000342s ]
[2024-11-20T16:06:28+08:00][sql] SHOW FULL COLUMNS FROM `cmf_hook_plugin` [ RunTime:0.000443s ]
[2024-11-20T16:06:28+08:00][sql] SELECT `hook`,`plugin` FROM `cmf_hook_plugin` WHERE  `status` = 1  AND `hook` IN ('app_begin','module_init','action_begin','view_filter','app_end','log_write','response_end','admin_init','home_init','send_mobile_verification_code','body_start','before_head_end','footer_start','before_footer','before_footer_end','before_body_end','left_sidebar_start','before_left_sidebar_end','right_sidebar_start','before_right_sidebar_end','comment','guestbook','switch_theme','after_content','before_content','log_write_done','switch_admin_theme','captcha_image') ORDER BY `list_order` ASC [ RunTime:0.000400s ]
[2024-11-20T16:06:28+08:00][sql] SHOW FULL COLUMNS FROM `cmf_user` [ RunTime:0.000670s ]
[2024-11-20T16:06:28+08:00][sql] SELECT * FROM `cmf_user` WHERE  `id` = 1 LIMIT 1 [ RunTime:0.000426s ]
[2024-11-20T16:06:28+08:00][sql] SHOW FULL COLUMNS FROM `cmf_option` [ RunTime:0.000453s ]
[2024-11-20T16:06:28+08:00][sql] SELECT `option_value` FROM `cmf_option` WHERE  ( option_name='jackpot' ) LIMIT 1 [ RunTime:0.000233s ]
[2024-11-20T16:06:31+08:00][sql] CONNECT:[ UseTime:0.000374s ] mysql:host=43.241.16.146;port=3306;dbname=zhibo;charset=utf8mb4
[2024-11-20T16:06:31+08:00][sql] SHOW FULL COLUMNS FROM `cmf_hook` [ RunTime:0.000484s ]
[2024-11-20T16:06:31+08:00][sql] SELECT `hook`,`id` FROM `cmf_hook` WHERE  (  (  `app` = '' OR `app` = 'cmf' )  AND `type` = 3 ) OR `type` = 1 [ RunTime:0.000339s ]
[2024-11-20T16:06:31+08:00][sql] SHOW FULL COLUMNS FROM `cmf_hook_plugin` [ RunTime:0.000453s ]
[2024-11-20T16:06:31+08:00][sql] SELECT `hook`,`plugin` FROM `cmf_hook_plugin` WHERE  `status` = 1  AND `hook` IN ('app_begin','module_init','action_begin','view_filter','app_end','log_write','response_end','admin_init','home_init','send_mobile_verification_code','body_start','before_head_end','footer_start','before_footer','before_footer_end','before_body_end','left_sidebar_start','before_left_sidebar_end','right_sidebar_start','before_right_sidebar_end','comment','guestbook','switch_theme','after_content','before_content','log_write_done','switch_admin_theme','captcha_image') ORDER BY `list_order` ASC [ RunTime:0.000400s ]
[2024-11-20T16:06:31+08:00][sql] SHOW FULL COLUMNS FROM `cmf_user` [ RunTime:0.000680s ]
[2024-11-20T16:06:31+08:00][sql] SELECT * FROM `cmf_user` WHERE  `id` = 1 LIMIT 1 [ RunTime:0.000420s ]
[2024-11-20T16:06:31+08:00][sql] SHOW FULL COLUMNS FROM `cmf_jackpot_level` [ RunTime:0.002218s ]
[2024-11-20T16:06:31+08:00][sql] SELECT COUNT(*) AS think_count FROM `cmf_jackpot_level` LIMIT 1 [ RunTime:0.000224s ]
[2024-11-20T16:06:31+08:00][sql] SELECT * FROM `cmf_jackpot_level` ORDER BY `levelid` ASC LIMIT 0,20 [ RunTime:0.000234s ]
[2024-11-20T16:06:32+08:00][sql] CONNECT:[ UseTime:0.000358s ] mysql:host=43.241.16.146;port=3306;dbname=zhibo;charset=utf8mb4
[2024-11-20T16:06:32+08:00][sql] SHOW FULL COLUMNS FROM `cmf_hook` [ RunTime:0.000639s ]
[2024-11-20T16:06:32+08:00][sql] SELECT `hook`,`id` FROM `cmf_hook` WHERE  (  (  `app` = '' OR `app` = 'cmf' )  AND `type` = 3 ) OR `type` = 1 [ RunTime:0.000412s ]
[2024-11-20T16:06:32+08:00][sql] SHOW FULL COLUMNS FROM `cmf_hook_plugin` [ RunTime:0.000436s ]
[2024-11-20T16:06:32+08:00][sql] SELECT `hook`,`plugin` FROM `cmf_hook_plugin` WHERE  `status` = 1  AND `hook` IN ('app_begin','module_init','action_begin','view_filter','app_end','log_write','response_end','admin_init','home_init','send_mobile_verification_code','body_start','before_head_end','footer_start','before_footer','before_footer_end','before_body_end','left_sidebar_start','before_left_sidebar_end','right_sidebar_start','before_right_sidebar_end','comment','guestbook','switch_theme','after_content','before_content','log_write_done','switch_admin_theme','captcha_image') ORDER BY `list_order` ASC [ RunTime:0.000424s ]
[2024-11-20T16:06:32+08:00][sql] SHOW FULL COLUMNS FROM `cmf_user` [ RunTime:0.000771s ]
[2024-11-20T16:06:32+08:00][sql] SELECT * FROM `cmf_user` WHERE  `id` = 1 LIMIT 1 [ RunTime:0.000433s ]
[2024-11-20T16:06:32+08:00][sql] SHOW FULL COLUMNS FROM `cmf_option` [ RunTime:0.000430s ]
[2024-11-20T16:06:32+08:00][sql] SELECT `option_value` FROM `cmf_option` WHERE  ( option_name='jackpot' ) LIMIT 1 [ RunTime:0.000232s ]
[2024-11-20T16:06:36+08:00][sql] CONNECT:[ UseTime:0.000324s ] mysql:host=43.241.16.146;port=3306;dbname=zhibo;charset=utf8mb4
[2024-11-20T16:06:36+08:00][sql] SHOW FULL COLUMNS FROM `cmf_hook` [ RunTime:0.000479s ]
[2024-11-20T16:06:36+08:00][sql] SELECT `hook`,`id` FROM `cmf_hook` WHERE  (  (  `app` = '' OR `app` = 'cmf' )  AND `type` = 3 ) OR `type` = 1 [ RunTime:0.000339s ]
[2024-11-20T16:06:36+08:00][sql] SHOW FULL COLUMNS FROM `cmf_hook_plugin` [ RunTime:0.000436s ]
[2024-11-20T16:06:36+08:00][sql] SELECT `hook`,`plugin` FROM `cmf_hook_plugin` WHERE  `status` = 1  AND `hook` IN ('app_begin','module_init','action_begin','view_filter','app_end','log_write','response_end','admin_init','home_init','send_mobile_verification_code','body_start','before_head_end','footer_start','before_footer','before_footer_end','before_body_end','left_sidebar_start','before_left_sidebar_end','right_sidebar_start','before_right_sidebar_end','comment','guestbook','switch_theme','after_content','before_content','log_write_done','switch_admin_theme','captcha_image') ORDER BY `list_order` ASC [ RunTime:0.000396s ]
[2024-11-20T16:06:36+08:00][sql] SHOW FULL COLUMNS FROM `cmf_user` [ RunTime:0.000668s ]
[2024-11-20T16:06:36+08:00][sql] SELECT * FROM `cmf_user` WHERE  `id` = 1 LIMIT 1 [ RunTime:0.000426s ]
[2024-11-20T16:06:36+08:00][sql] SHOW FULL COLUMNS FROM `cmf_user_auth` [ RunTime:0.000488s ]
[2024-11-20T16:06:36+08:00][sql] SELECT COUNT(*) AS think_count FROM `cmf_user_auth` LIMIT 1 [ RunTime:0.000212s ]
[2024-11-20T16:06:42+08:00][sql] CONNECT:[ UseTime:0.000351s ] mysql:host=43.241.16.146;port=3306;dbname=zhibo;charset=utf8mb4
[2024-11-20T16:06:42+08:00][sql] SHOW FULL COLUMNS FROM `cmf_hook` [ RunTime:0.000593s ]
[2024-11-20T16:06:42+08:00][sql] SELECT `hook`,`id` FROM `cmf_hook` WHERE  (  (  `app` = '' OR `app` = 'cmf' )  AND `type` = 3 ) OR `type` = 1 [ RunTime:0.000389s ]
[2024-11-20T16:06:42+08:00][sql] SHOW FULL COLUMNS FROM `cmf_hook_plugin` [ RunTime:0.000431s ]
[2024-11-20T16:06:42+08:00][sql] SELECT `hook`,`plugin` FROM `cmf_hook_plugin` WHERE  `status` = 1  AND `hook` IN ('app_begin','module_init','action_begin','view_filter','app_end','log_write','response_end','admin_init','home_init','send_mobile_verification_code','body_start','before_head_end','footer_start','before_footer','before_footer_end','before_body_end','left_sidebar_start','before_left_sidebar_end','right_sidebar_start','before_right_sidebar_end','comment','guestbook','switch_theme','after_content','before_content','log_write_done','switch_admin_theme','captcha_image') ORDER BY `list_order` ASC [ RunTime:0.000410s ]
[2024-11-20T16:06:42+08:00][sql] SHOW FULL COLUMNS FROM `cmf_user` [ RunTime:0.000758s ]
[2024-11-20T16:06:42+08:00][sql] SELECT * FROM `cmf_user` WHERE  `id` = 1 LIMIT 1 [ RunTime:0.000440s ]
[2024-11-20T16:06:42+08:00][sql] SHOW FULL COLUMNS FROM `cmf_live` [ RunTime:0.000594s ]
[2024-11-20T16:06:42+08:00][sql] SELECT COUNT(*) AS think_count FROM `cmf_live` WHERE  `islive` = 1 LIMIT 1 [ RunTime:0.000277s ]
[2024-11-20T16:06:42+08:00][sql] SHOW FULL COLUMNS FROM `cmf_live_class` [ RunTime:0.000446s ]
[2024-11-20T16:06:42+08:00][sql] SELECT `id`,`name` FROM `cmf_live_class` ORDER BY `list_order` ASC,`id` DESC [ RunTime:0.000249s ]
[2024-11-20T16:07:01+08:00][sql] CONNECT:[ UseTime:0.000318s ] mysql:host=43.241.16.146;port=3306;dbname=zhibo;charset=utf8mb4
[2024-11-20T16:07:01+08:00][sql] SHOW FULL COLUMNS FROM `cmf_hook` [ RunTime:0.000494s ]
[2024-11-20T16:07:01+08:00][sql] SELECT `hook`,`id` FROM `cmf_hook` WHERE  (  (  `app` = '' OR `app` = 'cmf' )  AND `type` = 3 ) OR `type` = 1 [ RunTime:0.000336s ]
[2024-11-20T16:07:01+08:00][sql] SHOW FULL COLUMNS FROM `cmf_hook_plugin` [ RunTime:0.000428s ]
[2024-11-20T16:07:01+08:00][sql] SELECT `hook`,`plugin` FROM `cmf_hook_plugin` WHERE  `status` = 1  AND `hook` IN ('app_begin','module_init','action_begin','view_filter','app_end','log_write','response_end','admin_init','home_init','send_mobile_verification_code','body_start','before_head_end','footer_start','before_footer','before_footer_end','before_body_end','left_sidebar_start','before_left_sidebar_end','right_sidebar_start','before_right_sidebar_end','comment','guestbook','switch_theme','after_content','before_content','log_write_done','switch_admin_theme','captcha_image') ORDER BY `list_order` ASC [ RunTime:0.000402s ]
[2024-11-20T16:07:01+08:00][sql] SHOW FULL COLUMNS FROM `cmf_user` [ RunTime:0.000662s ]
[2024-11-20T16:07:01+08:00][sql] SELECT * FROM `cmf_user` WHERE  `id` = 1 LIMIT 1 [ RunTime:0.000413s ]
[2024-11-20T16:07:01+08:00][sql] SHOW FULL COLUMNS FROM `cmf_video` [ RunTime:0.000559s ]
[2024-11-20T16:07:01+08:00][sql] SELECT COUNT(*) AS think_count FROM `cmf_video` WHERE  `status` = 1  AND `isdel` = 0 LIMIT 1 [ RunTime:0.000265s ]
[2024-11-20T16:07:08+08:00][sql] CONNECT:[ UseTime:0.000300s ] mysql:host=43.241.16.146;port=3306;dbname=zhibo;charset=utf8mb4
[2024-11-20T16:07:08+08:00][sql] SHOW FULL COLUMNS FROM `cmf_hook` [ RunTime:0.000482s ]
[2024-11-20T16:07:08+08:00][sql] SELECT `hook`,`id` FROM `cmf_hook` WHERE  (  (  `app` = '' OR `app` = 'cmf' )  AND `type` = 3 ) OR `type` = 1 [ RunTime:0.000334s ]
[2024-11-20T16:07:08+08:00][sql] SHOW FULL COLUMNS FROM `cmf_hook_plugin` [ RunTime:0.000419s ]
[2024-11-20T16:07:08+08:00][sql] SELECT `hook`,`plugin` FROM `cmf_hook_plugin` WHERE  `status` = 1  AND `hook` IN ('app_begin','module_init','action_begin','view_filter','app_end','log_write','response_end','admin_init','home_init','send_mobile_verification_code','body_start','before_head_end','footer_start','before_footer','before_footer_end','before_body_end','left_sidebar_start','before_left_sidebar_end','right_sidebar_start','before_right_sidebar_end','comment','guestbook','switch_theme','after_content','before_content','log_write_done','switch_admin_theme','captcha_image') ORDER BY `list_order` ASC [ RunTime:0.000389s ]
[2024-11-20T16:07:08+08:00][sql] SHOW FULL COLUMNS FROM `cmf_user` [ RunTime:0.000681s ]
[2024-11-20T16:07:08+08:00][sql] SELECT * FROM `cmf_user` WHERE  `id` = 1 LIMIT 1 [ RunTime:0.000406s ]
[2024-11-20T16:07:08+08:00][sql] SHOW FULL COLUMNS FROM `cmf_family` [ RunTime:0.000483s ]
[2024-11-20T16:07:08+08:00][sql] SELECT COUNT(*) AS think_count FROM `cmf_family` WHERE  `state` <> 3 LIMIT 1 [ RunTime:0.000234s ]
[2024-11-20T16:07:13+08:00][sql] CONNECT:[ UseTime:0.000307s ] mysql:host=43.241.16.146;port=3306;dbname=zhibo;charset=utf8mb4
[2024-11-20T16:07:13+08:00][sql] SHOW FULL COLUMNS FROM `cmf_hook` [ RunTime:0.000466s ]
[2024-11-20T16:07:13+08:00][sql] SELECT `hook`,`id` FROM `cmf_hook` WHERE  (  (  `app` = '' OR `app` = 'cmf' )  AND `type` = 3 ) OR `type` = 1 [ RunTime:0.000329s ]
[2024-11-20T16:07:13+08:00][sql] SHOW FULL COLUMNS FROM `cmf_hook_plugin` [ RunTime:0.000428s ]
[2024-11-20T16:07:13+08:00][sql] SELECT `hook`,`plugin` FROM `cmf_hook_plugin` WHERE  `status` = 1  AND `hook` IN ('app_begin','module_init','action_begin','view_filter','app_end','log_write','response_end','admin_init','home_init','send_mobile_verification_code','body_start','before_head_end','footer_start','before_footer','before_footer_end','before_body_end','left_sidebar_start','before_left_sidebar_end','right_sidebar_start','before_right_sidebar_end','comment','guestbook','switch_theme','after_content','before_content','log_write_done','switch_admin_theme','captcha_image') ORDER BY `list_order` ASC [ RunTime:0.000396s ]
[2024-11-20T16:07:13+08:00][sql] SHOW FULL COLUMNS FROM `cmf_user` [ RunTime:0.000656s ]
[2024-11-20T16:07:13+08:00][sql] SELECT * FROM `cmf_user` WHERE  `id` = 1 LIMIT 1 [ RunTime:0.000418s ]
[2024-11-20T16:07:13+08:00][sql] SHOW FULL COLUMNS FROM `cmf_car` [ RunTime:0.001205s ]
[2024-11-20T16:07:13+08:00][sql] SELECT COUNT(*) AS think_count FROM `cmf_car` LIMIT 1 [ RunTime:0.000223s ]
[2024-11-20T16:07:13+08:00][sql] SELECT * FROM `cmf_car` ORDER BY `list_order` ASC LIMIT 0,20 [ RunTime:0.000262s ]
[2024-11-20T16:07:13+08:00][sql] SHOW FULL COLUMNS FROM `cmf_option` [ RunTime:0.000448s ]
[2024-11-20T16:07:13+08:00][sql] SELECT `option_value` FROM `cmf_option` WHERE  `option_name` = 'storage' LIMIT 1 [ RunTime:0.000244s ]
[2024-11-20T16:07:13+08:00][sql] SHOW FULL COLUMNS FROM `cmf_plugin` [ RunTime:0.000476s ]
[2024-11-20T16:07:13+08:00][sql] SELECT `config` FROM `cmf_plugin` WHERE  `name` = 'Qiniu' LIMIT 1 [ RunTime:0.000241s ]
[2024-11-20T16:07:19+08:00][sql] CONNECT:[ UseTime:0.000313s ] mysql:host=43.241.16.146;port=3306;dbname=zhibo;charset=utf8mb4
[2024-11-20T16:07:19+08:00][sql] SHOW FULL COLUMNS FROM `cmf_hook` [ RunTime:0.000479s ]
[2024-11-20T16:07:19+08:00][sql] SELECT `hook`,`id` FROM `cmf_hook` WHERE  (  (  `app` = '' OR `app` = 'cmf' )  AND `type` = 3 ) OR `type` = 1 [ RunTime:0.000332s ]
[2024-11-20T16:07:19+08:00][sql] SHOW FULL COLUMNS FROM `cmf_hook_plugin` [ RunTime:0.000425s ]
[2024-11-20T16:07:19+08:00][sql] SELECT `hook`,`plugin` FROM `cmf_hook_plugin` WHERE  `status` = 1  AND `hook` IN ('app_begin','module_init','action_begin','view_filter','app_end','log_write','response_end','admin_init','home_init','send_mobile_verification_code','body_start','before_head_end','footer_start','before_footer','before_footer_end','before_body_end','left_sidebar_start','before_left_sidebar_end','right_sidebar_start','before_right_sidebar_end','comment','guestbook','switch_theme','after_content','before_content','log_write_done','switch_admin_theme','captcha_image') ORDER BY `list_order` ASC [ RunTime:0.000401s ]
[2024-11-20T16:07:19+08:00][sql] SHOW FULL COLUMNS FROM `cmf_user` [ RunTime:0.000653s ]
[2024-11-20T16:07:19+08:00][sql] SELECT * FROM `cmf_user` WHERE  `id` = 1 LIMIT 1 [ RunTime:0.000417s ]
[2024-11-20T16:07:19+08:00][sql] SHOW FULL COLUMNS FROM `cmf_guard` [ RunTime:0.001103s ]
[2024-11-20T16:07:19+08:00][sql] SELECT COUNT(*) AS think_count FROM `cmf_guard` LIMIT 1 [ RunTime:0.000217s ]
[2024-11-20T16:07:19+08:00][sql] SELECT * FROM `cmf_guard` ORDER BY `list_order` ASC LIMIT 0,20 [ RunTime:0.000253s ]
[2024-11-20T16:07:23+08:00][sql] CONNECT:[ UseTime:0.000306s ] mysql:host=43.241.16.146;port=3306;dbname=zhibo;charset=utf8mb4
[2024-11-20T16:07:23+08:00][sql] SHOW FULL COLUMNS FROM `cmf_hook` [ RunTime:0.000478s ]
[2024-11-20T16:07:23+08:00][sql] SELECT `hook`,`id` FROM `cmf_hook` WHERE  (  (  `app` = '' OR `app` = 'cmf' )  AND `type` = 3 ) OR `type` = 1 [ RunTime:0.000329s ]
[2024-11-20T16:07:23+08:00][sql] SHOW FULL COLUMNS FROM `cmf_hook_plugin` [ RunTime:0.000415s ]
[2024-11-20T16:07:23+08:00][sql] SELECT `hook`,`plugin` FROM `cmf_hook_plugin` WHERE  `status` = 1  AND `hook` IN ('app_begin','module_init','action_begin','view_filter','app_end','log_write','response_end','admin_init','home_init','send_mobile_verification_code','body_start','before_head_end','footer_start','before_footer','before_footer_end','before_body_end','left_sidebar_start','before_left_sidebar_end','right_sidebar_start','before_right_sidebar_end','comment','guestbook','switch_theme','after_content','before_content','log_write_done','switch_admin_theme','captcha_image') ORDER BY `list_order` ASC [ RunTime:0.000393s ]
[2024-11-20T16:07:23+08:00][sql] SHOW FULL COLUMNS FROM `cmf_user` [ RunTime:0.000641s ]
[2024-11-20T16:07:23+08:00][sql] SELECT * FROM `cmf_user` WHERE  `id` = 1 LIMIT 1 [ RunTime:0.000407s ]
[2024-11-20T16:07:23+08:00][sql] SHOW FULL COLUMNS FROM `cmf_level` [ RunTime:0.000454s ]
[2024-11-20T16:07:23+08:00][sql] SELECT COUNT(*) AS think_count FROM `cmf_level` LIMIT 1 [ RunTime:0.000208s ]
[2024-11-20T16:07:23+08:00][sql] SELECT * FROM `cmf_level` ORDER BY `levelid` ASC LIMIT 0,20 [ RunTime:0.000287s ]
[2024-11-20T16:07:23+08:00][sql] SHOW FULL COLUMNS FROM `cmf_plugin` [ RunTime:0.000487s ]
[2024-11-20T16:07:23+08:00][sql] SELECT `config` FROM `cmf_plugin` WHERE  `name` = 'Qiniu' LIMIT 1 [ RunTime:0.000237s ]
[2024-11-20T16:07:25+08:00][sql] CONNECT:[ UseTime:0.000300s ] mysql:host=43.241.16.146;port=3306;dbname=zhibo;charset=utf8mb4
[2024-11-20T16:07:25+08:00][sql] SHOW FULL COLUMNS FROM `cmf_hook` [ RunTime:0.000462s ]
[2024-11-20T16:07:25+08:00][sql] SELECT `hook`,`id` FROM `cmf_hook` WHERE  (  (  `app` = '' OR `app` = 'cmf' )  AND `type` = 3 ) OR `type` = 1 [ RunTime:0.000328s ]
[2024-11-20T16:07:25+08:00][sql] SHOW FULL COLUMNS FROM `cmf_hook_plugin` [ RunTime:0.000432s ]
[2024-11-20T16:07:25+08:00][sql] SELECT `hook`,`plugin` FROM `cmf_hook_plugin` WHERE  `status` = 1  AND `hook` IN ('app_begin','module_init','action_begin','view_filter','app_end','log_write','response_end','admin_init','home_init','send_mobile_verification_code','body_start','before_head_end','footer_start','before_footer','before_footer_end','before_body_end','left_sidebar_start','before_left_sidebar_end','right_sidebar_start','before_right_sidebar_end','comment','guestbook','switch_theme','after_content','before_content','log_write_done','switch_admin_theme','captcha_image') ORDER BY `list_order` ASC [ RunTime:0.000387s ]
[2024-11-20T16:07:25+08:00][sql] SHOW FULL COLUMNS FROM `cmf_user` [ RunTime:0.000647s ]
[2024-11-20T16:07:25+08:00][sql] SELECT * FROM `cmf_user` WHERE  `id` = 1 LIMIT 1 [ RunTime:0.000417s ]
[2024-11-20T16:07:25+08:00][sql] SHOW FULL COLUMNS FROM `cmf_level_anchor` [ RunTime:0.000477s ]
[2024-11-20T16:07:25+08:00][sql] SELECT COUNT(*) AS think_count FROM `cmf_level_anchor` LIMIT 1 [ RunTime:0.000231s ]
[2024-11-20T16:07:25+08:00][sql] SELECT * FROM `cmf_level_anchor` ORDER BY `levelid` ASC LIMIT 0,20 [ RunTime:0.000266s ]
[2024-11-20T16:07:25+08:00][sql] SHOW FULL COLUMNS FROM `cmf_plugin` [ RunTime:0.000512s ]
[2024-11-20T16:07:25+08:00][sql] SELECT `config` FROM `cmf_plugin` WHERE  `name` = 'Qiniu' LIMIT 1 [ RunTime:0.000238s ]
[2024-11-20T16:07:29+08:00][sql] CONNECT:[ UseTime:0.000306s ] mysql:host=43.241.16.146;port=3306;dbname=zhibo;charset=utf8mb4
[2024-11-20T16:07:29+08:00][sql] SHOW FULL COLUMNS FROM `cmf_hook` [ RunTime:0.000481s ]
[2024-11-20T16:07:29+08:00][sql] SELECT `hook`,`id` FROM `cmf_hook` WHERE  (  (  `app` = '' OR `app` = 'cmf' )  AND `type` = 3 ) OR `type` = 1 [ RunTime:0.000337s ]
[2024-11-20T16:07:29+08:00][sql] SHOW FULL COLUMNS FROM `cmf_hook_plugin` [ RunTime:0.000426s ]
[2024-11-20T16:07:29+08:00][sql] SELECT `hook`,`plugin` FROM `cmf_hook_plugin` WHERE  `status` = 1  AND `hook` IN ('app_begin','module_init','action_begin','view_filter','app_end','log_write','response_end','admin_init','home_init','send_mobile_verification_code','body_start','before_head_end','footer_start','before_footer','before_footer_end','before_body_end','left_sidebar_start','before_left_sidebar_end','right_sidebar_start','before_right_sidebar_end','comment','guestbook','switch_theme','after_content','before_content','log_write_done','switch_admin_theme','captcha_image') ORDER BY `list_order` ASC [ RunTime:0.000391s ]
[2024-11-20T16:07:29+08:00][sql] SHOW FULL COLUMNS FROM `cmf_user` [ RunTime:0.000660s ]
[2024-11-20T16:07:29+08:00][sql] SELECT * FROM `cmf_user` WHERE  `id` = 1 LIMIT 1 [ RunTime:0.000423s ]
[2024-11-20T16:07:29+08:00][sql] SHOW FULL COLUMNS FROM `cmf_agent` [ RunTime:0.000424s ]
[2024-11-20T16:07:29+08:00][sql] SELECT COUNT(*) AS think_count FROM `cmf_agent` LIMIT 1 [ RunTime:0.000206s ]
[2024-11-20T16:08:25+08:00][sql] CONNECT:[ UseTime:0.000358s ] mysql:host=43.241.16.146;port=3306;dbname=zhibo;charset=utf8mb4
[2024-11-20T16:08:25+08:00][sql] SHOW FULL COLUMNS FROM `cmf_hook` [ RunTime:0.000548s ]
[2024-11-20T16:08:25+08:00][sql] SELECT `hook`,`id` FROM `cmf_hook` WHERE  (  (  `app` = '' OR `app` = 'cmf' )  AND `type` = 3 ) OR `type` = 1 [ RunTime:0.000347s ]
[2024-11-20T16:08:25+08:00][sql] SHOW FULL COLUMNS FROM `cmf_hook_plugin` [ RunTime:0.000446s ]
[2024-11-20T16:08:25+08:00][sql] SELECT `hook`,`plugin` FROM `cmf_hook_plugin` WHERE  `status` = 1  AND `hook` IN ('app_begin','module_init','action_begin','view_filter','app_end','log_write','response_end','admin_init','home_init','send_mobile_verification_code','body_start','before_head_end','footer_start','before_footer','before_footer_end','before_body_end','left_sidebar_start','before_left_sidebar_end','right_sidebar_start','before_right_sidebar_end','comment','guestbook','switch_theme','after_content','before_content','log_write_done','switch_admin_theme','captcha_image') ORDER BY `list_order` ASC [ RunTime:0.000420s ]
[2024-11-20T16:08:25+08:00][sql] CONNECT:[ UseTime:0.000313s ] mysql:host=43.241.16.146;port=3306;dbname=zhibo;charset=utf8mb4
[2024-11-20T16:08:25+08:00][sql] SHOW FULL COLUMNS FROM `cmf_hook` [ RunTime:0.000484s ]
[2024-11-20T16:08:25+08:00][sql] SELECT `hook`,`id` FROM `cmf_hook` WHERE  (  (  `app` = '' OR `app` = 'cmf' )  AND `type` = 3 ) OR `type` = 1 [ RunTime:0.000336s ]
[2024-11-20T16:08:25+08:00][sql] SHOW FULL COLUMNS FROM `cmf_hook_plugin` [ RunTime:0.000437s ]
[2024-11-20T16:08:25+08:00][sql] SELECT `hook`,`plugin` FROM `cmf_hook_plugin` WHERE  `status` = 1  AND `hook` IN ('app_begin','module_init','action_begin','view_filter','app_end','log_write','response_end','admin_init','home_init','send_mobile_verification_code','body_start','before_head_end','footer_start','before_footer','before_footer_end','before_body_end','left_sidebar_start','before_left_sidebar_end','right_sidebar_start','before_right_sidebar_end','comment','guestbook','switch_theme','after_content','before_content','log_write_done','switch_admin_theme','captcha_image') ORDER BY `list_order` ASC [ RunTime:0.000404s ]
[2024-11-20T16:22:47+08:00][sql] CONNECT:[ UseTime:0.000356s ] mysql:host=43.241.16.146;port=3306;dbname=zhibo;charset=utf8mb4
[2024-11-20T16:22:47+08:00][sql] SHOW FULL COLUMNS FROM `cmf_hook` [ RunTime:0.000542s ]
[2024-11-20T16:22:47+08:00][sql] SELECT `hook`,`id` FROM `cmf_hook` WHERE  (  (  `app` = '' OR `app` = 'cmf' )  AND `type` = 3 ) OR `type` = 1 [ RunTime:0.000347s ]
[2024-11-20T16:22:47+08:00][sql] SHOW FULL COLUMNS FROM `cmf_hook_plugin` [ RunTime:0.000433s ]
[2024-11-20T16:22:47+08:00][sql] SELECT `hook`,`plugin` FROM `cmf_hook_plugin` WHERE  `status` = 1  AND `hook` IN ('app_begin','module_init','action_begin','view_filter','app_end','log_write','response_end','admin_init','home_init','send_mobile_verification_code','body_start','before_head_end','footer_start','before_footer','before_footer_end','before_body_end','left_sidebar_start','before_left_sidebar_end','right_sidebar_start','before_right_sidebar_end','comment','guestbook','switch_theme','after_content','before_content','log_write_done','switch_admin_theme','captcha_image') ORDER BY `list_order` ASC [ RunTime:0.000403s ]
[2024-11-20T16:22:47+08:00][sql] SHOW FULL COLUMNS FROM `cmf_user` [ RunTime:0.000662s ]
[2024-11-20T16:22:47+08:00][sql] SELECT * FROM `cmf_user` WHERE  `id` = 1 LIMIT 1 [ RunTime:0.000422s ]
[2024-11-20T16:22:47+08:00][sql] SHOW FULL COLUMNS FROM `cmf_option` [ RunTime:0.000573s ]
[2024-11-20T16:22:47+08:00][sql] SELECT `option_value` FROM `cmf_option` WHERE  `option_name` = 'cmf_settings' LIMIT 1 [ RunTime:0.000250s ]
[2024-11-20T16:22:59+08:00][sql] CONNECT:[ UseTime:0.000321s ] mysql:host=43.241.16.146;port=3306;dbname=zhibo;charset=utf8mb4
[2024-11-20T16:22:59+08:00][sql] SHOW FULL COLUMNS FROM `cmf_hook` [ RunTime:0.000500s ]
[2024-11-20T16:22:59+08:00][sql] SELECT `hook`,`id` FROM `cmf_hook` WHERE  (  (  `app` = '' OR `app` = 'cmf' )  AND `type` = 3 ) OR `type` = 1 [ RunTime:0.000343s ]
[2024-11-20T16:22:59+08:00][sql] SHOW FULL COLUMNS FROM `cmf_hook_plugin` [ RunTime:0.000430s ]
[2024-11-20T16:22:59+08:00][sql] SELECT `hook`,`plugin` FROM `cmf_hook_plugin` WHERE  `status` = 1  AND `hook` IN ('app_begin','module_init','action_begin','view_filter','app_end','log_write','response_end','admin_init','home_init','send_mobile_verification_code','body_start','before_head_end','footer_start','before_footer','before_footer_end','before_body_end','left_sidebar_start','before_left_sidebar_end','right_sidebar_start','before_right_sidebar_end','comment','guestbook','switch_theme','after_content','before_content','log_write_done','switch_admin_theme','captcha_image') ORDER BY `list_order` ASC [ RunTime:0.000395s ]
[2024-11-20T16:22:59+08:00][sql] SHOW FULL COLUMNS FROM `cmf_user` [ RunTime:0.000658s ]
[2024-11-20T16:22:59+08:00][sql] SELECT * FROM `cmf_user` WHERE  `id` = 1 LIMIT 1 [ RunTime:0.000423s ]
[2024-11-20T16:22:59+08:00][sql] SHOW FULL COLUMNS FROM `cmf_plugin` [ RunTime:0.000497s ]
[2024-11-20T16:22:59+08:00][sql] SELECT * FROM `cmf_plugin` [ RunTime:0.000257s ]
[2024-11-20T16:23:54+08:00][sql] CONNECT:[ UseTime:0.000356s ] mysql:host=43.241.16.146;port=3306;dbname=zhibo;charset=utf8mb4
[2024-11-20T16:23:54+08:00][sql] SHOW FULL COLUMNS FROM `cmf_hook` [ RunTime:0.000507s ]
[2024-11-20T16:23:54+08:00][sql] SELECT `hook`,`id` FROM `cmf_hook` WHERE  (  (  `app` = '' OR `app` = 'cmf' )  AND `type` = 3 ) OR `type` = 1 [ RunTime:0.000341s ]
[2024-11-20T16:23:54+08:00][sql] SHOW FULL COLUMNS FROM `cmf_hook_plugin` [ RunTime:0.000429s ]
[2024-11-20T16:23:54+08:00][sql] SELECT `hook`,`plugin` FROM `cmf_hook_plugin` WHERE  `status` = 1  AND `hook` IN ('app_begin','module_init','action_begin','view_filter','app_end','log_write','response_end','admin_init','home_init','send_mobile_verification_code','body_start','before_head_end','footer_start','before_footer','before_footer_end','before_body_end','left_sidebar_start','before_left_sidebar_end','right_sidebar_start','before_right_sidebar_end','comment','guestbook','switch_theme','after_content','before_content','log_write_done','switch_admin_theme','captcha_image') ORDER BY `list_order` ASC [ RunTime:0.000397s ]
[2024-11-20T16:23:54+08:00][sql] SHOW FULL COLUMNS FROM `cmf_user` [ RunTime:0.000655s ]
[2024-11-20T16:23:54+08:00][sql] SELECT * FROM `cmf_user` WHERE  `id` = 1 LIMIT 1 [ RunTime:0.000416s ]
[2024-11-20T16:23:54+08:00][sql] SHOW FULL COLUMNS FROM `cmf_option` [ RunTime:0.000591s ]
[2024-11-20T16:23:54+08:00][sql] SELECT `option_value` FROM `cmf_option` WHERE  `option_name` = 'cmf_settings' LIMIT 1 [ RunTime:0.000249s ]
[2024-11-20T16:41:10+08:00][sql] CONNECT:[ UseTime:0.000416s ] mysql:host=43.241.16.146;port=3306;dbname=zhibo;charset=utf8mb4
[2024-11-20T16:41:10+08:00][sql] SHOW FULL COLUMNS FROM `cmf_hook` [ RunTime:0.000600s ]
[2024-11-20T16:41:10+08:00][sql] SELECT `hook`,`id` FROM `cmf_hook` WHERE  (  (  `app` = '' OR `app` = 'cmf' )  AND `type` = 3 ) OR `type` = 1 [ RunTime:0.000378s ]
[2024-11-20T16:41:10+08:00][sql] SHOW FULL COLUMNS FROM `cmf_hook_plugin` [ RunTime:0.000440s ]
[2024-11-20T16:41:10+08:00][sql] SELECT `hook`,`plugin` FROM `cmf_hook_plugin` WHERE  `status` = 1  AND `hook` IN ('app_begin','module_init','action_begin','view_filter','app_end','log_write','response_end','admin_init','home_init','send_mobile_verification_code','body_start','before_head_end','footer_start','before_footer','before_footer_end','before_body_end','left_sidebar_start','before_left_sidebar_end','right_sidebar_start','before_right_sidebar_end','comment','guestbook','switch_theme','after_content','before_content','log_write_done','switch_admin_theme','captcha_image') ORDER BY `list_order` ASC [ RunTime:0.000413s ]
[2024-11-20T16:41:10+08:00][sql] SELECT `hook` FROM `cmf_hook` WHERE  `app` = 'portal' [ RunTime:0.000268s ]
[2024-11-20T16:41:10+08:00][sql] SELECT `hook`,`plugin` FROM `cmf_hook_plugin` WHERE  `status` = 1  AND 0 = 1 ORDER BY `list_order` ASC [ RunTime:0.000222s ]
[2024-11-20T16:41:10+08:00][sql] SHOW FULL COLUMNS FROM `cmf_plugin` [ RunTime:0.000486s ]
[2024-11-20T16:41:10+08:00][sql] SELECT `config` FROM `cmf_plugin` WHERE  `name` = 'Qiniu' LIMIT 1 [ RunTime:0.000243s ]
[2024-11-20T16:41:10+08:00][sql] SHOW FULL COLUMNS FROM `cmf_portal_post` [ RunTime:0.000501s ]
[2024-11-20T16:41:10+08:00][sql] SELECT * FROM `cmf_portal_post` WHERE  `id` = 45 LIMIT 1 [ RunTime:0.000281s ]
[2024-11-20T16:41:10+08:00][sql] SHOW FULL COLUMNS FROM `cmf_theme_file` [ RunTime:0.000461s ]
[2024-11-20T16:41:10+08:00][sql] SELECT `more` FROM `cmf_theme_file` WHERE  `theme` = 'default'  AND (  `is_public` = 1 OR `file` = '../portal/page/index' ) [ RunTime:0.000281s ]
[2024-11-20T16:41:10+08:00][sql] CONNECT:[ UseTime:0.000306s ] mysql:host=43.241.16.146;port=3306;dbname=zhibo;charset=utf8mb4
[2024-11-20T16:41:10+08:00][sql] SHOW FULL COLUMNS FROM `cmf_hook` [ RunTime:0.000477s ]
[2024-11-20T16:41:10+08:00][sql] SELECT `hook`,`id` FROM `cmf_hook` WHERE  (  (  `app` = '' OR `app` = 'cmf' )  AND `type` = 3 ) OR `type` = 1 [ RunTime:0.000327s ]
[2024-11-20T16:41:10+08:00][sql] SHOW FULL COLUMNS FROM `cmf_hook_plugin` [ RunTime:0.000424s ]
[2024-11-20T16:41:10+08:00][sql] SELECT `hook`,`plugin` FROM `cmf_hook_plugin` WHERE  `status` = 1  AND `hook` IN ('app_begin','module_init','action_begin','view_filter','app_end','log_write','response_end','admin_init','home_init','send_mobile_verification_code','body_start','before_head_end','footer_start','before_footer','before_footer_end','before_body_end','left_sidebar_start','before_left_sidebar_end','right_sidebar_start','before_right_sidebar_end','comment','guestbook','switch_theme','after_content','before_content','log_write_done','switch_admin_theme','captcha_image') ORDER BY `list_order` ASC [ RunTime:0.000394s ]
[2024-11-20T16:42:41+08:00][sql] CONNECT:[ UseTime:0.000326s ] mysql:host=43.241.16.146;port=3306;dbname=zhibo;charset=utf8mb4
[2024-11-20T16:42:41+08:00][sql] SHOW FULL COLUMNS FROM `cmf_hook` [ RunTime:0.000527s ]
[2024-11-20T16:42:41+08:00][sql] SELECT `hook`,`id` FROM `cmf_hook` WHERE  (  (  `app` = '' OR `app` = 'cmf' )  AND `type` = 3 ) OR `type` = 1 [ RunTime:0.000331s ]
[2024-11-20T16:42:41+08:00][sql] SHOW FULL COLUMNS FROM `cmf_hook_plugin` [ RunTime:0.000471s ]
[2024-11-20T16:42:41+08:00][sql] SELECT `hook`,`plugin` FROM `cmf_hook_plugin` WHERE  `status` = 1  AND `hook` IN ('app_begin','module_init','action_begin','view_filter','app_end','log_write','response_end','admin_init','home_init','send_mobile_verification_code','body_start','before_head_end','footer_start','before_footer','before_footer_end','before_body_end','left_sidebar_start','before_left_sidebar_end','right_sidebar_start','before_right_sidebar_end','comment','guestbook','switch_theme','after_content','before_content','log_write_done','switch_admin_theme','captcha_image') ORDER BY `list_order` ASC [ RunTime:0.000408s ]
[2024-11-20T16:42:41+08:00][sql] SELECT `hook` FROM `cmf_hook` WHERE  `app` = 'appapi' [ RunTime:0.000275s ]
[2024-11-20T16:42:41+08:00][sql] SELECT `hook`,`plugin` FROM `cmf_hook_plugin` WHERE  `status` = 1  AND 0 = 1 ORDER BY `list_order` ASC [ RunTime:0.000210s ]
[2024-11-20T16:42:41+08:00][sql] SHOW FULL COLUMNS FROM `cmf_plugin` [ RunTime:0.000490s ]
[2024-11-20T16:42:41+08:00][sql] SELECT `config` FROM `cmf_plugin` WHERE  `name` = 'Qiniu' LIMIT 1 [ RunTime:0.000240s ]
[2024-11-20T16:42:41+08:00][sql] SHOW FULL COLUMNS FROM `cmf_user_auth` [ RunTime:0.000461s ]
[2024-11-20T16:42:41+08:00][sql] SELECT * FROM `cmf_user_auth` WHERE  `uid` = 3 LIMIT 1 [ RunTime:0.000258s ]
[2024-11-20T16:42:41+08:00][sql] SHOW FULL COLUMNS FROM `cmf_theme_file` [ RunTime:0.000456s ]
[2024-11-20T16:42:41+08:00][sql] SELECT `more` FROM `cmf_theme_file` WHERE  `theme` = 'default'  AND (  `is_public` = 1 OR `file` = '../appapi/auth/index' ) [ RunTime:0.000281s ]
[2024-11-20T16:42:41+08:00][sql] CONNECT:[ UseTime:0.000286s ] mysql:host=43.241.16.146;port=3306;dbname=zhibo;charset=utf8mb4
[2024-11-20T16:42:41+08:00][sql] SHOW FULL COLUMNS FROM `cmf_hook` [ RunTime:0.000472s ]
[2024-11-20T16:42:41+08:00][sql] SELECT `hook`,`id` FROM `cmf_hook` WHERE  (  (  `app` = '' OR `app` = 'cmf' )  AND `type` = 3 ) OR `type` = 1 [ RunTime:0.000320s ]
[2024-11-20T16:42:41+08:00][sql] SHOW FULL COLUMNS FROM `cmf_hook_plugin` [ RunTime:0.000426s ]
[2024-11-20T16:42:41+08:00][sql] SELECT `hook`,`plugin` FROM `cmf_hook_plugin` WHERE  `status` = 1  AND `hook` IN ('app_begin','module_init','action_begin','view_filter','app_end','log_write','response_end','admin_init','home_init','send_mobile_verification_code','body_start','before_head_end','footer_start','before_footer','before_footer_end','before_body_end','left_sidebar_start','before_left_sidebar_end','right_sidebar_start','before_right_sidebar_end','comment','guestbook','switch_theme','after_content','before_content','log_write_done','switch_admin_theme','captcha_image') ORDER BY `list_order` ASC [ RunTime:0.000404s ]
[2024-11-20T16:42:54+08:00][sql] CONNECT:[ UseTime:0.000357s ] mysql:host=43.241.16.146;port=3306;dbname=zhibo;charset=utf8mb4
[2024-11-20T16:42:54+08:00][sql] SHOW FULL COLUMNS FROM `cmf_hook` [ RunTime:0.000626s ]
[2024-11-20T16:42:54+08:00][sql] SELECT `hook`,`id` FROM `cmf_hook` WHERE  (  (  `app` = '' OR `app` = 'cmf' )  AND `type` = 3 ) OR `type` = 1 [ RunTime:0.000396s ]
[2024-11-20T16:42:54+08:00][sql] SHOW FULL COLUMNS FROM `cmf_hook_plugin` [ RunTime:0.000434s ]
[2024-11-20T16:42:54+08:00][sql] SELECT `hook`,`plugin` FROM `cmf_hook_plugin` WHERE  `status` = 1  AND `hook` IN ('app_begin','module_init','action_begin','view_filter','app_end','log_write','response_end','admin_init','home_init','send_mobile_verification_code','body_start','before_head_end','footer_start','before_footer','before_footer_end','before_body_end','left_sidebar_start','before_left_sidebar_end','right_sidebar_start','before_right_sidebar_end','comment','guestbook','switch_theme','after_content','before_content','log_write_done','switch_admin_theme','captcha_image') ORDER BY `list_order` ASC [ RunTime:0.000424s ]
[2024-11-20T16:42:54+08:00][sql] SHOW FULL COLUMNS FROM `cmf_plugin` [ RunTime:0.000595s ]
[2024-11-20T16:42:54+08:00][sql] SELECT `config` FROM `cmf_plugin` WHERE  `name` = 'Qiniu' LIMIT 1 [ RunTime:0.000260s ]
[2024-11-20T16:42:54+08:00][sql] SHOW FULL COLUMNS FROM `cmf_portal_post` [ RunTime:0.000501s ]
[2024-11-20T16:42:54+08:00][sql] SELECT * FROM `cmf_portal_post` WHERE  `id` = 10 LIMIT 1 [ RunTime:0.000290s ]
[2024-11-20T16:42:54+08:00][sql] SHOW FULL COLUMNS FROM `cmf_theme_file` [ RunTime:0.000471s ]
[2024-11-20T16:42:54+08:00][sql] SELECT `more` FROM `cmf_theme_file` WHERE  `theme` = 'default'  AND (  `is_public` = 1 OR `file` = '../portal/page/index' ) [ RunTime:0.000282s ]
[2024-11-20T16:43:10+08:00][sql] CONNECT:[ UseTime:0.000327s ] mysql:host=43.241.16.146;port=3306;dbname=zhibo;charset=utf8mb4
[2024-11-20T16:43:10+08:00][sql] SHOW FULL COLUMNS FROM `cmf_hook` [ RunTime:0.000482s ]
[2024-11-20T16:43:10+08:00][sql] SELECT `hook`,`id` FROM `cmf_hook` WHERE  (  (  `app` = '' OR `app` = 'cmf' )  AND `type` = 3 ) OR `type` = 1 [ RunTime:0.000328s ]
[2024-11-20T16:43:10+08:00][sql] SHOW FULL COLUMNS FROM `cmf_hook_plugin` [ RunTime:0.000424s ]
[2024-11-20T16:43:10+08:00][sql] SELECT `hook`,`plugin` FROM `cmf_hook_plugin` WHERE  `status` = 1  AND `hook` IN ('app_begin','module_init','action_begin','view_filter','app_end','log_write','response_end','admin_init','home_init','send_mobile_verification_code','body_start','before_head_end','footer_start','before_footer','before_footer_end','before_body_end','left_sidebar_start','before_left_sidebar_end','right_sidebar_start','before_right_sidebar_end','comment','guestbook','switch_theme','after_content','before_content','log_write_done','switch_admin_theme','captcha_image') ORDER BY `list_order` ASC [ RunTime:0.000403s ]
[2024-11-20T16:43:10+08:00][sql] SHOW FULL COLUMNS FROM `cmf_plugin` [ RunTime:0.000489s ]
[2024-11-20T16:43:10+08:00][sql] SELECT `config` FROM `cmf_plugin` WHERE  `name` = 'Qiniu' LIMIT 1 [ RunTime:0.000249s ]
[2024-11-20T16:43:10+08:00][sql] SHOW FULL COLUMNS FROM `cmf_liang` [ RunTime:0.000449s ]
[2024-11-20T16:43:10+08:00][sql] SELECT * FROM `cmf_liang` WHERE  `uid` = 3 ORDER BY `buytime` DESC [ RunTime:0.000269s ]
[2024-11-20T16:43:10+08:00][sql] SHOW FULL COLUMNS FROM `cmf_car_user` [ RunTime:0.000450s ]
[2024-11-20T16:43:10+08:00][sql] SELECT * FROM `cmf_car_user` WHERE  `uid` = 3  AND `endtime` > 1732092190 [ RunTime:0.000249s ]
[2024-11-20T16:43:10+08:00][sql] SHOW FULL COLUMNS FROM `cmf_theme_file` [ RunTime:0.000463s ]
[2024-11-20T16:43:10+08:00][sql] SELECT `more` FROM `cmf_theme_file` WHERE  `theme` = 'default'  AND (  `is_public` = 1 OR `file` = '../appapi/equipment/index' ) [ RunTime:0.000268s ]
[2024-11-20T16:43:12+08:00][sql] CONNECT:[ UseTime:0.000303s ] mysql:host=43.241.16.146;port=3306;dbname=zhibo;charset=utf8mb4
[2024-11-20T16:43:12+08:00][sql] SHOW FULL COLUMNS FROM `cmf_hook` [ RunTime:0.000472s ]
[2024-11-20T16:43:12+08:00][sql] SELECT `hook`,`id` FROM `cmf_hook` WHERE  (  (  `app` = '' OR `app` = 'cmf' )  AND `type` = 3 ) OR `type` = 1 [ RunTime:0.000333s ]
[2024-11-20T16:43:12+08:00][sql] SHOW FULL COLUMNS FROM `cmf_hook_plugin` [ RunTime:0.000428s ]
[2024-11-20T16:43:12+08:00][sql] SELECT `hook`,`plugin` FROM `cmf_hook_plugin` WHERE  `status` = 1  AND `hook` IN ('app_begin','module_init','action_begin','view_filter','app_end','log_write','response_end','admin_init','home_init','send_mobile_verification_code','body_start','before_head_end','footer_start','before_footer','before_footer_end','before_body_end','left_sidebar_start','before_left_sidebar_end','right_sidebar_start','before_right_sidebar_end','comment','guestbook','switch_theme','after_content','before_content','log_write_done','switch_admin_theme','captcha_image') ORDER BY `list_order` ASC [ RunTime:0.000397s ]
[2024-11-20T16:43:12+08:00][sql] SHOW FULL COLUMNS FROM `cmf_plugin` [ RunTime:0.000505s ]
[2024-11-20T16:43:12+08:00][sql] SELECT `config` FROM `cmf_plugin` WHERE  `name` = 'Qiniu' LIMIT 1 [ RunTime:0.000250s ]
[2024-11-20T16:43:12+08:00][sql] SHOW FULL COLUMNS FROM `cmf_family_user` [ RunTime:0.000461s ]
[2024-11-20T16:43:12+08:00][sql] SELECT * FROM `cmf_family_user` WHERE  `uid` = 3 LIMIT 1 [ RunTime:0.000263s ]
[2024-11-20T16:43:12+08:00][sql] SHOW FULL COLUMNS FROM `cmf_family` [ RunTime:0.000471s ]
[2024-11-20T16:43:12+08:00][sql] SELECT * FROM `cmf_family` WHERE  ( disable=0 and state=2 ) ORDER BY `addtime` ASC LIMIT 0,50 [ RunTime:0.000286s ]
[2024-11-20T16:43:12+08:00][sql] SHOW FULL COLUMNS FROM `cmf_theme_file` [ RunTime:0.000469s ]
[2024-11-20T16:43:12+08:00][sql] SELECT `more` FROM `cmf_theme_file` WHERE  `theme` = 'default'  AND (  `is_public` = 1 OR `file` = '../appapi/family/index' ) [ RunTime:0.000276s ]
[2024-11-20T16:43:12+08:00][sql] CONNECT:[ UseTime:0.000288s ] mysql:host=43.241.16.146;port=3306;dbname=zhibo;charset=utf8mb4
[2024-11-20T16:43:12+08:00][sql] SHOW FULL COLUMNS FROM `cmf_hook` [ RunTime:0.000454s ]
[2024-11-20T16:43:12+08:00][sql] SELECT `hook`,`id` FROM `cmf_hook` WHERE  (  (  `app` = '' OR `app` = 'cmf' )  AND `type` = 3 ) OR `type` = 1 [ RunTime:0.000319s ]
[2024-11-20T16:43:12+08:00][sql] SHOW FULL COLUMNS FROM `cmf_hook_plugin` [ RunTime:0.000425s ]
[2024-11-20T16:43:12+08:00][sql] SELECT `hook`,`plugin` FROM `cmf_hook_plugin` WHERE  `status` = 1  AND `hook` IN ('app_begin','module_init','action_begin','view_filter','app_end','log_write','response_end','admin_init','home_init','send_mobile_verification_code','body_start','before_head_end','footer_start','before_footer','before_footer_end','before_body_end','left_sidebar_start','before_left_sidebar_end','right_sidebar_start','before_right_sidebar_end','comment','guestbook','switch_theme','after_content','before_content','log_write_done','switch_admin_theme','captcha_image') ORDER BY `list_order` ASC [ RunTime:0.000401s ]
[2024-11-20T16:43:18+08:00][sql] CONNECT:[ UseTime:0.000303s ] mysql:host=43.241.16.146;port=3306;dbname=zhibo;charset=utf8mb4
[2024-11-20T16:43:18+08:00][sql] SHOW FULL COLUMNS FROM `cmf_hook` [ RunTime:0.000463s ]
[2024-11-20T16:43:18+08:00][sql] SELECT `hook`,`id` FROM `cmf_hook` WHERE  (  (  `app` = '' OR `app` = 'cmf' )  AND `type` = 3 ) OR `type` = 1 [ RunTime:0.000329s ]
[2024-11-20T16:43:18+08:00][sql] SHOW FULL COLUMNS FROM `cmf_hook_plugin` [ RunTime:0.000418s ]
[2024-11-20T16:43:18+08:00][sql] SELECT `hook`,`plugin` FROM `cmf_hook_plugin` WHERE  `status` = 1  AND `hook` IN ('app_begin','module_init','action_begin','view_filter','app_end','log_write','response_end','admin_init','home_init','send_mobile_verification_code','body_start','before_head_end','footer_start','before_footer','before_footer_end','before_body_end','left_sidebar_start','before_left_sidebar_end','right_sidebar_start','before_right_sidebar_end','comment','guestbook','switch_theme','after_content','before_content','log_write_done','switch_admin_theme','captcha_image') ORDER BY `list_order` ASC [ RunTime:0.000384s ]
[2024-11-20T16:43:18+08:00][sql] SHOW FULL COLUMNS FROM `cmf_plugin` [ RunTime:0.000496s ]
[2024-11-20T16:43:18+08:00][sql] SELECT `config` FROM `cmf_plugin` WHERE  `name` = 'Qiniu' LIMIT 1 [ RunTime:0.000239s ]
[2024-11-20T16:43:18+08:00][sql] SHOW FULL COLUMNS FROM `cmf_user` [ RunTime:0.000621s ]
[2024-11-20T16:43:18+08:00][sql] SELECT `id`,`user_nickname`,`avatar`,`avatar_thumb`,`sex`,`signature`,`consumption`,`votestotal`,`province`,`user_status`,`city`,`birthday`,`issuper`,`end_bantime` FROM `cmf_user` WHERE  `id` = 3 LIMIT 1 [ RunTime:0.000304s ]
[2024-11-20T16:43:18+08:00][sql] SHOW FULL COLUMNS FROM `cmf_vip_user` [ RunTime:0.000408s ]
[2024-11-20T16:43:18+08:00][sql] SELECT * FROM `cmf_vip_user` WHERE  `uid` = 3 LIMIT 1 [ RunTime:0.000229s ]
[2024-11-20T16:43:18+08:00][sql] SHOW FULL COLUMNS FROM `cmf_liang` [ RunTime:0.000431s ]
[2024-11-20T16:43:18+08:00][sql] SELECT * FROM `cmf_liang` WHERE  ( status=1 and state=1 )  AND `uid` = 3 LIMIT 1 [ RunTime:0.000267s ]
[2024-11-20T16:43:18+08:00][sql] SHOW FULL COLUMNS FROM `cmf_user_token` [ RunTime:0.000405s ]
[2024-11-20T16:43:18+08:00][sql] SELECT `token` FROM `cmf_user_token` WHERE  ( user_id=3 ) LIMIT 1 [ RunTime:0.000212s ]
[2024-11-20T16:43:18+08:00][sql] SHOW FULL COLUMNS FROM `cmf_agent_code` [ RunTime:0.000399s ]
[2024-11-20T16:43:18+08:00][sql] SELECT `code` FROM `cmf_agent_code` WHERE  `uid` = 3 LIMIT 1 [ RunTime:0.000230s ]
[2024-11-20T16:43:18+08:00][sql] SHOW FULL COLUMNS FROM `cmf_agent` [ RunTime:0.000383s ]
[2024-11-20T16:43:18+08:00][sql] SELECT * FROM `cmf_agent` WHERE  `uid` = 3 LIMIT 1 [ RunTime:0.000247s ]
[2024-11-20T16:43:18+08:00][sql] SHOW FULL COLUMNS FROM `cmf_agent_profit` [ RunTime:0.000409s ]
[2024-11-20T16:43:18+08:00][sql] SELECT * FROM `cmf_agent_profit` WHERE  `uid` = 3 LIMIT 1 [ RunTime:0.000236s ]
[2024-11-20T16:43:18+08:00][sql] SHOW FULL COLUMNS FROM `cmf_theme_file` [ RunTime:0.000449s ]
[2024-11-20T16:43:18+08:00][sql] SELECT `more` FROM `cmf_theme_file` WHERE  `theme` = 'default'  AND (  `is_public` = 1 OR `file` = '../appapi/agent/index' ) [ RunTime:0.000277s ]
[2024-11-20T16:43:18+08:00][sql] CONNECT:[ UseTime:0.000299s ] mysql:host=43.241.16.146;port=3306;dbname=zhibo;charset=utf8mb4
[2024-11-20T16:43:18+08:00][sql] SHOW FULL COLUMNS FROM `cmf_hook` [ RunTime:0.000475s ]
[2024-11-20T16:43:18+08:00][sql] SELECT `hook`,`id` FROM `cmf_hook` WHERE  (  (  `app` = '' OR `app` = 'cmf' )  AND `type` = 3 ) OR `type` = 1 [ RunTime:0.000329s ]
[2024-11-20T16:43:18+08:00][sql] SHOW FULL COLUMNS FROM `cmf_hook_plugin` [ RunTime:0.000428s ]
[2024-11-20T16:43:18+08:00][sql] SELECT `hook`,`plugin` FROM `cmf_hook_plugin` WHERE  `status` = 1  AND `hook` IN ('app_begin','module_init','action_begin','view_filter','app_end','log_write','response_end','admin_init','home_init','send_mobile_verification_code','body_start','before_head_end','footer_start','before_footer','before_footer_end','before_body_end','left_sidebar_start','before_left_sidebar_end','right_sidebar_start','before_right_sidebar_end','comment','guestbook','switch_theme','after_content','before_content','log_write_done','switch_admin_theme','captcha_image') ORDER BY `list_order` ASC [ RunTime:0.000408s ]
[2024-11-20T16:43:23+08:00][sql] CONNECT:[ UseTime:0.000306s ] mysql:host=43.241.16.146;port=3306;dbname=zhibo;charset=utf8mb4
[2024-11-20T16:43:23+08:00][sql] SHOW FULL COLUMNS FROM `cmf_hook` [ RunTime:0.000478s ]
[2024-11-20T16:43:23+08:00][sql] SELECT `hook`,`id` FROM `cmf_hook` WHERE  (  (  `app` = '' OR `app` = 'cmf' )  AND `type` = 3 ) OR `type` = 1 [ RunTime:0.000332s ]
[2024-11-20T16:43:23+08:00][sql] SHOW FULL COLUMNS FROM `cmf_hook_plugin` [ RunTime:0.000424s ]
[2024-11-20T16:43:23+08:00][sql] SELECT `hook`,`plugin` FROM `cmf_hook_plugin` WHERE  `status` = 1  AND `hook` IN ('app_begin','module_init','action_begin','view_filter','app_end','log_write','response_end','admin_init','home_init','send_mobile_verification_code','body_start','before_head_end','footer_start','before_footer','before_footer_end','before_body_end','left_sidebar_start','before_left_sidebar_end','right_sidebar_start','before_right_sidebar_end','comment','guestbook','switch_theme','after_content','before_content','log_write_done','switch_admin_theme','captcha_image') ORDER BY `list_order` ASC [ RunTime:0.000402s ]
[2024-11-20T16:43:23+08:00][sql] SHOW FULL COLUMNS FROM `cmf_plugin` [ RunTime:0.000502s ]
[2024-11-20T16:43:23+08:00][sql] SELECT `config` FROM `cmf_plugin` WHERE  `name` = 'Qiniu' LIMIT 1 [ RunTime:0.000244s ]
[2024-11-20T16:43:23+08:00][sql] SHOW FULL COLUMNS FROM `cmf_agent` [ RunTime:0.000415s ]
[2024-11-20T16:43:23+08:00][sql] SELECT * FROM `cmf_agent` WHERE  `uid` = 3 LIMIT 1 [ RunTime:0.000253s ]
[2024-11-20T16:43:23+08:00][sql] SHOW FULL COLUMNS FROM `cmf_theme_file` [ RunTime:0.000463s ]
[2024-11-20T16:43:23+08:00][sql] SELECT `more` FROM `cmf_theme_file` WHERE  `theme` = 'default'  AND (  `is_public` = 1 OR `file` = '../appapi/agent/agent' ) [ RunTime:0.000277s ]
[2024-11-20T16:58:02+08:00][sql] CONNECT:[ UseTime:0.000329s ] mysql:host=43.241.16.146;port=3306;dbname=zhibo;charset=utf8mb4
[2024-11-20T16:58:02+08:00][sql] SHOW FULL COLUMNS FROM `cmf_hook` [ RunTime:0.000530s ]
[2024-11-20T16:58:02+08:00][sql] SELECT `hook`,`id` FROM `cmf_hook` WHERE  (  (  `app` = '' OR `app` = 'cmf' )  AND `type` = 3 ) OR `type` = 1 [ RunTime:0.000338s ]
[2024-11-20T16:58:02+08:00][sql] SHOW FULL COLUMNS FROM `cmf_hook_plugin` [ RunTime:0.000439s ]
[2024-11-20T16:58:02+08:00][sql] SELECT `hook`,`plugin` FROM `cmf_hook_plugin` WHERE  `status` = 1  AND `hook` IN ('app_begin','module_init','action_begin','view_filter','app_end','log_write','response_end','admin_init','home_init','send_mobile_verification_code','body_start','before_head_end','footer_start','before_footer','before_footer_end','before_body_end','left_sidebar_start','before_left_sidebar_end','right_sidebar_start','before_right_sidebar_end','comment','guestbook','switch_theme','after_content','before_content','log_write_done','switch_admin_theme','captcha_image') ORDER BY `list_order` ASC [ RunTime:0.000413s ]
[2024-11-20T16:58:02+08:00][sql] SHOW FULL COLUMNS FROM `cmf_plugin` [ RunTime:0.000505s ]
[2024-11-20T16:58:02+08:00][sql] SELECT `config` FROM `cmf_plugin` WHERE  `name` = 'Qiniu' LIMIT 1 [ RunTime:0.000247s ]
[2024-11-20T16:58:02+08:00][sql] SHOW FULL COLUMNS FROM `cmf_user_auth` [ RunTime:0.000488s ]
[2024-11-20T16:58:02+08:00][sql] SELECT * FROM `cmf_user_auth` WHERE  `uid` = 3 LIMIT 1 [ RunTime:0.000266s ]
[2024-11-20T16:58:02+08:00][sql] SHOW FULL COLUMNS FROM `cmf_theme_file` [ RunTime:0.000470s ]
[2024-11-20T16:58:02+08:00][sql] SELECT `more` FROM `cmf_theme_file` WHERE  `theme` = 'default'  AND (  `is_public` = 1 OR `file` = '../appapi/auth/index' ) [ RunTime:0.000279s ]
[2024-11-20T16:58:02+08:00][sql] CONNECT:[ UseTime:0.000313s ] mysql:host=43.241.16.146;port=3306;dbname=zhibo;charset=utf8mb4
[2024-11-20T16:58:02+08:00][sql] SHOW FULL COLUMNS FROM `cmf_hook` [ RunTime:0.000494s ]
[2024-11-20T16:58:02+08:00][sql] SELECT `hook`,`id` FROM `cmf_hook` WHERE  (  (  `app` = '' OR `app` = 'cmf' )  AND `type` = 3 ) OR `type` = 1 [ RunTime:0.000345s ]
[2024-11-20T16:58:02+08:00][sql] SHOW FULL COLUMNS FROM `cmf_hook_plugin` [ RunTime:0.000426s ]
[2024-11-20T16:58:02+08:00][sql] SELECT `hook`,`plugin` FROM `cmf_hook_plugin` WHERE  `status` = 1  AND `hook` IN ('app_begin','module_init','action_begin','view_filter','app_end','log_write','response_end','admin_init','home_init','send_mobile_verification_code','body_start','before_head_end','footer_start','before_footer','before_footer_end','before_body_end','left_sidebar_start','before_left_sidebar_end','right_sidebar_start','before_right_sidebar_end','comment','guestbook','switch_theme','after_content','before_content','log_write_done','switch_admin_theme','captcha_image') ORDER BY `list_order` ASC [ RunTime:0.000392s ]
[2024-11-20T17:37:06+08:00][sql] CONNECT:[ UseTime:0.000407s ] mysql:host=43.241.16.146;port=3306;dbname=zhibo;charset=utf8mb4
[2024-11-20T17:37:06+08:00][sql] SHOW FULL COLUMNS FROM `cmf_hook` [ RunTime:0.000684s ]
[2024-11-20T17:37:06+08:00][sql] SELECT `hook`,`id` FROM `cmf_hook` WHERE  (  (  `app` = '' OR `app` = 'cmf' )  AND `type` = 3 ) OR `type` = 1 [ RunTime:0.000410s ]
[2024-11-20T17:37:06+08:00][sql] SHOW FULL COLUMNS FROM `cmf_hook_plugin` [ RunTime:0.000430s ]
[2024-11-20T17:37:06+08:00][sql] SELECT `hook`,`plugin` FROM `cmf_hook_plugin` WHERE  `status` = 1  AND `hook` IN ('app_begin','module_init','action_begin','view_filter','app_end','log_write','response_end','admin_init','home_init','send_mobile_verification_code','body_start','before_head_end','footer_start','before_footer','before_footer_end','before_body_end','left_sidebar_start','before_left_sidebar_end','right_sidebar_start','before_right_sidebar_end','comment','guestbook','switch_theme','after_content','before_content','log_write_done','switch_admin_theme','captcha_image') ORDER BY `list_order` ASC [ RunTime:0.000428s ]
[2024-11-20T17:37:06+08:00][sql] SHOW FULL COLUMNS FROM `cmf_user` [ RunTime:0.000974s ]
[2024-11-20T17:37:06+08:00][sql] SELECT * FROM `cmf_user` WHERE  `id` = 1 LIMIT 1 [ RunTime:0.000499s ]
[2024-11-20T17:37:06+08:00][sql] SHOW FULL COLUMNS FROM `cmf_admin_menu` [ RunTime:0.000530s ]
[2024-11-20T17:37:06+08:00][sql] SELECT * FROM `cmf_admin_menu` WHERE  `parent_id` = 0  AND `status` = 1 ORDER BY `list_order` ASC [ RunTime:0.000579s ]
[2024-11-20T17:37:06+08:00][sql] SELECT * FROM `cmf_admin_menu` WHERE  `parent_id` = 6  AND `status` = 1 ORDER BY `list_order` ASC [ RunTime:0.000412s ]
[2024-11-20T17:37:06+08:00][sql] SELECT * FROM `cmf_admin_menu` WHERE  `parent_id` = 71  AND `status` = 1 ORDER BY `list_order` ASC [ RunTime:0.000333s ]
[2024-11-20T17:37:06+08:00][sql] SELECT * FROM `cmf_admin_menu` WHERE  `parent_id` = 169  AND `status` = 1 ORDER BY `list_order` ASC [ RunTime:0.000331s ]
[2024-11-20T17:37:06+08:00][sql] SELECT * FROM `cmf_admin_menu` WHERE  `parent_id` = 78  AND `status` = 1 ORDER BY `list_order` ASC [ RunTime:0.000351s ]
[2024-11-20T17:37:06+08:00][sql] SELECT * FROM `cmf_admin_menu` WHERE  `parent_id` = 75  AND `status` = 1 ORDER BY `list_order` ASC [ RunTime:0.000314s ]
[2024-11-20T17:37:06+08:00][sql] SELECT * FROM `cmf_admin_menu` WHERE  `parent_id` = 171  AND `status` = 1 ORDER BY `list_order` ASC [ RunTime:0.000349s ]
[2024-11-20T17:37:06+08:00][sql] SELECT * FROM `cmf_admin_menu` WHERE  `parent_id` = 110  AND `status` = 1 ORDER BY `list_order` ASC [ RunTime:0.000362s ]
[2024-11-20T17:37:06+08:00][sql] SELECT * FROM `cmf_admin_menu` WHERE  `parent_id` = 49  AND `status` = 1 ORDER BY `list_order` ASC [ RunTime:0.000359s ]
[2024-11-20T17:37:06+08:00][sql] SELECT * FROM `cmf_admin_menu` WHERE  `parent_id` = 50  AND `status` = 1 ORDER BY `list_order` ASC [ RunTime:0.000339s ]
[2024-11-20T17:37:06+08:00][sql] SELECT * FROM `cmf_admin_menu` WHERE  `parent_id` = 111  AND `status` = 1 ORDER BY `list_order` ASC [ RunTime:0.000340s ]
[2024-11-20T17:37:06+08:00][sql] SELECT * FROM `cmf_admin_menu` WHERE  `parent_id` = 180  AND `status` = 1 ORDER BY `list_order` ASC [ RunTime:0.000343s ]
[2024-11-20T17:37:06+08:00][sql] SELECT * FROM `cmf_admin_menu` WHERE  `parent_id` = 123  AND `status` = 1 ORDER BY `list_order` ASC [ RunTime:0.000349s ]
[2024-11-20T17:37:06+08:00][sql] SELECT * FROM `cmf_admin_menu` WHERE  `parent_id` = 124  AND `status` = 1 ORDER BY `list_order` ASC [ RunTime:0.000345s ]
[2024-11-20T17:37:06+08:00][sql] SELECT * FROM `cmf_admin_menu` WHERE  `parent_id` = 199  AND `status` = 1 ORDER BY `list_order` ASC [ RunTime:0.000344s ]
[2024-11-20T17:37:06+08:00][sql] SELECT * FROM `cmf_admin_menu` WHERE  `parent_id` = 206  AND `status` = 1 ORDER BY `list_order` ASC [ RunTime:0.000335s ]
[2024-11-20T17:37:06+08:00][sql] SELECT * FROM `cmf_admin_menu` WHERE  `parent_id` = 214  AND `status` = 1 ORDER BY `list_order` ASC [ RunTime:0.000336s ]
[2024-11-20T17:37:06+08:00][sql] SELECT * FROM `cmf_admin_menu` WHERE  `parent_id` = 218  AND `status` = 1 ORDER BY `list_order` ASC [ RunTime:0.000411s ]
[2024-11-20T17:37:06+08:00][sql] SELECT * FROM `cmf_admin_menu` WHERE  `parent_id` = 219  AND `status` = 1 ORDER BY `list_order` ASC [ RunTime:0.000347s ]
[2024-11-20T17:37:06+08:00][sql] SELECT * FROM `cmf_admin_menu` WHERE  `parent_id` = 226  AND `status` = 1 ORDER BY `list_order` ASC [ RunTime:0.000317s ]
[2024-11-20T17:37:06+08:00][sql] SELECT * FROM `cmf_admin_menu` WHERE  `parent_id` = 228  AND `status` = 1 ORDER BY `list_order` ASC [ RunTime:0.000307s ]
[2024-11-20T17:37:06+08:00][sql] SELECT * FROM `cmf_admin_menu` WHERE  `parent_id` = 229  AND `status` = 1 ORDER BY `list_order` ASC [ RunTime:0.000308s ]
[2024-11-20T17:37:06+08:00][sql] SELECT * FROM `cmf_admin_menu` WHERE  `parent_id` = 232  AND `status` = 1 ORDER BY `list_order` ASC [ RunTime:0.000348s ]
[2024-11-20T17:37:06+08:00][sql] SELECT * FROM `cmf_admin_menu` WHERE  `parent_id` = 238  AND `status` = 1 ORDER BY `list_order` ASC [ RunTime:0.000344s ]
[2024-11-20T17:37:06+08:00][sql] SELECT * FROM `cmf_admin_menu` WHERE  `parent_id` = 241  AND `status` = 1 ORDER BY `list_order` ASC [ RunTime:0.000343s ]
[2024-11-20T17:37:06+08:00][sql] SELECT * FROM `cmf_admin_menu` WHERE  `parent_id` = 261  AND `status` = 1 ORDER BY `list_order` ASC [ RunTime:0.000351s ]
[2024-11-20T17:37:06+08:00][sql] SELECT * FROM `cmf_admin_menu` WHERE  `parent_id` = 268  AND `status` = 1 ORDER BY `list_order` ASC [ RunTime:0.000359s ]
[2024-11-20T17:37:06+08:00][sql] SELECT * FROM `cmf_admin_menu` WHERE  `parent_id` = 269  AND `status` = 1 ORDER BY `list_order` ASC [ RunTime:0.000347s ]
[2024-11-20T17:37:06+08:00][sql] SELECT * FROM `cmf_admin_menu` WHERE  `parent_id` = 276  AND `status` = 1 ORDER BY `list_order` ASC [ RunTime:0.000340s ]
[2024-11-20T17:37:06+08:00][sql] SELECT * FROM `cmf_admin_menu` WHERE  `parent_id` = 279  AND `status` = 1 ORDER BY `list_order` ASC [ RunTime:0.000316s ]
[2024-11-20T17:37:06+08:00][sql] SELECT * FROM `cmf_admin_menu` WHERE  `parent_id` = 598  AND `status` = 1 ORDER BY `list_order` ASC [ RunTime:0.000305s ]
[2024-11-20T17:37:06+08:00][sql] SELECT * FROM `cmf_admin_menu` WHERE  `parent_id` = 281  AND `status` = 1 ORDER BY `list_order` ASC [ RunTime:0.000368s ]
[2024-11-20T17:37:06+08:00][sql] SELECT * FROM `cmf_admin_menu` WHERE  `parent_id` = 282  AND `status` = 1 ORDER BY `list_order` ASC [ RunTime:0.000349s ]
[2024-11-20T17:37:06+08:00][sql] SELECT * FROM `cmf_admin_menu` WHERE  `parent_id` = 290  AND `status` = 1 ORDER BY `list_order` ASC [ RunTime:0.000373s ]
[2024-11-20T17:37:06+08:00][sql] SELECT * FROM `cmf_admin_menu` WHERE  `parent_id` = 291  AND `status` = 1 ORDER BY `list_order` ASC [ RunTime:0.000323s ]
[2024-11-20T17:37:06+08:00][sql] SELECT * FROM `cmf_admin_menu` WHERE  `parent_id` = 292  AND `status` = 1 ORDER BY `list_order` ASC [ RunTime:0.000310s ]
[2024-11-20T17:37:06+08:00][sql] SELECT * FROM `cmf_admin_menu` WHERE  `parent_id` = 293  AND `status` = 1 ORDER BY `list_order` ASC [ RunTime:0.000301s ]
[2024-11-20T17:37:06+08:00][sql] SELECT * FROM `cmf_admin_menu` WHERE  `parent_id` = 294  AND `status` = 1 ORDER BY `list_order` ASC [ RunTime:0.000308s ]
[2024-11-20T17:37:06+08:00][sql] SELECT * FROM `cmf_admin_menu` WHERE  `parent_id` = 302  AND `status` = 1 ORDER BY `list_order` ASC [ RunTime:0.000348s ]
[2024-11-20T17:37:06+08:00][sql] SELECT * FROM `cmf_admin_menu` WHERE  `parent_id` = 309  AND `status` = 1 ORDER BY `list_order` ASC [ RunTime:0.000345s ]
[2024-11-20T17:37:06+08:00][sql] SELECT * FROM `cmf_admin_menu` WHERE  `parent_id` = 312  AND `status` = 1 ORDER BY `list_order` ASC [ RunTime:0.000385s ]
[2024-11-20T17:37:06+08:00][sql] SELECT * FROM `cmf_admin_menu` WHERE  `parent_id` = 313  AND `status` = 1 ORDER BY `list_order` ASC [ RunTime:0.000363s ]
[2024-11-20T17:37:06+08:00][sql] SELECT * FROM `cmf_admin_menu` WHERE  `parent_id` = 321  AND `status` = 1 ORDER BY `list_order` ASC [ RunTime:0.000348s ]
[2024-11-20T17:37:06+08:00][sql] SELECT * FROM `cmf_admin_menu` WHERE  `parent_id` = 336  AND `status` = 1 ORDER BY `list_order` ASC [ RunTime:0.000372s ]
[2024-11-20T17:37:06+08:00][sql] SELECT * FROM `cmf_admin_menu` WHERE  `parent_id` = 337  AND `status` = 1 ORDER BY `list_order` ASC [ RunTime:0.000311s ]
[2024-11-20T17:37:06+08:00][sql] SELECT * FROM `cmf_admin_menu` WHERE  `parent_id` = 338  AND `status` = 1 ORDER BY `list_order` ASC [ RunTime:0.000358s ]
[2024-11-20T17:37:06+08:00][sql] SELECT * FROM `cmf_admin_menu` WHERE  `parent_id` = 339  AND `status` = 1 ORDER BY `list_order` ASC [ RunTime:0.000304s ]
[2024-11-20T17:37:06+08:00][sql] SELECT * FROM `cmf_admin_menu` WHERE  `parent_id` = 340  AND `status` = 1 ORDER BY `list_order` ASC [ RunTime:0.000301s ]
[2024-11-20T17:37:06+08:00][sql] SELECT * FROM `cmf_admin_menu` WHERE  `parent_id` = 351  AND `status` = 1 ORDER BY `list_order` ASC [ RunTime:0.000358s ]
[2024-11-20T17:37:06+08:00][sql] SELECT * FROM `cmf_admin_menu` WHERE  `parent_id` = 358  AND `status` = 1 ORDER BY `list_order` ASC [ RunTime:0.000310s ]
[2024-11-20T17:37:06+08:00][sql] SELECT * FROM `cmf_admin_menu` WHERE  `parent_id` = 360  AND `status` = 1 ORDER BY `list_order` ASC [ RunTime:0.000364s ]
[2024-11-20T17:37:06+08:00][sql] SELECT * FROM `cmf_admin_menu` WHERE  `parent_id` = 365  AND `status` = 1 ORDER BY `list_order` ASC [ RunTime:0.000313s ]
[2024-11-20T17:37:06+08:00][sql] SELECT * FROM `cmf_admin_menu` WHERE  `parent_id` = 366  AND `status` = 1 ORDER BY `list_order` ASC [ RunTime:0.000313s ]
[2024-11-20T17:37:06+08:00][sql] SELECT * FROM `cmf_admin_menu` WHERE  `parent_id` = 371  AND `status` = 1 ORDER BY `list_order` ASC [ RunTime:0.000382s ]
[2024-11-20T17:37:06+08:00][sql] SELECT * FROM `cmf_admin_menu` WHERE  `parent_id` = 372  AND `status` = 1 ORDER BY `list_order` ASC [ RunTime:0.000374s ]
[2024-11-20T17:37:06+08:00][sql] SELECT * FROM `cmf_admin_menu` WHERE  `parent_id` = 373  AND `status` = 1 ORDER BY `list_order` ASC [ RunTime:0.000308s ]
[2024-11-20T17:37:06+08:00][sql] SELECT * FROM `cmf_admin_menu` WHERE  `parent_id` = 374  AND `status` = 1 ORDER BY `list_order` ASC [ RunTime:0.000307s ]
[2024-11-20T17:37:06+08:00][sql] SELECT * FROM `cmf_admin_menu` WHERE  `parent_id` = 381  AND `status` = 1 ORDER BY `list_order` ASC [ RunTime:0.000353s ]
[2024-11-20T17:37:06+08:00][sql] SELECT * FROM `cmf_admin_menu` WHERE  `parent_id` = 384  AND `status` = 1 ORDER BY `list_order` ASC [ RunTime:0.000352s ]
[2024-11-20T17:37:06+08:00][sql] SELECT * FROM `cmf_admin_menu` WHERE  `parent_id` = 388  AND `status` = 1 ORDER BY `list_order` ASC [ RunTime:0.000317s ]
[2024-11-20T17:37:06+08:00][sql] SELECT * FROM `cmf_admin_menu` WHERE  `parent_id` = 390  AND `status` = 1 ORDER BY `list_order` ASC [ RunTime:0.000350s ]
[2024-11-20T17:37:06+08:00][sql] SELECT * FROM `cmf_admin_menu` WHERE  `parent_id` = 394  AND `status` = 1 ORDER BY `list_order` ASC [ RunTime:0.000304s ]
[2024-11-20T17:37:06+08:00][sql] SELECT * FROM `cmf_admin_menu` WHERE  `parent_id` = 395  AND `status` = 1 ORDER BY `list_order` ASC [ RunTime:0.000378s ]
[2024-11-20T17:37:06+08:00][sql] SELECT * FROM `cmf_admin_menu` WHERE  `parent_id` = 396  AND `status` = 1 ORDER BY `list_order` ASC [ RunTime:0.000367s ]
[2024-11-20T17:37:06+08:00][sql] SELECT * FROM `cmf_admin_menu` WHERE  `parent_id` = 404  AND `status` = 1 ORDER BY `list_order` ASC [ RunTime:0.000355s ]
[2024-11-20T17:37:06+08:00][sql] SELECT * FROM `cmf_admin_menu` WHERE  `parent_id` = 410  AND `status` = 1 ORDER BY `list_order` ASC [ RunTime:0.000355s ]
[2024-11-20T17:37:06+08:00][sql] SELECT * FROM `cmf_admin_menu` WHERE  `parent_id` = 414  AND `status` = 1 ORDER BY `list_order` ASC [ RunTime:0.000378s ]
[2024-11-20T17:37:06+08:00][sql] SELECT * FROM `cmf_admin_menu` WHERE  `parent_id` = 415  AND `status` = 1 ORDER BY `list_order` ASC [ RunTime:0.000364s ]
[2024-11-20T17:37:06+08:00][sql] SELECT * FROM `cmf_admin_menu` WHERE  `parent_id` = 422  AND `status` = 1 ORDER BY `list_order` ASC [ RunTime:0.000356s ]
[2024-11-20T17:37:06+08:00][sql] SELECT * FROM `cmf_admin_menu` WHERE  `parent_id` = 430  AND `status` = 1 ORDER BY `list_order` ASC [ RunTime:0.000378s ]
[2024-11-20T17:37:06+08:00][sql] SELECT * FROM `cmf_admin_menu` WHERE  `parent_id` = 591  AND `status` = 1 ORDER BY `list_order` ASC [ RunTime:0.000357s ]
[2024-11-20T17:37:06+08:00][sql] SELECT * FROM `cmf_admin_menu` WHERE  `parent_id` = 592  AND `status` = 1 ORDER BY `list_order` ASC [ RunTime:0.000376s ]
[2024-11-20T17:37:06+08:00][sql] SELECT * FROM `cmf_admin_menu` WHERE  `parent_id` = 437  AND `status` = 1 ORDER BY `list_order` ASC [ RunTime:0.000310s ]
[2024-11-20T17:37:06+08:00][sql] SELECT * FROM `cmf_admin_menu` WHERE  `parent_id` = 439  AND `status` = 1 ORDER BY `list_order` ASC [ RunTime:0.000357s ]
[2024-11-20T17:37:06+08:00][sql] SELECT * FROM `cmf_admin_menu` WHERE  `parent_id` = 446  AND `status` = 1 ORDER BY `list_order` ASC [ RunTime:0.000376s ]
[2024-11-20T17:37:06+08:00][sql] SELECT * FROM `cmf_admin_menu` WHERE  `parent_id` = 447  AND `status` = 1 ORDER BY `list_order` ASC [ RunTime:0.000368s ]
[2024-11-20T17:37:06+08:00][sql] SELECT * FROM `cmf_admin_menu` WHERE  `parent_id` = 448  AND `status` = 1 ORDER BY `list_order` ASC [ RunTime:0.000356s ]
[2024-11-20T17:37:06+08:00][sql] SELECT * FROM `cmf_admin_menu` WHERE  `parent_id` = 459  AND `status` = 1 ORDER BY `list_order` ASC [ RunTime:0.000370s ]
[2024-11-20T17:37:06+08:00][sql] SELECT * FROM `cmf_admin_menu` WHERE  `parent_id` = 460  AND `status` = 1 ORDER BY `list_order` ASC [ RunTime:0.000311s ]
[2024-11-20T17:37:06+08:00][sql] SELECT * FROM `cmf_admin_menu` WHERE  `parent_id` = 461  AND `status` = 1 ORDER BY `list_order` ASC [ RunTime:0.000299s ]
[2024-11-20T17:37:06+08:00][sql] SELECT * FROM `cmf_admin_menu` WHERE  `parent_id` = 462  AND `status` = 1 ORDER BY `list_order` ASC [ RunTime:0.000415s ]
[2024-11-20T17:37:06+08:00][sql] SELECT * FROM `cmf_admin_menu` WHERE  `parent_id` = 463  AND `status` = 1 ORDER BY `list_order` ASC [ RunTime:0.000369s ]
[2024-11-20T17:37:06+08:00][sql] SELECT * FROM `cmf_admin_menu` WHERE  `parent_id` = 469  AND `status` = 1 ORDER BY `list_order` ASC [ RunTime:0.000332s ]
[2024-11-20T17:37:06+08:00][sql] SELECT * FROM `cmf_admin_menu` WHERE  `parent_id` = 471  AND `status` = 1 ORDER BY `list_order` ASC [ RunTime:0.000378s ]
[2024-11-20T17:37:06+08:00][sql] SELECT * FROM `cmf_admin_menu` WHERE  `parent_id` = 484  AND `status` = 1 ORDER BY `list_order` ASC [ RunTime:0.000302s ]
[2024-11-20T17:37:06+08:00][sql] SELECT * FROM `cmf_admin_menu` WHERE  `parent_id` = 485  AND `status` = 1 ORDER BY `list_order` ASC [ RunTime:0.000307s ]
[2024-11-20T17:37:06+08:00][sql] SELECT * FROM `cmf_admin_menu` WHERE  `parent_id` = 487  AND `status` = 1 ORDER BY `list_order` ASC [ RunTime:0.000368s ]
[2024-11-20T17:37:06+08:00][sql] SELECT * FROM `cmf_admin_menu` WHERE  `parent_id` = 494  AND `status` = 1 ORDER BY `list_order` ASC [ RunTime:0.000372s ]
[2024-11-20T17:37:06+08:00][sql] SELECT * FROM `cmf_admin_menu` WHERE  `parent_id` = 501  AND `status` = 1 ORDER BY `list_order` ASC [ RunTime:0.000361s ]
[2024-11-20T17:37:06+08:00][sql] SELECT * FROM `cmf_admin_menu` WHERE  `parent_id` = 508  AND `status` = 1 ORDER BY `list_order` ASC [ RunTime:0.000361s ]
[2024-11-20T17:37:06+08:00][sql] SELECT * FROM `cmf_admin_menu` WHERE  `parent_id` = 515  AND `status` = 1 ORDER BY `list_order` ASC [ RunTime:0.000368s ]
[2024-11-20T17:37:06+08:00][sql] SELECT * FROM `cmf_admin_menu` WHERE  `parent_id` = 519  AND `status` = 1 ORDER BY `list_order` ASC [ RunTime:0.000362s ]
[2024-11-20T17:37:06+08:00][sql] SELECT * FROM `cmf_admin_menu` WHERE  `parent_id` = 524  AND `status` = 1 ORDER BY `list_order` ASC [ RunTime:0.000364s ]
[2024-11-20T17:37:06+08:00][sql] SELECT * FROM `cmf_admin_menu` WHERE  `parent_id` = 525  AND `status` = 1 ORDER BY `list_order` ASC [ RunTime:0.000364s ]
[2024-11-20T17:37:06+08:00][sql] SELECT * FROM `cmf_admin_menu` WHERE  `parent_id` = 532  AND `status` = 1 ORDER BY `list_order` ASC [ RunTime:0.000371s ]
[2024-11-20T17:37:06+08:00][sql] SELECT * FROM `cmf_admin_menu` WHERE  `parent_id` = 536  AND `status` = 1 ORDER BY `list_order` ASC [ RunTime:0.000382s ]
[2024-11-20T17:37:06+08:00][sql] SELECT * FROM `cmf_admin_menu` WHERE  `parent_id` = 537  AND `status` = 1 ORDER BY `list_order` ASC [ RunTime:0.000368s ]
[2024-11-20T17:37:06+08:00][sql] SELECT * FROM `cmf_admin_menu` WHERE  `parent_id` = 541  AND `status` = 1 ORDER BY `list_order` ASC [ RunTime:0.000379s ]
[2024-11-20T17:37:06+08:00][sql] SELECT * FROM `cmf_admin_menu` WHERE  `parent_id` = 542  AND `status` = 1 ORDER BY `list_order` ASC [ RunTime:0.000313s ]
[2024-11-20T17:37:06+08:00][sql] SELECT * FROM `cmf_admin_menu` WHERE  `parent_id` = 543  AND `status` = 1 ORDER BY `list_order` ASC [ RunTime:0.000307s ]
[2024-11-20T17:37:06+08:00][sql] SELECT * FROM `cmf_admin_menu` WHERE  `parent_id` = 547  AND `status` = 1 ORDER BY `list_order` ASC [ RunTime:0.000367s ]
[2024-11-20T17:37:06+08:00][sql] SELECT * FROM `cmf_admin_menu` WHERE  `parent_id` = 551  AND `status` = 1 ORDER BY `list_order` ASC [ RunTime:0.000384s ]
[2024-11-20T17:37:06+08:00][sql] SELECT * FROM `cmf_admin_menu` WHERE  `parent_id` = 552  AND `status` = 1 ORDER BY `list_order` ASC [ RunTime:0.000375s ]
[2024-11-20T17:37:06+08:00][sql] SELECT * FROM `cmf_admin_menu` WHERE  `parent_id` = 553  AND `status` = 1 ORDER BY `list_order` ASC [ RunTime:0.000365s ]
[2024-11-20T17:37:06+08:00][sql] SELECT * FROM `cmf_admin_menu` WHERE  `parent_id` = 554  AND `status` = 1 ORDER BY `list_order` ASC [ RunTime:0.000310s ]
[2024-11-20T17:37:06+08:00][sql] SELECT * FROM `cmf_admin_menu` WHERE  `parent_id` = 572  AND `status` = 1 ORDER BY `list_order` ASC [ RunTime:0.000402s ]
[2024-11-20T17:37:06+08:00][sql] SELECT * FROM `cmf_admin_menu` WHERE  `parent_id` = 580  AND `status` = 1 ORDER BY `list_order` ASC [ RunTime:0.000380s ]
[2024-11-20T17:37:06+08:00][sql] SELECT * FROM `cmf_admin_menu` WHERE  `parent_id` = 584  AND `status` = 1 ORDER BY `list_order` ASC [ RunTime:0.000370s ]
[2024-11-20T17:37:06+08:00][sql] SELECT * FROM `cmf_admin_menu` WHERE  `parent_id` = 588  AND `status` = 1 ORDER BY `list_order` ASC [ RunTime:0.000369s ]
[2024-11-20T17:37:06+08:00][sql] SELECT * FROM `cmf_admin_menu` WHERE  `parent_id` = 561  AND `status` = 1 ORDER BY `list_order` ASC [ RunTime:0.000379s ]
[2024-11-20T17:37:06+08:00][sql] SELECT * FROM `cmf_admin_menu` WHERE  `parent_id` = 562  AND `status` = 1 ORDER BY `list_order` ASC [ RunTime:0.000377s ]
[2024-11-20T17:37:06+08:00][sql] SELECT * FROM `cmf_admin_menu` WHERE  `parent_id` = 565  AND `status` = 1 ORDER BY `list_order` ASC [ RunTime:0.000368s ]
[2024-11-20T17:37:06+08:00][sql] SELECT * FROM `cmf_admin_menu` WHERE  `parent_id` = 600  AND `status` = 1 ORDER BY `list_order` ASC [ RunTime:0.000380s ]
[2024-11-20T17:37:06+08:00][sql] SELECT * FROM `cmf_admin_menu` WHERE  `parent_id` = 601  AND `status` = 1 ORDER BY `list_order` ASC [ RunTime:0.000384s ]
[2024-11-20T17:37:06+08:00][sql] SELECT * FROM `cmf_admin_menu` WHERE  `parent_id` = 603  AND `status` = 1 ORDER BY `list_order` ASC [ RunTime:0.000381s ]
[2024-11-20T17:37:06+08:00][sql] SELECT * FROM `cmf_admin_menu` WHERE  `parent_id` = 604  AND `status` = 1 ORDER BY `list_order` ASC [ RunTime:0.000310s ]
[2024-11-20T17:37:06+08:00][sql] SELECT * FROM `cmf_admin_menu` WHERE  `parent_id` = 602  AND `status` = 1 ORDER BY `list_order` ASC [ RunTime:0.000381s ]
[2024-11-20T17:37:06+08:00][sql] SELECT * FROM `cmf_admin_menu` WHERE  `parent_id` = 605  AND `status` = 1 ORDER BY `list_order` ASC [ RunTime:0.000307s ]
[2024-11-20T17:37:06+08:00][sql] SELECT * FROM `cmf_admin_menu` WHERE  `parent_id` = 606  AND `status` = 1 ORDER BY `list_order` ASC [ RunTime:0.000306s ]
[2024-11-20T17:37:06+08:00][sql] SELECT * FROM `cmf_admin_menu` WHERE  `parent_id` = 1  AND `status` = 1 ORDER BY `list_order` ASC [ RunTime:0.000348s ]
[2024-11-20T17:37:06+08:00][sql] SELECT * FROM `cmf_admin_menu` WHERE  `parent_id` = 42  AND `status` = 1 ORDER BY `list_order` ASC [ RunTime:0.000337s ]
[2024-11-20T17:37:06+08:00][sql] SELECT * FROM `cmf_admin_menu` ORDER BY `app` ASC,`controller` ASC,`action` ASC [ RunTime:0.001732s ]
[2024-11-20T17:37:07+08:00][sql] CONNECT:[ UseTime:0.000309s ] mysql:host=43.241.16.146;port=3306;dbname=zhibo;charset=utf8mb4
[2024-11-20T17:37:07+08:00][sql] SHOW FULL COLUMNS FROM `cmf_hook` [ RunTime:0.000515s ]
[2024-11-20T17:37:07+08:00][sql] SELECT `hook`,`id` FROM `cmf_hook` WHERE  (  (  `app` = '' OR `app` = 'cmf' )  AND `type` = 3 ) OR `type` = 1 [ RunTime:0.000337s ]
[2024-11-20T17:37:07+08:00][sql] SHOW FULL COLUMNS FROM `cmf_hook_plugin` [ RunTime:0.000447s ]
[2024-11-20T17:37:07+08:00][sql] SELECT `hook`,`plugin` FROM `cmf_hook_plugin` WHERE  `status` = 1  AND `hook` IN ('app_begin','module_init','action_begin','view_filter','app_end','log_write','response_end','admin_init','home_init','send_mobile_verification_code','body_start','before_head_end','footer_start','before_footer','before_footer_end','before_body_end','left_sidebar_start','before_left_sidebar_end','right_sidebar_start','before_right_sidebar_end','comment','guestbook','switch_theme','after_content','before_content','log_write_done','switch_admin_theme','captcha_image') ORDER BY `list_order` ASC [ RunTime:0.000411s ]
[2024-11-20T17:37:07+08:00][sql] SHOW FULL COLUMNS FROM `cmf_user` [ RunTime:0.000726s ]
[2024-11-20T17:37:07+08:00][sql] SELECT * FROM `cmf_user` WHERE  `id` = 1 LIMIT 1 [ RunTime:0.000437s ]
[2024-11-20T17:37:07+08:00][sql] SELECT COUNT(*) AS think_count FROM `cmf_user` WHERE  ( user_type=2 ) LIMIT 1 [ RunTime:0.000254s ]
[2024-11-20T17:37:07+08:00][sql] SELECT count(id) as nums,source FROM `cmf_user` WHERE  ( user_type=2 ) GROUP BY `source` [ RunTime:0.000317s ]
[2024-11-20T17:37:07+08:00][sql] SELECT count(id) as nums,login_type FROM `cmf_user` WHERE  ( user_type=2 ) GROUP BY `login_type` ORDER BY `nums` DESC [ RunTime:0.000268s ]
[2024-11-20T17:37:07+08:00][sql] SELECT COUNT(*) AS think_count FROM `cmf_user` WHERE  ( user_type=2 ) LIMIT 1 [ RunTime:0.000210s ]
[2024-11-20T17:37:07+08:00][sql] SHOW FULL COLUMNS FROM `cmf_live` [ RunTime:0.000576s ]
[2024-11-20T17:37:07+08:00][sql] SELECT COUNT(*) AS think_count FROM `cmf_live` WHERE  ( islive=1 ) LIMIT 1 [ RunTime:0.000248s ]
[2024-11-20T17:37:07+08:00][sql] select sum(endtime - starttime) as times from cmf_live_record [ RunTime:0.000206s ]
[2024-11-20T17:37:07+08:00][sql] SHOW FULL COLUMNS FROM `cmf_live_record` [ RunTime:0.000518s ]
[2024-11-20T17:37:07+08:00][sql] SELECT COUNT(*) AS think_count FROM ( SELECT count(*) AS think_count FROM `cmf_live_record` WHERE  ( starttime >= 1732032000 and starttime<1732118400 ) GROUP BY `uid` ) `_group_count_` LIMIT 1 [ RunTime:0.000310s ]
[2024-11-20T17:37:07+08:00][sql] SELECT COUNT(*) AS think_count FROM `cmf_live_record` WHERE  ( starttime >= 1732032000 and starttime<1732118400 ) LIMIT 1 [ RunTime:0.000206s ]
[2024-11-20T17:37:07+08:00][sql] select sum(endtime - starttime) as times from cmf_live_record where starttime >= 1732032000 and starttime<1732118400 [ RunTime:0.000201s ]
[2024-11-20T17:37:07+08:00][sql] SELECT `id`,`user_nickname`,`avatar`,`avatar_thumb`,`votestotal` FROM `cmf_user` WHERE  ( user_type=2 ) ORDER BY `votestotal` DESC LIMIT 0,3 [ RunTime:0.000260s ]
[2024-11-20T17:37:07+08:00][sql] SELECT `id`,`user_nickname`,`avatar`,`avatar_thumb`,`consumption` FROM `cmf_user` WHERE  ( user_type=2 ) ORDER BY `consumption` DESC LIMIT 0,3 [ RunTime:0.000259s ]
[2024-11-20T17:37:07+08:00][sql] SHOW FULL COLUMNS FROM `cmf_charge_user` [ RunTime:0.000499s ]
[2024-11-20T17:37:07+08:00][sql] SELECT SUM(`money`) AS think_sum FROM `cmf_charge_user` WHERE  ( status=1 ) LIMIT 1 [ RunTime:0.000224s ]
[2024-11-20T17:37:07+08:00][sql] SELECT SUM(`money`) AS think_sum FROM `cmf_charge_user` WHERE  ( status=1 and addtime>=1732032000 and addtime<1732118400 ) LIMIT 1 [ RunTime:0.000217s ]
[2024-11-20T17:37:07+08:00][sql] SELECT SUM(`money`) AS think_sum FROM `cmf_charge_user` WHERE  ( status=1 and type=1 and addtime>=1732032000 and addtime<1732118400 ) LIMIT 1 [ RunTime:0.000210s ]
[2024-11-20T17:37:07+08:00][sql] SELECT SUM(`money`) AS think_sum FROM `cmf_charge_user` WHERE  ( status=1 and type=2 and addtime>=1732032000 and addtime<1732118400 ) LIMIT 1 [ RunTime:0.000204s ]
[2024-11-20T17:37:07+08:00][sql] SELECT SUM(`money`) AS think_sum FROM `cmf_charge_user` WHERE  ( status=1 and type=3 and addtime>=1732032000 and addtime<1732118400 ) LIMIT 1 [ RunTime:0.000212s ]
[2024-11-20T17:37:07+08:00][sql] SHOW FULL COLUMNS FROM `cmf_cash_record` [ RunTime:0.000453s ]
[2024-11-20T17:37:07+08:00][sql] SELECT SUM(`money`) AS think_sum FROM `cmf_cash_record` WHERE  ( status=0 and addtime>=1732032000 and addtime<1732118400 ) LIMIT 1 [ RunTime:0.000237s ]
[2024-11-20T17:37:07+08:00][sql] SELECT SUM(`money`) AS think_sum FROM `cmf_cash_record` WHERE  ( status=1 and addtime>=1732032000 and addtime<1732118400 ) LIMIT 1 [ RunTime:0.000203s ]
[2024-11-20T17:37:07+08:00][sql] SELECT COUNT(*) AS think_count FROM ( SELECT count(*) AS think_count FROM `cmf_cash_record` WHERE  ( addtime>=1732032000 and addtime<1732118400 ) GROUP BY `uid` ) `_group_count_` LIMIT 1 [ RunTime:0.000266s ]
[2024-11-20T17:37:07+08:00][sql] SELECT SUM(`money`) AS think_sum FROM `cmf_cash_record` WHERE  ( status=1 ) LIMIT 1 [ RunTime:0.000198s ]
[2024-11-20T17:37:07+08:00][sql] SHOW FULL COLUMNS FROM `cmf_shop_apply` [ RunTime:0.000575s ]
[2024-11-20T17:37:07+08:00][sql] SELECT COUNT(*) AS think_count FROM `cmf_shop_apply` WHERE  ( status=0 ) LIMIT 1 [ RunTime:0.000231s ]
[2024-11-20T17:37:07+08:00][sql] SHOW FULL COLUMNS FROM `cmf_shop_goods` [ RunTime:0.000548s ]
[2024-11-20T17:37:07+08:00][sql] SELECT COUNT(*) AS think_count FROM `cmf_shop_goods` WHERE  ( status=0 ) LIMIT 1 [ RunTime:0.000233s ]
[2024-11-20T17:37:07+08:00][sql] SHOW FULL COLUMNS FROM `cmf_shop_order_refund` [ RunTime:0.000514s ]
[2024-11-20T17:37:07+08:00][sql] SELECT COUNT(*) AS think_count FROM `cmf_shop_order_refund` WHERE  ( is_platform_interpose=1 and platform_result=0 ) LIMIT 1 [ RunTime:0.000236s ]
[2024-11-20T17:37:07+08:00][sql] SHOW FULL COLUMNS FROM `cmf_paidprogram` [ RunTime:0.000462s ]
[2024-11-20T17:37:07+08:00][sql] SELECT COUNT(*) AS think_count FROM `cmf_paidprogram` WHERE  ( status=0 ) LIMIT 1 [ RunTime:0.000220s ]
[2024-11-20T17:37:07+08:00][sql] SHOW FULL COLUMNS FROM `cmf_paidprogram_apply` [ RunTime:0.000406s ]
[2024-11-20T17:37:07+08:00][sql] SELECT COUNT(*) AS think_count FROM `cmf_paidprogram_apply` WHERE  ( status=0 ) LIMIT 1 [ RunTime:0.000221s ]
[2024-11-20T17:37:07+08:00][sql] SHOW FULL COLUMNS FROM `cmf_report` [ RunTime:0.000401s ]
[2024-11-20T17:37:07+08:00][sql] SELECT COUNT(*) AS think_count FROM `cmf_report` WHERE  ( status=0 ) LIMIT 1 [ RunTime:0.000219s ]
[2024-11-20T17:37:07+08:00][sql] SHOW FULL COLUMNS FROM `cmf_dynamic` [ RunTime:0.000498s ]
[2024-11-20T17:37:07+08:00][sql] SELECT COUNT(*) AS think_count FROM `cmf_dynamic` WHERE  ( isdel=0 and status=0 ) LIMIT 1 [ RunTime:0.000232s ]
[2024-11-20T17:37:07+08:00][sql] SHOW FULL COLUMNS FROM `cmf_dynamic_report` [ RunTime:0.000417s ]
[2024-11-20T17:37:07+08:00][sql] SELECT COUNT(*) AS think_count FROM `cmf_dynamic_report` WHERE  ( status=0 ) LIMIT 1 [ RunTime:0.000214s ]
[2024-11-20T17:37:07+08:00][sql] SHOW FULL COLUMNS FROM `cmf_video` [ RunTime:0.000513s ]
[2024-11-20T17:37:07+08:00][sql] SELECT COUNT(*) AS think_count FROM `cmf_video` WHERE  ( isdel=0 and status=0 ) LIMIT 1 [ RunTime:0.000233s ]
[2024-11-20T17:37:07+08:00][sql] SHOW FULL COLUMNS FROM `cmf_video_report` [ RunTime:0.000417s ]
[2024-11-20T17:37:07+08:00][sql] SELECT COUNT(*) AS think_count FROM `cmf_video_report` WHERE  ( status=0 ) LIMIT 1 [ RunTime:0.000212s ]
[2024-11-20T17:37:07+08:00][sql] SHOW FULL COLUMNS FROM `cmf_family` [ RunTime:0.000444s ]
[2024-11-20T17:37:07+08:00][sql] SELECT COUNT(*) AS think_count FROM `cmf_family` WHERE  ( state=0 ) LIMIT 1 [ RunTime:0.000217s ]
[2024-11-20T17:37:07+08:00][sql] SHOW FULL COLUMNS FROM `cmf_family_user_divide_apply` [ RunTime:0.000403s ]
[2024-11-20T17:37:07+08:00][sql] SELECT COUNT(*) AS think_count FROM `cmf_family_user_divide_apply` WHERE  ( status=0 ) LIMIT 1 [ RunTime:0.000213s ]
[2024-11-20T17:37:07+08:00][sql] SHOW FULL COLUMNS FROM `cmf_user_auth` [ RunTime:0.000436s ]
[2024-11-20T17:37:07+08:00][sql] SELECT COUNT(*) AS think_count FROM `cmf_user_auth` WHERE  ( status=0 ) LIMIT 1 [ RunTime:0.000216s ]
[2024-11-20T17:37:07+08:00][sql] CONNECT:[ UseTime:0.000355s ] mysql:host=43.241.16.146;port=3306;dbname=zhibo;charset=utf8mb4
[2024-11-20T17:37:07+08:00][sql] SHOW FULL COLUMNS FROM `cmf_hook` [ RunTime:0.000530s ]
[2024-11-20T17:37:07+08:00][sql] SELECT `hook`,`id` FROM `cmf_hook` WHERE  (  (  `app` = '' OR `app` = 'cmf' )  AND `type` = 3 ) OR `type` = 1 [ RunTime:0.000347s ]
[2024-11-20T17:37:07+08:00][sql] SHOW FULL COLUMNS FROM `cmf_hook_plugin` [ RunTime:0.000434s ]
[2024-11-20T17:37:07+08:00][sql] SELECT `hook`,`plugin` FROM `cmf_hook_plugin` WHERE  `status` = 1  AND `hook` IN ('app_begin','module_init','action_begin','view_filter','app_end','log_write','response_end','admin_init','home_init','send_mobile_verification_code','body_start','before_head_end','footer_start','before_footer','before_footer_end','before_body_end','left_sidebar_start','before_left_sidebar_end','right_sidebar_start','before_right_sidebar_end','comment','guestbook','switch_theme','after_content','before_content','log_write_done','switch_admin_theme','captcha_image') ORDER BY `list_order` ASC [ RunTime:0.000416s ]
[2024-11-20T17:37:07+08:00][sql] SHOW FULL COLUMNS FROM `cmf_user` [ RunTime:0.000666s ]
[2024-11-20T17:37:07+08:00][sql] SELECT * FROM `cmf_user` WHERE  `id` = 1 LIMIT 1 [ RunTime:0.000422s ]
[2024-11-20T17:37:07+08:00][sql] SHOW FULL COLUMNS FROM `cmf_option` [ RunTime:0.000593s ]
[2024-11-20T17:37:07+08:00][sql] SELECT `option_value` FROM `cmf_option` WHERE  `option_name` = 'cmf_settings' LIMIT 1 [ RunTime:0.000258s ]
[2024-11-20T17:37:07+08:00][sql] CONNECT:[ UseTime:0.000306s ] mysql:host=43.241.16.146;port=3306;dbname=zhibo;charset=utf8mb4
[2024-11-20T17:37:07+08:00][sql] SHOW FULL COLUMNS FROM `cmf_hook` [ RunTime:0.000513s ]
[2024-11-20T17:37:07+08:00][sql] SELECT `hook`,`id` FROM `cmf_hook` WHERE  (  (  `app` = '' OR `app` = 'cmf' )  AND `type` = 3 ) OR `type` = 1 [ RunTime:0.000346s ]
[2024-11-20T17:37:07+08:00][sql] SHOW FULL COLUMNS FROM `cmf_hook_plugin` [ RunTime:0.000434s ]
[2024-11-20T17:37:07+08:00][sql] SELECT `hook`,`plugin` FROM `cmf_hook_plugin` WHERE  `status` = 1  AND `hook` IN ('app_begin','module_init','action_begin','view_filter','app_end','log_write','response_end','admin_init','home_init','send_mobile_verification_code','body_start','before_head_end','footer_start','before_footer','before_footer_end','before_body_end','left_sidebar_start','before_left_sidebar_end','right_sidebar_start','before_right_sidebar_end','comment','guestbook','switch_theme','after_content','before_content','log_write_done','switch_admin_theme','captcha_image') ORDER BY `list_order` ASC [ RunTime:0.000409s ]
[2024-11-20T19:28:20+08:00][sql] CONNECT:[ UseTime:0.000332s ] mysql:host=43.241.16.146;port=3306;dbname=zhibo;charset=utf8mb4
[2024-11-20T19:28:20+08:00][sql] SHOW FULL COLUMNS FROM `cmf_hook` [ RunTime:0.000545s ]
[2024-11-20T19:28:20+08:00][sql] SELECT `hook`,`id` FROM `cmf_hook` WHERE  (  (  `app` = '' OR `app` = 'cmf' )  AND `type` = 3 ) OR `type` = 1 [ RunTime:0.000344s ]
[2024-11-20T19:28:20+08:00][sql] SHOW FULL COLUMNS FROM `cmf_hook_plugin` [ RunTime:0.000437s ]
[2024-11-20T19:28:20+08:00][sql] SELECT `hook`,`plugin` FROM `cmf_hook_plugin` WHERE  `status` = 1  AND `hook` IN ('app_begin','module_init','action_begin','view_filter','app_end','log_write','response_end','admin_init','home_init','send_mobile_verification_code','body_start','before_head_end','footer_start','before_footer','before_footer_end','before_body_end','left_sidebar_start','before_left_sidebar_end','right_sidebar_start','before_right_sidebar_end','comment','guestbook','switch_theme','after_content','before_content','log_write_done','switch_admin_theme','captcha_image') ORDER BY `list_order` ASC [ RunTime:0.000424s ]
[2024-11-20T19:28:20+08:00][sql] SHOW FULL COLUMNS FROM `cmf_plugin` [ RunTime:0.000545s ]
[2024-11-20T19:28:20+08:00][sql] SELECT `config` FROM `cmf_plugin` WHERE  `name` = 'Qiniu' LIMIT 1 [ RunTime:0.000245s ]
[2024-11-20T19:28:20+08:00][sql] SHOW FULL COLUMNS FROM `cmf_liang` [ RunTime:0.000456s ]
[2024-11-20T19:28:20+08:00][sql] SELECT * FROM `cmf_liang` WHERE  `uid` = 3 ORDER BY `buytime` DESC [ RunTime:0.000273s ]
[2024-11-20T19:28:20+08:00][sql] SHOW FULL COLUMNS FROM `cmf_car_user` [ RunTime:0.000463s ]
[2024-11-20T19:28:20+08:00][sql] SELECT * FROM `cmf_car_user` WHERE  `uid` = 3  AND `endtime` > 1732102100 [ RunTime:0.000255s ]
[2024-11-20T19:28:20+08:00][sql] SHOW FULL COLUMNS FROM `cmf_theme_file` [ RunTime:0.000471s ]
[2024-11-20T19:28:20+08:00][sql] SELECT `more` FROM `cmf_theme_file` WHERE  `theme` = 'default'  AND (  `is_public` = 1 OR `file` = '../appapi/equipment/index' ) [ RunTime:0.000278s ]
[2024-11-20T19:28:24+08:00][sql] CONNECT:[ UseTime:0.000312s ] mysql:host=43.241.16.146;port=3306;dbname=zhibo;charset=utf8mb4
[2024-11-20T19:28:24+08:00][sql] SHOW FULL COLUMNS FROM `cmf_hook` [ RunTime:0.000475s ]
[2024-11-20T19:28:24+08:00][sql] SELECT `hook`,`id` FROM `cmf_hook` WHERE  (  (  `app` = '' OR `app` = 'cmf' )  AND `type` = 3 ) OR `type` = 1 [ RunTime:0.000340s ]
[2024-11-20T19:28:24+08:00][sql] SHOW FULL COLUMNS FROM `cmf_hook_plugin` [ RunTime:0.000426s ]
[2024-11-20T19:28:24+08:00][sql] SELECT `hook`,`plugin` FROM `cmf_hook_plugin` WHERE  `status` = 1  AND `hook` IN ('app_begin','module_init','action_begin','view_filter','app_end','log_write','response_end','admin_init','home_init','send_mobile_verification_code','body_start','before_head_end','footer_start','before_footer','before_footer_end','before_body_end','left_sidebar_start','before_left_sidebar_end','right_sidebar_start','before_right_sidebar_end','comment','guestbook','switch_theme','after_content','before_content','log_write_done','switch_admin_theme','captcha_image') ORDER BY `list_order` ASC [ RunTime:0.000390s ]
[2024-11-20T19:28:24+08:00][sql] SHOW FULL COLUMNS FROM `cmf_plugin` [ RunTime:0.000509s ]
[2024-11-20T19:28:24+08:00][sql] SELECT `config` FROM `cmf_plugin` WHERE  `name` = 'Qiniu' LIMIT 1 [ RunTime:0.000246s ]
[2024-11-20T19:28:24+08:00][sql] SHOW FULL COLUMNS FROM `cmf_family_user` [ RunTime:0.000465s ]
[2024-11-20T19:28:24+08:00][sql] SELECT * FROM `cmf_family_user` WHERE  `uid` = 3 LIMIT 1 [ RunTime:0.000264s ]
[2024-11-20T19:28:24+08:00][sql] SHOW FULL COLUMNS FROM `cmf_family` [ RunTime:0.000473s ]
[2024-11-20T19:28:24+08:00][sql] SELECT * FROM `cmf_family` WHERE  ( disable=0 and state=2 ) ORDER BY `addtime` ASC LIMIT 0,50 [ RunTime:0.000291s ]
[2024-11-20T19:28:24+08:00][sql] SHOW FULL COLUMNS FROM `cmf_theme_file` [ RunTime:0.000465s ]
[2024-11-20T19:28:24+08:00][sql] SELECT `more` FROM `cmf_theme_file` WHERE  `theme` = 'default'  AND (  `is_public` = 1 OR `file` = '../appapi/family/index' ) [ RunTime:0.000274s ]
[2024-11-20T20:26:12+08:00][sql] CONNECT:[ UseTime:0.000333s ] mysql:host=43.241.16.146;port=3306;dbname=zhibo;charset=utf8mb4
[2024-11-20T20:26:12+08:00][sql] SHOW FULL COLUMNS FROM `cmf_hook` [ RunTime:0.000512s ]
[2024-11-20T20:26:12+08:00][sql] SELECT `hook`,`id` FROM `cmf_hook` WHERE  (  (  `app` = '' OR `app` = 'cmf' )  AND `type` = 3 ) OR `type` = 1 [ RunTime:0.000334s ]
[2024-11-20T20:26:12+08:00][sql] SHOW FULL COLUMNS FROM `cmf_hook_plugin` [ RunTime:0.000435s ]
[2024-11-20T20:26:12+08:00][sql] SELECT `hook`,`plugin` FROM `cmf_hook_plugin` WHERE  `status` = 1  AND `hook` IN ('app_begin','module_init','action_begin','view_filter','app_end','log_write','response_end','admin_init','home_init','send_mobile_verification_code','body_start','before_head_end','footer_start','before_footer','before_footer_end','before_body_end','left_sidebar_start','before_left_sidebar_end','right_sidebar_start','before_right_sidebar_end','comment','guestbook','switch_theme','after_content','before_content','log_write_done','switch_admin_theme','captcha_image') ORDER BY `list_order` ASC [ RunTime:0.000396s ]
[2024-11-20T20:26:12+08:00][sql] SHOW FULL COLUMNS FROM `cmf_plugin` [ RunTime:0.000505s ]
[2024-11-20T20:26:12+08:00][sql] SELECT `config` FROM `cmf_plugin` WHERE  `name` = 'Qiniu' LIMIT 1 [ RunTime:0.000247s ]
[2024-11-20T20:26:12+08:00][sql] SHOW FULL COLUMNS FROM `cmf_user` [ RunTime:0.000629s ]
[2024-11-20T20:26:12+08:00][sql] SELECT `id`,`user_nickname`,`coin`,`score` FROM `cmf_user` WHERE  `id` = 6 LIMIT 1 [ RunTime:0.000268s ]
[2024-11-20T20:26:12+08:00][sql] SHOW FULL COLUMNS FROM `cmf_vip` [ RunTime:0.000442s ]
[2024-11-20T20:26:12+08:00][sql] SELECT * FROM `cmf_vip` ORDER BY `list_order` ASC [ RunTime:0.000244s ]
[2024-11-20T20:26:12+08:00][sql] SHOW FULL COLUMNS FROM `cmf_vip_user` [ RunTime:0.000403s ]
[2024-11-20T20:26:12+08:00][sql] SELECT * FROM `cmf_vip_user` WHERE  `uid` = 6  AND `endtime` > 1732105572 LIMIT 1 [ RunTime:0.000247s ]
[2024-11-20T20:26:12+08:00][sql] SHOW FULL COLUMNS FROM `cmf_liang` [ RunTime:0.000432s ]
[2024-11-20T20:26:12+08:00][sql] SELECT * FROM `cmf_liang` WHERE  ( status=0 ) ORDER BY `list_order` ASC,`id` DESC LIMIT 21 [ RunTime:0.000253s ]
[2024-11-20T20:26:12+08:00][sql] SHOW FULL COLUMNS FROM `cmf_theme_file` [ RunTime:0.000445s ]
[2024-11-20T20:26:12+08:00][sql] SELECT `more` FROM `cmf_theme_file` WHERE  `theme` = 'default'  AND (  `is_public` = 1 OR `file` = '../appapi/mall/index' ) [ RunTime:0.000270s ]
[2024-11-20T20:26:13+08:00][sql] CONNECT:[ UseTime:0.000306s ] mysql:host=43.241.16.146;port=3306;dbname=zhibo;charset=utf8mb4
[2024-11-20T20:26:13+08:00][sql] SHOW FULL COLUMNS FROM `cmf_hook` [ RunTime:0.000487s ]
[2024-11-20T20:26:13+08:00][sql] SELECT `hook`,`id` FROM `cmf_hook` WHERE  (  (  `app` = '' OR `app` = 'cmf' )  AND `type` = 3 ) OR `type` = 1 [ RunTime:0.000332s ]
[2024-11-20T20:26:13+08:00][sql] SHOW FULL COLUMNS FROM `cmf_hook_plugin` [ RunTime:0.000447s ]
[2024-11-20T20:26:13+08:00][sql] SELECT `hook`,`plugin` FROM `cmf_hook_plugin` WHERE  `status` = 1  AND `hook` IN ('app_begin','module_init','action_begin','view_filter','app_end','log_write','response_end','admin_init','home_init','send_mobile_verification_code','body_start','before_head_end','footer_start','before_footer','before_footer_end','before_body_end','left_sidebar_start','before_left_sidebar_end','right_sidebar_start','before_right_sidebar_end','comment','guestbook','switch_theme','after_content','before_content','log_write_done','switch_admin_theme','captcha_image') ORDER BY `list_order` ASC [ RunTime:0.000414s ]
[2024-11-20T20:26:13+08:00][sql] SHOW FULL COLUMNS FROM `cmf_plugin` [ RunTime:0.000494s ]
[2024-11-20T20:26:13+08:00][sql] SELECT `config` FROM `cmf_plugin` WHERE  `name` = 'Qiniu' LIMIT 1 [ RunTime:0.000246s ]
[2024-11-20T20:26:13+08:00][sql] SHOW FULL COLUMNS FROM `cmf_user` [ RunTime:0.000629s ]
[2024-11-20T20:26:13+08:00][sql] SELECT `avatar`,`consumption`,`votestotal` FROM `cmf_user` WHERE  `id` = 6 LIMIT 1 [ RunTime:0.000266s ]
[2024-11-20T20:26:13+08:00][sql] SHOW FULL COLUMNS FROM `cmf_level` [ RunTime:0.000459s ]
[2024-11-20T20:26:13+08:00][sql] SELECT * FROM `cmf_level` WHERE  ( level_up>='0' ) ORDER BY `levelid` ASC LIMIT 1 [ RunTime:0.000299s ]
[2024-11-20T20:26:13+08:00][sql] SHOW FULL COLUMNS FROM `cmf_level_anchor` [ RunTime:0.000438s ]
[2024-11-20T20:26:13+08:00][sql] SELECT * FROM `cmf_level_anchor` WHERE  ( level_up>='0' ) ORDER BY `levelid` ASC LIMIT 1 [ RunTime:0.000272s ]
[2024-11-20T20:26:13+08:00][sql] SHOW FULL COLUMNS FROM `cmf_theme_file` [ RunTime:0.000459s ]
[2024-11-20T20:26:13+08:00][sql] SELECT `more` FROM `cmf_theme_file` WHERE  `theme` = 'default'  AND (  `is_public` = 1 OR `file` = '../appapi/level/index' ) [ RunTime:0.000277s ]
[2024-11-20T20:26:15+08:00][sql] CONNECT:[ UseTime:0.000308s ] mysql:host=43.241.16.146;port=3306;dbname=zhibo;charset=utf8mb4
[2024-11-20T20:26:15+08:00][sql] SHOW FULL COLUMNS FROM `cmf_hook` [ RunTime:0.000476s ]
[2024-11-20T20:26:15+08:00][sql] SELECT `hook`,`id` FROM `cmf_hook` WHERE  (  (  `app` = '' OR `app` = 'cmf' )  AND `type` = 3 ) OR `type` = 1 [ RunTime:0.000332s ]
[2024-11-20T20:26:15+08:00][sql] SHOW FULL COLUMNS FROM `cmf_hook_plugin` [ RunTime:0.000438s ]
[2024-11-20T20:26:15+08:00][sql] SELECT `hook`,`plugin` FROM `cmf_hook_plugin` WHERE  `status` = 1  AND `hook` IN ('app_begin','module_init','action_begin','view_filter','app_end','log_write','response_end','admin_init','home_init','send_mobile_verification_code','body_start','before_head_end','footer_start','before_footer','before_footer_end','before_body_end','left_sidebar_start','before_left_sidebar_end','right_sidebar_start','before_right_sidebar_end','comment','guestbook','switch_theme','after_content','before_content','log_write_done','switch_admin_theme','captcha_image') ORDER BY `list_order` ASC [ RunTime:0.000420s ]
[2024-11-20T20:26:15+08:00][sql] SHOW FULL COLUMNS FROM `cmf_plugin` [ RunTime:0.000498s ]
[2024-11-20T20:26:15+08:00][sql] SELECT `config` FROM `cmf_plugin` WHERE  `name` = 'Qiniu' LIMIT 1 [ RunTime:0.000245s ]
[2024-11-20T20:26:15+08:00][sql] SHOW FULL COLUMNS FROM `cmf_user` [ RunTime:0.000627s ]
[2024-11-20T20:26:15+08:00][sql] SELECT `avatar`,`consumption`,`votestotal` FROM `cmf_user` WHERE  `id` = 6 LIMIT 1 [ RunTime:0.000265s ]
[2024-11-20T20:26:15+08:00][sql] SHOW FULL COLUMNS FROM `cmf_level` [ RunTime:0.000486s ]
[2024-11-20T20:26:15+08:00][sql] SELECT * FROM `cmf_level` WHERE  ( level_up>='0' ) ORDER BY `levelid` ASC LIMIT 1 [ RunTime:0.000303s ]
[2024-11-20T20:26:15+08:00][sql] SHOW FULL COLUMNS FROM `cmf_level_anchor` [ RunTime:0.000457s ]
[2024-11-20T20:26:15+08:00][sql] SELECT * FROM `cmf_level_anchor` WHERE  ( level_up>='0' ) ORDER BY `levelid` ASC LIMIT 1 [ RunTime:0.000270s ]
[2024-11-20T20:26:15+08:00][sql] SHOW FULL COLUMNS FROM `cmf_theme_file` [ RunTime:0.000470s ]
[2024-11-20T20:26:15+08:00][sql] SELECT `more` FROM `cmf_theme_file` WHERE  `theme` = 'default'  AND (  `is_public` = 1 OR `file` = '../appapi/level/index' ) [ RunTime:0.000274s ]
[2024-11-20T20:26:23+08:00][sql] CONNECT:[ UseTime:0.000330s ] mysql:host=43.241.16.146;port=3306;dbname=zhibo;charset=utf8mb4
[2024-11-20T20:26:23+08:00][sql] SHOW FULL COLUMNS FROM `cmf_hook` [ RunTime:0.000483s ]
[2024-11-20T20:26:23+08:00][sql] SELECT `hook`,`id` FROM `cmf_hook` WHERE  (  (  `app` = '' OR `app` = 'cmf' )  AND `type` = 3 ) OR `type` = 1 [ RunTime:0.000336s ]
[2024-11-20T20:26:23+08:00][sql] SHOW FULL COLUMNS FROM `cmf_hook_plugin` [ RunTime:0.000424s ]
[2024-11-20T20:26:23+08:00][sql] SELECT `hook`,`plugin` FROM `cmf_hook_plugin` WHERE  `status` = 1  AND `hook` IN ('app_begin','module_init','action_begin','view_filter','app_end','log_write','response_end','admin_init','home_init','send_mobile_verification_code','body_start','before_head_end','footer_start','before_footer','before_footer_end','before_body_end','left_sidebar_start','before_left_sidebar_end','right_sidebar_start','before_right_sidebar_end','comment','guestbook','switch_theme','after_content','before_content','log_write_done','switch_admin_theme','captcha_image') ORDER BY `list_order` ASC [ RunTime:0.000391s ]
[2024-11-20T20:26:23+08:00][sql] SHOW FULL COLUMNS FROM `cmf_plugin` [ RunTime:0.000489s ]
[2024-11-20T20:26:23+08:00][sql] SELECT `config` FROM `cmf_plugin` WHERE  `name` = 'Qiniu' LIMIT 1 [ RunTime:0.000247s ]
[2024-11-20T20:26:23+08:00][sql] SHOW FULL COLUMNS FROM `cmf_user` [ RunTime:0.000631s ]
[2024-11-20T20:26:23+08:00][sql] SELECT `avatar`,`consumption`,`votestotal` FROM `cmf_user` WHERE  `id` = 6 LIMIT 1 [ RunTime:0.000267s ]
[2024-11-20T20:26:23+08:00][sql] SHOW FULL COLUMNS FROM `cmf_level` [ RunTime:0.000484s ]
[2024-11-20T20:26:23+08:00][sql] SELECT * FROM `cmf_level` WHERE  ( level_up>='0' ) ORDER BY `levelid` ASC LIMIT 1 [ RunTime:0.000283s ]
[2024-11-20T20:26:23+08:00][sql] SHOW FULL COLUMNS FROM `cmf_level_anchor` [ RunTime:0.000462s ]
[2024-11-20T20:26:23+08:00][sql] SELECT * FROM `cmf_level_anchor` WHERE  ( level_up>='0' ) ORDER BY `levelid` ASC LIMIT 1 [ RunTime:0.000268s ]
[2024-11-20T20:26:23+08:00][sql] SHOW FULL COLUMNS FROM `cmf_theme_file` [ RunTime:0.000459s ]
[2024-11-20T20:26:23+08:00][sql] SELECT `more` FROM `cmf_theme_file` WHERE  `theme` = 'default'  AND (  `is_public` = 1 OR `file` = '../appapi/level/index' ) [ RunTime:0.000281s ]
[2024-11-20T20:28:32+08:00][sql] CONNECT:[ UseTime:0.000361s ] mysql:host=43.241.16.146;port=3306;dbname=zhibo;charset=utf8mb4
[2024-11-20T20:28:32+08:00][sql] SHOW FULL COLUMNS FROM `cmf_hook` [ RunTime:0.000506s ]
[2024-11-20T20:28:32+08:00][sql] SELECT `hook`,`id` FROM `cmf_hook` WHERE  (  (  `app` = '' OR `app` = 'cmf' )  AND `type` = 3 ) OR `type` = 1 [ RunTime:0.000336s ]
[2024-11-20T20:28:32+08:00][sql] SHOW FULL COLUMNS FROM `cmf_hook_plugin` [ RunTime:0.000439s ]
[2024-11-20T20:28:32+08:00][sql] SELECT `hook`,`plugin` FROM `cmf_hook_plugin` WHERE  `status` = 1  AND `hook` IN ('app_begin','module_init','action_begin','view_filter','app_end','log_write','response_end','admin_init','home_init','send_mobile_verification_code','body_start','before_head_end','footer_start','before_footer','before_footer_end','before_body_end','left_sidebar_start','before_left_sidebar_end','right_sidebar_start','before_right_sidebar_end','comment','guestbook','switch_theme','after_content','before_content','log_write_done','switch_admin_theme','captcha_image') ORDER BY `list_order` ASC [ RunTime:0.000406s ]
[2024-11-20T20:28:32+08:00][sql] SHOW FULL COLUMNS FROM `cmf_plugin` [ RunTime:0.000490s ]
[2024-11-20T20:28:32+08:00][sql] SELECT `config` FROM `cmf_plugin` WHERE  `name` = 'Qiniu' LIMIT 1 [ RunTime:0.000247s ]
[2024-11-20T20:28:32+08:00][sql] SHOW FULL COLUMNS FROM `cmf_liang` [ RunTime:0.000447s ]
[2024-11-20T20:28:32+08:00][sql] SELECT * FROM `cmf_liang` WHERE  `uid` = 6 ORDER BY `buytime` DESC [ RunTime:0.000271s ]
[2024-11-20T20:28:32+08:00][sql] SHOW FULL COLUMNS FROM `cmf_car_user` [ RunTime:0.000444s ]
[2024-11-20T20:28:32+08:00][sql] SELECT * FROM `cmf_car_user` WHERE  `uid` = 6  AND `endtime` > 1732105712 [ RunTime:0.000249s ]
[2024-11-20T20:28:32+08:00][sql] SHOW FULL COLUMNS FROM `cmf_theme_file` [ RunTime:0.000456s ]
[2024-11-20T20:28:32+08:00][sql] SELECT `more` FROM `cmf_theme_file` WHERE  `theme` = 'default'  AND (  `is_public` = 1 OR `file` = '../appapi/equipment/index' ) [ RunTime:0.000274s ]
