[2024-11-21T11:57:10+08:00][error] [10501]SQLSTATE[HY000] [2002] Connection refused[/www/wwwroot/yuliao.012539.cn/vendor/topthink/think-orm/src/db/PDOConnection.php:797]
[2024-11-21T11:57:54+08:00][sql] CONNECT:[ UseTime:0.200877s ] mysql:host=43.241.16.146;port=3306;dbname=zhibo;charset=utf8mb4
[2024-11-21T11:57:54+08:00][sql] SHOW FULL COLUMNS FROM `cmf_hook` [ RunTime:0.005929s ]
[2024-11-21T11:57:54+08:00][sql] SELECT `hook`,`id` FROM `cmf_hook` WHERE  (  (  `app` = '' OR `app` = 'cmf' )  AND `type` = 3 ) OR `type` = 1 [ RunTime:0.000423s ]
[2024-11-21T11:57:54+08:00][sql] SHOW FULL COLUMNS FROM `cmf_hook_plugin` [ RunTime:0.002070s ]
[2024-11-21T11:57:54+08:00][sql] SELECT `hook`,`plugin` FROM `cmf_hook_plugin` WHERE  `status` = 1  AND `hook` IN ('app_begin','module_init','action_begin','view_filter','app_end','log_write','response_end','admin_init','home_init','send_mobile_verification_code','body_start','before_head_end','footer_start','before_footer','before_footer_end','before_body_end','left_sidebar_start','before_left_sidebar_end','right_sidebar_start','before_right_sidebar_end','comment','guestbook','switch_theme','after_content','before_content','log_write_done','switch_admin_theme','captcha_image') ORDER BY `list_order` ASC [ RunTime:0.000432s ]
[2024-11-21T11:57:54+08:00][sql] CONNECT:[ UseTime:0.000294s ] mysql:host=43.241.16.146;port=3306;dbname=zhibo;charset=utf8mb4
[2024-11-21T11:57:54+08:00][sql] SHOW FULL COLUMNS FROM `cmf_hook` [ RunTime:0.000495s ]
[2024-11-21T11:57:54+08:00][sql] SELECT `hook`,`id` FROM `cmf_hook` WHERE  (  (  `app` = '' OR `app` = 'cmf' )  AND `type` = 3 ) OR `type` = 1 [ RunTime:0.000335s ]
[2024-11-21T11:57:54+08:00][sql] SHOW FULL COLUMNS FROM `cmf_hook_plugin` [ RunTime:0.000470s ]
[2024-11-21T11:57:54+08:00][sql] SELECT `hook`,`plugin` FROM `cmf_hook_plugin` WHERE  `status` = 1  AND `hook` IN ('app_begin','module_init','action_begin','view_filter','app_end','log_write','response_end','admin_init','home_init','send_mobile_verification_code','body_start','before_head_end','footer_start','before_footer','before_footer_end','before_body_end','left_sidebar_start','before_left_sidebar_end','right_sidebar_start','before_right_sidebar_end','comment','guestbook','switch_theme','after_content','before_content','log_write_done','switch_admin_theme','captcha_image') ORDER BY `list_order` ASC [ RunTime:0.000410s ]
[2024-11-21T11:57:54+08:00][sql] SELECT `hook` FROM `cmf_hook` WHERE  `app` = 'home' [ RunTime:0.000268s ]
[2024-11-21T11:57:54+08:00][sql] SELECT `hook`,`plugin` FROM `cmf_hook_plugin` WHERE  `status` = 1  AND 0 = 1 ORDER BY `list_order` ASC [ RunTime:0.000215s ]
[2024-11-21T11:57:54+08:00][sql] SHOW FULL COLUMNS FROM `cmf_plugin` [ RunTime:0.001170s ]
[2024-11-21T11:57:54+08:00][sql] SELECT `config` FROM `cmf_plugin` WHERE  `name` = 'Qiniu' LIMIT 1 [ RunTime:0.000257s ]
[2024-11-21T11:57:54+08:00][sql] SHOW FULL COLUMNS FROM `cmf_live` [ RunTime:0.001392s ]
[2024-11-21T11:57:54+08:00][sql] SELECT * FROM `cmf_live` WHERE  ( islive='1' and isrecommend='1' and type='0' and live_type=0 ) [ RunTime:0.000521s ]
[2024-11-21T11:57:54+08:00][sql] SHOW FULL COLUMNS FROM `cmf_slide_item` [ RunTime:0.000986s ]
[2024-11-21T11:57:54+08:00][sql] SELECT * FROM `cmf_slide_item` WHERE  ( status='1' and slide_id='1' ) ORDER BY `list_order` ASC [ RunTime:0.000311s ]
[2024-11-21T11:57:54+08:00][sql] SHOW FULL COLUMNS FROM `cmf_live_class` [ RunTime:0.000972s ]
[2024-11-21T11:57:54+08:00][sql] SELECT * FROM `cmf_live_class` ORDER BY `list_order` LIMIT 5 [ RunTime:0.000288s ]
[2024-11-21T11:57:54+08:00][sql] SELECT * FROM `cmf_live` WHERE  `islive` = 1  AND `live_type` = 0  AND `liveclassid` = 8 ORDER BY `recommend_time` DESC,`starttime` DESC LIMIT 5 [ RunTime:0.000417s ]
[2024-11-21T11:57:54+08:00][sql] SELECT `uid`,`thumb`,`stream`,`title`,`city`,`islive`,`type` FROM `cmf_live` WHERE  ( islive='1' and ishot='1' and live_type=0 ) ORDER BY `isrecommend` DESC,`recommend_time` DESC,`hotvotes` DESC,`starttime` DESC LIMIT 5 [ RunTime:0.000301s ]
[2024-11-21T11:57:54+08:00][sql] SELECT `uid`,`thumb`,`stream`,`title`,`city`,`islive`,`type` FROM `cmf_live` WHERE  ( islive='1' and live_type=0 ) ORDER BY `starttime` DESC LIMIT 5 [ RunTime:0.000262s ]
[2024-11-21T11:57:54+08:00][sql] SHOW FULL COLUMNS FROM `cmf_theme_file` [ RunTime:0.001068s ]
[2024-11-21T11:57:54+08:00][sql] SELECT `more` FROM `cmf_theme_file` WHERE  `theme` = 'default'  AND (  `is_public` = 1 OR `file` = '../home/index/index' ) [ RunTime:0.000283s ]
[2024-11-21T11:57:56+08:00][sql] CONNECT:[ UseTime:0.000282s ] mysql:host=43.241.16.146;port=3306;dbname=zhibo;charset=utf8mb4
[2024-11-21T11:57:56+08:00][sql] SHOW FULL COLUMNS FROM `cmf_hook` [ RunTime:0.000521s ]
[2024-11-21T11:57:56+08:00][sql] SELECT `hook`,`id` FROM `cmf_hook` WHERE  (  (  `app` = '' OR `app` = 'cmf' )  AND `type` = 3 ) OR `type` = 1 [ RunTime:0.000351s ]
[2024-11-21T11:57:56+08:00][sql] SHOW FULL COLUMNS FROM `cmf_hook_plugin` [ RunTime:0.000467s ]
[2024-11-21T11:57:56+08:00][sql] SELECT `hook`,`plugin` FROM `cmf_hook_plugin` WHERE  `status` = 1  AND `hook` IN ('app_begin','module_init','action_begin','view_filter','app_end','log_write','response_end','admin_init','home_init','send_mobile_verification_code','body_start','before_head_end','footer_start','before_footer','before_footer_end','before_body_end','left_sidebar_start','before_left_sidebar_end','right_sidebar_start','before_right_sidebar_end','comment','guestbook','switch_theme','after_content','before_content','log_write_done','switch_admin_theme','captcha_image') ORDER BY `list_order` ASC [ RunTime:0.000413s ]
[2024-11-21T11:57:56+08:00][sql] SHOW FULL COLUMNS FROM `cmf_user` [ RunTime:0.002658s ]
[2024-11-21T11:57:56+08:00][sql] SELECT * FROM `cmf_user` WHERE  `user_login` = 'admin' LIMIT 1 [ RunTime:0.000452s ]
[2024-11-21T11:57:56+08:00][sql] SHOW FULL COLUMNS FROM `cmf_role_user` [ RunTime:0.001072s ]
[2024-11-21T11:57:56+08:00][sql] SELECT `role_id` FROM `cmf_role_user` `a` INNER JOIN `cmf_role` `b` ON `a`.`role_id`=`b`.`id` WHERE  `user_id` = 1  AND `status` = '1' LIMIT 1 [ RunTime:0.000794s ]
[2024-11-21T11:57:56+08:00][sql] SHOW FULL COLUMNS FROM `cmf_user_token` [ RunTime:0.000987s ]
[2024-11-21T11:57:56+08:00][sql] SELECT * FROM `cmf_user_token` WHERE  `user_id` = 1  AND `device_type` = 'web' LIMIT 1 [ RunTime:0.000275s ]
[2024-11-21T11:57:56+08:00][sql] UPDATE `cmf_user`  SET `last_login_ip` = '223.88.94.247' , `last_login_time` = 1732161476  WHERE  `id` = 1 [ RunTime:0.021430s ]
[2024-11-21T11:57:58+08:00][sql] CONNECT:[ UseTime:0.000274s ] mysql:host=43.241.16.146;port=3306;dbname=zhibo;charset=utf8mb4
[2024-11-21T11:57:58+08:00][sql] SHOW FULL COLUMNS FROM `cmf_hook` [ RunTime:0.000521s ]
[2024-11-21T11:57:58+08:00][sql] SELECT `hook`,`id` FROM `cmf_hook` WHERE  (  (  `app` = '' OR `app` = 'cmf' )  AND `type` = 3 ) OR `type` = 1 [ RunTime:0.000347s ]
[2024-11-21T11:57:58+08:00][sql] SHOW FULL COLUMNS FROM `cmf_hook_plugin` [ RunTime:0.000480s ]
[2024-11-21T11:57:58+08:00][sql] SELECT `hook`,`plugin` FROM `cmf_hook_plugin` WHERE  `status` = 1  AND `hook` IN ('app_begin','module_init','action_begin','view_filter','app_end','log_write','response_end','admin_init','home_init','send_mobile_verification_code','body_start','before_head_end','footer_start','before_footer','before_footer_end','before_body_end','left_sidebar_start','before_left_sidebar_end','right_sidebar_start','before_right_sidebar_end','comment','guestbook','switch_theme','after_content','before_content','log_write_done','switch_admin_theme','captcha_image') ORDER BY `list_order` ASC [ RunTime:0.000425s ]
[2024-11-21T11:57:58+08:00][sql] SHOW FULL COLUMNS FROM `cmf_user` [ RunTime:0.000733s ]
[2024-11-21T11:57:58+08:00][sql] SELECT * FROM `cmf_user` WHERE  `id` = 1 LIMIT 1 [ RunTime:0.000417s ]
[2024-11-21T11:57:58+08:00][sql] SHOW FULL COLUMNS FROM `cmf_admin_menu` [ RunTime:0.001207s ]
[2024-11-21T11:57:58+08:00][sql] SELECT * FROM `cmf_admin_menu` ORDER BY `app` ASC,`controller` ASC,`action` ASC [ RunTime:0.002539s ]
[2024-11-21T11:57:59+08:00][sql] CONNECT:[ UseTime:0.000279s ] mysql:host=43.241.16.146;port=3306;dbname=zhibo;charset=utf8mb4
[2024-11-21T11:57:59+08:00][sql] SHOW FULL COLUMNS FROM `cmf_hook` [ RunTime:0.000507s ]
[2024-11-21T11:57:59+08:00][sql] SELECT `hook`,`id` FROM `cmf_hook` WHERE  (  (  `app` = '' OR `app` = 'cmf' )  AND `type` = 3 ) OR `type` = 1 [ RunTime:0.000358s ]
[2024-11-21T11:57:59+08:00][sql] SHOW FULL COLUMNS FROM `cmf_hook_plugin` [ RunTime:0.000466s ]
[2024-11-21T11:57:59+08:00][sql] SELECT `hook`,`plugin` FROM `cmf_hook_plugin` WHERE  `status` = 1  AND `hook` IN ('app_begin','module_init','action_begin','view_filter','app_end','log_write','response_end','admin_init','home_init','send_mobile_verification_code','body_start','before_head_end','footer_start','before_footer','before_footer_end','before_body_end','left_sidebar_start','before_left_sidebar_end','right_sidebar_start','before_right_sidebar_end','comment','guestbook','switch_theme','after_content','before_content','log_write_done','switch_admin_theme','captcha_image') ORDER BY `list_order` ASC [ RunTime:0.000419s ]
[2024-11-21T11:57:59+08:00][sql] SHOW FULL COLUMNS FROM `cmf_user` [ RunTime:0.000705s ]
[2024-11-21T11:57:59+08:00][sql] SELECT * FROM `cmf_user` WHERE  `id` = 1 LIMIT 1 [ RunTime:0.000427s ]
[2024-11-21T11:57:59+08:00][sql] SELECT COUNT(*) AS think_count FROM `cmf_user` WHERE  ( user_type=2 ) LIMIT 1 [ RunTime:0.000282s ]
[2024-11-21T11:57:59+08:00][sql] SELECT count(id) as nums,source FROM `cmf_user` WHERE  ( user_type=2 ) GROUP BY `source` [ RunTime:0.000460s ]
[2024-11-21T11:57:59+08:00][sql] SELECT count(id) as nums,login_type FROM `cmf_user` WHERE  ( user_type=2 ) GROUP BY `login_type` ORDER BY `nums` DESC [ RunTime:0.000297s ]
[2024-11-21T11:57:59+08:00][sql] SELECT COUNT(*) AS think_count FROM `cmf_user` WHERE  ( user_type=2 ) LIMIT 1 [ RunTime:0.000366s ]
[2024-11-21T11:57:59+08:00][sql] SHOW FULL COLUMNS FROM `cmf_live` [ RunTime:0.000684s ]
[2024-11-21T11:57:59+08:00][sql] SELECT COUNT(*) AS think_count FROM `cmf_live` WHERE  ( islive=1 ) LIMIT 1 [ RunTime:0.000259s ]
[2024-11-21T11:57:59+08:00][sql] select sum(endtime - starttime) as times from cmf_live_record [ RunTime:0.002119s ]
[2024-11-21T11:57:59+08:00][sql] SHOW FULL COLUMNS FROM `cmf_live_record` [ RunTime:0.000559s ]
[2024-11-21T11:57:59+08:00][sql] SELECT COUNT(*) AS think_count FROM ( SELECT count(*) AS think_count FROM `cmf_live_record` WHERE  ( starttime >= 1732118400 and starttime<1732204800 ) GROUP BY `uid` ) `_group_count_` LIMIT 1 [ RunTime:0.000331s ]
[2024-11-21T11:57:59+08:00][sql] SELECT COUNT(*) AS think_count FROM `cmf_live_record` WHERE  ( starttime >= 1732118400 and starttime<1732204800 ) LIMIT 1 [ RunTime:0.000220s ]
[2024-11-21T11:57:59+08:00][sql] select sum(endtime - starttime) as times from cmf_live_record where starttime >= 1732118400 and starttime<1732204800 [ RunTime:0.000216s ]
[2024-11-21T11:57:59+08:00][sql] SELECT `id`,`user_nickname`,`avatar`,`avatar_thumb`,`votestotal` FROM `cmf_user` WHERE  ( user_type=2 ) ORDER BY `votestotal` DESC LIMIT 0,3 [ RunTime:0.000270s ]
[2024-11-21T11:57:59+08:00][sql] SELECT `id`,`user_nickname`,`avatar`,`avatar_thumb`,`consumption` FROM `cmf_user` WHERE  ( user_type=2 ) ORDER BY `consumption` DESC LIMIT 0,3 [ RunTime:0.000262s ]
[2024-11-21T11:57:59+08:00][sql] SHOW FULL COLUMNS FROM `cmf_charge_user` [ RunTime:0.001062s ]
[2024-11-21T11:57:59+08:00][sql] SELECT SUM(`money`) AS think_sum FROM `cmf_charge_user` WHERE  ( status=1 ) LIMIT 1 [ RunTime:0.000237s ]
[2024-11-21T11:57:59+08:00][sql] SELECT SUM(`money`) AS think_sum FROM `cmf_charge_user` WHERE  ( status=1 and addtime>=1732118400 and addtime<1732204800 ) LIMIT 1 [ RunTime:0.000232s ]
[2024-11-21T11:57:59+08:00][sql] SELECT SUM(`money`) AS think_sum FROM `cmf_charge_user` WHERE  ( status=1 and type=1 and addtime>=1732118400 and addtime<1732204800 ) LIMIT 1 [ RunTime:0.000220s ]
[2024-11-21T11:57:59+08:00][sql] SELECT SUM(`money`) AS think_sum FROM `cmf_charge_user` WHERE  ( status=1 and type=2 and addtime>=1732118400 and addtime<1732204800 ) LIMIT 1 [ RunTime:0.000216s ]
[2024-11-21T11:57:59+08:00][sql] SELECT SUM(`money`) AS think_sum FROM `cmf_charge_user` WHERE  ( status=1 and type=3 and addtime>=1732118400 and addtime<1732204800 ) LIMIT 1 [ RunTime:0.000216s ]
[2024-11-21T11:57:59+08:00][sql] SHOW FULL COLUMNS FROM `cmf_cash_record` [ RunTime:0.000939s ]
[2024-11-21T11:57:59+08:00][sql] SELECT SUM(`money`) AS think_sum FROM `cmf_cash_record` WHERE  ( status=0 and addtime>=1732118400 and addtime<1732204800 ) LIMIT 1 [ RunTime:0.000248s ]
[2024-11-21T11:57:59+08:00][sql] SELECT SUM(`money`) AS think_sum FROM `cmf_cash_record` WHERE  ( status=1 and addtime>=1732118400 and addtime<1732204800 ) LIMIT 1 [ RunTime:0.000224s ]
[2024-11-21T11:57:59+08:00][sql] SELECT COUNT(*) AS think_count FROM ( SELECT count(*) AS think_count FROM `cmf_cash_record` WHERE  ( addtime>=1732118400 and addtime<1732204800 ) GROUP BY `uid` ) `_group_count_` LIMIT 1 [ RunTime:0.000279s ]
[2024-11-21T11:57:59+08:00][sql] SELECT SUM(`money`) AS think_sum FROM `cmf_cash_record` WHERE  ( status=1 ) LIMIT 1 [ RunTime:0.000212s ]
[2024-11-21T11:57:59+08:00][sql] SHOW FULL COLUMNS FROM `cmf_shop_apply` [ RunTime:0.001379s ]
[2024-11-21T11:57:59+08:00][sql] SELECT COUNT(*) AS think_count FROM `cmf_shop_apply` WHERE  ( status=0 ) LIMIT 1 [ RunTime:0.000326s ]
[2024-11-21T11:57:59+08:00][sql] SHOW FULL COLUMNS FROM `cmf_shop_goods` [ RunTime:0.001070s ]
[2024-11-21T11:57:59+08:00][sql] SELECT COUNT(*) AS think_count FROM `cmf_shop_goods` WHERE  ( status=0 ) LIMIT 1 [ RunTime:0.000269s ]
[2024-11-21T11:57:59+08:00][sql] SHOW FULL COLUMNS FROM `cmf_shop_order_refund` [ RunTime:0.001181s ]
[2024-11-21T11:57:59+08:00][sql] SELECT COUNT(*) AS think_count FROM `cmf_shop_order_refund` WHERE  ( is_platform_interpose=1 and platform_result=0 ) LIMIT 1 [ RunTime:0.000257s ]
[2024-11-21T11:57:59+08:00][sql] SHOW FULL COLUMNS FROM `cmf_paidprogram` [ RunTime:0.001068s ]
[2024-11-21T11:57:59+08:00][sql] SELECT COUNT(*) AS think_count FROM `cmf_paidprogram` WHERE  ( status=0 ) LIMIT 1 [ RunTime:0.000233s ]
[2024-11-21T11:57:59+08:00][sql] SHOW FULL COLUMNS FROM `cmf_paidprogram_apply` [ RunTime:0.000863s ]
[2024-11-21T11:57:59+08:00][sql] SELECT COUNT(*) AS think_count FROM `cmf_paidprogram_apply` WHERE  ( status=0 ) LIMIT 1 [ RunTime:0.000229s ]
[2024-11-21T11:57:59+08:00][sql] SHOW FULL COLUMNS FROM `cmf_report` [ RunTime:0.000985s ]
[2024-11-21T11:57:59+08:00][sql] SELECT COUNT(*) AS think_count FROM `cmf_report` WHERE  ( status=0 ) LIMIT 1 [ RunTime:0.000233s ]
[2024-11-21T11:57:59+08:00][sql] SHOW FULL COLUMNS FROM `cmf_dynamic` [ RunTime:0.001257s ]
[2024-11-21T11:57:59+08:00][sql] SELECT COUNT(*) AS think_count FROM `cmf_dynamic` WHERE  ( isdel=0 and status=0 ) LIMIT 1 [ RunTime:0.000250s ]
[2024-11-21T11:57:59+08:00][sql] SHOW FULL COLUMNS FROM `cmf_dynamic_report` [ RunTime:0.000897s ]
[2024-11-21T11:57:59+08:00][sql] SELECT COUNT(*) AS think_count FROM `cmf_dynamic_report` WHERE  ( status=0 ) LIMIT 1 [ RunTime:0.000237s ]
[2024-11-21T11:57:59+08:00][sql] SHOW FULL COLUMNS FROM `cmf_video` [ RunTime:0.001172s ]
[2024-11-21T11:57:59+08:00][sql] SELECT COUNT(*) AS think_count FROM `cmf_video` WHERE  ( isdel=0 and status=0 ) LIMIT 1 [ RunTime:0.000256s ]
[2024-11-21T11:57:59+08:00][sql] SHOW FULL COLUMNS FROM `cmf_video_report` [ RunTime:0.000820s ]
[2024-11-21T11:57:59+08:00][sql] SELECT COUNT(*) AS think_count FROM `cmf_video_report` WHERE  ( status=0 ) LIMIT 1 [ RunTime:0.000226s ]
[2024-11-21T11:57:59+08:00][sql] SHOW FULL COLUMNS FROM `cmf_family` [ RunTime:0.001037s ]
[2024-11-21T11:57:59+08:00][sql] SELECT COUNT(*) AS think_count FROM `cmf_family` WHERE  ( state=0 ) LIMIT 1 [ RunTime:0.000240s ]
[2024-11-21T11:57:59+08:00][sql] SHOW FULL COLUMNS FROM `cmf_family_user_divide_apply` [ RunTime:0.000907s ]
[2024-11-21T11:57:59+08:00][sql] SELECT COUNT(*) AS think_count FROM `cmf_family_user_divide_apply` WHERE  ( status=0 ) LIMIT 1 [ RunTime:0.000227s ]
[2024-11-21T11:57:59+08:00][sql] SHOW FULL COLUMNS FROM `cmf_user_auth` [ RunTime:0.000951s ]
[2024-11-21T11:57:59+08:00][sql] SELECT COUNT(*) AS think_count FROM `cmf_user_auth` WHERE  ( status=0 ) LIMIT 1 [ RunTime:0.000319s ]
[2024-11-21T12:24:17+08:00][sql] CONNECT:[ UseTime:0.000354s ] mysql:host=43.241.16.146;port=3306;dbname=zhibo;charset=utf8mb4
[2024-11-21T12:24:17+08:00][sql] SHOW FULL COLUMNS FROM `cmf_hook` [ RunTime:0.000664s ]
[2024-11-21T12:24:17+08:00][sql] SELECT `hook`,`id` FROM `cmf_hook` WHERE  (  (  `app` = '' OR `app` = 'cmf' )  AND `type` = 3 ) OR `type` = 1 [ RunTime:0.000385s ]
[2024-11-21T12:24:17+08:00][sql] SHOW FULL COLUMNS FROM `cmf_hook_plugin` [ RunTime:0.000488s ]
[2024-11-21T12:24:17+08:00][sql] SELECT `hook`,`plugin` FROM `cmf_hook_plugin` WHERE  `status` = 1  AND `hook` IN ('app_begin','module_init','action_begin','view_filter','app_end','log_write','response_end','admin_init','home_init','send_mobile_verification_code','body_start','before_head_end','footer_start','before_footer','before_footer_end','before_body_end','left_sidebar_start','before_left_sidebar_end','right_sidebar_start','before_right_sidebar_end','comment','guestbook','switch_theme','after_content','before_content','log_write_done','switch_admin_theme','captcha_image') ORDER BY `list_order` ASC [ RunTime:0.000431s ]
[2024-11-21T12:24:17+08:00][sql] SHOW FULL COLUMNS FROM `cmf_user` [ RunTime:0.000689s ]
[2024-11-21T12:24:17+08:00][sql] SELECT * FROM `cmf_user` WHERE  `id` = 1 LIMIT 1 [ RunTime:0.000438s ]
[2024-11-21T12:24:17+08:00][sql] SHOW FULL COLUMNS FROM `cmf_admin_menu` [ RunTime:0.000521s ]
[2024-11-21T12:24:17+08:00][sql] SELECT * FROM `cmf_admin_menu` ORDER BY `app` ASC,`controller` ASC,`action` ASC [ RunTime:0.002307s ]
[2024-11-21T12:24:17+08:00][sql] CONNECT:[ UseTime:0.000322s ] mysql:host=43.241.16.146;port=3306;dbname=zhibo;charset=utf8mb4
[2024-11-21T12:24:17+08:00][sql] SHOW FULL COLUMNS FROM `cmf_hook` [ RunTime:0.000576s ]
[2024-11-21T12:24:17+08:00][sql] SELECT `hook`,`id` FROM `cmf_hook` WHERE  (  (  `app` = '' OR `app` = 'cmf' )  AND `type` = 3 ) OR `type` = 1 [ RunTime:0.000346s ]
[2024-11-21T12:24:17+08:00][sql] SHOW FULL COLUMNS FROM `cmf_hook_plugin` [ RunTime:0.000482s ]
[2024-11-21T12:24:17+08:00][sql] SELECT `hook`,`plugin` FROM `cmf_hook_plugin` WHERE  `status` = 1  AND `hook` IN ('app_begin','module_init','action_begin','view_filter','app_end','log_write','response_end','admin_init','home_init','send_mobile_verification_code','body_start','before_head_end','footer_start','before_footer','before_footer_end','before_body_end','left_sidebar_start','before_left_sidebar_end','right_sidebar_start','before_right_sidebar_end','comment','guestbook','switch_theme','after_content','before_content','log_write_done','switch_admin_theme','captcha_image') ORDER BY `list_order` ASC [ RunTime:0.000430s ]
[2024-11-21T12:24:17+08:00][sql] SHOW FULL COLUMNS FROM `cmf_user` [ RunTime:0.000697s ]
[2024-11-21T12:24:17+08:00][sql] SELECT * FROM `cmf_user` WHERE  `id` = 1 LIMIT 1 [ RunTime:0.000428s ]
[2024-11-21T12:24:17+08:00][sql] SELECT COUNT(*) AS think_count FROM `cmf_user` WHERE  ( user_type=2 ) LIMIT 1 [ RunTime:0.000268s ]
[2024-11-21T12:24:17+08:00][sql] SELECT count(id) as nums,source FROM `cmf_user` WHERE  ( user_type=2 ) GROUP BY `source` [ RunTime:0.000305s ]
[2024-11-21T12:24:17+08:00][sql] SELECT count(id) as nums,login_type FROM `cmf_user` WHERE  ( user_type=2 ) GROUP BY `login_type` ORDER BY `nums` DESC [ RunTime:0.000274s ]
[2024-11-21T12:24:17+08:00][sql] SELECT COUNT(*) AS think_count FROM `cmf_user` WHERE  ( user_type=2 ) LIMIT 1 [ RunTime:0.000217s ]
[2024-11-21T12:24:17+08:00][sql] SHOW FULL COLUMNS FROM `cmf_live` [ RunTime:0.000660s ]
[2024-11-21T12:24:17+08:00][sql] SELECT COUNT(*) AS think_count FROM `cmf_live` WHERE  ( islive=1 ) LIMIT 1 [ RunTime:0.000258s ]
[2024-11-21T12:24:17+08:00][sql] select sum(endtime - starttime) as times from cmf_live_record [ RunTime:0.000241s ]
[2024-11-21T12:24:17+08:00][sql] SHOW FULL COLUMNS FROM `cmf_live_record` [ RunTime:0.000559s ]
[2024-11-21T12:24:17+08:00][sql] SELECT COUNT(*) AS think_count FROM ( SELECT count(*) AS think_count FROM `cmf_live_record` WHERE  ( starttime >= 1732118400 and starttime<1732204800 ) GROUP BY `uid` ) `_group_count_` LIMIT 1 [ RunTime:0.000308s ]
[2024-11-21T12:24:17+08:00][sql] SELECT COUNT(*) AS think_count FROM `cmf_live_record` WHERE  ( starttime >= 1732118400 and starttime<1732204800 ) LIMIT 1 [ RunTime:0.000217s ]
[2024-11-21T12:24:17+08:00][sql] select sum(endtime - starttime) as times from cmf_live_record where starttime >= 1732118400 and starttime<1732204800 [ RunTime:0.000207s ]
[2024-11-21T12:24:17+08:00][sql] SELECT `id`,`user_nickname`,`avatar`,`avatar_thumb`,`votestotal` FROM `cmf_user` WHERE  ( user_type=2 ) ORDER BY `votestotal` DESC LIMIT 0,3 [ RunTime:0.000271s ]
[2024-11-21T12:24:17+08:00][sql] SELECT `id`,`user_nickname`,`avatar`,`avatar_thumb`,`consumption` FROM `cmf_user` WHERE  ( user_type=2 ) ORDER BY `consumption` DESC LIMIT 0,3 [ RunTime:0.000258s ]
[2024-11-21T12:24:17+08:00][sql] SHOW FULL COLUMNS FROM `cmf_charge_user` [ RunTime:0.000539s ]
[2024-11-21T12:24:17+08:00][sql] SELECT SUM(`money`) AS think_sum FROM `cmf_charge_user` WHERE  ( status=1 ) LIMIT 1 [ RunTime:0.000225s ]
[2024-11-21T12:24:17+08:00][sql] SELECT SUM(`money`) AS think_sum FROM `cmf_charge_user` WHERE  ( status=1 and addtime>=1732118400 and addtime<1732204800 ) LIMIT 1 [ RunTime:0.000226s ]
[2024-11-21T12:24:17+08:00][sql] SELECT SUM(`money`) AS think_sum FROM `cmf_charge_user` WHERE  ( status=1 and type=1 and addtime>=1732118400 and addtime<1732204800 ) LIMIT 1 [ RunTime:0.000216s ]
[2024-11-21T12:24:17+08:00][sql] SELECT SUM(`money`) AS think_sum FROM `cmf_charge_user` WHERE  ( status=1 and type=2 and addtime>=1732118400 and addtime<1732204800 ) LIMIT 1 [ RunTime:0.000212s ]
[2024-11-21T12:24:17+08:00][sql] SELECT SUM(`money`) AS think_sum FROM `cmf_charge_user` WHERE  ( status=1 and type=3 and addtime>=1732118400 and addtime<1732204800 ) LIMIT 1 [ RunTime:0.000216s ]
[2024-11-21T12:24:17+08:00][sql] SHOW FULL COLUMNS FROM `cmf_cash_record` [ RunTime:0.000501s ]
[2024-11-21T12:24:17+08:00][sql] SELECT SUM(`money`) AS think_sum FROM `cmf_cash_record` WHERE  ( status=0 and addtime>=1732118400 and addtime<1732204800 ) LIMIT 1 [ RunTime:0.000233s ]
[2024-11-21T12:24:17+08:00][sql] SELECT SUM(`money`) AS think_sum FROM `cmf_cash_record` WHERE  ( status=1 and addtime>=1732118400 and addtime<1732204800 ) LIMIT 1 [ RunTime:0.000211s ]
[2024-11-21T12:24:17+08:00][sql] SELECT COUNT(*) AS think_count FROM ( SELECT count(*) AS think_count FROM `cmf_cash_record` WHERE  ( addtime>=1732118400 and addtime<1732204800 ) GROUP BY `uid` ) `_group_count_` LIMIT 1 [ RunTime:0.000280s ]
[2024-11-21T12:24:17+08:00][sql] SELECT SUM(`money`) AS think_sum FROM `cmf_cash_record` WHERE  ( status=1 ) LIMIT 1 [ RunTime:0.000199s ]
[2024-11-21T12:24:17+08:00][sql] SHOW FULL COLUMNS FROM `cmf_shop_apply` [ RunTime:0.000634s ]
[2024-11-21T12:24:17+08:00][sql] SELECT COUNT(*) AS think_count FROM `cmf_shop_apply` WHERE  ( status=0 ) LIMIT 1 [ RunTime:0.000231s ]
[2024-11-21T12:24:17+08:00][sql] SHOW FULL COLUMNS FROM `cmf_shop_goods` [ RunTime:0.000608s ]
[2024-11-21T12:24:17+08:00][sql] SELECT COUNT(*) AS think_count FROM `cmf_shop_goods` WHERE  ( status=0 ) LIMIT 1 [ RunTime:0.000232s ]
[2024-11-21T12:24:17+08:00][sql] SHOW FULL COLUMNS FROM `cmf_shop_order_refund` [ RunTime:0.000580s ]
[2024-11-21T12:24:17+08:00][sql] SELECT COUNT(*) AS think_count FROM `cmf_shop_order_refund` WHERE  ( is_platform_interpose=1 and platform_result=0 ) LIMIT 1 [ RunTime:0.000236s ]
[2024-11-21T12:24:17+08:00][sql] SHOW FULL COLUMNS FROM `cmf_paidprogram` [ RunTime:0.000521s ]
[2024-11-21T12:24:17+08:00][sql] SELECT COUNT(*) AS think_count FROM `cmf_paidprogram` WHERE  ( status=0 ) LIMIT 1 [ RunTime:0.000221s ]
[2024-11-21T12:24:17+08:00][sql] SHOW FULL COLUMNS FROM `cmf_paidprogram_apply` [ RunTime:0.000453s ]
[2024-11-21T12:24:17+08:00][sql] SELECT COUNT(*) AS think_count FROM `cmf_paidprogram_apply` WHERE  ( status=0 ) LIMIT 1 [ RunTime:0.000215s ]
[2024-11-21T12:24:17+08:00][sql] SHOW FULL COLUMNS FROM `cmf_report` [ RunTime:0.000454s ]
[2024-11-21T12:24:17+08:00][sql] SELECT COUNT(*) AS think_count FROM `cmf_report` WHERE  ( status=0 ) LIMIT 1 [ RunTime:0.000213s ]
[2024-11-21T12:24:17+08:00][sql] SHOW FULL COLUMNS FROM `cmf_dynamic` [ RunTime:0.000561s ]
[2024-11-21T12:24:17+08:00][sql] SELECT COUNT(*) AS think_count FROM `cmf_dynamic` WHERE  ( isdel=0 and status=0 ) LIMIT 1 [ RunTime:0.000234s ]
[2024-11-21T12:24:17+08:00][sql] SHOW FULL COLUMNS FROM `cmf_dynamic_report` [ RunTime:0.000471s ]
[2024-11-21T12:24:17+08:00][sql] SELECT COUNT(*) AS think_count FROM `cmf_dynamic_report` WHERE  ( status=0 ) LIMIT 1 [ RunTime:0.000215s ]
[2024-11-21T12:24:17+08:00][sql] SHOW FULL COLUMNS FROM `cmf_video` [ RunTime:0.000586s ]
[2024-11-21T12:24:17+08:00][sql] SELECT COUNT(*) AS think_count FROM `cmf_video` WHERE  ( isdel=0 and status=0 ) LIMIT 1 [ RunTime:0.000245s ]
[2024-11-21T12:24:17+08:00][sql] SHOW FULL COLUMNS FROM `cmf_video_report` [ RunTime:0.000467s ]
[2024-11-21T12:24:17+08:00][sql] SELECT COUNT(*) AS think_count FROM `cmf_video_report` WHERE  ( status=0 ) LIMIT 1 [ RunTime:0.000224s ]
[2024-11-21T12:24:17+08:00][sql] SHOW FULL COLUMNS FROM `cmf_family` [ RunTime:0.000497s ]
[2024-11-21T12:24:17+08:00][sql] SELECT COUNT(*) AS think_count FROM `cmf_family` WHERE  ( state=0 ) LIMIT 1 [ RunTime:0.000221s ]
[2024-11-21T12:24:17+08:00][sql] SHOW FULL COLUMNS FROM `cmf_family_user_divide_apply` [ RunTime:0.000449s ]
[2024-11-21T12:24:17+08:00][sql] SELECT COUNT(*) AS think_count FROM `cmf_family_user_divide_apply` WHERE  ( status=0 ) LIMIT 1 [ RunTime:0.000222s ]
[2024-11-21T12:24:17+08:00][sql] SHOW FULL COLUMNS FROM `cmf_user_auth` [ RunTime:0.000480s ]
[2024-11-21T12:24:17+08:00][sql] SELECT COUNT(*) AS think_count FROM `cmf_user_auth` WHERE  ( status=0 ) LIMIT 1 [ RunTime:0.000218s ]
[2024-11-21T12:56:31+08:00][sql] CONNECT:[ UseTime:0.000293s ] mysql:host=43.241.16.146;port=3306;dbname=zhibo;charset=utf8mb4
[2024-11-21T12:56:31+08:00][sql] SHOW FULL COLUMNS FROM `cmf_hook` [ RunTime:0.000553s ]
[2024-11-21T12:56:31+08:00][sql] SELECT `hook`,`id` FROM `cmf_hook` WHERE  (  (  `app` = '' OR `app` = 'cmf' )  AND `type` = 3 ) OR `type` = 1 [ RunTime:0.000350s ]
[2024-11-21T12:56:31+08:00][sql] SHOW FULL COLUMNS FROM `cmf_hook_plugin` [ RunTime:0.000480s ]
[2024-11-21T12:56:31+08:00][sql] SELECT `hook`,`plugin` FROM `cmf_hook_plugin` WHERE  `status` = 1  AND `hook` IN ('app_begin','module_init','action_begin','view_filter','app_end','log_write','response_end','admin_init','home_init','send_mobile_verification_code','body_start','before_head_end','footer_start','before_footer','before_footer_end','before_body_end','left_sidebar_start','before_left_sidebar_end','right_sidebar_start','before_right_sidebar_end','comment','guestbook','switch_theme','after_content','before_content','log_write_done','switch_admin_theme','captcha_image') ORDER BY `list_order` ASC [ RunTime:0.000411s ]
[2024-11-21T13:03:13+08:00][sql] CONNECT:[ UseTime:0.000276s ] mysql:host=43.241.16.146;port=3306;dbname=zhibo;charset=utf8mb4
[2024-11-21T13:03:13+08:00][sql] SHOW FULL COLUMNS FROM `cmf_hook` [ RunTime:0.000526s ]
[2024-11-21T13:03:13+08:00][sql] SELECT `hook`,`id` FROM `cmf_hook` WHERE  (  (  `app` = '' OR `app` = 'cmf' )  AND `type` = 3 ) OR `type` = 1 [ RunTime:0.000350s ]
[2024-11-21T13:03:13+08:00][sql] SHOW FULL COLUMNS FROM `cmf_hook_plugin` [ RunTime:0.000453s ]
[2024-11-21T13:03:13+08:00][sql] SELECT `hook`,`plugin` FROM `cmf_hook_plugin` WHERE  `status` = 1  AND `hook` IN ('app_begin','module_init','action_begin','view_filter','app_end','log_write','response_end','admin_init','home_init','send_mobile_verification_code','body_start','before_head_end','footer_start','before_footer','before_footer_end','before_body_end','left_sidebar_start','before_left_sidebar_end','right_sidebar_start','before_right_sidebar_end','comment','guestbook','switch_theme','after_content','before_content','log_write_done','switch_admin_theme','captcha_image') ORDER BY `list_order` ASC [ RunTime:0.000411s ]
[2024-11-21T13:03:13+08:00][sql] SELECT `hook` FROM `cmf_hook` WHERE  `app` = 'user' [ RunTime:0.000277s ]
[2024-11-21T13:03:13+08:00][sql] SELECT `hook`,`plugin` FROM `cmf_hook_plugin` WHERE  `status` = 1  AND `hook` IN ('fetch_upload_view','user_admin_index_view','user_admin_asset_index_view','user_admin_oauth_index_view') ORDER BY `list_order` ASC [ RunTime:0.000287s ]
[2024-11-21T13:03:13+08:00][sql] SHOW FULL COLUMNS FROM `cmf_user` [ RunTime:0.000674s ]
[2024-11-21T13:03:13+08:00][sql] SELECT * FROM `cmf_user` WHERE  `id` = 1 LIMIT 1 [ RunTime:0.000417s ]
[2024-11-21T13:03:13+08:00][sql] SELECT COUNT(*) AS think_count FROM `cmf_user` WHERE  `user_type` = 2 LIMIT 1 [ RunTime:0.000281s ]
[2024-11-21T13:03:13+08:00][sql] SELECT COUNT(*) AS think_count FROM `cmf_user` WHERE  `user_type` = 2 LIMIT 1 [ RunTime:0.000237s ]
[2024-11-21T13:03:13+08:00][sql] SELECT * FROM `cmf_user` WHERE  `user_type` = 2 ORDER BY `id` DESC LIMIT 0,20 [ RunTime:0.000405s ]
[2024-11-21T13:03:13+08:00][sql] SHOW FULL COLUMNS FROM `cmf_agent_code` [ RunTime:0.000949s ]
[2024-11-21T13:03:13+08:00][sql] SELECT `code` FROM `cmf_agent_code` WHERE  ( uid = 6 ) LIMIT 1 [ RunTime:0.000312s ]
[2024-11-21T13:03:13+08:00][sql] SHOW FULL COLUMNS FROM `cmf_live_ban` [ RunTime:0.000877s ]
[2024-11-21T13:03:13+08:00][sql] SELECT `addtime`,`type`,`endtime` FROM `cmf_live_ban` WHERE  `liveuid` = 6 LIMIT 1 [ RunTime:0.000308s ]
[2024-11-21T13:03:13+08:00][sql] SELECT `code` FROM `cmf_agent_code` WHERE  ( uid = 5 ) LIMIT 1 [ RunTime:0.000213s ]
[2024-11-21T13:03:13+08:00][sql] SELECT `addtime`,`type`,`endtime` FROM `cmf_live_ban` WHERE  `liveuid` = 5 LIMIT 1 [ RunTime:0.000221s ]
[2024-11-21T13:03:13+08:00][sql] SELECT `code` FROM `cmf_agent_code` WHERE  ( uid = 4 ) LIMIT 1 [ RunTime:0.000219s ]
[2024-11-21T13:03:13+08:00][sql] SELECT `addtime`,`type`,`endtime` FROM `cmf_live_ban` WHERE  `liveuid` = 4 LIMIT 1 [ RunTime:0.000217s ]
[2024-11-21T13:03:13+08:00][sql] SELECT `code` FROM `cmf_agent_code` WHERE  ( uid = 3 ) LIMIT 1 [ RunTime:0.000201s ]
[2024-11-21T13:03:13+08:00][sql] SELECT `addtime`,`type`,`endtime` FROM `cmf_live_ban` WHERE  `liveuid` = 3 LIMIT 1 [ RunTime:0.000213s ]
[2024-11-21T13:03:13+08:00][sql] SELECT `code` FROM `cmf_agent_code` WHERE  ( uid = 2 ) LIMIT 1 [ RunTime:0.000198s ]
[2024-11-21T13:03:13+08:00][sql] SELECT `addtime`,`type`,`endtime` FROM `cmf_live_ban` WHERE  `liveuid` = 2 LIMIT 1 [ RunTime:0.000221s ]
[2024-11-21T13:03:24+08:00][sql] CONNECT:[ UseTime:0.000290s ] mysql:host=43.241.16.146;port=3306;dbname=zhibo;charset=utf8mb4
[2024-11-21T13:03:24+08:00][sql] SHOW FULL COLUMNS FROM `cmf_hook` [ RunTime:0.000542s ]
[2024-11-21T13:03:24+08:00][sql] SELECT `hook`,`id` FROM `cmf_hook` WHERE  (  (  `app` = '' OR `app` = 'cmf' )  AND `type` = 3 ) OR `type` = 1 [ RunTime:0.000343s ]
[2024-11-21T13:03:24+08:00][sql] SHOW FULL COLUMNS FROM `cmf_hook_plugin` [ RunTime:0.000436s ]
[2024-11-21T13:03:24+08:00][sql] SELECT `hook`,`plugin` FROM `cmf_hook_plugin` WHERE  `status` = 1  AND `hook` IN ('app_begin','module_init','action_begin','view_filter','app_end','log_write','response_end','admin_init','home_init','send_mobile_verification_code','body_start','before_head_end','footer_start','before_footer','before_footer_end','before_body_end','left_sidebar_start','before_left_sidebar_end','right_sidebar_start','before_right_sidebar_end','comment','guestbook','switch_theme','after_content','before_content','log_write_done','switch_admin_theme','captcha_image') ORDER BY `list_order` ASC [ RunTime:0.000418s ]
[2024-11-21T13:03:24+08:00][sql] SHOW FULL COLUMNS FROM `cmf_user` [ RunTime:0.000677s ]
[2024-11-21T13:03:24+08:00][sql] SELECT * FROM `cmf_user` WHERE  `id` = 1 LIMIT 1 [ RunTime:0.000419s ]
[2024-11-21T13:03:24+08:00][sql] UPDATE `cmf_user`  SET `issuper` = 1  WHERE  ( id=4 ) [ RunTime:0.014237s ]
[2024-11-21T13:03:24+08:00][sql] SHOW FULL COLUMNS FROM `cmf_user_super` [ RunTime:0.002029s ]
[2024-11-21T13:03:24+08:00][sql] SELECT * FROM `cmf_user_super` WHERE  ( uid=4 ) LIMIT 1 [ RunTime:0.000304s ]
[2024-11-21T13:03:24+08:00][sql] INSERT INTO `cmf_user_super` SET `uid` = 4 , `addtime` = 1732165404 [ RunTime:0.013108s ]
[2024-11-21T13:03:24+08:00][sql] SHOW FULL COLUMNS FROM `cmf_admin_log` [ RunTime:0.002086s ]
[2024-11-21T13:03:24+08:00][sql] INSERT INTO `cmf_admin_log` SET `adminid` = 1 , `admin` = 'admin' , `action` = '设置超管会员：4' , `ip` = 3747110647 , `addtime` = 1732165404 [ RunTime:0.014522s ]
[2024-11-21T13:03:26+08:00][sql] CONNECT:[ UseTime:0.000277s ] mysql:host=43.241.16.146;port=3306;dbname=zhibo;charset=utf8mb4
[2024-11-21T13:03:26+08:00][sql] SHOW FULL COLUMNS FROM `cmf_hook` [ RunTime:0.000486s ]
[2024-11-21T13:03:26+08:00][sql] SELECT `hook`,`id` FROM `cmf_hook` WHERE  (  (  `app` = '' OR `app` = 'cmf' )  AND `type` = 3 ) OR `type` = 1 [ RunTime:0.000345s ]
[2024-11-21T13:03:26+08:00][sql] SHOW FULL COLUMNS FROM `cmf_hook_plugin` [ RunTime:0.000429s ]
[2024-11-21T13:03:26+08:00][sql] SELECT `hook`,`plugin` FROM `cmf_hook_plugin` WHERE  `status` = 1  AND `hook` IN ('app_begin','module_init','action_begin','view_filter','app_end','log_write','response_end','admin_init','home_init','send_mobile_verification_code','body_start','before_head_end','footer_start','before_footer','before_footer_end','before_body_end','left_sidebar_start','before_left_sidebar_end','right_sidebar_start','before_right_sidebar_end','comment','guestbook','switch_theme','after_content','before_content','log_write_done','switch_admin_theme','captcha_image') ORDER BY `list_order` ASC [ RunTime:0.000411s ]
[2024-11-21T13:03:26+08:00][sql] SHOW FULL COLUMNS FROM `cmf_user` [ RunTime:0.000685s ]
[2024-11-21T13:03:26+08:00][sql] SELECT * FROM `cmf_user` WHERE  `id` = 1 LIMIT 1 [ RunTime:0.000422s ]
[2024-11-21T13:03:26+08:00][sql] SELECT COUNT(*) AS think_count FROM `cmf_user` WHERE  `user_type` = 2 LIMIT 1 [ RunTime:0.000274s ]
[2024-11-21T13:03:26+08:00][sql] SELECT COUNT(*) AS think_count FROM `cmf_user` WHERE  `user_type` = 2 LIMIT 1 [ RunTime:0.000240s ]
[2024-11-21T13:03:26+08:00][sql] SELECT * FROM `cmf_user` WHERE  `user_type` = 2 ORDER BY `id` DESC LIMIT 0,20 [ RunTime:0.000407s ]
[2024-11-21T13:03:26+08:00][sql] SHOW FULL COLUMNS FROM `cmf_agent_code` [ RunTime:0.000487s ]
[2024-11-21T13:03:26+08:00][sql] SELECT `code` FROM `cmf_agent_code` WHERE  ( uid = 6 ) LIMIT 1 [ RunTime:0.000219s ]
[2024-11-21T13:03:26+08:00][sql] SHOW FULL COLUMNS FROM `cmf_live_ban` [ RunTime:0.000452s ]
[2024-11-21T13:03:26+08:00][sql] SELECT `addtime`,`type`,`endtime` FROM `cmf_live_ban` WHERE  `liveuid` = 6 LIMIT 1 [ RunTime:0.000241s ]
[2024-11-21T13:03:26+08:00][sql] SELECT `code` FROM `cmf_agent_code` WHERE  ( uid = 5 ) LIMIT 1 [ RunTime:0.000213s ]
[2024-11-21T13:03:26+08:00][sql] SELECT `addtime`,`type`,`endtime` FROM `cmf_live_ban` WHERE  `liveuid` = 5 LIMIT 1 [ RunTime:0.000224s ]
[2024-11-21T13:03:26+08:00][sql] SELECT `code` FROM `cmf_agent_code` WHERE  ( uid = 4 ) LIMIT 1 [ RunTime:0.000203s ]
[2024-11-21T13:03:26+08:00][sql] SELECT `addtime`,`type`,`endtime` FROM `cmf_live_ban` WHERE  `liveuid` = 4 LIMIT 1 [ RunTime:0.000215s ]
[2024-11-21T13:03:26+08:00][sql] SELECT `code` FROM `cmf_agent_code` WHERE  ( uid = 3 ) LIMIT 1 [ RunTime:0.000198s ]
[2024-11-21T13:03:26+08:00][sql] SELECT `addtime`,`type`,`endtime` FROM `cmf_live_ban` WHERE  `liveuid` = 3 LIMIT 1 [ RunTime:0.000215s ]
[2024-11-21T13:03:26+08:00][sql] SELECT `code` FROM `cmf_agent_code` WHERE  ( uid = 2 ) LIMIT 1 [ RunTime:0.000200s ]
[2024-11-21T13:03:26+08:00][sql] SELECT `addtime`,`type`,`endtime` FROM `cmf_live_ban` WHERE  `liveuid` = 2 LIMIT 1 [ RunTime:0.000214s ]
[2024-11-21T13:05:34+08:00][sql] CONNECT:[ UseTime:0.000290s ] mysql:host=43.241.16.146;port=3306;dbname=zhibo;charset=utf8mb4
[2024-11-21T13:05:34+08:00][sql] SHOW FULL COLUMNS FROM `cmf_hook` [ RunTime:0.000558s ]
[2024-11-21T13:05:34+08:00][sql] SELECT `hook`,`id` FROM `cmf_hook` WHERE  (  (  `app` = '' OR `app` = 'cmf' )  AND `type` = 3 ) OR `type` = 1 [ RunTime:0.000350s ]
[2024-11-21T13:05:34+08:00][sql] SHOW FULL COLUMNS FROM `cmf_hook_plugin` [ RunTime:0.000465s ]
[2024-11-21T13:05:34+08:00][sql] SELECT `hook`,`plugin` FROM `cmf_hook_plugin` WHERE  `status` = 1  AND `hook` IN ('app_begin','module_init','action_begin','view_filter','app_end','log_write','response_end','admin_init','home_init','send_mobile_verification_code','body_start','before_head_end','footer_start','before_footer','before_footer_end','before_body_end','left_sidebar_start','before_left_sidebar_end','right_sidebar_start','before_right_sidebar_end','comment','guestbook','switch_theme','after_content','before_content','log_write_done','switch_admin_theme','captcha_image') ORDER BY `list_order` ASC [ RunTime:0.000429s ]
[2024-11-21T13:05:34+08:00][sql] SHOW FULL COLUMNS FROM `cmf_user` [ RunTime:0.000682s ]
[2024-11-21T13:05:34+08:00][sql] SELECT * FROM `cmf_user` WHERE  `id` = 1 LIMIT 1 [ RunTime:0.000425s ]
[2024-11-21T13:05:34+08:00][sql] SHOW FULL COLUMNS FROM `cmf_user_auth` [ RunTime:0.000515s ]
[2024-11-21T13:05:34+08:00][sql] SELECT COUNT(*) AS think_count FROM `cmf_user_auth` LIMIT 1 [ RunTime:0.000209s ]
[2024-11-21T13:05:35+08:00][sql] CONNECT:[ UseTime:0.000317s ] mysql:host=43.241.16.146;port=3306;dbname=zhibo;charset=utf8mb4
[2024-11-21T13:05:35+08:00][sql] SHOW FULL COLUMNS FROM `cmf_hook` [ RunTime:0.000590s ]
[2024-11-21T13:05:35+08:00][sql] SELECT `hook`,`id` FROM `cmf_hook` WHERE  (  (  `app` = '' OR `app` = 'cmf' )  AND `type` = 3 ) OR `type` = 1 [ RunTime:0.000409s ]
[2024-11-21T13:05:35+08:00][sql] SHOW FULL COLUMNS FROM `cmf_hook_plugin` [ RunTime:0.000514s ]
[2024-11-21T13:05:35+08:00][sql] SELECT `hook`,`plugin` FROM `cmf_hook_plugin` WHERE  `status` = 1  AND `hook` IN ('app_begin','module_init','action_begin','view_filter','app_end','log_write','response_end','admin_init','home_init','send_mobile_verification_code','body_start','before_head_end','footer_start','before_footer','before_footer_end','before_body_end','left_sidebar_start','before_left_sidebar_end','right_sidebar_start','before_right_sidebar_end','comment','guestbook','switch_theme','after_content','before_content','log_write_done','switch_admin_theme','captcha_image') ORDER BY `list_order` ASC [ RunTime:0.000483s ]
[2024-11-21T13:05:37+08:00][sql] CONNECT:[ UseTime:0.000279s ] mysql:host=43.241.16.146;port=3306;dbname=zhibo;charset=utf8mb4
[2024-11-21T13:05:37+08:00][sql] SHOW FULL COLUMNS FROM `cmf_hook` [ RunTime:0.000522s ]
[2024-11-21T13:05:37+08:00][sql] SELECT `hook`,`id` FROM `cmf_hook` WHERE  (  (  `app` = '' OR `app` = 'cmf' )  AND `type` = 3 ) OR `type` = 1 [ RunTime:0.000337s ]
[2024-11-21T13:05:37+08:00][sql] SHOW FULL COLUMNS FROM `cmf_hook_plugin` [ RunTime:0.000446s ]
[2024-11-21T13:05:37+08:00][sql] SELECT `hook`,`plugin` FROM `cmf_hook_plugin` WHERE  `status` = 1  AND `hook` IN ('app_begin','module_init','action_begin','view_filter','app_end','log_write','response_end','admin_init','home_init','send_mobile_verification_code','body_start','before_head_end','footer_start','before_footer','before_footer_end','before_body_end','left_sidebar_start','before_left_sidebar_end','right_sidebar_start','before_right_sidebar_end','comment','guestbook','switch_theme','after_content','before_content','log_write_done','switch_admin_theme','captcha_image') ORDER BY `list_order` ASC [ RunTime:0.000417s ]
[2024-11-21T13:05:37+08:00][sql] SHOW FULL COLUMNS FROM `cmf_user` [ RunTime:0.000663s ]
[2024-11-21T13:05:37+08:00][sql] SELECT * FROM `cmf_user` WHERE  `id` = 1 LIMIT 1 [ RunTime:0.000412s ]
[2024-11-21T13:05:37+08:00][sql] SHOW FULL COLUMNS FROM `cmf_option` [ RunTime:0.000431s ]
[2024-11-21T13:05:37+08:00][sql] SELECT `option_value` FROM `cmf_option` WHERE  ( option_name='jackpot' ) LIMIT 1 [ RunTime:0.000234s ]
[2024-11-21T13:05:37+08:00][sql] CONNECT:[ UseTime:0.000267s ] mysql:host=43.241.16.146;port=3306;dbname=zhibo;charset=utf8mb4
[2024-11-21T13:05:37+08:00][sql] SHOW FULL COLUMNS FROM `cmf_hook` [ RunTime:0.000481s ]
[2024-11-21T13:05:37+08:00][sql] SELECT `hook`,`id` FROM `cmf_hook` WHERE  (  (  `app` = '' OR `app` = 'cmf' )  AND `type` = 3 ) OR `type` = 1 [ RunTime:0.000339s ]
[2024-11-21T13:05:37+08:00][sql] SHOW FULL COLUMNS FROM `cmf_hook_plugin` [ RunTime:0.000445s ]
[2024-11-21T13:05:37+08:00][sql] SELECT `hook`,`plugin` FROM `cmf_hook_plugin` WHERE  `status` = 1  AND `hook` IN ('app_begin','module_init','action_begin','view_filter','app_end','log_write','response_end','admin_init','home_init','send_mobile_verification_code','body_start','before_head_end','footer_start','before_footer','before_footer_end','before_body_end','left_sidebar_start','before_left_sidebar_end','right_sidebar_start','before_right_sidebar_end','comment','guestbook','switch_theme','after_content','before_content','log_write_done','switch_admin_theme','captcha_image') ORDER BY `list_order` ASC [ RunTime:0.000417s ]
[2024-11-21T13:05:46+08:00][sql] CONNECT:[ UseTime:0.000281s ] mysql:host=43.241.16.146;port=3306;dbname=zhibo;charset=utf8mb4
[2024-11-21T13:05:46+08:00][sql] SHOW FULL COLUMNS FROM `cmf_hook` [ RunTime:0.000510s ]
[2024-11-21T13:05:46+08:00][sql] SELECT `hook`,`id` FROM `cmf_hook` WHERE  (  (  `app` = '' OR `app` = 'cmf' )  AND `type` = 3 ) OR `type` = 1 [ RunTime:0.000347s ]
[2024-11-21T13:05:46+08:00][sql] SHOW FULL COLUMNS FROM `cmf_hook_plugin` [ RunTime:0.000473s ]
[2024-11-21T13:05:46+08:00][sql] SELECT `hook`,`plugin` FROM `cmf_hook_plugin` WHERE  `status` = 1  AND `hook` IN ('app_begin','module_init','action_begin','view_filter','app_end','log_write','response_end','admin_init','home_init','send_mobile_verification_code','body_start','before_head_end','footer_start','before_footer','before_footer_end','before_body_end','left_sidebar_start','before_left_sidebar_end','right_sidebar_start','before_right_sidebar_end','comment','guestbook','switch_theme','after_content','before_content','log_write_done','switch_admin_theme','captcha_image') ORDER BY `list_order` ASC [ RunTime:0.000413s ]
[2024-11-21T13:05:46+08:00][sql] SHOW FULL COLUMNS FROM `cmf_user` [ RunTime:0.000676s ]
[2024-11-21T13:05:46+08:00][sql] SELECT * FROM `cmf_user` WHERE  `id` = 1 LIMIT 1 [ RunTime:0.000419s ]
[2024-11-21T13:05:46+08:00][sql] SHOW FULL COLUMNS FROM `cmf_dynamic` [ RunTime:0.000598s ]
[2024-11-21T13:05:46+08:00][sql] SELECT COUNT(*) AS think_count FROM `cmf_dynamic` WHERE  `status` = 0  AND `isdel` = 0 LIMIT 1 [ RunTime:0.000267s ]
[2024-11-21T13:05:46+08:00][sql] CONNECT:[ UseTime:0.000284s ] mysql:host=43.241.16.146;port=3306;dbname=zhibo;charset=utf8mb4
[2024-11-21T13:05:46+08:00][sql] SHOW FULL COLUMNS FROM `cmf_hook` [ RunTime:0.000502s ]
[2024-11-21T13:05:46+08:00][sql] SELECT `hook`,`id` FROM `cmf_hook` WHERE  (  (  `app` = '' OR `app` = 'cmf' )  AND `type` = 3 ) OR `type` = 1 [ RunTime:0.000341s ]
[2024-11-21T13:05:46+08:00][sql] SHOW FULL COLUMNS FROM `cmf_hook_plugin` [ RunTime:0.000485s ]
[2024-11-21T13:05:46+08:00][sql] SELECT `hook`,`plugin` FROM `cmf_hook_plugin` WHERE  `status` = 1  AND `hook` IN ('app_begin','module_init','action_begin','view_filter','app_end','log_write','response_end','admin_init','home_init','send_mobile_verification_code','body_start','before_head_end','footer_start','before_footer','before_footer_end','before_body_end','left_sidebar_start','before_left_sidebar_end','right_sidebar_start','before_right_sidebar_end','comment','guestbook','switch_theme','after_content','before_content','log_write_done','switch_admin_theme','captcha_image') ORDER BY `list_order` ASC [ RunTime:0.000418s ]
[2024-11-21T13:05:47+08:00][sql] CONNECT:[ UseTime:0.000272s ] mysql:host=43.241.16.146;port=3306;dbname=zhibo;charset=utf8mb4
[2024-11-21T13:05:47+08:00][sql] SHOW FULL COLUMNS FROM `cmf_hook` [ RunTime:0.000469s ]
[2024-11-21T13:05:47+08:00][sql] SELECT `hook`,`id` FROM `cmf_hook` WHERE  (  (  `app` = '' OR `app` = 'cmf' )  AND `type` = 3 ) OR `type` = 1 [ RunTime:0.000333s ]
[2024-11-21T13:05:47+08:00][sql] SHOW FULL COLUMNS FROM `cmf_hook_plugin` [ RunTime:0.000436s ]
[2024-11-21T13:05:47+08:00][sql] SELECT `hook`,`plugin` FROM `cmf_hook_plugin` WHERE  `status` = 1  AND `hook` IN ('app_begin','module_init','action_begin','view_filter','app_end','log_write','response_end','admin_init','home_init','send_mobile_verification_code','body_start','before_head_end','footer_start','before_footer','before_footer_end','before_body_end','left_sidebar_start','before_left_sidebar_end','right_sidebar_start','before_right_sidebar_end','comment','guestbook','switch_theme','after_content','before_content','log_write_done','switch_admin_theme','captcha_image') ORDER BY `list_order` ASC [ RunTime:0.000392s ]
[2024-11-21T13:05:47+08:00][sql] SHOW FULL COLUMNS FROM `cmf_user` [ RunTime:0.000675s ]
[2024-11-21T13:05:47+08:00][sql] SELECT * FROM `cmf_user` WHERE  `id` = 1 LIMIT 1 [ RunTime:0.000416s ]
[2024-11-21T13:05:47+08:00][sql] SHOW FULL COLUMNS FROM `cmf_dynamic` [ RunTime:0.000592s ]
[2024-11-21T13:05:47+08:00][sql] SELECT COUNT(*) AS think_count FROM `cmf_dynamic` WHERE  `status` = 1  AND `isdel` = 0 LIMIT 1 [ RunTime:0.000266s ]
[2024-11-21T13:05:48+08:00][sql] CONNECT:[ UseTime:0.000262s ] mysql:host=43.241.16.146;port=3306;dbname=zhibo;charset=utf8mb4
[2024-11-21T13:05:48+08:00][sql] SHOW FULL COLUMNS FROM `cmf_hook` [ RunTime:0.000464s ]
[2024-11-21T13:05:48+08:00][sql] SELECT `hook`,`id` FROM `cmf_hook` WHERE  (  (  `app` = '' OR `app` = 'cmf' )  AND `type` = 3 ) OR `type` = 1 [ RunTime:0.000327s ]
[2024-11-21T13:05:48+08:00][sql] SHOW FULL COLUMNS FROM `cmf_hook_plugin` [ RunTime:0.000439s ]
[2024-11-21T13:05:48+08:00][sql] SELECT `hook`,`plugin` FROM `cmf_hook_plugin` WHERE  `status` = 1  AND `hook` IN ('app_begin','module_init','action_begin','view_filter','app_end','log_write','response_end','admin_init','home_init','send_mobile_verification_code','body_start','before_head_end','footer_start','before_footer','before_footer_end','before_body_end','left_sidebar_start','before_left_sidebar_end','right_sidebar_start','before_right_sidebar_end','comment','guestbook','switch_theme','after_content','before_content','log_write_done','switch_admin_theme','captcha_image') ORDER BY `list_order` ASC [ RunTime:0.000406s ]
[2024-11-21T13:07:04+08:00][sql] CONNECT:[ UseTime:0.000267s ] mysql:host=43.241.16.146;port=3306;dbname=zhibo;charset=utf8mb4
[2024-11-21T13:07:04+08:00][sql] SHOW FULL COLUMNS FROM `cmf_hook` [ RunTime:0.000565s ]
[2024-11-21T13:07:04+08:00][sql] SELECT `hook`,`id` FROM `cmf_hook` WHERE  (  (  `app` = '' OR `app` = 'cmf' )  AND `type` = 3 ) OR `type` = 1 [ RunTime:0.000335s ]
[2024-11-21T13:07:04+08:00][sql] SHOW FULL COLUMNS FROM `cmf_hook_plugin` [ RunTime:0.000442s ]
[2024-11-21T13:07:04+08:00][sql] SELECT `hook`,`plugin` FROM `cmf_hook_plugin` WHERE  `status` = 1  AND `hook` IN ('app_begin','module_init','action_begin','view_filter','app_end','log_write','response_end','admin_init','home_init','send_mobile_verification_code','body_start','before_head_end','footer_start','before_footer','before_footer_end','before_body_end','left_sidebar_start','before_left_sidebar_end','right_sidebar_start','before_right_sidebar_end','comment','guestbook','switch_theme','after_content','before_content','log_write_done','switch_admin_theme','captcha_image') ORDER BY `list_order` ASC [ RunTime:0.000424s ]
[2024-11-21T13:07:04+08:00][sql] SHOW FULL COLUMNS FROM `cmf_plugin` [ RunTime:0.000547s ]
[2024-11-21T13:07:04+08:00][sql] SELECT `config` FROM `cmf_plugin` WHERE  `name` = 'Qiniu' LIMIT 1 [ RunTime:0.000245s ]
[2024-11-21T13:07:04+08:00][sql] SHOW FULL COLUMNS FROM `cmf_user_voterecord` [ RunTime:0.002206s ]
[2024-11-21T13:07:04+08:00][sql] SELECT fromid,actionid,sum(nums) as num,sum(total) as totalall FROM `cmf_user_voterecord` WHERE  `action` = 1  AND `uid` = 4 GROUP BY `fromid`,`actionid`,`showid` ORDER BY `addtime` DESC LIMIT 0,50 [ RunTime:0.000369s ]
[2024-11-21T13:07:04+08:00][sql] SHOW FULL COLUMNS FROM `cmf_live_record` [ RunTime:0.000533s ]
[2024-11-21T13:07:04+08:00][sql] SELECT `starttime`,`endtime` FROM `cmf_live_record` WHERE  `uid` = 4 ORDER BY `starttime` DESC LIMIT 0,50 [ RunTime:0.000262s ]
[2024-11-21T13:07:04+08:00][sql] SHOW FULL COLUMNS FROM `cmf_theme_file` [ RunTime:0.000505s ]
[2024-11-21T13:07:04+08:00][sql] SELECT `more` FROM `cmf_theme_file` WHERE  `theme` = 'default'  AND (  `is_public` = 1 OR `file` = '../appapi/detail/index' ) [ RunTime:0.000278s ]
[2024-11-21T13:07:04+08:00][sql] CONNECT:[ UseTime:0.000268s ] mysql:host=43.241.16.146;port=3306;dbname=zhibo;charset=utf8mb4
[2024-11-21T13:07:04+08:00][sql] SHOW FULL COLUMNS FROM `cmf_hook` [ RunTime:0.000502s ]
[2024-11-21T13:07:04+08:00][sql] SELECT `hook`,`id` FROM `cmf_hook` WHERE  (  (  `app` = '' OR `app` = 'cmf' )  AND `type` = 3 ) OR `type` = 1 [ RunTime:0.000330s ]
[2024-11-21T13:07:04+08:00][sql] SHOW FULL COLUMNS FROM `cmf_hook_plugin` [ RunTime:0.000423s ]
[2024-11-21T13:07:04+08:00][sql] SELECT `hook`,`plugin` FROM `cmf_hook_plugin` WHERE  `status` = 1  AND `hook` IN ('app_begin','module_init','action_begin','view_filter','app_end','log_write','response_end','admin_init','home_init','send_mobile_verification_code','body_start','before_head_end','footer_start','before_footer','before_footer_end','before_body_end','left_sidebar_start','before_left_sidebar_end','right_sidebar_start','before_right_sidebar_end','comment','guestbook','switch_theme','after_content','before_content','log_write_done','switch_admin_theme','captcha_image') ORDER BY `list_order` ASC [ RunTime:0.000404s ]
[2024-11-21T13:07:08+08:00][sql] CONNECT:[ UseTime:0.000281s ] mysql:host=43.241.16.146;port=3306;dbname=zhibo;charset=utf8mb4
[2024-11-21T13:07:08+08:00][sql] SHOW FULL COLUMNS FROM `cmf_hook` [ RunTime:0.000476s ]
[2024-11-21T13:07:08+08:00][sql] SELECT `hook`,`id` FROM `cmf_hook` WHERE  (  (  `app` = '' OR `app` = 'cmf' )  AND `type` = 3 ) OR `type` = 1 [ RunTime:0.000328s ]
[2024-11-21T13:07:08+08:00][sql] SHOW FULL COLUMNS FROM `cmf_hook_plugin` [ RunTime:0.000437s ]
[2024-11-21T13:07:08+08:00][sql] SELECT `hook`,`plugin` FROM `cmf_hook_plugin` WHERE  `status` = 1  AND `hook` IN ('app_begin','module_init','action_begin','view_filter','app_end','log_write','response_end','admin_init','home_init','send_mobile_verification_code','body_start','before_head_end','footer_start','before_footer','before_footer_end','before_body_end','left_sidebar_start','before_left_sidebar_end','right_sidebar_start','before_right_sidebar_end','comment','guestbook','switch_theme','after_content','before_content','log_write_done','switch_admin_theme','captcha_image') ORDER BY `list_order` ASC [ RunTime:0.000392s ]
[2024-11-21T13:07:08+08:00][sql] SHOW FULL COLUMNS FROM `cmf_plugin` [ RunTime:0.000542s ]
[2024-11-21T13:07:08+08:00][sql] SELECT `config` FROM `cmf_plugin` WHERE  `name` = 'Qiniu' LIMIT 1 [ RunTime:0.000247s ]
[2024-11-21T13:07:08+08:00][sql] SHOW FULL COLUMNS FROM `cmf_family_user` [ RunTime:0.000467s ]
[2024-11-21T13:07:08+08:00][sql] SELECT * FROM `cmf_family_user` WHERE  `uid` = 4 LIMIT 1 [ RunTime:0.000261s ]
[2024-11-21T13:07:08+08:00][sql] SHOW FULL COLUMNS FROM `cmf_family` [ RunTime:0.000501s ]
[2024-11-21T13:07:08+08:00][sql] SELECT * FROM `cmf_family` WHERE  ( disable=0 and state=2 ) ORDER BY `addtime` ASC LIMIT 0,50 [ RunTime:0.000287s ]
[2024-11-21T13:07:08+08:00][sql] SHOW FULL COLUMNS FROM `cmf_theme_file` [ RunTime:0.000503s ]
[2024-11-21T13:07:08+08:00][sql] SELECT `more` FROM `cmf_theme_file` WHERE  `theme` = 'default'  AND (  `is_public` = 1 OR `file` = '../appapi/family/index' ) [ RunTime:0.000285s ]
[2024-11-21T13:07:09+08:00][sql] CONNECT:[ UseTime:0.000288s ] mysql:host=43.241.16.146;port=3306;dbname=zhibo;charset=utf8mb4
[2024-11-21T13:07:09+08:00][sql] SHOW FULL COLUMNS FROM `cmf_hook` [ RunTime:0.000486s ]
[2024-11-21T13:07:09+08:00][sql] SELECT `hook`,`id` FROM `cmf_hook` WHERE  (  (  `app` = '' OR `app` = 'cmf' )  AND `type` = 3 ) OR `type` = 1 [ RunTime:0.000342s ]
[2024-11-21T13:07:09+08:00][sql] SHOW FULL COLUMNS FROM `cmf_hook_plugin` [ RunTime:0.000435s ]
[2024-11-21T13:07:09+08:00][sql] SELECT `hook`,`plugin` FROM `cmf_hook_plugin` WHERE  `status` = 1  AND `hook` IN ('app_begin','module_init','action_begin','view_filter','app_end','log_write','response_end','admin_init','home_init','send_mobile_verification_code','body_start','before_head_end','footer_start','before_footer','before_footer_end','before_body_end','left_sidebar_start','before_left_sidebar_end','right_sidebar_start','before_right_sidebar_end','comment','guestbook','switch_theme','after_content','before_content','log_write_done','switch_admin_theme','captcha_image') ORDER BY `list_order` ASC [ RunTime:0.000397s ]
[2024-11-21T13:07:09+08:00][sql] CONNECT:[ UseTime:0.000294s ] mysql:host=43.241.16.146;port=3306;dbname=zhibo;charset=utf8mb4
[2024-11-21T13:07:09+08:00][sql] SHOW FULL COLUMNS FROM `cmf_hook` [ RunTime:0.000528s ]
[2024-11-21T13:07:09+08:00][sql] SELECT `hook`,`id` FROM `cmf_hook` WHERE  (  (  `app` = '' OR `app` = 'cmf' )  AND `type` = 3 ) OR `type` = 1 [ RunTime:0.000338s ]
[2024-11-21T13:07:09+08:00][sql] SHOW FULL COLUMNS FROM `cmf_hook_plugin` [ RunTime:0.000435s ]
[2024-11-21T13:07:09+08:00][sql] SELECT `hook`,`plugin` FROM `cmf_hook_plugin` WHERE  `status` = 1  AND `hook` IN ('app_begin','module_init','action_begin','view_filter','app_end','log_write','response_end','admin_init','home_init','send_mobile_verification_code','body_start','before_head_end','footer_start','before_footer','before_footer_end','before_body_end','left_sidebar_start','before_left_sidebar_end','right_sidebar_start','before_right_sidebar_end','comment','guestbook','switch_theme','after_content','before_content','log_write_done','switch_admin_theme','captcha_image') ORDER BY `list_order` ASC [ RunTime:0.000428s ]
[2024-11-21T13:07:22+08:00][sql] CONNECT:[ UseTime:0.000290s ] mysql:host=43.241.16.146;port=3306;dbname=zhibo;charset=utf8mb4
[2024-11-21T13:07:22+08:00][sql] SHOW FULL COLUMNS FROM `cmf_hook` [ RunTime:0.000526s ]
[2024-11-21T13:07:22+08:00][sql] SELECT `hook`,`id` FROM `cmf_hook` WHERE  (  (  `app` = '' OR `app` = 'cmf' )  AND `type` = 3 ) OR `type` = 1 [ RunTime:0.000376s ]
[2024-11-21T13:07:22+08:00][sql] SHOW FULL COLUMNS FROM `cmf_hook_plugin` [ RunTime:0.000503s ]
[2024-11-21T13:07:22+08:00][sql] SELECT `hook`,`plugin` FROM `cmf_hook_plugin` WHERE  `status` = 1  AND `hook` IN ('app_begin','module_init','action_begin','view_filter','app_end','log_write','response_end','admin_init','home_init','send_mobile_verification_code','body_start','before_head_end','footer_start','before_footer','before_footer_end','before_body_end','left_sidebar_start','before_left_sidebar_end','right_sidebar_start','before_right_sidebar_end','comment','guestbook','switch_theme','after_content','before_content','log_write_done','switch_admin_theme','captcha_image') ORDER BY `list_order` ASC [ RunTime:0.000463s ]
[2024-11-21T13:07:22+08:00][sql] SHOW FULL COLUMNS FROM `cmf_user` [ RunTime:0.000793s ]
[2024-11-21T13:07:22+08:00][sql] SELECT * FROM `cmf_user` WHERE  `id` = 1 LIMIT 1 [ RunTime:0.000475s ]
[2024-11-21T13:07:22+08:00][sql] SHOW FULL COLUMNS FROM `cmf_family` [ RunTime:0.000595s ]
[2024-11-21T13:07:22+08:00][sql] SELECT COUNT(*) AS think_count FROM `cmf_family` WHERE  `state` <> 3 LIMIT 1 [ RunTime:0.000288s ]
[2024-11-21T13:09:16+08:00][sql] CONNECT:[ UseTime:0.000326s ] mysql:host=43.241.16.146;port=3306;dbname=zhibo;charset=utf8mb4
[2024-11-21T13:09:16+08:00][sql] SHOW FULL COLUMNS FROM `cmf_hook` [ RunTime:0.000544s ]
[2024-11-21T13:09:16+08:00][sql] SELECT `hook`,`id` FROM `cmf_hook` WHERE  (  (  `app` = '' OR `app` = 'cmf' )  AND `type` = 3 ) OR `type` = 1 [ RunTime:0.000370s ]
[2024-11-21T13:09:16+08:00][sql] SHOW FULL COLUMNS FROM `cmf_hook_plugin` [ RunTime:0.000438s ]
[2024-11-21T13:09:16+08:00][sql] SELECT `hook`,`plugin` FROM `cmf_hook_plugin` WHERE  `status` = 1  AND `hook` IN ('app_begin','module_init','action_begin','view_filter','app_end','log_write','response_end','admin_init','home_init','send_mobile_verification_code','body_start','before_head_end','footer_start','before_footer','before_footer_end','before_body_end','left_sidebar_start','before_left_sidebar_end','right_sidebar_start','before_right_sidebar_end','comment','guestbook','switch_theme','after_content','before_content','log_write_done','switch_admin_theme','captcha_image') ORDER BY `list_order` ASC [ RunTime:0.000402s ]
[2024-11-21T13:09:16+08:00][sql] SHOW FULL COLUMNS FROM `cmf_user` [ RunTime:0.000668s ]
[2024-11-21T13:09:16+08:00][sql] SELECT * FROM `cmf_user` WHERE  `id` = 1 LIMIT 1 [ RunTime:0.000423s ]
[2024-11-21T13:09:16+08:00][sql] SHOW FULL COLUMNS FROM `cmf_family` [ RunTime:0.000537s ]
[2024-11-21T13:09:16+08:00][sql] SELECT COUNT(*) AS think_count FROM `cmf_family` WHERE  `state` <> 3 LIMIT 1 [ RunTime:0.000244s ]
[2024-11-21T13:09:18+08:00][sql] CONNECT:[ UseTime:0.000304s ] mysql:host=43.241.16.146;port=3306;dbname=zhibo;charset=utf8mb4
[2024-11-21T13:09:18+08:00][sql] SHOW FULL COLUMNS FROM `cmf_hook` [ RunTime:0.000502s ]
[2024-11-21T13:09:18+08:00][sql] SELECT `hook`,`id` FROM `cmf_hook` WHERE  (  (  `app` = '' OR `app` = 'cmf' )  AND `type` = 3 ) OR `type` = 1 [ RunTime:0.000342s ]
[2024-11-21T13:09:18+08:00][sql] SHOW FULL COLUMNS FROM `cmf_hook_plugin` [ RunTime:0.000452s ]
[2024-11-21T13:09:18+08:00][sql] SELECT `hook`,`plugin` FROM `cmf_hook_plugin` WHERE  `status` = 1  AND `hook` IN ('app_begin','module_init','action_begin','view_filter','app_end','log_write','response_end','admin_init','home_init','send_mobile_verification_code','body_start','before_head_end','footer_start','before_footer','before_footer_end','before_body_end','left_sidebar_start','before_left_sidebar_end','right_sidebar_start','before_right_sidebar_end','comment','guestbook','switch_theme','after_content','before_content','log_write_done','switch_admin_theme','captcha_image') ORDER BY `list_order` ASC [ RunTime:0.000406s ]
[2024-11-21T13:09:18+08:00][sql] SHOW FULL COLUMNS FROM `cmf_user` [ RunTime:0.000694s ]
[2024-11-21T13:09:18+08:00][sql] SELECT * FROM `cmf_user` WHERE  `id` = 1 LIMIT 1 [ RunTime:0.000430s ]
[2024-11-21T13:09:18+08:00][sql] SHOW FULL COLUMNS FROM `cmf_family` [ RunTime:0.000516s ]
[2024-11-21T13:09:18+08:00][sql] SELECT * FROM `cmf_family` WHERE  ( state=2 ) ORDER BY `id` DESC [ RunTime:0.000279s ]
[2024-11-21T13:09:18+08:00][sql] SHOW FULL COLUMNS FROM `cmf_family_user` [ RunTime:0.000472s ]
[2024-11-21T13:09:18+08:00][sql] SELECT COUNT(*) AS think_count FROM `cmf_family_user` WHERE  `state` <> 3 LIMIT 1 [ RunTime:0.000243s ]
[2024-11-21T13:09:21+08:00][sql] CONNECT:[ UseTime:0.000270s ] mysql:host=43.241.16.146;port=3306;dbname=zhibo;charset=utf8mb4
[2024-11-21T13:09:21+08:00][sql] SHOW FULL COLUMNS FROM `cmf_hook` [ RunTime:0.000460s ]
[2024-11-21T13:09:21+08:00][sql] SELECT `hook`,`id` FROM `cmf_hook` WHERE  (  (  `app` = '' OR `app` = 'cmf' )  AND `type` = 3 ) OR `type` = 1 [ RunTime:0.000329s ]
[2024-11-21T13:09:21+08:00][sql] SHOW FULL COLUMNS FROM `cmf_hook_plugin` [ RunTime:0.000436s ]
[2024-11-21T13:09:21+08:00][sql] SELECT `hook`,`plugin` FROM `cmf_hook_plugin` WHERE  `status` = 1  AND `hook` IN ('app_begin','module_init','action_begin','view_filter','app_end','log_write','response_end','admin_init','home_init','send_mobile_verification_code','body_start','before_head_end','footer_start','before_footer','before_footer_end','before_body_end','left_sidebar_start','before_left_sidebar_end','right_sidebar_start','before_right_sidebar_end','comment','guestbook','switch_theme','after_content','before_content','log_write_done','switch_admin_theme','captcha_image') ORDER BY `list_order` ASC [ RunTime:0.000391s ]
[2024-11-21T13:09:21+08:00][sql] SHOW FULL COLUMNS FROM `cmf_user` [ RunTime:0.000677s ]
[2024-11-21T13:09:21+08:00][sql] SELECT * FROM `cmf_user` WHERE  `id` = 1 LIMIT 1 [ RunTime:0.000414s ]
[2024-11-21T13:09:21+08:00][sql] SHOW FULL COLUMNS FROM `cmf_family` [ RunTime:0.000494s ]
[2024-11-21T13:09:21+08:00][sql] SELECT * FROM `cmf_family` WHERE  ( state=2 ) ORDER BY `id` DESC [ RunTime:0.000278s ]
[2024-11-21T13:09:21+08:00][sql] SHOW FULL COLUMNS FROM `cmf_family_user_divide_apply` [ RunTime:0.000461s ]
[2024-11-21T13:09:21+08:00][sql] SELECT COUNT(*) AS think_count FROM `cmf_family_user_divide_apply` LIMIT 1 [ RunTime:0.000209s ]
[2024-11-21T13:09:26+08:00][sql] CONNECT:[ UseTime:0.000289s ] mysql:host=43.241.16.146;port=3306;dbname=zhibo;charset=utf8mb4
[2024-11-21T13:09:26+08:00][sql] SHOW FULL COLUMNS FROM `cmf_hook` [ RunTime:0.000479s ]
[2024-11-21T13:09:26+08:00][sql] SELECT `hook`,`id` FROM `cmf_hook` WHERE  (  (  `app` = '' OR `app` = 'cmf' )  AND `type` = 3 ) OR `type` = 1 [ RunTime:0.000342s ]
[2024-11-21T13:09:26+08:00][sql] SHOW FULL COLUMNS FROM `cmf_hook_plugin` [ RunTime:0.000433s ]
[2024-11-21T13:09:26+08:00][sql] SELECT `hook`,`plugin` FROM `cmf_hook_plugin` WHERE  `status` = 1  AND `hook` IN ('app_begin','module_init','action_begin','view_filter','app_end','log_write','response_end','admin_init','home_init','send_mobile_verification_code','body_start','before_head_end','footer_start','before_footer','before_footer_end','before_body_end','left_sidebar_start','before_left_sidebar_end','right_sidebar_start','before_right_sidebar_end','comment','guestbook','switch_theme','after_content','before_content','log_write_done','switch_admin_theme','captcha_image') ORDER BY `list_order` ASC [ RunTime:0.000399s ]
[2024-11-21T13:09:26+08:00][sql] SHOW FULL COLUMNS FROM `cmf_user` [ RunTime:0.000686s ]
[2024-11-21T13:09:26+08:00][sql] SELECT * FROM `cmf_user` WHERE  `id` = 1 LIMIT 1 [ RunTime:0.000423s ]
[2024-11-21T13:09:26+08:00][sql] SHOW FULL COLUMNS FROM `cmf_loginbonus` [ RunTime:0.001158s ]
[2024-11-21T13:09:26+08:00][sql] SELECT COUNT(*) AS think_count FROM `cmf_loginbonus` LIMIT 1 [ RunTime:0.000217s ]
[2024-11-21T13:09:26+08:00][sql] SELECT * FROM `cmf_loginbonus` ORDER BY `day` ASC LIMIT 0,20 [ RunTime:0.000234s ]
[2024-11-21T13:09:36+08:00][sql] CONNECT:[ UseTime:0.000279s ] mysql:host=43.241.16.146;port=3306;dbname=zhibo;charset=utf8mb4
[2024-11-21T13:09:36+08:00][sql] SHOW FULL COLUMNS FROM `cmf_hook` [ RunTime:0.000480s ]
[2024-11-21T13:09:36+08:00][sql] SELECT `hook`,`id` FROM `cmf_hook` WHERE  (  (  `app` = '' OR `app` = 'cmf' )  AND `type` = 3 ) OR `type` = 1 [ RunTime:0.000330s ]
[2024-11-21T13:09:36+08:00][sql] SHOW FULL COLUMNS FROM `cmf_hook_plugin` [ RunTime:0.000437s ]
[2024-11-21T13:09:36+08:00][sql] SELECT `hook`,`plugin` FROM `cmf_hook_plugin` WHERE  `status` = 1  AND `hook` IN ('app_begin','module_init','action_begin','view_filter','app_end','log_write','response_end','admin_init','home_init','send_mobile_verification_code','body_start','before_head_end','footer_start','before_footer','before_footer_end','before_body_end','left_sidebar_start','before_left_sidebar_end','right_sidebar_start','before_right_sidebar_end','comment','guestbook','switch_theme','after_content','before_content','log_write_done','switch_admin_theme','captcha_image') ORDER BY `list_order` ASC [ RunTime:0.000414s ]
[2024-11-21T13:09:36+08:00][sql] SHOW FULL COLUMNS FROM `cmf_user` [ RunTime:0.000674s ]
[2024-11-21T13:09:36+08:00][sql] SELECT * FROM `cmf_user` WHERE  `id` = 1 LIMIT 1 [ RunTime:0.000415s ]
[2024-11-21T13:09:36+08:00][sql] SHOW FULL COLUMNS FROM `cmf_paidprogram` [ RunTime:0.000526s ]
[2024-11-21T13:09:36+08:00][sql] SELECT COUNT(*) AS think_count FROM `cmf_paidprogram` LIMIT 1 [ RunTime:0.000241s ]
[2024-11-21T13:09:40+08:00][sql] CONNECT:[ UseTime:0.000300s ] mysql:host=43.241.16.146;port=3306;dbname=zhibo;charset=utf8mb4
[2024-11-21T13:09:40+08:00][sql] SHOW FULL COLUMNS FROM `cmf_hook` [ RunTime:0.000529s ]
[2024-11-21T13:09:40+08:00][sql] SELECT `hook`,`id` FROM `cmf_hook` WHERE  (  (  `app` = '' OR `app` = 'cmf' )  AND `type` = 3 ) OR `type` = 1 [ RunTime:0.000350s ]
[2024-11-21T13:09:40+08:00][sql] SHOW FULL COLUMNS FROM `cmf_hook_plugin` [ RunTime:0.000439s ]
[2024-11-21T13:09:40+08:00][sql] SELECT `hook`,`plugin` FROM `cmf_hook_plugin` WHERE  `status` = 1  AND `hook` IN ('app_begin','module_init','action_begin','view_filter','app_end','log_write','response_end','admin_init','home_init','send_mobile_verification_code','body_start','before_head_end','footer_start','before_footer','before_footer_end','before_body_end','left_sidebar_start','before_left_sidebar_end','right_sidebar_start','before_right_sidebar_end','comment','guestbook','switch_theme','after_content','before_content','log_write_done','switch_admin_theme','captcha_image') ORDER BY `list_order` ASC [ RunTime:0.000417s ]
[2024-11-21T13:09:40+08:00][sql] SHOW FULL COLUMNS FROM `cmf_user` [ RunTime:0.000682s ]
[2024-11-21T13:09:40+08:00][sql] SELECT * FROM `cmf_user` WHERE  `id` = 1 LIMIT 1 [ RunTime:0.000425s ]
[2024-11-21T13:09:40+08:00][sql] SHOW FULL COLUMNS FROM `cmf_paidprogram` [ RunTime:0.000542s ]
[2024-11-21T13:09:40+08:00][sql] SELECT COUNT(*) AS think_count FROM `cmf_paidprogram` LIMIT 1 [ RunTime:0.000210s ]
[2024-11-21T13:09:42+08:00][sql] CONNECT:[ UseTime:0.000270s ] mysql:host=43.241.16.146;port=3306;dbname=zhibo;charset=utf8mb4
[2024-11-21T13:09:42+08:00][sql] SHOW FULL COLUMNS FROM `cmf_hook` [ RunTime:0.000454s ]
[2024-11-21T13:09:42+08:00][sql] SELECT `hook`,`id` FROM `cmf_hook` WHERE  (  (  `app` = '' OR `app` = 'cmf' )  AND `type` = 3 ) OR `type` = 1 [ RunTime:0.000327s ]
[2024-11-21T13:09:42+08:00][sql] SHOW FULL COLUMNS FROM `cmf_hook_plugin` [ RunTime:0.000434s ]
[2024-11-21T13:09:42+08:00][sql] SELECT `hook`,`plugin` FROM `cmf_hook_plugin` WHERE  `status` = 1  AND `hook` IN ('app_begin','module_init','action_begin','view_filter','app_end','log_write','response_end','admin_init','home_init','send_mobile_verification_code','body_start','before_head_end','footer_start','before_footer','before_footer_end','before_body_end','left_sidebar_start','before_left_sidebar_end','right_sidebar_start','before_right_sidebar_end','comment','guestbook','switch_theme','after_content','before_content','log_write_done','switch_admin_theme','captcha_image') ORDER BY `list_order` ASC [ RunTime:0.000383s ]
[2024-11-21T13:09:42+08:00][sql] SHOW FULL COLUMNS FROM `cmf_user` [ RunTime:0.000678s ]
[2024-11-21T13:09:42+08:00][sql] SELECT * FROM `cmf_user` WHERE  `id` = 1 LIMIT 1 [ RunTime:0.000422s ]
[2024-11-21T13:09:42+08:00][sql] SHOW FULL COLUMNS FROM `cmf_paidprogram_apply` [ RunTime:0.000434s ]
[2024-11-21T13:09:42+08:00][sql] SELECT COUNT(*) AS think_count FROM `cmf_paidprogram_apply` LIMIT 1 [ RunTime:0.000200s ]
[2024-11-21T13:09:43+08:00][sql] CONNECT:[ UseTime:0.000270s ] mysql:host=43.241.16.146;port=3306;dbname=zhibo;charset=utf8mb4
[2024-11-21T13:09:43+08:00][sql] SHOW FULL COLUMNS FROM `cmf_hook` [ RunTime:0.000458s ]
[2024-11-21T13:09:43+08:00][sql] SELECT `hook`,`id` FROM `cmf_hook` WHERE  (  (  `app` = '' OR `app` = 'cmf' )  AND `type` = 3 ) OR `type` = 1 [ RunTime:0.000331s ]
[2024-11-21T13:09:43+08:00][sql] SHOW FULL COLUMNS FROM `cmf_hook_plugin` [ RunTime:0.000432s ]
[2024-11-21T13:09:43+08:00][sql] SELECT `hook`,`plugin` FROM `cmf_hook_plugin` WHERE  `status` = 1  AND `hook` IN ('app_begin','module_init','action_begin','view_filter','app_end','log_write','response_end','admin_init','home_init','send_mobile_verification_code','body_start','before_head_end','footer_start','before_footer','before_footer_end','before_body_end','left_sidebar_start','before_left_sidebar_end','right_sidebar_start','before_right_sidebar_end','comment','guestbook','switch_theme','after_content','before_content','log_write_done','switch_admin_theme','captcha_image') ORDER BY `list_order` ASC [ RunTime:0.000390s ]
[2024-11-21T13:09:43+08:00][sql] SHOW FULL COLUMNS FROM `cmf_user` [ RunTime:0.000673s ]
[2024-11-21T13:09:43+08:00][sql] SELECT * FROM `cmf_user` WHERE  `id` = 1 LIMIT 1 [ RunTime:0.000419s ]
[2024-11-21T13:09:43+08:00][sql] SHOW FULL COLUMNS FROM `cmf_paidprogram_order` [ RunTime:0.002359s ]
[2024-11-21T13:09:43+08:00][sql] SELECT COUNT(*) AS think_count FROM `cmf_paidprogram_order` LIMIT 1 [ RunTime:0.000292s ]
[2024-11-21T13:09:46+08:00][sql] CONNECT:[ UseTime:0.000274s ] mysql:host=43.241.16.146;port=3306;dbname=zhibo;charset=utf8mb4
[2024-11-21T13:09:46+08:00][sql] SHOW FULL COLUMNS FROM `cmf_hook` [ RunTime:0.000477s ]
[2024-11-21T13:09:46+08:00][sql] SELECT `hook`,`id` FROM `cmf_hook` WHERE  (  (  `app` = '' OR `app` = 'cmf' )  AND `type` = 3 ) OR `type` = 1 [ RunTime:0.000341s ]
[2024-11-21T13:09:46+08:00][sql] SHOW FULL COLUMNS FROM `cmf_hook_plugin` [ RunTime:0.000430s ]
[2024-11-21T13:09:46+08:00][sql] SELECT `hook`,`plugin` FROM `cmf_hook_plugin` WHERE  `status` = 1  AND `hook` IN ('app_begin','module_init','action_begin','view_filter','app_end','log_write','response_end','admin_init','home_init','send_mobile_verification_code','body_start','before_head_end','footer_start','before_footer','before_footer_end','before_body_end','left_sidebar_start','before_left_sidebar_end','right_sidebar_start','before_right_sidebar_end','comment','guestbook','switch_theme','after_content','before_content','log_write_done','switch_admin_theme','captcha_image') ORDER BY `list_order` ASC [ RunTime:0.000389s ]
[2024-11-21T13:09:46+08:00][sql] SHOW FULL COLUMNS FROM `cmf_user` [ RunTime:0.000682s ]
[2024-11-21T13:09:46+08:00][sql] SELECT * FROM `cmf_user` WHERE  `id` = 1 LIMIT 1 [ RunTime:0.000412s ]
[2024-11-21T13:09:46+08:00][sql] SHOW FULL COLUMNS FROM `cmf_level` [ RunTime:0.001206s ]
[2024-11-21T13:09:46+08:00][sql] SELECT COUNT(*) AS think_count FROM `cmf_level` LIMIT 1 [ RunTime:0.000234s ]
[2024-11-21T13:09:46+08:00][sql] SELECT * FROM `cmf_level` ORDER BY `levelid` ASC LIMIT 0,20 [ RunTime:0.000297s ]
[2024-11-21T13:09:46+08:00][sql] SHOW FULL COLUMNS FROM `cmf_plugin` [ RunTime:0.000545s ]
[2024-11-21T13:09:46+08:00][sql] SELECT `config` FROM `cmf_plugin` WHERE  `name` = 'Qiniu' LIMIT 1 [ RunTime:0.000244s ]
[2024-11-21T13:09:46+08:00][sql] CONNECT:[ UseTime:0.000285s ] mysql:host=43.241.16.146;port=3306;dbname=zhibo;charset=utf8mb4
[2024-11-21T13:09:46+08:00][sql] SHOW FULL COLUMNS FROM `cmf_hook` [ RunTime:0.000502s ]
[2024-11-21T13:09:46+08:00][sql] SELECT `hook`,`id` FROM `cmf_hook` WHERE  (  (  `app` = '' OR `app` = 'cmf' )  AND `type` = 3 ) OR `type` = 1 [ RunTime:0.000346s ]
[2024-11-21T13:09:46+08:00][sql] SHOW FULL COLUMNS FROM `cmf_hook_plugin` [ RunTime:0.000476s ]
[2024-11-21T13:09:46+08:00][sql] SELECT `hook`,`plugin` FROM `cmf_hook_plugin` WHERE  `status` = 1  AND `hook` IN ('app_begin','module_init','action_begin','view_filter','app_end','log_write','response_end','admin_init','home_init','send_mobile_verification_code','body_start','before_head_end','footer_start','before_footer','before_footer_end','before_body_end','left_sidebar_start','before_left_sidebar_end','right_sidebar_start','before_right_sidebar_end','comment','guestbook','switch_theme','after_content','before_content','log_write_done','switch_admin_theme','captcha_image') ORDER BY `list_order` ASC [ RunTime:0.000427s ]
[2024-11-21T13:09:54+08:00][sql] CONNECT:[ UseTime:0.000298s ] mysql:host=43.241.16.146;port=3306;dbname=zhibo;charset=utf8mb4
[2024-11-21T13:09:54+08:00][sql] SHOW FULL COLUMNS FROM `cmf_hook` [ RunTime:0.000496s ]
[2024-11-21T13:09:54+08:00][sql] SELECT `hook`,`id` FROM `cmf_hook` WHERE  (  (  `app` = '' OR `app` = 'cmf' )  AND `type` = 3 ) OR `type` = 1 [ RunTime:0.000344s ]
[2024-11-21T13:09:54+08:00][sql] SHOW FULL COLUMNS FROM `cmf_hook_plugin` [ RunTime:0.000438s ]
[2024-11-21T13:09:54+08:00][sql] SELECT `hook`,`plugin` FROM `cmf_hook_plugin` WHERE  `status` = 1  AND `hook` IN ('app_begin','module_init','action_begin','view_filter','app_end','log_write','response_end','admin_init','home_init','send_mobile_verification_code','body_start','before_head_end','footer_start','before_footer','before_footer_end','before_body_end','left_sidebar_start','before_left_sidebar_end','right_sidebar_start','before_right_sidebar_end','comment','guestbook','switch_theme','after_content','before_content','log_write_done','switch_admin_theme','captcha_image') ORDER BY `list_order` ASC [ RunTime:0.000396s ]
[2024-11-21T13:09:54+08:00][sql] SHOW FULL COLUMNS FROM `cmf_user` [ RunTime:0.000676s ]
[2024-11-21T13:09:54+08:00][sql] SELECT * FROM `cmf_user` WHERE  `id` = 1 LIMIT 1 [ RunTime:0.000424s ]
[2024-11-21T13:09:54+08:00][sql] SHOW FULL COLUMNS FROM `cmf_xqtb_gift` [ RunTime:0.002084s ]
[2024-11-21T13:09:54+08:00][sql] SELECT COUNT(*) AS think_count FROM `cmf_xqtb_gift` LIMIT 1 [ RunTime:0.000222s ]
[2024-11-21T13:09:54+08:00][sql] SELECT * FROM `cmf_xqtb_gift` ORDER BY `list_order` ASC LIMIT 0,20 [ RunTime:0.000282s ]
[2024-11-21T13:09:54+08:00][sql] SHOW FULL COLUMNS FROM `cmf_gift` [ RunTime:0.001083s ]
[2024-11-21T13:09:54+08:00][sql] SELECT `giftname`,`gifticon`,`needcoin` FROM `cmf_gift` WHERE  `id` = 6 LIMIT 1 [ RunTime:0.000258s ]
[2024-11-21T13:09:54+08:00][sql] SELECT `giftname`,`gifticon`,`needcoin` FROM `cmf_gift` WHERE  `id` = 16 LIMIT 1 [ RunTime:0.000231s ]
[2024-11-21T13:09:54+08:00][sql] SELECT `giftname`,`gifticon`,`needcoin` FROM `cmf_gift` WHERE  `id` = 74 LIMIT 1 [ RunTime:0.000220s ]
[2024-11-21T13:09:54+08:00][sql] SELECT `giftname`,`gifticon`,`needcoin` FROM `cmf_gift` WHERE  `id` = 21 LIMIT 1 [ RunTime:0.000224s ]
[2024-11-21T13:09:54+08:00][sql] SELECT `giftname`,`gifticon`,`needcoin` FROM `cmf_gift` WHERE  `id` = 28 LIMIT 1 [ RunTime:0.000215s ]
[2024-11-21T13:09:54+08:00][sql] SELECT `giftname`,`gifticon`,`needcoin` FROM `cmf_gift` WHERE  `id` = 2 LIMIT 1 [ RunTime:0.000217s ]
[2024-11-21T13:09:55+08:00][sql] CONNECT:[ UseTime:0.000281s ] mysql:host=43.241.16.146;port=3306;dbname=zhibo;charset=utf8mb4
[2024-11-21T13:09:55+08:00][sql] SHOW FULL COLUMNS FROM `cmf_hook` [ RunTime:0.000480s ]
[2024-11-21T13:09:55+08:00][sql] SELECT `hook`,`id` FROM `cmf_hook` WHERE  (  (  `app` = '' OR `app` = 'cmf' )  AND `type` = 3 ) OR `type` = 1 [ RunTime:0.000340s ]
[2024-11-21T13:09:55+08:00][sql] SHOW FULL COLUMNS FROM `cmf_hook_plugin` [ RunTime:0.000450s ]
[2024-11-21T13:09:55+08:00][sql] SELECT `hook`,`plugin` FROM `cmf_hook_plugin` WHERE  `status` = 1  AND `hook` IN ('app_begin','module_init','action_begin','view_filter','app_end','log_write','response_end','admin_init','home_init','send_mobile_verification_code','body_start','before_head_end','footer_start','before_footer','before_footer_end','before_body_end','left_sidebar_start','before_left_sidebar_end','right_sidebar_start','before_right_sidebar_end','comment','guestbook','switch_theme','after_content','before_content','log_write_done','switch_admin_theme','captcha_image') ORDER BY `list_order` ASC [ RunTime:0.000410s ]
[2024-11-21T13:09:55+08:00][sql] SHOW FULL COLUMNS FROM `cmf_user` [ RunTime:0.000684s ]
[2024-11-21T13:09:55+08:00][sql] SELECT * FROM `cmf_user` WHERE  `id` = 1 LIMIT 1 [ RunTime:0.000425s ]
[2024-11-21T13:09:55+08:00][sql] SHOW FULL COLUMNS FROM `cmf_xqtb_win_list` [ RunTime:0.002184s ]
[2024-11-21T13:09:55+08:00][sql] SELECT COUNT(*) AS think_count FROM `cmf_xqtb_win_list` LIMIT 1 [ RunTime:0.000218s ]
[2024-11-21T13:09:57+08:00][sql] CONNECT:[ UseTime:0.000270s ] mysql:host=43.241.16.146;port=3306;dbname=zhibo;charset=utf8mb4
[2024-11-21T13:09:57+08:00][sql] SHOW FULL COLUMNS FROM `cmf_hook` [ RunTime:0.000474s ]
[2024-11-21T13:09:57+08:00][sql] SELECT `hook`,`id` FROM `cmf_hook` WHERE  (  (  `app` = '' OR `app` = 'cmf' )  AND `type` = 3 ) OR `type` = 1 [ RunTime:0.000329s ]
[2024-11-21T13:09:57+08:00][sql] SHOW FULL COLUMNS FROM `cmf_hook_plugin` [ RunTime:0.000438s ]
[2024-11-21T13:09:57+08:00][sql] SELECT `hook`,`plugin` FROM `cmf_hook_plugin` WHERE  `status` = 1  AND `hook` IN ('app_begin','module_init','action_begin','view_filter','app_end','log_write','response_end','admin_init','home_init','send_mobile_verification_code','body_start','before_head_end','footer_start','before_footer','before_footer_end','before_body_end','left_sidebar_start','before_left_sidebar_end','right_sidebar_start','before_right_sidebar_end','comment','guestbook','switch_theme','after_content','before_content','log_write_done','switch_admin_theme','captcha_image') ORDER BY `list_order` ASC [ RunTime:0.000390s ]
[2024-11-21T13:09:57+08:00][sql] SHOW FULL COLUMNS FROM `cmf_user` [ RunTime:0.000680s ]
[2024-11-21T13:09:57+08:00][sql] SELECT * FROM `cmf_user` WHERE  `id` = 1 LIMIT 1 [ RunTime:0.000419s ]
[2024-11-21T13:09:57+08:00][sql] SHOW FULL COLUMNS FROM `cmf_xydzp_gift` [ RunTime:0.002120s ]
[2024-11-21T13:09:57+08:00][sql] SELECT COUNT(*) AS think_count FROM `cmf_xydzp_gift` LIMIT 1 [ RunTime:0.000219s ]
[2024-11-21T13:09:57+08:00][sql] SELECT * FROM `cmf_xydzp_gift` ORDER BY `list_order` ASC LIMIT 0,20 [ RunTime:0.000266s ]
[2024-11-21T13:09:57+08:00][sql] SHOW FULL COLUMNS FROM `cmf_gift` [ RunTime:0.000551s ]
[2024-11-21T13:09:57+08:00][sql] SELECT `giftname`,`gifticon`,`needcoin` FROM `cmf_gift` WHERE  `id` = 1 LIMIT 1 [ RunTime:0.000248s ]
[2024-11-21T13:09:57+08:00][sql] SELECT `giftname`,`gifticon`,`needcoin` FROM `cmf_gift` WHERE  `id` = 11 LIMIT 1 [ RunTime:0.000225s ]
[2024-11-21T13:09:57+08:00][sql] SELECT `giftname`,`gifticon`,`needcoin` FROM `cmf_gift` WHERE  `id` = 12 LIMIT 1 [ RunTime:0.000218s ]
[2024-11-21T13:09:57+08:00][sql] SELECT `giftname`,`gifticon`,`needcoin` FROM `cmf_gift` WHERE  `id` = 22 LIMIT 1 [ RunTime:0.000213s ]
[2024-11-21T13:09:57+08:00][sql] SELECT `giftname`,`gifticon`,`needcoin` FROM `cmf_gift` WHERE  `id` = 4 LIMIT 1 [ RunTime:0.000212s ]
[2024-11-21T13:09:57+08:00][sql] SELECT `giftname`,`gifticon`,`needcoin` FROM `cmf_gift` WHERE  `id` = 118 LIMIT 1 [ RunTime:0.000208s ]
[2024-11-21T13:09:58+08:00][sql] CONNECT:[ UseTime:0.000281s ] mysql:host=43.241.16.146;port=3306;dbname=zhibo;charset=utf8mb4
[2024-11-21T13:09:58+08:00][sql] SHOW FULL COLUMNS FROM `cmf_hook` [ RunTime:0.000488s ]
[2024-11-21T13:09:58+08:00][sql] SELECT `hook`,`id` FROM `cmf_hook` WHERE  (  (  `app` = '' OR `app` = 'cmf' )  AND `type` = 3 ) OR `type` = 1 [ RunTime:0.000341s ]
[2024-11-21T13:09:58+08:00][sql] SHOW FULL COLUMNS FROM `cmf_hook_plugin` [ RunTime:0.000459s ]
[2024-11-21T13:09:58+08:00][sql] SELECT `hook`,`plugin` FROM `cmf_hook_plugin` WHERE  `status` = 1  AND `hook` IN ('app_begin','module_init','action_begin','view_filter','app_end','log_write','response_end','admin_init','home_init','send_mobile_verification_code','body_start','before_head_end','footer_start','before_footer','before_footer_end','before_body_end','left_sidebar_start','before_left_sidebar_end','right_sidebar_start','before_right_sidebar_end','comment','guestbook','switch_theme','after_content','before_content','log_write_done','switch_admin_theme','captcha_image') ORDER BY `list_order` ASC [ RunTime:0.000414s ]
[2024-11-21T13:09:59+08:00][sql] CONNECT:[ UseTime:0.000275s ] mysql:host=43.241.16.146;port=3306;dbname=zhibo;charset=utf8mb4
[2024-11-21T13:09:59+08:00][sql] SHOW FULL COLUMNS FROM `cmf_hook` [ RunTime:0.000477s ]
[2024-11-21T13:09:59+08:00][sql] SELECT `hook`,`id` FROM `cmf_hook` WHERE  (  (  `app` = '' OR `app` = 'cmf' )  AND `type` = 3 ) OR `type` = 1 [ RunTime:0.000331s ]
[2024-11-21T13:09:59+08:00][sql] SHOW FULL COLUMNS FROM `cmf_hook_plugin` [ RunTime:0.000430s ]
[2024-11-21T13:09:59+08:00][sql] SELECT `hook`,`plugin` FROM `cmf_hook_plugin` WHERE  `status` = 1  AND `hook` IN ('app_begin','module_init','action_begin','view_filter','app_end','log_write','response_end','admin_init','home_init','send_mobile_verification_code','body_start','before_head_end','footer_start','before_footer','before_footer_end','before_body_end','left_sidebar_start','before_left_sidebar_end','right_sidebar_start','before_right_sidebar_end','comment','guestbook','switch_theme','after_content','before_content','log_write_done','switch_admin_theme','captcha_image') ORDER BY `list_order` ASC [ RunTime:0.000401s ]
[2024-11-21T13:09:59+08:00][sql] SHOW FULL COLUMNS FROM `cmf_user` [ RunTime:0.000706s ]
[2024-11-21T13:09:59+08:00][sql] SELECT * FROM `cmf_user` WHERE  `id` = 1 LIMIT 1 [ RunTime:0.000428s ]
[2024-11-21T13:09:59+08:00][sql] SHOW FULL COLUMNS FROM `cmf_xydzp_win_list` [ RunTime:0.002071s ]
[2024-11-21T13:09:59+08:00][sql] SELECT COUNT(*) AS think_count FROM `cmf_xydzp_win_list` LIMIT 1 [ RunTime:0.000212s ]
[2024-11-21T13:10:09+08:00][sql] CONNECT:[ UseTime:0.000289s ] mysql:host=43.241.16.146;port=3306;dbname=zhibo;charset=utf8mb4
[2024-11-21T13:10:09+08:00][sql] SHOW FULL COLUMNS FROM `cmf_hook` [ RunTime:0.000494s ]
[2024-11-21T13:10:09+08:00][sql] SELECT `hook`,`id` FROM `cmf_hook` WHERE  (  (  `app` = '' OR `app` = 'cmf' )  AND `type` = 3 ) OR `type` = 1 [ RunTime:0.000338s ]
[2024-11-21T13:10:09+08:00][sql] SHOW FULL COLUMNS FROM `cmf_hook_plugin` [ RunTime:0.000459s ]
[2024-11-21T13:10:09+08:00][sql] SELECT `hook`,`plugin` FROM `cmf_hook_plugin` WHERE  `status` = 1  AND `hook` IN ('app_begin','module_init','action_begin','view_filter','app_end','log_write','response_end','admin_init','home_init','send_mobile_verification_code','body_start','before_head_end','footer_start','before_footer','before_footer_end','before_body_end','left_sidebar_start','before_left_sidebar_end','right_sidebar_start','before_right_sidebar_end','comment','guestbook','switch_theme','after_content','before_content','log_write_done','switch_admin_theme','captcha_image') ORDER BY `list_order` ASC [ RunTime:0.000410s ]
[2024-11-21T13:10:09+08:00][sql] SHOW FULL COLUMNS FROM `cmf_user` [ RunTime:0.000693s ]
[2024-11-21T13:10:09+08:00][sql] SELECT * FROM `cmf_user` WHERE  `id` = 1 LIMIT 1 [ RunTime:0.000435s ]
[2024-11-21T13:10:09+08:00][sql] SHOW FULL COLUMNS FROM `cmf_family` [ RunTime:0.000508s ]
[2024-11-21T13:10:09+08:00][sql] SELECT COUNT(*) AS think_count FROM `cmf_family` WHERE  `state` <> 3 LIMIT 1 [ RunTime:0.000254s ]
[2024-11-21T13:10:11+08:00][sql] CONNECT:[ UseTime:0.000321s ] mysql:host=43.241.16.146;port=3306;dbname=zhibo;charset=utf8mb4
[2024-11-21T13:10:11+08:00][sql] SHOW FULL COLUMNS FROM `cmf_hook` [ RunTime:0.000490s ]
[2024-11-21T13:10:11+08:00][sql] SELECT `hook`,`id` FROM `cmf_hook` WHERE  (  (  `app` = '' OR `app` = 'cmf' )  AND `type` = 3 ) OR `type` = 1 [ RunTime:0.000337s ]
[2024-11-21T13:10:11+08:00][sql] SHOW FULL COLUMNS FROM `cmf_hook_plugin` [ RunTime:0.000435s ]
[2024-11-21T13:10:11+08:00][sql] SELECT `hook`,`plugin` FROM `cmf_hook_plugin` WHERE  `status` = 1  AND `hook` IN ('app_begin','module_init','action_begin','view_filter','app_end','log_write','response_end','admin_init','home_init','send_mobile_verification_code','body_start','before_head_end','footer_start','before_footer','before_footer_end','before_body_end','left_sidebar_start','before_left_sidebar_end','right_sidebar_start','before_right_sidebar_end','comment','guestbook','switch_theme','after_content','before_content','log_write_done','switch_admin_theme','captcha_image') ORDER BY `list_order` ASC [ RunTime:0.000406s ]
[2024-11-21T13:10:11+08:00][sql] SHOW FULL COLUMNS FROM `cmf_user` [ RunTime:0.000687s ]
[2024-11-21T13:10:11+08:00][sql] SELECT * FROM `cmf_user` WHERE  `id` = 1 LIMIT 1 [ RunTime:0.000423s ]
[2024-11-21T13:10:11+08:00][sql] SHOW FULL COLUMNS FROM `cmf_family` [ RunTime:0.000500s ]
[2024-11-21T13:10:11+08:00][sql] SELECT * FROM `cmf_family` WHERE  ( state=2 ) ORDER BY `id` DESC [ RunTime:0.000279s ]
[2024-11-21T13:10:11+08:00][sql] SHOW FULL COLUMNS FROM `cmf_family_user` [ RunTime:0.000460s ]
[2024-11-21T13:10:11+08:00][sql] SELECT COUNT(*) AS think_count FROM `cmf_family_user` WHERE  `state` <> 3 LIMIT 1 [ RunTime:0.000248s ]
[2024-11-21T13:10:12+08:00][sql] CONNECT:[ UseTime:0.000279s ] mysql:host=43.241.16.146;port=3306;dbname=zhibo;charset=utf8mb4
[2024-11-21T13:10:12+08:00][sql] SHOW FULL COLUMNS FROM `cmf_hook` [ RunTime:0.000466s ]
[2024-11-21T13:10:12+08:00][sql] SELECT `hook`,`id` FROM `cmf_hook` WHERE  (  (  `app` = '' OR `app` = 'cmf' )  AND `type` = 3 ) OR `type` = 1 [ RunTime:0.000335s ]
[2024-11-21T13:10:12+08:00][sql] SHOW FULL COLUMNS FROM `cmf_hook_plugin` [ RunTime:0.000441s ]
[2024-11-21T13:10:12+08:00][sql] SELECT `hook`,`plugin` FROM `cmf_hook_plugin` WHERE  `status` = 1  AND `hook` IN ('app_begin','module_init','action_begin','view_filter','app_end','log_write','response_end','admin_init','home_init','send_mobile_verification_code','body_start','before_head_end','footer_start','before_footer','before_footer_end','before_body_end','left_sidebar_start','before_left_sidebar_end','right_sidebar_start','before_right_sidebar_end','comment','guestbook','switch_theme','after_content','before_content','log_write_done','switch_admin_theme','captcha_image') ORDER BY `list_order` ASC [ RunTime:0.000400s ]
[2024-11-21T13:10:12+08:00][sql] SHOW FULL COLUMNS FROM `cmf_user` [ RunTime:0.000678s ]
[2024-11-21T13:10:12+08:00][sql] SELECT * FROM `cmf_user` WHERE  `id` = 1 LIMIT 1 [ RunTime:0.000419s ]
[2024-11-21T13:10:12+08:00][sql] SHOW FULL COLUMNS FROM `cmf_family` [ RunTime:0.000497s ]
[2024-11-21T13:10:12+08:00][sql] SELECT * FROM `cmf_family` WHERE  ( state=2 ) ORDER BY `id` DESC [ RunTime:0.000284s ]
[2024-11-21T13:10:12+08:00][sql] SHOW FULL COLUMNS FROM `cmf_family_user_divide_apply` [ RunTime:0.000462s ]
[2024-11-21T13:10:12+08:00][sql] SELECT COUNT(*) AS think_count FROM `cmf_family_user_divide_apply` LIMIT 1 [ RunTime:0.000210s ]
[2024-11-21T13:10:35+08:00][sql] CONNECT:[ UseTime:0.000304s ] mysql:host=43.241.16.146;port=3306;dbname=zhibo;charset=utf8mb4
[2024-11-21T13:10:35+08:00][sql] SHOW FULL COLUMNS FROM `cmf_hook` [ RunTime:0.000518s ]
[2024-11-21T13:10:35+08:00][sql] SELECT `hook`,`id` FROM `cmf_hook` WHERE  (  (  `app` = '' OR `app` = 'cmf' )  AND `type` = 3 ) OR `type` = 1 [ RunTime:0.000353s ]
[2024-11-21T13:10:35+08:00][sql] SHOW FULL COLUMNS FROM `cmf_hook_plugin` [ RunTime:0.000458s ]
[2024-11-21T13:10:35+08:00][sql] SELECT `hook`,`plugin` FROM `cmf_hook_plugin` WHERE  `status` = 1  AND `hook` IN ('app_begin','module_init','action_begin','view_filter','app_end','log_write','response_end','admin_init','home_init','send_mobile_verification_code','body_start','before_head_end','footer_start','before_footer','before_footer_end','before_body_end','left_sidebar_start','before_left_sidebar_end','right_sidebar_start','before_right_sidebar_end','comment','guestbook','switch_theme','after_content','before_content','log_write_done','switch_admin_theme','captcha_image') ORDER BY `list_order` ASC [ RunTime:0.000412s ]
[2024-11-21T13:10:35+08:00][sql] CONNECT:[ UseTime:0.000285s ] mysql:host=43.241.16.146;port=3306;dbname=zhibo;charset=utf8mb4
[2024-11-21T13:10:35+08:00][sql] SHOW FULL COLUMNS FROM `cmf_hook` [ RunTime:0.000496s ]
[2024-11-21T13:10:35+08:00][sql] SELECT `hook`,`id` FROM `cmf_hook` WHERE  (  (  `app` = '' OR `app` = 'cmf' )  AND `type` = 3 ) OR `type` = 1 [ RunTime:0.000339s ]
[2024-11-21T13:10:35+08:00][sql] SHOW FULL COLUMNS FROM `cmf_hook_plugin` [ RunTime:0.000444s ]
[2024-11-21T13:10:35+08:00][sql] SELECT `hook`,`plugin` FROM `cmf_hook_plugin` WHERE  `status` = 1  AND `hook` IN ('app_begin','module_init','action_begin','view_filter','app_end','log_write','response_end','admin_init','home_init','send_mobile_verification_code','body_start','before_head_end','footer_start','before_footer','before_footer_end','before_body_end','left_sidebar_start','before_left_sidebar_end','right_sidebar_start','before_right_sidebar_end','comment','guestbook','switch_theme','after_content','before_content','log_write_done','switch_admin_theme','captcha_image') ORDER BY `list_order` ASC [ RunTime:0.000404s ]
[2024-11-21T13:11:54+08:00][sql] CONNECT:[ UseTime:0.000282s ] mysql:host=43.241.16.146;port=3306;dbname=zhibo;charset=utf8mb4
[2024-11-21T13:11:54+08:00][sql] SHOW FULL COLUMNS FROM `cmf_hook` [ RunTime:0.000492s ]
[2024-11-21T13:11:54+08:00][sql] SELECT `hook`,`id` FROM `cmf_hook` WHERE  (  (  `app` = '' OR `app` = 'cmf' )  AND `type` = 3 ) OR `type` = 1 [ RunTime:0.000340s ]
[2024-11-21T13:11:54+08:00][sql] SHOW FULL COLUMNS FROM `cmf_hook_plugin` [ RunTime:0.000444s ]
[2024-11-21T13:11:54+08:00][sql] SELECT `hook`,`plugin` FROM `cmf_hook_plugin` WHERE  `status` = 1  AND `hook` IN ('app_begin','module_init','action_begin','view_filter','app_end','log_write','response_end','admin_init','home_init','send_mobile_verification_code','body_start','before_head_end','footer_start','before_footer','before_footer_end','before_body_end','left_sidebar_start','before_left_sidebar_end','right_sidebar_start','before_right_sidebar_end','comment','guestbook','switch_theme','after_content','before_content','log_write_done','switch_admin_theme','captcha_image') ORDER BY `list_order` ASC [ RunTime:0.000396s ]
[2024-11-21T13:11:54+08:00][sql] SHOW FULL COLUMNS FROM `cmf_user` [ RunTime:0.000694s ]
[2024-11-21T13:11:54+08:00][sql] SELECT * FROM `cmf_user` WHERE  `id` = 1 LIMIT 1 [ RunTime:0.000432s ]
[2024-11-21T13:11:54+08:00][sql] SHOW FULL COLUMNS FROM `cmf_option` [ RunTime:0.000449s ]
[2024-11-21T13:11:54+08:00][sql] SELECT `option_value` FROM `cmf_option` WHERE  ( option_name='guide' ) LIMIT 1 [ RunTime:0.000242s ]
[2024-11-21T13:11:55+08:00][sql] CONNECT:[ UseTime:0.000289s ] mysql:host=43.241.16.146;port=3306;dbname=zhibo;charset=utf8mb4
[2024-11-21T13:11:55+08:00][sql] SHOW FULL COLUMNS FROM `cmf_hook` [ RunTime:0.000503s ]
[2024-11-21T13:11:55+08:00][sql] SELECT `hook`,`id` FROM `cmf_hook` WHERE  (  (  `app` = '' OR `app` = 'cmf' )  AND `type` = 3 ) OR `type` = 1 [ RunTime:0.000344s ]
[2024-11-21T13:11:55+08:00][sql] SHOW FULL COLUMNS FROM `cmf_hook_plugin` [ RunTime:0.000452s ]
[2024-11-21T13:11:55+08:00][sql] SELECT `hook`,`plugin` FROM `cmf_hook_plugin` WHERE  `status` = 1  AND `hook` IN ('app_begin','module_init','action_begin','view_filter','app_end','log_write','response_end','admin_init','home_init','send_mobile_verification_code','body_start','before_head_end','footer_start','before_footer','before_footer_end','before_body_end','left_sidebar_start','before_left_sidebar_end','right_sidebar_start','before_right_sidebar_end','comment','guestbook','switch_theme','after_content','before_content','log_write_done','switch_admin_theme','captcha_image') ORDER BY `list_order` ASC [ RunTime:0.000411s ]
[2024-11-21T13:11:55+08:00][sql] SHOW FULL COLUMNS FROM `cmf_user` [ RunTime:0.000673s ]
[2024-11-21T13:11:55+08:00][sql] SELECT * FROM `cmf_user` WHERE  `id` = 1 LIMIT 1 [ RunTime:0.000425s ]
[2024-11-21T13:11:55+08:00][sql] SHOW FULL COLUMNS FROM `cmf_option` [ RunTime:0.000452s ]
[2024-11-21T13:11:55+08:00][sql] SELECT `option_value` FROM `cmf_option` WHERE  `option_name` = 'upload_setting' LIMIT 1 [ RunTime:0.000249s ]
[2024-11-21T13:11:59+08:00][sql] CONNECT:[ UseTime:0.000293s ] mysql:host=43.241.16.146;port=3306;dbname=zhibo;charset=utf8mb4
[2024-11-21T13:11:59+08:00][sql] SHOW FULL COLUMNS FROM `cmf_hook` [ RunTime:0.000523s ]
[2024-11-21T13:11:59+08:00][sql] SELECT `hook`,`id` FROM `cmf_hook` WHERE  (  (  `app` = '' OR `app` = 'cmf' )  AND `type` = 3 ) OR `type` = 1 [ RunTime:0.000375s ]
[2024-11-21T13:11:59+08:00][sql] SHOW FULL COLUMNS FROM `cmf_hook_plugin` [ RunTime:0.000506s ]
[2024-11-21T13:11:59+08:00][sql] SELECT `hook`,`plugin` FROM `cmf_hook_plugin` WHERE  `status` = 1  AND `hook` IN ('app_begin','module_init','action_begin','view_filter','app_end','log_write','response_end','admin_init','home_init','send_mobile_verification_code','body_start','before_head_end','footer_start','before_footer','before_footer_end','before_body_end','left_sidebar_start','before_left_sidebar_end','right_sidebar_start','before_right_sidebar_end','comment','guestbook','switch_theme','after_content','before_content','log_write_done','switch_admin_theme','captcha_image') ORDER BY `list_order` ASC [ RunTime:0.000445s ]
[2024-11-21T13:11:59+08:00][sql] SHOW FULL COLUMNS FROM `cmf_user` [ RunTime:0.000803s ]
[2024-11-21T13:11:59+08:00][sql] SELECT * FROM `cmf_user` WHERE  `id` = 1 LIMIT 1 [ RunTime:0.000469s ]
[2024-11-21T13:11:59+08:00][sql] SHOW FULL COLUMNS FROM `cmf_slide` [ RunTime:0.001230s ]
[2024-11-21T13:11:59+08:00][sql] SELECT * FROM `cmf_slide` WHERE  `delete_time` = 0 [ RunTime:0.000322s ]
[2024-11-21T13:12:02+08:00][sql] CONNECT:[ UseTime:0.000308s ] mysql:host=43.241.16.146;port=3306;dbname=zhibo;charset=utf8mb4
[2024-11-21T13:12:02+08:00][sql] SHOW FULL COLUMNS FROM `cmf_hook` [ RunTime:0.000509s ]
[2024-11-21T13:12:02+08:00][sql] SELECT `hook`,`id` FROM `cmf_hook` WHERE  (  (  `app` = '' OR `app` = 'cmf' )  AND `type` = 3 ) OR `type` = 1 [ RunTime:0.000348s ]
[2024-11-21T13:12:02+08:00][sql] SHOW FULL COLUMNS FROM `cmf_hook_plugin` [ RunTime:0.000457s ]
[2024-11-21T13:12:02+08:00][sql] SELECT `hook`,`plugin` FROM `cmf_hook_plugin` WHERE  `status` = 1  AND `hook` IN ('app_begin','module_init','action_begin','view_filter','app_end','log_write','response_end','admin_init','home_init','send_mobile_verification_code','body_start','before_head_end','footer_start','before_footer','before_footer_end','before_body_end','left_sidebar_start','before_left_sidebar_end','right_sidebar_start','before_right_sidebar_end','comment','guestbook','switch_theme','after_content','before_content','log_write_done','switch_admin_theme','captcha_image') ORDER BY `list_order` ASC [ RunTime:0.000427s ]
[2024-11-21T13:12:02+08:00][sql] SHOW FULL COLUMNS FROM `cmf_user` [ RunTime:0.000697s ]
[2024-11-21T13:12:02+08:00][sql] SELECT * FROM `cmf_user` WHERE  `id` = 1 LIMIT 1 [ RunTime:0.000432s ]
[2024-11-21T13:12:02+08:00][sql] SHOW FULL COLUMNS FROM `cmf_option` [ RunTime:0.000457s ]
[2024-11-21T13:12:02+08:00][sql] SELECT `option_value` FROM `cmf_option` WHERE  `option_name` = 'configpri' LIMIT 1 [ RunTime:0.000266s ]
[2024-11-21T13:17:07+08:00][sql] CONNECT:[ UseTime:0.000468s ] mysql:host=43.241.16.146;port=3306;dbname=zhibo;charset=utf8mb4
[2024-11-21T13:17:07+08:00][sql] SHOW FULL COLUMNS FROM `cmf_hook` [ RunTime:0.000688s ]
[2024-11-21T13:17:07+08:00][sql] SELECT `hook`,`id` FROM `cmf_hook` WHERE  (  (  `app` = '' OR `app` = 'cmf' )  AND `type` = 3 ) OR `type` = 1 [ RunTime:0.000413s ]
[2024-11-21T13:17:07+08:00][sql] SHOW FULL COLUMNS FROM `cmf_hook_plugin` [ RunTime:0.000467s ]
[2024-11-21T13:17:07+08:00][sql] SELECT `hook`,`plugin` FROM `cmf_hook_plugin` WHERE  `status` = 1  AND `hook` IN ('app_begin','module_init','action_begin','view_filter','app_end','log_write','response_end','admin_init','home_init','send_mobile_verification_code','body_start','before_head_end','footer_start','before_footer','before_footer_end','before_body_end','left_sidebar_start','before_left_sidebar_end','right_sidebar_start','before_right_sidebar_end','comment','guestbook','switch_theme','after_content','before_content','log_write_done','switch_admin_theme','captcha_image') ORDER BY `list_order` ASC [ RunTime:0.000447s ]
[2024-11-21T13:17:07+08:00][sql] SHOW FULL COLUMNS FROM `cmf_user` [ RunTime:0.000927s ]
[2024-11-21T13:17:07+08:00][sql] SELECT * FROM `cmf_user` WHERE  `id` = 1 LIMIT 1 [ RunTime:0.000499s ]
[2024-11-21T13:17:07+08:00][sql] SHOW FULL COLUMNS FROM `cmf_option` [ RunTime:0.000495s ]
[2024-11-21T13:17:07+08:00][sql] SELECT `option_value` FROM `cmf_option` WHERE  `option_name` = 'cmf_settings' LIMIT 1 [ RunTime:0.000256s ]
[2024-11-21T13:17:16+08:00][sql] CONNECT:[ UseTime:0.000332s ] mysql:host=43.241.16.146;port=3306;dbname=zhibo;charset=utf8mb4
[2024-11-21T13:17:16+08:00][sql] SHOW FULL COLUMNS FROM `cmf_hook` [ RunTime:0.000538s ]
[2024-11-21T13:17:16+08:00][sql] SELECT `hook`,`id` FROM `cmf_hook` WHERE  (  (  `app` = '' OR `app` = 'cmf' )  AND `type` = 3 ) OR `type` = 1 [ RunTime:0.000354s ]
[2024-11-21T13:17:16+08:00][sql] SHOW FULL COLUMNS FROM `cmf_hook_plugin` [ RunTime:0.000442s ]
[2024-11-21T13:17:16+08:00][sql] SELECT `hook`,`plugin` FROM `cmf_hook_plugin` WHERE  `status` = 1  AND `hook` IN ('app_begin','module_init','action_begin','view_filter','app_end','log_write','response_end','admin_init','home_init','send_mobile_verification_code','body_start','before_head_end','footer_start','before_footer','before_footer_end','before_body_end','left_sidebar_start','before_left_sidebar_end','right_sidebar_start','before_right_sidebar_end','comment','guestbook','switch_theme','after_content','before_content','log_write_done','switch_admin_theme','captcha_image') ORDER BY `list_order` ASC [ RunTime:0.000414s ]
[2024-11-21T13:17:16+08:00][sql] SHOW FULL COLUMNS FROM `cmf_user` [ RunTime:0.000768s ]
[2024-11-21T13:17:16+08:00][sql] SELECT * FROM `cmf_user` WHERE  `id` = 1 LIMIT 1 [ RunTime:0.000440s ]
[2024-11-21T13:18:25+08:00][sql] CONNECT:[ UseTime:0.000380s ] mysql:host=43.241.16.146;port=3306;dbname=zhibo;charset=utf8mb4
[2024-11-21T13:18:25+08:00][sql] SHOW FULL COLUMNS FROM `cmf_hook` [ RunTime:0.000580s ]
[2024-11-21T13:18:25+08:00][sql] SELECT `hook`,`id` FROM `cmf_hook` WHERE  (  (  `app` = '' OR `app` = 'cmf' )  AND `type` = 3 ) OR `type` = 1 [ RunTime:0.000384s ]
[2024-11-21T13:18:25+08:00][sql] SHOW FULL COLUMNS FROM `cmf_hook_plugin` [ RunTime:0.000464s ]
[2024-11-21T13:18:25+08:00][sql] SELECT `hook`,`plugin` FROM `cmf_hook_plugin` WHERE  `status` = 1  AND `hook` IN ('app_begin','module_init','action_begin','view_filter','app_end','log_write','response_end','admin_init','home_init','send_mobile_verification_code','body_start','before_head_end','footer_start','before_footer','before_footer_end','before_body_end','left_sidebar_start','before_left_sidebar_end','right_sidebar_start','before_right_sidebar_end','comment','guestbook','switch_theme','after_content','before_content','log_write_done','switch_admin_theme','captcha_image') ORDER BY `list_order` ASC [ RunTime:0.000418s ]
[2024-11-21T13:18:25+08:00][sql] SHOW FULL COLUMNS FROM `cmf_user` [ RunTime:0.000707s ]
[2024-11-21T13:18:25+08:00][sql] SELECT * FROM `cmf_user` WHERE  `id` = 1 LIMIT 1 [ RunTime:0.000447s ]
[2024-11-21T13:18:58+08:00][sql] CONNECT:[ UseTime:0.000297s ] mysql:host=43.241.16.146;port=3306;dbname=zhibo;charset=utf8mb4
[2024-11-21T13:18:58+08:00][sql] SHOW FULL COLUMNS FROM `cmf_hook` [ RunTime:0.000516s ]
[2024-11-21T13:18:58+08:00][sql] SELECT `hook`,`id` FROM `cmf_hook` WHERE  (  (  `app` = '' OR `app` = 'cmf' )  AND `type` = 3 ) OR `type` = 1 [ RunTime:0.000337s ]
[2024-11-21T13:18:58+08:00][sql] SHOW FULL COLUMNS FROM `cmf_hook_plugin` [ RunTime:0.000438s ]
[2024-11-21T13:18:58+08:00][sql] SELECT `hook`,`plugin` FROM `cmf_hook_plugin` WHERE  `status` = 1  AND `hook` IN ('app_begin','module_init','action_begin','view_filter','app_end','log_write','response_end','admin_init','home_init','send_mobile_verification_code','body_start','before_head_end','footer_start','before_footer','before_footer_end','before_body_end','left_sidebar_start','before_left_sidebar_end','right_sidebar_start','before_right_sidebar_end','comment','guestbook','switch_theme','after_content','before_content','log_write_done','switch_admin_theme','captcha_image') ORDER BY `list_order` ASC [ RunTime:0.000408s ]
[2024-11-21T13:18:58+08:00][sql] SHOW FULL COLUMNS FROM `cmf_user` [ RunTime:0.000673s ]
[2024-11-21T13:18:58+08:00][sql] SELECT * FROM `cmf_user` WHERE  `id` = 1 LIMIT 1 [ RunTime:0.000438s ]
[2024-11-21T13:18:58+08:00][sql] SHOW FULL COLUMNS FROM `cmf_option` [ RunTime:0.000445s ]
[2024-11-21T13:18:58+08:00][sql] SELECT * FROM `cmf_option` WHERE  `option_name` = 'upload_setting' LIMIT 1 [ RunTime:0.000263s ]
[2024-11-21T13:18:58+08:00][sql] UPDATE `cmf_option`  SET `option_value` = '{"max_files":"20","chunk_size":"512","file_types":{"image":{"upload_max_filesize":"202400","extensions":"jpg,jpeg,png,gif,bmp4"},"video":{"upload_max_filesize":"202400","extensions":"mp4,avi,wmv,rm,rmvb,mkv"},"audio":{"upload_max_filesize":"102400","extensions":"mp3,wma,wav"},"file":{"upload_max_filesize":"102400","extensions":"txt,pdf,doc,docx,xls,xlsx,ppt,pptx,zip,rar,mp4,svga"}}}'  WHERE  `option_name` = 'upload_setting' [ RunTime:0.020702s ]
[2024-11-21T13:19:00+08:00][sql] CONNECT:[ UseTime:0.000271s ] mysql:host=43.241.16.146;port=3306;dbname=zhibo;charset=utf8mb4
[2024-11-21T13:19:00+08:00][sql] SHOW FULL COLUMNS FROM `cmf_hook` [ RunTime:0.000470s ]
[2024-11-21T13:19:00+08:00][sql] SELECT `hook`,`id` FROM `cmf_hook` WHERE  (  (  `app` = '' OR `app` = 'cmf' )  AND `type` = 3 ) OR `type` = 1 [ RunTime:0.000331s ]
[2024-11-21T13:19:00+08:00][sql] SHOW FULL COLUMNS FROM `cmf_hook_plugin` [ RunTime:0.000439s ]
[2024-11-21T13:19:00+08:00][sql] SELECT `hook`,`plugin` FROM `cmf_hook_plugin` WHERE  `status` = 1  AND `hook` IN ('app_begin','module_init','action_begin','view_filter','app_end','log_write','response_end','admin_init','home_init','send_mobile_verification_code','body_start','before_head_end','footer_start','before_footer','before_footer_end','before_body_end','left_sidebar_start','before_left_sidebar_end','right_sidebar_start','before_right_sidebar_end','comment','guestbook','switch_theme','after_content','before_content','log_write_done','switch_admin_theme','captcha_image') ORDER BY `list_order` ASC [ RunTime:0.000399s ]
[2024-11-21T13:19:00+08:00][sql] SHOW FULL COLUMNS FROM `cmf_user` [ RunTime:0.000669s ]
[2024-11-21T13:19:00+08:00][sql] SELECT * FROM `cmf_user` WHERE  `id` = 1 LIMIT 1 [ RunTime:0.000419s ]
[2024-11-21T13:19:00+08:00][sql] SHOW FULL COLUMNS FROM `cmf_option` [ RunTime:0.000579s ]
[2024-11-21T13:19:00+08:00][sql] SELECT `option_value` FROM `cmf_option` WHERE  `option_name` = 'upload_setting' LIMIT 1 [ RunTime:0.000260s ]
[2024-11-21T13:19:35+08:00][sql] CONNECT:[ UseTime:0.000279s ] mysql:host=43.241.16.146;port=3306;dbname=zhibo;charset=utf8mb4
[2024-11-21T13:19:35+08:00][sql] SHOW FULL COLUMNS FROM `cmf_hook` [ RunTime:0.000528s ]
[2024-11-21T13:19:35+08:00][sql] SELECT `hook`,`id` FROM `cmf_hook` WHERE  (  (  `app` = '' OR `app` = 'cmf' )  AND `type` = 3 ) OR `type` = 1 [ RunTime:0.000341s ]
[2024-11-21T13:19:35+08:00][sql] SHOW FULL COLUMNS FROM `cmf_hook_plugin` [ RunTime:0.000437s ]
[2024-11-21T13:19:35+08:00][sql] SELECT `hook`,`plugin` FROM `cmf_hook_plugin` WHERE  `status` = 1  AND `hook` IN ('app_begin','module_init','action_begin','view_filter','app_end','log_write','response_end','admin_init','home_init','send_mobile_verification_code','body_start','before_head_end','footer_start','before_footer','before_footer_end','before_body_end','left_sidebar_start','before_left_sidebar_end','right_sidebar_start','before_right_sidebar_end','comment','guestbook','switch_theme','after_content','before_content','log_write_done','switch_admin_theme','captcha_image') ORDER BY `list_order` ASC [ RunTime:0.000411s ]
[2024-11-21T13:19:35+08:00][sql] SHOW FULL COLUMNS FROM `cmf_user` [ RunTime:0.000678s ]
[2024-11-21T13:19:35+08:00][sql] SELECT * FROM `cmf_user` WHERE  `id` = 1 LIMIT 1 [ RunTime:0.000420s ]
[2024-11-21T13:19:35+08:00][sql] SHOW FULL COLUMNS FROM `cmf_option` [ RunTime:0.000581s ]
[2024-11-21T13:19:35+08:00][sql] SELECT `option_value` FROM `cmf_option` WHERE  `option_name` = 'cmf_settings' LIMIT 1 [ RunTime:0.000259s ]
[2024-11-21T13:19:36+08:00][sql] CONNECT:[ UseTime:0.000284s ] mysql:host=43.241.16.146;port=3306;dbname=zhibo;charset=utf8mb4
[2024-11-21T13:19:36+08:00][sql] SHOW FULL COLUMNS FROM `cmf_hook` [ RunTime:0.000506s ]
[2024-11-21T13:19:36+08:00][sql] SELECT `hook`,`id` FROM `cmf_hook` WHERE  (  (  `app` = '' OR `app` = 'cmf' )  AND `type` = 3 ) OR `type` = 1 [ RunTime:0.000328s ]
[2024-11-21T13:19:36+08:00][sql] SHOW FULL COLUMNS FROM `cmf_hook_plugin` [ RunTime:0.000437s ]
[2024-11-21T13:19:36+08:00][sql] SELECT `hook`,`plugin` FROM `cmf_hook_plugin` WHERE  `status` = 1  AND `hook` IN ('app_begin','module_init','action_begin','view_filter','app_end','log_write','response_end','admin_init','home_init','send_mobile_verification_code','body_start','before_head_end','footer_start','before_footer','before_footer_end','before_body_end','left_sidebar_start','before_left_sidebar_end','right_sidebar_start','before_right_sidebar_end','comment','guestbook','switch_theme','after_content','before_content','log_write_done','switch_admin_theme','captcha_image') ORDER BY `list_order` ASC [ RunTime:0.000412s ]
[2024-11-21T13:19:36+08:00][sql] SHOW FULL COLUMNS FROM `cmf_user` [ RunTime:0.000668s ]
[2024-11-21T13:19:36+08:00][sql] SELECT * FROM `cmf_user` WHERE  `id` = 1 LIMIT 1 [ RunTime:0.000413s ]
[2024-11-21T13:19:48+08:00][sql] CONNECT:[ UseTime:0.000284s ] mysql:host=43.241.16.146;port=3306;dbname=zhibo;charset=utf8mb4
[2024-11-21T13:19:48+08:00][sql] SHOW FULL COLUMNS FROM `cmf_hook` [ RunTime:0.000493s ]
[2024-11-21T13:19:48+08:00][sql] SELECT `hook`,`id` FROM `cmf_hook` WHERE  (  (  `app` = '' OR `app` = 'cmf' )  AND `type` = 3 ) OR `type` = 1 [ RunTime:0.000339s ]
[2024-11-21T13:19:48+08:00][sql] SHOW FULL COLUMNS FROM `cmf_hook_plugin` [ RunTime:0.000440s ]
[2024-11-21T13:19:48+08:00][sql] SELECT `hook`,`plugin` FROM `cmf_hook_plugin` WHERE  `status` = 1  AND `hook` IN ('app_begin','module_init','action_begin','view_filter','app_end','log_write','response_end','admin_init','home_init','send_mobile_verification_code','body_start','before_head_end','footer_start','before_footer','before_footer_end','before_body_end','left_sidebar_start','before_left_sidebar_end','right_sidebar_start','before_right_sidebar_end','comment','guestbook','switch_theme','after_content','before_content','log_write_done','switch_admin_theme','captcha_image') ORDER BY `list_order` ASC [ RunTime:0.000413s ]
[2024-11-21T13:19:48+08:00][sql] SHOW FULL COLUMNS FROM `cmf_user` [ RunTime:0.000677s ]
[2024-11-21T13:19:48+08:00][sql] SELECT * FROM `cmf_user` WHERE  `id` = 1 LIMIT 1 [ RunTime:0.000427s ]
[2024-11-21T13:19:48+08:00][sql] SHOW FULL COLUMNS FROM `cmf_option` [ RunTime:0.000444s ]
[2024-11-21T13:19:48+08:00][sql] SELECT * FROM `cmf_option` WHERE  `option_name` = 'configpri' LIMIT 1 [ RunTime:0.000286s ]
[2024-11-21T13:19:48+08:00][sql] UPDATE `cmf_option`  SET `option_value` = '{"family_switch":"1","family_member_divide_switch":"1","service_switch":"1","service_url":"","list_coin_switch":"1","sensitive_words":"毛泽东,习近平,胡锦涛,江泽民,朱镕基,且,weixin,qq,微信,QQ,流流","reg_reward":"0","bonus_switch":"1","login_wx_pc_appid":"","login_wx_pc_appsecret":"","login_wx_appid":"","login_wx_appsecret":"","login_qq_appid":"","sendcode_switch":"0","typecode_switch":"1","aly_keyid":"","aly_secret":"","aly_sendcode_type":"3","aly_signName":"","aly_templateCode":"","aly_hw_signName":"","aly_hw_templateCode":"","ccp_sid":"","ccp_token":"","ccp_appid":"","ccp_tempid":"","tencent_sendcode_type":"3","tencent_sms_appid":"","tencent_sms_appkey":"","tencent_sms_signName":"","tencent_sms_templateCode":"","tencent_sms_hw_signName":"","tencent_sms_hw_templateCode":"","iplimit_switch":"0","iplimit_times":"10","chatserver":"http:\/\/x.com:19967","auth_islimit":"0","level_islimit":"1","level_limit":"0","speak_limit":"0","barrage_limit":"0","barrage_fee":"10","userlist_time":"15","mic_limit":"0","cdn_switch":"2","tx_appid":"","tx_bizid":"","tx_push":"","tx_api_key":"","tx_push_key":"","tx_acc_key":"","tx_pull":"","tx_play_key_switch":"0","tx_play_key":"","tx_play_time":"","sw_app_id":"","sw_media_region":"cn","sw_app_certificate":"","sw_key_id":"","sw_key_secret":"","sw_push_url":"","sw_push_key":"","sw_push_length":"5","sw_pull_url":"","sw_pull_key":"","sw_pull_length":"5","cash_rate":"100","cash_take":"10","cash_min":"1","cash_start":"1","cash_end":"30","cash_max_times":"0","letter_switch":"1","tencentIM_area":"china","tencentIM_appid":"","tencentIM_appkey":"","tencentTpns_area":"shanghai","tencentTpns_accessid_android":"","tencentTpns_secretkey_android":"","tencentTpns_accessid_ios":"","tencentTpns_secretkey_ios":"","tencentTpns_ios_environment":"1","aliapp_partner":"","aliapp_seller_id":"","aliapp_key_android":"","aliapp_key_ios":"","aliapp_check":"","alipay_pc_type":"1","ali_application_appid":"","ali_key_pc":"","wx_appid":"","wx_appsecret":"","wx_mchid":"","wx_key":"","braintree_paypal_environment":"0","braintree_merchantid_sandbox":"","braintree_publickey_sandbox":"","braintree_privatekey_sandbox":"","braintree_merchantid_product":"","braintree_publickey_product":"","braintree_privatekey_product":"","wx_mini_appid":"","wx_mini_appsecret":"","wx_mini_mchid":"","wx_mini_key":"","wx_h5_appid":"","wx_h5_appsecret":"","wx_h5_mchid":"","wx_h5_key":"","aliapp_switch":"1","wx_switch":"1","aliapp_pc":"1","wx_switch_pc":"1","wx_mini_switch":"1","braintree_paypal_switch":"1","alih5_switch":"1","wxh5_switch":"1","wxgzh_switch":"0","firstcharge_repeatedly":"0","shop_aliapp_switch":"1","shop_wx_switch":"1","shop_wxmini_switch":"1","shop_balance_switch":"1","shop_braintree_paypal_switch":"1","shop_wxmini_balance_switch":"1","paidprogram_aliapp_switch":"1","paidprogram_wx_switch":"1","paidprogram_balance_switch":"1","paidprogram_braintree_paypal_switch":"1","agent_switch":"1","agent_must":"0","distribut1":"10","um_apikey":"","um_apisecurity":"","um_appkey_android":"","um_appkey_ios":"","video_audit_switch":"0","video_watermark":"","ad_video_switch":"1","ad_video_loop":"1","video_ad_num":"10","shop_system_name":"直播小店","shop_system_name_en":"Livestore","shop_bond":"100","show_switch":"1","show_category_switch":"1","shoporder_percent":"10","goods_switch":"1","shop_certificate_desc":"以下营业执照信息来源于买家自行申报或工商系统数据，具体以工商部门登记为准，经营者需要确保信息真实有效，平台也将定期核查。如与实际不符，为避免违规，请联系当地工商部门或平台客服更新。","shop_certificate_desc_en":"Thefollowingbusinesslicenseinformationcomesfrombuyers\'self-declarationorindustrialandcommercialsystemdata.Thespecificinformationissubjecttoregistrationwiththeindustrialandcommercialdepartment.Operatorsneedtoensurethattheinformationistrueandvalid,andtheplatformwillalsocheckitregularly.Ifitisinconsistentwiththeactualsituation,toavoidviolations,pleasecontactthelocalindustrialandcommercialdepartmentorplatformcustomerserviceforupdates.","shop_payment_time":"3","shop_shipment_time":"1","shop_receive_time":"1","shop_refund_time":"1","shop_refund_finish_time":"1","shop_receive_refund_time":"1","shop_settlement_time":"0","balance_cash_min":"1","balance_cash_start":"1","balance_cash_end":"30","balance_cash_max_times":"0","dynamic_auth":"0","dynamic_switch":"1","comment_weight":"100","like_weight":"200","game_banker_limit":"100","game_odds":"80","game_odds_p":"100","game_odds_u":"30","game_pump":"20","turntable_switch":"1","express_type":"0","express_id_dev":"","express_appkey_dev":"","express_id":"","express_appkey":"","dailytask_switch":"1","watch_live_term":"1","watch_live_coin":"100","watch_video_term":"1","watch_video_coin":"200","open_live_term":"0.1","open_live_coin":"300","award_live_term":"100","award_live_coin":"100","share_live_term":"1","share_live_coin":"200","cloudtype":"1","aws_bucket":"","aws_region":"","aws_hosturl":"","aws_identitypoolid":"","openinstall_switch":"1","openinstall_appkey":"","game_xqtb_switch":"1","xqtb_mwx_price":"10","xqtb_twx_price":"100","xqtb_hwx_price":"500","game_xydzp_switch":"1","xydzp_one_price":"100","xydzp_ten_price":"400","xydzp_hundred_price":"2000","game_switch":"1,3"}'  WHERE  `option_name` = 'configpri' [ RunTime:0.020505s ]
[2024-11-21T13:19:48+08:00][sql] SHOW FULL COLUMNS FROM `cmf_admin_log` [ RunTime:0.000558s ]
[2024-11-21T13:19:48+08:00][sql] INSERT INTO `cmf_admin_log` SET `adminid` = 1 , `admin` = 'admin' , `action` = '修私密配置 动态审核 开 ' , `ip` = 3747110647 , `addtime` = 1732166388 [ RunTime:0.016299s ]
[2024-11-21T13:19:58+08:00][sql] CONNECT:[ UseTime:0.000290s ] mysql:host=43.241.16.146;port=3306;dbname=zhibo;charset=utf8mb4
[2024-11-21T13:19:58+08:00][sql] SHOW FULL COLUMNS FROM `cmf_hook` [ RunTime:0.000507s ]
[2024-11-21T13:19:58+08:00][sql] SELECT `hook`,`id` FROM `cmf_hook` WHERE  (  (  `app` = '' OR `app` = 'cmf' )  AND `type` = 3 ) OR `type` = 1 [ RunTime:0.000340s ]
[2024-11-21T13:19:58+08:00][sql] SHOW FULL COLUMNS FROM `cmf_hook_plugin` [ RunTime:0.000437s ]
[2024-11-21T13:19:58+08:00][sql] SELECT `hook`,`plugin` FROM `cmf_hook_plugin` WHERE  `status` = 1  AND `hook` IN ('app_begin','module_init','action_begin','view_filter','app_end','log_write','response_end','admin_init','home_init','send_mobile_verification_code','body_start','before_head_end','footer_start','before_footer','before_footer_end','before_body_end','left_sidebar_start','before_left_sidebar_end','right_sidebar_start','before_right_sidebar_end','comment','guestbook','switch_theme','after_content','before_content','log_write_done','switch_admin_theme','captcha_image') ORDER BY `list_order` ASC [ RunTime:0.000423s ]
[2024-11-21T13:19:58+08:00][sql] SHOW FULL COLUMNS FROM `cmf_user` [ RunTime:0.000669s ]
[2024-11-21T13:19:58+08:00][sql] SELECT * FROM `cmf_user` WHERE  `id` = 1 LIMIT 1 [ RunTime:0.000413s ]
[2024-11-21T13:19:58+08:00][sql] SHOW FULL COLUMNS FROM `cmf_option` [ RunTime:0.000450s ]
[2024-11-21T13:19:58+08:00][sql] SELECT `option_value` FROM `cmf_option` WHERE  `option_name` = 'configpri' LIMIT 1 [ RunTime:0.000258s ]
[2024-11-21T13:19:58+08:00][sql] SELECT * FROM `cmf_option` WHERE  `option_name` = 'configpri' LIMIT 1 [ RunTime:0.000255s ]
[2024-11-21T13:19:58+08:00][sql] UPDATE `cmf_option`  SET `option_value` = '{"family_switch":"1","family_member_divide_switch":"1","service_switch":"1","service_url":"","list_coin_switch":"1","sensitive_words":"毛泽东,习近平,胡锦涛,江泽民,朱镕基,且,weixin,qq,微信,QQ,流流","reg_reward":"0","bonus_switch":"1","login_wx_pc_appid":"","login_wx_pc_appsecret":"","login_wx_appid":"","login_wx_appsecret":"","login_qq_appid":"","sendcode_switch":"0","typecode_switch":"1","aly_keyid":"","aly_secret":"","aly_sendcode_type":"3","aly_signName":"","aly_templateCode":"","aly_hw_signName":"","aly_hw_templateCode":"","ccp_sid":"","ccp_token":"","ccp_appid":"","ccp_tempid":"","tencent_sendcode_type":"3","tencent_sms_appid":"","tencent_sms_appkey":"","tencent_sms_signName":"","tencent_sms_templateCode":"","tencent_sms_hw_signName":"","tencent_sms_hw_templateCode":"","iplimit_switch":"0","iplimit_times":"10","chatserver":"http:\/\/x.com:19967","auth_islimit":"0","level_islimit":"1","level_limit":"0","speak_limit":"0","barrage_limit":"0","barrage_fee":"10","userlist_time":"15","mic_limit":"0","cdn_switch":"2","tx_appid":"","tx_bizid":"","tx_push":"","tx_api_key":"","tx_push_key":"","tx_acc_key":"","tx_pull":"","tx_play_key_switch":"0","tx_play_key":"","tx_play_time":"","sw_app_id":"","sw_media_region":"cn","sw_app_certificate":"","sw_key_id":"","sw_key_secret":"","sw_push_url":"","sw_push_key":"","sw_push_length":"5","sw_pull_url":"","sw_pull_key":"","sw_pull_length":"5","cash_rate":"100","cash_take":"10","cash_min":"1","cash_start":"1","cash_end":"30","cash_max_times":"0","letter_switch":"1","tencentIM_area":"china","tencentIM_appid":"","tencentIM_appkey":"","tencentTpns_area":"shanghai","tencentTpns_accessid_android":"","tencentTpns_secretkey_android":"","tencentTpns_accessid_ios":"","tencentTpns_secretkey_ios":"","tencentTpns_ios_environment":"1","aliapp_partner":"","aliapp_seller_id":"","aliapp_key_android":"","aliapp_key_ios":"","aliapp_check":"","alipay_pc_type":"1","ali_application_appid":"","ali_key_pc":"","wx_appid":"","wx_appsecret":"","wx_mchid":"","wx_key":"","braintree_paypal_environment":"0","braintree_merchantid_sandbox":"","braintree_publickey_sandbox":"","braintree_privatekey_sandbox":"","braintree_merchantid_product":"","braintree_publickey_product":"","braintree_privatekey_product":"","wx_mini_appid":"","wx_mini_appsecret":"","wx_mini_mchid":"","wx_mini_key":"","wx_h5_appid":"","wx_h5_appsecret":"","wx_h5_mchid":"","wx_h5_key":"","aliapp_switch":"1","wx_switch":"1","aliapp_pc":"1","wx_switch_pc":"1","wx_mini_switch":"1","braintree_paypal_switch":"1","alih5_switch":"1","wxh5_switch":"1","wxgzh_switch":"0","firstcharge_repeatedly":"0","shop_aliapp_switch":"1","shop_wx_switch":"1","shop_wxmini_switch":"1","shop_balance_switch":"1","shop_braintree_paypal_switch":"1","shop_wxmini_balance_switch":"1","paidprogram_aliapp_switch":"1","paidprogram_wx_switch":"1","paidprogram_balance_switch":"1","paidprogram_braintree_paypal_switch":"1","agent_switch":"1","agent_must":"0","distribut1":"10","um_apikey":"","um_apisecurity":"","um_appkey_android":"","um_appkey_ios":"","video_audit_switch":"0","video_watermark":"","ad_video_switch":"1","ad_video_loop":"1","video_ad_num":"10","shop_system_name":"直播小店","shop_system_name_en":"Livestore","shop_bond":"100","show_switch":"1","show_category_switch":"1","shoporder_percent":"10","goods_switch":"1","shop_certificate_desc":"以下营业执照信息来源于买家自行申报或工商系统数据，具体以工商部门登记为准，经营者需要确保信息真实有效，平台也将定期核查。如与实际不符，为避免违规，请联系当地工商部门或平台客服更新。","shop_certificate_desc_en":"Thefollowingbusinesslicenseinformationcomesfrombuyers\'self-declarationorindustrialandcommercialsystemdata.Thespecificinformationissubjecttoregistrationwiththeindustrialandcommercialdepartment.Operatorsneedtoensurethattheinformationistrueandvalid,andtheplatformwillalsocheckitregularly.Ifitisinconsistentwiththeactualsituation,toavoidviolations,pleasecontactthelocalindustrialandcommercialdepartmentorplatformcustomerserviceforupdates.","shop_payment_time":"3","shop_shipment_time":"1","shop_receive_time":"1","shop_refund_time":"1","shop_refund_finish_time":"1","shop_receive_refund_time":"1","shop_settlement_time":"0","balance_cash_min":"1","balance_cash_start":"1","balance_cash_end":"30","balance_cash_max_times":"0","dynamic_auth":"0","dynamic_switch":"0","comment_weight":"100","like_weight":"200","game_banker_limit":"100","game_odds":"80","game_odds_p":"100","game_odds_u":"30","game_pump":"20","turntable_switch":"1","express_type":"0","express_id_dev":"","express_appkey_dev":"","express_id":"","express_appkey":"","dailytask_switch":"1","watch_live_term":"1","watch_live_coin":"100","watch_video_term":"1","watch_video_coin":"200","open_live_term":"0.1","open_live_coin":"300","award_live_term":"100","award_live_coin":"100","share_live_term":"1","share_live_coin":"200","cloudtype":"1","aws_bucket":"","aws_region":"","aws_hosturl":"","aws_identitypoolid":"","openinstall_switch":"1","openinstall_appkey":"","game_xqtb_switch":"1","xqtb_mwx_price":"10","xqtb_twx_price":"100","xqtb_hwx_price":"500","game_xydzp_switch":"1","xydzp_one_price":"100","xydzp_ten_price":"400","xydzp_hundred_price":"2000","game_switch":"1,3"}'  WHERE  `option_name` = 'configpri' [ RunTime:0.023174s ]
[2024-11-21T13:19:58+08:00][sql] SHOW FULL COLUMNS FROM `cmf_admin_log` [ RunTime:0.000508s ]
[2024-11-21T13:19:58+08:00][sql] INSERT INTO `cmf_admin_log` SET `adminid` = 1 , `admin` = 'admin' , `action` = '修私密配置 动态审核 关 ' , `ip` = 3747110647 , `addtime` = 1732166398 [ RunTime:0.013109s ]
[2024-11-21T13:41:40+08:00][sql] CONNECT:[ UseTime:0.000276s ] mysql:host=43.241.16.146;port=3306;dbname=zhibo;charset=utf8mb4
[2024-11-21T13:41:40+08:00][sql] SHOW FULL COLUMNS FROM `cmf_hook` [ RunTime:0.000552s ]
[2024-11-21T13:41:40+08:00][sql] SELECT `hook`,`id` FROM `cmf_hook` WHERE  (  (  `app` = '' OR `app` = 'cmf' )  AND `type` = 3 ) OR `type` = 1 [ RunTime:0.000340s ]
[2024-11-21T13:41:40+08:00][sql] SHOW FULL COLUMNS FROM `cmf_hook_plugin` [ RunTime:0.000442s ]
[2024-11-21T13:41:40+08:00][sql] SELECT `hook`,`plugin` FROM `cmf_hook_plugin` WHERE  `status` = 1  AND `hook` IN ('app_begin','module_init','action_begin','view_filter','app_end','log_write','response_end','admin_init','home_init','send_mobile_verification_code','body_start','before_head_end','footer_start','before_footer','before_footer_end','before_body_end','left_sidebar_start','before_left_sidebar_end','right_sidebar_start','before_right_sidebar_end','comment','guestbook','switch_theme','after_content','before_content','log_write_done','switch_admin_theme','captcha_image') ORDER BY `list_order` ASC [ RunTime:0.000429s ]
[2024-11-21T13:41:40+08:00][sql] SHOW FULL COLUMNS FROM `cmf_plugin` [ RunTime:0.000570s ]
[2024-11-21T13:41:40+08:00][sql] SELECT `config` FROM `cmf_plugin` WHERE  `name` = 'Qiniu' LIMIT 1 [ RunTime:0.000250s ]
[2024-11-21T13:41:40+08:00][sql] SHOW FULL COLUMNS FROM `cmf_family_user` [ RunTime:0.000475s ]
[2024-11-21T13:41:40+08:00][sql] SELECT * FROM `cmf_family_user` WHERE  `uid` = 4 LIMIT 1 [ RunTime:0.000264s ]
[2024-11-21T13:41:40+08:00][sql] SHOW FULL COLUMNS FROM `cmf_family` [ RunTime:0.000481s ]
[2024-11-21T13:41:40+08:00][sql] SELECT * FROM `cmf_family` WHERE  ( disable=0 and state=2 ) ORDER BY `addtime` ASC LIMIT 0,50 [ RunTime:0.000285s ]
[2024-11-21T13:41:40+08:00][sql] SHOW FULL COLUMNS FROM `cmf_theme_file` [ RunTime:0.000509s ]
[2024-11-21T13:41:40+08:00][sql] SELECT `more` FROM `cmf_theme_file` WHERE  `theme` = 'default'  AND (  `is_public` = 1 OR `file` = '../appapi/family/index' ) [ RunTime:0.000286s ]
[2024-11-21T13:41:41+08:00][sql] CONNECT:[ UseTime:0.000282s ] mysql:host=43.241.16.146;port=3306;dbname=zhibo;charset=utf8mb4
[2024-11-21T13:41:41+08:00][sql] SHOW FULL COLUMNS FROM `cmf_hook` [ RunTime:0.000524s ]
[2024-11-21T13:41:41+08:00][sql] SELECT `hook`,`id` FROM `cmf_hook` WHERE  (  (  `app` = '' OR `app` = 'cmf' )  AND `type` = 3 ) OR `type` = 1 [ RunTime:0.000338s ]
[2024-11-21T13:41:41+08:00][sql] SHOW FULL COLUMNS FROM `cmf_hook_plugin` [ RunTime:0.000437s ]
[2024-11-21T13:41:41+08:00][sql] SELECT `hook`,`plugin` FROM `cmf_hook_plugin` WHERE  `status` = 1  AND `hook` IN ('app_begin','module_init','action_begin','view_filter','app_end','log_write','response_end','admin_init','home_init','send_mobile_verification_code','body_start','before_head_end','footer_start','before_footer','before_footer_end','before_body_end','left_sidebar_start','before_left_sidebar_end','right_sidebar_start','before_right_sidebar_end','comment','guestbook','switch_theme','after_content','before_content','log_write_done','switch_admin_theme','captcha_image') ORDER BY `list_order` ASC [ RunTime:0.000409s ]
[2024-11-21T14:04:59+08:00][sql] CONNECT:[ UseTime:0.000285s ] mysql:host=43.241.16.146;port=3306;dbname=zhibo;charset=utf8mb4
[2024-11-21T14:04:59+08:00][sql] SHOW FULL COLUMNS FROM `cmf_hook` [ RunTime:0.000557s ]
[2024-11-21T14:04:59+08:00][sql] SELECT `hook`,`id` FROM `cmf_hook` WHERE  (  (  `app` = '' OR `app` = 'cmf' )  AND `type` = 3 ) OR `type` = 1 [ RunTime:0.000348s ]
[2024-11-21T14:04:59+08:00][sql] SHOW FULL COLUMNS FROM `cmf_hook_plugin` [ RunTime:0.000437s ]
[2024-11-21T14:04:59+08:00][sql] SELECT `hook`,`plugin` FROM `cmf_hook_plugin` WHERE  `status` = 1  AND `hook` IN ('app_begin','module_init','action_begin','view_filter','app_end','log_write','response_end','admin_init','home_init','send_mobile_verification_code','body_start','before_head_end','footer_start','before_footer','before_footer_end','before_body_end','left_sidebar_start','before_left_sidebar_end','right_sidebar_start','before_right_sidebar_end','comment','guestbook','switch_theme','after_content','before_content','log_write_done','switch_admin_theme','captcha_image') ORDER BY `list_order` ASC [ RunTime:0.000424s ]
[2024-11-21T14:04:59+08:00][sql] SHOW FULL COLUMNS FROM `cmf_plugin` [ RunTime:0.000547s ]
[2024-11-21T14:04:59+08:00][sql] SELECT `config` FROM `cmf_plugin` WHERE  `name` = 'Qiniu' LIMIT 1 [ RunTime:0.000252s ]
[2024-11-21T14:04:59+08:00][sql] SHOW FULL COLUMNS FROM `cmf_liang` [ RunTime:0.000478s ]
[2024-11-21T14:04:59+08:00][sql] SELECT * FROM `cmf_liang` WHERE  `uid` = 4 ORDER BY `buytime` DESC [ RunTime:0.000282s ]
[2024-11-21T14:04:59+08:00][sql] SHOW FULL COLUMNS FROM `cmf_car_user` [ RunTime:0.002135s ]
[2024-11-21T14:04:59+08:00][sql] SELECT * FROM `cmf_car_user` WHERE  `uid` = 4  AND `endtime` > 1732169099 [ RunTime:0.000265s ]
[2024-11-21T14:04:59+08:00][sql] SHOW FULL COLUMNS FROM `cmf_theme_file` [ RunTime:0.000509s ]
[2024-11-21T14:04:59+08:00][sql] SELECT `more` FROM `cmf_theme_file` WHERE  `theme` = 'default'  AND (  `is_public` = 1 OR `file` = '../appapi/equipment/index' ) [ RunTime:0.000285s ]
[2024-11-21T14:05:13+08:00][sql] CONNECT:[ UseTime:0.000274s ] mysql:host=43.241.16.146;port=3306;dbname=zhibo;charset=utf8mb4
[2024-11-21T14:05:13+08:00][sql] SHOW FULL COLUMNS FROM `cmf_hook` [ RunTime:0.000502s ]
[2024-11-21T14:05:13+08:00][sql] SELECT `hook`,`id` FROM `cmf_hook` WHERE  (  (  `app` = '' OR `app` = 'cmf' )  AND `type` = 3 ) OR `type` = 1 [ RunTime:0.000338s ]
[2024-11-21T14:05:13+08:00][sql] SHOW FULL COLUMNS FROM `cmf_hook_plugin` [ RunTime:0.000442s ]
[2024-11-21T14:05:13+08:00][sql] SELECT `hook`,`plugin` FROM `cmf_hook_plugin` WHERE  `status` = 1  AND `hook` IN ('app_begin','module_init','action_begin','view_filter','app_end','log_write','response_end','admin_init','home_init','send_mobile_verification_code','body_start','before_head_end','footer_start','before_footer','before_footer_end','before_body_end','left_sidebar_start','before_left_sidebar_end','right_sidebar_start','before_right_sidebar_end','comment','guestbook','switch_theme','after_content','before_content','log_write_done','switch_admin_theme','captcha_image') ORDER BY `list_order` ASC [ RunTime:0.000420s ]
[2024-11-21T14:05:13+08:00][sql] SHOW FULL COLUMNS FROM `cmf_plugin` [ RunTime:0.000550s ]
[2024-11-21T14:05:13+08:00][sql] SELECT `config` FROM `cmf_plugin` WHERE  `name` = 'Qiniu' LIMIT 1 [ RunTime:0.000252s ]
[2024-11-21T14:05:13+08:00][sql] SHOW FULL COLUMNS FROM `cmf_liang` [ RunTime:0.000467s ]
[2024-11-21T14:05:13+08:00][sql] SELECT * FROM `cmf_liang` WHERE  `uid` = 4 ORDER BY `buytime` DESC [ RunTime:0.000286s ]
[2024-11-21T14:05:13+08:00][sql] SHOW FULL COLUMNS FROM `cmf_car_user` [ RunTime:0.000465s ]
[2024-11-21T14:05:13+08:00][sql] SELECT * FROM `cmf_car_user` WHERE  `uid` = 4  AND `endtime` > 1732169113 [ RunTime:0.000264s ]
[2024-11-21T14:05:13+08:00][sql] SHOW FULL COLUMNS FROM `cmf_theme_file` [ RunTime:0.000510s ]
[2024-11-21T14:05:13+08:00][sql] SELECT `more` FROM `cmf_theme_file` WHERE  `theme` = 'default'  AND (  `is_public` = 1 OR `file` = '../appapi/equipment/index' ) [ RunTime:0.000287s ]
[2024-11-21T14:06:19+08:00][sql] CONNECT:[ UseTime:0.000404s ] mysql:host=43.241.16.146;port=3306;dbname=zhibo;charset=utf8mb4
[2024-11-21T14:06:19+08:00][sql] SHOW FULL COLUMNS FROM `cmf_hook` [ RunTime:0.000658s ]
[2024-11-21T14:06:19+08:00][sql] SELECT `hook`,`id` FROM `cmf_hook` WHERE  (  (  `app` = '' OR `app` = 'cmf' )  AND `type` = 3 ) OR `type` = 1 [ RunTime:0.000401s ]
[2024-11-21T14:06:19+08:00][sql] SHOW FULL COLUMNS FROM `cmf_hook_plugin` [ RunTime:0.000450s ]
[2024-11-21T14:06:19+08:00][sql] SELECT `hook`,`plugin` FROM `cmf_hook_plugin` WHERE  `status` = 1  AND `hook` IN ('app_begin','module_init','action_begin','view_filter','app_end','log_write','response_end','admin_init','home_init','send_mobile_verification_code','body_start','before_head_end','footer_start','before_footer','before_footer_end','before_body_end','left_sidebar_start','before_left_sidebar_end','right_sidebar_start','before_right_sidebar_end','comment','guestbook','switch_theme','after_content','before_content','log_write_done','switch_admin_theme','captcha_image') ORDER BY `list_order` ASC [ RunTime:0.000428s ]
[2024-11-21T14:06:19+08:00][sql] CONNECT:[ UseTime:0.000287s ] mysql:host=43.241.16.146;port=3306;dbname=zhibo;charset=utf8mb4
[2024-11-21T14:06:19+08:00][sql] SHOW FULL COLUMNS FROM `cmf_hook` [ RunTime:0.000509s ]
[2024-11-21T14:06:19+08:00][sql] SELECT `hook`,`id` FROM `cmf_hook` WHERE  (  (  `app` = '' OR `app` = 'cmf' )  AND `type` = 3 ) OR `type` = 1 [ RunTime:0.000336s ]
[2024-11-21T14:06:19+08:00][sql] SHOW FULL COLUMNS FROM `cmf_hook_plugin` [ RunTime:0.000444s ]
[2024-11-21T14:06:19+08:00][sql] SELECT `hook`,`plugin` FROM `cmf_hook_plugin` WHERE  `status` = 1  AND `hook` IN ('app_begin','module_init','action_begin','view_filter','app_end','log_write','response_end','admin_init','home_init','send_mobile_verification_code','body_start','before_head_end','footer_start','before_footer','before_footer_end','before_body_end','left_sidebar_start','before_left_sidebar_end','right_sidebar_start','before_right_sidebar_end','comment','guestbook','switch_theme','after_content','before_content','log_write_done','switch_admin_theme','captcha_image') ORDER BY `list_order` ASC [ RunTime:0.000411s ]
[2024-11-21T14:06:19+08:00][sql] SHOW FULL COLUMNS FROM `cmf_plugin` [ RunTime:0.000547s ]
[2024-11-21T14:06:19+08:00][sql] SELECT `config` FROM `cmf_plugin` WHERE  `name` = 'Qiniu' LIMIT 1 [ RunTime:0.000249s ]
[2024-11-21T14:06:19+08:00][sql] SHOW FULL COLUMNS FROM `cmf_live` [ RunTime:0.000620s ]
[2024-11-21T14:06:19+08:00][sql] SELECT * FROM `cmf_live` WHERE  ( islive='1' and isrecommend='1' and type='0' and live_type=0 ) [ RunTime:0.000418s ]
[2024-11-21T14:06:19+08:00][sql] SHOW FULL COLUMNS FROM `cmf_slide_item` [ RunTime:0.000475s ]
[2024-11-21T14:06:19+08:00][sql] SELECT * FROM `cmf_slide_item` WHERE  ( status='1' and slide_id='1' ) ORDER BY `list_order` ASC [ RunTime:0.000304s ]
[2024-11-21T14:06:19+08:00][sql] SHOW FULL COLUMNS FROM `cmf_live_class` [ RunTime:0.000466s ]
[2024-11-21T14:06:19+08:00][sql] SELECT * FROM `cmf_live_class` ORDER BY `list_order` LIMIT 5 [ RunTime:0.000284s ]
[2024-11-21T14:06:19+08:00][sql] SELECT * FROM `cmf_live` WHERE  `islive` = 1  AND `live_type` = 0  AND `liveclassid` = 8 ORDER BY `recommend_time` DESC,`starttime` DESC LIMIT 5 [ RunTime:0.000410s ]
[2024-11-21T14:06:19+08:00][sql] SELECT `uid`,`thumb`,`stream`,`title`,`city`,`islive`,`type` FROM `cmf_live` WHERE  ( islive='1' and ishot='1' and live_type=0 ) ORDER BY `isrecommend` DESC,`recommend_time` DESC,`hotvotes` DESC,`starttime` DESC LIMIT 5 [ RunTime:0.000306s ]
[2024-11-21T14:06:19+08:00][sql] SELECT `uid`,`thumb`,`stream`,`title`,`city`,`islive`,`type` FROM `cmf_live` WHERE  ( islive='1' and live_type=0 ) ORDER BY `starttime` DESC LIMIT 5 [ RunTime:0.000261s ]
[2024-11-21T14:06:19+08:00][sql] SHOW FULL COLUMNS FROM `cmf_theme_file` [ RunTime:0.000520s ]
[2024-11-21T14:06:19+08:00][sql] SELECT `more` FROM `cmf_theme_file` WHERE  `theme` = 'default'  AND (  `is_public` = 1 OR `file` = '../home/index/index' ) [ RunTime:0.000276s ]
[2024-11-21T14:06:19+08:00][sql] CONNECT:[ UseTime:0.000260s ] mysql:host=43.241.16.146;port=3306;dbname=zhibo;charset=utf8mb4
[2024-11-21T14:06:19+08:00][sql] SHOW FULL COLUMNS FROM `cmf_hook` [ RunTime:0.000458s ]
[2024-11-21T14:06:19+08:00][sql] SELECT `hook`,`id` FROM `cmf_hook` WHERE  (  (  `app` = '' OR `app` = 'cmf' )  AND `type` = 3 ) OR `type` = 1 [ RunTime:0.000328s ]
[2024-11-21T14:06:19+08:00][sql] SHOW FULL COLUMNS FROM `cmf_hook_plugin` [ RunTime:0.000434s ]
[2024-11-21T14:06:19+08:00][sql] SELECT `hook`,`plugin` FROM `cmf_hook_plugin` WHERE  `status` = 1  AND `hook` IN ('app_begin','module_init','action_begin','view_filter','app_end','log_write','response_end','admin_init','home_init','send_mobile_verification_code','body_start','before_head_end','footer_start','before_footer','before_footer_end','before_body_end','left_sidebar_start','before_left_sidebar_end','right_sidebar_start','before_right_sidebar_end','comment','guestbook','switch_theme','after_content','before_content','log_write_done','switch_admin_theme','captcha_image') ORDER BY `list_order` ASC [ RunTime:0.000386s ]
[2024-11-21T14:06:20+08:00][sql] CONNECT:[ UseTime:0.000264s ] mysql:host=43.241.16.146;port=3306;dbname=zhibo;charset=utf8mb4
[2024-11-21T14:06:20+08:00][sql] SHOW FULL COLUMNS FROM `cmf_hook` [ RunTime:0.000462s ]
[2024-11-21T14:06:20+08:00][sql] SELECT `hook`,`id` FROM `cmf_hook` WHERE  (  (  `app` = '' OR `app` = 'cmf' )  AND `type` = 3 ) OR `type` = 1 [ RunTime:0.000334s ]
[2024-11-21T14:06:20+08:00][sql] SHOW FULL COLUMNS FROM `cmf_hook_plugin` [ RunTime:0.000425s ]
[2024-11-21T14:06:20+08:00][sql] SELECT `hook`,`plugin` FROM `cmf_hook_plugin` WHERE  `status` = 1  AND `hook` IN ('app_begin','module_init','action_begin','view_filter','app_end','log_write','response_end','admin_init','home_init','send_mobile_verification_code','body_start','before_head_end','footer_start','before_footer','before_footer_end','before_body_end','left_sidebar_start','before_left_sidebar_end','right_sidebar_start','before_right_sidebar_end','comment','guestbook','switch_theme','after_content','before_content','log_write_done','switch_admin_theme','captcha_image') ORDER BY `list_order` ASC [ RunTime:0.000413s ]
[2024-11-21T14:06:20+08:00][sql] CONNECT:[ UseTime:0.000269s ] mysql:host=43.241.16.146;port=3306;dbname=zhibo;charset=utf8mb4
[2024-11-21T14:06:20+08:00][sql] SHOW FULL COLUMNS FROM `cmf_hook` [ RunTime:0.000466s ]
[2024-11-21T14:06:20+08:00][sql] SELECT `hook`,`id` FROM `cmf_hook` WHERE  (  (  `app` = '' OR `app` = 'cmf' )  AND `type` = 3 ) OR `type` = 1 [ RunTime:0.000334s ]
[2024-11-21T14:06:20+08:00][sql] SHOW FULL COLUMNS FROM `cmf_hook_plugin` [ RunTime:0.000432s ]
[2024-11-21T14:06:20+08:00][sql] SELECT `hook`,`plugin` FROM `cmf_hook_plugin` WHERE  `status` = 1  AND `hook` IN ('app_begin','module_init','action_begin','view_filter','app_end','log_write','response_end','admin_init','home_init','send_mobile_verification_code','body_start','before_head_end','footer_start','before_footer','before_footer_end','before_body_end','left_sidebar_start','before_left_sidebar_end','right_sidebar_start','before_right_sidebar_end','comment','guestbook','switch_theme','after_content','before_content','log_write_done','switch_admin_theme','captcha_image') ORDER BY `list_order` ASC [ RunTime:0.000393s ]
[2024-11-21T14:06:20+08:00][sql] SHOW FULL COLUMNS FROM `cmf_plugin` [ RunTime:0.000502s ]
[2024-11-21T14:06:20+08:00][sql] SELECT `config` FROM `cmf_plugin` WHERE  `name` = 'Qiniu' LIMIT 1 [ RunTime:0.000252s ]
[2024-11-21T14:06:20+08:00][sql] CONNECT:[ UseTime:0.000264s ] mysql:host=43.241.16.146;port=3306;dbname=zhibo;charset=utf8mb4
[2024-11-21T14:06:20+08:00][sql] SHOW FULL COLUMNS FROM `cmf_hook` [ RunTime:0.000459s ]
[2024-11-21T14:06:20+08:00][sql] SELECT `hook`,`id` FROM `cmf_hook` WHERE  (  (  `app` = '' OR `app` = 'cmf' )  AND `type` = 3 ) OR `type` = 1 [ RunTime:0.000333s ]
[2024-11-21T14:06:20+08:00][sql] SHOW FULL COLUMNS FROM `cmf_hook_plugin` [ RunTime:0.000425s ]
[2024-11-21T14:06:20+08:00][sql] SELECT `hook`,`plugin` FROM `cmf_hook_plugin` WHERE  `status` = 1  AND `hook` IN ('app_begin','module_init','action_begin','view_filter','app_end','log_write','response_end','admin_init','home_init','send_mobile_verification_code','body_start','before_head_end','footer_start','before_footer','before_footer_end','before_body_end','left_sidebar_start','before_left_sidebar_end','right_sidebar_start','before_right_sidebar_end','comment','guestbook','switch_theme','after_content','before_content','log_write_done','switch_admin_theme','captcha_image') ORDER BY `list_order` ASC [ RunTime:0.000402s ]
[2024-11-21T14:07:21+08:00][sql] CONNECT:[ UseTime:0.000271s ] mysql:host=43.241.16.146;port=3306;dbname=zhibo;charset=utf8mb4
[2024-11-21T14:07:21+08:00][sql] SHOW FULL COLUMNS FROM `cmf_hook` [ RunTime:0.000469s ]
[2024-11-21T14:07:21+08:00][sql] SELECT `hook`,`id` FROM `cmf_hook` WHERE  (  (  `app` = '' OR `app` = 'cmf' )  AND `type` = 3 ) OR `type` = 1 [ RunTime:0.000329s ]
[2024-11-21T14:07:21+08:00][sql] SHOW FULL COLUMNS FROM `cmf_hook_plugin` [ RunTime:0.000434s ]
[2024-11-21T14:07:21+08:00][sql] SELECT `hook`,`plugin` FROM `cmf_hook_plugin` WHERE  `status` = 1  AND `hook` IN ('app_begin','module_init','action_begin','view_filter','app_end','log_write','response_end','admin_init','home_init','send_mobile_verification_code','body_start','before_head_end','footer_start','before_footer','before_footer_end','before_body_end','left_sidebar_start','before_left_sidebar_end','right_sidebar_start','before_right_sidebar_end','comment','guestbook','switch_theme','after_content','before_content','log_write_done','switch_admin_theme','captcha_image') ORDER BY `list_order` ASC [ RunTime:0.000388s ]
[2024-11-21T14:07:21+08:00][sql] SHOW FULL COLUMNS FROM `cmf_plugin` [ RunTime:0.000505s ]
[2024-11-21T14:07:21+08:00][sql] SELECT `config` FROM `cmf_plugin` WHERE  `name` = 'Qiniu' LIMIT 1 [ RunTime:0.000244s ]
[2024-11-21T14:07:21+08:00][sql] SHOW FULL COLUMNS FROM `cmf_live` [ RunTime:0.000595s ]
[2024-11-21T14:07:21+08:00][sql] SELECT * FROM `cmf_live` WHERE  ( islive='1' and isrecommend='1' and type='0' and live_type=0 ) [ RunTime:0.000394s ]
[2024-11-21T14:07:21+08:00][sql] SHOW FULL COLUMNS FROM `cmf_slide_item` [ RunTime:0.000467s ]
[2024-11-21T14:07:21+08:00][sql] SELECT * FROM `cmf_slide_item` WHERE  ( status='1' and slide_id='1' ) ORDER BY `list_order` ASC [ RunTime:0.000296s ]
[2024-11-21T14:07:21+08:00][sql] SHOW FULL COLUMNS FROM `cmf_live_class` [ RunTime:0.000472s ]
[2024-11-21T14:07:21+08:00][sql] SELECT * FROM `cmf_live_class` ORDER BY `list_order` LIMIT 5 [ RunTime:0.000279s ]
[2024-11-21T14:07:21+08:00][sql] SELECT * FROM `cmf_live` WHERE  `islive` = 1  AND `live_type` = 0  AND `liveclassid` = 8 ORDER BY `recommend_time` DESC,`starttime` DESC LIMIT 5 [ RunTime:0.000405s ]
[2024-11-21T14:07:21+08:00][sql] SELECT `uid`,`thumb`,`stream`,`title`,`city`,`islive`,`type` FROM `cmf_live` WHERE  ( islive='1' and ishot='1' and live_type=0 ) ORDER BY `isrecommend` DESC,`recommend_time` DESC,`hotvotes` DESC,`starttime` DESC LIMIT 5 [ RunTime:0.000309s ]
[2024-11-21T14:07:21+08:00][sql] SELECT `uid`,`thumb`,`stream`,`title`,`city`,`islive`,`type` FROM `cmf_live` WHERE  ( islive='1' and live_type=0 ) ORDER BY `starttime` DESC LIMIT 5 [ RunTime:0.000260s ]
[2024-11-21T14:07:21+08:00][sql] SHOW FULL COLUMNS FROM `cmf_theme_file` [ RunTime:0.000489s ]
[2024-11-21T14:07:21+08:00][sql] SELECT `more` FROM `cmf_theme_file` WHERE  `theme` = 'default'  AND (  `is_public` = 1 OR `file` = '../home/index/index' ) [ RunTime:0.000272s ]
[2024-11-21T14:14:25+08:00][sql] CONNECT:[ UseTime:0.000434s ] mysql:host=43.241.16.146;port=3306;dbname=zhibo;charset=utf8mb4
[2024-11-21T14:14:25+08:00][sql] SHOW FULL COLUMNS FROM `cmf_hook` [ RunTime:0.000650s ]
[2024-11-21T14:14:25+08:00][sql] SELECT `hook`,`id` FROM `cmf_hook` WHERE  (  (  `app` = '' OR `app` = 'cmf' )  AND `type` = 3 ) OR `type` = 1 [ RunTime:0.000400s ]
[2024-11-21T14:14:25+08:00][sql] SHOW FULL COLUMNS FROM `cmf_hook_plugin` [ RunTime:0.000448s ]
[2024-11-21T14:14:25+08:00][sql] SELECT `hook`,`plugin` FROM `cmf_hook_plugin` WHERE  `status` = 1  AND `hook` IN ('app_begin','module_init','action_begin','view_filter','app_end','log_write','response_end','admin_init','home_init','send_mobile_verification_code','body_start','before_head_end','footer_start','before_footer','before_footer_end','before_body_end','left_sidebar_start','before_left_sidebar_end','right_sidebar_start','before_right_sidebar_end','comment','guestbook','switch_theme','after_content','before_content','log_write_done','switch_admin_theme','captcha_image') ORDER BY `list_order` ASC [ RunTime:0.000416s ]
[2024-11-21T14:14:25+08:00][sql] SHOW FULL COLUMNS FROM `cmf_plugin` [ RunTime:0.000563s ]
[2024-11-21T14:14:25+08:00][sql] SELECT `config` FROM `cmf_plugin` WHERE  `name` = 'Qiniu' LIMIT 1 [ RunTime:0.000257s ]
[2024-11-21T14:14:25+08:00][sql] SHOW FULL COLUMNS FROM `cmf_live` [ RunTime:0.000602s ]
[2024-11-21T14:14:25+08:00][sql] SELECT * FROM `cmf_live` WHERE  ( islive='1' and isrecommend='1' and type='0' and live_type=0 ) [ RunTime:0.000426s ]
[2024-11-21T14:14:25+08:00][sql] SHOW FULL COLUMNS FROM `cmf_slide_item` [ RunTime:0.000483s ]
[2024-11-21T14:14:25+08:00][sql] SELECT * FROM `cmf_slide_item` WHERE  ( status='1' and slide_id='1' ) ORDER BY `list_order` ASC [ RunTime:0.000304s ]
[2024-11-21T14:14:25+08:00][sql] SHOW FULL COLUMNS FROM `cmf_live_class` [ RunTime:0.000469s ]
[2024-11-21T14:14:25+08:00][sql] SELECT * FROM `cmf_live_class` ORDER BY `list_order` LIMIT 5 [ RunTime:0.000295s ]
[2024-11-21T14:14:25+08:00][sql] SELECT * FROM `cmf_live` WHERE  `islive` = 1  AND `live_type` = 0  AND `liveclassid` = 8 ORDER BY `recommend_time` DESC,`starttime` DESC LIMIT 5 [ RunTime:0.000414s ]
[2024-11-21T14:14:25+08:00][sql] SELECT `uid`,`thumb`,`stream`,`title`,`city`,`islive`,`type` FROM `cmf_live` WHERE  ( islive='1' and ishot='1' and live_type=0 ) ORDER BY `isrecommend` DESC,`recommend_time` DESC,`hotvotes` DESC,`starttime` DESC LIMIT 5 [ RunTime:0.000321s ]
[2024-11-21T14:14:25+08:00][sql] SELECT `uid`,`thumb`,`stream`,`title`,`city`,`islive`,`type` FROM `cmf_live` WHERE  ( islive='1' and live_type=0 ) ORDER BY `starttime` DESC LIMIT 5 [ RunTime:0.000266s ]
[2024-11-21T14:14:25+08:00][sql] SHOW FULL COLUMNS FROM `cmf_theme_file` [ RunTime:0.000526s ]
[2024-11-21T14:14:25+08:00][sql] SELECT `more` FROM `cmf_theme_file` WHERE  `theme` = 'default'  AND (  `is_public` = 1 OR `file` = '../home/index/index' ) [ RunTime:0.000282s ]
[2024-11-21T14:14:26+08:00][sql] CONNECT:[ UseTime:0.000317s ] mysql:host=43.241.16.146;port=3306;dbname=zhibo;charset=utf8mb4
[2024-11-21T14:14:26+08:00][sql] SHOW FULL COLUMNS FROM `cmf_hook` [ RunTime:0.000517s ]
[2024-11-21T14:14:26+08:00][sql] SELECT `hook`,`id` FROM `cmf_hook` WHERE  (  (  `app` = '' OR `app` = 'cmf' )  AND `type` = 3 ) OR `type` = 1 [ RunTime:0.000343s ]
[2024-11-21T14:14:26+08:00][sql] SHOW FULL COLUMNS FROM `cmf_hook_plugin` [ RunTime:0.000455s ]
[2024-11-21T14:14:26+08:00][sql] SELECT `hook`,`plugin` FROM `cmf_hook_plugin` WHERE  `status` = 1  AND `hook` IN ('app_begin','module_init','action_begin','view_filter','app_end','log_write','response_end','admin_init','home_init','send_mobile_verification_code','body_start','before_head_end','footer_start','before_footer','before_footer_end','before_body_end','left_sidebar_start','before_left_sidebar_end','right_sidebar_start','before_right_sidebar_end','comment','guestbook','switch_theme','after_content','before_content','log_write_done','switch_admin_theme','captcha_image') ORDER BY `list_order` ASC [ RunTime:0.000396s ]
[2024-11-21T14:14:26+08:00][sql] SELECT `hook` FROM `cmf_hook` WHERE  `app` = 'wxshare' [ RunTime:0.000265s ]
[2024-11-21T14:14:26+08:00][sql] SELECT `hook`,`plugin` FROM `cmf_hook_plugin` WHERE  `status` = 1  AND 0 = 1 ORDER BY `list_order` ASC [ RunTime:0.000215s ]
[2024-11-21T14:14:26+08:00][sql] SHOW FULL COLUMNS FROM `cmf_plugin` [ RunTime:0.000506s ]
[2024-11-21T14:14:26+08:00][sql] SELECT `config` FROM `cmf_plugin` WHERE  `name` = 'Qiniu' LIMIT 1 [ RunTime:0.000241s ]
[2024-11-21T14:14:26+08:00][sql] SHOW FULL COLUMNS FROM `cmf_slide_item` [ RunTime:0.000466s ]
[2024-11-21T14:14:26+08:00][sql] SELECT * FROM `cmf_slide_item` WHERE  ( status='1' and slide_id='6' ) ORDER BY `list_order` ASC [ RunTime:0.000308s ]
[2024-11-21T14:14:26+08:00][sql] SHOW FULL COLUMNS FROM `cmf_live` [ RunTime:0.000596s ]
[2024-11-21T14:14:26+08:00][sql] SELECT `uid`,`title`,`city`,`stream`,`pull`,`thumb`,`type` FROM `cmf_live` WHERE  `islive` = 1  AND `live_type` = 0  AND `ishot` = 1 ORDER BY `recommend_time` DESC,`starttime` DESC LIMIT 0,20 [ RunTime:0.000338s ]
[2024-11-21T14:14:26+08:00][sql] SHOW FULL COLUMNS FROM `cmf_theme_file` [ RunTime:0.000479s ]
[2024-11-21T14:14:26+08:00][sql] SELECT `more` FROM `cmf_theme_file` WHERE  `theme` = 'default'  AND (  `is_public` = 1 OR `file` = '../wxshare/share/index' ) [ RunTime:0.000281s ]
[2024-11-21T14:18:22+08:00][sql] CONNECT:[ UseTime:0.000396s ] mysql:host=43.241.16.146;port=3306;dbname=zhibo;charset=utf8mb4
[2024-11-21T14:18:22+08:00][sql] SHOW FULL COLUMNS FROM `cmf_hook` [ RunTime:0.000649s ]
[2024-11-21T14:18:22+08:00][sql] SELECT `hook`,`id` FROM `cmf_hook` WHERE  (  (  `app` = '' OR `app` = 'cmf' )  AND `type` = 3 ) OR `type` = 1 [ RunTime:0.000405s ]
[2024-11-21T14:18:22+08:00][sql] SHOW FULL COLUMNS FROM `cmf_hook_plugin` [ RunTime:0.000437s ]
[2024-11-21T14:18:22+08:00][sql] SELECT `hook`,`plugin` FROM `cmf_hook_plugin` WHERE  `status` = 1  AND `hook` IN ('app_begin','module_init','action_begin','view_filter','app_end','log_write','response_end','admin_init','home_init','send_mobile_verification_code','body_start','before_head_end','footer_start','before_footer','before_footer_end','before_body_end','left_sidebar_start','before_left_sidebar_end','right_sidebar_start','before_right_sidebar_end','comment','guestbook','switch_theme','after_content','before_content','log_write_done','switch_admin_theme','captcha_image') ORDER BY `list_order` ASC [ RunTime:0.000410s ]
[2024-11-21T14:18:22+08:00][sql] SHOW FULL COLUMNS FROM `cmf_plugin` [ RunTime:0.000522s ]
[2024-11-21T14:18:22+08:00][sql] SELECT `config` FROM `cmf_plugin` WHERE  `name` = 'Qiniu' LIMIT 1 [ RunTime:0.000251s ]
[2024-11-21T14:18:22+08:00][sql] SHOW FULL COLUMNS FROM `cmf_live` [ RunTime:0.000596s ]
[2024-11-21T14:18:22+08:00][sql] SELECT * FROM `cmf_live` WHERE  ( islive='1' and isrecommend='1' and type='0' and live_type=0 ) [ RunTime:0.000433s ]
[2024-11-21T14:18:22+08:00][sql] SHOW FULL COLUMNS FROM `cmf_slide_item` [ RunTime:0.000467s ]
[2024-11-21T14:18:22+08:00][sql] SELECT * FROM `cmf_slide_item` WHERE  ( status='1' and slide_id='1' ) ORDER BY `list_order` ASC [ RunTime:0.000303s ]
[2024-11-21T14:18:22+08:00][sql] SHOW FULL COLUMNS FROM `cmf_live_class` [ RunTime:0.000464s ]
[2024-11-21T14:18:22+08:00][sql] SELECT * FROM `cmf_live_class` ORDER BY `list_order` LIMIT 5 [ RunTime:0.000288s ]
[2024-11-21T14:18:22+08:00][sql] SELECT * FROM `cmf_live` WHERE  `islive` = 1  AND `live_type` = 0  AND `liveclassid` = 8 ORDER BY `recommend_time` DESC,`starttime` DESC LIMIT 5 [ RunTime:0.000418s ]
[2024-11-21T14:18:22+08:00][sql] SELECT `uid`,`thumb`,`stream`,`title`,`city`,`islive`,`type` FROM `cmf_live` WHERE  ( islive='1' and ishot='1' and live_type=0 ) ORDER BY `isrecommend` DESC,`recommend_time` DESC,`hotvotes` DESC,`starttime` DESC LIMIT 5 [ RunTime:0.000303s ]
[2024-11-21T14:18:22+08:00][sql] SELECT `uid`,`thumb`,`stream`,`title`,`city`,`islive`,`type` FROM `cmf_live` WHERE  ( islive='1' and live_type=0 ) ORDER BY `starttime` DESC LIMIT 5 [ RunTime:0.000270s ]
[2024-11-21T14:18:22+08:00][sql] SHOW FULL COLUMNS FROM `cmf_theme_file` [ RunTime:0.000485s ]
[2024-11-21T14:18:22+08:00][sql] SELECT `more` FROM `cmf_theme_file` WHERE  `theme` = 'default'  AND (  `is_public` = 1 OR `file` = '../home/index/index' ) [ RunTime:0.000281s ]
[2024-11-21T14:19:35+08:00][sql] CONNECT:[ UseTime:0.000394s ] mysql:host=43.241.16.146;port=3306;dbname=zhibo;charset=utf8mb4
[2024-11-21T14:19:35+08:00][sql] SHOW FULL COLUMNS FROM `cmf_hook` [ RunTime:0.000634s ]
[2024-11-21T14:19:35+08:00][sql] SELECT `hook`,`id` FROM `cmf_hook` WHERE  (  (  `app` = '' OR `app` = 'cmf' )  AND `type` = 3 ) OR `type` = 1 [ RunTime:0.000398s ]
[2024-11-21T14:19:35+08:00][sql] SHOW FULL COLUMNS FROM `cmf_hook_plugin` [ RunTime:0.000434s ]
[2024-11-21T14:19:35+08:00][sql] SELECT `hook`,`plugin` FROM `cmf_hook_plugin` WHERE  `status` = 1  AND `hook` IN ('app_begin','module_init','action_begin','view_filter','app_end','log_write','response_end','admin_init','home_init','send_mobile_verification_code','body_start','before_head_end','footer_start','before_footer','before_footer_end','before_body_end','left_sidebar_start','before_left_sidebar_end','right_sidebar_start','before_right_sidebar_end','comment','guestbook','switch_theme','after_content','before_content','log_write_done','switch_admin_theme','captcha_image') ORDER BY `list_order` ASC [ RunTime:0.000423s ]
[2024-11-21T14:19:35+08:00][sql] SHOW FULL COLUMNS FROM `cmf_plugin` [ RunTime:0.000556s ]
[2024-11-21T14:19:35+08:00][sql] SELECT `config` FROM `cmf_plugin` WHERE  `name` = 'Qiniu' LIMIT 1 [ RunTime:0.000256s ]
[2024-11-21T14:19:35+08:00][sql] SHOW FULL COLUMNS FROM `cmf_live` [ RunTime:0.000603s ]
[2024-11-21T14:19:35+08:00][sql] SELECT * FROM `cmf_live` WHERE  ( islive='1' and isrecommend='1' and type='0' and live_type=0 ) [ RunTime:0.000415s ]
[2024-11-21T14:19:35+08:00][sql] SHOW FULL COLUMNS FROM `cmf_slide_item` [ RunTime:0.000479s ]
[2024-11-21T14:19:35+08:00][sql] SELECT * FROM `cmf_slide_item` WHERE  ( status='1' and slide_id='1' ) ORDER BY `list_order` ASC [ RunTime:0.000303s ]
[2024-11-21T14:19:35+08:00][sql] SHOW FULL COLUMNS FROM `cmf_live_class` [ RunTime:0.000465s ]
[2024-11-21T14:19:35+08:00][sql] SELECT * FROM `cmf_live_class` ORDER BY `list_order` LIMIT 5 [ RunTime:0.000265s ]
[2024-11-21T14:19:35+08:00][sql] SELECT * FROM `cmf_live` WHERE  `islive` = 1  AND `live_type` = 0  AND `liveclassid` = 8 ORDER BY `recommend_time` DESC,`starttime` DESC LIMIT 5 [ RunTime:0.000419s ]
[2024-11-21T14:19:35+08:00][sql] SELECT `uid`,`thumb`,`stream`,`title`,`city`,`islive`,`type` FROM `cmf_live` WHERE  ( islive='1' and ishot='1' and live_type=0 ) ORDER BY `isrecommend` DESC,`recommend_time` DESC,`hotvotes` DESC,`starttime` DESC LIMIT 5 [ RunTime:0.000311s ]
[2024-11-21T14:19:35+08:00][sql] SELECT `uid`,`thumb`,`stream`,`title`,`city`,`islive`,`type` FROM `cmf_live` WHERE  ( islive='1' and live_type=0 ) ORDER BY `starttime` DESC LIMIT 5 [ RunTime:0.000265s ]
[2024-11-21T14:19:35+08:00][sql] SHOW FULL COLUMNS FROM `cmf_theme_file` [ RunTime:0.000516s ]
[2024-11-21T14:19:35+08:00][sql] SELECT `more` FROM `cmf_theme_file` WHERE  `theme` = 'default'  AND (  `is_public` = 1 OR `file` = '../home/index/index' ) [ RunTime:0.000277s ]
[2024-11-21T14:19:38+08:00][sql] CONNECT:[ UseTime:0.000294s ] mysql:host=43.241.16.146;port=3306;dbname=zhibo;charset=utf8mb4
[2024-11-21T14:19:38+08:00][sql] SHOW FULL COLUMNS FROM `cmf_hook` [ RunTime:0.000503s ]
[2024-11-21T14:19:38+08:00][sql] SELECT `hook`,`id` FROM `cmf_hook` WHERE  (  (  `app` = '' OR `app` = 'cmf' )  AND `type` = 3 ) OR `type` = 1 [ RunTime:0.000333s ]
[2024-11-21T14:19:38+08:00][sql] SHOW FULL COLUMNS FROM `cmf_hook_plugin` [ RunTime:0.000436s ]
[2024-11-21T14:19:38+08:00][sql] SELECT `hook`,`plugin` FROM `cmf_hook_plugin` WHERE  `status` = 1  AND `hook` IN ('app_begin','module_init','action_begin','view_filter','app_end','log_write','response_end','admin_init','home_init','send_mobile_verification_code','body_start','before_head_end','footer_start','before_footer','before_footer_end','before_body_end','left_sidebar_start','before_left_sidebar_end','right_sidebar_start','before_right_sidebar_end','comment','guestbook','switch_theme','after_content','before_content','log_write_done','switch_admin_theme','captcha_image') ORDER BY `list_order` ASC [ RunTime:0.000405s ]
[2024-11-21T14:19:38+08:00][sql] SHOW FULL COLUMNS FROM `cmf_plugin` [ RunTime:0.000513s ]
[2024-11-21T14:19:38+08:00][sql] SELECT `config` FROM `cmf_plugin` WHERE  `name` = 'Qiniu' LIMIT 1 [ RunTime:0.000248s ]
[2024-11-21T14:19:38+08:00][sql] SHOW FULL COLUMNS FROM `cmf_slide_item` [ RunTime:0.000468s ]
[2024-11-21T14:19:38+08:00][sql] SELECT * FROM `cmf_slide_item` WHERE  ( status='1' and slide_id='6' ) ORDER BY `list_order` ASC [ RunTime:0.000302s ]
[2024-11-21T14:19:38+08:00][sql] SHOW FULL COLUMNS FROM `cmf_live` [ RunTime:0.000595s ]
[2024-11-21T14:19:38+08:00][sql] SELECT `uid`,`title`,`city`,`stream`,`pull`,`thumb`,`type` FROM `cmf_live` WHERE  `islive` = 1  AND `live_type` = 0  AND `ishot` = 1 ORDER BY `recommend_time` DESC,`starttime` DESC LIMIT 0,20 [ RunTime:0.000348s ]
[2024-11-21T14:19:38+08:00][sql] SHOW FULL COLUMNS FROM `cmf_theme_file` [ RunTime:0.000474s ]
[2024-11-21T14:19:38+08:00][sql] SELECT `more` FROM `cmf_theme_file` WHERE  `theme` = 'default'  AND (  `is_public` = 1 OR `file` = '../wxshare/share/index' ) [ RunTime:0.000279s ]
[2024-11-21T14:19:39+08:00][sql] CONNECT:[ UseTime:0.000285s ] mysql:host=43.241.16.146;port=3306;dbname=zhibo;charset=utf8mb4
[2024-11-21T14:19:39+08:00][sql] SHOW FULL COLUMNS FROM `cmf_hook` [ RunTime:0.000499s ]
[2024-11-21T14:19:39+08:00][sql] SELECT `hook`,`id` FROM `cmf_hook` WHERE  (  (  `app` = '' OR `app` = 'cmf' )  AND `type` = 3 ) OR `type` = 1 [ RunTime:0.000341s ]
[2024-11-21T14:19:39+08:00][sql] SHOW FULL COLUMNS FROM `cmf_hook_plugin` [ RunTime:0.000433s ]
[2024-11-21T14:19:39+08:00][sql] SELECT `hook`,`plugin` FROM `cmf_hook_plugin` WHERE  `status` = 1  AND `hook` IN ('app_begin','module_init','action_begin','view_filter','app_end','log_write','response_end','admin_init','home_init','send_mobile_verification_code','body_start','before_head_end','footer_start','before_footer','before_footer_end','before_body_end','left_sidebar_start','before_left_sidebar_end','right_sidebar_start','before_right_sidebar_end','comment','guestbook','switch_theme','after_content','before_content','log_write_done','switch_admin_theme','captcha_image') ORDER BY `list_order` ASC [ RunTime:0.000407s ]
[2024-11-21T14:27:33+08:00][sql] CONNECT:[ UseTime:0.000281s ] mysql:host=43.241.16.146;port=3306;dbname=zhibo;charset=utf8mb4
[2024-11-21T14:27:33+08:00][sql] SHOW FULL COLUMNS FROM `cmf_hook` [ RunTime:0.000554s ]
[2024-11-21T14:27:33+08:00][sql] SELECT `hook`,`id` FROM `cmf_hook` WHERE  (  (  `app` = '' OR `app` = 'cmf' )  AND `type` = 3 ) OR `type` = 1 [ RunTime:0.000345s ]
[2024-11-21T14:27:33+08:00][sql] SHOW FULL COLUMNS FROM `cmf_hook_plugin` [ RunTime:0.000438s ]
[2024-11-21T14:27:33+08:00][sql] SELECT `hook`,`plugin` FROM `cmf_hook_plugin` WHERE  `status` = 1  AND `hook` IN ('app_begin','module_init','action_begin','view_filter','app_end','log_write','response_end','admin_init','home_init','send_mobile_verification_code','body_start','before_head_end','footer_start','before_footer','before_footer_end','before_body_end','left_sidebar_start','before_left_sidebar_end','right_sidebar_start','before_right_sidebar_end','comment','guestbook','switch_theme','after_content','before_content','log_write_done','switch_admin_theme','captcha_image') ORDER BY `list_order` ASC [ RunTime:0.000417s ]
[2024-11-21T14:27:33+08:00][sql] SHOW FULL COLUMNS FROM `cmf_plugin` [ RunTime:0.000516s ]
[2024-11-21T14:27:33+08:00][sql] SELECT `config` FROM `cmf_plugin` WHERE  `name` = 'Qiniu' LIMIT 1 [ RunTime:0.000248s ]
[2024-11-21T14:27:33+08:00][sql] SHOW FULL COLUMNS FROM `cmf_user_auth` [ RunTime:0.000462s ]
[2024-11-21T14:27:33+08:00][sql] SELECT * FROM `cmf_user_auth` WHERE  `uid` = 7 LIMIT 1 [ RunTime:0.000266s ]
[2024-11-21T14:27:33+08:00][sql] SHOW FULL COLUMNS FROM `cmf_theme_file` [ RunTime:0.000470s ]
[2024-11-21T14:27:33+08:00][sql] SELECT `more` FROM `cmf_theme_file` WHERE  `theme` = 'default'  AND (  `is_public` = 1 OR `file` = '../appapi/auth/index' ) [ RunTime:0.000281s ]
[2024-11-21T14:27:34+08:00][sql] CONNECT:[ UseTime:0.000278s ] mysql:host=43.241.16.146;port=3306;dbname=zhibo;charset=utf8mb4
[2024-11-21T14:27:34+08:00][sql] SHOW FULL COLUMNS FROM `cmf_hook` [ RunTime:0.000471s ]
[2024-11-21T14:27:34+08:00][sql] SELECT `hook`,`id` FROM `cmf_hook` WHERE  (  (  `app` = '' OR `app` = 'cmf' )  AND `type` = 3 ) OR `type` = 1 [ RunTime:0.000334s ]
[2024-11-21T14:27:34+08:00][sql] SHOW FULL COLUMNS FROM `cmf_hook_plugin` [ RunTime:0.000443s ]
[2024-11-21T14:27:34+08:00][sql] SELECT `hook`,`plugin` FROM `cmf_hook_plugin` WHERE  `status` = 1  AND `hook` IN ('app_begin','module_init','action_begin','view_filter','app_end','log_write','response_end','admin_init','home_init','send_mobile_verification_code','body_start','before_head_end','footer_start','before_footer','before_footer_end','before_body_end','left_sidebar_start','before_left_sidebar_end','right_sidebar_start','before_right_sidebar_end','comment','guestbook','switch_theme','after_content','before_content','log_write_done','switch_admin_theme','captcha_image') ORDER BY `list_order` ASC [ RunTime:0.000399s ]
[2024-11-21T14:29:19+08:00][sql] CONNECT:[ UseTime:0.000388s ] mysql:host=43.241.16.146;port=3306;dbname=zhibo;charset=utf8mb4
[2024-11-21T14:29:19+08:00][sql] SHOW FULL COLUMNS FROM `cmf_hook` [ RunTime:0.000634s ]
[2024-11-21T14:29:19+08:00][sql] SELECT `hook`,`id` FROM `cmf_hook` WHERE  (  (  `app` = '' OR `app` = 'cmf' )  AND `type` = 3 ) OR `type` = 1 [ RunTime:0.000387s ]
[2024-11-21T14:29:19+08:00][sql] SHOW FULL COLUMNS FROM `cmf_hook_plugin` [ RunTime:0.000438s ]
[2024-11-21T14:29:19+08:00][sql] SELECT `hook`,`plugin` FROM `cmf_hook_plugin` WHERE  `status` = 1  AND `hook` IN ('app_begin','module_init','action_begin','view_filter','app_end','log_write','response_end','admin_init','home_init','send_mobile_verification_code','body_start','before_head_end','footer_start','before_footer','before_footer_end','before_body_end','left_sidebar_start','before_left_sidebar_end','right_sidebar_start','before_right_sidebar_end','comment','guestbook','switch_theme','after_content','before_content','log_write_done','switch_admin_theme','captcha_image') ORDER BY `list_order` ASC [ RunTime:0.000418s ]
[2024-11-21T14:29:19+08:00][sql] SHOW FULL COLUMNS FROM `cmf_plugin` [ RunTime:0.000504s ]
[2024-11-21T14:29:19+08:00][sql] SELECT `config` FROM `cmf_plugin` WHERE  `name` = 'Qiniu' LIMIT 1 [ RunTime:0.000244s ]
[2024-11-21T14:29:19+08:00][sql] SHOW FULL COLUMNS FROM `cmf_user_auth` [ RunTime:0.000461s ]
[2024-11-21T14:29:19+08:00][sql] SELECT * FROM `cmf_user_auth` WHERE  `uid` = 7 LIMIT 1 [ RunTime:0.000275s ]
[2024-11-21T14:29:19+08:00][sql] SHOW FULL COLUMNS FROM `cmf_theme_file` [ RunTime:0.000464s ]
[2024-11-21T14:29:19+08:00][sql] SELECT `more` FROM `cmf_theme_file` WHERE  `theme` = 'default'  AND (  `is_public` = 1 OR `file` = '../appapi/auth/index' ) [ RunTime:0.000283s ]
[2024-11-21T16:13:29+08:00][sql] CONNECT:[ UseTime:0.000401s ] mysql:host=43.241.16.146;port=3306;dbname=zhibo;charset=utf8mb4
[2024-11-21T16:13:29+08:00][sql] SHOW FULL COLUMNS FROM `cmf_hook` [ RunTime:0.000657s ]
[2024-11-21T16:13:29+08:00][sql] SELECT `hook`,`id` FROM `cmf_hook` WHERE  (  (  `app` = '' OR `app` = 'cmf' )  AND `type` = 3 ) OR `type` = 1 [ RunTime:0.000404s ]
[2024-11-21T16:13:29+08:00][sql] SHOW FULL COLUMNS FROM `cmf_hook_plugin` [ RunTime:0.000448s ]
[2024-11-21T16:13:29+08:00][sql] SELECT `hook`,`plugin` FROM `cmf_hook_plugin` WHERE  `status` = 1  AND `hook` IN ('app_begin','module_init','action_begin','view_filter','app_end','log_write','response_end','admin_init','home_init','send_mobile_verification_code','body_start','before_head_end','footer_start','before_footer','before_footer_end','before_body_end','left_sidebar_start','before_left_sidebar_end','right_sidebar_start','before_right_sidebar_end','comment','guestbook','switch_theme','after_content','before_content','log_write_done','switch_admin_theme','captcha_image') ORDER BY `list_order` ASC [ RunTime:0.000434s ]
[2024-11-21T16:13:29+08:00][sql] CONNECT:[ UseTime:0.000297s ] mysql:host=43.241.16.146;port=3306;dbname=zhibo;charset=utf8mb4
[2024-11-21T16:13:29+08:00][sql] SHOW FULL COLUMNS FROM `cmf_hook` [ RunTime:0.000536s ]
[2024-11-21T16:13:29+08:00][sql] SELECT `hook`,`id` FROM `cmf_hook` WHERE  (  (  `app` = '' OR `app` = 'cmf' )  AND `type` = 3 ) OR `type` = 1 [ RunTime:0.000343s ]
[2024-11-21T16:13:29+08:00][sql] SHOW FULL COLUMNS FROM `cmf_hook_plugin` [ RunTime:0.000455s ]
[2024-11-21T16:13:29+08:00][sql] SELECT `hook`,`plugin` FROM `cmf_hook_plugin` WHERE  `status` = 1  AND `hook` IN ('app_begin','module_init','action_begin','view_filter','app_end','log_write','response_end','admin_init','home_init','send_mobile_verification_code','body_start','before_head_end','footer_start','before_footer','before_footer_end','before_body_end','left_sidebar_start','before_left_sidebar_end','right_sidebar_start','before_right_sidebar_end','comment','guestbook','switch_theme','after_content','before_content','log_write_done','switch_admin_theme','captcha_image') ORDER BY `list_order` ASC [ RunTime:0.000426s ]
[2024-11-21T16:13:30+08:00][sql] CONNECT:[ UseTime:0.000282s ] mysql:host=43.241.16.146;port=3306;dbname=zhibo;charset=utf8mb4
[2024-11-21T16:13:30+08:00][sql] SHOW FULL COLUMNS FROM `cmf_hook` [ RunTime:0.000517s ]
[2024-11-21T16:13:30+08:00][sql] SELECT `hook`,`id` FROM `cmf_hook` WHERE  (  (  `app` = '' OR `app` = 'cmf' )  AND `type` = 3 ) OR `type` = 1 [ RunTime:0.000337s ]
[2024-11-21T16:13:30+08:00][sql] SHOW FULL COLUMNS FROM `cmf_hook_plugin` [ RunTime:0.000438s ]
[2024-11-21T16:13:30+08:00][sql] SELECT `hook`,`plugin` FROM `cmf_hook_plugin` WHERE  `status` = 1  AND `hook` IN ('app_begin','module_init','action_begin','view_filter','app_end','log_write','response_end','admin_init','home_init','send_mobile_verification_code','body_start','before_head_end','footer_start','before_footer','before_footer_end','before_body_end','left_sidebar_start','before_left_sidebar_end','right_sidebar_start','before_right_sidebar_end','comment','guestbook','switch_theme','after_content','before_content','log_write_done','switch_admin_theme','captcha_image') ORDER BY `list_order` ASC [ RunTime:0.000427s ]
[2024-11-21T16:14:29+08:00][sql] CONNECT:[ UseTime:0.000397s ] mysql:host=43.241.16.146;port=3306;dbname=zhibo;charset=utf8mb4
[2024-11-21T16:14:29+08:00][sql] SHOW FULL COLUMNS FROM `cmf_hook` [ RunTime:0.000639s ]
[2024-11-21T16:14:29+08:00][sql] SELECT `hook`,`id` FROM `cmf_hook` WHERE  (  (  `app` = '' OR `app` = 'cmf' )  AND `type` = 3 ) OR `type` = 1 [ RunTime:0.000396s ]
[2024-11-21T16:14:29+08:00][sql] SHOW FULL COLUMNS FROM `cmf_hook_plugin` [ RunTime:0.000455s ]
[2024-11-21T16:14:29+08:00][sql] SELECT `hook`,`plugin` FROM `cmf_hook_plugin` WHERE  `status` = 1  AND `hook` IN ('app_begin','module_init','action_begin','view_filter','app_end','log_write','response_end','admin_init','home_init','send_mobile_verification_code','body_start','before_head_end','footer_start','before_footer','before_footer_end','before_body_end','left_sidebar_start','before_left_sidebar_end','right_sidebar_start','before_right_sidebar_end','comment','guestbook','switch_theme','after_content','before_content','log_write_done','switch_admin_theme','captcha_image') ORDER BY `list_order` ASC [ RunTime:0.000429s ]
[2024-11-21T16:14:29+08:00][sql] CONNECT:[ UseTime:0.000304s ] mysql:host=43.241.16.146;port=3306;dbname=zhibo;charset=utf8mb4
[2024-11-21T16:14:29+08:00][sql] SHOW FULL COLUMNS FROM `cmf_hook` [ RunTime:0.000508s ]
[2024-11-21T16:14:29+08:00][sql] SELECT `hook`,`id` FROM `cmf_hook` WHERE  (  (  `app` = '' OR `app` = 'cmf' )  AND `type` = 3 ) OR `type` = 1 [ RunTime:0.000340s ]
[2024-11-21T16:14:29+08:00][sql] SHOW FULL COLUMNS FROM `cmf_hook_plugin` [ RunTime:0.000454s ]
[2024-11-21T16:14:29+08:00][sql] SELECT `hook`,`plugin` FROM `cmf_hook_plugin` WHERE  `status` = 1  AND `hook` IN ('app_begin','module_init','action_begin','view_filter','app_end','log_write','response_end','admin_init','home_init','send_mobile_verification_code','body_start','before_head_end','footer_start','before_footer','before_footer_end','before_body_end','left_sidebar_start','before_left_sidebar_end','right_sidebar_start','before_right_sidebar_end','comment','guestbook','switch_theme','after_content','before_content','log_write_done','switch_admin_theme','captcha_image') ORDER BY `list_order` ASC [ RunTime:0.000400s ]
[2024-11-21T16:14:30+08:00][sql] CONNECT:[ UseTime:0.000328s ] mysql:host=43.241.16.146;port=3306;dbname=zhibo;charset=utf8mb4
[2024-11-21T16:14:30+08:00][sql] SHOW FULL COLUMNS FROM `cmf_hook` [ RunTime:0.000579s ]
[2024-11-21T16:14:30+08:00][sql] SELECT `hook`,`id` FROM `cmf_hook` WHERE  (  (  `app` = '' OR `app` = 'cmf' )  AND `type` = 3 ) OR `type` = 1 [ RunTime:0.000403s ]
[2024-11-21T16:14:30+08:00][sql] SHOW FULL COLUMNS FROM `cmf_hook_plugin` [ RunTime:0.000523s ]
[2024-11-21T16:14:30+08:00][sql] SELECT `hook`,`plugin` FROM `cmf_hook_plugin` WHERE  `status` = 1  AND `hook` IN ('app_begin','module_init','action_begin','view_filter','app_end','log_write','response_end','admin_init','home_init','send_mobile_verification_code','body_start','before_head_end','footer_start','before_footer','before_footer_end','before_body_end','left_sidebar_start','before_left_sidebar_end','right_sidebar_start','before_right_sidebar_end','comment','guestbook','switch_theme','after_content','before_content','log_write_done','switch_admin_theme','captcha_image') ORDER BY `list_order` ASC [ RunTime:0.000479s ]
[2024-11-21T16:14:30+08:00][sql] CONNECT:[ UseTime:0.000296s ] mysql:host=43.241.16.146;port=3306;dbname=zhibo;charset=utf8mb4
[2024-11-21T16:14:30+08:00][sql] SHOW FULL COLUMNS FROM `cmf_hook` [ RunTime:0.000471s ]
[2024-11-21T16:14:30+08:00][sql] SELECT `hook`,`id` FROM `cmf_hook` WHERE  (  (  `app` = '' OR `app` = 'cmf' )  AND `type` = 3 ) OR `type` = 1 [ RunTime:0.000335s ]
[2024-11-21T16:14:30+08:00][sql] SHOW FULL COLUMNS FROM `cmf_hook_plugin` [ RunTime:0.000431s ]
[2024-11-21T16:14:30+08:00][sql] SELECT `hook`,`plugin` FROM `cmf_hook_plugin` WHERE  `status` = 1  AND `hook` IN ('app_begin','module_init','action_begin','view_filter','app_end','log_write','response_end','admin_init','home_init','send_mobile_verification_code','body_start','before_head_end','footer_start','before_footer','before_footer_end','before_body_end','left_sidebar_start','before_left_sidebar_end','right_sidebar_start','before_right_sidebar_end','comment','guestbook','switch_theme','after_content','before_content','log_write_done','switch_admin_theme','captcha_image') ORDER BY `list_order` ASC [ RunTime:0.000390s ]
[2024-11-21T16:14:30+08:00][sql] SHOW FULL COLUMNS FROM `cmf_plugin` [ RunTime:0.000543s ]
[2024-11-21T16:14:30+08:00][sql] SELECT `config` FROM `cmf_plugin` WHERE  `name` = 'Qiniu' LIMIT 1 [ RunTime:0.000249s ]
[2024-11-21T16:14:30+08:00][sql] SHOW FULL COLUMNS FROM `cmf_live` [ RunTime:0.000610s ]
[2024-11-21T16:14:30+08:00][sql] SELECT * FROM `cmf_live` WHERE  ( islive='1' and isrecommend='1' and type='0' and live_type=0 ) [ RunTime:0.000434s ]
[2024-11-21T16:14:30+08:00][sql] SHOW FULL COLUMNS FROM `cmf_slide_item` [ RunTime:0.000472s ]
[2024-11-21T16:14:30+08:00][sql] SELECT * FROM `cmf_slide_item` WHERE  ( status='1' and slide_id='1' ) ORDER BY `list_order` ASC [ RunTime:0.000303s ]
[2024-11-21T16:14:30+08:00][sql] SHOW FULL COLUMNS FROM `cmf_live_class` [ RunTime:0.000490s ]
[2024-11-21T16:14:30+08:00][sql] SELECT * FROM `cmf_live_class` ORDER BY `list_order` LIMIT 5 [ RunTime:0.000296s ]
[2024-11-21T16:14:30+08:00][sql] SELECT * FROM `cmf_live` WHERE  `islive` = 1  AND `live_type` = 0  AND `liveclassid` = 8 ORDER BY `recommend_time` DESC,`starttime` DESC LIMIT 5 [ RunTime:0.000414s ]
[2024-11-21T16:14:30+08:00][sql] SELECT `uid`,`thumb`,`stream`,`title`,`city`,`islive`,`type` FROM `cmf_live` WHERE  ( islive='1' and ishot='1' and live_type=0 ) ORDER BY `isrecommend` DESC,`recommend_time` DESC,`hotvotes` DESC,`starttime` DESC LIMIT 5 [ RunTime:0.000316s ]
[2024-11-21T16:14:30+08:00][sql] SELECT `uid`,`thumb`,`stream`,`title`,`city`,`islive`,`type` FROM `cmf_live` WHERE  ( islive='1' and live_type=0 ) ORDER BY `starttime` DESC LIMIT 5 [ RunTime:0.000265s ]
[2024-11-21T16:14:30+08:00][sql] SHOW FULL COLUMNS FROM `cmf_theme_file` [ RunTime:0.000522s ]
[2024-11-21T16:14:30+08:00][sql] SELECT `more` FROM `cmf_theme_file` WHERE  `theme` = 'default'  AND (  `is_public` = 1 OR `file` = '../home/index/index' ) [ RunTime:0.000288s ]
[2024-11-21T18:08:32+08:00][sql] CONNECT:[ UseTime:0.000278s ] mysql:host=43.241.16.146;port=3306;dbname=zhibo;charset=utf8mb4
[2024-11-21T18:08:32+08:00][sql] SHOW FULL COLUMNS FROM `cmf_hook` [ RunTime:0.000534s ]
[2024-11-21T18:08:32+08:00][sql] SELECT `hook`,`id` FROM `cmf_hook` WHERE  (  (  `app` = '' OR `app` = 'cmf' )  AND `type` = 3 ) OR `type` = 1 [ RunTime:0.000339s ]
[2024-11-21T18:08:32+08:00][sql] SHOW FULL COLUMNS FROM `cmf_hook_plugin` [ RunTime:0.000448s ]
[2024-11-21T18:08:32+08:00][sql] SELECT `hook`,`plugin` FROM `cmf_hook_plugin` WHERE  `status` = 1  AND `hook` IN ('app_begin','module_init','action_begin','view_filter','app_end','log_write','response_end','admin_init','home_init','send_mobile_verification_code','body_start','before_head_end','footer_start','before_footer','before_footer_end','before_body_end','left_sidebar_start','before_left_sidebar_end','right_sidebar_start','before_right_sidebar_end','comment','guestbook','switch_theme','after_content','before_content','log_write_done','switch_admin_theme','captcha_image') ORDER BY `list_order` ASC [ RunTime:0.000437s ]
[2024-11-21T18:08:32+08:00][sql] SHOW FULL COLUMNS FROM `cmf_plugin` [ RunTime:0.000518s ]
[2024-11-21T18:08:32+08:00][sql] SELECT `config` FROM `cmf_plugin` WHERE  `name` = 'Qiniu' LIMIT 1 [ RunTime:0.000254s ]
[2024-11-21T18:08:32+08:00][sql] SHOW FULL COLUMNS FROM `cmf_portal_post` [ RunTime:0.000500s ]
[2024-11-21T18:08:32+08:00][sql] SELECT * FROM `cmf_portal_post` WHERE  `id` = 10 LIMIT 1 [ RunTime:0.000276s ]
[2024-11-21T18:08:32+08:00][sql] SHOW FULL COLUMNS FROM `cmf_theme_file` [ RunTime:0.000472s ]
[2024-11-21T18:08:32+08:00][sql] SELECT `more` FROM `cmf_theme_file` WHERE  `theme` = 'default'  AND (  `is_public` = 1 OR `file` = '../portal/page/index' ) [ RunTime:0.000274s ]
[2024-11-21T18:08:40+08:00][sql] CONNECT:[ UseTime:0.000313s ] mysql:host=43.241.16.146;port=3306;dbname=zhibo;charset=utf8mb4
[2024-11-21T18:08:40+08:00][sql] SHOW FULL COLUMNS FROM `cmf_hook` [ RunTime:0.000461s ]
[2024-11-21T18:08:40+08:00][sql] SELECT `hook`,`id` FROM `cmf_hook` WHERE  (  (  `app` = '' OR `app` = 'cmf' )  AND `type` = 3 ) OR `type` = 1 [ RunTime:0.000329s ]
[2024-11-21T18:08:40+08:00][sql] SHOW FULL COLUMNS FROM `cmf_hook_plugin` [ RunTime:0.000450s ]
[2024-11-21T18:08:40+08:00][sql] SELECT `hook`,`plugin` FROM `cmf_hook_plugin` WHERE  `status` = 1  AND `hook` IN ('app_begin','module_init','action_begin','view_filter','app_end','log_write','response_end','admin_init','home_init','send_mobile_verification_code','body_start','before_head_end','footer_start','before_footer','before_footer_end','before_body_end','left_sidebar_start','before_left_sidebar_end','right_sidebar_start','before_right_sidebar_end','comment','guestbook','switch_theme','after_content','before_content','log_write_done','switch_admin_theme','captcha_image') ORDER BY `list_order` ASC [ RunTime:0.000388s ]
[2024-11-21T18:08:40+08:00][sql] SHOW FULL COLUMNS FROM `cmf_plugin` [ RunTime:0.000532s ]
[2024-11-21T18:08:40+08:00][sql] SELECT `config` FROM `cmf_plugin` WHERE  `name` = 'Qiniu' LIMIT 1 [ RunTime:0.000246s ]
[2024-11-21T18:08:40+08:00][sql] SHOW FULL COLUMNS FROM `cmf_portal_post` [ RunTime:0.000508s ]
[2024-11-21T18:08:40+08:00][sql] SELECT * FROM `cmf_portal_post` WHERE  `id` = 3 LIMIT 1 [ RunTime:0.000270s ]
[2024-11-21T18:08:40+08:00][sql] SHOW FULL COLUMNS FROM `cmf_theme_file` [ RunTime:0.000497s ]
[2024-11-21T18:08:40+08:00][sql] SELECT `more` FROM `cmf_theme_file` WHERE  `theme` = 'default'  AND (  `is_public` = 1 OR `file` = '../portal/page/index' ) [ RunTime:0.000284s ]
[2024-11-21T18:08:42+08:00][sql] CONNECT:[ UseTime:0.000264s ] mysql:host=43.241.16.146;port=3306;dbname=zhibo;charset=utf8mb4
[2024-11-21T18:08:42+08:00][sql] SHOW FULL COLUMNS FROM `cmf_hook` [ RunTime:0.000475s ]
[2024-11-21T18:08:42+08:00][sql] SELECT `hook`,`id` FROM `cmf_hook` WHERE  (  (  `app` = '' OR `app` = 'cmf' )  AND `type` = 3 ) OR `type` = 1 [ RunTime:0.000333s ]
[2024-11-21T18:08:42+08:00][sql] SHOW FULL COLUMNS FROM `cmf_hook_plugin` [ RunTime:0.000452s ]
[2024-11-21T18:08:42+08:00][sql] SELECT `hook`,`plugin` FROM `cmf_hook_plugin` WHERE  `status` = 1  AND `hook` IN ('app_begin','module_init','action_begin','view_filter','app_end','log_write','response_end','admin_init','home_init','send_mobile_verification_code','body_start','before_head_end','footer_start','before_footer','before_footer_end','before_body_end','left_sidebar_start','before_left_sidebar_end','right_sidebar_start','before_right_sidebar_end','comment','guestbook','switch_theme','after_content','before_content','log_write_done','switch_admin_theme','captcha_image') ORDER BY `list_order` ASC [ RunTime:0.000411s ]
[2024-11-21T18:08:42+08:00][sql] SHOW FULL COLUMNS FROM `cmf_plugin` [ RunTime:0.000539s ]
[2024-11-21T18:08:42+08:00][sql] SELECT `config` FROM `cmf_plugin` WHERE  `name` = 'Qiniu' LIMIT 1 [ RunTime:0.000248s ]
[2024-11-21T18:08:42+08:00][sql] SHOW FULL COLUMNS FROM `cmf_portal_post` [ RunTime:0.000493s ]
[2024-11-21T18:08:42+08:00][sql] SELECT * FROM `cmf_portal_post` WHERE  `id` = 2 LIMIT 1 [ RunTime:0.000285s ]
[2024-11-21T18:08:42+08:00][sql] SHOW FULL COLUMNS FROM `cmf_theme_file` [ RunTime:0.000500s ]
[2024-11-21T18:08:42+08:00][sql] SELECT `more` FROM `cmf_theme_file` WHERE  `theme` = 'default'  AND (  `is_public` = 1 OR `file` = '../portal/page/index' ) [ RunTime:0.000281s ]
[2024-11-21T18:08:46+08:00][sql] CONNECT:[ UseTime:0.000261s ] mysql:host=43.241.16.146;port=3306;dbname=zhibo;charset=utf8mb4
[2024-11-21T18:08:46+08:00][sql] SHOW FULL COLUMNS FROM `cmf_hook` [ RunTime:0.000457s ]
[2024-11-21T18:08:46+08:00][sql] SELECT `hook`,`id` FROM `cmf_hook` WHERE  (  (  `app` = '' OR `app` = 'cmf' )  AND `type` = 3 ) OR `type` = 1 [ RunTime:0.000334s ]
[2024-11-21T18:08:46+08:00][sql] SHOW FULL COLUMNS FROM `cmf_hook_plugin` [ RunTime:0.000425s ]
[2024-11-21T18:08:46+08:00][sql] SELECT `hook`,`plugin` FROM `cmf_hook_plugin` WHERE  `status` = 1  AND `hook` IN ('app_begin','module_init','action_begin','view_filter','app_end','log_write','response_end','admin_init','home_init','send_mobile_verification_code','body_start','before_head_end','footer_start','before_footer','before_footer_end','before_body_end','left_sidebar_start','before_left_sidebar_end','right_sidebar_start','before_right_sidebar_end','comment','guestbook','switch_theme','after_content','before_content','log_write_done','switch_admin_theme','captcha_image') ORDER BY `list_order` ASC [ RunTime:0.000385s ]
[2024-11-21T18:08:46+08:00][sql] SHOW FULL COLUMNS FROM `cmf_plugin` [ RunTime:0.000516s ]
[2024-11-21T18:08:46+08:00][sql] SELECT `config` FROM `cmf_plugin` WHERE  `name` = 'Qiniu' LIMIT 1 [ RunTime:0.000251s ]
[2024-11-21T18:08:46+08:00][sql] SHOW FULL COLUMNS FROM `cmf_user_auth` [ RunTime:0.000470s ]
[2024-11-21T18:08:46+08:00][sql] SELECT * FROM `cmf_user_auth` WHERE  `uid` = 3 LIMIT 1 [ RunTime:0.000259s ]
[2024-11-21T18:08:46+08:00][sql] SHOW FULL COLUMNS FROM `cmf_theme_file` [ RunTime:0.000465s ]
[2024-11-21T18:08:46+08:00][sql] SELECT `more` FROM `cmf_theme_file` WHERE  `theme` = 'default'  AND (  `is_public` = 1 OR `file` = '../appapi/auth/index' ) [ RunTime:0.000274s ]
[2024-11-21T22:05:11+08:00][sql] CONNECT:[ UseTime:0.000295s ] mysql:host=43.241.16.146;port=3306;dbname=zhibo;charset=utf8mb4
[2024-11-21T22:05:11+08:00][sql] SHOW FULL COLUMNS FROM `cmf_hook` [ RunTime:0.000614s ]
[2024-11-21T22:05:11+08:00][sql] SELECT `hook`,`id` FROM `cmf_hook` WHERE  (  (  `app` = '' OR `app` = 'cmf' )  AND `type` = 3 ) OR `type` = 1 [ RunTime:0.000400s ]
[2024-11-21T22:05:11+08:00][sql] SHOW FULL COLUMNS FROM `cmf_hook_plugin` [ RunTime:0.000513s ]
[2024-11-21T22:05:11+08:00][sql] SELECT `hook`,`plugin` FROM `cmf_hook_plugin` WHERE  `status` = 1  AND `hook` IN ('app_begin','module_init','action_begin','view_filter','app_end','log_write','response_end','admin_init','home_init','send_mobile_verification_code','body_start','before_head_end','footer_start','before_footer','before_footer_end','before_body_end','left_sidebar_start','before_left_sidebar_end','right_sidebar_start','before_right_sidebar_end','comment','guestbook','switch_theme','after_content','before_content','log_write_done','switch_admin_theme','captcha_image') ORDER BY `list_order` ASC [ RunTime:0.000484s ]
[2024-11-21T22:05:11+08:00][sql] SHOW FULL COLUMNS FROM `cmf_plugin` [ RunTime:0.000595s ]
[2024-11-21T22:05:11+08:00][sql] SELECT `config` FROM `cmf_plugin` WHERE  `name` = 'Qiniu' LIMIT 1 [ RunTime:0.000319s ]
[2024-11-21T22:05:11+08:00][sql] SHOW FULL COLUMNS FROM `cmf_user_auth` [ RunTime:0.000564s ]
[2024-11-21T22:05:11+08:00][sql] SELECT * FROM `cmf_user_auth` WHERE  `uid` = 3 LIMIT 1 [ RunTime:0.000334s ]
[2024-11-21T22:05:11+08:00][sql] SHOW FULL COLUMNS FROM `cmf_theme_file` [ RunTime:0.000557s ]
[2024-11-21T22:05:11+08:00][sql] SELECT `more` FROM `cmf_theme_file` WHERE  `theme` = 'default'  AND (  `is_public` = 1 OR `file` = '../appapi/auth/index' ) [ RunTime:0.000343s ]
